EV1		EV2	EV3
RLG_AatlCC7277As_Cereba_consensus-1_chr1A-003570_TSD	1.065	0.00129619146258168	0.0148719060808868
RLG_AatlCC7277As_Cereba_consensus-1_chr1A-019239_TSD	0.041	0.0191044816845345	-0.0269727604945438
RLG_AatlCC7277As_Cereba_consensus-1_chr1A-019267_TSD	0.296	0.0192162442704854	-0.0272317847286391
RLG_AatlCC7277As_Cereba_consensus-1_chr1A-021398_TSD	0.72	-0.000748037195411426	0.0110289810364498
RLG_AatlCC7277As_Cereba_consensus-1_chr1A-044294_TSD	0.938	0.00451287672056555	0.0111038489756399
RLG_AatlCC7277As_Cereba_consensus-1_chr1A-079302_TSD	0.267	0.0170232786798399	-0.0220492463118268
RLG_AatlCC7277As_Cereba_consensus-1_chr1A-181693_TSD	0.378	0.0112007940443436	0.00322229172340328
RLG_AatlCC7277As_Cereba_consensus-1_chr1A-183165_TSD	0.041	0.0184595418536915	-0.0265975514604314
RLG_AatlCC7277As_Cereba_consensus-1_chr1A-197462_TSD	1.675	0.00296969705932702	0.0115126843937039
RLG_AatlCC7277As_Cereba_consensus-1_chr1A-206375_TSD	0.041	0.018405960797546	-0.0264607281621191
RLG_AatlCC7277As_Cereba_consensus-1_chr1A-207634_TSD	0.848	0.00876829586076773	0.00549338425368504
RLG_AatlCC7277As_Cereba_consensus-1_chr1A-207892_TSD	0.761	0.0137257035299441	-0.00454326775064782
RLG_AatlCC7277As_Cereba_consensus-1_chr1A-210304_TSD	1.02	0.0100782273223703	0.0063463667654305
RLG_AatlCC7277As_Cereba_consensus-1_chr1A-212362_TSD	1.193	0.00508526251052592	0.0112530819159917
RLG_AatlCC7277As_Cereba_consensus-1_chr1A-217564_TSD	0	0.0188144818715674	-0.0276795439127876
RLG_AatlCC7277As_Cereba_consensus-1_chr1A-220753_TSD	0.978	0.0104260505557263	0.0037361113349062
RLG_AatlCC7277As_Cereba_consensus-1_chr1A-225605_TSD	0.041	0.0186278521538429	-0.0286225086803108
RLG_AatlCC7277As_Cereba_consensus-1_chr1A-225639_TSD	0	0.0187195346295098	-0.0277116206606885
RLG_AatlCC7277As_Cereba_consensus-1_chr1A-226274_TSD	0.125	0.0183312953971885	-0.0257732630333928
RLG_AatlCC7277As_Cereba_consensus-1_chr1A-227465_TSD	0.167	0.0170422053827144	-0.0222727506941828
RLG_AatlCC7277As_Cereba_consensus-1_chr1A-227756_TSD	0.083	0.0189940343598929	-0.0279434023008645
RLG_AatlCC7277As_Cereba_consensus-1_chr1A-228182_TSD	1.193	0.00382795524130746	0.010968194070854
RLG_AatlCC7277As_Cereba_consensus-1_chr1A-229636_TSD	0.209	0.0182186594873778	-0.0248443324172771
RLG_AatlCC7277As_Cereba_consensus-1_chr1A-230162_TSD	0.977	0.00303937018364279	0.0114873786389817
RLG_AatlCC7277As_Cereba_consensus-1_chr1A-230206_TSD	0.167	0.0179816535481854	-0.0265904314521828
RLG_AatlCC7277As_Cereba_consensus-1_chr1A-230338_TSD	0.847	0.00385688384953671	0.011964547478597
RLG_AatlCC7277As_Cereba_consensus-1_chr1A-230859_TSD	1.197	0.00942024693745253	0.00776260665255553
RLG_AatlCC7277As_Cereba_consensus-1_chr1A-231065_TSD	0	0.0189019752323378	-0.0265755883298839
RLG_AatlCC7277As_Cereba_consensus-1_chr1A-231083_TSD	1.764	0.0101010312122018	-0.0141144426535424
RLG_AatlCC7277As_Cereba_consensus-1_chr1A-231100_TSD	0	0.0189887496092908	-0.0273723006332863
RLG_AatlCC7277As_Cereba_consensus-1_chr1A-231319_TSD	0.251	0.0185350686524164	-0.0279452878036469
RLG_AatlCC7277As_Cereba_consensus-1_chr1A-231348_TSD	0.209	0.018537482654003	-0.0270137997686603
RLG_AatlCC7277As_Cereba_consensus-1_chr1A-231394_TSD	0.041	0.01774459949796	-0.023879776999246
RLG_AatlCC7277As_Cereba_consensus-1_chr1A-231488_TSD	1.021	0.00628724864058577	0.00836069937235437
RLG_AatlCC7277As_Cereba_consensus-1_chr1A-231501_TSD	0.083	0.018256471620571	-0.0236335803230439
RLG_AatlCC7277As_Cereba_consensus-1_chr1A-231513_TSD	1.456	0.00413559439769771	0.00804152873373535
RLG_AatlCC7277As_Cereba_consensus-1_chr1A-231532_TSD	0.041	0.0182166913859467	-0.0280282357828741
RLG_AatlCC7277As_Cereba_consensus-1_chr1A-231546_TSD	1.063	0.00859576477387167	0.00034656359223835
RLG_AatlCC7277As_Cereba_consensus-1_chr1A-231585_TSD	0.547	0.012905718279788	-0.00245832319255797
RLG_AatlCC7277As_Cereba_consensus-1_chr1A-231784_TSD	1.15	0.01116744146664	0.0032505458952611
RLG_AatlCC7277As_Cereba_consensus-1_chr1A-231846_TSD	0	0.0183819536538323	-0.0277377807653308
RLG_AatlCC7277As_Cereba_consensus-1_chr1A-231885_TSD	0.594	0.0117438167482524	0.00124941972544585
RLG_AatlCC7277As_Cereba_consensus-1_chr1A-231914_TSD	0	0.0186141784390722	-0.0244182372242119
RLG_AatlCC7277As_Cereba_consensus-1_chr1A-231943_TSD	0.083	0.0189271812538055	-0.0275406649470453
RLG_AatlCC7277As_Cereba_consensus-1_chr1A-231957_TSD	0.129	0.0179522600814473	-0.0241357987311182
RLG_AatlCC7277As_Cereba_consensus-1_chr1A-231984_TSD	0.591	0.0104622051615946	-0.000296630500507916
RLG_AatlCC7277As_Cereba_consensus-1_chr1A-232310_TSD	0.125	0.0188256584701865	-0.0267103449985732
RLG_AatlCC7277As_Cereba_consensus-1_chr1A-232343_TSD	1.172	0.00176384746806492	0.00916985392788106
RLG_AatlCC7277As_Cereba_consensus-1_chr1A-232646_TSD	0.125	0.0184253916101728	-0.0272606881721191
RLG_AatlCC7277As_Cereba_consensus-1_chr1A-232682_TSD	0.083	0.0177519104871074	-0.0231530474714718
RLG_AatlCC7277As_Cereba_consensus-1_chr1A-232731_TSD	0	0.0187773037723654	-0.0276362803430186
RLG_AatlCC7277As_Cereba_consensus-1_chr1A-232800_TSD	0.041	0.0183623997721083	-0.0259411935696506
RLG_AatlCC7277As_Cereba_consensus-1_chr1A-232823_TSD	0.125	0.0174705435459265	-0.0243478598430011
RLG_AatlCC7277As_Cereba_consensus-1_chr1A-232951_TSD	0	0.0188306249747749	-0.0263888870014628
RLG_AatlCC7277As_Cereba_consensus-1_chr1A-232974_TSD	0.041	0.0183350250636915	-0.0268401946324108
RLG_AatlCC7277As_Cereba_consensus-1_chr1A-233011_TSD	0.041	0.0175372522575158	-0.0274375458420068
RLG_AatlCC7277As_Cereba_consensus-1_chr1A-233053_TSD	0.083	0.0185380139436513	-0.0268630687582395
RLG_AatlCC7277As_Cereba_consensus-1_chr1A-233158_TSD	0.083	0.0184838896117583	-0.0277220181375853
RLG_AatlCC7277As_Cereba_consensus-1_chr1A-233187_TSD	0.125	0.0187988211229363	-0.0267982423563395
RLG_AatlCC7277As_Cereba_consensus-1_chr1A-233257_TSD	0.42	0.0188871017646952	-0.0276644728979885
RLG_AatlCC7277As_Cereba_consensus-1_chr1A-233378_TSD	0.294	0.0177781022436255	-0.0254764282732179
RLG_AatlCC7277As_Cereba_consensus-1_chr1A-233396_TSD	0.125	0.0173371865801574	-0.0218879005099861
RLG_AatlCC7277As_Cereba_consensus-1_chr1A-233435_TSD	0	0.0183722688850584	-0.0261357650967868
RLG_AatlCC7277As_Cereba_consensus-1_chr1A-233465_TSD	0.042	0.0180935629107059	-0.0279447400988607
RLG_AatlCC7277As_Cereba_consensus-1_chr1A-233544_TSD	0.21	0.0172431867270399	-0.0219800036938124
RLG_AatlCC7277As_Cereba_consensus-1_chr1A-233563_TSD	0	0.0177748520134956	-0.0259641042413202
RLG_AatlCC7277As_Cereba_consensus-1_chr1A-233705_TSD	0.591	0.0136847154996276	-0.00550405710739654
RLG_AatlCC7277As_Cereba_consensus-1_chr1A-233717_TSD	0.595	0.0180549865268789	-0.0261143191140275
RLG_AatlCC7277As_Cereba_consensus-1_chr1A-233736_TSD	0.423	0.0184719134528666	-0.0267136423251103
RLG_AatlCC7277As_Cereba_consensus-1_chr1A-233750_TSD	0.041	0.0182140354514026	-0.026648163064769
RLG_AatlCC7277As_Cereba_consensus-1_chr1A-233795_TSD	0	0.017599603513607	-0.0242747781566368
RLG_AatlCC7277As_Cereba_consensus-1_chr1A-233876_TSD	0.083	0.0185964041172552	-0.0253835452125788
RLG_AatlCC7277As_Cereba_consensus-1_chr1A-233915_TSD	0.167	0.0182593375917441	-0.0267152730144584
RLG_AatlCC7277As_Cereba_consensus-1_chr1A-234069_TSD	0.293	0.0182423012033505	-0.0208345361422199
RLG_AatlCC7277As_Cereba_consensus-1_chr1A-234102_TSD	0.125	0.0186522361632049	-0.0268581088915638
RLG_AatlCC7277As_Cereba_consensus-1_chr1A-234114_TSD	0.167	0.01812785720104	-0.0264057183529151
RLG_AatlCC7277As_Cereba_consensus-1_chr1A-234152_TSD	0.167	0.0183919315835391	-0.0266306325567
RLG_AatlCC7277As_Cereba_consensus-1_chr1A-234194_TSD	0.083	0.0187802732035743	-0.0286144407520699
RLG_AatlCC7277As_Cereba_consensus-1_chr1A-234238_TSD	1.065	0.0079223255149574	0.0124963589434565
RLG_AatlCC7277As_Cereba_consensus-1_chr1A-234245_TSD	1.107	0.00819988215806102	0.0114428516016634
RLG_AatlCC7277As_Cereba_consensus-1_chr1A-234384_TSD	0.083	0.0180988477466167	-0.0269447322816751
RLG_AatlCC7277As_Cereba_consensus-1_chr1A-234688_TSD	0.083	0.0181293902314055	-0.0246222692947516
RLG_AatlCC7277As_Cereba_consensus-1_chr1A-235336_TSD	0.59	0.00977671895701559	0.00418165167807973
RLG_AatlCC7277As_Cereba_consensus-1_chr1A-238980_TSD	0.083	0.0183015900281777	-0.0246962252526929
RLG_AatlCC7277As_Cereba_consensus-1_chr1A-243190_TSD	0.675	0.00764134807866296	0.00699410549300119
RLG_AatlCC7277As_Cereba_consensus-1_chr1A-245403_TSD	0.936	0.00355671411685546	0.00959452740469915
RLG_AatlCC7277As_Cereba_consensus-1_chr1A-248776_TSD	0.743	0.00902980684266233	0.00807473672835978
RLG_AatlCC7277As_Cereba_consensus-1_chr1A-258848_TSD	1.106	0.00682188246966498	0.00957368136632025
RLG_AatlCC7277As_Cereba_consensus-1_chr1A-260585_TSD	0.209	0.0155113820247936	-0.0128373705319701
RLG_AatlCC7277As_Cereba_consensus-1_chr1A-261987_TSD	0.935	0.0142966771215837	-0.00409075414919316
RLG_AatlCC7277As_Cereba_consensus-1_chr1A-292129_TSD	0.506	0.00777112432313508	0.00787262045824323
RLG_AatlCC7277As_Cereba_consensus-1_chr1A-303431_TSD	0.083	0.0189043920410526	-0.0268985682819572
RLG_AatlCC7277As_Cereba_consensus-1_chr1A-326285_TSD	1.152	0.00763401624603711	0.00925154308776733
RLG_AatlCC7277As_Cereba_consensus-1_chr1A-346563_TSD	0.505	0.012028682717144	-0.000290729184141125
RLG_AatlCC7277As_Cereba_consensus-1_chr1A-373219_TSD	0.083	0.0178894389558308	-0.0249385007210208
RLG_AatlCC7277As_Cereba_consensus-1_chr1A-374950_TSD	0.42	0.0133895217744753	-0.00406827685280569
RLG_AatlCC7277As_Cereba_consensus-1_chr1A-391585_TSD	0.083	0.0167879062181246	-0.0212120175722525
RLG_AatlCC7277As_Cereba_consensus-1_chr1A-407045_TSD	0.721	0.00572518555863253	0.0122179025221608
RLG_AatlCC7277As_Cereba_consensus-1_chr1A-526075_TSD	0.251	0.0182186776877985	-0.0264899895455927
RLG_AatlCC7277As_Cereba_consensus-1_chr1A-530235_TSD	0.251	0.0133848909714922	-0.00440304602282945
RLG_AatlCC7277As_Cereba_consensus-1_chr2A-003084_TSD	0.675	0.000451695902024036	0.0177164881550996
RLG_AatlCC7277As_Cereba_consensus-1_chr2A-025323_TSD	0.848	0.00392332238877799	0.0118608957595923
RLG_AatlCC7277As_Cereba_consensus-1_chr2A-061151_TSD	0.083	0.0178423312340076	-0.0264323061122933
RLG_AatlCC7277As_Cereba_consensus-1_chr2A-068146_TSD	0.806	0.00248992825315525	0.0122926693790253
RLG_AatlCC7277As_Cereba_consensus-1_chr2A-068643_TSD	0.737	0.000342250800859886	0.0172567242995442
RLG_AatlCC7277As_Cereba_consensus-1_chr2A-073209_TSD	1.337	0.00936101137375081	0.00729475640081831
RLG_AatlCC7277As_Cereba_consensus-1_chr2A-083297_TSD	0.804	0.00588392469259418	0.00847134311935095
RLG_AatlCC7277As_Cereba_consensus-1_chr2A-118572_TSD	0.604	0.00688213398669668	0.00928163770659014
RLG_AatlCC7277As_Cereba_consensus-1_chr2A-123039_TSD	0.293	0.0168166552804439	-0.0205027656745016
RLG_AatlCC7277As_Cereba_consensus-1_chr2A-151791_TSD	0.083	0.0184902800820485	-0.0231364686045044
RLG_AatlCC7277As_Cereba_consensus-1_chr2A-155908_TSD	1.148	0.00249906313550496	0.014305424578447
RLG_AatlCC7277As_Cereba_consensus-1_chr2A-169234_TSD	0.592	0.0136686580970749	-0.00413386350082389
RLG_AatlCC7277As_Cereba_consensus-1_chr2A-169243_TSD	0	0.0184796387658483	-0.0234487630012613
RLG_AatlCC7277As_Cereba_consensus-1_chr2A-180152_TSD	0.89	0.00178906038829685	0.0111092163527538
RLG_AatlCC7277As_Cereba_consensus-1_chr2A-187265_TSD	1.235	0.00407523335552371	0.0131706600700203
RLG_AatlCC7277As_Cereba_consensus-1_chr2A-191651_TSD	0.251	0.0161702536557209	-0.0164022772285243
RLG_AatlCC7277As_Cereba_consensus-1_chr2A-193280_TSD	1.456	0.00291214128512314	0.0122807951875527
RLG_AatlCC7277As_Cereba_consensus-1_chr2A-196737_TSD	0	0.018936828848264	-0.0243831999508386
RLG_AatlCC7277As_Cereba_consensus-1_chr2A-200037_TSD	0.252	0.0142049108076136	-0.00599468607781441
RLG_AatlCC7277As_Cereba_consensus-1_chr2A-201705_TSD	0.42	0.012836309888116	-0.00508982842162385
RLG_AatlCC7277As_Cereba_consensus-1_chr2A-201848_TSD	0.378	0.0115038065925094	-0.00355234114805355
RLG_AatlCC7277As_Cereba_consensus-1_chr2A-201973_TSD	0	0.0183962158329622	-0.0234127935994766
RLG_AatlCC7277As_Cereba_consensus-1_chr2A-202262_TSD	0.721	0.0155154670275825	-0.0175693205380902
RLG_AatlCC7277As_Cereba_consensus-1_chr2A-202285_TSD	0.764	0.0130334029000331	-0.00334945886212426
RLG_AatlCC7277As_Cereba_consensus-1_chr2A-202307_TSD	1.188	0.00117067396411015	0.0138209269747744
RLG_AatlCC7277As_Cereba_consensus-1_chr2A-202332_TSD	0.335	0.0116703482896638	-0.00155302410167571
RLG_AatlCC7277As_Cereba_consensus-1_chr2A-202395_TSD	0.251	0.0139907938184491	-0.004109491317642
RLG_AatlCC7277As_Cereba_consensus-1_chr2A-202416_TSD	0	0.0186342839026405	-0.026758971724371
RLG_AatlCC7277As_Cereba_consensus-1_chr2A-202449_TSD	1.284	0.0072746786149649	0.00853073697925395
RLG_AatlCC7277As_Cereba_consensus-1_chr2A-202591_TSD	0.041	0.0180477401231354	-0.025336394936152
RLG_AatlCC7277As_Cereba_consensus-1_chr2A-202729_TSD	0.336	0.0171624054148932	-0.021125564644142
RLG_AatlCC7277As_Cereba_consensus-1_chr2A-202848_TSD	1.513	0.0103927101409355	0.00283372469323198
RLG_AatlCC7277As_Cereba_consensus-1_chr2A-202866_TSD	0.125	0.0180519985488738	-0.0247099098372808
RLG_AatlCC7277As_Cereba_consensus-1_chr2A-202899_TSD	0.701	0.0140131588375211	-0.00533371333470455
RLG_AatlCC7277As_Cereba_consensus-1_chr2A-202966_TSD	0.293	0.0163776603934252	-0.0135724487686999
RLG_AatlCC7277As_Cereba_consensus-1_chr2A-202991_TSD	0.293	0.0167574106584537	-0.0205195618918171
RLG_AatlCC7277As_Cereba_consensus-1_chr2A-203062_TSD	0.547	0.0128918384307618	-0.00145316033742709
RLG_AatlCC7277As_Cereba_consensus-1_chr2A-203104_TSD	0.041	0.0183018613448586	-0.0271866943201099
RLG_AatlCC7277As_Cereba_consensus-1_chr2A-203137_TSD	0.041	0.0176649829720887	-0.0209904146195723
RLG_AatlCC7277As_Cereba_consensus-1_chr2A-203180_TSD	1.237	0.010691094018271	0.00196364326545773
RLG_AatlCC7277As_Cereba_consensus-1_chr2A-203218_TSD	0	0.0186830399586046	-0.0277504979930328
RLG_AatlCC7277As_Cereba_consensus-1_chr2A-203327_TSD	0.125	0.0187972909664313	-0.0256879459814561
RLG_AatlCC7277As_Cereba_consensus-1_chr2A-203355_TSD	0.212	0.0189422155142719	-0.0263352631913379
RLG_AatlCC7277As_Cereba_consensus-1_chr2A-203408_TSD	0.041	0.0187891968232749	-0.027993868348047
RLG_AatlCC7277As_Cereba_consensus-1_chr2A-203482_TSD	0.041	0.018193938123375	-0.0279190867754583
RLG_AatlCC7277As_Cereba_consensus-1_chr2A-203515_TSD	0.462	0.013687999088116	-0.00571133832362367
RLG_AatlCC7277As_Cereba_consensus-1_chr2A-203657_TSD	0.083	0.0189226678371181	-0.0268791253137614
RLG_AatlCC7277As_Cereba_consensus-1_chr2A-203723_TSD	0.041	0.0168491111687612	-0.014300005074984
RLG_AatlCC7277As_Cereba_consensus-1_chr2A-203840_TSD	0.335	0.018207727284989	-0.0238613118171595
RLG_AatlCC7277As_Cereba_consensus-1_chr2A-203922_TSD	0.083	0.0182578471118381	-0.0260117810258546
RLG_AatlCC7277As_Cereba_consensus-1_chr2A-203931_TSD	0.083	0.018462867754864	-0.0258775967217686
RLG_AatlCC7277As_Cereba_consensus-1_chr2A-203950_TSD	0.041	0.0182527357042992	-0.0260238922215543
RLG_AatlCC7277As_Cereba_consensus-1_chr2A-203964_TSD	0.505	0.0131494494446389	-0.00256547790009879
RLG_AatlCC7277As_Cereba_consensus-1_chr2A-203978_TSD	0	0.0185543152785773	-0.0272007143706319
RLG_AatlCC7277As_Cereba_consensus-1_chr2A-204076_TSD	0.421	0.0139215338646271	-0.00327324425707832
RLG_AatlCC7277As_Cereba_consensus-1_chr2A-204170_TSD	0.125	0.0188450197833098	-0.0289314843217359
RLG_AatlCC7277As_Cereba_consensus-1_chr2A-204264_TSD	0.293	0.0180449082143517	-0.024039513056129
RLG_AatlCC7277As_Cereba_consensus-1_chr2A-204318_TSD	0.041	0.0183958478056742	-0.0267706865604409
RLG_AatlCC7277As_Cereba_consensus-1_chr2A-204358_TSD	0.13	0.0180464491946705	-0.0262200829916137
RLG_AatlCC7277As_Cereba_consensus-1_chr2A-204396_TSD	0.125	0.0177278730313926	-0.0228741537909094
RLG_AatlCC7277As_Cereba_consensus-1_chr2A-204442_TSD	0.378	0.0142160983594275	-0.00654518381548017
RLG_AatlCC7277As_Cereba_consensus-1_chr2A-204482_TSD	0.463	0.0140882528298701	-0.00441495438428125
RLG_AatlCC7277As_Cereba_consensus-1_chr2A-204616_TSD	0.547	0.0131326957892071	-0.00359547348603433
RLG_AatlCC7277As_Cereba_consensus-1_chr2A-204643_TSD	0.549	0.0138269641544826	-0.00319753804451253
RLG_AatlCC7277As_Cereba_consensus-1_chr2A-204765_TSD	0.378	0.0131938205045049	-0.00383613467626681
RLG_AatlCC7277As_Cereba_consensus-1_chr2A-204775_TSD	0.293	0.0185746434463692	-0.0241111494894145
RLG_AatlCC7277As_Cereba_consensus-1_chr2A-204884_TSD	0.65	0.00725719216930653	0.00798578234497315
RLG_AatlCC7277As_Cereba_consensus-1_chr2A-204927_TSD	0	0.0191123889760499	-0.0284796073512027
RLG_AatlCC7277As_Cereba_consensus-1_chr2A-204990_TSD	0.293	0.018401621239407	-0.0249666744311774
RLG_AatlCC7277As_Cereba_consensus-1_chr2A-205040_TSD	0	0.0182234195190053	-0.0258341802622046
RLG_AatlCC7277As_Cereba_consensus-1_chr2A-205114_TSD	0.13	0.0177434069752035	-0.0242492668145789
RLG_AatlCC7277As_Cereba_consensus-1_chr2A-205149_TSD	0.209	0.0178798452278207	-0.0259384378372451
RLG_AatlCC7277As_Cereba_consensus-1_chr2A-205257_TSD	0.041	0.0189758824317352	-0.0283019079057103
RLG_AatlCC7277As_Cereba_consensus-1_chr2A-205350_TSD	0.083	0.018604496740148	-0.0271006419779576
RLG_AatlCC7277As_Cereba_consensus-1_chr2A-205448_TSD	0.336	0.0136367493275797	-0.00413557247864359
RLG_AatlCC7277As_Cereba_consensus-1_chr2A-205505_TSD	0.251	0.018226708788612	-0.0250461781478195
RLG_AatlCC7277As_Cereba_consensus-1_chr2A-205521_TSD	0.251	0.0176611750415378	-0.0259812724701155
RLG_AatlCC7277As_Cereba_consensus-1_chr2A-205636_TSD	0.083	0.0188285830165471	-0.0262463886385936
RLG_AatlCC7277As_Cereba_consensus-1_chr2A-205652_TSD	0.462	0.0133050090391154	-0.00576275995370893
RLG_AatlCC7277As_Cereba_consensus-1_chr2A-205729_TSD	0.42	0.0172038753292436	-0.0206536464861946
RLG_AatlCC7277As_Cereba_consensus-1_chr2A-205749_TSD	0	0.0187138177964563	-0.0276800318584919
RLG_AatlCC7277As_Cereba_consensus-1_chr2A-205768_TSD	0.167	0.0185125507958536	-0.0275868252392637
RLG_AatlCC7277As_Cereba_consensus-1_chr2A-205850_TSD	0.209	0.0177367882162921	-0.0238476372123817
RLG_AatlCC7277As_Cereba_consensus-1_chr2A-205961_TSD	0.167	0.0185761977242432	-0.0273287359852505
RLG_AatlCC7277As_Cereba_consensus-1_chr2A-205990_TSD	0.634	0.0151859183461409	-0.0178565506900675
RLG_AatlCC7277As_Cereba_consensus-1_chr2A-206068_TSD	1.151	0.0125319254020337	-0.000939021488416235
RLG_AatlCC7277As_Cereba_consensus-1_chr2A-206190_TSD	0.72	0.0120410882359415	-0.0035828108692248
RLG_AatlCC7277As_Cereba_consensus-1_chr2A-206215_TSD	0	0.0182530429300891	-0.027691342183575
RLG_AatlCC7277As_Cereba_consensus-1_chr2A-206268_TSD	1.477	0.0128827586232424	-0.00678341915965433
RLG_AatlCC7277As_Cereba_consensus-1_chr2A-206288_TSD	1.731	0.00642963391059695	0.0123238391336872
RLG_AatlCC7277As_Cereba_consensus-1_chr2A-206402_TSD	0.89	0.0049143785991762	0.0118923402128894
RLG_AatlCC7277As_Cereba_consensus-1_chr2A-206733_TSD	0.633	0.00764495594110476	0.0103394484121838
RLG_AatlCC7277As_Cereba_consensus-1_chr2A-206791_TSD	0.293	0.0168356699887078	-0.0188128483149713
RLG_AatlCC7277As_Cereba_consensus-1_chr2A-206865_TSD	1.061	0.00136161549414399	0.0122872960281799
RLG_AatlCC7277As_Cereba_consensus-1_chr2A-207008_TSD	1.02	0.00842722863911097	0.0115562890697542
RLG_AatlCC7277As_Cereba_consensus-1_chr2A-207468_TSD	1.285	0.00743607633881395	0.00371014455705507
RLG_AatlCC7277As_Cereba_consensus-1_chr2A-207668_TSD	0.293	0.0159453366370141	-0.0217042588299571
RLG_AatlCC7277As_Cereba_consensus-1_chr2A-208169_TSD	0.976	-7.58042534731578e-05	0.0124734932427606
RLG_AatlCC7277As_Cereba_consensus-1_chr2A-208265_TSD	0.251	0.0175973148322114	-0.022907722981335
RLG_AatlCC7277As_Cereba_consensus-1_chr2A-208430_TSD	1.765	0.0042762322189546	0.0084612620617027
RLG_AatlCC7277As_Cereba_consensus-1_chr2A-209011_TSD	0.937	-0.000717293244758488	0.01279004671188
RLG_AatlCC7277As_Cereba_consensus-1_chr2A-210446_TSD	0	0.0187804286586035	-0.0243001830824831
RLG_AatlCC7277As_Cereba_consensus-1_chr2A-211178_TSD	1.064	0.000816451337744926	0.0145704008351003
RLG_AatlCC7277As_Cereba_consensus-1_chr2A-211272_TSD	0.041	0.018713979061405	-0.0279746038156982
RLG_AatlCC7277As_Cereba_consensus-1_chr2A-211375_TSD	0.898	0.00200834191379684	0.0151778008221634
RLG_AatlCC7277As_Cereba_consensus-1_chr2A-212601_TSD	1.326	0.00129187848152515	0.0112845050853524
RLG_AatlCC7277As_Cereba_consensus-1_chr2A-234481_TSD	0.125	0.0180827212697769	-0.0275952495063567
RLG_AatlCC7277As_Cereba_consensus-1_chr2A-234953_TSD	1.604	0.000946996883115657	0.01671195153521
RLG_AatlCC7277As_Cereba_consensus-1_chr2A-257393_TSD	0.42	0.00567255313215697	0.00953903792375937
RLG_AatlCC7277As_Cereba_consensus-1_chr2A-261731_TSD	0.041	0.0190516902000151	-0.0274338514751383
RLG_AatlCC7277As_Cereba_consensus-1_chr2A-272893_TSD	0.167	0.0183182780517826	-0.027127351643468
RLG_AatlCC7277As_Cereba_consensus-1_chr2A-300359_TSD	0.677	0.00417282534662822	0.0106626198682158
RLG_AatlCC7277As_Cereba_consensus-1_chr2A-323913_TSD	0.209	0.0125426835104039	-0.00542206542527677
RLG_AatlCC7277As_Cereba_consensus-1_chr2A-333541_TSD	0.125	0.0179600336647485	-0.0268422179477168
RLG_AatlCC7277As_Cereba_consensus-1_chr2A-348222_TSD	0.251	0.01629433255915	-0.0143726082941386
RLG_AatlCC7277As_Cereba_consensus-1_chr2A-451081_TSD	0.335	0.0137418328480093	-0.0111297925621314
RLG_AatlCC7277As_Cereba_consensus-1_chr2A-456467_TSD	0.463	0.0106818603471124	0.000657508182484416
RLG_AatlCC7277As_Cereba_consensus-1_chr2A-468559_TSD	0.167	0.0183106676245589	-0.0257175151970104
RLG_AatlCC7277As_Cereba_consensus-1_chr3A-018777_TSD	0.465	0.0121073387534864	-0.00166609710154353
RLG_AatlCC7277As_Cereba_consensus-1_chr3A-080186_TSD	0.335	0.0136917823180347	-0.00394317538885603
RLG_AatlCC7277As_Cereba_consensus-1_chr3A-124032_TSD	0.209	0.0162927538259877	-0.0187862959808345
RLG_AatlCC7277As_Cereba_consensus-1_chr3A-130641_TSD	0.293	0.0173312850185749	-0.0227579272388263
RLG_AatlCC7277As_Cereba_consensus-1_chr3A-222556_TSD	0.167	0.0144040550865788	-0.00466710466196537
RLG_AatlCC7277As_Cereba_consensus-1_chr3A-228175_TSD	0.167	0.0164035670472699	-0.0145045139479851
RLG_AatlCC7277As_Cereba_consensus-1_chr3A-228608_TSD	0.167	0.0127268592288389	-0.00287545362619642
RLG_AatlCC7277As_Cereba_consensus-1_chr3A-238732_TSD	0.462	0.0171915155709756	-0.020644939863296
RLG_AatlCC7277As_Cereba_consensus-1_chr3A-240476_TSD	0.847	0.00997266786584114	0.00706205251520237
RLG_AatlCC7277As_Cereba_consensus-1_chr3A-248058_TSD	1.594	0.00274701020269742	0.00874659658782019
RLG_AatlCC7277As_Cereba_consensus-1_chr3A-251292_TSD	0.804	0.00484017504451507	0.0116816075100037
RLG_AatlCC7277As_Cereba_consensus-1_chr3A-252550_TSD	0	0.0187761556253389	-0.0261524474395982
RLG_AatlCC7277As_Cereba_consensus-1_chr3A-254074_TSD	0.773	0.00229926838246474	0.0118165119112495
RLG_AatlCC7277As_Cereba_consensus-1_chr3A-254560_TSD	0.847	0.00611921346344713	0.00917019100024843
RLG_AatlCC7277As_Cereba_consensus-1_chr3A-255286_TSD	0.251	0.0101857902152978	0.00700480677190973
RLG_AatlCC7277As_Cereba_consensus-1_chr3A-255731_TSD	0.632	-0.00121596168301225	0.0132796214881298
RLG_AatlCC7277As_Cereba_consensus-1_chr3A-256178_TSD	1.813	0.00298729015940473	0.0129230206637937
RLG_AatlCC7277As_Cereba_consensus-1_chr3A-257192_TSD	1.365	0.00304272394227573	0.0100224641541344
RLG_AatlCC7277As_Cereba_consensus-1_chr3A-257207_TSD	0.976	0.00523276187205894	0.0145369335136886
RLG_AatlCC7277As_Cereba_consensus-1_chr3A-257298_TSD	0.936	0.00642715348975552	0.00895348229111992
RLG_AatlCC7277As_Cereba_consensus-1_chr3A-257336_TSD	1.156	0.00048292959840121	0.0166197575650363
RLG_AatlCC7277As_Cereba_consensus-1_chr3A-257420_TSD	0.21	0.0187494203886031	-0.0275505324170459
RLG_AatlCC7277As_Cereba_consensus-1_chr3A-257611_TSD	0.336	0.0177361754649598	-0.0239564392546309
RLG_AatlCC7277As_Cereba_consensus-1_chr3A-257729_TSD	0.339	0.0168953909628006	-0.020553156881536
RLG_AatlCC7277As_Cereba_consensus-1_chr3A-257824_TSD	1.453	0.00602299838981422	0.0102978549531413
RLG_AatlCC7277As_Cereba_consensus-1_chr3A-257919_TSD	0.251	0.0186750246054145	-0.0271502046444639
RLG_AatlCC7277As_Cereba_consensus-1_chr3A-258153_TSD	1.413	0.00648855548390529	0.0118323415079523
RLG_AatlCC7277As_Cereba_consensus-1_chr3A-258266_TSD	1.175	0.00602937516922209	0.0120168220553356
RLG_AatlCC7277As_Cereba_consensus-1_chr3A-258305_TSD	0.083	0.0191214572947039	-0.0259945999135217
RLG_AatlCC7277As_Cereba_consensus-1_chr3A-258448_TSD	1.455	0.00692499354982117	0.00482050443573234
RLG_AatlCC7277As_Cereba_consensus-1_chr3A-258531_TSD	0.209	0.0186654098361774	-0.0275725832859245
RLG_AatlCC7277As_Cereba_consensus-1_chr3A-258577_TSD	0.209	0.0166904466126351	-0.0152330358663721
RLG_AatlCC7277As_Cereba_consensus-1_chr3A-258693_TSD	0.51	0.0178810387730361	-0.024874869608945
RLG_AatlCC7277As_Cereba_consensus-1_chr3A-258706_TSD	0.211	0.0159313246871003	-0.0146244665739274
RLG_AatlCC7277As_Cereba_consensus-1_chr3A-258718_TSD	0.86	0.015344932023942	-0.0133280874254274
RLG_AatlCC7277As_Cereba_consensus-1_chr3A-258735_TSD	0.339	0.0174601221656805	-0.0224444032625807
RLG_AatlCC7277As_Cereba_consensus-1_chr3A-258793_TSD	0.729	0.0159433406937767	-0.0184762837624824
RLG_AatlCC7277As_Cereba_consensus-1_chr3A-258968_TSD	0.167	0.0184409962034568	-0.026904002897687
RLG_AatlCC7277As_Cereba_consensus-1_chr3A-259004_TSD	0.041	0.0188394593319032	-0.0286345888135641
RLG_AatlCC7277As_Cereba_consensus-1_chr3A-259068_TSD	0.56	0.00435127840287682	0.0113103808965001
RLG_AatlCC7277As_Cereba_consensus-1_chr3A-259168_TSD	0.167	0.017885556385005	-0.02339775014832
RLG_AatlCC7277As_Cereba_consensus-1_chr3A-259200_TSD	0.167	0.017692921096889	-0.0214067720790313
RLG_AatlCC7277As_Cereba_consensus-1_chr3A-259212_TSD	1.15	0.00570718942123971	0.0140886899803436
RLG_AatlCC7277As_Cereba_consensus-1_chr3A-259348_TSD	0.041	0.0186201629856799	-0.0288124207032668
RLG_AatlCC7277As_Cereba_consensus-1_chr3A-259509_TSD	0	0.0184003411704784	-0.0273499404247624
RLG_AatlCC7277As_Cereba_consensus-1_chr3A-259536_TSD	0	0.0189923935663887	-0.027393800496028
RLG_AatlCC7277As_Cereba_consensus-1_chr3A-259715_TSD	0.167	0.0181765824658927	-0.0270544802532654
RLG_AatlCC7277As_Cereba_consensus-1_chr3A-259787_TSD	0	0.0182558778108645	-0.0266678070330209
RLG_AatlCC7277As_Cereba_consensus-1_chr3A-259812_TSD	0	0.0185403397708886	-0.0272308837833006
RLG_AatlCC7277As_Cereba_consensus-1_chr3A-259835_TSD	1.149	0.00523251894452603	0.0107989181511527
RLG_AatlCC7277As_Cereba_consensus-1_chr3A-260022_TSD	0.334	0.0172059025349557	-0.0199287504229011
RLG_AatlCC7277As_Cereba_consensus-1_chr3A-260164_TSD	0	0.0183693927222947	-0.0248282951708524
RLG_AatlCC7277As_Cereba_consensus-1_chr3A-260224_TSD	0.944	0.00172013318464934	0.014566867313369
RLG_AatlCC7277As_Cereba_consensus-1_chr3A-260256_TSD	0.944	0.00172013318464934	0.014566867313369
RLG_AatlCC7277As_Cereba_consensus-1_chr3A-260356_TSD	0	0.0183631548325059	-0.0279686153170121
RLG_AatlCC7277As_Cereba_consensus-1_chr3A-260494_TSD	0	0.0184180680682998	-0.0267433214968143
RLG_AatlCC7277As_Cereba_consensus-1_chr3A-260518_TSD	1.243	0.00673883988243136	0.0107768618140554
RLG_AatlCC7277As_Cereba_consensus-1_chr3A-260575_TSD	0.338	0.0169648702741328	-0.0220147159042517
RLG_AatlCC7277As_Cereba_consensus-1_chr3A-260634_TSD	0.857	0.0168332524302195	-0.0194803297336038
RLG_AatlCC7277As_Cereba_consensus-1_chr3A-260657_TSD	1.413	0.0039658180198908	0.0127730016608196
RLG_AatlCC7277As_Cereba_consensus-1_chr3A-260765_TSD	0.041	0.0188715415847512	-0.0275374761196563
RLG_AatlCC7277As_Cereba_consensus-1_chr3A-260781_TSD	0.915	0.0179577865487747	-0.0270464536615431
RLG_AatlCC7277As_Cereba_consensus-1_chr3A-260794_TSD	0.686	0.0176954532784507	-0.0260330956120733
RLG_AatlCC7277As_Cereba_consensus-1_chr3A-260822_TSD	1.323	0.00599125576814218	0.0111142861687985
RLG_AatlCC7277As_Cereba_consensus-1_chr3A-260933_TSD	0.592	0.0158108233767277	-0.0201537454297583
RLG_AatlCC7277As_Cereba_consensus-1_chr3A-261012_TSD	0.167	0.0178317507274563	-0.0241594184846622
RLG_AatlCC7277As_Cereba_consensus-1_chr3A-261023_TSD	0.125	0.018544706716754	-0.0243242912366459
RLG_AatlCC7277As_Cereba_consensus-1_chr3A-261042_TSD	0.426	0.0173475350271114	-0.0237574723344025
RLG_AatlCC7277As_Cereba_consensus-1_chr3A-261179_TSD	0.632	0.009547413182432	0.00548230754680994
RLG_AatlCC7277As_Cereba_consensus-1_chr3A-261222_TSD	0.083	0.0186255082429056	-0.0277719617367909
RLG_AatlCC7277As_Cereba_consensus-1_chr3A-261378_TSD	0.42	0.0184621449036397	-0.0251047311148289
RLG_AatlCC7277As_Cereba_consensus-1_chr3A-261459_TSD	0.335	0.0172406819003688	-0.0204524394051005
RLG_AatlCC7277As_Cereba_consensus-1_chr3A-261513_TSD	0.041	0.0185478697815534	-0.0262312117012247
RLG_AatlCC7277As_Cereba_consensus-1_chr3A-261598_TSD	0.041	0.0187500171224885	-0.0271170172609206
RLG_AatlCC7277As_Cereba_consensus-1_chr3A-261615_TSD	0.167	0.016464373886712	-0.018178992261253
RLG_AatlCC7277As_Cereba_consensus-1_chr3A-261701_TSD	1.149	0.00727436131977067	0.0106691333016628
RLG_AatlCC7277As_Cereba_consensus-1_chr3A-261720_TSD	0.378	0.0167230179560748	-0.0200204647119362
RLG_AatlCC7277As_Cereba_consensus-1_chr3A-261784_TSD	0.125	0.0179921322973424	-0.0227639551937366
RLG_AatlCC7277As_Cereba_consensus-1_chr3A-261995_TSD	0	0.0189336689891106	-0.0280527062814406
RLG_AatlCC7277As_Cereba_consensus-1_chr3A-262102_TSD	0.125	0.0187495854893235	-0.0263498082123133
RLG_AatlCC7277As_Cereba_consensus-1_chr3A-262118_TSD	1.543	0.00831559650818915	0.00371200994094144
RLG_AatlCC7277As_Cereba_consensus-1_chr3A-262163_TSD	0.041	0.0186705837234943	-0.0282390565451696
RLG_AatlCC7277As_Cereba_consensus-1_chr3A-262246_TSD	0.167	0.0177977579617862	-0.0243154344697771
RLG_AatlCC7277As_Cereba_consensus-1_chr3A-262297_TSD	0.761	-0.000166782501986245	0.014958314474201
RLG_AatlCC7277As_Cereba_consensus-1_chr3A-262352_TSD	0	0.0188289456037512	-0.027857396467685
RLG_AatlCC7277As_Cereba_consensus-1_chr3A-262431_TSD	0.167	0.0174674737683891	-0.0237368384015429
RLG_AatlCC7277As_Cereba_consensus-1_chr3A-262483_TSD	0.083	0.0180359588956023	-0.025329702452216
RLG_AatlCC7277As_Cereba_consensus-1_chr3A-262490_TSD	0.041	0.0169431354073838	-0.0226901609450926
RLG_AatlCC7277As_Cereba_consensus-1_chr3A-262500_TSD	0.041	0.0183857719337951	-0.0252468532333713
RLG_AatlCC7277As_Cereba_consensus-1_chr3A-262507_TSD	0.083	0.0169623925192691	-0.0226388677280704
RLG_AatlCC7277As_Cereba_consensus-1_chr3A-262525_TSD	1.201	0.00150467759615751	0.0146385314828084
RLG_AatlCC7277As_Cereba_consensus-1_chr3A-262568_TSD	0.422	0.0182151114585761	-0.0247964304637976
RLG_AatlCC7277As_Cereba_consensus-1_chr3A-262635_TSD	0.083	0.0182516075119051	-0.0263842420307225
RLG_AatlCC7277As_Cereba_consensus-1_chr3A-262692_TSD	0.209	0.0184168222050762	-0.0266652749685476
RLG_AatlCC7277As_Cereba_consensus-1_chr3A-262708_TSD	0.251	0.016628651986975	-0.0137877349374541
RLG_AatlCC7277As_Cereba_consensus-1_chr3A-262818_TSD	0.293	0.0163246603266686	-0.0192820088781058
RLG_AatlCC7277As_Cereba_consensus-1_chr3A-262833_TSD	0.083	0.0164138835767443	-0.0133483497392862
RLG_AatlCC7277As_Cereba_consensus-1_chr3A-262870_TSD	0.377	0.0166390656840559	-0.0138943181879306
RLG_AatlCC7277As_Cereba_consensus-1_chr3A-262881_TSD	0.125	0.0183335623790114	-0.0242053930150612
RLG_AatlCC7277As_Cereba_consensus-1_chr3A-263036_TSD	0.083	0.0183346923367843	-0.0279353056747273
RLG_AatlCC7277As_Cereba_consensus-1_chr3A-263067_TSD	1.24	0.00669380410714867	0.00878171193572709
RLG_AatlCC7277As_Cereba_consensus-1_chr3A-263130_TSD	0.718	0.00564667318311911	0.0120463752965975
RLG_AatlCC7277As_Cereba_consensus-1_chr3A-263292_TSD	0	0.0185350561336351	-0.0269625419863824
RLG_AatlCC7277As_Cereba_consensus-1_chr3A-263305_TSD	0.345	0.0173397023510076	-0.0229004083956701
RLG_AatlCC7277As_Cereba_consensus-1_chr3A-264035_TSD	0.761	0.0064140688851903	0.0114066247758292
RLG_AatlCC7277As_Cereba_consensus-1_chr3A-267024_TSD	0.041	0.018164570830322	-0.0268887173592201
RLG_AatlCC7277As_Cereba_consensus-1_chr3A-267396_TSD	0.212	0.0185150716298609	-0.0268786979587175
RLG_AatlCC7277As_Cereba_consensus-1_chr3A-267771_TSD	1.019	0.00637819542540885	0.0104695937301373
RLG_AatlCC7277As_Cereba_consensus-1_chr3A-270643_TSD	0.59	0.00125186528676816	0.0162348876217284
RLG_AatlCC7277As_Cereba_consensus-1_chr3A-271206_TSD	0.505	0.0130837391700972	-0.0027267343913475
RLG_AatlCC7277As_Cereba_consensus-1_chr3A-272149_TSD	0.59	0.0129087359251209	-0.00263937138176981
RLG_AatlCC7277As_Cereba_consensus-1_chr3A-272600_TSD	0.889	0.00134601023631289	0.0164448896740989
RLG_AatlCC7277As_Cereba_consensus-1_chr3A-276170_TSD	1.197	0.00803429924537263	0.00932306730779256
RLG_AatlCC7277As_Cereba_consensus-1_chr3A-279725_TSD	1.504	-0.000341294501084208	0.0172610609170003
RLG_AatlCC7277As_Cereba_consensus-1_chr3A-307777_TSD	0.167	0.0185342516380004	-0.025667955632715
RLG_AatlCC7277As_Cereba_consensus-1_chr3A-349023_TSD	0.041	0.018685806015308	-0.0243384328740577
RLG_AatlCC7277As_Cereba_consensus-1_chr3A-359628_TSD	0.42	0.014509111928005	-0.0169140163307967
RLG_AatlCC7277As_Cereba_consensus-1_chr3A-359637_TSD	0.167	0.0186940692701687	-0.0280199208421114
RLG_AatlCC7277As_Cereba_consensus-1_chr3A-379397_TSD	0.293	0.0166515559262968	-0.0151034885630963
RLG_AatlCC7277As_Cereba_consensus-1_chr3A-385575_TSD	0	0.0181646282221877	-0.0269221636663689
RLG_AatlCC7277As_Cereba_consensus-1_chr3A-432009_TSD	0.978	0.00455183527482573	0.010476130605851
RLG_AatlCC7277As_Cereba_consensus-1_chr3A-460776_TSD	1.644	-0.000509672279582587	0.0195094773524562
RLG_AatlCC7277As_Cereba_consensus-1_chr3A-477613_TSD	0.978	0.00569067103137056	0.010355999201511
RLG_AatlCC7277As_Cereba_consensus-1_chr3A-482035_TSD	0.209	0.0181167097908397	-0.0247835414819608
RLG_AatlCC7277As_Cereba_consensus-1_chr3A-494064_TSD	0	0.0181313617751587	-0.0262860038098224
RLG_AatlCC7277As_Cereba_consensus-1_chr3A-504516_TSD	0	0.0186292169322819	-0.0283713719713877
RLG_AatlCC7277As_Cereba_consensus-1_chr4A-061104_TSD	0.98	0.0103029675429612	0.0037931882466569
RLG_AatlCC7277As_Cereba_consensus-1_chr4A-115010_TSD	1.019	0.00573541944015728	0.0115926604881422
RLG_AatlCC7277As_Cereba_consensus-1_chr4A-116637_TSD	0.965	0.000855460859797145	0.0165320320880101
RLG_AatlCC7277As_Cereba_consensus-1_chr4A-137153_TSD	1.064	0.00507948241072287	0.01029037836028
RLG_AatlCC7277As_Cereba_consensus-1_chr4A-138741_TSD	0.463	0.0122533785691117	-0.00344721377847679
RLG_AatlCC7277As_Cereba_consensus-1_chr4A-159459_TSD	0.167	0.0185924748974567	-0.0272136581109626
RLG_AatlCC7277As_Cereba_consensus-1_chr4A-169963_TSD	0.335	0.0176038715254782	-0.0221365506887835
RLG_AatlCC7277As_Cereba_consensus-1_chr4A-172726_TSD	1.02	0.00216501163269899	0.0117360708861959
RLG_AatlCC7277As_Cereba_consensus-1_chr4A-177961_TSD	0.549	0.00599527803206636	0.0107938712786375
RLG_AatlCC7277As_Cereba_consensus-1_chr4A-184498_TSD	0	0.0185947381340354	-0.0260695042206774
RLG_AatlCC7277As_Cereba_consensus-1_chr4A-184894_TSD	1.019	0.0081028109331677	0.00919069476967387
RLG_AatlCC7277As_Cereba_consensus-1_chr4A-186039_TSD	0.041	0.0186131826177922	-0.0274388213632241
RLG_AatlCC7277As_Cereba_consensus-1_chr4A-189362_TSD	1.237	0.00215291556539946	0.012250467106068
RLG_AatlCC7277As_Cereba_consensus-1_chr4A-189554_TSD	0.041	0.0179120635230081	-0.0257193073940565
RLG_AatlCC7277As_Cereba_consensus-1_chr4A-190021_TSD	0.848	0.00500132465945054	0.0101021060786004
RLG_AatlCC7277As_Cereba_consensus-1_chr4A-193661_TSD	0.041	0.0187043206830252	-0.027735400014034
RLG_AatlCC7277As_Cereba_consensus-1_chr4A-194327_TSD	0.083	0.0177601026221521	-0.0252855022517112
RLG_AatlCC7277As_Cereba_consensus-1_chr4A-194949_TSD	0.335	0.0140280855481508	-0.0124013882637993
RLG_AatlCC7277As_Cereba_consensus-1_chr4A-196560_TSD	0	0.0180892576233183	-0.0271464661853323
RLG_AatlCC7277As_Cereba_consensus-1_chr4A-198162_TSD	1.651	0.000758354728889528	0.0148385678403452
RLG_AatlCC7277As_Cereba_consensus-1_chr4A-198722_TSD	0.125	0.017912085743119	-0.025501869282224
RLG_AatlCC7277As_Cereba_consensus-1_chr4A-198757_TSD	1.021	0.000692543979271667	0.0144541496155113
RLG_AatlCC7277As_Cereba_consensus-1_chr4A-198826_TSD	0	0.0186794317680554	-0.0274184375601378
RLG_AatlCC7277As_Cereba_consensus-1_chr4A-198876_TSD	1.077	0.00236494594015361	0.011601542121688
RLG_AatlCC7277As_Cereba_consensus-1_chr4A-198920_TSD	0	0.0185120820581784	-0.0278407824930814
RLG_AatlCC7277As_Cereba_consensus-1_chr4A-198988_TSD	0.891	0.0021309473786865	0.0171491604266333
RLG_AatlCC7277As_Cereba_consensus-1_chr4A-199063_TSD	0.125	0.0185373421246875	-0.0283746577397453
RLG_AatlCC7277As_Cereba_consensus-1_chr4A-199206_TSD	0	0.0189280361865701	-0.027284872756213
RLG_AatlCC7277As_Cereba_consensus-1_chr4A-199219_TSD	0.083	0.0181349736264078	-0.0225070872475688
RLG_AatlCC7277As_Cereba_consensus-1_chr4A-199236_TSD	1.106	0.00328323734981995	0.00948159224111308
RLG_AatlCC7277As_Cereba_consensus-1_chr4A-199250_TSD	0.209	0.0184852597551182	-0.0254221411083005
RLG_AatlCC7277As_Cereba_consensus-1_chr4A-199328_TSD	0.083	0.0185840660657989	-0.0256360680966493
RLG_AatlCC7277As_Cereba_consensus-1_chr4A-199394_TSD	0.083	0.0193188714859396	-0.0282453272511837
RLG_AatlCC7277As_Cereba_consensus-1_chr4A-199474_TSD	0.719	0.00510177140817051	0.00785588871353186
RLG_AatlCC7277As_Cereba_consensus-1_chr4A-199517_TSD	1.289	0.00316694644381666	0.00892817003191727
RLG_AatlCC7277As_Cereba_consensus-1_chr4A-199571_TSD	0	0.018837423610875	-0.0280843692375879
RLG_AatlCC7277As_Cereba_consensus-1_chr4A-199719_TSD	1.155	0.000971840085844086	0.0140916115189936
RLG_AatlCC7277As_Cereba_consensus-1_chr4A-199734_TSD	0.548	0.0189317552371271	-0.0280132400846241
RLG_AatlCC7277As_Cereba_consensus-1_chr4A-199751_TSD	1.282	0.00170678775481926	0.0145837140814395
RLG_AatlCC7277As_Cereba_consensus-1_chr4A-199761_TSD	0.083	0.0188274004355447	-0.0266639238104711
RLG_AatlCC7277As_Cereba_consensus-1_chr4A-199928_TSD	1.722	0.00742073076883188	-0.00297131149315322
RLG_AatlCC7277As_Cereba_consensus-1_chr4A-199974_TSD	0	0.0185891085383013	-0.0271012029572999
RLG_AatlCC7277As_Cereba_consensus-1_chr4A-200035_TSD	1.411	0.00477120416223418	0.00598990103345498
RLG_AatlCC7277As_Cereba_consensus-1_chr4A-200112_TSD	0.934	0.0180177029659771	-0.0244507732880527
RLG_AatlCC7277As_Cereba_consensus-1_chr4A-200213_TSD	0.298	0.0184701954984341	-0.0285726081311161
RLG_AatlCC7277As_Cereba_consensus-1_chr4A-200274_TSD	0.125	0.0187087477450231	-0.0280651939572296
RLG_AatlCC7277As_Cereba_consensus-1_chr4A-200382_TSD	0.462	0.0179168050199244	-0.0224853699982954
RLG_AatlCC7277As_Cereba_consensus-1_chr4A-200408_TSD	0	0.0186848689018959	-0.0276045386561954
RLG_AatlCC7277As_Cereba_consensus-1_chr4A-200430_TSD	0.978	0.000730785044661991	0.0141161041973099
RLG_AatlCC7277As_Cereba_consensus-1_chr4A-200529_TSD	1.237	0.004305830997111	0.0123582160802353
RLG_AatlCC7277As_Cereba_consensus-1_chr4A-200588_TSD	0.251	0.0186385487117742	-0.0279217553929659
RLG_AatlCC7277As_Cereba_consensus-1_chr4A-200656_TSD	0.632	0.00120259646105157	0.0139481911733059
RLG_AatlCC7277As_Cereba_consensus-1_chr4A-200747_TSD	0	0.0190324006679631	-0.0275923456248274
RLG_AatlCC7277As_Cereba_consensus-1_chr4A-200762_TSD	0.041	0.0187936302770625	-0.0274085917164434
RLG_AatlCC7277As_Cereba_consensus-1_chr4A-200778_TSD	0.462	0.014305511047907	-0.00820775194286415
RLG_AatlCC7277As_Cereba_consensus-1_chr4A-200878_TSD	1.148	0.00302905973882421	0.0135186242263071
RLG_AatlCC7277As_Cereba_consensus-1_chr4A-200939_TSD	0.518	0.0174749499132752	-0.0255000637987412
RLG_AatlCC7277As_Cereba_consensus-1_chr4A-200956_TSD	0.041	0.0189901565587713	-0.0270343326326483
RLG_AatlCC7277As_Cereba_consensus-1_chr4A-201003_TSD	0.25	0.019102969725916	-0.0278624212240411
RLG_AatlCC7277As_Cereba_consensus-1_chr4A-201039_TSD	0.167	0.0189952502502432	-0.0269977753923583
RLG_AatlCC7277As_Cereba_consensus-1_chr4A-201047_TSD	0	0.0188685003688599	-0.0267561945128662
RLG_AatlCC7277As_Cereba_consensus-1_chr4A-201121_TSD	0.508	0.0182848803876208	-0.0266830040848866
RLG_AatlCC7277As_Cereba_consensus-1_chr4A-201196_TSD	0.083	0.0181915180471366	-0.0266869219039965
RLG_AatlCC7277As_Cereba_consensus-1_chr4A-201213_TSD	0	0.0185845430932959	-0.027585077074962
RLG_AatlCC7277As_Cereba_consensus-1_chr4A-201351_TSD	0	0.0188778205894753	-0.0276307730007572
RLG_AatlCC7277As_Cereba_consensus-1_chr4A-201407_TSD	0.041	0.0188520845277391	-0.0265366626597009
RLG_AatlCC7277As_Cereba_consensus-1_chr4A-201433_TSD	0.167	0.0187922294581906	-0.0278608364688869
RLG_AatlCC7277As_Cereba_consensus-1_chr4A-201534_TSD	0	0.0185023251189731	-0.0235017417419495
RLG_AatlCC7277As_Cereba_consensus-1_chr4A-201575_TSD	0.125	0.0178944905397589	-0.0237923514096951
RLG_AatlCC7277As_Cereba_consensus-1_chr4A-201675_TSD	0	0.0188005469564444	-0.0282399353542593
RLG_AatlCC7277As_Cereba_consensus-1_chr4A-201696_TSD	0	0.0184745200846691	-0.0279320347906522
RLG_AatlCC7277As_Cereba_consensus-1_chr4A-201741_TSD	0.083	0.0186750035957627	-0.0280699246717487
RLG_AatlCC7277As_Cereba_consensus-1_chr4A-201798_TSD	0.083	0.0178701060873277	-0.0226428809356108
RLG_AatlCC7277As_Cereba_consensus-1_chr4A-201845_TSD	0.462	0.0168050563330452	-0.0150159801471502
RLG_AatlCC7277As_Cereba_consensus-1_chr4A-201898_TSD	0	0.0185626538522002	-0.0271528987211288
RLG_AatlCC7277As_Cereba_consensus-1_chr4A-201925_TSD	0.125	0.0189733941687613	-0.0260663847487078
RLG_AatlCC7277As_Cereba_consensus-1_chr4A-201947_TSD	0.382	0.0170675934497509	-0.0185620480286494
RLG_AatlCC7277As_Cereba_consensus-1_chr4A-201977_TSD	0	0.0185517409106268	-0.0284811915442429
RLG_AatlCC7277As_Cereba_consensus-1_chr4A-202000_TSD	0.041	0.0185278624484138	-0.0267540013816689
RLG_AatlCC7277As_Cereba_consensus-1_chr4A-202131_TSD	0	0.0188328531249105	-0.0276868841694739
RLG_AatlCC7277As_Cereba_consensus-1_chr4A-202235_TSD	1.507	0.00460695140149395	0.0102628357238931
RLG_AatlCC7277As_Cereba_consensus-1_chr4A-202321_TSD	0.083	0.0188982644537062	-0.0242260124080177
RLG_AatlCC7277As_Cereba_consensus-1_chr4A-202364_TSD	0.167	0.016798495723353	-0.0178178419252901
RLG_AatlCC7277As_Cereba_consensus-1_chr4A-202448_TSD	0	0.0186948796834412	-0.0242279213725526
RLG_AatlCC7277As_Cereba_consensus-1_chr4A-202469_TSD	0.083	0.0186531939828224	-0.0267846095516384
RLG_AatlCC7277As_Cereba_consensus-1_chr4A-202480_TSD	0.293	0.0184630976916416	-0.0266489092270411
RLG_AatlCC7277As_Cereba_consensus-1_chr4A-202504_TSD	0.377	0.0182854827013098	-0.0258983233912307
RLG_AatlCC7277As_Cereba_consensus-1_chr4A-202609_TSD	1.458	0.000895082987229521	0.013663171117607
RLG_AatlCC7277As_Cereba_consensus-1_chr4A-202632_TSD	0	0.0187056639638291	-0.0239898892234859
RLG_AatlCC7277As_Cereba_consensus-1_chr4A-202653_TSD	0.041	0.0188301551143115	-0.0280214271604829
RLG_AatlCC7277As_Cereba_consensus-1_chr4A-202700_TSD	0.782	0.00689701123284065	0.0104689461626254
RLG_AatlCC7277As_Cereba_consensus-1_chr4A-202709_TSD	0.041	0.0177253424654283	-0.0208639580463432
RLG_AatlCC7277As_Cereba_consensus-1_chr4A-202740_TSD	0	0.0180740352540499	-0.0222125585395128
RLG_AatlCC7277As_Cereba_consensus-1_chr4A-202813_TSD	0.083	0.0185897264570433	-0.0269912961238481
RLG_AatlCC7277As_Cereba_consensus-1_chr4A-202840_TSD	0.041	0.0184521313836559	-0.0276711274686042
RLG_AatlCC7277As_Cereba_consensus-1_chr4A-202854_TSD	1.063	0.00652528303455529	0.0103631825881991
RLG_AatlCC7277As_Cereba_consensus-1_chr4A-203073_TSD	0.167	0.0183740084491355	-0.0245978333071347
RLG_AatlCC7277As_Cereba_consensus-1_chr4A-203272_TSD	0	0.0187838757679404	-0.0285019956572914
RLG_AatlCC7277As_Cereba_consensus-1_chr4A-203304_TSD	0	0.0189024345099549	-0.0284831136916833
RLG_AatlCC7277As_Cereba_consensus-1_chr4A-203531_TSD	0.125	0.0182644793391227	-0.0244062392562684
RLG_AatlCC7277As_Cereba_consensus-1_chr4A-203573_TSD	0	0.0184130736010573	-0.027635149725901
RLG_AatlCC7277As_Cereba_consensus-1_chr4A-203586_TSD	0.125	0.0184489894465468	-0.0282727259677282
RLG_AatlCC7277As_Cereba_consensus-1_chr4A-203731_TSD	0.335	0.0187965552565296	-0.0268716358336306
RLG_AatlCC7277As_Cereba_consensus-1_chr4A-203763_TSD	1.109	0.00333569780155517	0.0127875325098093
RLG_AatlCC7277As_Cereba_consensus-1_chr4A-203805_TSD	0.125	0.0175911915382255	-0.0243598363423656
RLG_AatlCC7277As_Cereba_consensus-1_chr4A-203981_TSD	0.633	0.0031929736417223	0.0111769024630682
RLG_AatlCC7277As_Cereba_consensus-1_chr4A-204269_TSD	0.083	0.018662243875212	-0.028086916507146
RLG_AatlCC7277As_Cereba_consensus-1_chr4A-204613_TSD	0	0.0190767794644492	-0.029007026136437
RLG_AatlCC7277As_Cereba_consensus-1_chr4A-205070_TSD	0	0.0186622446918959	-0.026083867936177
RLG_AatlCC7277As_Cereba_consensus-1_chr4A-205215_TSD	0.041	0.0188608153466269	-0.02759932794503
RLG_AatlCC7277As_Cereba_consensus-1_chr4A-206081_TSD	0.083	0.0183630303195171	-0.0263309355415185
RLG_AatlCC7277As_Cereba_consensus-1_chr4A-206835_TSD	0.209	0.0119960684516796	-0.00272413780838694
RLG_AatlCC7277As_Cereba_consensus-1_chr4A-207239_TSD	0.848	0.00494943475640779	0.0111947357158865
RLG_AatlCC7277As_Cereba_consensus-1_chr4A-208678_TSD	1.192	-0.000613816682488109	0.013722035128517
RLG_AatlCC7277As_Cereba_consensus-1_chr4A-210879_TSD	0.805	0.0101559627830704	0.00711574592573553
RLG_AatlCC7277As_Cereba_consensus-1_chr4A-216555_TSD	1.108	0.00937815860287682	0.00672274742422626
RLG_AatlCC7277As_Cereba_consensus-1_chr4A-220725_TSD	0.636	0.00364798212434928	0.0106740887027932
RLG_AatlCC7277As_Cereba_consensus-1_chr4A-240601_TSD	0.636	0.0124232415001259	-0.00388657956635728
RLG_AatlCC7277As_Cereba_consensus-1_chr4A-247163_TSD	1.22	0.00738869014007286	0.00929998088404631
RLG_AatlCC7277As_Cereba_consensus-1_chr4A-253210_TSD	0.083	0.017406343450759	-0.0212658719586144
RLG_AatlCC7277As_Cereba_consensus-1_chr4A-267294_TSD	0	0.019086821408078	-0.026442298467339
RLG_AatlCC7277As_Cereba_consensus-1_chr4A-292516_TSD	0.505	0.0102111657962768	0.00662837055419458
RLG_AatlCC7277As_Cereba_consensus-1_chr4A-336181_TSD	0.462	0.0132383321819875	-0.00381041965524304
RLG_AatlCC7277As_Cereba_consensus-1_chr4A-360118_TSD	0	0.0186578705512951	-0.0277071702871175
RLG_AatlCC7277As_Cereba_consensus-1_chr4A-374301_TSD	0.083	0.0185969647164898	-0.0289424646805163
RLG_AatlCC7277As_Cereba_consensus-1_chr4A-398636_TSD	0.847	0.00721931996003547	0.00889527434891665
RLG_AatlCC7277As_Cereba_consensus-1_chr4A-413500_TSD	0.041	0.0188564238783967	-0.0274369479997459
RLG_AatlCC7277As_Cereba_consensus-1_chr4A-433885_TSD	0.805	0.0171517056652361	-0.02061317075008
RLG_AatlCC7277As_Cereba_consensus-1_chr4A-433945_TSD	0.379	0.0185654056109312	-0.027974383888899
RLG_AatlCC7277As_Cereba_consensus-1_chr4A-496090_TSD	0.083	0.0186387696079863	-0.0269370376878278
RLG_AatlCC7277As_Cereba_consensus-1_chr5A-041221_TSD	0	0.018497284632005	-0.0278874964152336
RLG_AatlCC7277As_Cereba_consensus-1_chr5A-045354_TSD	0.083	0.0190901946398121	-0.0282041684553057
RLG_AatlCC7277As_Cereba_consensus-1_chr5A-045360_TSD	0.083	0.0190901946398121	-0.0282041684553057
RLG_AatlCC7277As_Cereba_consensus-1_chr5A-048886_TSD	0.935	0.00527948591269539	0.00986410713500731
RLG_AatlCC7277As_Cereba_consensus-1_chr5A-118309_TSD	1.093	0.00254083898202997	0.0125735108316004
RLG_AatlCC7277As_Cereba_consensus-1_chr5A-147810_TSD	0.676	-0.000978228380367051	0.0170356065189452
RLG_AatlCC7277As_Cereba_consensus-1_chr5A-177072_TSD	0.505	0.0125670985134993	-0.00174378733893733
RLG_AatlCC7277As_Cereba_consensus-1_chr5A-192122_TSD	0.125	0.0182408807938332	-0.0222483466792623
RLG_AatlCC7277As_Cereba_consensus-1_chr5A-210000_TSD	0.597	0.00579513340598974	0.00896530277286618
RLG_AatlCC7277As_Cereba_consensus-1_chr5A-211962_TSD	0.041	0.0188768804963969	-0.0269027439682151
RLG_AatlCC7277As_Cereba_consensus-1_chr5A-226806_TSD	0.041	0.0189694266440472	-0.0268798016786598
RLG_AatlCC7277As_Cereba_consensus-1_chr5A-249135_TSD	0.378	0.0150595544407339	-0.0151490640325134
RLG_AatlCC7277As_Cereba_consensus-1_chr5A-273369_TSD	0.891	0.0134771641868267	-0.00417985184400761
RLG_AatlCC7277As_Cereba_consensus-1_chr5A-273459_TSD	0.083	0.0187280844123878	-0.027427346904744
RLG_AatlCC7277As_Cereba_consensus-1_chr5A-274210_TSD	1.195	0.00208024480680378	0.0152443701134298
RLG_AatlCC7277As_Cereba_consensus-1_chr5A-274221_TSD	1.371	0.00275063693039568	0.0120888073133222
RLG_AatlCC7277As_Cereba_consensus-1_chr5A-274769_TSD	0.335	0.0164880821690502	-0.0229988329657387
RLG_AatlCC7277As_Cereba_consensus-1_chr5A-275224_TSD	1.061	-0.000543385042889172	0.0167831946930719
RLG_AatlCC7277As_Cereba_consensus-1_chr5A-275281_TSD	1.107	0.0033837145592698	0.0132329828894832
RLG_AatlCC7277As_Cereba_consensus-1_chr5A-276073_TSD	0.762	0.0141103220136967	-0.00544179674416753
RLG_AatlCC7277As_Cereba_consensus-1_chr5A-276310_TSD	1.196	0.00760100283932551	0.00854713660164686
RLG_AatlCC7277As_Cereba_consensus-1_chr5A-276372_TSD	1.062	-0.000496278803131846	0.0159295580808439
RLG_AatlCC7277As_Cereba_consensus-1_chr5A-276891_TSD	0.378	0.0154102022364936	-0.0151130155857892
RLG_AatlCC7277As_Cereba_consensus-1_chr5A-276913_TSD	0.041	0.018712307456939	-0.0279066359885098
RLG_AatlCC7277As_Cereba_consensus-1_chr5A-277099_TSD	1.021	0.0112029096806468	0.00413022569688786
RLG_AatlCC7277As_Cereba_consensus-1_chr5A-277142_TSD	0.041	0.0187655009540178	-0.0273326448408946
RLG_AatlCC7277As_Cereba_consensus-1_chr5A-277177_TSD	0.335	0.0121011084034372	-0.000833994833822632
RLG_AatlCC7277As_Cereba_consensus-1_chr5A-277285_TSD	0.763	0.00150771232898669	0.0126272065914784
RLG_AatlCC7277As_Cereba_consensus-1_chr5A-277312_TSD	0	0.0180982663509721	-0.022824866711619
RLG_AatlCC7277As_Cereba_consensus-1_chr5A-277397_TSD	0.041	0.0182470981377542	-0.0285916645646807
RLG_AatlCC7277As_Cereba_consensus-1_chr5A-277441_TSD	0.083	0.0187227375564549	-0.0292548362674124
RLG_AatlCC7277As_Cereba_consensus-1_chr5A-277532_TSD	0.125	0.0180981639519128	-0.02628975391899
RLG_AatlCC7277As_Cereba_consensus-1_chr5A-277619_TSD	0.167	0.0185500225240223	-0.0278060417837689
RLG_AatlCC7277As_Cereba_consensus-1_chr5A-277691_TSD	0.125	0.0185574588062232	-0.0271224540143788
RLG_AatlCC7277As_Cereba_consensus-1_chr5A-277700_TSD	0.765	0.000957305528580609	0.0175730937931366
RLG_AatlCC7277As_Cereba_consensus-1_chr5A-277780_TSD	0.251	0.0180066951684845	-0.0254839675768042
RLG_AatlCC7277As_Cereba_consensus-1_chr5A-277890_TSD	0	0.0187168124521881	-0.0287991641846481
RLG_AatlCC7277As_Cereba_consensus-1_chr5A-277906_TSD	0.125	0.0171785873142401	-0.0221642407460368
RLG_AatlCC7277As_Cereba_consensus-1_chr5A-277964_TSD	0.083	0.0189444931047177	-0.0274141679047235
RLG_AatlCC7277As_Cereba_consensus-1_chr5A-278061_TSD	0.083	0.0182848449236466	-0.0270440714537645
RLG_AatlCC7277As_Cereba_consensus-1_chr5A-278129_TSD	0.849	0.0044270855548658	0.0133640606977963
RLG_AatlCC7277As_Cereba_consensus-1_chr5A-278158_TSD	0.083	0.0186081448282709	-0.0291644069095902
RLG_AatlCC7277As_Cereba_consensus-1_chr5A-278208_TSD	0	0.0185356140135953	-0.0288555736232435
RLG_AatlCC7277As_Cereba_consensus-1_chr5A-278220_TSD	0.378	0.0172564153228844	-0.0246917870789628
RLG_AatlCC7277As_Cereba_consensus-1_chr5A-278294_TSD	0.514	0.0183215823371346	-0.0276506655085188
RLG_AatlCC7277As_Cereba_consensus-1_chr5A-278395_TSD	0	0.0181806375639309	-0.0260929918854153
RLG_AatlCC7277As_Cereba_consensus-1_chr5A-278467_TSD	0.847	0.00601784521221726	0.00892747481361944
RLG_AatlCC7277As_Cereba_consensus-1_chr5A-278536_TSD	0.298	0.0176426088646699	-0.0262802871858323
RLG_AatlCC7277As_Cereba_consensus-1_chr5A-278574_TSD	0.083	0.0188151615657765	-0.0277366071897396
RLG_AatlCC7277As_Cereba_consensus-1_chr5A-278628_TSD	0.378	0.0131095857193323	-0.00417731253635063
RLG_AatlCC7277As_Cereba_consensus-1_chr5A-278729_TSD	0.335	0.0161732915955889	-0.0145535557739281
RLG_AatlCC7277As_Cereba_consensus-1_chr5A-278761_TSD	0.251	0.0182324955000761	-0.0260163746055129
RLG_AatlCC7277As_Cereba_consensus-1_chr5A-278800_TSD	0.125	0.0187289323667068	-0.0273336490717563
RLG_AatlCC7277As_Cereba_consensus-1_chr5A-278844_TSD	0.891	0.00265094934413161	0.0137095508020724
RLG_AatlCC7277As_Cereba_consensus-1_chr5A-278879_TSD	0	0.0184308226249352	-0.0239323979621832
RLG_AatlCC7277As_Cereba_consensus-1_chr5A-278904_TSD	0.948	0.00156734936713806	0.0128180308441384
RLG_AatlCC7277As_Cereba_consensus-1_chr5A-278934_TSD	1.419	0.000607828257307525	0.016910578729012
RLG_AatlCC7277As_Cereba_consensus-1_chr5A-279064_TSD	0.125	0.0190335738843084	-0.0282720595202827
RLG_AatlCC7277As_Cereba_consensus-1_chr5A-279091_TSD	0	0.0184074906956939	-0.0271572966415327
RLG_AatlCC7277As_Cereba_consensus-1_chr5A-279277_TSD	0.419	0.0172171420805085	-0.023743841696794
RLG_AatlCC7277As_Cereba_consensus-1_chr5A-279375_TSD	1.857	0.000478489438401829	0.0152032824452062
RLG_AatlCC7277As_Cereba_consensus-1_chr5A-279705_TSD	0.294	0.016957280364631	-0.0249952869906592
RLG_AatlCC7277As_Cereba_consensus-1_chr5A-279732_TSD	0.209	0.0180156794568586	-0.0263797103383835
RLG_AatlCC7277As_Cereba_consensus-1_chr5A-280202_TSD	0	0.0184790181395941	-0.0271196811698824
RLG_AatlCC7277As_Cereba_consensus-1_chr5A-280306_TSD	0.208	0.0185528595133279	-0.0270651020288254
RLG_AatlCC7277As_Cereba_consensus-1_chr5A-281858_TSD	0.293	0.0177323076033032	-0.0272896117127511
RLG_AatlCC7277As_Cereba_consensus-1_chr5A-281896_TSD	0.377	0.0119664400725038	-0.00863583661841369
RLG_AatlCC7277As_Cereba_consensus-1_chr5A-284370_TSD	0.083	0.0186909252330918	-0.0289949945242669
RLG_AatlCC7277As_Cereba_consensus-1_chr5A-290385_TSD	0.209	0.0178605127930284	-0.0248853704424982
RLG_AatlCC7277As_Cereba_consensus-1_chr5A-295057_TSD	0.041	0.0179400781494456	-0.0260713994964227
RLG_AatlCC7277As_Cereba_consensus-1_chr5A-298423_TSD	0.547	0.0130631333017995	-0.00763644124277295
RLG_AatlCC7277As_Cereba_consensus-1_chr5A-303083_TSD	0.719	0.00194780963874077	0.0147856765293398
RLG_AatlCC7277As_Cereba_consensus-1_chr5A-305455_TSD	0.378	0.0160373609622687	-0.0183209628028419
RLG_AatlCC7277As_Cereba_consensus-1_chr5A-308556_TSD	0.251	0.0169401847792564	-0.0219271055029961
RLG_AatlCC7277As_Cereba_consensus-1_chr5A-319444_TSD	0.676	0.00665980971279418	0.00948529177592042
RLG_AatlCC7277As_Cereba_consensus-1_chr5A-319510_TSD	0.977	0.00669559551492591	0.00831647796630535
RLG_AatlCC7277As_Cereba_consensus-1_chr5A-373652_TSD	0.125	0.0185367291818253	-0.0279235050756452
RLG_AatlCC7277As_Cereba_consensus-1_chr5A-382955_TSD	0.462	0.00959660859315543	0.00755912070967557
RLG_AatlCC7277As_Cereba_consensus-1_chr5A-385186_TSD	0.804	0.00948050251484894	0.00717802992476157
RLG_AatlCC7277As_Cereba_consensus-1_chr5A-398340_TSD	0.549	0.0106889164830587	0.00368849620192432
RLG_AatlCC7277As_Cereba_consensus-1_chr5A-418569_TSD	0.083	0.0182175531506547	-0.0259338831464978
RLG_AatlCC7277As_Cereba_consensus-1_chr5A-418576_TSD	0.125	0.0178763508508303	-0.0256421739805076
RLG_AatlCC7277As_Cereba_consensus-1_chr5A-447311_TSD	0.463	0.0135392924596768	-0.00465119098895842
RLG_AatlCC7277As_Cereba_consensus-1_chr6A-028703_TSD	0.251	0.0177919929386718	-0.0236889934221247
RLG_AatlCC7277As_Cereba_consensus-1_chr6A-051211_TSD	0.378	0.0134494614995838	-0.00418068749057369
RLG_AatlCC7277As_Cereba_consensus-1_chr6A-063076_TSD	0.462	0.013640092967185	-0.00391365324046517
RLG_AatlCC7277As_Cereba_consensus-1_chr6A-072385_TSD	0.59	0.000989238503131558	0.013722688056994
RLG_AatlCC7277As_Cereba_consensus-1_chr6A-077386_TSD	0.936	0.00704535544751886	0.0117792567068868
RLG_AatlCC7277As_Cereba_consensus-1_chr6A-081431_TSD	0.762	0.011544776756785	0.000867562999456663
RLG_AatlCC7277As_Cereba_consensus-1_chr6A-082893_TSD	1.021	0.00965397834654094	0.00627145170743938
RLG_AatlCC7277As_Cereba_consensus-1_chr6A-084163_TSD	0.932	0.0017777220041473	0.0159167674251366
RLG_AatlCC7277As_Cereba_consensus-1_chr6A-085978_TSD	1.155	0.00739386056701286	0.00867105498173532
RLG_AatlCC7277As_Cereba_consensus-1_chr6A-091361_TSD	0.293	0.0154040569541502	-0.0149189936474462
RLG_AatlCC7277As_Cereba_consensus-1_chr6A-091775_TSD	0.64	0.0107311701290757	0.00377085337166243
RLG_AatlCC7277As_Cereba_consensus-1_chr6A-091805_TSD	1.152	0.00925150231703519	0.00603671782083844
RLG_AatlCC7277As_Cereba_consensus-1_chr6A-093076_TSD	0.505	0.0104612059137406	0.00251284392270254
RLG_AatlCC7277As_Cereba_consensus-1_chr6A-093213_TSD	1.024	0.002108790245468	0.0123355684545673
RLG_AatlCC7277As_Cereba_consensus-1_chr6A-093683_TSD	0.547	0.011365910783515	0.00184485772554962
RLG_AatlCC7277As_Cereba_consensus-1_chr6A-094544_TSD	1.192	0.00696143246341249	0.0104758087650864
RLG_AatlCC7277As_Cereba_consensus-1_chr6A-094554_TSD	0.083	0.0188699944834456	-0.0282477455211944
RLG_AatlCC7277As_Cereba_consensus-1_chr6A-094794_TSD	1.063	-0.000136745575004585	0.0168104468508167
RLG_AatlCC7277As_Cereba_consensus-1_chr6A-095933_TSD	2.081	0.00193854756433124	0.00775893963059993
RLG_AatlCC7277As_Cereba_consensus-1_chr6A-095943_TSD	1.719	-0.000306432371170027	0.0147515125947859
RLG_AatlCC7277As_Cereba_consensus-1_chr6A-096530_TSD	1.192	0.00130070287777481	0.00931841590912482
RLG_AatlCC7277As_Cereba_consensus-1_chr6A-096560_TSD	0.676	0.0120406344137045	-0.00692488384374587
RLG_AatlCC7277As_Cereba_consensus-1_chr6A-096700_TSD	0.847	0.0126321833131431	-0.00310593245905424
RLG_AatlCC7277As_Cereba_consensus-1_chr6A-096984_TSD	0.083	0.0185286522177264	-0.0251838118544235
RLG_AatlCC7277As_Cereba_consensus-1_chr6A-101742_TSD	0.636	0.0134711177622173	-0.00360448966324624
RLG_AatlCC7277As_Cereba_consensus-1_chr6A-101781_TSD	1.022	0.00594931264345967	0.00807794319349114
RLG_AatlCC7277As_Cereba_consensus-1_chr6A-102450_TSD	1.678	0.00529563060891675	0.0120504390555179
RLG_AatlCC7277As_Cereba_consensus-1_chr6A-102531_TSD	0.813	0.0129311154775344	-0.00199224376149024
RLG_AatlCC7277As_Cereba_consensus-1_chr6A-102590_TSD	1.195	0.00272224923010853	0.0138473148796056
RLG_AatlCC7277As_Cereba_consensus-1_chr6A-106273_TSD	1.022	0.00985119859146061	0.00671128521777638
RLG_AatlCC7277As_Cereba_consensus-1_chr6A-106292_TSD	0.51	0.0137158424972481	-0.00492006820550283
RLG_AatlCC7277As_Cereba_consensus-1_chr6A-106304_TSD	0.042	0.0178990101186357	-0.026627006248676
RLG_AatlCC7277As_Cereba_consensus-1_chr6A-110320_TSD	0.083	0.0190687170918886	-0.0281365188196622
RLG_AatlCC7277As_Cereba_consensus-1_chr6A-111110_TSD	0.505	0.0140604620096396	-0.00418285218892675
RLG_AatlCC7277As_Cereba_consensus-1_chr6A-111457_TSD	0.083	0.0185600484764322	-0.0289957834271541
RLG_AatlCC7277As_Cereba_consensus-1_chr6A-111553_TSD	0.293	0.0181546694277926	-0.0268732814981116
RLG_AatlCC7277As_Cereba_consensus-1_chr6A-111585_TSD	1.415	0.00849469881921238	0.0085531395642296
RLG_AatlCC7277As_Cereba_consensus-1_chr6A-112537_TSD	1.15	0.0055532376779221	0.0105364279614103
RLG_AatlCC7277As_Cereba_consensus-1_chr6A-112645_TSD	0.847	0.0133253067853549	-0.0054070931867409
RLG_AatlCC7277As_Cereba_consensus-1_chr6A-112671_TSD	1.106	0.0121836790633942	0.000676230947618168
RLG_AatlCC7277As_Cereba_consensus-1_chr6A-112756_TSD	0.377	0.0138290822360797	-0.00940416593171784
RLG_AatlCC7277As_Cereba_consensus-1_chr6A-112919_TSD	0.251	0.0126327920285866	-0.00264823852200389
RLG_AatlCC7277As_Cereba_consensus-1_chr6A-113072_TSD	0.462	0.0141162474758844	-0.00939278207519653
RLG_AatlCC7277As_Cereba_consensus-1_chr6A-113188_TSD	1.066	0.0048553538167923	0.010682483735482
RLG_AatlCC7277As_Cereba_consensus-1_chr6A-113317_TSD	0.807	0.00691771874219941	0.0104415413576154
RLG_AatlCC7277As_Cereba_consensus-1_chr6A-113406_TSD	0.889	0.0103346000451864	0.00731823420291489
RLG_AatlCC7277As_Cereba_consensus-1_chr6A-113468_TSD	0.083	0.0180437524440187	-0.0251066828206709
RLG_AatlCC7277As_Cereba_consensus-1_chr6A-113588_TSD	1.061	0.00943969652272221	0.00671979299106046
RLG_AatlCC7277As_Cereba_consensus-1_chr6A-113721_TSD	0.167	0.0163170930592495	-0.0145924879034273
RLG_AatlCC7277As_Cereba_consensus-1_chr6A-113871_TSD	0.676	0.0129018759979	-0.00416756167458175
RLG_AatlCC7277As_Cereba_consensus-1_chr6A-113882_TSD	0.252	0.016975493660824	-0.0229015834143921
RLG_AatlCC7277As_Cereba_consensus-1_chr6A-113933_TSD	0.554	0.0156616135316707	-0.0199853342046514
RLG_AatlCC7277As_Cereba_consensus-1_chr6A-114082_TSD	0.892	0.0122447864924639	-7.19349281406598e-05
RLG_AatlCC7277As_Cereba_consensus-1_chr6A-114109_TSD	0.818	0.0112604524227928	0.00281539262052086
RLG_AatlCC7277As_Cereba_consensus-1_chr6A-114166_TSD	0.087	0.0167568643458704	-0.0226342570108286
RLG_AatlCC7277As_Cereba_consensus-1_chr6A-114450_TSD	0.083	0.0181499244420337	-0.0259789419703528
RLG_AatlCC7277As_Cereba_consensus-1_chr6A-114474_TSD	0.461	0.0135190754463638	-0.0088360191815123
RLG_AatlCC7277As_Cereba_consensus-1_chr6A-114586_TSD	0.083	0.0191636491551579	-0.0282650683759534
RLG_AatlCC7277As_Cereba_consensus-1_chr6A-119726_TSD	0.547	0.0149078973794012	-0.00761722158087208
RLG_AatlCC7277As_Cereba_consensus-1_chr6A-120182_TSD	0.208	0.0190214189314118	-0.0280659770363176
RLG_AatlCC7277As_Cereba_consensus-1_chr6A-124638_TSD	1.238	0.000547162613797812	0.0147864516653147
RLG_AatlCC7277As_Cereba_consensus-1_chr6A-128820_TSD	0.335	0.0127978948225029	-0.00410844751353898
RLG_AatlCC7277As_Cereba_consensus-1_chr6A-138872_TSD	0.377	0.0167913958662524	-0.0211209328664252
RLG_AatlCC7277As_Cereba_consensus-1_chr6A-140981_TSD	1.283	-0.00103343320622112	0.0166616346156724
RLG_AatlCC7277As_Cereba_consensus-1_chr6A-150785_TSD	0.377	0.0177081326372132	-0.0225156321770768
RLG_AatlCC7277As_Cereba_consensus-1_chr6A-151725_TSD	0.083	0.0187695932598824	-0.0279381039962016
RLG_AatlCC7277As_Cereba_consensus-1_chr6A-154106_TSD	1.192	-0.00019681061395933	0.0148846214220147
RLG_AatlCC7277As_Cereba_consensus-1_chr6A-163825_TSD	0.933	0.00250493854419659	0.0155032294981507
RLG_AatlCC7277As_Cereba_consensus-1_chr6A-175232_TSD	0	0.0183414022951816	-0.0281062260621394
RLG_AatlCC7277As_Cereba_consensus-1_chr6A-213960_TSD	0.125	0.0187406119386624	-0.0277199900392233
RLG_AatlCC7277As_Cereba_consensus-1_chr6A-225810_TSD	0.462	0.0129996138495403	-0.00431212104007616
RLG_AatlCC7277As_Cereba_consensus-1_chr6A-226037_TSD	0.59	0.0059619994175646	0.0126523933784732
RLG_AatlCC7277As_Cereba_consensus-1_chr6A-278483_TSD	0.589	0.0162334696640733	-0.0217262838962708
RLG_AatlCC7277As_Cereba_consensus-1_chr6A-296677_TSD	0.167	0.0140336116007648	-0.00455904475340201
RLG_AatlCC7277As_Cereba_consensus-1_chr6A-301059_TSD	1.063	0.00598830936508689	0.0112233868620831
RLG_AatlCC7277As_Cereba_consensus-1_chr6A-324913_TSD	0.166	0.0186181735568699	-0.0274430105122777
RLG_AatlCC7277As_Cereba_consensus-1_chr6A-363468_TSD	0.901	0.00118808482198425	0.0114343147319617
RLG_AatlCC7277As_Cereba_consensus-1_chr6A-382768_TSD	0	0.0180996153694328	-0.0267832996389983
RLG_AatlCC7277As_Cereba_consensus-1_chr6A-409986_TSD	0	0.0187160225265754	-0.0274071682038504
RLG_AatlCC7277As_Cereba_consensus-1_chr6A-444956_TSD	1.029	0.00597696403012051	0.0136962906672426
RLG_AatlCC7277As_Cereba_consensus-1_chr7A-019479_TSD	0.083	0.0180404423426779	-0.02490492553185
RLG_AatlCC7277As_Cereba_consensus-1_chr7A-029373_TSD	0	0.0187537510645486	-0.0277406048617597
RLG_AatlCC7277As_Cereba_consensus-1_chr7A-059350_TSD	0.167	0.0180656588412562	-0.026170707601875
RLG_AatlCC7277As_Cereba_consensus-1_chr7A-194957_TSD	1.367	0.00704082802836136	0.00820294813070887
RLG_AatlCC7277As_Cereba_consensus-1_chr7A-236742_TSD	1.107	7.86788405600235e-05	0.017557307580163
RLG_AatlCC7277As_Cereba_consensus-1_chr7A-239762_TSD	0.976	0.00487023318755322	0.01089251066607
RLG_AatlCC7277As_Cereba_consensus-1_chr7A-250818_TSD	0.083	0.0192676153599786	-0.0273599478115039
RLG_AatlCC7277As_Cereba_consensus-1_chr7A-262873_TSD	0.934	0.00121055257952102	0.0118180826553328
RLG_AatlCC7277As_Cereba_consensus-1_chr7A-265688_TSD	0.041	0.0178974078008686	-0.0249438002471397
RLG_AatlCC7277As_Cereba_consensus-1_chr7A-275222_TSD	0.639	0.00586143268424755	0.0105887691369408
RLG_AatlCC7277As_Cereba_consensus-1_chr7A-276610_TSD	0.209	0.0180577104057473	-0.0260327912614661
RLG_AatlCC7277As_Cereba_consensus-1_chr7A-278315_TSD	0.59	0.00055392769165102	0.0158433171043098
RLG_AatlCC7277As_Cereba_consensus-1_chr7A-290633_TSD	0.89	0.0103356169241192	0.00639849214063419
RLG_AatlCC7277As_Cereba_consensus-1_chr7A-293182_TSD	0.125	0.0181835956504908	-0.0250230368407268
RLG_AatlCC7277As_Cereba_consensus-1_chr7A-297818_TSD	0.423	0.0169267431303588	-0.0220575781939517
RLG_AatlCC7277As_Cereba_consensus-1_chr7A-297847_TSD	0.209	0.01695784993523	-0.0219226630150666
RLG_AatlCC7277As_Cereba_consensus-1_chr7A-298186_TSD	0.083	0.0183072867339411	-0.0272774488907958
RLG_AatlCC7277As_Cereba_consensus-1_chr7A-298838_TSD	1.285	-0.000942110817151798	0.0134934748403284
RLG_AatlCC7277As_Cereba_consensus-1_chr7A-298965_TSD	0.979	0.00573856033128766	0.0126406734485141
RLG_AatlCC7277As_Cereba_consensus-1_chr7A-299204_TSD	0.125	0.0186289844991964	-0.0272699405413692
RLG_AatlCC7277As_Cereba_consensus-1_chr7A-299685_TSD	0.937	0.0033489555897006	0.0114029727624774
RLG_AatlCC7277As_Cereba_consensus-1_chr7A-300425_TSD	1.15	0.00119532492725702	0.0137039556563725
RLG_AatlCC7277As_Cereba_consensus-1_chr7A-300624_TSD	1.244	0.00961827462126485	0.00267362948885426
RLG_AatlCC7277As_Cereba_consensus-1_chr7A-300912_TSD	1.02	0.00780250399235714	0.00991035235868266
RLG_AatlCC7277As_Cereba_consensus-1_chr7A-301175_TSD	1.021	0.00655029226328894	0.0122517788477761
RLG_AatlCC7277As_Cereba_consensus-1_chr7A-301771_TSD	1.02	-0.000715330497083614	0.01579275510055
RLG_AatlCC7277As_Cereba_consensus-1_chr7A-302001_TSD	1.107	0.00475891234569969	0.0108257165324336
RLG_AatlCC7277As_Cereba_consensus-1_chr7A-302235_TSD	0.59	0.00359463925651807	0.0126222338331689
RLG_AatlCC7277As_Cereba_consensus-1_chr7A-302304_TSD	1.209	-0.000402106771940098	0.0164971081416844
RLG_AatlCC7277As_Cereba_consensus-1_chr7A-302420_TSD	0.846	0.00884046626704484	0.00941310293308837
RLG_AatlCC7277As_Cereba_consensus-1_chr7A-302480_TSD	0.083	0.0180535777989732	-0.0263954435158919
RLG_AatlCC7277As_Cereba_consensus-1_chr7A-302515_TSD	0.548	0.0122754623159885	-0.00209498701403314
RLG_AatlCC7277As_Cereba_consensus-1_chr7A-302818_TSD	0.849	0.00981090100982599	0.00685623803006961
RLG_AatlCC7277As_Cereba_consensus-1_chr7A-302867_TSD	0.763	0.00403621449745781	0.0109175275833008
RLG_AatlCC7277As_Cereba_consensus-1_chr7A-303536_TSD	0.462	0.0124966881041327	-0.0030216834691763
RLG_AatlCC7277As_Cereba_consensus-1_chr7A-303800_TSD	0.935	0.00628711798501154	0.0103874163097068
RLG_AatlCC7277As_Cereba_consensus-1_chr7A-304023_TSD	1.695	0.00215038297484124	0.0126431891026574
RLG_AatlCC7277As_Cereba_consensus-1_chr7A-304078_TSD	1.279	-0.00014577906820919	0.0161148910130338
RLG_AatlCC7277As_Cereba_consensus-1_chr7A-304216_TSD	1.167	0.0066008493025522	0.0132997966693054
RLG_AatlCC7277As_Cereba_consensus-1_chr7A-304255_TSD	0.041	0.0184931186217924	-0.0270650521765309
RLG_AatlCC7277As_Cereba_consensus-1_chr7A-304394_TSD	0.935	0.00668784742249394	0.00730255298104219
RLG_AatlCC7277As_Cereba_consensus-1_chr7A-304468_TSD	0.847	0.00433356795850023	0.0112946283160567
RLG_AatlCC7277As_Cereba_consensus-1_chr7A-304701_TSD	1.238	0.00474656394895159	0.011032725393578
RLG_AatlCC7277As_Cereba_consensus-1_chr7A-305346_TSD	0.675	0.00539278664691955	0.0117140870108433
RLG_AatlCC7277As_Cereba_consensus-1_chr7A-305948_TSD	1.331	-0.000537622555145158	0.0155918499072353
RLG_AatlCC7277As_Cereba_consensus-1_chr7A-311904_TSD	0.084	0.0132410964276155	-0.00488443769149738
RLG_AatlCC7277As_Cereba_consensus-1_chr7A-312558_TSD	0.377	0.0162467919437183	-0.021644699515649
RLG_AatlCC7277As_Cereba_consensus-1_chr7A-312879_TSD	0.293	0.0174421534949651	-0.022440478206559
RLG_AatlCC7277As_Cereba_consensus-1_chr7A-313593_TSD	0.675	0.0104574073941732	0.00328490691093444
RLG_AatlCC7277As_Cereba_consensus-1_chr7A-316622_TSD	0.378	0.0140512618916322	-0.0034723716783544
RLG_AatlCC7277As_Cereba_consensus-1_chr7A-325470_TSD	0.209	0.0163363177227306	-0.0154025306255491
RLG_AatlCC7277As_Cereba_consensus-1_chr7A-329722_TSD	0.083	0.01825299961492	-0.0255042343071202
RLG_AatlCC7277As_Cereba_consensus-1_chr7A-332833_TSD	0.083	0.0191255380148776	-0.026943945296069
RLG_AatlCC7277As_Cereba_consensus-1_chr7A-347972_TSD	0.083	0.0179094057521505	-0.0234554799319275
RLG_AatlCC7277As_Cereba_consensus-1_chr7A-365534_TSD	0.167	0.0185554962373065	-0.0266811271967511
RLG_AatlCC7277As_Cereba_consensus-1_chr7A-377005_TSD	0.209	0.0184714651483047	-0.0269408728968557
RLG_AatlCC7277As_Cereba_consensus-1_chr7A-407210_TSD	0.505	0.0100401420282002	0.00684318272848258
RLG_AatlCC7277As_Cereba_consensus-1_chr7A-419227_TSD	0.896	0.0100702262679745	0.00389788350513684
RLG_AatlCC7277As_Cereba_consensus-1_chr7A-420930_TSD	0.81	0.00443109013417525	0.0108625634417072
RLG_AatlCC7277As_Cereba_consensus-1_chr7A-461807_TSD	0.926	8.91073255339698e-06	0.0146464675067503
RLG_AatlCC7277As_Cereba_consensus-1_chr7A-539932_TSD	0	0.0186994262691548	-0.028049148394857
RLG_AatlCC7277As_Cereba_consensus-1_chr7A-563287_TSD	0.041	0.0188255430101529	-0.0276026189825462
RLG_AinsBYU209_Cereba_chr1D-010338_TSD	0.506	0.0052886390188266	0.00866550669036988
RLG_AinsBYU209_Cereba_chr1D-121398_TSD	0.548	0.0062533226584941	0.00819409271685075
RLG_AinsBYU209_Cereba_chr1D-121579_TSD	0.504	0.00602191935133013	0.0105253834614154
RLG_AinsBYU209_Cereba_chr1D-121703_TSD	1.122	0.00015087681793312	0.0166584229196643
RLG_AinsBYU209_Cereba_chr1D-136977_TSD	0.763	0.00768087899102431	0.0106523216508131
RLG_AinsBYU209_Cereba_chr1D-139397_TSD	0.718	-0.00129523805271604	0.0101517889592144
RLG_AinsBYU209_Cereba_chr1D-140719_TSD	0.548	0.00617183170960039	0.0121788065416895
RLG_AinsBYU209_Cereba_chr1D-141048_TSD	1.064	0.00462952100739043	0.0110227721171453
RLG_AinsBYU209_Cereba_chr1D-141762_TSD	0.464	0.00923815634529948	0.00699081618628171
RLG_AinsBYU209_Cereba_chr1D-141818_TSD	1.369	0.00574841217109605	0.00656546824203759
RLG_AinsBYU209_Cereba_chr1D-142097_TSD	0.335	0.00863075300224433	0.00585119727435071
RLG_AinsBYU209_Cereba_chr1D-142130_TSD	0.377	0.00838982398824339	0.00588555059951347
RLG_AinsBYU209_Cereba_chr1D-142318_TSD	0.251	0.00904425819645387	0.00931011924572121
RLG_AinsBYU209_Cereba_chr1D-142411_TSD	0.635	0.00895351603831505	0.00780525047772979
RLG_AinsBYU209_Cereba_chr1D-142619_TSD	0.76	0.00476607129867975	0.0132563747292917
RLG_AinsBYU209_Cereba_chr1D-142766_TSD	0.59	0.00897858187955163	0.00959463295909358
RLG_AinsBYU209_Cereba_chr1D-142906_TSD	0.378	0.00918321965587319	0.0078124906838952
RLG_AinsBYU209_Cereba_chr1D-143021_TSD	0.59	0.0095424699028782	0.0103953769091711
RLG_AinsBYU209_Cereba_chr1D-143042_TSD	0.378	0.00896225205915032	0.0090932549222912
RLG_AinsBYU209_Cereba_chr1D-143197_TSD	0.632	0.00886894870880068	0.0108056680520479
RLG_AinsBYU209_Cereba_chr1D-143321_TSD	0.505	0.00923842360783185	0.00735564741354433
RLG_AinsBYU209_Cereba_chr1D-143969_TSD	1.154	0.000374303920570859	0.0159035056679873
RLG_AinsBYU209_Cereba_chr1D-143984_TSD	0.592	0.00676188802647988	0.0100646184842592
RLG_AinsBYU209_Cereba_chr1D-144309_TSD	1.499	0.00838424337118975	0.00790475104950678
RLG_AinsBYU209_Cereba_chr1D-186843_TSD	0.98	-0.000444951495315403	0.0130742294764204
RLG_AinsBYU209_Cereba_chr1D-196574_TSD	0.897	-9.42174770266731e-05	0.0106619958801045
RLG_AinsBYU209_Cereba_chr1D-200256_TSD	0.719	-0.000564201837652702	0.0136943105910581
RLG_AinsBYU209_Cereba_chr1D-266815_TSD	0.336	0.00862008973429151	0.00813593113362104
RLG_AinsBYU209_Cereba_chr1D-280790_TSD	0.849	-0.00086340996294545	0.0164552577397689
RLG_AinsBYU209_Cereba_chr1D-283721_TSD	0.591	0.00525198295896807	0.0111430228437158
RLG_AinsBYU209_Cereba_chr1D-405846_TSD	0.72	0.00165029833759758	0.0110854837715223
RLG_AinsBYU209_Cereba_chr1D-448477_TSD	0.548	0.00342925726179023	0.0106643780714374
RLG_AinsBYU209_Cereba_chr2D-109577_TSD	0.933	0.00479279695178338	0.0104481561353513
RLG_AinsBYU209_Cereba_chr2D-135189_TSD	0.38	0.00740111226138309	0.0109843346179041
RLG_AinsBYU209_Cereba_chr2D-141775_TSD	0.42	0.00057029447450765	0.0129794582825917
RLG_AinsBYU209_Cereba_chr2D-170460_TSD	0.655	0.00836966365033458	0.0103880875520746
RLG_AinsBYU209_Cereba_chr2D-172553_TSD	1.151	0.00323525695464848	0.0111217940169771
RLG_AinsBYU209_Cereba_chr2D-175491_TSD	1.022	0.00834356082873803	0.0107691626741459
RLG_AinsBYU209_Cereba_chr2D-175764_TSD	0.876	0.00450674712784734	0.0113177885529355
RLG_AinsBYU209_Cereba_chr2D-175853_TSD	0.378	0.00969878260141616	0.0089457693797721
RLG_AinsBYU209_Cereba_chr2D-175999_TSD	0.699	0.00704413582057786	0.0115688074594833
RLG_AinsBYU209_Cereba_chr2D-176090_TSD	0.932	0.00019488618639172	0.0193240949304146
RLG_AinsBYU209_Cereba_chr2D-176298_TSD	0.674	0.000402492065798033	0.0189809480695718
RLG_AinsBYU209_Cereba_chr2D-176331_TSD	0.803	0.00270561865251171	0.014086384527106
RLG_AinsBYU209_Cereba_chr2D-176525_TSD	0.762	0.00226904078688534	0.0163599727694793
RLG_AinsBYU209_Cereba_chr2D-176569_TSD	0.762	0.00583104131387831	0.01110668567502
RLG_AinsBYU209_Cereba_chr2D-177050_TSD	1.193	0.00931732564881987	0.0120573842121618
RLG_AinsBYU209_Cereba_chr2D-177243_TSD	0.377	0.00905039603286384	0.0111712583973326
RLG_AinsBYU209_Cereba_chr2D-177328_TSD	0.805	0.00627580604090226	0.0120167318993095
RLG_AinsBYU209_Cereba_chr2D-177452_TSD	0.678	0.00940951991097063	0.00983903294722673
RLG_AinsBYU209_Cereba_chr2D-177512_TSD	0.55	0.00989947062007966	0.00740762276668299
RLG_AinsBYU209_Cereba_chr2D-177556_TSD	0.504	0.0073286537994142	0.0128840758775282
RLG_AinsBYU209_Cereba_chr2D-177599_TSD	0.643	0.00683466933452389	0.0108372880869756
RLG_AinsBYU209_Cereba_chr2D-177810_TSD	0.591	0.00585285353654608	0.0107840316016332
RLG_AinsBYU209_Cereba_chr2D-177910_TSD	0.76	0.00613227081459022	0.0091444232669405
RLG_AinsBYU209_Cereba_chr2D-177989_TSD	0.506	0.0097779977245894	0.00699506341423398
RLG_AinsBYU209_Cereba_chr2D-178310_TSD	0.676	0.00983518513255857	0.00716507170191024
RLG_AinsBYU209_Cereba_chr2D-178613_TSD	1.153	0.00534484731588475	0.00971767035986926
RLG_AinsBYU209_Cereba_chr2D-178667_TSD	0.336	0.0102456882823843	0.00940457687336483
RLG_AinsBYU209_Cereba_chr2D-178690_TSD	0.804	-0.000296439301822192	0.0136931634236917
RLG_AinsBYU209_Cereba_chr2D-178806_TSD	0.631	0.00533136380842397	0.00902527951529998
RLG_AinsBYU209_Cereba_chr2D-178853_TSD	0.378	0.00842361003841715	0.0118591453642676
RLG_AinsBYU209_Cereba_chr2D-178884_TSD	0.547	0.00586780627850488	0.0105236024501819
RLG_AinsBYU209_Cereba_chr2D-179163_TSD	0.717	0.00506762260864723	0.0118953258041385
RLG_AinsBYU209_Cereba_chr2D-179232_TSD	0.439	0.0079089534632956	0.0120557935455714
RLG_AinsBYU209_Cereba_chr2D-179266_TSD	1.02	0.0027290199422654	0.0133146972757075
RLG_AinsBYU209_Cereba_chr2D-179341_TSD	0.504	0.00879558056936858	0.00907755952445711
RLG_AinsBYU209_Cereba_chr2D-179393_TSD	0.889	0.00890070435734536	0.00975903301852867
RLG_AinsBYU209_Cereba_chr2D-179439_TSD	0.462	0.0086418469024118	0.00881715022596741
RLG_AinsBYU209_Cereba_chr2D-179484_TSD	0.804	0.00714966614530292	0.0117269588466137
RLG_AinsBYU209_Cereba_chr2D-179600_TSD	0.676	0.00927122351073043	0.0106700797826474
RLG_AinsBYU209_Cereba_chr2D-179896_TSD	0.547	0.00600571011486351	0.0104573063218325
RLG_AinsBYU209_Cereba_chr2D-180332_TSD	0.548	0.00942736282646224	0.00923041841588415
RLG_AinsBYU209_Cereba_chr2D-180715_TSD	0.933	0.00812202093152639	0.00760323066196898
RLG_AinsBYU209_Cereba_chr2D-183847_TSD	0.805	0.00635380453298606	0.012220875129773
RLG_AinsBYU209_Cereba_chr2D-234961_TSD	0.378	0.00950238998439259	0.0101409635774567
RLG_AinsBYU209_Cereba_chr2D-312042_TSD	1.152	0.00836560013095414	0.0101028419247421
RLG_AinsBYU209_Cereba_chr2D-348509_TSD	0.506	0.00830372621579176	0.00787050212308672
RLG_AinsBYU209_Cereba_chr2D-360749_TSD	0.42	0.00700788591075916	0.00919256242562595
RLG_AinsBYU209_Cereba_chr2D-368581_TSD	0.762	0.00898664616124878	0.0102528286901125
RLG_AinsBYU209_Cereba_chr2D-399019_TSD	0.977	0.00260792856360044	0.0119391441533394
RLG_AinsBYU209_Cereba_chr2D-407990_TSD	0.422	0.00730501705091323	0.0112043238154972
RLG_AinsBYU209_Cereba_chr3D-044229_TSD	1.547	-0.00108265672598005	0.0188756228698314
RLG_AinsBYU209_Cereba_chr3D-052865_TSD	1.192	-0.00032267219190657	0.0173565619475963
RLG_AinsBYU209_Cereba_chr3D-061712_TSD	0.675	0.000416731697130938	0.014593131783259
RLG_AinsBYU209_Cereba_chr3D-105795_TSD	0.891	0.00769928240665767	0.00698257725705745
RLG_AinsBYU209_Cereba_chr3D-111338_TSD	1.019	-0.000445511045088803	0.0165455477085841
RLG_AinsBYU209_Cereba_chr3D-128387_TSD	0.505	0.00726081486011877	0.0102373384652442
RLG_AinsBYU209_Cereba_chr3D-143896_TSD	0.935	-0.000289534279258386	0.0156795926338361
RLG_AinsBYU209_Cereba_chr3D-167913_TSD	0.634	0.00937877440219169	0.00912820452944635
RLG_AinsBYU209_Cereba_chr3D-173672_TSD	0.336	0.00510471065721664	0.0115217025971076
RLG_AinsBYU209_Cereba_chr3D-193219_TSD	0.762	0.000281355880847001	0.0148537976260495
RLG_AinsBYU209_Cereba_chr3D-196526_TSD	0.782	0.00555484055233946	0.012179869148765
RLG_AinsBYU209_Cereba_chr3D-197514_TSD	1.281	6.86371226671225e-05	0.014465788506853
RLG_AinsBYU209_Cereba_chr3D-198547_TSD	0.717	0.010902266779073	0.00561900847278952
RLG_AinsBYU209_Cereba_chr3D-199383_TSD	0.806	-0.000884047347254725	0.0174794240312096
RLG_AinsBYU209_Cereba_chr3D-199623_TSD	0.336	0.00626947940069457	0.0116987592810995
RLG_AinsBYU209_Cereba_chr3D-199756_TSD	0.59	0.00859481443661624	0.00981587238982118
RLG_AinsBYU209_Cereba_chr3D-200064_TSD	0.38	0.0106727019886103	0.00559871566164877
RLG_AinsBYU209_Cereba_chr3D-200095_TSD	0.461	0.0091481560801871	0.00741173388808012
RLG_AinsBYU209_Cereba_chr3D-200392_TSD	0.42	0.010462754373604	0.00346745000928343
RLG_AinsBYU209_Cereba_chr3D-200451_TSD	0.378	0.00951357217299919	0.0100371516046099
RLG_AinsBYU209_Cereba_chr3D-200472_TSD	0.377	0.0092056110809001	0.00809512991497796
RLG_AinsBYU209_Cereba_chr3D-200602_TSD	0.379	0.00974109089399371	0.00810299708728319
RLG_AinsBYU209_Cereba_chr3D-200896_TSD	0.717	0.00437977319950612	0.0109742601436799
RLG_AinsBYU209_Cereba_chr3D-201072_TSD	0.678	0.0064270488728704	0.0129457223246952
RLG_AinsBYU209_Cereba_chr3D-201225_TSD	0.805	0.0108802454001543	0.00560839768313836
RLG_AinsBYU209_Cereba_chr3D-201291_TSD	0.379	0.00697333050948885	0.0103618012396922
RLG_AinsBYU209_Cereba_chr3D-201304_TSD	1.152	-0.000410613205759884	0.0164534845745272
RLG_AinsBYU209_Cereba_chr3D-202401_TSD	0.847	0.00260198270419227	0.0123691934179839
RLG_AinsBYU209_Cereba_chr3D-202414_TSD	0.589	0.00775533854107139	0.010108989779105
RLG_AinsBYU209_Cereba_chr3D-202539_TSD	0.42	0.00527514276589761	0.0096820638895512
RLG_AinsBYU209_Cereba_chr3D-202553_TSD	1.825	0.00243947505069177	0.0126883749134635
RLG_AinsBYU209_Cereba_chr3D-202561_TSD	0.854	-0.000617511535254508	0.0165278115352073
RLG_AinsBYU209_Cereba_chr3D-202835_TSD	0.723	0.00641862019273919	0.0106509418162984
RLG_AinsBYU209_Cereba_chr3D-202906_TSD	0.947	0.00821660949588633	0.0110292655662193
RLG_AinsBYU209_Cereba_chr3D-202928_TSD	0.977	0.00925423253928039	0.00939944908642112
RLG_AinsBYU209_Cereba_chr3D-203068_TSD	1.73	0.00235417394470143	0.0127394797876527
RLG_AinsBYU209_Cereba_chr3D-203629_TSD	1.325	0.00745664375023819	0.0109357592854784
RLG_AinsBYU209_Cereba_chr3D-203674_TSD	0.632	0.00118176297350252	0.0143111789255863
RLG_AinsBYU209_Cereba_chr3D-203970_TSD	0.72	0.00729830601898182	0.011558158987456
RLG_AinsBYU209_Cereba_chr3D-204005_TSD	1.293	0.0015382378260498	0.0164144489753142
RLG_AinsBYU209_Cereba_chr3D-204359_TSD	0.676	0.00602903664821203	0.0110546570540037
RLG_AinsBYU209_Cereba_chr3D-204937_TSD	0.59	0.00780962862089048	0.0111347662312693
RLG_AinsBYU209_Cereba_chr3D-205841_TSD	0.886	0.00566045382174923	0.00803426016645133
RLG_AinsBYU209_Cereba_chr3D-208863_TSD	0.761	0.005104458400618	0.00985478886244425
RLG_AinsBYU209_Cereba_chr3D-217525_TSD	0.632	0.00950611026568914	0.010128512277946
RLG_AinsBYU209_Cereba_chr3D-236899_TSD	0.506	0.00935572896660056	0.00680423101632
RLG_AinsBYU209_Cereba_chr3D-289857_TSD	0.42	0.00220180633992614	0.0167987095187298
RLG_AinsBYU209_Cereba_chr3D-293938_TSD	0.847	0.00174956133982784	0.0152137807944295
RLG_AinsBYU209_Cereba_chr3D-321362_TSD	0.592	0.00876207319282054	0.00938435746182952
RLG_AinsBYU209_Cereba_chr3D-347465_TSD	0.806	-8.85667394340621e-05	0.0167141776039535
RLG_AinsBYU209_Cereba_chr3D-353433_TSD	0.463	0.0088848026022789	0.00864235385165784
RLG_AinsBYU209_Cereba_chr4C-026446_TSD	0.504	0.010201822363034	0.005931639000684
RLG_AinsBYU209_Cereba_chr4D-025181_TSD	0.896	0.00871186521649083	0.0064751430607373
RLG_AinsBYU209_Cereba_chr4D-042992_TSD	0.463	0.00657200828940774	0.0108869639224111
RLG_AinsBYU209_Cereba_chr4D-049075_TSD	0.719	0.00752841414953304	0.0105948096982967
RLG_AinsBYU209_Cereba_chr4D-051546_TSD	0.979	0.00267862601933917	0.014400144620193
RLG_AinsBYU209_Cereba_chr4D-056712_TSD	0.293	0.0119128327140309	0.00217624219386801
RLG_AinsBYU209_Cereba_chr4D-097836_TSD	0.548	-0.000764029638230187	0.0125864014053444
RLG_AinsBYU209_Cereba_chr4D-112362_TSD	0.505	0.00824421596207257	0.00897065977444275
RLG_AinsBYU209_Cereba_chr4D-118881_TSD	0.421	0.00950815563113789	0.00526886573600841
RLG_AinsBYU209_Cereba_chr4D-121293_TSD	1.236	0.00235836047115234	0.0138040275024631
RLG_AinsBYU209_Cereba_chr4D-143235_TSD	0.978	0.00267317851676339	0.0127858074727458
RLG_AinsBYU209_Cereba_chr4D-144472_TSD	0.935	0.00904136021882322	0.0100512364779572
RLG_AinsBYU209_Cereba_chr4D-145229_TSD	0.549	0.00477187356698021	0.00992364596802036
RLG_AinsBYU209_Cereba_chr4D-146965_TSD	0.676	-0.00128128788555539	0.0160887379015762
RLG_AinsBYU209_Cereba_chr4D-146979_TSD	0.848	0.00727137439214479	0.0113641654496591
RLG_AinsBYU209_Cereba_chr4D-150080_TSD	1.02	0.00209093776936688	0.0131200397329173
RLG_AinsBYU209_Cereba_chr4D-150170_TSD	1.195	0.00383471627219052	0.0104259531651252
RLG_AinsBYU209_Cereba_chr4D-150638_TSD	1.197	-0.000987228426378252	0.0172818215109269
RLG_AinsBYU209_Cereba_chr4D-151237_TSD	0.462	0.00707062444132684	0.0108219532590701
RLG_AinsBYU209_Cereba_chr4D-152791_TSD	0.804	0.00820923720784154	0.00493303316302179
RLG_AinsBYU209_Cereba_chr4D-154355_TSD	0.682	0.0112494167347025	0.00373016994027934
RLG_AinsBYU209_Cereba_chr4D-156960_TSD	0.932	0.00145312410115786	0.0161734230461684
RLG_AinsBYU209_Cereba_chr4D-157527_TSD	1.02	0.00908120222787052	0.0101153881589985
RLG_AinsBYU209_Cereba_chr4D-157766_TSD	0.905	0.00921879714649261	0.00762660695075191
RLG_AinsBYU209_Cereba_chr4D-157989_TSD	0.978	0.00188893800436994	0.0122604066951102
RLG_AinsBYU209_Cereba_chr4D-158008_TSD	0.846	0.00718018483473811	0.00929414589398959
RLG_AinsBYU209_Cereba_chr4D-158055_TSD	0.467	0.010113167488074	0.00653506569331755
RLG_AinsBYU209_Cereba_chr4D-158113_TSD	1.136	-0.00105747117399066	0.0138879028893901
RLG_AinsBYU209_Cereba_chr4D-158416_TSD	0.209	0.0116087033693065	0.00325780020364705
RLG_AinsBYU209_Cereba_chr4D-158567_TSD	0.547	0.00941050710169359	0.00510614375539837
RLG_AinsBYU209_Cereba_chr4D-158575_TSD	0.378	0.00870270090816288	0.00935589408644136
RLG_AinsBYU209_Cereba_chr4D-158803_TSD	0.804	0.0111348483584169	0.00469019565467975
RLG_AinsBYU209_Cereba_chr4D-159059_TSD	0.76	0.010507425172745	0.00518742355561616
RLG_AinsBYU209_Cereba_chr4D-159167_TSD	0.762	0.00896475911932495	0.0081518051917153
RLG_AinsBYU209_Cereba_chr4D-159347_TSD	0.933	0.00658100475000153	0.00867231547470789
RLG_AinsBYU209_Cereba_chr4D-159371_TSD	0.808	0.00786298135409542	0.00984862626182279
RLG_AinsBYU209_Cereba_chr4D-159427_TSD	1.239	0.00543701801792582	0.00879502758296575
RLG_AinsBYU209_Cereba_chr4D-159528_TSD	0.42	0.00777067713671955	0.00601429651834796
RLG_AinsBYU209_Cereba_chr4D-159650_TSD	0.933	0.00417919362397565	0.0109170573810519
RLG_AinsBYU209_Cereba_chr4D-159672_TSD	0.295	0.0062847464043925	0.00895317540469488
RLG_AinsBYU209_Cereba_chr4D-159695_TSD	0.251	0.00878227127131618	0.00883926724868987
RLG_AinsBYU209_Cereba_chr4D-159734_TSD	0.849	0.0106441071398142	0.00475951324122189
RLG_AinsBYU209_Cereba_chr4D-159940_TSD	0.677	0.0104385820368738	0.00578935560954786
RLG_AinsBYU209_Cereba_chr4D-159962_TSD	1.043	0.00816986413156781	0.00890287421033013
RLG_AinsBYU209_Cereba_chr4D-160033_TSD	0.935	0.00585813876068113	0.0100042090698458
RLG_AinsBYU209_Cereba_chr4D-160072_TSD	0.867	0.00693981959342454	0.00875100686108232
RLG_AinsBYU209_Cereba_chr4D-160504_TSD	0.637	-0.000929130602660369	0.0153878872138088
RLG_AinsBYU209_Cereba_chr4D-160704_TSD	1.544	-0.000656193008520574	0.0127087385214483
RLG_AinsBYU209_Cereba_chr4D-160884_TSD	0.719	0.00673151508665394	0.00720250316809004
RLG_AinsBYU209_Cereba_chr4D-161103_TSD	1.193	3.87687519261641e-05	0.0172500073174299
RLG_AinsBYU209_Cereba_chr4D-161318_TSD	0.805	0.00466588887674251	0.00692657758953328
RLG_AinsBYU209_Cereba_chr4D-161332_TSD	0.846	0.00476233976658614	0.0106094552538287
RLG_AinsBYU209_Cereba_chr4D-162928_TSD	1.021	-0.00108022395429009	0.0133511034305329
RLG_AinsBYU209_Cereba_chr4D-163659_TSD	0.867	-0.000877393362601831	0.0158019593369411
RLG_AinsBYU209_Cereba_chr4D-166782_TSD	0.634	0.0079146006319984	0.00974989841042872
RLG_AinsBYU209_Cereba_chr4D-171404_TSD	0.955	0.00501472870351476	0.0117426573761644
RLG_AinsBYU209_Cereba_chr4D-175020_TSD	1.197	0.00332311976283766	0.0115631516727044
RLG_AinsBYU209_Cereba_chr4D-175360_TSD	0.336	0.0107269226864103	0.0050423215027533
RLG_AinsBYU209_Cereba_chr4D-175539_TSD	0.847	-0.000536491507169868	0.0162556322544857
RLG_AinsBYU209_Cereba_chr4D-210236_TSD	0.803	0.000126115300461809	0.013619872166409
RLG_AinsBYU209_Cereba_chr4D-210621_TSD	0.763	0.0061103380468183	0.0102432156667967
RLG_AinsBYU209_Cereba_chr4D-210803_TSD	0.676	0.00870500458633881	0.0107488090426908
RLG_AinsBYU209_Cereba_chr4D-221440_TSD	0.762	0.00934621062286461	0.00893958075312844
RLG_AinsBYU209_Cereba_chr4D-248429_TSD	0.761	0.00172393164089594	0.00886105138744952
RLG_AinsBYU209_Cereba_chr4D-282938_TSD	0.518	-0.000711095303344832	0.011379807940308
RLG_AinsBYU209_Cereba_chr4D-301280_TSD	0.678	0.00504401465131265	0.00953817402561686
RLG_AinsBYU209_Cereba_chr4D-320425_TSD	0.762	0.00857965403396878	0.00870338487147909
RLG_AinsBYU209_Cereba_chr4D-348111_TSD	0.98	-0.000626420533627499	0.0166416767373681
RLG_AinsBYU209_Cereba_chr5D-036170_TSD	0.981	0.000277342916124902	0.0131797618010285
RLG_AinsBYU209_Cereba_chr5D-084151_TSD	1.063	0.00500013551862571	0.0126317687316253
RLG_AinsBYU209_Cereba_chr5D-099529_TSD	0.547	0.00921055771154308	0.0106813035700911
RLG_AinsBYU209_Cereba_chr5D-105847_TSD	0.977	-0.000629889606759205	0.0143568669052533
RLG_AinsBYU209_Cereba_chr5D-117337_TSD	0.721	0.00679251404837342	0.010524400876879
RLG_AinsBYU209_Cereba_chr5D-121928_TSD	0.805	0.00416916815338639	0.0105793203432028
RLG_AinsBYU209_Cereba_chr5D-124149_TSD	1.193	0.00117281327102171	0.00934061917281124
RLG_AinsBYU209_Cereba_chr5D-127280_TSD	0.591	-0.000897908796902419	0.00946399089191211
RLG_AinsBYU209_Cereba_chr5D-131658_TSD	0.719	0.00508650418707454	0.00828608651750528
RLG_AinsBYU209_Cereba_chr5D-144569_TSD	0.809	0.00648402800189358	0.0127320805621681
RLG_AinsBYU209_Cereba_chr5D-158221_TSD	0.635	0.00301464996481311	0.0132175939162074
RLG_AinsBYU209_Cereba_chr5D-159180_TSD	1.066	0.00261453001003938	0.0141690387153273
RLG_AinsBYU209_Cereba_chr5D-160178_TSD	0.505	0.0056362266012619	0.0127527746824702
RLG_AinsBYU209_Cereba_chr5D-170143_TSD	0.981	-0.000482129902892721	0.0158113002507298
RLG_AinsBYU209_Cereba_chr5D-173187_TSD	1.026	0.00623945182941116	0.0105140548308799
RLG_AinsBYU209_Cereba_chr5D-174325_TSD	0.902	0.00343528891130097	0.0122154825961694
RLG_AinsBYU209_Cereba_chr5D-174347_TSD	0.901	0.00370190743197072	0.0125492721898195
RLG_AinsBYU209_Cereba_chr5D-176743_TSD	0.808	0.00539110742226954	0.0133861388841905
RLG_AinsBYU209_Cereba_chr5D-178190_TSD	1.191	0.00404156210918009	0.0138001046385977
RLG_AinsBYU209_Cereba_chr5D-178355_TSD	0.676	0.00825065793067831	0.0102111371567559
RLG_AinsBYU209_Cereba_chr5D-178611_TSD	0.634	0.00915426340227203	0.0109070468189755
RLG_AinsBYU209_Cereba_chr5D-178667_TSD	0.719	0.00273287044888783	0.0144409055200999
RLG_AinsBYU209_Cereba_chr5D-178836_TSD	0.891	0.00384730323360827	0.00901745764380401
RLG_AinsBYU209_Cereba_chr5D-178992_TSD	1.331	0.00475983307395836	0.0114707990891845
RLG_AinsBYU209_Cereba_chr5D-179014_TSD	0.762	0.00871693567191483	0.00528079269307849
RLG_AinsBYU209_Cereba_chr5D-179309_TSD	0.762	0.00965749377558955	0.00530518068375382
RLG_AinsBYU209_Cereba_chr5D-179364_TSD	1.199	0.00776729719239893	0.0108255227220119
RLG_AinsBYU209_Cereba_chr5D-179387_TSD	0.599	0.000776319211468797	0.0150749099863235
RLG_AinsBYU209_Cereba_chr5D-179403_TSD	1.781	0.00199332183981646	0.0109205329473189
RLG_AinsBYU209_Cereba_chr5D-179469_TSD	0.809	0.00172225519435376	0.0161792454828822
RLG_AinsBYU209_Cereba_chr5D-179560_TSD	0.633	0.00889068831422477	0.0107770622738982
RLG_AinsBYU209_Cereba_chr5D-179594_TSD	1.369	0.00258556566094248	0.0125506659302559
RLG_AinsBYU209_Cereba_chr5D-179736_TSD	0.547	0.00600208355412284	0.0131886900116475
RLG_AinsBYU209_Cereba_chr5D-179769_TSD	0.717	0.00554478321485485	0.0113947836351324
RLG_AinsBYU209_Cereba_chr5D-179786_TSD	0.591	0.00919842084480037	0.00933626007292482
RLG_AinsBYU209_Cereba_chr5D-179936_TSD	0.634	0.00976764044905772	0.00881452741647665
RLG_AinsBYU209_Cereba_chr5D-180216_TSD	0.73	0.00831398143460685	0.0114622117363952
RLG_AinsBYU209_Cereba_chr5D-180226_TSD	0.761	0.00893929504784571	0.00708912404795011
RLG_AinsBYU209_Cereba_chr5D-180272_TSD	0.584	0.01202395242942	0.00487749170299984
RLG_AinsBYU209_Cereba_chr5D-180616_TSD	0.42	0.00875473359183135	0.00808507753857872
RLG_AinsBYU209_Cereba_chr5D-180702_TSD	0.632	0.00620692711140647	0.0119618041362135
RLG_AinsBYU209_Cereba_chr5D-180987_TSD	0.125	0.00594855628202509	0.0105741472519598
RLG_AinsBYU209_Cereba_chr5D-181574_TSD	0.719	0.00389879787493258	0.0115423377446312
RLG_AinsBYU209_Cereba_chr5D-181638_TSD	0.42	0.00893532547644801	0.0104441206320055
RLG_AinsBYU209_Cereba_chr5D-181831_TSD	0.591	0.009231017645653	0.00880706698625428
RLG_AinsBYU209_Cereba_chr5D-181871_TSD	0.633	0.00929848107664365	0.00939738411675127
RLG_AinsBYU209_Cereba_chr5D-182595_TSD	0.892	0.0064787165414133	0.00962400285372909
RLG_AinsBYU209_Cereba_chr5D-188023_TSD	0.934	0.00319568584692205	0.0112104875034841
RLG_AinsBYU209_Cereba_chr5D-194287_TSD	0.846	0.00231752983305098	0.0154734647860655
RLG_AinsBYU209_Cereba_chr5D-194586_TSD	1.151	0.00367541490647388	0.0114060869358521
RLG_AinsBYU209_Cereba_chr5D-195124_TSD	0.963	0.00221941578009193	0.00749043135518394
RLG_AinsBYU209_Cereba_chr5D-203526_TSD	0.978	0.00806641939569024	0.00927648041862714
RLG_AinsBYU209_Cereba_chr5D-203746_TSD	1.067	0.0059000412102759	0.0117141643185795
RLG_AinsBYU209_Cereba_chr5D-214213_TSD	0.761	0.00927794672826833	0.00927877164224176
RLG_AinsBYU209_Cereba_chr5D-228306_TSD	0.634	0.00922622840667673	0.00769583942259366
RLG_AinsBYU209_Cereba_chr5D-249458_TSD	0.335	0.00985576471456419	0.00894563175647095
RLG_AinsBYU209_Cereba_chr5D-263749_TSD	0.873	0.000265539902682708	0.0171713564767494
RLG_AinsBYU209_Cereba_chr5D-384976_TSD	0.378	0.00493542918482395	0.00947680479267416
RLG_AinsBYU209_Cereba_chr5D-415218_TSD	0.68	0.00823441313669134	0.00842731048739928
RLG_AinsBYU209_Cereba_chr6D-040590_TSD	0.653	0.00940569414799479	0.0103934739772471
RLG_AinsBYU209_Cereba_chr6D-126649_TSD	1.422	-0.00115277087395848	0.0115175695470424
RLG_AinsBYU209_Cereba_chr6D-126682_TSD	0.591	0.0012672080105203	0.0143250859380636
RLG_AinsBYU209_Cereba_chr6D-138759_TSD	0.42	0.0132061579673957	0.00139397588227425
RLG_AinsBYU209_Cereba_chr6D-142372_TSD	1.021	0.000556535110347769	0.0162668375990866
RLG_AinsBYU209_Cereba_chr6D-167942_TSD	0.378	0.0083005908757948	0.00654609854856996
RLG_AinsBYU209_Cereba_chr6D-168013_TSD	0.251	0.00485230767061448	0.00845750423244841
RLG_AinsBYU209_Cereba_chr6D-172044_TSD	0.42	0.00936112497585685	0.00832289602538915
RLG_AinsBYU209_Cereba_chr6D-191676_TSD	0.806	0.00789034342281621	0.00888813697800027
RLG_AinsBYU209_Cereba_chr6D-205068_TSD	0.848	0.00848839584445304	0.0111384689798629
RLG_AinsBYU209_Cereba_chr6D-208273_TSD	1.063	0.00719205492721245	0.0111679964888823
RLG_AinsBYU209_Cereba_chr6D-208642_TSD	0.505	0.00932423738665577	0.00987441688517379
RLG_AinsBYU209_Cereba_chr6D-209251_TSD	0.94	0.00922137381039602	0.00640580521946102
RLG_AinsBYU209_Cereba_chr6D-211939_TSD	0.936	0.00532030099471995	0.0100156054560777
RLG_AinsBYU209_Cereba_chr6D-212412_TSD	0.808	0.0071610651137192	0.0075420633028516
RLG_AinsBYU209_Cereba_chr6D-212596_TSD	1.195	-0.000542238629097779	0.0139280014714163
RLG_AinsBYU209_Cereba_chr6D-216974_TSD	0.383	0.00879417592558202	0.00790080892916915
RLG_AinsBYU209_Cereba_chr6D-217023_TSD	0.589	0.00872971130001554	0.0062569481283365
RLG_AinsBYU209_Cereba_chr6D-217513_TSD	0.467	0.00784144509744525	0.0098281993728584
RLG_AinsBYU209_Cereba_chr6D-217599_TSD	0.548	0.00850796568201075	0.0110084284967388
RLG_AinsBYU209_Cereba_chr6D-217860_TSD	0.977	0.00659008213688368	0.00685628952306389
RLG_AinsBYU209_Cereba_chr6D-217974_TSD	0.335	0.0061211519468119	0.0106088745791814
RLG_AinsBYU209_Cereba_chr6D-218939_TSD	0.592	0.00670313594898011	0.00710526451575729
RLG_AinsBYU209_Cereba_chr6D-219337_TSD	0.463	0.00753946702068038	0.00856257962367083
RLG_AinsBYU209_Cereba_chr6D-219429_TSD	0.591	0.00799343553903617	0.0121312092919214
RLG_AinsBYU209_Cereba_chr6D-219581_TSD	0.209	0.00673805350332356	0.0131023433105532
RLG_AinsBYU209_Cereba_chr6D-219588_TSD	0	0.00684868806453016	0.0131451394825402
RLG_AinsBYU209_Cereba_chr6D-219595_TSD	0.505	0.00669825063059191	0.0135657487968678
RLG_AinsBYU209_Cereba_chr6D-219654_TSD	0.889	0.00874177973279132	0.008605161049328
RLG_AinsBYU209_Cereba_chr6D-219826_TSD	0.69	0.00673575567825373	0.0113428539240103
RLG_AinsBYU209_Cereba_chr6D-219895_TSD	0.464	0.00858657184045327	0.00929236688022882
RLG_AinsBYU209_Cereba_chr6D-219996_TSD	0.607	0.00564674716355635	0.0110843606925928
RLG_AinsBYU209_Cereba_chr6D-220081_TSD	0.761	0.00870451537733439	0.009057493057339
RLG_AinsBYU209_Cereba_chr6D-220098_TSD	0.378	0.00978848035522559	0.0101564124071493
RLG_AinsBYU209_Cereba_chr6D-220310_TSD	1.019	0.00704666910546485	0.0100231455465361
RLG_AinsBYU209_Cereba_chr6D-220440_TSD	0.804	0.011221103834604	0.00304973423465827
RLG_AinsBYU209_Cereba_chr6D-220497_TSD	0.547	0.00904407502881132	0.0088798280658818
RLG_AinsBYU209_Cereba_chr6D-220645_TSD	0.676	0.01075606683247	0.00415030481488452
RLG_AinsBYU209_Cereba_chr6D-221354_TSD	0.591	0.00672289080409721	0.00896610916410895
RLG_AinsBYU209_Cereba_chr6D-221475_TSD	0.762	0.0082540741085194	0.0130393281126808
RLG_AinsBYU209_Cereba_chr6D-221790_TSD	0.803	0.00568141848270807	0.0106519468720005
RLG_AinsBYU209_Cereba_chr6D-222006_TSD	0.956	0.00450300462773359	0.0109965650996852
RLG_AinsBYU209_Cereba_chr6D-222134_TSD	0.721	0.00732171279523583	0.0121974690276048
RLG_AinsBYU209_Cereba_chr6D-222380_TSD	0.89	0.00670624104948062	0.00986894682191636
RLG_AinsBYU209_Cereba_chr6D-222409_TSD	0.847	-0.00047750610764686	0.0147214823668034
RLG_AinsBYU209_Cereba_chr6D-225881_TSD	1.111	0.00684562606484547	0.00912277992956173
RLG_AinsBYU209_Cereba_chr6D-228511_TSD	0.548	0.0021892015850346	0.0128185865318435
RLG_AinsBYU209_Cereba_chr6D-229814_TSD	0.977	2.95248933876153e-05	0.0167365486885226
RLG_AinsBYU209_Cereba_chr6D-230509_TSD	1.326	-0.00100797685037152	0.0173473907629203
RLG_AinsBYU209_Cereba_chr6D-249888_TSD	0.335	0.00585822038678153	0.010212830865312
RLG_AinsBYU209_Cereba_chr6D-254808_TSD	0.378	0.0101349851047609	0.00629228532564099
RLG_AinsBYU209_Cereba_chr6D-258500_TSD	0.719	0.00844728621932879	0.00713737567843
RLG_AinsBYU209_Cereba_chr6D-265805_TSD	1.066	0.00790029654051769	0.0067429651686672
RLG_AinsBYU209_Cereba_chr6D-275426_TSD	0.547	0.00944335742027512	0.0104727392780636
RLG_AinsBYU209_Cereba_chr6D-301028_TSD	0.633	0.00667104719182047	0.0101152280474057
RLG_AinsBYU209_Cereba_chr6D-301891_TSD	0.676	0.00924024191093232	0.0107723721497003
RLG_AinsBYU209_Cereba_chr6D-324153_TSD	0.632	0.00796890088085127	0.0115529871765905
RLG_AinsBYU209_Cereba_chr6D-341520_TSD	1.375	0.00046280374221648	0.013890081253524
RLG_AinsBYU209_Cereba_chr6D-361606_TSD	0.635	0.00913403632877566	0.00918128845706722
RLG_AinsBYU209_Cereba_chr6D-410048_TSD	0.633	0.0121597037655266	-0.000175767364279761
RLG_AinsBYU209_Cereba_chr7D-010320_TSD	0.378	0.00626764468953345	0.0102949236518889
RLG_AinsBYU209_Cereba_chr7D-046423_TSD	0.59	0.00895357812552875	0.0109804863943026
RLG_AinsBYU209_Cereba_chr7D-089623_TSD	0.335	0.0085700158246162	0.00802648529469078
RLG_AinsBYU209_Cereba_chr7D-094621_TSD	0.548	0.0102841128929974	0.00875250892519343
RLG_AinsBYU209_Cereba_chr7D-152734_TSD	0.76	0.00819095258350843	0.0104834522348141
RLG_AinsBYU209_Cereba_chr7D-179546_TSD	0.937	0.0087386049312509	0.01064201046208
RLG_AinsBYU209_Cereba_chr7D-194760_TSD	0.421	0.00865232228352266	0.0102466995731661
RLG_AinsBYU209_Cereba_chr7D-227313_TSD	0.589	5.42809762958998e-05	0.0164023541651891
RLG_AinsBYU209_Cereba_chr7D-229887_TSD	0.42	-0.000685403352631549	0.0160719013118559
RLG_AinsBYU209_Cereba_chr7D-233288_TSD	0.676	0.00951016087606145	0.0117379678300219
RLG_AinsBYU209_Cereba_chr7D-236857_TSD	1.019	0.00744583372684101	0.00946491696257945
RLG_AinsBYU209_Cereba_chr7D-238246_TSD	0.547	0.00871401730458693	0.00974432843896507
RLG_AinsBYU209_Cereba_chr7D-240709_TSD	0.761	0.00519391970099593	0.0109060229286332
RLG_AinsBYU209_Cereba_chr7D-240721_TSD	1.151	0.00220540770577279	0.0133736234649487
RLG_AinsBYU209_Cereba_chr7D-241143_TSD	0.934	0.00472472904090498	0.0136003234598105
RLG_AinsBYU209_Cereba_chr7D-249221_TSD	0.505	0.00426521453610513	0.0127603660890172
RLG_AinsBYU209_Cereba_chr7D-249864_TSD	0.803	0.00251199868773932	0.0105124025795745
RLG_AinsBYU209_Cereba_chr7D-250092_TSD	0.847	0.00553027899302119	0.0105882874118364
RLG_AinsBYU209_Cereba_chr7D-250186_TSD	0.293	0.00952006504240201	0.0082879180938682
RLG_AinsBYU209_Cereba_chr7D-250223_TSD	0.936	0.000595791257113249	0.0168332657084238
RLG_AinsBYU209_Cereba_chr7D-250260_TSD	0.467	0.00872719931655669	0.0107500846182651
RLG_AinsBYU209_Cereba_chr7D-250325_TSD	0.421	0.0097882362167792	0.00772835143532096
RLG_AinsBYU209_Cereba_chr7D-250602_TSD	0.548	0.00952032959593797	0.00941818397900431
RLG_AinsBYU209_Cereba_chr7D-250624_TSD	0.481	0.00708194850676039	0.00884196149143932
RLG_AinsBYU209_Cereba_chr7D-250809_TSD	0.505	0.00864367553432789	0.00735258871843518
RLG_AinsBYU209_Cereba_chr7D-251004_TSD	0.591	0.0102464318068363	0.00718852971282393
RLG_AinsBYU209_Cereba_chr7D-251042_TSD	0.857	0.00904988795900411	0.0111510934449286
RLG_AinsBYU209_Cereba_chr7D-251051_TSD	0.591	0.0082834180012356	0.0105124672162207
RLG_AinsBYU209_Cereba_chr7D-251132_TSD	0.462	0.00870741033174999	0.00929406703032574
RLG_AinsBYU209_Cereba_chr7D-251208_TSD	0.808	0.00574479820235802	0.0100459364947143
RLG_AinsBYU209_Cereba_chr7D-251468_TSD	1.413	0.00709791643595421	0.0119866151102475
RLG_AinsBYU209_Cereba_chr7D-252124_TSD	0.819	0.00831809002481127	0.00883439946277148
RLG_AinsBYU209_Cereba_chr7D-252247_TSD	0.292	0.007066726907797	0.00930126954368904
RLG_AinsBYU209_Cereba_chr7D-252327_TSD	0.806	0.0048628233407757	0.0110809650918238
RLG_AinsBYU209_Cereba_chr7D-252420_TSD	1.148	0.00558998414973104	0.0111579776128809
RLG_AinsBYU209_Cereba_chr7D-252442_TSD	1.113	0.00949502779662605	0.00890226666867051
RLG_AinsBYU209_Cereba_chr7D-252485_TSD	0.591	0.0061521820915397	0.00900840138248394
RLG_AinsBYU209_Cereba_chr7D-252594_TSD	0.692	0.00881866900288887	0.00970898417007646
RLG_AinsBYU209_Cereba_chr7D-252660_TSD	0.55	0.00609583199908941	0.0111606355619762
RLG_AinsBYU209_Cereba_chr7D-252678_TSD	0.591	0.000264974975994705	0.0151172983233054
RLG_AinsBYU209_Cereba_chr7D-253013_TSD	0.506	0.00852601792617518	0.0104499199458197
RLG_AinsBYU209_Cereba_chr7D-253036_TSD	0.378	0.0067166615905799	0.00711999917273032
RLG_AinsBYU209_Cereba_chr7D-253058_TSD	0.717	0.00583094004464678	0.0105881439371832
RLG_AinsBYU209_Cereba_chr7D-253351_TSD	0.546	0.00703836470118073	0.0105633487721164
RLG_AinsBYU209_Cereba_chr7D-253480_TSD	0.467	0.00898479286274518	0.0101237660439435
RLG_AinsBYU209_Cereba_chr7D-253591_TSD	0.717	0.000571622774008443	0.0173626958180133
RLG_AinsBYU209_Cereba_chr7D-253893_TSD	1.063	0.00692536459465699	0.00973513891117386
RLG_AinsBYU209_Cereba_chr7D-253903_TSD	1.021	0.00656051705230806	0.011044185969644
RLG_AinsBYU209_Cereba_chr7D-254122_TSD	1.023	-0.000541712882207966	0.0156794845602039
RLG_AinsBYU209_Cereba_chr7D-254137_TSD	1.455	0.0052065735305692	0.00902543895794743
RLG_AinsBYU209_Cereba_chr7D-254159_TSD	1.678	0.00243204112243838	0.014749644837819
RLG_AinsBYU209_Cereba_chr7D-254659_TSD	0.915	-8.34574586049634e-05	0.0159551733013542
RLG_AinsBYU209_Cereba_chr7D-257721_TSD	0.548	0.00829281330643045	0.0117902397090302
RLG_AinsBYU209_Cereba_chr7D-268436_TSD	1.195	0.00100847238044363	0.0171403570565549
RLG_AinsBYU209_Cereba_chr7D-272387_TSD	0.463	0.00847158732826704	0.0105742047413641
RLG_AinsBYU209_Cereba_chr7D-274231_TSD	0.546	0.00639106846845387	0.00903218328092294
RLG_AinsBYU209_Cereba_chr7D-278274_TSD	0.675	0.0106751931438164	0.00671381388346688
RLG_AinsBYU209_Cereba_chr7D-298041_TSD	0.547	0.00373607740556235	0.011209548220479
RLG_AinsBYU209_Cereba_chr7D-305531_TSD	0.675	0.00546345701550286	0.0089700880218672
RLG_AinsBYU209_Cereba_chr7D-396554_TSD	1.02	0.0015689611192114	0.0141438227754327
RLG_AlonCN58138Al_Cereba_chr1A-180312_TSD	0.041	0.0185131871741705	-0.0281039671197443
RLG_AlonCN58138Al_Cereba_chr1A-201159_TSD	1.9	0.00291574539974276	0.011167599639247
RLG_AlonCN58138Al_Cereba_chr1A-210727_TSD	1.284	0.00367687560228578	0.0121613472960797
RLG_AlonCN58138Al_Cereba_chr1A-211151_TSD	1.109	0.00896051145844228	0.00530158574159882
RLG_AlonCN58138Al_Cereba_chr1A-211446_TSD	0.762	0.0136520383298063	-0.00508764162594274
RLG_AlonCN58138Al_Cereba_chr1A-213931_TSD	1.02	0.010163858551659	0.00619797660618167
RLG_AlonCN58138Al_Cereba_chr1A-215979_TSD	1.106	0.00553276474621418	0.0102118472741536
RLG_AlonCN58138Al_Cereba_chr1A-231218_TSD	0.935	0.00374685881165938	0.0113411749456892
RLG_AlonCN58138Al_Cereba_chr1A-233093_TSD	0.632	0.00342099097195976	0.0121576938255613
RLG_AlonCN58138Al_Cereba_chr1A-233930_TSD	1.153	0.00897608671899163	0.00735880213377753
RLG_AlonCN58138Al_Cereba_chr1A-234398_TSD	1.106	-0.000660195634987752	0.0146610508394186
RLG_AlonCN58138Al_Cereba_chr1A-234536_TSD	1.112	0.0019365785014852	0.0140678517192445
RLG_AlonCN58138Al_Cereba_chr1A-234591_TSD	0.505	0.0121754294983692	-0.00108273154983309
RLG_AlonCN58138Al_Cereba_chr1A-234627_TSD	1.071	0.00128311379719048	0.0127165686920821
RLG_AlonCN58138Al_Cereba_chr1A-234638_TSD	0.762	0.00967086424859008	0.00705522187726348
RLG_AlonCN58138Al_Cereba_chr1A-234665_TSD	1.366	0.00466859076247997	0.00871458760031611
RLG_AlonCN58138Al_Cereba_chr1A-234682_TSD	0.933	0.00621653134175235	0.00769595050420915
RLG_AlonCN58138Al_Cereba_chr1A-235023_TSD	0.547	0.0130619423258206	-0.00243073885330126
RLG_AlonCN58138Al_Cereba_chr1A-235462_TSD	0.335	0.0168882482744888	-0.0222017548644021
RLG_AlonCN58138Al_Cereba_chr1A-235475_TSD	0.083	0.0185914076911462	-0.0279268953825259
RLG_AlonCN58138Al_Cereba_chr1A-235600_TSD	0.125	0.0179829129415558	-0.0239790614751524
RLG_AlonCN58138Al_Cereba_chr1A-235762_TSD	0.805	0.0117755379577609	-0.00423432990324412
RLG_AlonCN58138Al_Cereba_chr1A-235787_TSD	0.167	0.0174145859270392	-0.0213358288928564
RLG_AlonCN58138Al_Cereba_chr1A-235882_TSD	0.293	0.0181725704803095	-0.0254451835727667
RLG_AlonCN58138Al_Cereba_chr1A-235913_TSD	0.293	0.0143119420782777	-0.00514374816882335
RLG_AlonCN58138Al_Cereba_chr1A-236005_TSD	0.125	0.0182112911126053	-0.0273581379487862
RLG_AlonCN58138Al_Cereba_chr1A-236143_TSD	0.251	0.0126621903797304	0.000114746154356631
RLG_AlonCN58138Al_Cereba_chr1A-236194_TSD	0.933	0.00766225543199453	0.00369110966435949
RLG_AlonCN58138Al_Cereba_chr1A-236448_TSD	0.167	0.0184940086707406	-0.0266567725874765
RLG_AlonCN58138Al_Cereba_chr1A-236456_TSD	0.934	0.012700501011215	0.00029868814329953
RLG_AlonCN58138Al_Cereba_chr1A-236553_TSD	0.505	0.0104978133573425	-0.00247314595675895
RLG_AlonCN58138Al_Cereba_chr1A-236649_TSD	0.589	0.0117100841408763	0.000512542389788726
RLG_AlonCN58138Al_Cereba_chr1A-236665_TSD	0.81	0.0103042106172892	0.00534688711653157
RLG_AlonCN58138Al_Cereba_chr1A-236714_TSD	0.378	0.0143392128596203	-0.00635440375898113
RLG_AlonCN58138Al_Cereba_chr1A-236746_TSD	0.125	0.0184591481985441	-0.0275080609568223
RLG_AlonCN58138Al_Cereba_chr1A-236843_TSD	0.125	0.0180108104398804	-0.0238219041910267
RLG_AlonCN58138Al_Cereba_chr1A-236896_TSD	0.939	0.0130457082204746	-0.0041012414558674
RLG_AlonCN58138Al_Cereba_chr1A-236942_TSD	0.167	0.0182952868461372	-0.027831571418729
RLG_AlonCN58138Al_Cereba_chr1A-237077_TSD	0.547	0.0114939317553375	-0.00104472422669731
RLG_AlonCN58138Al_Cereba_chr1A-237369_TSD	0.803	0.0121501099790313	-0.00131806154690508
RLG_AlonCN58138Al_Cereba_chr1A-237389_TSD	1.153	0.0103790799003336	0.00569627462744476
RLG_AlonCN58138Al_Cereba_chr1A-237432_TSD	0.979	0.0111017827153605	0.00583211589846593
RLG_AlonCN58138Al_Cereba_chr1A-237531_TSD	0.599	0.0110100577670738	0.00266380600525458
RLG_AlonCN58138Al_Cereba_chr1A-237546_TSD	0.335	0.017408399548526	-0.0267378939570238
RLG_AlonCN58138Al_Cereba_chr1A-237577_TSD	1.03	0.00884794204972979	0.00748587909715616
RLG_AlonCN58138Al_Cereba_chr1A-237654_TSD	0.209	0.0183205910403497	-0.0253905932739435
RLG_AlonCN58138Al_Cereba_chr1A-237748_TSD	0.35	0.0141798027684348	-0.00506705279606906
RLG_AlonCN58138Al_Cereba_chr1A-237775_TSD	0.848	0.0113927857933015	0.00202727710406793
RLG_AlonCN58138Al_Cereba_chr1A-237873_TSD	1.411	0.0119663611394654	0.00293625845243945
RLG_AlonCN58138Al_Cereba_chr1A-238428_TSD	0.083	0.0175953024952334	-0.0244524752283941
RLG_AlonCN58138Al_Cereba_chr1A-238496_TSD	0.041	0.0185571981404666	-0.0257356658402988
RLG_AlonCN58138Al_Cereba_chr1A-238514_TSD	0	0.0183111777231496	-0.0244783334165674
RLG_AlonCN58138Al_Cereba_chr1A-238568_TSD	0.378	0.0169970742044487	-0.0222543665850147
RLG_AlonCN58138Al_Cereba_chr1A-238697_TSD	0.167	0.0179491302344737	-0.0268298649152982
RLG_AlonCN58138Al_Cereba_chr1A-238985_TSD	0.125	0.0186937226227714	-0.0279076182623857
RLG_AlonCN58138Al_Cereba_chr1A-239053_TSD	0.167	0.0186480876722675	-0.0279539918570512
RLG_AlonCN58138Al_Cereba_chr1A-239136_TSD	0.167	0.0172318364956349	-0.0235709527948482
RLG_AlonCN58138Al_Cereba_chr1A-239173_TSD	0.379	0.0186664630322826	-0.0258566137768809
RLG_AlonCN58138Al_Cereba_chr1A-239295_TSD	0.083	0.0169582066136296	-0.0204766684751436
RLG_AlonCN58138Al_Cereba_chr1A-239455_TSD	0.591	0.0128654186003492	-0.0030978497662061
RLG_AlonCN58138Al_Cereba_chr1A-239468_TSD	0.771	0.00951932381591105	0.00397759539355612
RLG_AlonCN58138Al_Cereba_chr1A-239546_TSD	0.764	0.0129141046541872	-0.00158442143141824
RLG_AlonCN58138Al_Cereba_chr1A-239711_TSD	0.978	0.0120149347370476	-0.00148372648888483
RLG_AlonCN58138Al_Cereba_chr1A-239975_TSD	0.979	0.0150493188057285	-0.00914518521821232
RLG_AlonCN58138Al_Cereba_chr1A-239983_TSD	1.026	0.00261508822709122	0.0125742056810896
RLG_AlonCN58138Al_Cereba_chr1A-240047_TSD	0.125	0.0142875474907037	-0.00523901719748836
RLG_AlonCN58138Al_Cereba_chr1A-240142_TSD	0.42	0.0186816375134307	-0.0260607143589181
RLG_AlonCN58138Al_Cereba_chr1A-240409_TSD	0.167	0.0178453400798617	-0.0204472130587788
RLG_AlonCN58138Al_Cereba_chr1A-240747_TSD	0.421	0.0129419191271385	-0.0056231653379138
RLG_AlonCN58138Al_Cereba_chr1A-240863_TSD	1.15	0.0137470527370072	-0.00331204677426873
RLG_AlonCN58138Al_Cereba_chr1A-241041_TSD	1.108	0.0117534747653744	0.00226807768152442
RLG_AlonCN58138Al_Cereba_chr1A-241167_TSD	0.293	0.0131004234356485	-0.00495975662039101
RLG_AlonCN58138Al_Cereba_chr1A-241337_TSD	1.15	0.00760170008382355	0.0107891478286932
RLG_AlonCN58138Al_Cereba_chr1A-241369_TSD	1.173	0.00197885645649163	0.00962330074433181
RLG_AlonCN58138Al_Cereba_chr1A-242312_TSD	1.288	0.00509530658477771	0.00942254866372635
RLG_AlonCN58138Al_Cereba_chr1A-242884_TSD	0.891	0.00780239529402348	0.012424080997609
RLG_AlonCN58138Al_Cereba_chr1A-242891_TSD	1.108	0.00770250805640116	0.0122202352807875
RLG_AlonCN58138Al_Cereba_chr1A-243847_TSD	1.237	0.00933061826901894	0.00258039874215473
RLG_AlonCN58138Al_Cereba_chr1A-244762_TSD	0.632	0.00766619106031859	0.0067212091870014
RLG_AlonCN58138Al_Cereba_chr1A-246170_TSD	1.02	0.00944306766118629	0.00714272629600876
RLG_AlonCN58138Al_Cereba_chr1A-246783_TSD	0.639	0.0034466202065496	0.00956123575872511
RLG_AlonCN58138Al_Cereba_chr1A-248657_TSD	0.083	0.0181626710749445	-0.0262538537331276
RLG_AlonCN58138Al_Cereba_chr1A-254287_TSD	0.125	0.0171360909982207	-0.0221175733067388
RLG_AlonCN58138Al_Cereba_chr1A-254353_TSD	0.975	0.00913334224019651	0.00796335368433757
RLG_AlonCN58138Al_Cereba_chr1A-254970_TSD	0.083	0.0179590647525729	-0.0272537066206608
RLG_AlonCN58138Al_Cereba_chr1A-255478_TSD	0.678	0.011672909543205	0.00162665210117452
RLG_AlonCN58138Al_Cereba_chr1A-279124_TSD	1.205	0.0112619779851007	0.00198199387328406
RLG_AlonCN58138Al_Cereba_chr1A-305905_TSD	0.806	0.000492099179351363	0.0117187210499054
RLG_AlonCN58138Al_Cereba_chr1A-394309_TSD	0.462	0.0139689618505496	-0.00404087720303843
RLG_AlonCN58138Al_Cereba_chr1A-413878_TSD	0.807	0.00593961660562005	0.0101501619384029
RLG_AlonCN58138Al_Cereba_chr1A-471177_TSD	0.849	0.00784878308924386	0.0066359204404696
RLG_AlonCN58138Al_Cereba_chr2A-026169_TSD	0.378	0.0140375490955365	-0.00257733780367162
RLG_AlonCN58138Al_Cereba_chr2A-054362_TSD	0.505	0.00699330679825142	0.0110814209078214
RLG_AlonCN58138Al_Cereba_chr2A-100181_TSD	1.289	0.0052451322937779	0.0136833543702628
RLG_AlonCN58138Al_Cereba_chr2A-148240_TSD	0.251	0.000760328539550328	0.0138911812081399
RLG_AlonCN58138Al_Cereba_chr2A-164356_TSD	0.89	0.00769142139924851	0.0113171760887291
RLG_AlonCN58138Al_Cereba_chr2A-164363_TSD	0.59	0.00668099408590787	0.0105392100564306
RLG_AlonCN58138Al_Cereba_chr2A-173895_TSD	0.976	0.0109077370729144	0.00491803034089672
RLG_AlonCN58138Al_Cereba_chr2A-251375_TSD	0.973	0.00240154915350431	0.012458807570697
RLG_AlonCN58138Al_Cereba_chr2A-261308_TSD	0.167	0.0173754330712167	-0.026635656150551
RLG_AlonCN58138Al_Cereba_chr2A-265047_TSD	1.236	0.00348179764518301	0.0123819830621643
RLG_AlonCN58138Al_Cereba_chr2A-266058_TSD	1.106	0.00469947015084474	0.0115867790076573
RLG_AlonCN58138Al_Cereba_chr2A-279565_TSD	0.167	0.0186264220390112	-0.0268795947630472
RLG_AlonCN58138Al_Cereba_chr2A-279658_TSD	0.977	0.00374772393535076	0.0114751471514368
RLG_AlonCN58138Al_Cereba_chr2A-282482_TSD	0.504	0.0111498618432764	0.0046066949376824
RLG_AlonCN58138Al_Cereba_chr2A-283425_TSD	0.336	0.0120256688013035	-0.00153965247654647
RLG_AlonCN58138Al_Cereba_chr2A-283704_TSD	0.59	0.0104091039189941	0.00372476717801116
RLG_AlonCN58138Al_Cereba_chr2A-287025_TSD	1.021	0.00932164443299662	0.00752936141883407
RLG_AlonCN58138Al_Cereba_chr2A-292547_TSD	0.934	0.00611596569235433	0.00957509984906246
RLG_AlonCN58138Al_Cereba_chr2A-293368_TSD	1.02	0.00795943087511054	0.0117807684517191
RLG_AlonCN58138Al_Cereba_chr2A-294073_TSD	0.042	0.0179090186383654	-0.0234040060581909
RLG_AlonCN58138Al_Cereba_chr2A-294666_TSD	1.024	0.00460491678011903	0.0121709240034723
RLG_AlonCN58138Al_Cereba_chr2A-294702_TSD	0.976	0.00870701923648606	0.00662671726623045
RLG_AlonCN58138Al_Cereba_chr2A-294724_TSD	0.889	0.00636601297894186	0.0071359873201862
RLG_AlonCN58138Al_Cereba_chr2A-294940_TSD	1.024	0.00203897510679998	0.0177181263121809
RLG_AlonCN58138Al_Cereba_chr2A-295025_TSD	0.125	0.0179819021321912	-0.025059406847868
RLG_AlonCN58138Al_Cereba_chr2A-295047_TSD	1.106	0.00126533855178388	0.015488920772342
RLG_AlonCN58138Al_Cereba_chr2A-295129_TSD	0.722	0.0109950677778205	0.00214196869227112
RLG_AlonCN58138Al_Cereba_chr2A-295402_TSD	0.167	0.0180621964391433	-0.0228706512401935
RLG_AlonCN58138Al_Cereba_chr2A-295783_TSD	0.767	0.00837449728478552	0.00710135460226583
RLG_AlonCN58138Al_Cereba_chr2A-295829_TSD	0.125	0.0182749231980025	-0.0258944025812946
RLG_AlonCN58138Al_Cereba_chr2A-295866_TSD	1.329	0.00549126880312438	0.0113856549727867
RLG_AlonCN58138Al_Cereba_chr2A-295940_TSD	0.589	0.0118544125689081	-0.00156610919060082
RLG_AlonCN58138Al_Cereba_chr2A-296194_TSD	0.892	0.0111388040940936	0.00151416117211115
RLG_AlonCN58138Al_Cereba_chr2A-296310_TSD	0.671	0.0140977117911106	-0.00895038500612051
RLG_AlonCN58138Al_Cereba_chr2A-296379_TSD	0.677	0.0177068262826199	-0.0242398805559641
RLG_AlonCN58138Al_Cereba_chr2A-296408_TSD	0.083	0.0175878517574978	-0.0240420527467347
RLG_AlonCN58138Al_Cereba_chr2A-296586_TSD	0.993	0.00538666774906999	0.0117544620313279
RLG_AlonCN58138Al_Cereba_chr2A-296952_TSD	0.083	0.0187321306685568	-0.0277424458510944
RLG_AlonCN58138Al_Cereba_chr2A-297191_TSD	0.209	0.0181394593579079	-0.0221449499292564
RLG_AlonCN58138Al_Cereba_chr2A-297479_TSD	0.975	0.0114876745106035	-0.00148461158581087
RLG_AlonCN58138Al_Cereba_chr2A-297627_TSD	0.167	0.0188846272890727	-0.0273074864681395
RLG_AlonCN58138Al_Cereba_chr2A-297729_TSD	0.167	0.0184995283821141	-0.0258793341412333
RLG_AlonCN58138Al_Cereba_chr2A-297818_TSD	0.377	0.0140960743729692	-0.0051984103306081
RLG_AlonCN58138Al_Cereba_chr2A-297887_TSD	0.209	0.0134801937375822	-0.00274912139478607
RLG_AlonCN58138Al_Cereba_chr2A-297917_TSD	0.041	0.0175798833866625	-0.0233849962520589
RLG_AlonCN58138Al_Cereba_chr2A-297939_TSD	0.293	0.0177851927674037	-0.0261180728817645
RLG_AlonCN58138Al_Cereba_chr2A-298015_TSD	0.167	0.0186912535714161	-0.0268004029758745
RLG_AlonCN58138Al_Cereba_chr2A-298063_TSD	0	0.0187280262210142	-0.0252348801436577
RLG_AlonCN58138Al_Cereba_chr2A-298120_TSD	0.125	0.0182811783694253	-0.0247948051666706
RLG_AlonCN58138Al_Cereba_chr2A-298207_TSD	0.125	0.0186388185947687	-0.0278972635582592
RLG_AlonCN58138Al_Cereba_chr2A-298275_TSD	0.893	0.0129163696593301	-0.00386703036409394
RLG_AlonCN58138Al_Cereba_chr2A-298329_TSD	0.504	0.0126689900844206	-0.00385618383589494
RLG_AlonCN58138Al_Cereba_chr2A-298342_TSD	0.041	0.0184118648075922	-0.0266423471427864
RLG_AlonCN58138Al_Cereba_chr2A-298428_TSD	0.083	0.0186926621571327	-0.0269522315173794
RLG_AlonCN58138Al_Cereba_chr2A-298586_TSD	0.251	0.0180883034393377	-0.0241739739283181
RLG_AlonCN58138Al_Cereba_chr2A-298773_TSD	0.167	0.0186976577878043	-0.0276236217792072
RLG_AlonCN58138Al_Cereba_chr2A-298787_TSD	0.125	0.0183751524169664	-0.0262766659742009
RLG_AlonCN58138Al_Cereba_chr2A-298862_TSD	0.083	0.0186192849571091	-0.0278421689412913
RLG_AlonCN58138Al_Cereba_chr2A-298885_TSD	1.599	0.0107453490150915	0.00150090324333178
RLG_AlonCN58138Al_Cereba_chr2A-299176_TSD	0.041	0.0185944852672225	-0.0255970897246411
RLG_AlonCN58138Al_Cereba_chr2A-299266_TSD	0.251	0.0176526638923768	-0.0231907747466722
RLG_AlonCN58138Al_Cereba_chr2A-299322_TSD	0.083	0.0188314730591047	-0.0275363271016651
RLG_AlonCN58138Al_Cereba_chr2A-299355_TSD	0.125	0.0177472070500268	-0.0232984586823327
RLG_AlonCN58138Al_Cereba_chr2A-299422_TSD	0.675	0.0134057392148542	-0.00398329934890905
RLG_AlonCN58138Al_Cereba_chr2A-299589_TSD	0.251	0.0186781475016162	-0.0239774269355823
RLG_AlonCN58138Al_Cereba_chr2A-299667_TSD	0.125	0.0174304801908666	-0.0249840851645081
RLG_AlonCN58138Al_Cereba_chr2A-299794_TSD	0.676	0.0114220861372055	0.0033720827249161
RLG_AlonCN58138Al_Cereba_chr2A-299832_TSD	0.209	0.0184362469242481	-0.0250792844176023
RLG_AlonCN58138Al_Cereba_chr2A-299849_TSD	0.761	0.012537510222756	-0.00193686653430142
RLG_AlonCN58138Al_Cereba_chr2A-299922_TSD	0.167	0.01859157150738	-0.0256516149522922
RLG_AlonCN58138Al_Cereba_chr2A-299932_TSD	0.889	0.011590638859913	-0.00123085287600228
RLG_AlonCN58138Al_Cereba_chr2A-300010_TSD	0.167	0.0180318237482698	-0.0238298343739046
RLG_AlonCN58138Al_Cereba_chr2A-300023_TSD	2.125	0.00651159467619492	0.00510957167237709
RLG_AlonCN58138Al_Cereba_chr2A-300098_TSD	0.251	0.0179911520354007	-0.0255113789132678
RLG_AlonCN58138Al_Cereba_chr2A-300343_TSD	0.462	0.0130813138308159	-0.00595235119755413
RLG_AlonCN58138Al_Cereba_chr2A-300548_TSD	0.676	0.0127921843237405	-0.00367802746764624
RLG_AlonCN58138Al_Cereba_chr2A-300556_TSD	0.717	0.0121955256878961	0.000795499795110951
RLG_AlonCN58138Al_Cereba_chr2A-300679_TSD	0.548	0.0106330592961217	0.00295615187007071
RLG_AlonCN58138Al_Cereba_chr2A-300791_TSD	1.244	0.010270597952893	0.00208090455240468
RLG_AlonCN58138Al_Cereba_chr2A-300806_TSD	0.894	0.00983189974888618	0.00225456536963407
RLG_AlonCN58138Al_Cereba_chr2A-300965_TSD	0.805	0.00982520439278172	0.0038335059213009
RLG_AlonCN58138Al_Cereba_chr2A-300980_TSD	1.854	0.0067681714571158	0.00125902151573854
RLG_AlonCN58138Al_Cereba_chr2A-301087_TSD	0.846	0.00880557551226469	0.00874889713386763
RLG_AlonCN58138Al_Cereba_chr2A-301156_TSD	0.167	0.0188598625588774	-0.0271427758043539
RLG_AlonCN58138Al_Cereba_chr2A-301240_TSD	0.167	0.0183747878127467	-0.0258347665312753
RLG_AlonCN58138Al_Cereba_chr2A-301408_TSD	1.592	0.00776539618919965	0.0105229267736408
RLG_AlonCN58138Al_Cereba_chr2A-301567_TSD	1.283	0.00776909635081281	0.00980245418324795
RLG_AlonCN58138Al_Cereba_chr2A-301595_TSD	0.547	0.0134497817595564	-0.00357662373394471
RLG_AlonCN58138Al_Cereba_chr2A-301950_TSD	1.238	0.00171708806870422	0.0158311316761349
RLG_AlonCN58138Al_Cereba_chr2A-302560_TSD	0.803	0.00193483472971521	0.0162454993691899
RLG_AlonCN58138Al_Cereba_chr2A-303487_TSD	0.96	0.0108785289609467	0.00252660971350072
RLG_AlonCN58138Al_Cereba_chr2A-303555_TSD	0.209	0.0182985424066423	-0.0246127109411816
RLG_AlonCN58138Al_Cereba_chr2A-304338_TSD	1.239	0.0100111245615826	0.00375032259911932
RLG_AlonCN58138Al_Cereba_chr2A-314667_TSD	0.547	0.0133819576898533	-0.00450333350194598
RLG_AlonCN58138Al_Cereba_chr2A-316178_TSD	0.902	0.0114499179264834	0.00340183895135543
RLG_AlonCN58138Al_Cereba_chr2A-326274_TSD	0.462	0.0107234905162795	0.00260974758182124
RLG_AlonCN58138Al_Cereba_chr2A-333957_TSD	1.369	-0.00115476978261861	0.0152103715719846
RLG_AlonCN58138Al_Cereba_chr2A-371197_TSD	0.516	0.0123119291140592	-0.0053016128262689
RLG_AlonCN58138Al_Cereba_chr2A-400675_TSD	0.804	0.010729521224521	0.00425281924935854
RLG_AlonCN58138Al_Cereba_chr2A-433496_TSD	0.251	0.0132953244979005	-0.00665627216886761
RLG_AlonCN58138Al_Cereba_chr2A-492550_TSD	0	0.017735256818916	-0.0246960841764361
RLG_AlonCN58138Al_Cereba_chr2A-499437_TSD	0.891	0.011491306879534	-0.00163701990506627
RLG_AlonCN58138Al_Cereba_chr2A-508247_TSD	0.888	-0.000207646803917823	0.0172431400990892
RLG_AlonCN58138Al_Cereba_chr2A-537545_TSD	0.42	0.013639147963178	-0.0040955997259368
RLG_AlonCN58138Al_Cereba_chr2A-557988_TSD	0.469	0.0105723600813545	0.000934451015938977
RLG_AlonCN58138Al_Cereba_chr2A-559057_TSD	1.044	0.00186924254306765	0.0105826030043588
RLG_AlonCN58138Al_Cereba_chr3A-032668_TSD	0.251	0.0174140738655807	-0.0210926915289347
RLG_AlonCN58138Al_Cereba_chr3A-100986_TSD	0.935	0.00986866016562065	0.00747393902630276
RLG_AlonCN58138Al_Cereba_chr3A-139144_TSD	0.125	0.0176004415383894	-0.0223913872090005
RLG_AlonCN58138Al_Cereba_chr3A-153949_TSD	0.848	0.00735641324039463	0.00980884653969296
RLG_AlonCN58138Al_Cereba_chr3A-203237_TSD	0.167	0.0177157371855676	-0.023983901497002
RLG_AlonCN58138Al_Cereba_chr3A-215711_TSD	0.675	0.0138795852355149	-0.00451223611241185
RLG_AlonCN58138Al_Cereba_chr3A-223169_TSD	0.125	0.0138431068911328	-0.00364689175847174
RLG_AlonCN58138Al_Cereba_chr3A-234744_TSD	0.823	0.00391986878541544	0.0116091379837792
RLG_AlonCN58138Al_Cereba_chr3A-240522_TSD	1.193	0.00595289942702506	0.0116078964237702
RLG_AlonCN58138Al_Cereba_chr3A-252015_TSD	0.893	-0.000555360472320691	0.0129788472898997
RLG_AlonCN58138Al_Cereba_chr3A-256431_TSD	1.372	0.000136326670340848	0.0129207394790136
RLG_AlonCN58138Al_Cereba_chr3A-257174_TSD	0.377	0.0140784684005925	-0.00485488773223998
RLG_AlonCN58138Al_Cereba_chr3A-259540_TSD	0.933	0.00300024762734012	0.0117021870757359
RLG_AlonCN58138Al_Cereba_chr3A-260031_TSD	0.547	0.0120499706789996	-0.00279974839147294
RLG_AlonCN58138Al_Cereba_chr3A-260615_TSD	0.935	0.0117127163762563	-0.00241806266439492
RLG_AlonCN58138Al_Cereba_chr3A-260850_TSD	0.589	0.0120253426273065	-0.00261482560117949
RLG_AlonCN58138Al_Cereba_chr3A-261193_TSD	1.328	0.000668692189987611	0.0150929390862577
RLG_AlonCN58138Al_Cereba_chr3A-261487_TSD	0.608	0.00970855773055198	0.00678285302464869
RLG_AlonCN58138Al_Cereba_chr3A-261513_TSD	0.546	0.0114821311289244	-0.000201554941656933
RLG_AlonCN58138Al_Cereba_chr3A-261525_TSD	0.721	0.0120012957390426	0.000730448148635809
RLG_AlonCN58138Al_Cereba_chr3A-261671_TSD	0.803	0.0125870392866424	-0.00194449344809043
RLG_AlonCN58138Al_Cereba_chr3A-261678_TSD	0.209	0.0126735955994735	-0.00224151740429577
RLG_AlonCN58138Al_Cereba_chr3A-261864_TSD	0.933	0.0115917564810524	0.000840965868900641
RLG_AlonCN58138Al_Cereba_chr3A-261985_TSD	1.945	0.0113540212846319	0.002180446964514
RLG_AlonCN58138Al_Cereba_chr3A-262212_TSD	1.773	0.00517094214234778	0.00915969155097096
RLG_AlonCN58138Al_Cereba_chr3A-262251_TSD	0.547	0.0115091853889694	-0.000854419994912776
RLG_AlonCN58138Al_Cereba_chr3A-262459_TSD	0.942	0.0120988712180461	0.000344959422042919
RLG_AlonCN58138Al_Cereba_chr3A-262638_TSD	0.167	0.0178105297810833	-0.0240568055208362
RLG_AlonCN58138Al_Cereba_chr3A-262652_TSD	1.986	0.00605473273581851	0.0101429057386601
RLG_AlonCN58138Al_Cereba_chr3A-262743_TSD	0.762	0.0127454010970129	-0.00348716830066949
RLG_AlonCN58138Al_Cereba_chr3A-262883_TSD	0.209	0.0188123729602605	-0.0279840685871742
RLG_AlonCN58138Al_Cereba_chr3A-262892_TSD	0.251	0.0136038742760042	-0.0037541629771658
RLG_AlonCN58138Al_Cereba_chr3A-262920_TSD	0.042	0.0182974244875918	-0.0251904085296194
RLG_AlonCN58138Al_Cereba_chr3A-263233_TSD	0.041	0.018663154435588	-0.0277230184697962
RLG_AlonCN58138Al_Cereba_chr3A-263256_TSD	0.763	0.0114995889536949	0.00220101644956158
RLG_AlonCN58138Al_Cereba_chr3A-263327_TSD	1.082	0.0131954832718313	-0.000770769375151412
RLG_AlonCN58138Al_Cereba_chr3A-263743_TSD	0.083	0.0180905482137681	-0.0261014275736321
RLG_AlonCN58138Al_Cereba_chr3A-263775_TSD	1.196	0.00625642302394493	0.0106484722403019
RLG_AlonCN58138Al_Cereba_chr3A-264023_TSD	0.633	0.0131749171219769	-0.00426071885379969
RLG_AlonCN58138Al_Cereba_chr3A-264208_TSD	0.125	0.018502418945858	-0.025652874060211
RLG_AlonCN58138Al_Cereba_chr3A-264323_TSD	0.209	0.017827349931133	-0.0260284602680231
RLG_AlonCN58138Al_Cereba_chr3A-264368_TSD	0.821	0.00976251754125227	0.00566887404850063
RLG_AlonCN58138Al_Cereba_chr3A-264487_TSD	0.083	0.0185305005828985	-0.027348440404884
RLG_AlonCN58138Al_Cereba_chr3A-264586_TSD	0.041	0.0187474353085618	-0.0277952876230541
RLG_AlonCN58138Al_Cereba_chr3A-264637_TSD	0.463	0.0134844370977843	-0.00349129709205814
RLG_AlonCN58138Al_Cereba_chr3A-264644_TSD	0.676	0.0119804910216159	-0.000120379042485849
RLG_AlonCN58138Al_Cereba_chr3A-264654_TSD	0.634	0.01274860811786	-0.00186946540188979
RLG_AlonCN58138Al_Cereba_chr3A-264686_TSD	0.462	0.0142111314225864	-0.00393130233724159
RLG_AlonCN58138Al_Cereba_chr3A-264856_TSD	0.041	0.0178383065956565	-0.0246915792364053
RLG_AlonCN58138Al_Cereba_chr3A-264890_TSD	0.678	0.0120526639815381	-0.00243554717663999
RLG_AlonCN58138Al_Cereba_chr3A-264973_TSD	0.335	0.016885173809473	-0.021448723789958
RLG_AlonCN58138Al_Cereba_chr3A-265142_TSD	0.041	0.0180663655497709	-0.022837134153171
RLG_AlonCN58138Al_Cereba_chr3A-265498_TSD	0.125	0.0176951498886962	-0.0246988599788623
RLG_AlonCN58138Al_Cereba_chr3A-265570_TSD	1.249	0.0119463158654627	0.00104503523780264
RLG_AlonCN58138Al_Cereba_chr3A-265714_TSD	1.334	0.0118212607314081	0.00102795863243865
RLG_AlonCN58138Al_Cereba_chr3A-265890_TSD	0.083	0.0184162103918062	-0.0249113658105341
RLG_AlonCN58138Al_Cereba_chr3A-265927_TSD	0.125	0.0177852875367662	-0.022641432966716
RLG_AlonCN58138Al_Cereba_chr3A-265992_TSD	0.167	0.0185920766634198	-0.0251892805795131
RLG_AlonCN58138Al_Cereba_chr3A-266134_TSD	0.083	0.0187010914207709	-0.025741574041214
RLG_AlonCN58138Al_Cereba_chr3A-266169_TSD	0.209	0.0184818797066364	-0.0251050930957522
RLG_AlonCN58138Al_Cereba_chr3A-266187_TSD	0.125	0.017128800949528	-0.0206201728637907
RLG_AlonCN58138Al_Cereba_chr3A-266239_TSD	0.041	0.0180996908283438	-0.0256695841640387
RLG_AlonCN58138Al_Cereba_chr3A-266405_TSD	1.064	0.0125134998692999	-0.00299846769309952
RLG_AlonCN58138Al_Cereba_chr3A-266429_TSD	0.335	0.0186769863405319	-0.0252901107988356
RLG_AlonCN58138Al_Cereba_chr3A-266626_TSD	0.125	0.018555172848499	-0.0257985498938981
RLG_AlonCN58138Al_Cereba_chr3A-266783_TSD	0.083	0.0180292579171311	-0.0249860993826879
RLG_AlonCN58138Al_Cereba_chr3A-266884_TSD	0.336	0.0134120319353004	-0.0052227480391957
RLG_AlonCN58138Al_Cereba_chr3A-266904_TSD	0.251	0.0176827540567605	-0.0227625917332859
RLG_AlonCN58138Al_Cereba_chr3A-267014_TSD	0.041	0.018824585910299	-0.027231198607328
RLG_AlonCN58138Al_Cereba_chr3A-267068_TSD	0.676	0.0121124166456461	-0.00215755709039162
RLG_AlonCN58138Al_Cereba_chr3A-267215_TSD	0.167	0.0186393523823391	-0.0277676301825331
RLG_AlonCN58138Al_Cereba_chr3A-267657_TSD	1.073	0.0102064297803361	0.00393759945633175
RLG_AlonCN58138Al_Cereba_chr3A-267714_TSD	0.251	0.0181378975154613	-0.0243176499143003
RLG_AlonCN58138Al_Cereba_chr3A-267774_TSD	0.937	0.00968353304681745	0.00652009713250729
RLG_AlonCN58138Al_Cereba_chr3A-267938_TSD	0.589	0.0135280744487316	-0.00367209019422799
RLG_AlonCN58138Al_Cereba_chr3A-267985_TSD	0.888	0.0138088612374096	-0.00463139066540974
RLG_AlonCN58138Al_Cereba_chr3A-268055_TSD	0.21	0.0187342448458424	-0.0274734216501062
RLG_AlonCN58138Al_Cereba_chr3A-268142_TSD	0.083	0.0178476453798966	-0.0247019899587233
RLG_AlonCN58138Al_Cereba_chr3A-268263_TSD	0.083	0.0184071860779669	-0.0279402332409265
RLG_AlonCN58138Al_Cereba_chr3A-268438_TSD	0.719	0.0134811524241929	-0.00600003304067616
RLG_AlonCN58138Al_Cereba_chr3A-268467_TSD	0.678	0.011773408645919	-0.00204411567582356
RLG_AlonCN58138Al_Cereba_chr3A-268546_TSD	0.631	0.0124347609424935	-0.00195332236405483
RLG_AlonCN58138Al_Cereba_chr3A-268752_TSD	0.76	0.0110605247325406	-0.000483115097166864
RLG_AlonCN58138Al_Cereba_chr3A-269011_TSD	0.99	0.00513508732632338	0.0124893693085233
RLG_AlonCN58138Al_Cereba_chr3A-269023_TSD	0.675	0.0177088379764714	-0.0215035934722093
RLG_AlonCN58138Al_Cereba_chr3A-269201_TSD	1.063	0.0102635349020972	0.00747632028817869
RLG_AlonCN58138Al_Cereba_chr3A-269288_TSD	0.761	0.0139423285253199	-0.00476215225475577
RLG_AlonCN58138Al_Cereba_chr3A-269370_TSD	1.189	0.00554044260333784	0.0083461663695292
RLG_AlonCN58138Al_Cereba_chr3A-269399_TSD	0.719	0.0111443525489818	0.00376586319458884
RLG_AlonCN58138Al_Cereba_chr3A-269500_TSD	0.293	0.0137522407491922	-0.00474134293572064
RLG_AlonCN58138Al_Cereba_chr3A-269507_TSD	0.378	0.0139477681500901	-0.004883345499171
RLG_AlonCN58138Al_Cereba_chr3A-269564_TSD	0.463	0.0114544651189884	0.00103417315470816
RLG_AlonCN58138Al_Cereba_chr3A-269620_TSD	0.803	0.0125765527216484	-0.00280636219414661
RLG_AlonCN58138Al_Cereba_chr3A-269815_TSD	0.378	0.011940609463956	-0.000278920668386275
RLG_AlonCN58138Al_Cereba_chr3A-270023_TSD	0.209	0.0187175918972253	-0.0272445895835924
RLG_AlonCN58138Al_Cereba_chr3A-270234_TSD	0.846	0.0064509822267229	0.0107972919880709
RLG_AlonCN58138Al_Cereba_chr3A-271438_TSD	0.849	0.00136978433683262	0.0166672865986397
RLG_AlonCN58138Al_Cereba_chr3A-272602_TSD	0.632	0.0112110304418472	0.0013510006753778
RLG_AlonCN58138Al_Cereba_chr3A-272644_TSD	0.717	0.0112110304418472	0.0013510006753778
RLG_AlonCN58138Al_Cereba_chr3A-273046_TSD	1.413	0.000379284961998272	0.0143402857420494
RLG_AlonCN58138Al_Cereba_chr3A-273172_TSD	0.849	0.0103305133189778	0.00646888241963916
RLG_AlonCN58138Al_Cereba_chr3A-275443_TSD	0.761	0.00672052443309595	0.0117429732203507
RLG_AlonCN58138Al_Cereba_chr3A-275826_TSD	0.848	0.00669012014429054	0.0110652185614405
RLG_AlonCN58138Al_Cereba_chr3A-278574_TSD	1.194	0.000957389082820757	0.0159908190268319
RLG_AlonCN58138Al_Cereba_chr3A-281595_TSD	0.891	0.00856137359536549	0.00888883022986205
RLG_AlonCN58138Al_Cereba_chr3A-282354_TSD	1.081	0.00594626670009599	0.00825634611675481
RLG_AlonCN58138Al_Cereba_chr3A-286296_TSD	0.718	0.0134009383701033	-0.00466080624144444
RLG_AlonCN58138Al_Cereba_chr3A-287045_TSD	0.634	0.0100122388243469	0.00336677471317373
RLG_AlonCN58138Al_Cereba_chr3A-295033_TSD	0.809	0.0103668230215009	0.00425406598216099
RLG_AlonCN58138Al_Cereba_chr3A-349517_TSD	0.335	0.0123512758075005	-0.00337270403665321
RLG_AlonCN58138Al_Cereba_chr3A-423710_TSD	1.063	0.0098635071827411	0.00749067952580651
RLG_AlonCN58138Al_Cereba_chr3A-463671_TSD	0.98	0.0053836981732189	0.00988791276625148
RLG_AlonCN58138Al_Cereba_chr3A-490492_TSD	0.593	0.00904852001034596	0.0067348186176174
RLG_AlonCN58138Al_Cereba_chr4A-019312_TSD	0.676	0.0106913680615551	0.00408185494431242
RLG_AlonCN58138Al_Cereba_chr4A-056095_TSD	0.462	0.0129589806730848	-0.00568840155261282
RLG_AlonCN58138Al_Cereba_chr4A-059657_TSD	0.89	0.0053132737090914	0.0110661548311161
RLG_AlonCN58138Al_Cereba_chr4A-073670_TSD	0.675	0.0119307116434199	0.000623937031673967
RLG_AlonCN58138Al_Cereba_chr4A-127442_TSD	1.196	0.00199063587026245	0.0121447521371454
RLG_AlonCN58138Al_Cereba_chr4A-139763_TSD	1.149	0.00676575914254136	0.0109002119350107
RLG_AlonCN58138Al_Cereba_chr4A-146511_TSD	0.209	0.0174182777315158	-0.0243694479147204
RLG_AlonCN58138Al_Cereba_chr4A-146887_TSD	1.019	0.00107778467646059	0.0177233831831032
RLG_AlonCN58138Al_Cereba_chr4A-146984_TSD	1.538	0.00275158438709357	0.011138218068634
RLG_AlonCN58138Al_Cereba_chr4A-148440_TSD	1.33	0.00242142787077728	0.0101010638973216
RLG_AlonCN58138Al_Cereba_chr4A-148724_TSD	1.151	0.00140353917151874	0.0139433252318522
RLG_AlonCN58138Al_Cereba_chr4A-150419_TSD	1.109	0.00121823108814877	0.0163459625218522
RLG_AlonCN58138Al_Cereba_chr4A-150667_TSD	1.106	0.00161154907765951	0.0153609352103388
RLG_AlonCN58138Al_Cereba_chr4A-151505_TSD	0.083	0.0179361992749827	-0.0229598614982115
RLG_AlonCN58138Al_Cereba_chr4A-157943_TSD	0.125	0.0172442545749647	-0.0238762893783583
RLG_AlonCN58138Al_Cereba_chr4A-158290_TSD	0.852	0.00485463059877621	0.0123685119576423
RLG_AlonCN58138Al_Cereba_chr4A-158869_TSD	0.947	0.00573519056209058	0.0102176714744122
RLG_AlonCN58138Al_Cereba_chr4A-159152_TSD	1.511	0.00646359444333472	0.00558470933302966
RLG_AlonCN58138Al_Cereba_chr4A-159162_TSD	0.419	0.0126794590124273	-0.00271071503428101
RLG_AlonCN58138Al_Cereba_chr4A-159207_TSD	1.104	0.00105099137679569	0.0141412849573227
RLG_AlonCN58138Al_Cereba_chr4A-159342_TSD	1.325	0.000794842264024742	0.0168209443432097
RLG_AlonCN58138Al_Cereba_chr4A-159519_TSD	0.547	0.0138787956819498	-0.00631746190957574
RLG_AlonCN58138Al_Cereba_chr4A-159629_TSD	1.498	-0.000206734933876649	0.016911414071992
RLG_AlonCN58138Al_Cereba_chr4A-159775_TSD	1.812	0.00445379992977383	0.0132207716313462
RLG_AlonCN58138Al_Cereba_chr4A-159911_TSD	1.632	0.0047034895727112	0.0119923966743548
RLG_AlonCN58138Al_Cereba_chr4A-159973_TSD	1.395	0.00494815085130227	0.0100120763518497
RLG_AlonCN58138Al_Cereba_chr4A-160175_TSD	0.041	0.018008701172851	-0.02349015666796
RLG_AlonCN58138Al_Cereba_chr4A-160202_TSD	0.59	0.0135308422897559	-0.00339797236279692
RLG_AlonCN58138Al_Cereba_chr4A-160215_TSD	0.293	0.0183010420335501	-0.0259823428973509
RLG_AlonCN58138Al_Cereba_chr4A-160353_TSD	0.125	0.0180752638247903	-0.0240281382585576
RLG_AlonCN58138Al_Cereba_chr4A-160389_TSD	1.054	0.0133475339265664	-0.00396363399784625
RLG_AlonCN58138Al_Cereba_chr4A-160420_TSD	0.125	0.0180997265656658	-0.0253862586902803
RLG_AlonCN58138Al_Cereba_chr4A-160858_TSD	1.901	0.00531894079531281	0.0106981013916706
RLG_AlonCN58138Al_Cereba_chr4A-161042_TSD	0.167	0.0185541958917855	-0.0264066393742518
RLG_AlonCN58138Al_Cereba_chr4A-161454_TSD	0	0.0179638486208476	-0.0231619364858186
RLG_AlonCN58138Al_Cereba_chr4A-161510_TSD	0.719	0.00333632977559511	0.0101565200564729
RLG_AlonCN58138Al_Cereba_chr4A-161989_TSD	0.251	0.0181009172558474	-0.0250663493157778
RLG_AlonCN58138Al_Cereba_chr4A-162102_TSD	0.083	0.0176343371894993	-0.0240237732387631
RLG_AlonCN58138Al_Cereba_chr4A-162449_TSD	1.59	0.00470437486906727	0.0114454089785549
RLG_AlonCN58138Al_Cereba_chr4A-162533_TSD	0.125	0.0178763447764635	-0.0235703353580868
RLG_AlonCN58138Al_Cereba_chr4A-162683_TSD	0.917	0.00636349645897307	0.0120717820788084
RLG_AlonCN58138Al_Cereba_chr4A-162771_TSD	1.282	0.00148466531796005	0.0129977443936749
RLG_AlonCN58138Al_Cereba_chr4A-162829_TSD	1.638	0.0029037197218201	0.0108726450909683
RLG_AlonCN58138Al_Cereba_chr4A-162847_TSD	0.083	0.0174080858578782	-0.0237832812266976
RLG_AlonCN58138Al_Cereba_chr4A-162859_TSD	0.591	0.0131325934092621	-0.0059376630331958
RLG_AlonCN58138Al_Cereba_chr4A-163014_TSD	1.193	-0.00116199583688482	0.0172973242803305
RLG_AlonCN58138Al_Cereba_chr4A-163089_TSD	0.847	0.0128492638761712	-0.00394153569391362
RLG_AlonCN58138Al_Cereba_chr4A-163132_TSD	0.125	0.0181053612875888	-0.0245486776925964
RLG_AlonCN58138Al_Cereba_chr4A-163768_TSD	1.677	0.012224174344905	0.00110900570457988
RLG_AlonCN58138Al_Cereba_chr4A-163851_TSD	0	0.0179034924512843	-0.0231457277058058
RLG_AlonCN58138Al_Cereba_chr4A-163917_TSD	0	0.0179149555127099	-0.0221837220425649
RLG_AlonCN58138Al_Cereba_chr4A-163941_TSD	1.106	0.00863684851385322	0.00736535841726239
RLG_AlonCN58138Al_Cereba_chr4A-164020_TSD	0.209	0.0178859531782578	-0.0276686478663358
RLG_AlonCN58138Al_Cereba_chr4A-164103_TSD	0.167	0.0170858052633105	-0.0238978440715642
RLG_AlonCN58138Al_Cereba_chr4A-164175_TSD	0.125	0.0186033785349154	-0.0256908564868962
RLG_AlonCN58138Al_Cereba_chr4A-164370_TSD	0.125	0.0176677519957532	-0.0223032716305154
RLG_AlonCN58138Al_Cereba_chr4A-164546_TSD	0.805	0.0103851051633825	0.00586450453009965
RLG_AlonCN58138Al_Cereba_chr4A-164614_TSD	1.159	0.00888127616136742	0.00481238598893944
RLG_AlonCN58138Al_Cereba_chr4A-164630_TSD	0.378	0.0138133803531031	-0.00376480661779779
RLG_AlonCN58138Al_Cereba_chr4A-164689_TSD	0.083	0.0176727849218327	-0.021639882018963
RLG_AlonCN58138Al_Cereba_chr4A-164736_TSD	0.377	0.0127590661763009	-0.00605591524668738
RLG_AlonCN58138Al_Cereba_chr4A-164905_TSD	1.107	0.0062694075957502	0.0115741068359685
RLG_AlonCN58138Al_Cereba_chr4A-165058_TSD	0.083	0.0177834462830323	-0.0228451536949769
RLG_AlonCN58138Al_Cereba_chr4A-165226_TSD	0	0.0178875946990522	-0.0231308195352089
RLG_AlonCN58138Al_Cereba_chr4A-165245_TSD	0.505	0.013201456977149	-0.00244180699146461
RLG_AlonCN58138Al_Cereba_chr4A-165263_TSD	0	0.0178042905407503	-0.0248811892791175
RLG_AlonCN58138Al_Cereba_chr4A-165321_TSD	0.462	0.0133680825159949	-0.00533702301911356
RLG_AlonCN58138Al_Cereba_chr4A-165433_TSD	0.125	0.0185490135165167	-0.023992942223309
RLG_AlonCN58138Al_Cereba_chr4A-165544_TSD	0.083	0.0176681233778448	-0.0241093938885938
RLG_AlonCN58138Al_Cereba_chr4A-165767_TSD	0.125	0.0171691693003207	-0.0193836504200993
RLG_AlonCN58138Al_Cereba_chr4A-165910_TSD	0.209	0.0173984988869588	-0.0228641613548981
RLG_AlonCN58138Al_Cereba_chr4A-165934_TSD	0.421	0.0139794519593282	-0.00615846227155229
RLG_AlonCN58138Al_Cereba_chr4A-166023_TSD	0.167	0.0175426591160194	-0.0207991021896958
RLG_AlonCN58138Al_Cereba_chr4A-166208_TSD	0.462	0.0133008971077374	-0.00268570360122586
RLG_AlonCN58138Al_Cereba_chr4A-166341_TSD	0.462	0.0126022172564209	-0.00487595796920172
RLG_AlonCN58138Al_Cereba_chr4A-166380_TSD	0.209	0.0176021463999058	-0.022782693951952
RLG_AlonCN58138Al_Cereba_chr4A-166552_TSD	0.251	0.0127873580494551	-0.00372635606569201
RLG_AlonCN58138Al_Cereba_chr4A-166600_TSD	0.041	0.0172757112166618	-0.0153912718438084
RLG_AlonCN58138Al_Cereba_chr4A-166629_TSD	0.807	0.0096600560812421	0.0068549718766855
RLG_AlonCN58138Al_Cereba_chr4A-166762_TSD	0.377	0.0178207409807479	-0.0230888981317132
RLG_AlonCN58138Al_Cereba_chr4A-167094_TSD	0.125	0.0175609652154016	-0.0259246615455228
RLG_AlonCN58138Al_Cereba_chr4A-167123_TSD	0.041	0.017568647828756	-0.0225365761833549
RLG_AlonCN58138Al_Cereba_chr4A-167138_TSD	0.251	0.0133333364697043	-0.00396183869158354
RLG_AlonCN58138Al_Cereba_chr4A-167248_TSD	0.041	0.0180709290306281	-0.0226499187571633
RLG_AlonCN58138Al_Cereba_chr4A-167444_TSD	0.632	0.0129098126106848	-0.00426745194541245
RLG_AlonCN58138Al_Cereba_chr4A-167457_TSD	0.125	0.0179151850153186	-0.0233339887915251
RLG_AlonCN58138Al_Cereba_chr4A-168193_TSD	0.041	0.0172454690798337	-0.0214037534488145
RLG_AlonCN58138Al_Cereba_chr4A-168256_TSD	0.209	0.0164810207934855	-0.0188795603458221
RLG_AlonCN58138Al_Cereba_chr4A-168297_TSD	1.456	0.00739789957692923	0.0044638764174709
RLG_AlonCN58138Al_Cereba_chr4A-168627_TSD	0.083	0.0176279032344796	-0.024062492894953
RLG_AlonCN58138Al_Cereba_chr4A-168734_TSD	0.209	0.0173118460854571	-0.0223726027251248
RLG_AlonCN58138Al_Cereba_chr4A-168764_TSD	1.237	0.00965949885519605	0.00524801490810645
RLG_AlonCN58138Al_Cereba_chr4A-168787_TSD	1.64	0.00958772574609112	0.00129604161250669
RLG_AlonCN58138Al_Cereba_chr4A-168827_TSD	0.125	0.0169414587561297	-0.0184194647813675
RLG_AlonCN58138Al_Cereba_chr4A-168843_TSD	0.251	0.017010039387007	-0.018593000568027
RLG_AlonCN58138Al_Cereba_chr4A-168922_TSD	0.675	0.0109660817541819	0.00290926063359934
RLG_AlonCN58138Al_Cereba_chr4A-168929_TSD	0.675	0.0109414531008974	0.00462175894860169
RLG_AlonCN58138Al_Cereba_chr4A-169079_TSD	1.105	0.00566610659058365	0.0103531762058817
RLG_AlonCN58138Al_Cereba_chr4A-169821_TSD	0.209	0.0182346968277672	-0.0276184967523155
RLG_AlonCN58138Al_Cereba_chr4A-172216_TSD	0.293	0.0134291246056378	-0.00349915295075811
RLG_AlonCN58138Al_Cereba_chr4A-172765_TSD	0.846	-0.00119351898316349	0.0137146348734958
RLG_AlonCN58138Al_Cereba_chr4A-174738_TSD	0.976	0.0101760628430469	0.00750336225675277
RLG_AlonCN58138Al_Cereba_chr4A-175843_TSD	0.083	0.0175957318859453	-0.0232536406851937
RLG_AlonCN58138Al_Cereba_chr4A-176522_TSD	0.632	0.0126569375262561	0.000677534595699314
RLG_AlonCN58138Al_Cereba_chr4A-187420_TSD	0.594	0.00429997103819551	0.0104450751472014
RLG_AlonCN58138Al_Cereba_chr4A-201945_TSD	1.244	0.00528023869367646	0.0119706749408019
RLG_AlonCN58138Al_Cereba_chr4A-207792_TSD	0.462	0.0135766280196455	-0.00572743831485893
RLG_AlonCN58138Al_Cereba_chr4A-207893_TSD	1.063	0.00774509526575793	0.00813832266364679
RLG_AlonCN58138Al_Cereba_chr4A-229968_TSD	0.125	0.0175790976409177	-0.0241387089278813
RLG_AlonCN58138Al_Cereba_chr4A-324743_TSD	0.041	0.0177077075674657	-0.0224046768099919
RLG_AlonCN58138Al_Cereba_chr4A-414062_TSD	0.85	0.00138122892330663	0.0154676816851098
RLG_AlonCN58138Al_Cereba_chr5A-056398_TSD	1.026	0.00238437743985965	0.0150790568781695
RLG_AlonCN58138Al_Cereba_chr5A-125364_TSD	0.846	0.00231575086045904	0.013776814666417
RLG_AlonCN58138Al_Cereba_chr5A-261504_TSD	0.209	0.0174502383789955	-0.0230425413635122
RLG_AlonCN58138Al_Cereba_chr5A-271945_TSD	1.195	0.0104993036785123	0.00533895525530873
RLG_AlonCN58138Al_Cereba_chr5A-276062_TSD	0.335	0.0166446195034821	-0.0155225234810422
RLG_AlonCN58138Al_Cereba_chr5A-283605_TSD	0.505	0.0138381884513872	-0.00410000107722281
RLG_AlonCN58138Al_Cereba_chr5A-283770_TSD	0.978	0.00618774063145071	0.0105981635367554
RLG_AlonCN58138Al_Cereba_chr5A-285503_TSD	1.019	0.0157784233105599	-0.0144866216519178
RLG_AlonCN58138Al_Cereba_chr5A-285656_TSD	0.083	0.0174512628577206	-0.0228472995060441
RLG_AlonCN58138Al_Cereba_chr5A-286003_TSD	0.167	0.0178982625671187	-0.0221814987349545
RLG_AlonCN58138Al_Cereba_chr5A-286188_TSD	0.377	0.0179905381656347	-0.0232786781940553
RLG_AlonCN58138Al_Cereba_chr5A-286509_TSD	0.462	0.00982104119244317	0.00628773946749228
RLG_AlonCN58138Al_Cereba_chr5A-286623_TSD	1.281	-9.65901161032266e-05	0.0158775698641645
RLG_AlonCN58138Al_Cereba_chr5A-286671_TSD	0.125	0.0167517253105243	-0.0181272695377798
RLG_AlonCN58138Al_Cereba_chr5A-286942_TSD	0.293	0.0179695150466022	-0.0230470142495056
RLG_AlonCN58138Al_Cereba_chr5A-286960_TSD	0.083	0.0178736476851144	-0.0234410948352761
RLG_AlonCN58138Al_Cereba_chr5A-287284_TSD	1.02	-0.000866862519895892	0.0140306538716976
RLG_AlonCN58138Al_Cereba_chr5A-287439_TSD	0.125	0.0170227936122912	-0.017894305675526
RLG_AlonCN58138Al_Cereba_chr5A-287526_TSD	0.676	0.010226656190466	0.00227542347051886
RLG_AlonCN58138Al_Cereba_chr5A-287613_TSD	0.42	0.0134324656690228	-0.0057304856545638
RLG_AlonCN58138Al_Cereba_chr5A-287661_TSD	0.59	0.0114547324624273	0.00285790123739405
RLG_AlonCN58138Al_Cereba_chr5A-287813_TSD	0.167	0.0172610308544865	-0.0187065402916835
RLG_AlonCN58138Al_Cereba_chr5A-287824_TSD	0.997	0.00450089081841947	0.0106476835850573
RLG_AlonCN58138Al_Cereba_chr5A-287864_TSD	0.125	0.0173503078174503	-0.0227122722741708
RLG_AlonCN58138Al_Cereba_chr5A-287916_TSD	0.804	0.0115528756842713	0.00126695190015129
RLG_AlonCN58138Al_Cereba_chr5A-288054_TSD	0.42	0.0122093288232742	-0.00471659960319676
RLG_AlonCN58138Al_Cereba_chr5A-288110_TSD	0.209	0.0178053996153566	-0.022079179328566
RLG_AlonCN58138Al_Cereba_chr5A-288131_TSD	0.976	0.00686072567119848	0.0097702259567911
RLG_AlonCN58138Al_Cereba_chr5A-288176_TSD	0.978	0.0110506899848975	0.00436558900331576
RLG_AlonCN58138Al_Cereba_chr5A-288268_TSD	0.167	0.016754619012033	-0.0180459111620058
RLG_AlonCN58138Al_Cereba_chr5A-288340_TSD	0.167	0.0176428379114188	-0.0219939364837167
RLG_AlonCN58138Al_Cereba_chr5A-288572_TSD	1.069	0.0021342963353664	0.0144781229747205
RLG_AlonCN58138Al_Cereba_chr5A-288819_TSD	0.976	0.00367360734468977	0.0125343449024651
RLG_AlonCN58138Al_Cereba_chr5A-289200_TSD	0.209	0.0178780804428165	-0.0236824196071144
RLG_AlonCN58138Al_Cereba_chr5A-289460_TSD	0.895	0.0017109052235767	0.0154429956308158
RLG_AlonCN58138Al_Cereba_chr5A-289473_TSD	0.251	0.0179719266871104	-0.0237225247711157
RLG_AlonCN58138Al_Cereba_chr5A-289514_TSD	1.198	-0.000157825750569731	0.0135582806351729
RLG_AlonCN58138Al_Cereba_chr5A-289794_TSD	0.125	0.0180703121931953	-0.0238445917146137
RLG_AlonCN58138Al_Cereba_chr5A-290181_TSD	1.02	0.00076623399157856	0.0156914899142174
RLG_AlonCN58138Al_Cereba_chr5A-290442_TSD	0.209	0.0175662030779875	-0.0227465048229828
RLG_AlonCN58138Al_Cereba_chr5A-292177_TSD	0.984	0.00994912360964532	0.00716665120138275
RLG_AlonCN58138Al_Cereba_chr5A-293528_TSD	0.889	0.00989889996747896	0.0052699432285339
RLG_AlonCN58138Al_Cereba_chr5A-294818_TSD	0.209	0.0167997161464141	-0.0190371491156357
RLG_AlonCN58138Al_Cereba_chr5A-297862_TSD	0.719	0.0103468011749811	0.0057987073288969
RLG_AlonCN58138Al_Cereba_chr5A-298631_TSD	0.891	0.00694504271183188	0.00846598414771642
RLG_AlonCN58138Al_Cereba_chr5A-304018_TSD	0.936	0.0069006284717328	0.00924192467522041
RLG_AlonCN58138Al_Cereba_chr5A-307602_TSD	1.195	0.0091910067170791	0.00686501291182475
RLG_AlonCN58138Al_Cereba_chr5A-319488_TSD	1.5	0.0053479308555038	0.0118938051089019
RLG_AlonCN58138Al_Cereba_chr5A-376341_TSD	0.981	0.0106299702062559	0.00365675691854499
RLG_AlonCN58138Al_Cereba_chr5A-393874_TSD	0.125	0.0185738827088012	-0.0261319634163673
RLG_AlonCN58138Al_Cereba_chr5A-406164_TSD	0.635	0.0107674889040365	0.00294421142332475
RLG_AlonCN58138Al_Cereba_chr5A-430869_TSD	0.335	0.0183483366979384	-0.0260746023694301
RLG_AlonCN58138Al_Cereba_chr5A-438307_TSD	0.89	0.00632379416466014	0.0090492403701134
RLG_AlonCN58138Al_Cereba_chr5A-447546_TSD	1.194	0.00240532200977017	0.01273908749583
RLG_AlonCN58138Al_Cereba_chr5A-469262_TSD	0.293	0.0127737610690256	-0.0011805773063114
RLG_AlonCN58138Al_Cereba_chr6A-041265_TSD	0.041	0.017647495316978	-0.0228393092218713
RLG_AlonCN58138Al_Cereba_chr6A-125502_TSD	0.041	0.0175526917378898	-0.0231020307104614
RLG_AlonCN58138Al_Cereba_chr6A-136338_TSD	0.125	0.0135801262745076	-0.00486548493173992
RLG_AlonCN58138Al_Cereba_chr6A-144058_TSD	1.766	0.00540342951833211	0.0127771394777217
RLG_AlonCN58138Al_Cereba_chr6A-145270_TSD	1.022	0.00935632960415921	0.00748265203328534
RLG_AlonCN58138Al_Cereba_chr6A-145756_TSD	1.373	0.00337669988992845	0.00839852656148582
RLG_AlonCN58138Al_Cereba_chr6A-189393_TSD	0.717	0.00637273703097756	0.0109363849641011
RLG_AlonCN58138Al_Cereba_chr6A-191865_TSD	0.421	0.013733962266306	-0.00617736876038649
RLG_AlonCN58138Al_Cereba_chr6A-192835_TSD	0.805	0.00912748904386303	0.00639942706459983
RLG_AlonCN58138Al_Cereba_chr6A-196866_TSD	1.324	0.00612019412952583	0.00825140132885578
RLG_AlonCN58138Al_Cereba_chr6A-196920_TSD	1.281	0.00346100669742834	0.0124070746889958
RLG_AlonCN58138Al_Cereba_chr6A-197133_TSD	0.846	0.00875187560260243	0.00805647223560432
RLG_AlonCN58138Al_Cereba_chr6A-198399_TSD	0.761	0.011462217425834	0.00154599578376266
RLG_AlonCN58138Al_Cereba_chr6A-198723_TSD	1.066	0.00594838832447773	0.0109666324205032
RLG_AlonCN58138Al_Cereba_chr6A-199181_TSD	0.934	0.0114112418055243	-0.00067791522924887
RLG_AlonCN58138Al_Cereba_chr6A-199221_TSD	0.804	0.00492511130776714	0.011055576240501
RLG_AlonCN58138Al_Cereba_chr6A-199278_TSD	0.732	0.00583931740484827	0.0099031839049651
RLG_AlonCN58138Al_Cereba_chr6A-199527_TSD	0.633	0.012529189318614	-0.00398419812172881
RLG_AlonCN58138Al_Cereba_chr6A-199552_TSD	1.155	-0.000125830525042827	0.0167305303402531
RLG_AlonCN58138Al_Cereba_chr6A-199728_TSD	1.504	0.00774700708968761	0.00870902627953242
RLG_AlonCN58138Al_Cereba_chr6A-199815_TSD	0.462	0.01265368739451	-0.00288699518137879
RLG_AlonCN58138Al_Cereba_chr6A-199977_TSD	0.633	0.0111970564088844	0.00211638414216798
RLG_AlonCN58138Al_Cereba_chr6A-200197_TSD	0.675	0.0114338073874862	0.000325576484268771
RLG_AlonCN58138Al_Cereba_chr6A-200417_TSD	1.112	0.00225683770791167	0.0143596352887493
RLG_AlonCN58138Al_Cereba_chr6A-200671_TSD	1.768	0.0103030254728205	0.00611715718741823
RLG_AlonCN58138Al_Cereba_chr6A-200922_TSD	0.59	0.0124021095324897	-0.00369247142691065
RLG_AlonCN58138Al_Cereba_chr6A-201033_TSD	0.465	0.0133380264402877	-0.00462216742525495
RLG_AlonCN58138Al_Cereba_chr6A-201066_TSD	0.76	0.011313702359014	-0.00227694220961759
RLG_AlonCN58138Al_Cereba_chr6A-201188_TSD	0.634	0.0132364715677794	-0.00269171362140107
RLG_AlonCN58138Al_Cereba_chr6A-201301_TSD	0.377	0.0183228701347284	-0.0230381537160491
RLG_AlonCN58138Al_Cereba_chr6A-201440_TSD	1.278	0.0126148115725066	-0.000208348529426245
RLG_AlonCN58138Al_Cereba_chr6A-201599_TSD	0.933	0.0133886602206636	-0.0045143808504278
RLG_AlonCN58138Al_Cereba_chr6A-201779_TSD	0.335	0.0128791421369055	-0.00248278425720219
RLG_AlonCN58138Al_Cereba_chr6A-201935_TSD	0.504	0.0123134968155635	-0.00218158826872088
RLG_AlonCN58138Al_Cereba_chr6A-201978_TSD	0.083	0.0177400384769986	-0.0224922516148245
RLG_AlonCN58138Al_Cereba_chr6A-202039_TSD	0.293	0.0170727995340403	-0.0229077665734145
RLG_AlonCN58138Al_Cereba_chr6A-202393_TSD	0.209	0.0178637488030637	-0.022697765027325
RLG_AlonCN58138Al_Cereba_chr6A-202461_TSD	0.125	0.0180167543816944	-0.0231519957817467
RLG_AlonCN58138Al_Cereba_chr6A-202702_TSD	0.293	0.0137524705331437	-0.00595679106780975
RLG_AlonCN58138Al_Cereba_chr6A-202843_TSD	0.125	0.0182023068816076	-0.0246263145799624
RLG_AlonCN58138Al_Cereba_chr6A-202873_TSD	0.847	0.0119461975477904	-0.00228498491180098
RLG_AlonCN58138Al_Cereba_chr6A-203042_TSD	1.065	0.011520300300425	0.000943632872082352
RLG_AlonCN58138Al_Cereba_chr6A-203128_TSD	1.412	0.00937306443954397	0.00597736245153893
RLG_AlonCN58138Al_Cereba_chr6A-203153_TSD	1.094	0.00921444792644467	0.00618469057868285
RLG_AlonCN58138Al_Cereba_chr6A-203219_TSD	0.167	0.0161078673237057	-0.018708227570506
RLG_AlonCN58138Al_Cereba_chr6A-203238_TSD	0.041	0.0178125527289577	-0.0231454038196037
RLG_AlonCN58138Al_Cereba_chr6A-203402_TSD	1.771	0.00957531150532528	0.00549044974618764
RLG_AlonCN58138Al_Cereba_chr6A-203514_TSD	0.379	0.0138534737303891	-0.00568489413629725
RLG_AlonCN58138Al_Cereba_chr6A-203568_TSD	0.042	0.0175925708274259	-0.0230432169957094
RLG_AlonCN58138Al_Cereba_chr6A-203724_TSD	0.378	0.0127509985783655	-0.000151851161029135
RLG_AlonCN58138Al_Cereba_chr6A-203865_TSD	0.293	0.0176087636530866	-0.0250161740789652
RLG_AlonCN58138Al_Cereba_chr6A-203879_TSD	0.125	0.0170556290183605	-0.0186022554652477
RLG_AlonCN58138Al_Cereba_chr6A-204213_TSD	0.251	0.0177984538005475	-0.0224760973183383
RLG_AlonCN58138Al_Cereba_chr6A-204802_TSD	0.337	0.0140881622077852	-0.00481719842327448
RLG_AlonCN58138Al_Cereba_chr6A-204934_TSD	1.458	0.01150748362758	-0.000959477713833119
RLG_AlonCN58138Al_Cereba_chr6A-204943_TSD	1.07	0.01289308895309	-0.00231917328714971
RLG_AlonCN58138Al_Cereba_chr6A-204971_TSD	0.934	0.0149865278090726	-0.00862757068666018
RLG_AlonCN58138Al_Cereba_chr6A-205082_TSD	0.167	0.0178437125550216	-0.0233555350689456
RLG_AlonCN58138Al_Cereba_chr6A-205257_TSD	0.464	0.01350740400629	-0.00243027693364403
RLG_AlonCN58138Al_Cereba_chr6A-205278_TSD	0.812	0.0109673111962862	0.00529318808689936
RLG_AlonCN58138Al_Cereba_chr6A-205342_TSD	0.89	0.0101491579583125	0.0031885183144176
RLG_AlonCN58138Al_Cereba_chr6A-205798_TSD	0.041	0.018038879648364	-0.0247758920193838
RLG_AlonCN58138Al_Cereba_chr6A-205846_TSD	0.718	0.00977470341807306	0.00381318724259925
RLG_AlonCN58138Al_Cereba_chr6A-206176_TSD	0.251	0.013107343446881	-0.00568419022305216
RLG_AlonCN58138Al_Cereba_chr6A-206309_TSD	0.967	0.0114381396683876	0.00372116309046658
RLG_AlonCN58138Al_Cereba_chr6A-206382_TSD	0.419	0.0180942778894851	-0.0229458003320707
RLG_AlonCN58138Al_Cereba_chr6A-206531_TSD	0.251	0.0118567928644423	-0.00171760745307878
RLG_AlonCN58138Al_Cereba_chr6A-206617_TSD	0.083	0.0174417360047028	-0.0239880690980921
RLG_AlonCN58138Al_Cereba_chr6A-207119_TSD	1.326	0.00604563953372282	0.0122494684826139
RLG_AlonCN58138Al_Cereba_chr6A-207286_TSD	0.633	0.000254908358499018	0.0175526326770227
RLG_AlonCN58138Al_Cereba_chr6A-207398_TSD	1.195	0.00684043484415533	0.0118835577692252
RLG_AlonCN58138Al_Cereba_chr6A-207571_TSD	0.251	0.0174987460573577	-0.0223365342664603
RLG_AlonCN58138Al_Cereba_chr6A-207635_TSD	1.019	0.00497473644516302	0.0121225733778257
RLG_AlonCN58138Al_Cereba_chr6A-207665_TSD	1.634	0.00901423479403989	0.00317009571752331
RLG_AlonCN58138Al_Cereba_chr6A-207760_TSD	0.209	0.0171237344039615	-0.0183461266819982
RLG_AlonCN58138Al_Cereba_chr6A-207862_TSD	0.083	0.0179862443091678	-0.0226293831219785
RLG_AlonCN58138Al_Cereba_chr6A-208161_TSD	0.167	0.0178144791705333	-0.0216608547948803
RLG_AlonCN58138Al_Cereba_chr6A-208203_TSD	0.632	0.0114463194511802	0.00129861145179114
RLG_AlonCN58138Al_Cereba_chr6A-208408_TSD	1.02	0.00322252696179502	0.0139799371132186
RLG_AlonCN58138Al_Cereba_chr6A-208425_TSD	0.633	0.0112564831311929	0.00207762168382072
RLG_AlonCN58138Al_Cereba_chr6A-208460_TSD	0.336	0.00844373658834888	0.00664759490340086
RLG_AlonCN58138Al_Cereba_chr6A-209156_TSD	0.977	0.00603925778905933	0.0103985616634233
RLG_AlonCN58138Al_Cereba_chr6A-212345_TSD	0.931	-0.000348020656875058	0.0160745743761671
RLG_AlonCN58138Al_Cereba_chr6A-216984_TSD	0.676	0.00760522381845402	0.0078332117387855
RLG_AlonCN58138Al_Cereba_chr6A-235663_TSD	0.293	0.0177444835289633	-0.0230689581509204
RLG_AlonCN58138Al_Cereba_chr6A-237283_TSD	0.546	0.0108827451177719	-0.000122317447446361
RLG_AlonCN58138Al_Cereba_chr6A-238129_TSD	0.505	0.0135163384489051	-0.00562169364966899
RLG_AlonCN58138Al_Cereba_chr6A-253994_TSD	0.935	0.00726913716580729	0.0107313985416218
RLG_AlonCN58138Al_Cereba_chr6A-265422_TSD	1.325	0.00010622947430083	0.0150375980556579
RLG_AlonCN58138Al_Cereba_chr6A-385259_TSD	0.765	0.00788777748835972	0.00869916407466923
RLG_AlonCN58138Al_Cereba_chr6A-421536_TSD	0.849	0.00780530832791618	0.00807669825364944
RLG_AlonCN58138Al_Cereba_chr7A-111935_TSD	0.591	0.0132754140320023	-0.00304359160522157
RLG_AlonCN58138Al_Cereba_chr7A-224299_TSD	0.805	0.0109272535027195	0.00344299932996049
RLG_AlonCN58138Al_Cereba_chr7A-226337_TSD	1.064	0.0107702255661632	0.00499829622017646
RLG_AlonCN58138Al_Cereba_chr7A-240017_TSD	0.719	0.0121409322730575	-0.0025828391286719
RLG_AlonCN58138Al_Cereba_chr7A-262083_TSD	0.548	0.0105258836352347	0.00611498273653016
RLG_AlonCN58138Al_Cereba_chr7A-287601_TSD	1.193	-9.46312416189691e-07	0.0158327416002494
RLG_AlonCN58138Al_Cereba_chr7A-302284_TSD	0.72	0.012955460254641	-0.00183048278252926
RLG_AlonCN58138Al_Cereba_chr7A-304489_TSD	0.763	0.0100590151000391	0.00679147125239559
RLG_AlonCN58138Al_Cereba_chr7A-311708_TSD	0.083	0.0170963412481285	-0.0224216813119559
RLG_AlonCN58138Al_Cereba_chr7A-313805_TSD	1.368	0.00432928980920432	0.0112217509778675
RLG_AlonCN58138Al_Cereba_chr7A-313869_TSD	1.417	0.00224727452369915	0.0124598127579681
RLG_AlonCN58138Al_Cereba_chr7A-314704_TSD	1.383	0.00969727717153512	0.00586000021293104
RLG_AlonCN58138Al_Cereba_chr7A-314814_TSD	0.167	0.0177864437330745	-0.0237794439032159
RLG_AlonCN58138Al_Cereba_chr7A-315489_TSD	0.209	0.0176460959480682	-0.0230379946644066
RLG_AlonCN58138Al_Cereba_chr7A-315548_TSD	0.083	0.0175848087050876	-0.0225017074022349
RLG_AlonCN58138Al_Cereba_chr7A-315816_TSD	1.403	0.00711774627876542	0.00945803557501242
RLG_AlonCN58138Al_Cereba_chr7A-315832_TSD	1.324	0.00284731934829654	0.0135232697423337
RLG_AlonCN58138Al_Cereba_chr7A-315870_TSD	1.193	0.00734521858708972	0.00871730752840441
RLG_AlonCN58138Al_Cereba_chr7A-315988_TSD	1.107	0.00631371039070177	0.00677118929664455
RLG_AlonCN58138Al_Cereba_chr7A-316220_TSD	0.631	0.00710107219258696	0.0102816502495468
RLG_AlonCN58138Al_Cereba_chr7A-316235_TSD	1.063	0.00814274988009097	0.00828332790199693
RLG_AlonCN58138Al_Cereba_chr7A-316315_TSD	1.453	0.00531360624212626	0.0104178981828683
RLG_AlonCN58138Al_Cereba_chr7A-316479_TSD	0.083	0.0169110875922131	-0.0230034338531519
RLG_AlonCN58138Al_Cereba_chr7A-316672_TSD	0	0.0168428712265867	-0.0184715545632264
RLG_AlonCN58138Al_Cereba_chr7A-316697_TSD	0.041	0.0170955385784703	-0.0231687379932117
RLG_AlonCN58138Al_Cereba_chr7A-316704_TSD	0.041	0.0170875566757897	-0.023203172417113
RLG_AlonCN58138Al_Cereba_chr7A-316716_TSD	0.125	0.0169349093838805	-0.0186343589397375
RLG_AlonCN58138Al_Cereba_chr7A-316815_TSD	0.848	0.00645209740522053	0.01263125341457
RLG_AlonCN58138Al_Cereba_chr7A-316884_TSD	0.848	0.012566234914923	-0.00522604132779678
RLG_AlonCN58138Al_Cereba_chr7A-317135_TSD	0.676	0.0134075543844081	-0.00218978907405938
RLG_AlonCN58138Al_Cereba_chr7A-317423_TSD	0.167	0.0172836447092882	-0.0156680275177186
RLG_AlonCN58138Al_Cereba_chr7A-317478_TSD	0.977	0.0147556174464242	-0.00876566560820274
RLG_AlonCN58138Al_Cereba_chr7A-317539_TSD	0.167	0.0171347865006231	-0.0229815774502733
RLG_AlonCN58138Al_Cereba_chr7A-317683_TSD	0.041	0.0189112110187587	-0.0270663689124352
RLG_AlonCN58138Al_Cereba_chr7A-317701_TSD	0.167	0.0168879812678077	-0.0165095273454377
RLG_AlonCN58138Al_Cereba_chr7A-317741_TSD	0.462	0.0141476557302395	-0.00453899963980691
RLG_AlonCN58138Al_Cereba_chr7A-317754_TSD	0.251	0.0178367448166965	-0.0230391885135231
RLG_AlonCN58138Al_Cereba_chr7A-317833_TSD	1.356	0.00342404536990614	0.0146489293512409
RLG_AlonCN58138Al_Cereba_chr7A-317849_TSD	0.293	0.0174546832771338	-0.0239699821234177
RLG_AlonCN58138Al_Cereba_chr7A-317978_TSD	0.378	0.0140563408410861	-0.00467515645830122
RLG_AlonCN58138Al_Cereba_chr7A-318083_TSD	1.436	0.00336600276064779	0.0148443170251801
RLG_AlonCN58138Al_Cereba_chr7A-318477_TSD	0.209	0.0176306162243599	-0.022927640548992
RLG_AlonCN58138Al_Cereba_chr7A-318497_TSD	0.083	0.0173486215279851	-0.015495501107019
RLG_AlonCN58138Al_Cereba_chr7A-318515_TSD	0.251	0.0169940662405187	-0.0164817122423623
RLG_AlonCN58138Al_Cereba_chr7A-318608_TSD	0.335	0.0134145347219984	-0.00448864144512921
RLG_AlonCN58138Al_Cereba_chr7A-318706_TSD	0.847	0.0120148716927537	-0.00249955859713235
RLG_AlonCN58138Al_Cereba_chr7A-318786_TSD	0.125	0.018126712361821	-0.0234274130600332
RLG_AlonCN58138Al_Cereba_chr7A-318907_TSD	1.151	-0.000667112972616208	0.0169553164505123
RLG_AlonCN58138Al_Cereba_chr7A-318927_TSD	1.454	0.0043713997564227	0.0109930866242067
RLG_AlonCN58138Al_Cereba_chr7A-319133_TSD	0.675	0.0124830533380687	-0.00348370685950502
RLG_AlonCN58138Al_Cereba_chr7A-319151_TSD	0.463	0.0131771549808353	-0.00367208118618609
RLG_AlonCN58138Al_Cereba_chr7A-319223_TSD	0.209	0.017801763706708	-0.0226649356863041
RLG_AlonCN58138Al_Cereba_chr7A-319295_TSD	0.167	0.0173266265991441	-0.0162187284200184
RLG_AlonCN58138Al_Cereba_chr7A-319667_TSD	1.242	0.00572962650763281	0.0115758172331427
RLG_AlonCN58138Al_Cereba_chr7A-319783_TSD	0.59	0.0167773975396982	-0.0185710966018591
RLG_AlonCN58138Al_Cereba_chr7A-319840_TSD	0.125	0.0180172341495451	-0.0219203805512243
RLG_AlonCN58138Al_Cereba_chr7A-319948_TSD	1.28	0.0114696778097629	-0.0016956196020466
RLG_AlonCN58138Al_Cereba_chr7A-320037_TSD	0.889	0.00709147472717391	0.00977714578559884
RLG_AlonCN58138Al_Cereba_chr7A-320086_TSD	1.062	0.00820705470307192	0.00789507125136287
RLG_AlonCN58138Al_Cereba_chr7A-320098_TSD	0.041	0.0176564291827857	-0.0227835853387378
RLG_AlonCN58138Al_Cereba_chr7A-320288_TSD	0.547	0.0136783442954663	-0.0042177279286203
RLG_AlonCN58138Al_Cereba_chr7A-320448_TSD	0.378	0.0171485538110797	-0.0184152132961959
RLG_AlonCN58138Al_Cereba_chr7A-320552_TSD	1.195	0.00588986510172892	0.0146288781115621
RLG_AlonCN58138Al_Cereba_chr7A-320624_TSD	1.019	0.00491673884712451	0.0117322725387628
RLG_AlonCN58138Al_Cereba_chr7A-320866_TSD	0.125	0.0177407764328309	-0.0232144569236865
RLG_AlonCN58138Al_Cereba_chr7A-320937_TSD	0.167	0.0179609218137029	-0.0237290173844882
RLG_AlonCN58138Al_Cereba_chr7A-321080_TSD	0.378	0.0171729300070281	-0.0212690173711563
RLG_AlonCN58138Al_Cereba_chr7A-321166_TSD	0.547	0.0131221985552066	-0.00464944802473015
RLG_AlonCN58138Al_Cereba_chr7A-321202_TSD	0.976	0.0130041778352701	-0.00272356145077493
RLG_AlonCN58138Al_Cereba_chr7A-321240_TSD	1.106	0.00879543574104391	0.00502293142009587
RLG_AlonCN58138Al_Cereba_chr7A-321306_TSD	0.804	0.0133801760585436	-0.00453826375593777
RLG_AlonCN58138Al_Cereba_chr7A-321368_TSD	1.019	0.00421965758080162	0.0109897377272898
RLG_AlonCN58138Al_Cereba_chr7A-321623_TSD	0.293	0.0177176960026377	-0.0237227264995795
RLG_AlonCN58138Al_Cereba_chr7A-321717_TSD	0.083	0.017209830929046	-0.0203780326788899
RLG_AlonCN58138Al_Cereba_chr7A-321839_TSD	0.377	0.0130731139832535	-0.0047427587684205
RLG_AlonCN58138Al_Cereba_chr7A-322000_TSD	1.238	-0.000282605227688534	0.0110441637455492
RLG_AlonCN58138Al_Cereba_chr7A-322324_TSD	0.59	0.012938721402051	-0.00300313700030384
RLG_AlonCN58138Al_Cereba_chr7A-322438_TSD	0.083	0.0166800852576817	-0.0189393590820752
RLG_AlonCN58138Al_Cereba_chr7A-322624_TSD	1.637	-0.000788355624435997	0.0136208717645559
RLG_AlonCN58138Al_Cereba_chr7A-322827_TSD	1.198	0.00315830122398937	0.0118268789366368
RLG_AlonCN58138Al_Cereba_chr7A-322899_TSD	1.107	0.00199428232984029	0.0146318715516234
RLG_AlonCN58138Al_Cereba_chr7A-322944_TSD	1.28	0.0133769698044915	-0.0100865024720833
RLG_AlonCN58138Al_Cereba_chr7A-323142_TSD	0.89	0.0134815533026433	-0.00486758683123574
RLG_AlonCN58138Al_Cereba_chr7A-323186_TSD	1.062	0.00421350986725659	0.0115311039982349
RLG_AlonCN58138Al_Cereba_chr7A-323229_TSD	0.933	0.00168838299987416	0.0143482442710668
RLG_AlonCN58138Al_Cereba_chr7A-323923_TSD	0.591	0.0136810131957337	-0.00573029379495499
RLG_AlonCN58138Al_Cereba_chr7A-323975_TSD	1.127	0.000838086105717401	0.0145202415610237
RLG_AlonCN58138Al_Cereba_chr7A-324017_TSD	1.238	0.00317946983283396	0.0116454806356168
RLG_AlonCN58138Al_Cereba_chr7A-325650_TSD	1.064	0.00553505741712829	0.0104459290991316
RLG_AlonCN58138Al_Cereba_chr7A-343981_TSD	0.041	0.0170130658115796	-0.0183775793194055
RLG_AlonCN58138Al_Cereba_chr7A-346357_TSD	0.42	0.0140407577970905	-0.00615472454365639
RLG_AlonCN58138Al_Cereba_chr7A-350719_TSD	0.463	0.0101737817281682	0.00582159797154398
RLG_AlonCN58138Al_Cereba_chr7A-368337_TSD	1.245	0.00225399082524224	0.01460851215083
RLG_AlonCN58138Al_Cereba_chr7A-379463_TSD	1.194	0.00654191912649453	0.0104978713334374
RLG_AlonCN58138Al_Cereba_chr7A-410585_TSD	0.821	0.00139659286864161	0.0134148540240812
RLG_AlonCN58138Al_Cereba_chr7A-504442_TSD	0.377	0.0117060838262575	0.0015629076688521
RLG_AsatOT3098_Cereba_chr1A-025541_TSD	0.462	0.0130036535006162	-0.00645256952047659
RLG_AsatOT3098_Cereba_chr1A-038868_TSD	0.336	0.0116809218339849	0.00134721285537305
RLG_AsatOT3098_Cereba_chr1A-108736_TSD	0.251	0.011411912487356	0.00263774210628479
RLG_AsatOT3098_Cereba_chr1A-113770_TSD	0.208	0.0141870607125788	-0.00911779363172539
RLG_AsatOT3098_Cereba_chr1A-120622_TSD	1.19	0.00265587234800702	0.011394400834678
RLG_AsatOT3098_Cereba_chr1A-130001_TSD	1.294	0.00574506908146456	0.0100038462125562
RLG_AsatOT3098_Cereba_chr1A-130401_TSD	0.893	-0.000769555086965645	0.0132651233389782
RLG_AsatOT3098_Cereba_chr1A-131801_TSD	0.921	-0.00084869318256036	0.0134877548631702
RLG_AsatOT3098_Cereba_chr1A-134599_TSD	0.42	0.00892436940013522	0.00654641702492105
RLG_AsatOT3098_Cereba_chr1A-142667_TSD	0.804	0.00299451141520115	0.0111813506069495
RLG_AsatOT3098_Cereba_chr1A-143130_TSD	0.804	0.0112745326295113	0.00442174989981033
RLG_AsatOT3098_Cereba_chr1A-144463_TSD	0.343	0.0109908521418053	-0.00232272462739419
RLG_AsatOT3098_Cereba_chr1A-150385_TSD	0.675	0.00480352066374571	0.00972810357295345
RLG_AsatOT3098_Cereba_chr1A-152242_TSD	0.59	0.0104384744873144	0.000914989342762084
RLG_AsatOT3098_Cereba_chr1A-152523_TSD	0.167	0.0131223070551104	-0.00327774893339223
RLG_AsatOT3098_Cereba_chr1A-152682_TSD	1.106	0.00731151377775984	0.00738254110375871
RLG_AsatOT3098_Cereba_chr1A-153057_TSD	0.42	0.0114615455908785	-0.00105566728562228
RLG_AsatOT3098_Cereba_chr1A-153079_TSD	0.167	0.0154324880987142	-0.0133072754507033
RLG_AsatOT3098_Cereba_chr1A-153130_TSD	0.167	0.0149075329849786	-0.0120134191720736
RLG_AsatOT3098_Cereba_chr1A-153285_TSD	0.335	0.0102918564587369	-0.000223510151924625
RLG_AsatOT3098_Cereba_chr1A-153336_TSD	0.641	-0.000661763392483614	0.0151285102881984
RLG_AsatOT3098_Cereba_chr1A-153612_TSD	0.336	0.00983701077812399	0.00387440177594975
RLG_AsatOT3098_Cereba_chr1A-153652_TSD	0.335	0.0102620493841887	0.00513828221375403
RLG_AsatOT3098_Cereba_chr1A-153987_TSD	0.675	0.0141469160959923	-0.00389548459399654
RLG_AsatOT3098_Cereba_chr1A-154071_TSD	0.42	0.010398369879986	6.55853669782603e-05
RLG_AsatOT3098_Cereba_chr1A-154129_TSD	0.251	0.0133261277966819	-0.00330144736897702
RLG_AsatOT3098_Cereba_chr1A-154144_TSD	0.718	0.0111493558204086	0.00585377840841882
RLG_AsatOT3098_Cereba_chr1A-154229_TSD	0.083	0.0132775755514807	-0.00447400077080693
RLG_AsatOT3098_Cereba_chr1A-154435_TSD	0.633	0.00885561650350074	0.00769933955609557
RLG_AsatOT3098_Cereba_chr1A-154649_TSD	0.251	0.0152129247721185	-0.0131302786595082
RLG_AsatOT3098_Cereba_chr1A-154674_TSD	1.421	0.000560886390323121	0.0161182290867883
RLG_AsatOT3098_Cereba_chr1A-154776_TSD	0.42	0.0148131221476045	-0.00903267677540862
RLG_AsatOT3098_Cereba_chr1A-155051_TSD	0.861	0.00206544471434376	0.0108022431269082
RLG_AsatOT3098_Cereba_chr1A-155087_TSD	0.547	0.00754757042722989	0.0120513715201596
RLG_AsatOT3098_Cereba_chr1A-155132_TSD	0.336	0.012734441266578	-0.00147426733076959
RLG_AsatOT3098_Cereba_chr1A-155193_TSD	0.505	0.0106711451627305	0.00220277535196797
RLG_AsatOT3098_Cereba_chr1A-155205_TSD	0.462	0.0138181805928442	-0.0031522330041801
RLG_AsatOT3098_Cereba_chr1A-155475_TSD	0.167	0.0138528123296563	-0.00478000520662309
RLG_AsatOT3098_Cereba_chr1A-155714_TSD	0.504	0.0115373376489696	-0.00048520321017033
RLG_AsatOT3098_Cereba_chr1A-155780_TSD	0.554	0.011832608102826	-0.00384149012124823
RLG_AsatOT3098_Cereba_chr1A-155915_TSD	0.378	0.0125362325492968	-0.00240543750478972
RLG_AsatOT3098_Cereba_chr1A-156095_TSD	0.208	0.0134984971854543	-0.00433428492491949
RLG_AsatOT3098_Cereba_chr1A-156134_TSD	0.59	0.0141824756634747	-0.00840252289643401
RLG_AsatOT3098_Cereba_chr1A-156169_TSD	0.293	0.0126951573670536	-0.000640406779329969
RLG_AsatOT3098_Cereba_chr1A-156183_TSD	0.294	0.0119593053629344	-0.00438389132989733
RLG_AsatOT3098_Cereba_chr1A-156399_TSD	0.335	0.0142633818340817	-0.00662845731894257
RLG_AsatOT3098_Cereba_chr1A-156530_TSD	0.125	0.0148249608269907	-0.00935994683965627
RLG_AsatOT3098_Cereba_chr1A-156588_TSD	0.592	0.0130809837737126	-0.00212111965841406
RLG_AsatOT3098_Cereba_chr1A-156645_TSD	0.167	0.0145435111887835	-0.0102498242088662
RLG_AsatOT3098_Cereba_chr1A-156738_TSD	0.251	0.0151534276748215	-0.0137081492058528
RLG_AsatOT3098_Cereba_chr1A-156939_TSD	0.516	0.0134675434283035	-0.00451070147919261
RLG_AsatOT3098_Cereba_chr1A-156956_TSD	0.167	0.0147691152119081	-0.0107474781352095
RLG_AsatOT3098_Cereba_chr1A-157061_TSD	0.125	0.0156826915307962	-0.012064518468958
RLG_AsatOT3098_Cereba_chr1A-157443_TSD	1.108	0.00844826672295912	0.0102235156058321
RLG_AsatOT3098_Cereba_chr1A-157610_TSD	1.282	0.0119664405299702	-0.00487064715978035
RLG_AsatOT3098_Cereba_chr1A-157756_TSD	1.238	0.00940124241829588	0.00322265583449771
RLG_AsatOT3098_Cereba_chr1A-157807_TSD	0.209	0.0151775125447713	-0.0110318423896298
RLG_AsatOT3098_Cereba_chr1A-157917_TSD	0.255	0.012427785876919	-0.00302871804150458
RLG_AsatOT3098_Cereba_chr1A-158111_TSD	0.167	0.0119365945189709	-0.000344826206566308
RLG_AsatOT3098_Cereba_chr1A-158531_TSD	0.762	0.00166984885295482	0.0116204717074113
RLG_AsatOT3098_Cereba_chr1A-159662_TSD	0.125	0.0059883773411234	0.0108361874571326
RLG_AsatOT3098_Cereba_chr1A-161182_TSD	0.804	0.00565597095952518	0.0103859490366717
RLG_AsatOT3098_Cereba_chr1A-169368_TSD	0.806	5.65059459186596e-05	0.0172397381587917
RLG_AsatOT3098_Cereba_chr1A-169924_TSD	0.293	0.0109654435637565	0.0028490473387345
RLG_AsatOT3098_Cereba_chr1A-171678_TSD	0.505	0.0123987843143572	-0.0035740962314161
RLG_AsatOT3098_Cereba_chr1A-248138_TSD	0.294	0.0131524026955296	-0.00229942378998663
RLG_AsatOT3098_Cereba_chr1A-327622_TSD	0.125	0.0154627226233802	-0.0128701117090162
RLG_AsatOT3098_Cereba_chr1A-362137_TSD	0.209	0.0128782221786361	-0.00342395148643869
RLG_AsatOT3098_Cereba_chr1A-366462_TSD	0.209	0.01447191522052	-0.00887740576271903
RLG_AsatOT3098_Cereba_chr1A-370645_TSD	0.083	0.0132983923254474	-0.00315170345652038
RLG_AsatOT3098_Cereba_chr1A-413909_TSD	0.377	0.0139612766478046	-0.00539707003728525
RLG_AsatOT3098_Cereba_chr1D-007090_TSD	0.977	0.0049516918711209	0.0128923088611313
RLG_AsatOT3098_Cereba_chr1D-007760_TSD	0.55	0.00506014920472433	0.00872085989252894
RLG_AsatOT3098_Cereba_chr1D-124713_TSD	0.719	0.00606762178322727	0.00851878956187442
RLG_AsatOT3098_Cereba_chr1D-124875_TSD	0.462	0.00639942007290018	0.00937308137907385
RLG_AsatOT3098_Cereba_chr1D-140782_TSD	0.558	0.00659027376977	0.0107350404176444
RLG_AsatOT3098_Cereba_chr1D-142343_TSD	0.975	0.00253187391195678	0.015432333416885
RLG_AsatOT3098_Cereba_chr1D-142491_TSD	0.976	0.000342830003744182	0.0119531721648957
RLG_AsatOT3098_Cereba_chr1D-143815_TSD	0.847	0.00592835142041261	0.0122679061854015
RLG_AsatOT3098_Cereba_chr1D-144074_TSD	0.98	0.00520683533404712	0.0119964561494706
RLG_AsatOT3098_Cereba_chr1D-144205_TSD	1.153	0.0050139532999429	0.0110123792566925
RLG_AsatOT3098_Cereba_chr1D-144663_TSD	0.721	0.00487524996976051	0.0124242136604454
RLG_AsatOT3098_Cereba_chr1D-144781_TSD	0.634	0.00635816328829005	0.0106173325920829
RLG_AsatOT3098_Cereba_chr1D-145016_TSD	0.676	0.00905391985384642	0.00741730957481794
RLG_AsatOT3098_Cereba_chr1D-145102_TSD	0.59	0.00715285625868601	0.00735349561784377
RLG_AsatOT3098_Cereba_chr1D-145217_TSD	0.547	0.00750909462443473	0.00866771987297111
RLG_AsatOT3098_Cereba_chr1D-145239_TSD	0.777	-0.000402660345605283	0.0150916602643714
RLG_AsatOT3098_Cereba_chr1D-145462_TSD	0.293	0.00945808258665278	0.00427134618103486
RLG_AsatOT3098_Cereba_chr1D-145561_TSD	0.293	0.0101873667111555	0.0055237651001627
RLG_AsatOT3098_Cereba_chr1D-145599_TSD	0.847	0.00933493019734596	0.0095015700876895
RLG_AsatOT3098_Cereba_chr1D-145609_TSD	0.933	0.00289170959926291	0.0131032801558885
RLG_AsatOT3098_Cereba_chr1D-145826_TSD	0.805	0.00888725659605532	0.0103815291884277
RLG_AsatOT3098_Cereba_chr1D-145842_TSD	0.377	0.0101756115123391	0.00634928131681007
RLG_AsatOT3098_Cereba_chr1D-146119_TSD	0.504	0.00917102641938736	0.0072278102931963
RLG_AsatOT3098_Cereba_chr1D-146191_TSD	0.462	0.00863619333418898	0.00835611453774593
RLG_AsatOT3098_Cereba_chr1D-146219_TSD	0.759	0.00861388391121861	0.00804999702173098
RLG_AsatOT3098_Cereba_chr1D-146253_TSD	0.676	0.010963833725655	0.00753079877632656
RLG_AsatOT3098_Cereba_chr1D-146403_TSD	1.413	0.00855728151485579	0.00967955437029871
RLG_AsatOT3098_Cereba_chr1D-146476_TSD	0.487	0.00548160393254512	0.0115683100434668
RLG_AsatOT3098_Cereba_chr1D-146550_TSD	1.549	0.00725258330753728	0.00887752862734661
RLG_AsatOT3098_Cereba_chr1D-146595_TSD	0.293	0.00880242348615666	0.00738244232478942
RLG_AsatOT3098_Cereba_chr1D-146627_TSD	0.633	0.00531366007608443	0.0113650957065856
RLG_AsatOT3098_Cereba_chr1D-146965_TSD	0.34	0.00878374684600509	0.00805454895802717
RLG_AsatOT3098_Cereba_chr1D-147053_TSD	1.151	0.00735422884049391	0.00817263072011328
RLG_AsatOT3098_Cereba_chr1D-147120_TSD	1.064	0.00750695980765129	0.00912145836732808
RLG_AsatOT3098_Cereba_chr1D-147231_TSD	0.719	0.00870484068804596	0.00765742134776396
RLG_AsatOT3098_Cereba_chr1D-147312_TSD	0.514	0.00913258030741246	0.00769855886051029
RLG_AsatOT3098_Cereba_chr1D-147430_TSD	0.504	0.00985492328619106	0.00847393205084843
RLG_AsatOT3098_Cereba_chr1D-147613_TSD	0.632	0.00504953130751368	0.0140347640054553
RLG_AsatOT3098_Cereba_chr1D-147831_TSD	0.765	0.00834410824815705	0.00817429093126346
RLG_AsatOT3098_Cereba_chr1D-147934_TSD	0.336	0.00874066776016574	0.00977789399745719
RLG_AsatOT3098_Cereba_chr1D-148783_TSD	0.959	0.00353579551214504	0.0133608112593908
RLG_AsatOT3098_Cereba_chr1D-148824_TSD	0.676	0.00910460610736903	0.00826919791903386
RLG_AsatOT3098_Cereba_chr1D-148850_TSD	0.293	0.00839522091142688	0.00676070148111863
RLG_AsatOT3098_Cereba_chr1D-149045_TSD	0.463	0.00837509678781623	0.00832665195648502
RLG_AsatOT3098_Cereba_chr1D-149142_TSD	0.507	0.00935834103228203	0.0107048641858182
RLG_AsatOT3098_Cereba_chr1D-149163_TSD	0.342	0.00849900711355927	0.00915316380962202
RLG_AsatOT3098_Cereba_chr1D-149384_TSD	0.336	0.0105978943514255	0.00880700418234055
RLG_AsatOT3098_Cereba_chr1D-149423_TSD	0.378	0.00603865396778531	0.0117387476876417
RLG_AsatOT3098_Cereba_chr1D-149448_TSD	0.633	0.00908469715581848	0.00767140823607299
RLG_AsatOT3098_Cereba_chr1D-150125_TSD	1.329	-0.00116194122877655	0.014528915498588
RLG_AsatOT3098_Cereba_chr1D-150139_TSD	0.765	0.00590762576205698	0.0098821391657422
RLG_AsatOT3098_Cereba_chr1D-150486_TSD	1.28	0.00850884755576253	0.00717648880955717
RLG_AsatOT3098_Cereba_chr1D-193472_TSD	0.849	-0.000776443943657893	0.0123308328087317
RLG_AsatOT3098_Cereba_chr1D-203281_TSD	0.463	-0.000263027166774304	0.0106496500465615
RLG_AsatOT3098_Cereba_chr1D-206975_TSD	0.674	-0.000495851853652299	0.013623465171836
RLG_AsatOT3098_Cereba_chr1D-237496_TSD	0.762	0.00879393478626035	0.00860364482759099
RLG_AsatOT3098_Cereba_chr1D-353029_TSD	0.336	0.00385094928910271	0.0135888700212921
RLG_AsatOT3098_Cereba_chr1D-353629_TSD	0.55	0.00953434387189101	0.00816006335198258
RLG_AsatOT3098_Cereba_chr1D-387002_TSD	0.505	0.00108733257755388	0.0118111055591187
RLG_AsatOT3098_Cereba_chr1D-417640_TSD	0.763	0.00271717796068634	0.0132760172953586
RLG_AsatOT3098_Cereba_chr1D-424920_TSD	0.892	0.000795656135732733	0.0106097559449466
RLG_AsatOT3098_Cereba_chr1D-467805_TSD	0.548	0.00344630645254719	0.0108068090848216
RLG_AsatOT3098_Cereba_chr1D-468113_TSD	1.11	0.0034641487475148	0.0117015589775596
RLG_AsatOT3098_Cereba_chr2A-007207_TSD	0.209	0.0148764608799607	-0.009554786642401
RLG_AsatOT3098_Cereba_chr2A-011819_TSD	0.591	0.0143437952067938	-0.007841159846827
RLG_AsatOT3098_Cereba_chr2A-019446_TSD	0.891	0.000576716437480023	0.0143109970696488
RLG_AsatOT3098_Cereba_chr2A-039482_TSD	0.68	0.0120938388279121	0.00101359407618364
RLG_AsatOT3098_Cereba_chr2A-057054_TSD	0.378	0.00700468378245168	0.0111271500527947
RLG_AsatOT3098_Cereba_chr2A-063230_TSD	0.891	0.00599600274460343	0.00952785505612345
RLG_AsatOT3098_Cereba_chr2A-069724_TSD	1.063	0.0027009146548744	0.0094143732815086
RLG_AsatOT3098_Cereba_chr2A-089135_TSD	0.718	0.0105280441221579	0.00278253933690107
RLG_AsatOT3098_Cereba_chr2A-101585_TSD	0.632	0.0108549076589392	0.000938970629914227
RLG_AsatOT3098_Cereba_chr2A-121449_TSD	0.251	0.0133776008842797	-0.00502757975149709
RLG_AsatOT3098_Cereba_chr2A-122682_TSD	0.847	0.00388612121082354	0.0120072160530419
RLG_AsatOT3098_Cereba_chr2A-128111_TSD	0.546	0.0124465147649794	-0.00184678158711693
RLG_AsatOT3098_Cereba_chr2A-133859_TSD	0.591	0.0102206411434025	0.00338928112923024
RLG_AsatOT3098_Cereba_chr2A-133870_TSD	0.724	0.00499379775664435	0.0110991809037687
RLG_AsatOT3098_Cereba_chr2A-135135_TSD	0.42	0.0109967596071874	0.00392578341125911
RLG_AsatOT3098_Cereba_chr2A-138982_TSD	0.975	0.00379584412516974	0.0126391695658379
RLG_AsatOT3098_Cereba_chr2A-145586_TSD	0.633	0.00588230369093756	0.0127029021433805
RLG_AsatOT3098_Cereba_chr2A-148205_TSD	0.547	0.01223248882032	-0.00218760435499501
RLG_AsatOT3098_Cereba_chr2A-149300_TSD	0.762	0.00878879518626823	0.0100733063714933
RLG_AsatOT3098_Cereba_chr2A-149621_TSD	0.762	0.00446631631632583	0.00728713844916581
RLG_AsatOT3098_Cereba_chr2A-149702_TSD	0.593	0.00446917174166507	0.00603565295958759
RLG_AsatOT3098_Cereba_chr2A-150109_TSD	0.764	0.00652125748689155	0.00999767155402312
RLG_AsatOT3098_Cereba_chr2A-150975_TSD	0.42	0.00820784770560647	0.0114409859324948
RLG_AsatOT3098_Cereba_chr2A-151454_TSD	0.633	0.00659751399539553	0.0109592212268162
RLG_AsatOT3098_Cereba_chr2A-152084_TSD	0.377	0.0131447420413868	-0.00403780905873442
RLG_AsatOT3098_Cereba_chr2A-152098_TSD	0.42	0.00998852935201988	0.00762362287715119
RLG_AsatOT3098_Cereba_chr2A-152121_TSD	1.064	0.00512867892603994	0.00832650740212683
RLG_AsatOT3098_Cereba_chr2A-152251_TSD	1.021	0.00539396400518624	0.00977179473178017
RLG_AsatOT3098_Cereba_chr2A-152281_TSD	0.549	0.00263536853558376	0.015198984555248
RLG_AsatOT3098_Cereba_chr2A-152469_TSD	0.678	0.0103344923615821	0.00668072582962948
RLG_AsatOT3098_Cereba_chr2A-153036_TSD	0.591	0.0127154992456754	-0.00223850445816438
RLG_AsatOT3098_Cereba_chr2A-153203_TSD	0.511	0.0116430711722389	-0.000662147684403894
RLG_AsatOT3098_Cereba_chr2A-153380_TSD	0.845	0.00660076069252969	0.0108743383949443
RLG_AsatOT3098_Cereba_chr2A-153425_TSD	0.891	0.00947367145090664	0.00649518770580733
RLG_AsatOT3098_Cereba_chr2A-153435_TSD	0.72	0.0118161543401007	-0.00268401404461827
RLG_AsatOT3098_Cereba_chr2A-153631_TSD	0.718	0.0055976861514089	0.0113617915976436
RLG_AsatOT3098_Cereba_chr2A-153663_TSD	0.251	0.0119070717138001	-0.00214650643712685
RLG_AsatOT3098_Cereba_chr2A-153713_TSD	0.505	0.0105639758017818	0.00177722596916344
RLG_AsatOT3098_Cereba_chr2A-153779_TSD	1.105	0.00706454843860276	0.00544328967743133
RLG_AsatOT3098_Cereba_chr2A-153964_TSD	0.76	0.0113808028646192	0.000128620890067825
RLG_AsatOT3098_Cereba_chr2A-154147_TSD	1.105	0.0103698584486123	0.00388295610883781
RLG_AsatOT3098_Cereba_chr2A-154406_TSD	0.421	0.0102128542350563	0.00236830270773659
RLG_AsatOT3098_Cereba_chr2A-154418_TSD	1.151	0.0111132885069116	0.00311847834039925
RLG_AsatOT3098_Cereba_chr2A-154583_TSD	0.59	0.0103282635628663	0.00169672522003766
RLG_AsatOT3098_Cereba_chr2A-154618_TSD	0.505	0.00857024398881277	0.00625410844696506
RLG_AsatOT3098_Cereba_chr2A-154785_TSD	0.083	0.0145528657318527	-0.0108422971071014
RLG_AsatOT3098_Cereba_chr2A-154862_TSD	0.335	0.0100402229693498	0.00277361736941574
RLG_AsatOT3098_Cereba_chr2A-154922_TSD	0.42	0.0110902982523055	0.00177916868516982
RLG_AsatOT3098_Cereba_chr2A-154973_TSD	0.083	0.0133865838491515	-0.00612798663656438
RLG_AsatOT3098_Cereba_chr2A-154987_TSD	0.72	0.0119058467336296	-0.00149778952487369
RLG_AsatOT3098_Cereba_chr2A-155015_TSD	0.336	0.011097768124152	0.00105205029002461
RLG_AsatOT3098_Cereba_chr2A-155048_TSD	0.167	0.0136231132373596	-0.00604112322035561
RLG_AsatOT3098_Cereba_chr2A-155195_TSD	0.335	0.0116697896638712	-0.00229286727992136
RLG_AsatOT3098_Cereba_chr2A-155207_TSD	0.59	0.00358093800369785	0.0112776685304049
RLG_AsatOT3098_Cereba_chr2A-155367_TSD	0.978	0.0107013215314935	0.00172306024409413
RLG_AsatOT3098_Cereba_chr2A-155420_TSD	1.324	0.0101562057511418	0.00389879649924888
RLG_AsatOT3098_Cereba_chr2A-155482_TSD	0.59	0.0120118109299751	0.00153733983633224
RLG_AsatOT3098_Cereba_chr2A-155725_TSD	0.167	0.0103942690012047	0.0058383445957157
RLG_AsatOT3098_Cereba_chr2A-155768_TSD	0.89	0.00195397443389795	0.0127124327374782
RLG_AsatOT3098_Cereba_chr2A-155907_TSD	0.209	0.0152111772194034	-0.0123323902178991
RLG_AsatOT3098_Cereba_chr2A-156055_TSD	0.041	0.0147668593967905	-0.0109321531830834
RLG_AsatOT3098_Cereba_chr2A-156157_TSD	0.806	0.0140573342105881	-0.00813014122091192
RLG_AsatOT3098_Cereba_chr2A-156277_TSD	0.633	0.0119091775163753	-0.00086038035221307
RLG_AsatOT3098_Cereba_chr2A-156384_TSD	0.251	0.0125437396138475	-0.00338208665698118
RLG_AsatOT3098_Cereba_chr2A-156444_TSD	0.379	0.0115628909795332	0.00066456242634387
RLG_AsatOT3098_Cereba_chr2A-156506_TSD	0.335	0.0135955943562688	-0.00510198689429385
RLG_AsatOT3098_Cereba_chr2A-156517_TSD	0.041	0.0161646878927218	-0.0131991628804951
RLG_AsatOT3098_Cereba_chr2A-156527_TSD	0.167	0.0150076969485841	-0.00973309183722448
RLG_AsatOT3098_Cereba_chr2A-156598_TSD	0.293	0.0135988146287283	-0.00453187405261084
RLG_AsatOT3098_Cereba_chr2A-156615_TSD	0.209	0.0134776791635371	-0.00485650509094289
RLG_AsatOT3098_Cereba_chr2A-156717_TSD	0.464	0.0119007326927471	-0.00137711538418005
RLG_AsatOT3098_Cereba_chr2A-156790_TSD	0.548	0.0141552799871037	-0.00596617344171153
RLG_AsatOT3098_Cereba_chr2A-156819_TSD	0.251	0.0139122196271387	-0.00638521067841169
RLG_AsatOT3098_Cereba_chr2A-156893_TSD	0.378	0.0109012549581328	0.00184923300846297
RLG_AsatOT3098_Cereba_chr2A-157174_TSD	1.106	0.0133997609871192	-0.00314401336059607
RLG_AsatOT3098_Cereba_chr2A-157232_TSD	0.591	0.0133027598286212	-0.00266399386000135
RLG_AsatOT3098_Cereba_chr2A-157348_TSD	1.193	0.00300665982110899	0.00930277751677158
RLG_AsatOT3098_Cereba_chr2A-157409_TSD	0.208	0.0136126481750312	-0.00318713064883835
RLG_AsatOT3098_Cereba_chr2A-157418_TSD	0.936	0.0128108236407742	-0.000840664756983356
RLG_AsatOT3098_Cereba_chr2A-157442_TSD	0.42	0.0119850991235097	-0.00323934567730566
RLG_AsatOT3098_Cereba_chr2A-157674_TSD	0.209	0.0134767233384415	-0.00625643912075713
RLG_AsatOT3098_Cereba_chr2A-157698_TSD	0.546	0.0123310779364064	-0.00035483825009238
RLG_AsatOT3098_Cereba_chr2A-157704_TSD	0.419	0.0120005093642835	-0.000400447762848783
RLG_AsatOT3098_Cereba_chr2A-158033_TSD	0.209	0.0136179495836481	-0.0051873442366429
RLG_AsatOT3098_Cereba_chr2A-158139_TSD	0.72	0.012226322975277	-0.00160612396392209
RLG_AsatOT3098_Cereba_chr2A-158659_TSD	1.59	0.00856339982127109	0.00678277199468382
RLG_AsatOT3098_Cereba_chr2A-158683_TSD	0.335	0.0102029396193996	0.000330425428612148
RLG_AsatOT3098_Cereba_chr2A-158844_TSD	0.083	0.0137098352922414	-0.00676957646809621
RLG_AsatOT3098_Cereba_chr2A-158871_TSD	0.464	0.0114873073617734	-0.000194021425685545
RLG_AsatOT3098_Cereba_chr2A-158889_TSD	0.804	0.0112887160853343	0.00458113359035312
RLG_AsatOT3098_Cereba_chr2A-158969_TSD	0.833	0.00736361079220965	0.00860969673867908
RLG_AsatOT3098_Cereba_chr2A-159044_TSD	1.194	0.00554519505725833	0.0109003348846927
RLG_AsatOT3098_Cereba_chr2A-159178_TSD	1.064	0.00904221559786646	0.00892700744286334
RLG_AsatOT3098_Cereba_chr2A-159273_TSD	0.547	0.0124230402146128	0.00189822418275649
RLG_AsatOT3098_Cereba_chr2A-159333_TSD	0.892	0.00308464204636217	0.0128712636826619
RLG_AsatOT3098_Cereba_chr2A-159460_TSD	0.42	0.0138428558464937	-0.00795969540507661
RLG_AsatOT3098_Cereba_chr2A-159698_TSD	0.59	0.0109052279643468	0.00478381265519496
RLG_AsatOT3098_Cereba_chr2A-160246_TSD	1.545	0.000422872329106032	0.016668043397756
RLG_AsatOT3098_Cereba_chr2A-163539_TSD	0.293	0.0139974935220764	-0.00750367574069458
RLG_AsatOT3098_Cereba_chr2A-166178_TSD	0.168	0.0151207814804171	-0.012262806308746
RLG_AsatOT3098_Cereba_chr2A-169311_TSD	0.675	0.00958350970063691	0.0100571841891137
RLG_AsatOT3098_Cereba_chr2A-183609_TSD	0.634	0.00719109239584373	0.0089805042804766
RLG_AsatOT3098_Cereba_chr2A-197628_TSD	0.81	0.0107829341448558	0.00691431724341158
RLG_AsatOT3098_Cereba_chr2A-199708_TSD	0.804	0.000890280492633196	0.0111505567189267
RLG_AsatOT3098_Cereba_chr2A-212778_TSD	0.805	0.00859562445545711	0.00775830485800241
RLG_AsatOT3098_Cereba_chr2A-213703_TSD	1.369	-0.000211951363789648	0.0169502697377024
RLG_AsatOT3098_Cereba_chr2A-222766_TSD	1.039	0.00398748809075949	0.011201263358414
RLG_AsatOT3098_Cereba_chr2A-232630_TSD	1.079	-0.000964955932926156	0.0163950343966862
RLG_AsatOT3098_Cereba_chr2A-253637_TSD	0.591	0.0099386677215417	0.00711140035982884
RLG_AsatOT3098_Cereba_chr2A-276077_TSD	0.42	0.00258135895681306	0.0133963935004212
RLG_AsatOT3098_Cereba_chr2A-288455_TSD	0.505	0.00393081685632892	0.0134761444784993
RLG_AsatOT3098_Cereba_chr2A-333918_TSD	0.335	0.0144404423674025	-0.00754831160659566
RLG_AsatOT3098_Cereba_chr2A-352680_TSD	0.506	0.0124713817881803	-0.000734265697297239
RLG_AsatOT3098_Cereba_chr2A-357136_TSD	0.676	0.000534882500555406	0.0148990386173012
RLG_AsatOT3098_Cereba_chr2A-362804_TSD	0.805	0.00657049959969993	0.0121051140986804
RLG_AsatOT3098_Cereba_chr2A-371140_TSD	0.336	0.00537669297801065	0.01243709532612
RLG_AsatOT3098_Cereba_chr2A-396732_TSD	0.676	0.00214570297197519	0.014349697626028
RLG_AsatOT3098_Cereba_chr2D-044160_TSD	0.545	0.0095305820996986	0.0100761525528142
RLG_AsatOT3098_Cereba_chr2D-134820_TSD	0.463	0.00825704174367938	0.00783298040230205
RLG_AsatOT3098_Cereba_chr2D-171727_TSD	0.763	0.0105201247378417	0.00654870464315145
RLG_AsatOT3098_Cereba_chr2D-186806_TSD	1.151	0.00264903511424166	0.0122356801088784
RLG_AsatOT3098_Cereba_chr2D-201730_TSD	0.167	0.00986147474538269	0.00723244628402604
RLG_AsatOT3098_Cereba_chr2D-212262_TSD	0.804	-0.000939188848567752	0.0153601403995121
RLG_AsatOT3098_Cereba_chr2D-296515_TSD	0.761	0.005183411375927	0.0104892517954197
RLG_AsatOT3098_Cereba_chr2D-332878_TSD	0.506	0.000529795795405438	0.012641845892344
RLG_AsatOT3098_Cereba_chr2D-339741_TSD	0.59	0.00752078643555128	0.00664972333710725
RLG_AsatOT3098_Cereba_chr2D-360400_TSD	0.675	0.00815169904350848	0.0106813707979535
RLG_AsatOT3098_Cereba_chr2D-362567_TSD	0.935	0.00372969936991987	0.0109266908088122
RLG_AsatOT3098_Cereba_chr2D-363405_TSD	0.565	0.0111962546699746	0.00656512674577567
RLG_AsatOT3098_Cereba_chr2D-365471_TSD	0.979	0.00855723100972792	0.0104681317326308
RLG_AsatOT3098_Cereba_chr2D-365756_TSD	0.742	0.00448066137328939	0.0112741880359036
RLG_AsatOT3098_Cereba_chr2D-365832_TSD	0.506	0.00939481617576508	0.00872587844062016
RLG_AsatOT3098_Cereba_chr2D-365930_TSD	0.421	0.00578848458715169	0.00934935481961685
RLG_AsatOT3098_Cereba_chr2D-365943_TSD	0.591	0.0058143041605865	0.012713783635486
RLG_AsatOT3098_Cereba_chr2D-365995_TSD	1.063	0.00737860731257611	0.0111747626364081
RLG_AsatOT3098_Cereba_chr2D-366157_TSD	0.933	-0.000270474821674349	0.0192590735574782
RLG_AsatOT3098_Cereba_chr2D-366353_TSD	0.632	0.000601643484955937	0.019102416459976
RLG_AsatOT3098_Cereba_chr2D-366559_TSD	0.806	0.00619161914857219	0.00953715947316605
RLG_AsatOT3098_Cereba_chr2D-366633_TSD	0.804	0.00187217540509815	0.0163244923135923
RLG_AsatOT3098_Cereba_chr2D-366670_TSD	0.59	0.00607954802231019	0.0107723800784798
RLG_AsatOT3098_Cereba_chr2D-366708_TSD	0.907	0.00140644036898131	0.0146815955819116
RLG_AsatOT3098_Cereba_chr2D-367001_TSD	1.647	0.00122543415730371	0.0138148788544869
RLG_AsatOT3098_Cereba_chr2D-367137_TSD	0.59	0.009587852052171	0.0103416188612246
RLG_AsatOT3098_Cereba_chr2D-367348_TSD	0.547	0.00922340342900626	0.0102275161853497
RLG_AsatOT3098_Cereba_chr2D-367444_TSD	0.72	0.00627268011509557	0.0126716777338754
RLG_AsatOT3098_Cereba_chr2D-367659_TSD	0.465	0.00982190965306565	0.0098872086702183
RLG_AsatOT3098_Cereba_chr2D-367747_TSD	0.976	0.00617856568673623	0.0103098444237939
RLG_AsatOT3098_Cereba_chr2D-367759_TSD	0.848	0.0064672740562878	0.0107775308127608
RLG_AsatOT3098_Cereba_chr2D-367910_TSD	1.193	0.00774264894363873	0.0115692802843936
RLG_AsatOT3098_Cereba_chr2D-368119_TSD	0.912	0.00414136599565833	0.0113498965072902
RLG_AsatOT3098_Cereba_chr2D-368129_TSD	1.025	0.00701162530221836	0.0107816563697734
RLG_AsatOT3098_Cereba_chr2D-368147_TSD	0.504	0.0052119674721898	0.010254953795098
RLG_AsatOT3098_Cereba_chr2D-368251_TSD	0.506	0.00999465292508008	0.0103770148879866
RLG_AsatOT3098_Cereba_chr2D-368276_TSD	0.639	0.0091947526652355	0.0106917550815917
RLG_AsatOT3098_Cereba_chr2D-368392_TSD	0.803	0.00648017342506578	0.00723691533739079
RLG_AsatOT3098_Cereba_chr2D-368402_TSD	0.549	0.0100108331820581	0.00671548860189006
RLG_AsatOT3098_Cereba_chr2D-368484_TSD	1.725	0.00309307429301619	0.0134885567974658
RLG_AsatOT3098_Cereba_chr2D-368861_TSD	0.764	0.00686067826957828	0.010596809724739
RLG_AsatOT3098_Cereba_chr2D-368901_TSD	0.893	-0.0010508135763685	0.0155823015210196
RLG_AsatOT3098_Cereba_chr2D-369175_TSD	0.911	0.00664883917492298	0.0115258163614619
RLG_AsatOT3098_Cereba_chr2D-369258_TSD	0.505	0.00905849090240069	0.00916055529543377
RLG_AsatOT3098_Cereba_chr2D-369425_TSD	0.676	0.00861321225376257	0.00905557641452312
RLG_AsatOT3098_Cereba_chr2D-369478_TSD	0.335	0.0103091437000942	0.00822932213083245
RLG_AsatOT3098_Cereba_chr2D-369731_TSD	0.547	0.00844312814565458	0.00934440350913138
RLG_AsatOT3098_Cereba_chr2D-369775_TSD	0.377	0.00690828784675299	0.0110486337060613
RLG_AsatOT3098_Cereba_chr2D-369837_TSD	0.634	0.00681981918845244	0.010217229245913
RLG_AsatOT3098_Cereba_chr2D-369892_TSD	0.936	0.00590417730223306	0.0119727979707066
RLG_AsatOT3098_Cereba_chr2D-369929_TSD	1.199	0.00551452785116308	0.0107570557989374
RLG_AsatOT3098_Cereba_chr2D-370074_TSD	0.59	0.00985130446418718	0.0108295813363633
RLG_AsatOT3098_Cereba_chr2D-370109_TSD	0.335	0.00963673783598487	0.00959351197216108
RLG_AsatOT3098_Cereba_chr2D-370124_TSD	0.506	0.00948519348404312	0.00830721640067834
RLG_AsatOT3098_Cereba_chr2D-370217_TSD	0.59	0.0100139963620699	0.0105128434661832
RLG_AsatOT3098_Cereba_chr2D-370252_TSD	0.335	0.00963673783598487	0.00959351197216108
RLG_AsatOT3098_Cereba_chr2D-370267_TSD	0.506	0.00948519348404312	0.00830721640067834
RLG_AsatOT3098_Cereba_chr2D-370386_TSD	0.719	0.00487651075395781	0.00935589030691614
RLG_AsatOT3098_Cereba_chr2D-370486_TSD	0.635	0.00602692917600239	0.00909765317967983
RLG_AsatOT3098_Cereba_chr2D-370605_TSD	0.293	0.00861341610362589	0.0111127770992293
RLG_AsatOT3098_Cereba_chr2D-370830_TSD	0.719	0.00589504588138659	0.0109547856557569
RLG_AsatOT3098_Cereba_chr2D-370900_TSD	0.719	0.00967862134228866	0.0068361608864717
RLG_AsatOT3098_Cereba_chr2D-370949_TSD	0.548	0.00937976344543047	0.00694585162942097
RLG_AsatOT3098_Cereba_chr2D-370992_TSD	0.462	0.00797318733594497	0.00789650456768027
RLG_AsatOT3098_Cereba_chr2D-371242_TSD	0.42	0.00399560997079949	0.0110266843846598
RLG_AsatOT3098_Cereba_chr2D-371575_TSD	0.934	0.00426995227866202	0.007903759515498
RLG_AsatOT3098_Cereba_chr2D-371628_TSD	1.195	-0.000513796403998129	0.0134446782451812
RLG_AsatOT3098_Cereba_chr2D-371695_TSD	1.281	-0.00129192982741416	0.0156868249774025
RLG_AsatOT3098_Cereba_chr2D-371704_TSD	0.892	0.00509342687424839	0.00902979284069717
RLG_AsatOT3098_Cereba_chr2D-371770_TSD	0.89	0.0054174507727019	0.0102898855111787
RLG_AsatOT3098_Cereba_chr2D-372065_TSD	0.976	0.0049801113231605	0.0118093869946869
RLG_AsatOT3098_Cereba_chr2D-372134_TSD	0.484	0.00712432221793098	0.0125095353860748
RLG_AsatOT3098_Cereba_chr2D-372169_TSD	1.021	0.00281080147167009	0.0121643908507301
RLG_AsatOT3098_Cereba_chr2D-372242_TSD	0.463	0.00883028778821993	0.0095732853945296
RLG_AsatOT3098_Cereba_chr2D-372325_TSD	0.547	0.00930911196205811	0.010526930533573
RLG_AsatOT3098_Cereba_chr2D-372421_TSD	1.152	0.00682648489505868	0.0122497262991363
RLG_AsatOT3098_Cereba_chr2D-372456_TSD	0.42	0.00852461480490616	0.0081523666291729
RLG_AsatOT3098_Cereba_chr2D-372495_TSD	0.507	0.00452430976097087	0.00943824016911395
RLG_AsatOT3098_Cereba_chr2D-372510_TSD	0.335	0.00878313332998276	0.011091415163315
RLG_AsatOT3098_Cereba_chr2D-372563_TSD	0.548	0.00956409795141758	0.00898821516014918
RLG_AsatOT3098_Cereba_chr2D-372686_TSD	0.632	0.00757061137723643	0.0114300644392925
RLG_AsatOT3098_Cereba_chr2D-372799_TSD	0.631	0.00632142294472709	0.0104008103498554
RLG_AsatOT3098_Cereba_chr2D-373252_TSD	0.633	0.00864513527879129	0.00807785835666023
RLG_AsatOT3098_Cereba_chr2D-373471_TSD	0.805	0.00130164407135875	0.0157024231236824
RLG_AsatOT3098_Cereba_chr2D-373651_TSD	0.633	0.00827082515503156	0.0070015774831673
RLG_AsatOT3098_Cereba_chr2D-376817_TSD	0.762	0.0064474743629194	0.0121321914424447
RLG_AsatOT3098_Cereba_chr2D-431499_TSD	0.548	0.00937210173322806	0.0107969179057484
RLG_AsatOT3098_Cereba_chr2D-454472_TSD	0.633	0.0118559819531175	0.000930377302706129
RLG_AsatOT3098_Cereba_chr2D-456273_TSD	0.977	0.00180659536160116	0.0150189142223668
RLG_AsatOT3098_Cereba_chr2D-474930_TSD	0.293	0.00611188069558388	0.0110918952391843
RLG_AsatOT3098_Cereba_chr2D-489095_TSD	0.505	0.00780303392858617	0.00959513082636173
RLG_AsatOT3098_Cereba_chr2D-508524_TSD	0.719	0.00777187266528133	0.0113175407884915
RLG_AsatOT3098_Cereba_chr2D-509263_TSD	0.591	0.00855491174674927	0.00726983731247636
RLG_AsatOT3098_Cereba_chr3A-025961_TSD	0.125	0.0178036839311825	-0.0255810252101363
RLG_AsatOT3098_Cereba_chr3A-103947_TSD	0.762	0.00208748026341294	0.0140315324612995
RLG_AsatOT3098_Cereba_chr3A-171685_TSD	0.251	0.0126337083029432	-0.00390224240606994
RLG_AsatOT3098_Cereba_chr3A-189030_TSD	0.505	0.00905501696496225	0.00484311059783001
RLG_AsatOT3098_Cereba_chr3A-211340_TSD	0.814	0.00464083228361108	0.0125432284097889
RLG_AsatOT3098_Cereba_chr3A-215590_TSD	0.378	0.00692294101246005	0.0124965914283597
RLG_AsatOT3098_Cereba_chr3A-225918_TSD	0.634	0.00998174479674257	0.00569729314453607
RLG_AsatOT3098_Cereba_chr3A-225957_TSD	1.241	0.00450266551511972	0.00887140045088908
RLG_AsatOT3098_Cereba_chr3A-226966_TSD	0.554	2.17387422489574e-05	0.0135124033930027
RLG_AsatOT3098_Cereba_chr3A-228859_TSD	0.677	0.0122591599933614	0.00132977891991259
RLG_AsatOT3098_Cereba_chr3A-233294_TSD	0.562	-0.000259988314676556	0.0133113495855141
RLG_AsatOT3098_Cereba_chr3A-235259_TSD	1.064	0.00631369228789576	0.00794567820194609
RLG_AsatOT3098_Cereba_chr3A-235685_TSD	0.913	0.000158861741763538	0.0139787618471346
RLG_AsatOT3098_Cereba_chr3A-235743_TSD	0.548	0.0118135592766234	0.000394436208156882
RLG_AsatOT3098_Cereba_chr3A-235826_TSD	0.805	0.00908879453622533	0.00579119712544982
RLG_AsatOT3098_Cereba_chr3A-235946_TSD	0.167	0.0133800743252726	-0.00566146175036099
RLG_AsatOT3098_Cereba_chr3A-236011_TSD	0.718	0.0129902543963064	0.00029556393737035
RLG_AsatOT3098_Cereba_chr3A-236133_TSD	0.335	0.0102419614755643	0.00641913008967801
RLG_AsatOT3098_Cereba_chr3A-236369_TSD	0.378	0.0106538113565245	0.00693881379179775
RLG_AsatOT3098_Cereba_chr3A-236687_TSD	0.378	0.0122710897847174	-0.00189374152595724
RLG_AsatOT3098_Cereba_chr3A-236760_TSD	0.804	0.0103779488519671	0.00521645001143502
RLG_AsatOT3098_Cereba_chr3A-237349_TSD	0.209	0.0129285918738975	-0.00295498087561806
RLG_AsatOT3098_Cereba_chr3A-237367_TSD	1.373	0.0106926207457642	0.00357777269435642
RLG_AsatOT3098_Cereba_chr3A-237586_TSD	0.377	0.0138047018743007	-0.00460956400175027
RLG_AsatOT3098_Cereba_chr3A-237609_TSD	0.803	0.00758702850014586	0.0100864928187185
RLG_AsatOT3098_Cereba_chr3A-237621_TSD	0.59	0.0109991809093299	-0.00137393222927254
RLG_AsatOT3098_Cereba_chr3A-237684_TSD	0.209	0.0139733293063324	-0.00382179926071533
RLG_AsatOT3098_Cereba_chr3A-237705_TSD	0.167	0.0147851768603647	-0.0115780435111483
RLG_AsatOT3098_Cereba_chr3A-237719_TSD	0.125	0.0138033567814585	-0.00636724881023855
RLG_AsatOT3098_Cereba_chr3A-238445_TSD	0.59	0.0126053101925556	0.00216886842629367
RLG_AsatOT3098_Cereba_chr3A-238546_TSD	0.167	0.0151494582277572	-0.0131695374588433
RLG_AsatOT3098_Cereba_chr3A-238619_TSD	0.293	0.0125857659036302	-0.00286416672235683
RLG_AsatOT3098_Cereba_chr3A-238764_TSD	0.816	0.00867398826663395	0.00701891681823717
RLG_AsatOT3098_Cereba_chr3A-238873_TSD	0.251	0.0146246996350556	-0.0121244726314627
RLG_AsatOT3098_Cereba_chr3A-238920_TSD	0.293	0.011912306242315	0.000158339561330854
RLG_AsatOT3098_Cereba_chr3A-238939_TSD	0.633	0.0112786547688225	0.00125965088687512
RLG_AsatOT3098_Cereba_chr3A-238989_TSD	0.125	0.0153992198299037	-0.0119696959238106
RLG_AsatOT3098_Cereba_chr3A-239138_TSD	0.805	0.00971629842897358	0.00898741156659945
RLG_AsatOT3098_Cereba_chr3A-239195_TSD	0.335	0.0148743860609154	-0.0124952440473281
RLG_AsatOT3098_Cereba_chr3A-239312_TSD	0.42	0.0128828070736806	-0.00156416525447612
RLG_AsatOT3098_Cereba_chr3A-239394_TSD	0.676	0.0127117629642338	-0.000543036099147373
RLG_AsatOT3098_Cereba_chr3A-239405_TSD	0.42	0.0129307397631634	-5.767719494942e-05
RLG_AsatOT3098_Cereba_chr3A-239453_TSD	1.062	0.0107763781867775	0.0055001150127919
RLG_AsatOT3098_Cereba_chr3A-239986_TSD	0.209	0.0152601027189939	-0.0114626274175827
RLG_AsatOT3098_Cereba_chr3A-240484_TSD	0.378	0.0137952868908168	-0.00867275713697097
RLG_AsatOT3098_Cereba_chr3A-240513_TSD	0.336	0.012702668191148	-0.00226412310725176
RLG_AsatOT3098_Cereba_chr3A-240524_TSD	0.209	0.0152769021838038	-0.0157579364501439
RLG_AsatOT3098_Cereba_chr3A-240715_TSD	0.59	0.0128949949394298	-0.006138753187573
RLG_AsatOT3098_Cereba_chr3A-240737_TSD	0.377	0.0115938164067458	0.00357278734665761
RLG_AsatOT3098_Cereba_chr3A-240820_TSD	0.462	0.0113834036330179	0.00333426631962469
RLG_AsatOT3098_Cereba_chr3A-240960_TSD	0.419	0.0147077280828743	-0.00452460167412074
RLG_AsatOT3098_Cereba_chr3A-241275_TSD	0.209	0.0138614573008502	-0.00971772780530228
RLG_AsatOT3098_Cereba_chr3A-241325_TSD	0.547	0.00938366625901535	0.00597556785288012
RLG_AsatOT3098_Cereba_chr3A-241333_TSD	0.462	0.0150326923223151	-0.0127399424053595
RLG_AsatOT3098_Cereba_chr3A-241786_TSD	0.462	0.00909597633572206	0.0092579697812834
RLG_AsatOT3098_Cereba_chr3A-241804_TSD	0.335	0.0117996178880073	-0.000110703460996123
RLG_AsatOT3098_Cereba_chr3A-241868_TSD	0.42	0.0128895594363597	-0.000504753843830259
RLG_AsatOT3098_Cereba_chr3A-241882_TSD	0.675	0.00856799591626786	0.00636253084989855
RLG_AsatOT3098_Cereba_chr3A-242214_TSD	0.718	0.0133045848763552	-0.00504216775355272
RLG_AsatOT3098_Cereba_chr3A-242434_TSD	0.336	0.010127719994394	0.0026065741412735
RLG_AsatOT3098_Cereba_chr3A-242510_TSD	0.507	0.0125203854861466	-0.00101049825195
RLG_AsatOT3098_Cereba_chr3A-242594_TSD	0.717	0.00761969162319226	0.0124938967276126
RLG_AsatOT3098_Cereba_chr3A-242644_TSD	0.943	0.0104246172802644	0.00247130033479042
RLG_AsatOT3098_Cereba_chr3A-243060_TSD	0.64	0.0060483893987524	0.0113951543686332
RLG_AsatOT3098_Cereba_chr3A-243577_TSD	0.803	0.00699728995116209	0.0104946062648521
RLG_AsatOT3098_Cereba_chr3A-243796_TSD	0.847	0.00560892809726606	0.0120310502209538
RLG_AsatOT3098_Cereba_chr3A-246024_TSD	0.463	0.0125548811713795	-0.00102720167675736
RLG_AsatOT3098_Cereba_chr3A-246523_TSD	1.197	9.73073008108234e-05	0.0166016217647229
RLG_AsatOT3098_Cereba_chr3A-246635_TSD	0.891	0.0112606366863684	0.00667540010530645
RLG_AsatOT3098_Cereba_chr3A-247958_TSD	0.717	0.00242228061879182	0.0130489778848096
RLG_AsatOT3098_Cereba_chr3A-248871_TSD	0.719	0.0066017600661098	0.0130233961963143
RLG_AsatOT3098_Cereba_chr3A-249308_TSD	0.548	0.00701441039990256	0.0124245143000565
RLG_AsatOT3098_Cereba_chr3A-249517_TSD	0.719	0.00686905161519972	0.0113006859113379
RLG_AsatOT3098_Cereba_chr3A-249576_TSD	0.85	-0.00130557244283072	0.0164840679062304
RLG_AsatOT3098_Cereba_chr3A-251974_TSD	0.718	0.00160902246182906	0.0155622778304954
RLG_AsatOT3098_Cereba_chr3A-254017_TSD	0.803	0.00913364549219249	0.00671737216346966
RLG_AsatOT3098_Cereba_chr3A-255203_TSD	0.849	0.00801250271575138	0.00934279757581266
RLG_AsatOT3098_Cereba_chr3A-265329_TSD	0.42	0.0112799964735538	-0.00040388836061224
RLG_AsatOT3098_Cereba_chr3A-266421_TSD	0.251	0.0128313339661084	-0.0044135125932491
RLG_AsatOT3098_Cereba_chr3A-270124_TSD	0.208	0.0130097350569905	-0.00392052042037319
RLG_AsatOT3098_Cereba_chr3A-270172_TSD	0.42	0.0122853173274061	0.000230024651879953
RLG_AsatOT3098_Cereba_chr3A-348598_TSD	0.506	0.0113100255379856	0.00291481000547114
RLG_AsatOT3098_Cereba_chr3A-406071_TSD	0.847	0.00713906224337278	0.00722344654967301
RLG_AsatOT3098_Cereba_chr3A-406882_TSD	0.978	0.00376505785753603	0.0103977302234377
RLG_AsatOT3098_Cereba_chr3A-413514_TSD	0.85	0.0101948695362429	0.00743284127583536
RLG_AsatOT3098_Cereba_chr3D-059899_TSD	1.28	-0.00126701286669347	0.019040476759299
RLG_AsatOT3098_Cereba_chr3D-066631_TSD	1.368	-0.000810310297087939	0.0171692678183423
RLG_AsatOT3098_Cereba_chr3D-108574_TSD	0.761	0.00766988688246595	0.00736818437095889
RLG_AsatOT3098_Cereba_chr3D-114143_TSD	0.846	0.000249656945368142	0.0168795081966749
RLG_AsatOT3098_Cereba_chr3D-131367_TSD	0.591	0.00707493960595027	0.010550779827195
RLG_AsatOT3098_Cereba_chr3D-147063_TSD	0.59	0.000125338559094198	0.016294636661343
RLG_AsatOT3098_Cereba_chr3D-158442_TSD	0.251	0.00945196196062127	0.00874309727265925
RLG_AsatOT3098_Cereba_chr3D-165764_TSD	0.806	0.00899452820712585	0.0094856542390224
RLG_AsatOT3098_Cereba_chr3D-176860_TSD	0.719	0.00504561666429233	0.012243542669247
RLG_AsatOT3098_Cereba_chr3D-196022_TSD	0.719	0.000552387784845155	0.0154601290638987
RLG_AsatOT3098_Cereba_chr3D-199188_TSD	1.02	0.000413795329744527	0.0147888230951931
RLG_AsatOT3098_Cereba_chr3D-200169_TSD	0.959	0.00566283611234984	0.0117999961824244
RLG_AsatOT3098_Cereba_chr3D-202177_TSD	0.634	-0.000869203950734421	0.0175771983812295
RLG_AsatOT3098_Cereba_chr3D-202390_TSD	0.718	-3.56021720731984e-05	0.0152170332567194
RLG_AsatOT3098_Cereba_chr3D-202483_TSD	1.336	0.0059544227435376	0.0105995566375158
RLG_AsatOT3098_Cereba_chr3D-202534_TSD	0.465	0.00724900889885513	0.0132547549119072
RLG_AsatOT3098_Cereba_chr3D-202575_TSD	1.633	0.00446168989682346	0.0124794733338593
RLG_AsatOT3098_Cereba_chr3D-202623_TSD	0.674	0.00598962553843528	0.0093962380001278
RLG_AsatOT3098_Cereba_chr3D-202729_TSD	1.411	0.00758741304242526	0.0113186854599947
RLG_AsatOT3098_Cereba_chr3D-202852_TSD	0.59	0.00894653778780584	0.00814777940152676
RLG_AsatOT3098_Cereba_chr3D-202986_TSD	0.804	0.00767144207394822	0.0116848788732259
RLG_AsatOT3098_Cereba_chr3D-202998_TSD	0.209	0.0100891998452839	0.00525577425324082
RLG_AsatOT3098_Cereba_chr3D-203124_TSD	0.377	0.0102054937322806	0.00519754499175721
RLG_AsatOT3098_Cereba_chr3D-203142_TSD	0.379	0.00637334602635579	0.0112971248867922
RLG_AsatOT3098_Cereba_chr3D-203689_TSD	0.377	0.00859673835403457	0.00712119161561166
RLG_AsatOT3098_Cereba_chr3D-203741_TSD	0.463	0.00555893009456458	0.00944556680096621
RLG_AsatOT3098_Cereba_chr3D-203803_TSD	0.378	0.0103464684766359	0.00635434476468002
RLG_AsatOT3098_Cereba_chr3D-204002_TSD	0.633	0.00902096491451418	0.010758639887736
RLG_AsatOT3098_Cereba_chr3D-204069_TSD	0.633	0.00878591734493023	0.0110920249352273
RLG_AsatOT3098_Cereba_chr3D-204112_TSD	0.251	0.00897666408867913	0.00827251853081015
RLG_AsatOT3098_Cereba_chr3D-204221_TSD	0.378	0.0105776839283256	0.00797361928861103
RLG_AsatOT3098_Cereba_chr3D-204336_TSD	0.477	0.0105599544756197	0.00526414066211355
RLG_AsatOT3098_Cereba_chr3D-204419_TSD	0.462	0.00970087079105591	0.00915148464199366
RLG_AsatOT3098_Cereba_chr3D-204553_TSD	0.548	0.00916700422263985	0.00926449665945262
RLG_AsatOT3098_Cereba_chr3D-204701_TSD	0.504	0.00933541396779694	0.0108189241565195
RLG_AsatOT3098_Cereba_chr3D-204820_TSD	0.717	0.00758000220718129	0.00889607204010802
RLG_AsatOT3098_Cereba_chr3D-204880_TSD	0.336	0.0106213300543634	0.00605859675511284
RLG_AsatOT3098_Cereba_chr3D-205036_TSD	1.425	0.000521512595556908	0.0148142871171071
RLG_AsatOT3098_Cereba_chr3D-205333_TSD	1.071	0.000921969294655097	0.014298399912654
RLG_AsatOT3098_Cereba_chr3D-205429_TSD	0.209	0.00989413357102372	0.00994983085427363
RLG_AsatOT3098_Cereba_chr3D-205537_TSD	0.55	0.0023174438626313	0.0147578642854794
RLG_AsatOT3098_Cereba_chr3D-205572_TSD	0.849	0.0067916584010287	0.00912472974219415
RLG_AsatOT3098_Cereba_chr3D-205606_TSD	0.548	0.00972521788643521	0.00769677905527837
RLG_AsatOT3098_Cereba_chr3D-205644_TSD	0.891	0.0102719551616382	0.0117915409304626
RLG_AsatOT3098_Cereba_chr3D-205787_TSD	0.682	0.00925571792790374	0.0100278248338337
RLG_AsatOT3098_Cereba_chr3D-205804_TSD	0.718	0.00531137594625823	0.0108366984951642
RLG_AsatOT3098_Cereba_chr3D-206047_TSD	0.504	0.00463922787707504	0.0112298387539114
RLG_AsatOT3098_Cereba_chr3D-206217_TSD	0.893	0.00622702889056893	0.0128025167706352
RLG_AsatOT3098_Cereba_chr3D-206295_TSD	0.89	-0.00118520183278457	0.0147774383841074
RLG_AsatOT3098_Cereba_chr3D-206378_TSD	0.763	0.0112034765388344	0.00585047833610091
RLG_AsatOT3098_Cereba_chr3D-206445_TSD	0.251	0.00671989361446627	0.0106791306935644
RLG_AsatOT3098_Cereba_chr3D-206458_TSD	1.37	-0.000564779082247096	0.0167818947170806
RLG_AsatOT3098_Cereba_chr3D-206502_TSD	0.335	0.00981107652531354	0.0114047368765055
RLG_AsatOT3098_Cereba_chr3D-206513_TSD	0.632	0.00231215764030932	0.0110113735563796
RLG_AsatOT3098_Cereba_chr3D-206585_TSD	0.42	0.00970057628101028	0.00690283447815314
RLG_AsatOT3098_Cereba_chr3D-206646_TSD	0.592	0.00501116623770316	0.0101372674349506
RLG_AsatOT3098_Cereba_chr3D-206807_TSD	1.104	0.00446733479960965	0.013013012117216
RLG_AsatOT3098_Cereba_chr3D-206842_TSD	0.34	0.00843836347399545	0.0103272335802207
RLG_AsatOT3098_Cereba_chr3D-207682_TSD	0.632	0.00671835886368854	0.0108291668441733
RLG_AsatOT3098_Cereba_chr3D-207898_TSD	0.847	0.00858453258824187	0.00880093760337395
RLG_AsatOT3098_Cereba_chr3D-207959_TSD	0.548	0.00884356812838239	0.00972055577935054
RLG_AsatOT3098_Cereba_chr3D-207978_TSD	1.376	-0.000931116829370193	0.0175391434715548
RLG_AsatOT3098_Cereba_chr3D-208042_TSD	0.721	0.00354226941654644	0.0113980602097333
RLG_AsatOT3098_Cereba_chr3D-208054_TSD	0.547	0.00776664452420944	0.0102138892455258
RLG_AsatOT3098_Cereba_chr3D-208191_TSD	0.293	0.00530580459832182	0.0102691566780129
RLG_AsatOT3098_Cereba_chr3D-208205_TSD	0.636	0.00799292834962814	0.0103190040310636
RLG_AsatOT3098_Cereba_chr3D-208248_TSD	0.463	0.00789268050292147	0.00749368355573182
RLG_AsatOT3098_Cereba_chr3D-208327_TSD	0.549	0.00807180449453415	0.0109611142138816
RLG_AsatOT3098_Cereba_chr3D-208736_TSD	1.419	0.00252632015396965	0.0128800374540582
RLG_AsatOT3098_Cereba_chr3D-208862_TSD	0.59	0.00991486760581342	0.00685244677267733
RLG_AsatOT3098_Cereba_chr3D-208878_TSD	0.934	0.00946822189245605	0.00871587141859652
RLG_AsatOT3098_Cereba_chr3D-208899_TSD	0.892	0.00679316255299288	0.011286945475173
RLG_AsatOT3098_Cereba_chr3D-209082_TSD	0.718	0.00775910389617468	0.0108971163678487
RLG_AsatOT3098_Cereba_chr3D-209116_TSD	0.898	0.00180746470722391	0.0164976451600472
RLG_AsatOT3098_Cereba_chr3D-210074_TSD	0.548	0.00792873103836399	0.0104691748106076
RLG_AsatOT3098_Cereba_chr3D-215756_TSD	0.803	0.0052326122464479	0.00986072002798959
RLG_AsatOT3098_Cereba_chr3D-217368_TSD	0.719	0.00743091686539997	0.0100883040088065
RLG_AsatOT3098_Cereba_chr3D-217792_TSD	0.72	-0.00120350682764171	0.0133393205721847
RLG_AsatOT3098_Cereba_chr3D-224754_TSD	0.889	0.00945557533703095	0.00943790510981537
RLG_AsatOT3098_Cereba_chr3D-244707_TSD	0.591	0.00964753985344852	0.00698102055121709
RLG_AsatOT3098_Cereba_chr3D-299608_TSD	0.505	0.00198466826783169	0.0166994267753036
RLG_AsatOT3098_Cereba_chr3D-303874_TSD	0.636	0.00222251334251272	0.0157924285239057
RLG_AsatOT3098_Cereba_chr3D-331179_TSD	0.636	0.00860927629567346	0.00946370745523399
RLG_AsatOT3098_Cereba_chr4A-025122_TSD	0.593	0.00168511716007644	0.0161311370276557
RLG_AsatOT3098_Cereba_chr4A-026750_TSD	0.723	0.00514863502089716	0.0114738738799479
RLG_AsatOT3098_Cereba_chr4A-057840_TSD	1.109	0.00552215133171216	0.009916153822616
RLG_AsatOT3098_Cereba_chr4A-085306_TSD	0.978	0.00180345220198705	0.0121780695144364
RLG_AsatOT3098_Cereba_chr4A-101881_TSD	0.976	0.00900550678887721	0.008079899406949
RLG_AsatOT3098_Cereba_chr4A-108177_TSD	0.804	0.0072840615547552	0.00995636786743272
RLG_AsatOT3098_Cereba_chr4A-112298_TSD	0.463	0.00481675751143473	0.00887008923700293
RLG_AsatOT3098_Cereba_chr4A-114006_TSD	0.719	0.00107530700821939	0.0150639992933651
RLG_AsatOT3098_Cereba_chr4A-117123_TSD	0.891	0.000258107510480303	0.0148520204955468
RLG_AsatOT3098_Cereba_chr4A-117253_TSD	0.934	0.00363014364219713	0.0121960571782707
RLG_AsatOT3098_Cereba_chr4A-117349_TSD	0.976	0.00212362941405815	0.015824235113844
RLG_AsatOT3098_Cereba_chr4A-117396_TSD	1.5	0.00538670168665158	0.012025512379728
RLG_AsatOT3098_Cereba_chr4A-117680_TSD	0.719	0.00356354581297027	0.00819381814244724
RLG_AsatOT3098_Cereba_chr4A-117742_TSD	1.329	0.00334253839487994	0.0101797800813469
RLG_AsatOT3098_Cereba_chr4A-117898_TSD	0.934	0.00158889465385587	0.014835679233404
RLG_AsatOT3098_Cereba_chr4A-117910_TSD	0.939	0.00416627610525229	0.00832038273795104
RLG_AsatOT3098_Cereba_chr4A-117941_TSD	0.761	0.00160868872444905	0.0154545182584498
RLG_AsatOT3098_Cereba_chr4A-118125_TSD	0.892	-0.000323754834242754	0.0156060088852997
RLG_AsatOT3098_Cereba_chr4A-118390_TSD	0.335	0.0137979214823086	-0.00784729724399059
RLG_AsatOT3098_Cereba_chr4A-118404_TSD	1.325	0.000328587276757677	0.0154112489524195
RLG_AsatOT3098_Cereba_chr4A-118607_TSD	0.523	0.00584300827058045	0.0110173758321487
RLG_AsatOT3098_Cereba_chr4A-118648_TSD	0.462	0.00476390285907973	0.0104910972542952
RLG_AsatOT3098_Cereba_chr4A-118796_TSD	0.889	0.000950322455153371	0.0138001356131744
RLG_AsatOT3098_Cereba_chr4A-118894_TSD	1.502	0.00139857189721192	0.0158151646366028
RLG_AsatOT3098_Cereba_chr4A-118904_TSD	0.293	0.0158199314725187	-0.0147239580323796
RLG_AsatOT3098_Cereba_chr4A-118919_TSD	0.335	0.012579212923975	-0.0070199027650062
RLG_AsatOT3098_Cereba_chr4A-118952_TSD	1.585	0.0028514305493686	0.00909128712872754
RLG_AsatOT3098_Cereba_chr4A-119019_TSD	0.125	0.0142132156064924	-0.00544735514634795
RLG_AsatOT3098_Cereba_chr4A-119264_TSD	0.042	0.0141242275115401	-0.00711458244931858
RLG_AsatOT3098_Cereba_chr4A-119487_TSD	1.369	0.00165913131189068	0.0161304340117455
RLG_AsatOT3098_Cereba_chr4A-119495_TSD	0.983	-0.000941241421421997	0.0141781244577342
RLG_AsatOT3098_Cereba_chr4A-119517_TSD	0.208	0.0132929292517093	-0.00330905543705493
RLG_AsatOT3098_Cereba_chr4A-119625_TSD	0.377	0.00829956138552897	0.00974839682434744
RLG_AsatOT3098_Cereba_chr4A-119798_TSD	0.3	0.013572266544909	-0.00565380267265837
RLG_AsatOT3098_Cereba_chr4A-120203_TSD	0.684	0.00981537474901155	0.0059790073453953
RLG_AsatOT3098_Cereba_chr4A-120270_TSD	1.106	0.00906513253743863	0.00546345480365164
RLG_AsatOT3098_Cereba_chr4A-120545_TSD	0.463	0.0135542968984029	-0.00436950819968884
RLG_AsatOT3098_Cereba_chr4A-120750_TSD	0.209	0.0151712052912174	-0.0122960963122659
RLG_AsatOT3098_Cereba_chr4A-120947_TSD	0.335	0.0128836045716789	-0.00770176035009371
RLG_AsatOT3098_Cereba_chr4A-121322_TSD	0.42	0.0138701606893934	-0.00674678347865629
RLG_AsatOT3098_Cereba_chr4A-121919_TSD	1.065	0.0104476765849911	-0.00250271868089214
RLG_AsatOT3098_Cereba_chr4A-122079_TSD	0.506	0.0131681651616798	-0.00588639012556189
RLG_AsatOT3098_Cereba_chr4A-122398_TSD	0.083	0.0134603683451259	-0.00319370480703462
RLG_AsatOT3098_Cereba_chr4A-122629_TSD	0.804	0.0134965025306762	-0.00277733437557384
RLG_AsatOT3098_Cereba_chr4A-122691_TSD	0.211	0.0141424492770688	-0.00531489719087959
RLG_AsatOT3098_Cereba_chr4A-123336_TSD	0.294	0.0126658594515888	-0.00247961513813658
RLG_AsatOT3098_Cereba_chr4A-123602_TSD	0.806	0.00523753173199644	0.0103382224536607
RLG_AsatOT3098_Cereba_chr4A-123705_TSD	0.419	0.0142385928961126	-0.00563548005628586
RLG_AsatOT3098_Cereba_chr4A-123720_TSD	1.063	0.00697305506879026	0.00615968322592388
RLG_AsatOT3098_Cereba_chr4A-123829_TSD	1.107	0.00436708464574673	0.0124970263332317
RLG_AsatOT3098_Cereba_chr4A-124067_TSD	0.377	0.0142506288752997	-0.00696103825019836
RLG_AsatOT3098_Cereba_chr4A-124162_TSD	1.459	-0.00130619664520632	0.0139129785331901
RLG_AsatOT3098_Cereba_chr4A-124651_TSD	0.847	0.00424932985432883	0.0109485081100044
RLG_AsatOT3098_Cereba_chr4A-124688_TSD	1.107	0.00120071011437267	0.0137339590407797
RLG_AsatOT3098_Cereba_chr4A-124769_TSD	0.432	0.00509239840667569	0.0133730589348402
RLG_AsatOT3098_Cereba_chr4A-124859_TSD	1.15	0.00677759243034152	0.0106729644006855
RLG_AsatOT3098_Cereba_chr4A-125371_TSD	1.08	0.00137773103665496	0.0134521984611904
RLG_AsatOT3098_Cereba_chr4A-125389_TSD	0.939	0.00252639660682904	0.0146315547016127
RLG_AsatOT3098_Cereba_chr4A-125548_TSD	0.72	0.00542404874316086	0.010100772947277
RLG_AsatOT3098_Cereba_chr4A-125647_TSD	1.062	0.00414568133259034	0.0124740856255594
RLG_AsatOT3098_Cereba_chr4A-125771_TSD	1.107	0.00400525907156904	0.0121281775554398
RLG_AsatOT3098_Cereba_chr4A-126107_TSD	0.808	0.00351616659272495	0.011101702402992
RLG_AsatOT3098_Cereba_chr4A-126182_TSD	1.062	-0.000105238763698469	0.0143445640929639
RLG_AsatOT3098_Cereba_chr4A-126721_TSD	0.89	0.00320453257205267	0.00636508940311991
RLG_AsatOT3098_Cereba_chr4A-126844_TSD	0.978	0.00578133707528874	0.0110415680866836
RLG_AsatOT3098_Cereba_chr4A-126862_TSD	1.193	-0.00124376992358751	0.0130452548123155
RLG_AsatOT3098_Cereba_chr4A-128766_TSD	0.995	0.00551566165018105	0.0121816617089787
RLG_AsatOT3098_Cereba_chr4A-129588_TSD	0.719	0.000842928468665921	0.014366054394018
RLG_AsatOT3098_Cereba_chr4A-130131_TSD	0.931	1.91117551390396e-05	0.0156774500983266
RLG_AsatOT3098_Cereba_chr4A-140529_TSD	0.336	0.0126924793844585	-0.000212432109170734
RLG_AsatOT3098_Cereba_chr4A-145477_TSD	0.765	0.0040822712834272	0.0115282617846745
RLG_AsatOT3098_Cereba_chr4A-148435_TSD	0.557	0.0101359091001756	0.00765891115271603
RLG_AsatOT3098_Cereba_chr4A-156433_TSD	0.976	0.00536401499500407	0.00979911665416131
RLG_AsatOT3098_Cereba_chr4A-160756_TSD	1.021	0.00889704770728113	0.00807732501093456
RLG_AsatOT3098_Cereba_chr4A-161519_TSD	0.379	0.00200620036820539	0.0152486702090219
RLG_AsatOT3098_Cereba_chr4A-163769_TSD	0.167	0.0141381799719285	-0.00854185498315699
RLG_AsatOT3098_Cereba_chr4A-170809_TSD	0.463	0.00526025837634115	0.012606100951178
RLG_AsatOT3098_Cereba_chr4A-218018_TSD	0.718	0.0122279621319528	-0.000957801724661038
RLG_AsatOT3098_Cereba_chr4A-227725_TSD	0.209	0.013577721537442	-0.00642079657339155
RLG_AsatOT3098_Cereba_chr4A-240686_TSD	0.804	-0.000353866123100219	0.0138115213485035
RLG_AsatOT3098_Cereba_chr4A-256218_TSD	0.421	0.0119430803846132	0.00040661089862944
RLG_AsatOT3098_Cereba_chr4A-309637_TSD	0.804	0.000989797177324854	0.0159039861782192
RLG_AsatOT3098_Cereba_chr4A-341424_TSD	0	0.0162813225482552	-0.0118286907483419
RLG_AsatOT3098_Cereba_chr4C-009260_TSD	0.293	0.0166869254910835	-0.0139809500893908
RLG_AsatOT3098_Cereba_chr4C-043983_TSD	1.203	0.000614999368322296	0.014565457607385
RLG_AsatOT3098_Cereba_chr4D-040965_TSD	0.591	0.00656080904098341	0.0110604564738637
RLG_AsatOT3098_Cereba_chr4D-046755_TSD	0.42	0.00726678889110262	0.0100064581671049
RLG_AsatOT3098_Cereba_chr4D-049343_TSD	0.505	0.00274750071695688	0.0162542375704818
RLG_AsatOT3098_Cereba_chr4D-054364_TSD	0.421	0.0118841313987129	0.00180705954958532
RLG_AsatOT3098_Cereba_chr4D-096547_TSD	0.72	-0.00109602484378321	0.0126103280539786
RLG_AsatOT3098_Cereba_chr4D-110327_TSD	0.848	0.00759500816677474	0.00914737597694228
RLG_AsatOT3098_Cereba_chr4D-126258_TSD	1.063	0.00218405205606258	0.0136687343276792
RLG_AsatOT3098_Cereba_chr4D-128687_TSD	0.894	0.00907216324649874	0.00515170377251268
RLG_AsatOT3098_Cereba_chr4D-141096_TSD	0.717	0.00260873318629737	0.0135321171802289
RLG_AsatOT3098_Cereba_chr4D-142348_TSD	0.936	0.00881683275836865	0.0104338674864458
RLG_AsatOT3098_Cereba_chr4D-143080_TSD	0.718	0.00531459940194466	0.0107197918610563
RLG_AsatOT3098_Cereba_chr4D-144747_TSD	0.719	0.00709509252313853	0.011033079188948
RLG_AsatOT3098_Cereba_chr4D-147902_TSD	1.064	0.00389470031709378	0.0118182488780699
RLG_AsatOT3098_Cereba_chr4D-148364_TSD	1.195	-0.00114149319250066	0.0178419847416513
RLG_AsatOT3098_Cereba_chr4D-148989_TSD	0.548	0.00700910368119976	0.010239688531118
RLG_AsatOT3098_Cereba_chr4D-150629_TSD	0.718	0.00890892423442764	0.00414955131680722
RLG_AsatOT3098_Cereba_chr4D-152170_TSD	0.639	0.0110796535748351	0.00345934316652465
RLG_AsatOT3098_Cereba_chr4D-154625_TSD	0.806	0.00418269224743162	0.00956868624199655
RLG_AsatOT3098_Cereba_chr4D-155130_TSD	0.463	0.00911198831075312	0.00908855143398995
RLG_AsatOT3098_Cereba_chr4D-155342_TSD	0.934	0.00675077892925933	0.0101094519290535
RLG_AsatOT3098_Cereba_chr4D-155427_TSD	0.81	0.00982898809416204	0.00786595855724143
RLG_AsatOT3098_Cereba_chr4D-155477_TSD	0.676	0.00822597150622056	0.00930638273883673
RLG_AsatOT3098_Cereba_chr4D-155601_TSD	1.063	0.00925084557341344	0.00590879537887904
RLG_AsatOT3098_Cereba_chr4D-155634_TSD	0.377	0.0112461469464993	-0.00086859473057147
RLG_AsatOT3098_Cereba_chr4D-155684_TSD	0.633	0.0104711774670859	0.00686125794133001
RLG_AsatOT3098_Cereba_chr4D-155940_TSD	0.89	0.00761469271453716	0.00935109208940258
RLG_AsatOT3098_Cereba_chr4D-156307_TSD	0.807	0.00837502402394138	0.00865875037828652
RLG_AsatOT3098_Cereba_chr4D-156457_TSD	0.419	0.000450361053534401	0.0151316925248003
RLG_AsatOT3098_Cereba_chr4D-156523_TSD	0.76	8.01139944941769e-05	0.017091804678009
RLG_AsatOT3098_Cereba_chr4D-156569_TSD	0.977	0.0017528920957781	0.0114991019448273
RLG_AsatOT3098_Cereba_chr4D-156588_TSD	0.898	0.00719430996926902	0.00966632113816064
RLG_AsatOT3098_Cereba_chr4D-156709_TSD	1.18	-0.00102097985135858	0.0140215604234214
RLG_AsatOT3098_Cereba_chr4D-156992_TSD	0.42	0.010752236299184	0.00485753914368007
RLG_AsatOT3098_Cereba_chr4D-157193_TSD	0.252	0.0109518705502924	0.00400319235608262
RLG_AsatOT3098_Cereba_chr4D-157447_TSD	0.548	0.0125767376317191	0.00132047809222003
RLG_AsatOT3098_Cereba_chr4D-157460_TSD	0.657	0.00975974398556053	0.00435836325366423
RLG_AsatOT3098_Cereba_chr4D-157482_TSD	0.463	0.0112949818239703	0.00111364167744607
RLG_AsatOT3098_Cereba_chr4D-157616_TSD	0.293	0.00922696498581639	0.00823555698884226
RLG_AsatOT3098_Cereba_chr4D-157719_TSD	0.462	0.00846224502612691	0.00784843789482317
RLG_AsatOT3098_Cereba_chr4D-157744_TSD	0.548	0.00906332181623719	0.00764817440103458
RLG_AsatOT3098_Cereba_chr4D-157780_TSD	0.633	0.00917385506063247	0.00755210154597211
RLG_AsatOT3098_Cereba_chr4D-158030_TSD	0.553	0.00929512474351263	0.00447672482244873
RLG_AsatOT3098_Cereba_chr4D-158147_TSD	1.284	0.00816147138166653	0.00798843514612927
RLG_AsatOT3098_Cereba_chr4D-158201_TSD	0.55	0.00618021658710168	0.0110838673882154
RLG_AsatOT3098_Cereba_chr4D-158263_TSD	0.719	0.00952619549978009	0.0045896000510324
RLG_AsatOT3098_Cereba_chr4D-158368_TSD	0.688	0.00667707708884157	0.00899017632779594
RLG_AsatOT3098_Cereba_chr4D-158422_TSD	0.763	0.00822001727685176	0.00965591040387606
RLG_AsatOT3098_Cereba_chr4D-158447_TSD	0.933	0.00699364753700779	0.00866519245949798
RLG_AsatOT3098_Cereba_chr4D-158522_TSD	1.149	0.00429643855971605	0.0110140417082244
RLG_AsatOT3098_Cereba_chr4D-158544_TSD	0.507	0.00522139690092413	0.0100942819525049
RLG_AsatOT3098_Cereba_chr4D-158567_TSD	0.336	0.00883030288409732	0.00902739012513567
RLG_AsatOT3098_Cereba_chr4D-158613_TSD	0.463	0.010564710638114	0.00400773202986847
RLG_AsatOT3098_Cereba_chr4D-158960_TSD	0.55	-0.00107688124106461	0.0158236138944672
RLG_AsatOT3098_Cereba_chr4D-159534_TSD	0.421	0.00720500242516298	0.00835067550991211
RLG_AsatOT3098_Cereba_chr4D-159886_TSD	0.807	0.00227814883811494	0.00374707485302935
RLG_AsatOT3098_Cereba_chr4D-159900_TSD	0.932	0.00438875157349583	0.010328398540286
RLG_AsatOT3098_Cereba_chr4D-160837_TSD	0.639	0.0085137126188301	0.0081886653206408
RLG_AsatOT3098_Cereba_chr4D-162053_TSD	1.042	-0.000640288851207203	0.0160285723194342
RLG_AsatOT3098_Cereba_chr4D-165303_TSD	0.634	0.00789156756857268	0.00953265374747205
RLG_AsatOT3098_Cereba_chr4D-170484_TSD	0.997	0.00533675099674453	0.0114044207709321
RLG_AsatOT3098_Cereba_chr4D-170655_TSD	0.935	0.00481044778960001	0.00711475085092792
RLG_AsatOT3098_Cereba_chr4D-174446_TSD	0.421	0.0108575732052614	0.00468474149989409
RLG_AsatOT3098_Cereba_chr4D-174607_TSD	0.892	-0.000397320561637949	0.0162826583816978
RLG_AsatOT3098_Cereba_chr4D-205244_TSD	0.421	0.00870879277775717	0.00975279939911627
RLG_AsatOT3098_Cereba_chr4D-207921_TSD	0.675	0.00636138750074233	0.010773396029908
RLG_AsatOT3098_Cereba_chr4D-208264_TSD	0.804	0.000208380715937093	0.0156380848656638
RLG_AsatOT3098_Cereba_chr4D-208291_TSD	0.677	0.00024470814910371	0.0156165615531354
RLG_AsatOT3098_Cereba_chr4D-210646_TSD	0.805	-0.000348463508324288	0.0149227494624924
RLG_AsatOT3098_Cereba_chr4D-211464_TSD	0.936	0.00618938745367949	0.0108813294226018
RLG_AsatOT3098_Cereba_chr4D-211640_TSD	0.676	0.0086731254996306	0.0116768423570278
RLG_AsatOT3098_Cereba_chr4D-262651_TSD	0.378	0.00875206873071958	0.00861608089534431
RLG_AsatOT3098_Cereba_chr4D-270807_TSD	0.65	-0.00129341328344004	0.0121751394748929
RLG_AsatOT3098_Cereba_chr4D-277560_TSD	0.676	0.00686181096481829	0.00912535238981921
RLG_AsatOT3098_Cereba_chr4D-311393_TSD	0.591	0.00895938145794853	0.00839905211336806
RLG_AsatOT3098_Cereba_chr4D-341230_TSD	0.892	-0.000852957632141394	0.0170394414055744
RLG_AsatOT3098_Cereba_chr4D-383845_TSD	0.505	0.0119733347767128	0.00432272919502398
RLG_AsatOT3098_Cereba_chr5A-054307_TSD	0.82	0.0109960742679138	0.000538732657463565
RLG_AsatOT3098_Cereba_chr5A-117000_TSD	0.42	0.0124650350966755	-0.00388847177906633
RLG_AsatOT3098_Cereba_chr5A-120093_TSD	1.173	0.00777859991977422	0.0107087848489981
RLG_AsatOT3098_Cereba_chr5A-132263_TSD	0.762	0.00451554577891197	0.0105507717614714
RLG_AsatOT3098_Cereba_chr5A-155870_TSD	0.42	0.0139162985275386	-0.00751874131835813
RLG_AsatOT3098_Cereba_chr5A-181355_TSD	0.547	0.0111208105534395	0.0008308146381712
RLG_AsatOT3098_Cereba_chr5A-199594_TSD	0.335	0.0114842463353265	0.000746864942156591
RLG_AsatOT3098_Cereba_chr5A-201830_TSD	0.59	0.0101934190868603	0.00552307420406617
RLG_AsatOT3098_Cereba_chr5A-202733_TSD	0.293	0.0148196670574852	-0.00950298040656437
RLG_AsatOT3098_Cereba_chr5A-209138_TSD	0.592	0.0120736193777468	0.00176738298346107
RLG_AsatOT3098_Cereba_chr5A-212141_TSD	0.591	0.0100193178878193	0.00521306700789183
RLG_AsatOT3098_Cereba_chr5A-212610_TSD	1.236	0.000526121163153939	0.0148764563144065
RLG_AsatOT3098_Cereba_chr5A-213573_TSD	0.762	0.000644702341083591	0.0139661761018108
RLG_AsatOT3098_Cereba_chr5A-213623_TSD	1.501	0.00320634701075165	0.0105716706658998
RLG_AsatOT3098_Cereba_chr5A-213631_TSD	0.677	0.00201437147794707	0.0167487742517704
RLG_AsatOT3098_Cereba_chr5A-213756_TSD	1.503	0.00709684756060542	-0.00135475893097299
RLG_AsatOT3098_Cereba_chr5A-213820_TSD	1.152	-0.000200442753971561	0.016023474325231
RLG_AsatOT3098_Cereba_chr5A-213959_TSD	0.335	0.0145862270197397	-0.0112417081708003
RLG_AsatOT3098_Cereba_chr5A-214237_TSD	0.633	0.0145285179522825	-0.00965219546047325
RLG_AsatOT3098_Cereba_chr5A-214299_TSD	0.463	0.0107557888505806	0.00330166297171139
RLG_AsatOT3098_Cereba_chr5A-214361_TSD	0.59	0.0109625121839809	0.00245310303321976
RLG_AsatOT3098_Cereba_chr5A-214379_TSD	0.72	0.0124226505916221	-0.00330555345315027
RLG_AsatOT3098_Cereba_chr5A-214496_TSD	0.336	0.0128145732312817	-0.00375118378348244
RLG_AsatOT3098_Cereba_chr5A-214891_TSD	0.934	0.00869433096992519	0.0067393947248191
RLG_AsatOT3098_Cereba_chr5A-214911_TSD	1.237	0.0130245439562284	-0.00687591079628929
RLG_AsatOT3098_Cereba_chr5A-214929_TSD	0.167	0.0152376075455581	-0.0111063338501684
RLG_AsatOT3098_Cereba_chr5A-214972_TSD	0.42	0.0111067740894151	0.00389303155529063
RLG_AsatOT3098_Cereba_chr5A-215061_TSD	0.505	0.0137565031781232	-0.00636056005268618
RLG_AsatOT3098_Cereba_chr5A-215095_TSD	0.59	0.00995289297524771	0.00640999205200923
RLG_AsatOT3098_Cereba_chr5A-215248_TSD	0.761	0.0114560184223292	-0.000282604623209219
RLG_AsatOT3098_Cereba_chr5A-215297_TSD	0.591	0.0109369786298945	0.00416529827331727
RLG_AsatOT3098_Cereba_chr5A-215354_TSD	0.42	0.00906041974982622	0.00783443616449953
RLG_AsatOT3098_Cereba_chr5A-215361_TSD	0.59	0.00883757247947491	0.00715625242871224
RLG_AsatOT3098_Cereba_chr5A-215372_TSD	0.723	0.0127244362071153	-0.00384340469939995
RLG_AsatOT3098_Cereba_chr5A-215872_TSD	0.634	0.015366184875335	-0.0123953337538773
RLG_AsatOT3098_Cereba_chr5A-215927_TSD	1.023	0.0103965133889243	0.00580217288757731
RLG_AsatOT3098_Cereba_chr5A-216034_TSD	0.676	0.0120586286411145	-5.46617752568621e-05
RLG_AsatOT3098_Cereba_chr5A-216061_TSD	0.59	0.0108900978550321	0.0027279967574812
RLG_AsatOT3098_Cereba_chr5A-216104_TSD	0.293	0.0147533831734514	-0.0115233169276104
RLG_AsatOT3098_Cereba_chr5A-216156_TSD	0.167	0.0146589235509126	-0.0110747879327251
RLG_AsatOT3098_Cereba_chr5A-216190_TSD	0.761	0.00760246941135844	0.00911708799213541
RLG_AsatOT3098_Cereba_chr5A-216259_TSD	0.591	0.0115588906137749	0.00058009644002611
RLG_AsatOT3098_Cereba_chr5A-216313_TSD	0.209	0.0146622208283005	-0.0120137189114789
RLG_AsatOT3098_Cereba_chr5A-216397_TSD	0.083	0.0150396422046001	-0.0127078270047589
RLG_AsatOT3098_Cereba_chr5A-216473_TSD	0.25	0.0143147811201703	-0.00743009239321261
RLG_AsatOT3098_Cereba_chr5A-216530_TSD	0.167	0.0136589477368783	-0.00713455614747848
RLG_AsatOT3098_Cereba_chr5A-216565_TSD	0.59	0.0126430140766049	-0.0045458220304832
RLG_AsatOT3098_Cereba_chr5A-216614_TSD	0.293	0.0149000762956031	-0.0104310072370268
RLG_AsatOT3098_Cereba_chr5A-216856_TSD	0.083	0.0143389517296152	-0.0116359087966555
RLG_AsatOT3098_Cereba_chr5A-216947_TSD	0.335	0.0137968832515649	-0.00575372328558109
RLG_AsatOT3098_Cereba_chr5A-217126_TSD	0.42	0.0137526384206978	-0.00595055570334665
RLG_AsatOT3098_Cereba_chr5A-217160_TSD	0.335	0.0146940801912887	-0.0123005153444562
RLG_AsatOT3098_Cereba_chr5A-217184_TSD	0.335	0.0149053018316685	-0.0113702202264691
RLG_AsatOT3098_Cereba_chr5A-217777_TSD	1.063	-0.000281480582580427	0.0149370950999178
RLG_AsatOT3098_Cereba_chr5A-217819_TSD	0.167	0.0142281062577858	-0.00800051446907809
RLG_AsatOT3098_Cereba_chr5A-217861_TSD	0.209	0.0146652123970759	-0.0118684237920739
RLG_AsatOT3098_Cereba_chr5A-217992_TSD	1.769	0.00194176657894409	0.0139955448389184
RLG_AsatOT3098_Cereba_chr5A-218426_TSD	0.421	0.00974904357297826	0.00431923871937777
RLG_AsatOT3098_Cereba_chr5A-218469_TSD	0.825	0.00342955308214543	0.0109802387734373
RLG_AsatOT3098_Cereba_chr5A-218557_TSD	0.334	0.0139292132017133	-0.00747242202882505
RLG_AsatOT3098_Cereba_chr5A-218613_TSD	1.284	0.00730348407067373	0.00960278704551335
RLG_AsatOT3098_Cereba_chr5A-218693_TSD	0.293	0.012524179139899	-0.00555595097171355
RLG_AsatOT3098_Cereba_chr5A-218709_TSD	0.25	0.0144777128419688	-0.00797448120730467
RLG_AsatOT3098_Cereba_chr5A-218816_TSD	0.718	0.0123996206710493	-0.00374533015178911
RLG_AsatOT3098_Cereba_chr5A-218963_TSD	0.633	0.00984395642261622	0.00390893535913113
RLG_AsatOT3098_Cereba_chr5A-218994_TSD	0.593	0.00998774996469833	0.00820441103873934
RLG_AsatOT3098_Cereba_chr5A-219022_TSD	0.083	0.0150542190458899	-0.0126401458115578
RLG_AsatOT3098_Cereba_chr5A-219332_TSD	0.378	0.0127648104283284	-0.00241882162747793
RLG_AsatOT3098_Cereba_chr5A-219360_TSD	0.687	0.00444066222820695	0.0118517432809867
RLG_AsatOT3098_Cereba_chr5A-219372_TSD	0.378	0.0122572232236672	-0.000402751806394642
RLG_AsatOT3098_Cereba_chr5A-219386_TSD	0.209	0.0149138709809861	-0.012659239273784
RLG_AsatOT3098_Cereba_chr5A-219676_TSD	0.632	0.00323392769687803	0.0139505180115938
RLG_AsatOT3098_Cereba_chr5A-219690_TSD	0.167	0.0133624092669452	-0.00589432304991484
RLG_AsatOT3098_Cereba_chr5A-219952_TSD	0.377	0.0142039015034321	-0.00795104346569867
RLG_AsatOT3098_Cereba_chr5A-220033_TSD	0.505	0.0105204410520567	0.00585903935077763
RLG_AsatOT3098_Cereba_chr5A-220051_TSD	1.152	0.0125347754784001	-0.00478478606414398
RLG_AsatOT3098_Cereba_chr5A-220152_TSD	0.419	0.0145111664800652	-0.00861906779848708
RLG_AsatOT3098_Cereba_chr5A-220159_TSD	0.76	0.0133581019782024	-0.00717249705680255
RLG_AsatOT3098_Cereba_chr5A-220261_TSD	0.335	0.0137842198838074	-0.00663400683350109
RLG_AsatOT3098_Cereba_chr5A-220451_TSD	0.633	0.00883730634020767	0.00600702511066944
RLG_AsatOT3098_Cereba_chr5A-220475_TSD	0.334	0.0140288461794403	-0.00600714732589993
RLG_AsatOT3098_Cereba_chr5A-220536_TSD	0.336	0.0124328124448005	-0.0013117038592769
RLG_AsatOT3098_Cereba_chr5A-220726_TSD	0.505	0.013217442661231	-0.00585562879089109
RLG_AsatOT3098_Cereba_chr5A-220739_TSD	0.209	0.0124871760739929	-0.00467911263698576
RLG_AsatOT3098_Cereba_chr5A-220774_TSD	0.335	0.0135729358346661	-0.00661419975642525
RLG_AsatOT3098_Cereba_chr5A-220784_TSD	0.38	0.0146694315985763	-0.009108677377084
RLG_AsatOT3098_Cereba_chr5A-220846_TSD	0.934	0.00907172471483099	0.00859138387211821
RLG_AsatOT3098_Cereba_chr5A-220895_TSD	0.251	0.0147661767200808	-0.00913320096149121
RLG_AsatOT3098_Cereba_chr5A-220932_TSD	0.335	0.0139097696807107	-0.00526300183496153
RLG_AsatOT3098_Cereba_chr5A-221297_TSD	0.462	0.0136125413135224	-0.00649977875604512
RLG_AsatOT3098_Cereba_chr5A-221313_TSD	0.167	0.0157399840599675	-0.0111206845811372
RLG_AsatOT3098_Cereba_chr5A-221508_TSD	0.675	0.0110841741851231	0.00181896762312276
RLG_AsatOT3098_Cereba_chr5A-221545_TSD	0.25	0.0140924489732987	-0.0065116135261799
RLG_AsatOT3098_Cereba_chr5A-221575_TSD	0.293	0.013806379990125	-0.00580892291204289
RLG_AsatOT3098_Cereba_chr5A-221768_TSD	0.503	0.013194356320832	-0.00459161940176169
RLG_AsatOT3098_Cereba_chr5A-221813_TSD	0.25	0.0144082118293638	-0.00734574583930611
RLG_AsatOT3098_Cereba_chr5A-221888_TSD	0.462	0.0138854502499825	-0.00471122610480772
RLG_AsatOT3098_Cereba_chr5A-221901_TSD	0.335	0.0143373229256842	-0.00669977679159343
RLG_AsatOT3098_Cereba_chr5A-221927_TSD	0.571	0.0101468385595229	0.00598126321927544
RLG_AsatOT3098_Cereba_chr5A-221960_TSD	0.847	0.010123364596289	0.00236727953612458
RLG_AsatOT3098_Cereba_chr5A-222033_TSD	0.42	0.012538878997099	-0.00424393627826813
RLG_AsatOT3098_Cereba_chr5A-222066_TSD	0.422	0.00985246060445642	0.00534811339376004
RLG_AsatOT3098_Cereba_chr5A-222092_TSD	0.209	0.0139224941498794	-0.00614697846886415
RLG_AsatOT3098_Cereba_chr5A-222174_TSD	0.976	0.00832064535146758	0.00835108598875785
RLG_AsatOT3098_Cereba_chr5A-222220_TSD	0.293	0.0134184145326153	-0.00477737884727791
RLG_AsatOT3098_Cereba_chr5A-222243_TSD	0.21	0.0152357051744354	-0.0110842036995637
RLG_AsatOT3098_Cereba_chr5A-222268_TSD	0.76	0.014282473738885	-0.0100431480488434
RLG_AsatOT3098_Cereba_chr5A-222375_TSD	0.209	0.0140658730894661	-0.00586293130576308
RLG_AsatOT3098_Cereba_chr5A-222465_TSD	1.018	0.00107863082299166	0.0148941968737389
RLG_AsatOT3098_Cereba_chr5A-222481_TSD	0.676	7.94032089357425e-05	0.0153125500352433
RLG_AsatOT3098_Cereba_chr5A-222510_TSD	0.125	0.014484701697717	-0.0074343985181084
RLG_AsatOT3098_Cereba_chr5A-222536_TSD	0.589	0.0138642465552352	-0.00576299828768892
RLG_AsatOT3098_Cereba_chr5A-222585_TSD	0.718	0.00616938991338663	0.0107367044983661
RLG_AsatOT3098_Cereba_chr5A-222859_TSD	0.936	-0.000586361564019275	0.0161832762433857
RLG_AsatOT3098_Cereba_chr5A-222974_TSD	1.675	0.000117512557343446	0.00844793685337847
RLG_AsatOT3098_Cereba_chr5A-223047_TSD	0.548	0.0102858947686057	0.00311501316304955
RLG_AsatOT3098_Cereba_chr5A-223131_TSD	1.198	0.000906503932998835	0.0164093514783411
RLG_AsatOT3098_Cereba_chr5A-223194_TSD	0.209	0.0136385234356818	-0.00564559340154996
RLG_AsatOT3098_Cereba_chr5A-223267_TSD	1.197	0.000759285287217507	0.0147965011493266
RLG_AsatOT3098_Cereba_chr5A-223294_TSD	0.976	0.00123438729788549	0.0167071919710447
RLG_AsatOT3098_Cereba_chr5A-223339_TSD	0.633	0.00818936287409362	0.00776088447953057
RLG_AsatOT3098_Cereba_chr5A-223425_TSD	0.167	0.0125313360500772	-0.00225527521486888
RLG_AsatOT3098_Cereba_chr5A-223438_TSD	0.891	0.0011091477547792	0.0145723265786793
RLG_AsatOT3098_Cereba_chr5A-223472_TSD	0.891	0.0011091477547792	0.0145723265786793
RLG_AsatOT3098_Cereba_chr5A-223692_TSD	0.209	0.0145941116739975	-0.0084618563218026
RLG_AsatOT3098_Cereba_chr5A-223815_TSD	0.934	0.000165542212366002	0.0137858195709593
RLG_AsatOT3098_Cereba_chr5A-224070_TSD	0.891	0.0009253921686084	0.0146046281380824
RLG_AsatOT3098_Cereba_chr5A-224100_TSD	0.765	0.00147192664895001	0.0132919452751646
RLG_AsatOT3098_Cereba_chr5A-224249_TSD	0.42	0.0107288975390246	0.00496110408921897
RLG_AsatOT3098_Cereba_chr5A-224450_TSD	1.023	-0.00102325469975251	0.0143112747959998
RLG_AsatOT3098_Cereba_chr5A-224692_TSD	0.675	0.0124283258454586	-0.00210885569966718
RLG_AsatOT3098_Cereba_chr5A-224786_TSD	0.976	0.00142788277766521	0.0156343372941363
RLG_AsatOT3098_Cereba_chr5A-227421_TSD	0.335	0.0137882484495168	-0.00671675830665
RLG_AsatOT3098_Cereba_chr5A-231878_TSD	0.463	0.00728129921632179	0.00885214971316001
RLG_AsatOT3098_Cereba_chr5A-232710_TSD	0.933	-0.000171163555287881	0.0162948187736267
RLG_AsatOT3098_Cereba_chr5A-233287_TSD	0.633	0.0113330112151493	0.00434414300282916
RLG_AsatOT3098_Cereba_chr5A-233994_TSD	0.209	0.0148736139040505	-0.0124383290480741
RLG_AsatOT3098_Cereba_chr5A-234122_TSD	0.462	0.0119949492332338	-0.00123418932253702
RLG_AsatOT3098_Cereba_chr5A-236994_TSD	0.507	0.00668438060078267	0.00900800669731075
RLG_AsatOT3098_Cereba_chr5A-242601_TSD	1.061	0.00325996755972061	0.0137582346069422
RLG_AsatOT3098_Cereba_chr5A-252564_TSD	0.676	0.0112027794620311	-0.000534850543578716
RLG_AsatOT3098_Cereba_chr5A-266746_TSD	0.59	0.0110917188462263	0.000544308084979687
RLG_AsatOT3098_Cereba_chr5A-320271_TSD	0.251	0.0150387243725187	-0.0137570749316142
RLG_AsatOT3098_Cereba_chr5A-320708_TSD	0.718	0.0107825923682547	0.0046683815067871
RLG_AsatOT3098_Cereba_chr5A-329113_TSD	0.768	0.0010413482023596	0.0135682012475806
RLG_AsatOT3098_Cereba_chr5A-329638_TSD	0.377	0.0132330427224519	-0.00534012210892575
RLG_AsatOT3098_Cereba_chr5A-349774_TSD	0.854	0.00405332515934636	0.0118942070926613
RLG_AsatOT3098_Cereba_chr5A-358603_TSD	0.849	0.00869535100306543	0.00945308544956245
RLG_AsatOT3098_Cereba_chr5A-364812_TSD	0.378	0.0122713247561822	-0.00103168448350304
RLG_AsatOT3098_Cereba_chr5A-376667_TSD	0.505	0.0117172833434478	0.00379022774027909
RLG_AsatOT3098_Cereba_chr5A-377798_TSD	0.634	0.00122522165380175	0.013991479554985
RLG_AsatOT3098_Cereba_chr5D-005491_TSD	0.762	0.0080428455137882	0.0104004464878506
RLG_AsatOT3098_Cereba_chr5D-105341_TSD	0.506	0.00922949122569149	0.0113869169374145
RLG_AsatOT3098_Cereba_chr5D-117265_TSD	0.976	0.00615791743108749	0.00905500364567512
RLG_AsatOT3098_Cereba_chr5D-131117_TSD	1.237	0.00114751941668382	0.00917794597759351
RLG_AsatOT3098_Cereba_chr5D-134222_TSD	0.591	-0.00116252281619696	0.00924233574807302
RLG_AsatOT3098_Cereba_chr5D-138661_TSD	0.506	0.00519582716820276	0.00800176385308446
RLG_AsatOT3098_Cereba_chr5D-165578_TSD	0.677	0.00320114484618472	0.0131904046544431
RLG_AsatOT3098_Cereba_chr5D-166537_TSD	1.023	0.00270880890072313	0.0143779594791873
RLG_AsatOT3098_Cereba_chr5D-177502_TSD	1.024	-0.000442141528006601	0.0161582897353276
RLG_AsatOT3098_Cereba_chr5D-181992_TSD	0.983	0.0060677095859584	0.010908496545815
RLG_AsatOT3098_Cereba_chr5D-183147_TSD	0.901	0.00370994530680185	0.0123408988614949
RLG_AsatOT3098_Cereba_chr5D-185501_TSD	0.807	0.00530801402910294	0.0133972704489839
RLG_AsatOT3098_Cereba_chr5D-186964_TSD	1.018	0.00415903352982358	0.0142845845704389
RLG_AsatOT3098_Cereba_chr5D-187134_TSD	0.676	0.00731634075269924	0.00882037231639952
RLG_AsatOT3098_Cereba_chr5D-187411_TSD	0.506	0.00903833605869624	0.0108906759841525
RLG_AsatOT3098_Cereba_chr5D-187466_TSD	0.856	0.0032181662731004	0.0143222667715092
RLG_AsatOT3098_Cereba_chr5D-187663_TSD	0.846	0.00377669625872497	0.00980848821322113
RLG_AsatOT3098_Cereba_chr5D-187824_TSD	1.374	0.00381215745306243	0.0109265172033214
RLG_AsatOT3098_Cereba_chr5D-187847_TSD	0.719	0.0090166894629902	0.00532451815860338
RLG_AsatOT3098_Cereba_chr5D-188134_TSD	0.633	0.00950839809447546	0.00595956992848689
RLG_AsatOT3098_Cereba_chr5D-188192_TSD	1.157	0.00721992281211141	0.0105549004430301
RLG_AsatOT3098_Cereba_chr5D-188214_TSD	0.599	0.0010742169468425	0.0153509691327501
RLG_AsatOT3098_Cereba_chr5D-188303_TSD	0.852	0.000864870433023654	0.016150000408836
RLG_AsatOT3098_Cereba_chr5D-188394_TSD	0.849	0.00892908374904362	0.0112293991630212
RLG_AsatOT3098_Cereba_chr5D-188422_TSD	1.545	0.00235941048895961	0.0124738311628107
RLG_AsatOT3098_Cereba_chr5D-188585_TSD	0.632	0.00586016564252686	0.012951305347844
RLG_AsatOT3098_Cereba_chr5D-188628_TSD	0.678	0.00890379335383197	0.00887444912883164
RLG_AsatOT3098_Cereba_chr5D-188779_TSD	0.591	0.00937979529224821	0.00821531268721521
RLG_AsatOT3098_Cereba_chr5D-188802_TSD	0.463	0.0111763420135194	0.0057025205078067
RLG_AsatOT3098_Cereba_chr5D-189056_TSD	0.731	0.00805591326490436	0.0118610700811877
RLG_AsatOT3098_Cereba_chr5D-189067_TSD	0.762	0.00873638049709042	0.00800105113277712
RLG_AsatOT3098_Cereba_chr5D-189474_TSD	0.805	0.00661050123223763	0.0110543407076527
RLG_AsatOT3098_Cereba_chr5D-189876_TSD	0.548	0.0056778622565769	0.00947423403713314
RLG_AsatOT3098_Cereba_chr5D-189920_TSD	0.547	0.00884099327611375	0.00898110407692181
RLG_AsatOT3098_Cereba_chr5D-189927_TSD	0.847	0.00901671597557371	0.00849581468747898
RLG_AsatOT3098_Cereba_chr5D-189999_TSD	0.718	0.00633467110545548	0.0113791580204719
RLG_AsatOT3098_Cereba_chr5D-190034_TSD	0.377	0.00501144385004533	0.0119653832916979
RLG_AsatOT3098_Cereba_chr5D-190343_TSD	0.42	0.00576723937263757	0.0103639495271154
RLG_AsatOT3098_Cereba_chr5D-190636_TSD	1.11	0.00613696297588861	0.0108916698618425
RLG_AsatOT3098_Cereba_chr5D-190895_TSD	0.506	0.0104620419128324	0.00598930981429403
RLG_AsatOT3098_Cereba_chr5D-191055_TSD	0.547	0.0100786807838721	0.00778800104866796
RLG_AsatOT3098_Cereba_chr5D-191087_TSD	1.063	0.00549711559399435	0.00927545745006586
RLG_AsatOT3098_Cereba_chr5D-191104_TSD	1.151	0.00885939504652135	0.0111464614015977
RLG_AsatOT3098_Cereba_chr5D-191239_TSD	0.677	0.00296491614718857	0.0108401087566562
RLG_AsatOT3098_Cereba_chr5D-191415_TSD	1.152	0.00573898414091717	0.0124312307844899
RLG_AsatOT3098_Cereba_chr5D-191526_TSD	0.505	0.00984915309443596	0.00712833235773075
RLG_AsatOT3098_Cereba_chr5D-191882_TSD	1.063	0.00689447902715071	0.010220620912818
RLG_AsatOT3098_Cereba_chr5D-191919_TSD	0.547	0.00536274687419015	0.00941777476915422
RLG_AsatOT3098_Cereba_chr5D-192089_TSD	0.593	0.0105590629856417	0.00692501585704456
RLG_AsatOT3098_Cereba_chr5D-192434_TSD	0.462	0.00578276275246444	0.0101562653460309
RLG_AsatOT3098_Cereba_chr5D-192572_TSD	0.38	0.00604375454174015	0.011082878186886
RLG_AsatOT3098_Cereba_chr5D-193141_TSD	0.721	0.00421347225668081	0.0114755103012648
RLG_AsatOT3098_Cereba_chr5D-193205_TSD	0.634	0.00889939769533423	0.0105279927594571
RLG_AsatOT3098_Cereba_chr5D-193244_TSD	1.152	0.00955230107891791	0.00923997639771765
RLG_AsatOT3098_Cereba_chr5D-193385_TSD	0.719	0.00887220195790206	0.00878944951288933
RLG_AsatOT3098_Cereba_chr5D-193425_TSD	0.59	0.00896796991937972	0.00901619238854905
RLG_AsatOT3098_Cereba_chr5D-194169_TSD	1.022	0.00674297353891096	0.0105446183238147
RLG_AsatOT3098_Cereba_chr5D-199642_TSD	0.978	0.00320799532699971	0.0107381891426698
RLG_AsatOT3098_Cereba_chr5D-205957_TSD	1.018	0.00214482331653266	0.0150100435553269
RLG_AsatOT3098_Cereba_chr5D-206262_TSD	1.021	0.00402975846757461	0.0109457360077877
RLG_AsatOT3098_Cereba_chr5D-215447_TSD	1.024	0.00588563532049466	0.0112002663271479
RLG_AsatOT3098_Cereba_chr5D-224574_TSD	0.463	0.0094154040258714	0.00906766769932775
RLG_AsatOT3098_Cereba_chr5D-238721_TSD	0.591	0.00888525723557848	0.00856480017251564
RLG_AsatOT3098_Cereba_chr5D-263210_TSD	0.335	0.00970209671232733	0.00915537844709598
RLG_AsatOT3098_Cereba_chr5D-274527_TSD	0.918	0.000618181542558194	0.0174477881271701
RLG_AsatOT3098_Cereba_chr6A-038397_TSD	0.633	-0.000799106142357144	0.0129860227630308
RLG_AsatOT3098_Cereba_chr6A-044005_TSD	0.251	0.015170520016034	-0.0115082011396956
RLG_AsatOT3098_Cereba_chr6A-062201_TSD	0.378	0.0089969086325366	0.00462111529026106
RLG_AsatOT3098_Cereba_chr6A-075895_TSD	0.42	0.0131977527731988	-0.00608463104433545
RLG_AsatOT3098_Cereba_chr6A-086747_TSD	0.125	0.0142284409252388	-0.00827849512610792
RLG_AsatOT3098_Cereba_chr6A-099125_TSD	1.546	-0.00112783399409643	0.0124615046619053
RLG_AsatOT3098_Cereba_chr6A-109970_TSD	0.335	0.0139970627512916	-0.00721776344338824
RLG_AsatOT3098_Cereba_chr6A-115886_TSD	0.718	0.00676565634866114	0.0113120468120822
RLG_AsatOT3098_Cereba_chr6A-119671_TSD	0.89	0.0114547572766478	0.00103924111096733
RLG_AsatOT3098_Cereba_chr6A-121119_TSD	0.763	0.0102875740247456	0.00771524614988274
RLG_AsatOT3098_Cereba_chr6A-123722_TSD	1.155	0.00678727096361664	0.00917804868851202
RLG_AsatOT3098_Cereba_chr6A-129525_TSD	0.762	0.0105330583665839	0.00328571506027307
RLG_AsatOT3098_Cereba_chr6A-130580_TSD	0.209	0.0101834548222589	0.00284990392827411
RLG_AsatOT3098_Cereba_chr6A-130740_TSD	0.934	0.00173260449945056	0.0149334039873021
RLG_AsatOT3098_Cereba_chr6A-131216_TSD	0.851	0.0076051732229182	0.0100172819690306
RLG_AsatOT3098_Cereba_chr6A-131234_TSD	0.293	0.0124996547075172	0.00021494498932322
RLG_AsatOT3098_Cereba_chr6A-131522_TSD	0.766	0.0105585233876675	0.00233435863467604
RLG_AsatOT3098_Cereba_chr6A-131909_TSD	0.547	0.0135618199139887	-0.00794609595391826
RLG_AsatOT3098_Cereba_chr6A-132148_TSD	0.89	0.00655653297061302	0.010838415572022
RLG_AsatOT3098_Cereba_chr6A-133113_TSD	0.42	0.0130716847290232	-0.00231543367548136
RLG_AsatOT3098_Cereba_chr6A-133290_TSD	1.105	-1.22349949270199e-05	0.0161813349666498
RLG_AsatOT3098_Cereba_chr6A-133781_TSD	0.89	0.000652989022884832	0.00970517608512396
RLG_AsatOT3098_Cereba_chr6A-133805_TSD	1.216	0.00399029172099628	0.0095197014379046
RLG_AsatOT3098_Cereba_chr6A-133812_TSD	1.306	0.00961874577632125	0.0038050043272131
RLG_AsatOT3098_Cereba_chr6A-133928_TSD	0.505	0.0129013833558045	-0.00191126341383094
RLG_AsatOT3098_Cereba_chr6A-133980_TSD	0.976	0.0013830946915263	0.0124441147321407
RLG_AsatOT3098_Cereba_chr6A-133992_TSD	0.847	0.00249760066330634	0.013842545008065
RLG_AsatOT3098_Cereba_chr6A-134017_TSD	0.77	0.00719975942393048	0.0108686462133283
RLG_AsatOT3098_Cereba_chr6A-134137_TSD	0.59	0.00600156305419531	0.0112160910646342
RLG_AsatOT3098_Cereba_chr6A-134551_TSD	1.372	0.00457411944906461	0.0126678409498405
RLG_AsatOT3098_Cereba_chr6A-134587_TSD	0.167	0.0140818068546484	-0.00565246353696868
RLG_AsatOT3098_Cereba_chr6A-134706_TSD	0.251	0.0132648488638686	-0.0078364710113146
RLG_AsatOT3098_Cereba_chr6A-134735_TSD	0.89	0.00826159081198972	0.00904626604404401
RLG_AsatOT3098_Cereba_chr6A-134755_TSD	1.063	0.0107280994737533	0.00164072079106736
RLG_AsatOT3098_Cereba_chr6A-134764_TSD	0.893	0.00656152884156631	0.00878912580444791
RLG_AsatOT3098_Cereba_chr6A-134853_TSD	0.547	0.0138515713742756	-0.00800378667439379
RLG_AsatOT3098_Cereba_chr6A-134963_TSD	0.335	0.0137482121887041	-0.0075730479626641
RLG_AsatOT3098_Cereba_chr6A-134986_TSD	0.548	0.0135338619021962	-0.00680111258304553
RLG_AsatOT3098_Cereba_chr6A-135085_TSD	0.336	0.0127516278225167	-0.00611210093301994
RLG_AsatOT3098_Cereba_chr6A-135155_TSD	1.147	0.00270707060906265	0.0114403914478838
RLG_AsatOT3098_Cereba_chr6A-135206_TSD	0.463	0.013437882273339	-0.00649340197330012
RLG_AsatOT3098_Cereba_chr6A-135429_TSD	0.125	0.0156269463393805	-0.012495114225529
RLG_AsatOT3098_Cereba_chr6A-135535_TSD	0.172	0.0128142131860226	-0.00134336598494048
RLG_AsatOT3098_Cereba_chr6A-135591_TSD	1.283	0.0022059845666942	0.014426134323473
RLG_AsatOT3098_Cereba_chr6A-135647_TSD	0.167	0.0147009942808874	-0.0096720983183877
RLG_AsatOT3098_Cereba_chr6A-135846_TSD	0.589	0.0110890686564236	0.00271200013021909
RLG_AsatOT3098_Cereba_chr6A-136054_TSD	0.251	0.0131829086283201	-0.00722772743536422
RLG_AsatOT3098_Cereba_chr6A-136208_TSD	0.293	0.0132006599687085	-0.00692162197400612
RLG_AsatOT3098_Cereba_chr6A-136452_TSD	0.335	0.0141204096974553	-0.00653316445255723
RLG_AsatOT3098_Cereba_chr6A-136503_TSD	0.76	0.0087374624788357	0.00393094707273562
RLG_AsatOT3098_Cereba_chr6A-136542_TSD	0.293	0.0146938778018948	-0.0106244109151328
RLG_AsatOT3098_Cereba_chr6A-136672_TSD	0.462	0.0113112338764427	0.00357501213683122
RLG_AsatOT3098_Cereba_chr6A-136690_TSD	0.167	0.0148067619404663	-0.0100637288279758
RLG_AsatOT3098_Cereba_chr6A-136897_TSD	0.505	0.0140530023320317	-0.00786024797149872
RLG_AsatOT3098_Cereba_chr6A-137026_TSD	0.167	0.0147778378551689	-0.0100970071338977
RLG_AsatOT3098_Cereba_chr6A-137202_TSD	0.166	0.0138909534325364	-0.00574529529635633
RLG_AsatOT3098_Cereba_chr6A-137273_TSD	0.125	0.0138149538879611	-0.00551447092292722
RLG_AsatOT3098_Cereba_chr6A-137343_TSD	0.083	0.0130166198301984	-0.00363734945709264
RLG_AsatOT3098_Cereba_chr6A-137588_TSD	0.209	0.0134042241863241	-0.00554437372533483
RLG_AsatOT3098_Cereba_chr6A-137686_TSD	0.209	0.0131397544511068	-0.00769000490508438
RLG_AsatOT3098_Cereba_chr6A-137805_TSD	0.251	0.0129489242635122	-0.00834356330124008
RLG_AsatOT3098_Cereba_chr6A-137820_TSD	0.378	0.0135451741683751	-0.00766421840984802
RLG_AsatOT3098_Cereba_chr6A-137945_TSD	0.377	0.0121639759707055	-0.000422426736835678
RLG_AsatOT3098_Cereba_chr6A-138109_TSD	0.675	0.010126643244645	0.00647913292617651
RLG_AsatOT3098_Cereba_chr6A-138181_TSD	0.125	0.0142673208570077	-0.00567823799101844
RLG_AsatOT3098_Cereba_chr6A-138262_TSD	0.083	0.0162395390010727	-0.0125658421373503
RLG_AsatOT3098_Cereba_chr6A-138418_TSD	0.891	0.00988275973089015	0.00250597200417033
RLG_AsatOT3098_Cereba_chr6A-138653_TSD	0.125	0.0149837643782968	-0.0105629462641624
RLG_AsatOT3098_Cereba_chr6A-138941_TSD	0.083	0.0138636441528632	-0.00656844979391946
RLG_AsatOT3098_Cereba_chr6A-138955_TSD	0.209	0.0153494552364791	-0.0112609996205914
RLG_AsatOT3098_Cereba_chr6A-139239_TSD	0.547	0.0135175595449618	-0.0078121988014201
RLG_AsatOT3098_Cereba_chr6A-139298_TSD	0.378	0.0137618457112027	-0.00628615528342488
RLG_AsatOT3098_Cereba_chr6A-139358_TSD	0.847	0.013450822745647	-0.00436078913282345
RLG_AsatOT3098_Cereba_chr6A-139529_TSD	0.293	0.0132498641744724	-0.00847245219191238
RLG_AsatOT3098_Cereba_chr6A-139600_TSD	0.335	0.0113633911684104	0.00324147143164664
RLG_AsatOT3098_Cereba_chr6A-139886_TSD	0.894	0.0114150434304362	-0.000840017632617746
RLG_AsatOT3098_Cereba_chr6A-140028_TSD	0.25	0.014638872671344	-0.00672684454607984
RLG_AsatOT3098_Cereba_chr6A-140094_TSD	0.251	0.0119890943299139	0.000819637139094886
RLG_AsatOT3098_Cereba_chr6A-140242_TSD	1.526	0.00652873275999139	0.00825681405198523
RLG_AsatOT3098_Cereba_chr6A-140277_TSD	0.719	0.0104623770296537	0.00215585314316177
RLG_AsatOT3098_Cereba_chr6A-140399_TSD	0.167	0.0147931698969821	-0.00814874948874089
RLG_AsatOT3098_Cereba_chr6A-140817_TSD	0.42	0.0137900896319625	-0.00882439187418881
RLG_AsatOT3098_Cereba_chr6A-141178_TSD	0.378	0.0106892526860846	-0.00095899158097896
RLG_AsatOT3098_Cereba_chr6A-141319_TSD	0.251	0.0129927095861039	-0.00270481072028885
RLG_AsatOT3098_Cereba_chr6A-141328_TSD	1.065	0.00253047243356301	0.0131163437591865
RLG_AsatOT3098_Cereba_chr6A-141342_TSD	0.377	0.0128474729022391	-0.00708433563187261
RLG_AsatOT3098_Cereba_chr6A-141422_TSD	1.193	0.00918202677558794	0.00699496515014026
RLG_AsatOT3098_Cereba_chr6A-141452_TSD	0.463	0.0135661239140855	-0.00729219176137837
RLG_AsatOT3098_Cereba_chr6A-141728_TSD	0.548	0.0100067310744586	0.00624562433829875
RLG_AsatOT3098_Cereba_chr6A-141957_TSD	0.42	0.0137844766866777	-0.0083804308015027
RLG_AsatOT3098_Cereba_chr6A-141997_TSD	0.421	0.0104388580181674	0.00744077814164062
RLG_AsatOT3098_Cereba_chr6A-142175_TSD	1.021	0.00623725877213508	0.0100888438426393
RLG_AsatOT3098_Cereba_chr6A-142567_TSD	0.209	0.0147100084269314	-0.00972781396391089
RLG_AsatOT3098_Cereba_chr6A-142626_TSD	0.892	0.000885345636504261	0.00961457076145966
RLG_AsatOT3098_Cereba_chr6A-142681_TSD	0.761	0.00477690327765012	0.0087441674261741
RLG_AsatOT3098_Cereba_chr6A-142778_TSD	1.107	0.000752514567318229	0.0174556458593532
RLG_AsatOT3098_Cereba_chr6A-143139_TSD	0.166	0.0139672166259394	-0.00908277173563251
RLG_AsatOT3098_Cereba_chr6A-143432_TSD	0.59	0.00934087876519536	0.00548061699521899
RLG_AsatOT3098_Cereba_chr6A-144125_TSD	0.083	0.0135248522778078	-0.00626246174279012
RLG_AsatOT3098_Cereba_chr6A-148573_TSD	0.719	0.01085446809043	0.00653422849319229
RLG_AsatOT3098_Cereba_chr6A-165939_TSD	0.849	0.000603474657295513	0.014824322623472
RLG_AsatOT3098_Cereba_chr6A-168915_TSD	0.293	0.0132719853555174	-0.00710622323628683
RLG_AsatOT3098_Cereba_chr6A-180669_TSD	0.98	-0.000999535367255662	0.0165451784311438
RLG_AsatOT3098_Cereba_chr6A-182745_TSD	0.336	0.00831147839935644	0.00970765259880405
RLG_AsatOT3098_Cereba_chr6A-240011_TSD	0.848	-0.000504330008594995	0.0167109511640164
RLG_AsatOT3098_Cereba_chr6A-247240_TSD	0.506	0.0110749324783554	0.00205107748846418
RLG_AsatOT3098_Cereba_chr6A-336205_TSD	0.633	0.00501434099750547	0.0113192672821995
RLG_AsatOT3098_Cereba_chr6A-361058_TSD	1.066	0.00510387891610095	0.0138895060913696
RLG_AsatOT3098_Cereba_chr6C-395923_TSD	0	0.0182207761771601	-0.0254900779260015
RLG_AsatOT3098_Cereba_chr6D-005291_TSD	1.467	-0.0013045320342952	0.0112059783539937
RLG_AsatOT3098_Cereba_chr6D-005317_TSD	0.632	-0.000912932112873265	0.0143571956166041
RLG_AsatOT3098_Cereba_chr6D-048584_TSD	0.505	0.00840121881852947	0.00651159861053813
RLG_AsatOT3098_Cereba_chr6D-048670_TSD	0.846	0.00475171372962398	0.00990065804510274
RLG_AsatOT3098_Cereba_chr6D-052711_TSD	0.519	0.00892251521858779	0.00817728293414978
RLG_AsatOT3098_Cereba_chr6D-072378_TSD	0.72	0.00835437204499013	0.0102376855364145
RLG_AsatOT3098_Cereba_chr6D-073666_TSD	1.154	0.000172826395416142	0.0109221623073982
RLG_AsatOT3098_Cereba_chr6D-085645_TSD	0.849	0.008164794342064	0.0105337659527805
RLG_AsatOT3098_Cereba_chr6D-088915_TSD	0.675	0.00736727428468613	0.0117948581020747
RLG_AsatOT3098_Cereba_chr6D-089266_TSD	0.548	0.00948122389241115	0.00977834673994386
RLG_AsatOT3098_Cereba_chr6D-089683_TSD	0.808	0.00910462275145212	0.00675708750128745
RLG_AsatOT3098_Cereba_chr6D-092471_TSD	1.193	0.00515273635418183	0.00990070667488336
RLG_AsatOT3098_Cereba_chr6D-092970_TSD	1.021	0.0069896640480718	0.00871376822793565
RLG_AsatOT3098_Cereba_chr6D-093137_TSD	1.108	-0.00033279120299225	0.0145254508161133
RLG_AsatOT3098_Cereba_chr6D-097453_TSD	0.675	0.000260058908186812	0.0164295451909891
RLG_AsatOT3098_Cereba_chr6D-097530_TSD	0.467	0.0101726729119401	0.00938094661096246
RLG_AsatOT3098_Cereba_chr6D-097593_TSD	0.208	0.00925557106932005	0.00737348081524654
RLG_AsatOT3098_Cereba_chr6D-098129_TSD	0.463	0.00758712895484501	0.0105566798894194
RLG_AsatOT3098_Cereba_chr6D-098211_TSD	0.633	0.00874732368597749	0.0112479980238636
RLG_AsatOT3098_Cereba_chr6D-098513_TSD	0.378	0.00918065489915975	0.0080637943677465
RLG_AsatOT3098_Cereba_chr6D-098667_TSD	0.506	0.00612408802360596	0.00948532424187345
RLG_AsatOT3098_Cereba_chr6D-098798_TSD	0.342	0.00593011352449955	0.00959555624987348
RLG_AsatOT3098_Cereba_chr6D-099217_TSD	0.977	0.00860814669023528	0.0098941230017774
RLG_AsatOT3098_Cereba_chr6D-099519_TSD	0.377	0.00545456497971608	0.0116700677191799
RLG_AsatOT3098_Cereba_chr6D-099833_TSD	0.591	0.00826977500049731	0.0094454790311631
RLG_AsatOT3098_Cereba_chr6D-099973_TSD	0.209	0.00515121613916236	0.0109770255932757
RLG_AsatOT3098_Cereba_chr6D-100112_TSD	0.506	0.00862795138122948	0.00623202651267337
RLG_AsatOT3098_Cereba_chr6D-100330_TSD	0.38	0.00584017001668968	0.0108798973618618
RLG_AsatOT3098_Cereba_chr6D-100342_TSD	0.547	0.00830222506665949	0.0106740935770664
RLG_AsatOT3098_Cereba_chr6D-100469_TSD	0.806	0.00904514440062264	0.00718619693348508
RLG_AsatOT3098_Cereba_chr6D-100982_TSD	0.59	0.0101710918951894	0.00628973209150915
RLG_AsatOT3098_Cereba_chr6D-101031_TSD	0.42	0.00863873156835256	0.00954171893851039
RLG_AsatOT3098_Cereba_chr6D-101077_TSD	0.167	0.00926593252675386	0.00883190134683861
RLG_AsatOT3098_Cereba_chr6D-101602_TSD	0.979	0.00860370558925296	0.00903200713373746
RLG_AsatOT3098_Cereba_chr6D-101692_TSD	0.977	0.00866292829800431	0.0100420440338428
RLG_AsatOT3098_Cereba_chr6D-101753_TSD	0.853	0.00837143967402838	0.0106177373706738
RLG_AsatOT3098_Cereba_chr6D-101831_TSD	0.378	0.00984984404787398	0.0105702670700837
RLG_AsatOT3098_Cereba_chr6D-101972_TSD	0.977	0.00836546759592575	0.0107318739985156
RLG_AsatOT3098_Cereba_chr6D-102033_TSD	0.719	0.00866307329181093	0.0108801263319157
RLG_AsatOT3098_Cereba_chr6D-102299_TSD	0.761	0.00638328136462076	0.0110911188445357
RLG_AsatOT3098_Cereba_chr6D-102457_TSD	0.591	0.00992176476508847	0.00406813920955396
RLG_AsatOT3098_Cereba_chr6D-102466_TSD	1.37	0.0067005417182515	0.00970798585825596
RLG_AsatOT3098_Cereba_chr6D-102490_TSD	0.803	0.00886236285324342	0.00907972145663155
RLG_AsatOT3098_Cereba_chr6D-102566_TSD	1.72	0.00307795589154129	0.0118347976140494
RLG_AsatOT3098_Cereba_chr6D-102598_TSD	0.293	0.00899946897465809	0.00865455159690771
RLG_AsatOT3098_Cereba_chr6D-102868_TSD	0.505	0.00504585549800241	0.0118656064369198
RLG_AsatOT3098_Cereba_chr6D-103392_TSD	0.592	0.00657393832116727	0.00936732695316601
RLG_AsatOT3098_Cereba_chr6D-103515_TSD	0.591	0.00868010020468744	0.0118296238645077
RLG_AsatOT3098_Cereba_chr6D-103816_TSD	1.021	0.00602015211668542	0.0106034055128104
RLG_AsatOT3098_Cereba_chr6D-104038_TSD	0.807	0.00606203851431739	0.0117706954222756
RLG_AsatOT3098_Cereba_chr6D-104144_TSD	0.806	0.00735012826403402	0.0120522605924522
RLG_AsatOT3098_Cereba_chr6D-107218_TSD	0.762	0.00526479832483699	0.0106003867588093
RLG_AsatOT3098_Cereba_chr6D-107878_TSD	1.07	0.00680846997470539	0.00834669272052756
RLG_AsatOT3098_Cereba_chr6D-110435_TSD	0.549	0.00191556710252452	0.0120768224237562
RLG_AsatOT3098_Cereba_chr6D-111793_TSD	0.935	0.000125979415720571	0.0162893995054889
RLG_AsatOT3098_Cereba_chr6D-131865_TSD	0.42	0.00565827460852696	0.0102751545903593
RLG_AsatOT3098_Cereba_chr6D-136826_TSD	0.548	0.0101629154716987	0.00569611653750211
RLG_AsatOT3098_Cereba_chr6D-140395_TSD	0.506	0.00852298139042303	0.00671108004676642
RLG_AsatOT3098_Cereba_chr6D-147706_TSD	0.933	0.00790524246497164	0.00670078980280804
RLG_AsatOT3098_Cereba_chr6D-157247_TSD	0.632	0.00885472191783905	0.0102404059031042
RLG_AsatOT3098_Cereba_chr6D-182656_TSD	0.848	0.00651269065455348	0.00998871462150999
RLG_AsatOT3098_Cereba_chr6D-183513_TSD	0.891	0.00990902848415165	0.00979751832666578
RLG_AsatOT3098_Cereba_chr6D-206126_TSD	0.632	0.0080942645543543	0.0105856281337842
RLG_AsatOT3098_Cereba_chr6D-223713_TSD	1.511	0.00109814429278291	0.0145501709263456
RLG_AsatOT3098_Cereba_chr7A-050411_TSD	0.378	0.0139071321341813	-0.00602249413330407
RLG_AsatOT3098_Cereba_chr7A-058366_TSD	0.209	0.0141257231563306	-0.00984074472253245
RLG_AsatOT3098_Cereba_chr7A-096270_TSD	0.592	0.00463645079274036	0.010490648208643
RLG_AsatOT3098_Cereba_chr7A-129203_TSD	0.633	0.00739773064807769	0.00878230307965315
RLG_AsatOT3098_Cereba_chr7A-137911_TSD	0.761	9.02388920278911e-05	0.0187889192803716
RLG_AsatOT3098_Cereba_chr7A-152009_TSD	0.557	0.0112253446745591	8.76096243273021e-05
RLG_AsatOT3098_Cereba_chr7A-249699_TSD	0.548	0.0124954938505565	-0.00245058534310306
RLG_AsatOT3098_Cereba_chr7A-259117_TSD	1.198	-0.000419939491356014	0.0162672315887792
RLG_AsatOT3098_Cereba_chr7A-259702_TSD	0.933	0.00585874422981986	0.0113480409000787
RLG_AsatOT3098_Cereba_chr7A-270015_TSD	0.721	0.0105786821816403	0.00585188106948997
RLG_AsatOT3098_Cereba_chr7A-307502_TSD	0.251	0.0139082082856453	-0.00687222821735761
RLG_AsatOT3098_Cereba_chr7A-309944_TSD	0.724	0.000139804992477866	0.0133724097382999
RLG_AsatOT3098_Cereba_chr7A-311038_TSD	0.59	0.010349750309483	0.00691205924155001
RLG_AsatOT3098_Cereba_chr7A-318647_TSD	0.633	0.00695526995859859	0.00930264494736006
RLG_AsatOT3098_Cereba_chr7A-319553_TSD	0.462	0.0131869947259066	-0.00590810483856877
RLG_AsatOT3098_Cereba_chr7A-319832_TSD	0.675	0.00484005843829274	0.0109077602064365
RLG_AsatOT3098_Cereba_chr7A-319898_TSD	1.139	0.00176733897463649	0.013526723020262
RLG_AsatOT3098_Cereba_chr7A-320093_TSD	0.805	0.0107464495064336	0.00143111162563595
RLG_AsatOT3098_Cereba_chr7A-320199_TSD	0.848	0.00602041301584707	0.0119637312743258
RLG_AsatOT3098_Cereba_chr7A-320339_TSD	0.547	0.00464637764782927	0.0112100062651008
RLG_AsatOT3098_Cereba_chr7A-321099_TSD	1.237	0.000859541036129243	0.0143640344339764
RLG_AsatOT3098_Cereba_chr7A-321189_TSD	1.812	-0.000609634552367499	0.00849148808380805
RLG_AsatOT3098_Cereba_chr7A-321271_TSD	1.197	0.000797303694130796	0.0152543180096523
RLG_AsatOT3098_Cereba_chr7A-321295_TSD	0.89	0.00605185774601062	0.0109433532738516
RLG_AsatOT3098_Cereba_chr7A-321335_TSD	0.251	0.0135674719991002	-0.00886750075827114
RLG_AsatOT3098_Cereba_chr7A-321360_TSD	1.585	0.00130592804446858	0.0161261655246359
RLG_AsatOT3098_Cereba_chr7A-321429_TSD	1.55	0.00285148756883362	0.0135456921096353
RLG_AsatOT3098_Cereba_chr7A-321518_TSD	1.455	0.0047195133931954	0.0114942527621362
RLG_AsatOT3098_Cereba_chr7A-321524_TSD	0.803	0.00305303608013698	0.0150238505476746
RLG_AsatOT3098_Cereba_chr7A-321553_TSD	0.676	0.00715397772376677	0.00896194763108809
RLG_AsatOT3098_Cereba_chr7A-321583_TSD	0.125	0.0135068949474904	-0.00823068718612434
RLG_AsatOT3098_Cereba_chr7A-321641_TSD	0.645	0.00693503916298428	0.00688000364993682
RLG_AsatOT3098_Cereba_chr7A-321797_TSD	0.167	0.0121218973300375	-0.00246911295077478
RLG_AsatOT3098_Cereba_chr7A-321927_TSD	0.42	0.0152350287968016	-0.0108532710685204
RLG_AsatOT3098_Cereba_chr7A-321940_TSD	0.209	0.014540074963058	-0.00874153123722025
RLG_AsatOT3098_Cereba_chr7A-321973_TSD	0.293	0.0171255519216842	-0.0188309554110809
RLG_AsatOT3098_Cereba_chr7A-321986_TSD	0.89	0.00471468099343209	0.0105592168386676
RLG_AsatOT3098_Cereba_chr7A-322073_TSD	0.125	0.0150585413039922	-0.0114548646529793
RLG_AsatOT3098_Cereba_chr7A-322218_TSD	0.334	0.0132857052756707	-0.00367988539703046
RLG_AsatOT3098_Cereba_chr7A-322318_TSD	0.762	0.00501818939692663	0.0107593740723875
RLG_AsatOT3098_Cereba_chr7A-322348_TSD	0.462	0.012524326601168	-0.00213460602750909
RLG_AsatOT3098_Cereba_chr7A-322493_TSD	1.812	0.00426210156509852	0.00550135025400253
RLG_AsatOT3098_Cereba_chr7A-322502_TSD	0.378	0.0126835089508581	-0.00720367617007023
RLG_AsatOT3098_Cereba_chr7A-322662_TSD	0.377	0.0126019346157763	-0.00313724024719077
RLG_AsatOT3098_Cereba_chr7A-322766_TSD	0.548	0.0147202213999145	-0.00777076084503084
RLG_AsatOT3098_Cereba_chr7A-322838_TSD	0.125	0.0138588656335874	-0.00587442687703006
RLG_AsatOT3098_Cereba_chr7A-322943_TSD	1.675	0.00736965622912103	0.00916826254773334
RLG_AsatOT3098_Cereba_chr7A-323018_TSD	0.125	0.0141138298546703	-0.0132771066332789
RLG_AsatOT3098_Cereba_chr7A-323046_TSD	0.593	0.0133439865107072	-0.00383819194939259
RLG_AsatOT3098_Cereba_chr7A-323215_TSD	0.293	0.0128248647881074	-0.00417977546191146
RLG_AsatOT3098_Cereba_chr7A-323379_TSD	0.125	0.0130998222944114	-0.00381346854342581
RLG_AsatOT3098_Cereba_chr7A-323453_TSD	0.209	0.0126158113364156	-0.00268943319219624
RLG_AsatOT3098_Cereba_chr7A-323484_TSD	0.85	0.0111531758013724	0.00367454735869602
RLG_AsatOT3098_Cereba_chr7A-323560_TSD	0.933	0.00701305701766692	0.0111460387302085
RLG_AsatOT3098_Cereba_chr7A-323653_TSD	0.209	0.01245493728706	-0.00368461545709549
RLG_AsatOT3098_Cereba_chr7A-323713_TSD	0.041	0.0134710692488387	-0.00510316989677024
RLG_AsatOT3098_Cereba_chr7A-323748_TSD	0.505	0.0149529252670707	-0.0112826272680973
RLG_AsatOT3098_Cereba_chr7A-323863_TSD	0.378	0.0140588369089413	-0.00794058284985842
RLG_AsatOT3098_Cereba_chr7A-323875_TSD	0.125	0.0128023948962017	-0.00307288274223313
RLG_AsatOT3098_Cereba_chr7A-323928_TSD	1.024	0.0108539136960927	0.00413534016793785
RLG_AsatOT3098_Cereba_chr7A-324036_TSD	0.382	0.00935607129220615	0.00445797096869959
RLG_AsatOT3098_Cereba_chr7A-324073_TSD	0.679	0.00697552359309059	0.011482995461122
RLG_AsatOT3098_Cereba_chr7A-324157_TSD	0.462	0.0119636915489729	0.000882218327747239
RLG_AsatOT3098_Cereba_chr7A-324348_TSD	0.335	0.0150399722644722	-0.00947655458959465
RLG_AsatOT3098_Cereba_chr7A-324630_TSD	0.251	0.0150518658816014	-0.0127909358831643
RLG_AsatOT3098_Cereba_chr7A-324672_TSD	0.166	0.0135108352339932	-0.00440128886310055
RLG_AsatOT3098_Cereba_chr7A-324801_TSD	0.505	0.0133893911917238	-0.00897202292166106
RLG_AsatOT3098_Cereba_chr7A-324848_TSD	0.125	0.0143520834038551	-0.00575930301674982
RLG_AsatOT3098_Cereba_chr7A-324877_TSD	0.591	0.00958075760986514	0.00689424285585273
RLG_AsatOT3098_Cereba_chr7A-324925_TSD	0.335	0.013099212195606	-0.00350122020729776
RLG_AsatOT3098_Cereba_chr7A-324948_TSD	0.209	0.0134016679845262	-0.00674707211765366
RLG_AsatOT3098_Cereba_chr7A-324970_TSD	0.764	0.0100211122250118	0.00576930891705502
RLG_AsatOT3098_Cereba_chr7A-325009_TSD	0.462	0.0126080365313034	-0.00117044731157223
RLG_AsatOT3098_Cereba_chr7A-325045_TSD	0.125	0.0131196762210641	-0.00340846398836755
RLG_AsatOT3098_Cereba_chr7A-325221_TSD	0.251	0.0160085347500234	-0.0117857113976449
RLG_AsatOT3098_Cereba_chr7A-325623_TSD	0.211	0.0130126175427945	-0.00624533764477682
RLG_AsatOT3098_Cereba_chr7A-325673_TSD	0.718	0.0136226864031416	-0.00584469726886
RLG_AsatOT3098_Cereba_chr7A-325929_TSD	0.209	0.013799278806114	-0.00949388105758562
RLG_AsatOT3098_Cereba_chr7A-325975_TSD	0.167	0.0148738410363324	-0.00812806263290144
RLG_AsatOT3098_Cereba_chr7A-326179_TSD	0.934	0.00517471369806333	0.0105898820503826
RLG_AsatOT3098_Cereba_chr7A-326283_TSD	0.167	0.0138277752817451	-0.00825378640825586
RLG_AsatOT3098_Cereba_chr7A-326608_TSD	0.336	0.0107913537918691	0.001358884867187
RLG_AsatOT3098_Cereba_chr7A-326700_TSD	0.932	0.00599862212659238	0.0118432073441959
RLG_AsatOT3098_Cereba_chr7A-326930_TSD	0.125	0.0157774760422619	-0.0118861860045142
RLG_AsatOT3098_Cereba_chr7A-327096_TSD	0.377	0.0138862614512183	-0.00898158744530449
RLG_AsatOT3098_Cereba_chr7A-327577_TSD	1.02	0.00909101718764957	0.00384719954143233
RLG_AsatOT3098_Cereba_chr7A-327688_TSD	0.167	0.0148782400561414	-0.00950647297055289
RLG_AsatOT3098_Cereba_chr7A-327727_TSD	0.934	0.00752741603333844	0.00881304204328644
RLG_AsatOT3098_Cereba_chr7A-327736_TSD	0.462	0.0150539987627371	-0.0119859824777877
RLG_AsatOT3098_Cereba_chr7A-327955_TSD	0.083	0.0135689650386843	-0.00606822509160257
RLG_AsatOT3098_Cereba_chr7A-328071_TSD	0.934	0.0135648237825318	-0.00866277115408534
RLG_AsatOT3098_Cereba_chr7A-328125_TSD	0.167	0.0149141620143152	-0.00996731298507424
RLG_AsatOT3098_Cereba_chr7A-328136_TSD	0.589	0.0129290948036226	-0.00283215770498879
RLG_AsatOT3098_Cereba_chr7A-328177_TSD	0	0.0149101764996511	-0.00997961143451322
RLG_AsatOT3098_Cereba_chr7A-328415_TSD	0.167	0.0131733731020017	-0.00337747980330002
RLG_AsatOT3098_Cereba_chr7A-328482_TSD	0.208	0.0148595644886076	-0.0129513566865512
RLG_AsatOT3098_Cereba_chr7A-328699_TSD	0.805	6.08034852504269e-05	0.0117920094322006
RLG_AsatOT3098_Cereba_chr7A-328748_TSD	1.302	0.00105426598196598	0.0143431087393478
RLG_AsatOT3098_Cereba_chr7A-328790_TSD	0.209	0.0151782535519142	-0.0123829529387518
RLG_AsatOT3098_Cereba_chr7A-328820_TSD	0.083	0.0145980805399178	-0.0120121061274171
RLG_AsatOT3098_Cereba_chr7A-328858_TSD	0.292	0.0134972652575953	-0.00443827104166501
RLG_AsatOT3098_Cereba_chr7A-328932_TSD	0.125	0.015027121581266	-0.0131316819887365
RLG_AsatOT3098_Cereba_chr7A-329095_TSD	1.851	0.00432643596497238	0.0100461441962325
RLG_AsatOT3098_Cereba_chr7A-329115_TSD	0.212	0.0133563687279234	-0.00372919377076182
RLG_AsatOT3098_Cereba_chr7A-329131_TSD	0.167	0.0150110143580317	-0.00982261698675109
RLG_AsatOT3098_Cereba_chr7A-329169_TSD	0.169	0.0149050271929844	-0.0132709601339735
RLG_AsatOT3098_Cereba_chr7A-329243_TSD	0.462	0.0122605260813212	-0.00430795413283841
RLG_AsatOT3098_Cereba_chr7A-329542_TSD	0.251	0.0141180286070672	-0.00762645151422633
RLG_AsatOT3098_Cereba_chr7A-329615_TSD	0.505	0.0134999106981242	-0.00755223713300773
RLG_AsatOT3098_Cereba_chr7A-329709_TSD	1.108	0.00452558832254601	0.00978159679614491
RLG_AsatOT3098_Cereba_chr7A-329720_TSD	1.328	0.00520478666475535	0.0111810900305608
RLG_AsatOT3098_Cereba_chr7A-329801_TSD	0.847	-0.000730242509432201	0.0161955565942726
RLG_AsatOT3098_Cereba_chr7A-329820_TSD	0.676	0.00297262835774612	0.015047094157448
RLG_AsatOT3098_Cereba_chr7A-329936_TSD	0.932	0.00476937411309898	0.0100321638223591
RLG_AsatOT3098_Cereba_chr7A-329943_TSD	0.587	0.00388538315296684	0.00965054509957422
RLG_AsatOT3098_Cereba_chr7A-330064_TSD	0.293	0.0101455856938306	0.00366311564121478
RLG_AsatOT3098_Cereba_chr7A-330119_TSD	0.675	0.00507135980123502	0.0103869604045455
RLG_AsatOT3098_Cereba_chr7A-330137_TSD	0.336	0.0136860320628609	-0.00845381312979754
RLG_AsatOT3098_Cereba_chr7A-330161_TSD	0.89	0.00374327939705079	0.0140030101012127
RLG_AsatOT3098_Cereba_chr7A-330199_TSD	0.676	0.00384508992123385	0.0154808970881403
RLG_AsatOT3098_Cereba_chr7A-330469_TSD	1.558	0.00157590057179364	0.0125675045799964
RLG_AsatOT3098_Cereba_chr7A-330509_TSD	0.209	0.0160521910515463	-0.0130493855636675
RLG_AsatOT3098_Cereba_chr7A-330789_TSD	1.288	-0.00088313298075932	0.0160908714635373
RLG_AsatOT3098_Cereba_chr7A-330914_TSD	0.824	0.00146627206343031	0.0154517217433451
RLG_AsatOT3098_Cereba_chr7A-332753_TSD	0.508	0.00621468277487233	0.0102470818755973
RLG_AsatOT3098_Cereba_chr7A-337719_TSD	0.125	0.0138088205375462	-0.00671414828806771
RLG_AsatOT3098_Cereba_chr7A-341281_TSD	0.335	0.0127713335500817	-0.00599679197696799
RLG_AsatOT3098_Cereba_chr7A-342100_TSD	0.634	0.0115549183174054	0.00271282884756296
RLG_AsatOT3098_Cereba_chr7A-344106_TSD	0.547	0.0120640556703027	0.000958741257763757
RLG_AsatOT3098_Cereba_chr7A-344593_TSD	0.892	0.0049496209904323	0.0108579147618048
RLG_AsatOT3098_Cereba_chr7A-348974_TSD	0.167	0.0131011378227893	-0.00532850800269636
RLG_AsatOT3098_Cereba_chr7A-356552_TSD	1.236	0.00049188218648214	0.0177087039336877
RLG_AsatOT3098_Cereba_chr7A-374288_TSD	0.209	0.00336183028634275	0.00966782154335365
RLG_AsatOT3098_Cereba_chr7A-374636_TSD	0.848	0.00255059183524005	0.0151899771972582
RLG_AsatOT3098_Cereba_chr7A-381974_TSD	0.42	0.0152783358941572	-0.0127932829326168
RLG_AsatOT3098_Cereba_chr7A-406791_TSD	0.42	0.0123922023499273	-0.00214570975692685
RLG_AsatOT3098_Cereba_chr7A-410661_TSD	0.763	0.00206508004166388	0.0115143788695764
RLG_AsatOT3098_Cereba_chr7D-062678_TSD	0.463	0.00551625392770912	0.0115762243344553
RLG_AsatOT3098_Cereba_chr7D-067803_TSD	0.762	0.0109356381055003	0.00768527301144298
RLG_AsatOT3098_Cereba_chr7D-073587_TSD	0.167	0.00914812537409668	0.00947466726309849
RLG_AsatOT3098_Cereba_chr7D-105374_TSD	0.633	0.00556890997099113	0.0115248103117573
RLG_AsatOT3098_Cereba_chr7D-125350_TSD	0.805	0.00810969343519658	0.00967146552567326
RLG_AsatOT3098_Cereba_chr7D-160229_TSD	0.717	0.00909393614736135	0.010905253937583
RLG_AsatOT3098_Cereba_chr7D-199966_TSD	0.546	-0.000564209262732735	0.0166545007574763
RLG_AsatOT3098_Cereba_chr7D-202557_TSD	0.676	-0.000539352904327524	0.0158054300685699
RLG_AsatOT3098_Cereba_chr7D-206013_TSD	0.934	0.00974535139297385	0.0116265471497966
RLG_AsatOT3098_Cereba_chr7D-209964_TSD	0.59	0.00812348707748439	0.0106728504371726
RLG_AsatOT3098_Cereba_chr7D-211423_TSD	0.761	0.00874373797804301	0.00975004785608071
RLG_AsatOT3098_Cereba_chr7D-214340_TSD	0.978	0.00476246570295886	0.0125694423942421
RLG_AsatOT3098_Cereba_chr7D-214496_TSD	0.899	-0.000777570613584087	0.0102497228587619
RLG_AsatOT3098_Cereba_chr7D-222507_TSD	0.718	0.00468024339151169	0.011740417418085
RLG_AsatOT3098_Cereba_chr7D-222941_TSD	0.674	0.000731158893002692	0.01578957985797
RLG_AsatOT3098_Cereba_chr7D-223036_TSD	1.016	0.00474134589942809	0.0106639562238439
RLG_AsatOT3098_Cereba_chr7D-223122_TSD	0.891	0.00207369596861463	0.00990822991423159
RLG_AsatOT3098_Cereba_chr7D-223199_TSD	0.849	0.00591071772387788	0.00649493006043675
RLG_AsatOT3098_Cereba_chr7D-223261_TSD	0.849	0.00859580896334273	0.0108313287759138
RLG_AsatOT3098_Cereba_chr7D-223285_TSD	1.86	0.00685370963794596	0.0116283721367098
RLG_AsatOT3098_Cereba_chr7D-223401_TSD	0.761	0.00553961826719953	0.00966112500767076
RLG_AsatOT3098_Cereba_chr7D-223437_TSD	0.977	0.00583447331090502	0.0107514942456506
RLG_AsatOT3098_Cereba_chr7D-223531_TSD	0.463	0.0100742147674106	0.00804338811674927
RLG_AsatOT3098_Cereba_chr7D-223777_TSD	0.251	0.00565467508300852	0.0106437005754291
RLG_AsatOT3098_Cereba_chr7D-223837_TSD	1.325	0.00629326995990684	0.00961124441809089
RLG_AsatOT3098_Cereba_chr7D-223985_TSD	0.933	0.00832371797140708	0.0131978725612535
RLG_AsatOT3098_Cereba_chr7D-224018_TSD	0.463	0.0106825483503855	0.00319402093647321
RLG_AsatOT3098_Cereba_chr7D-224129_TSD	0.849	0.00729646260841306	0.0125146601335796
RLG_AsatOT3098_Cereba_chr7D-224192_TSD	0.462	0.00861223296006563	0.010350505286676
RLG_AsatOT3098_Cereba_chr7D-224385_TSD	0.591	0.00982860911600805	0.00967829242142439
RLG_AsatOT3098_Cereba_chr7D-224560_TSD	1.066	0.00525927708615541	0.0109536187568192
RLG_AsatOT3098_Cereba_chr7D-224619_TSD	0.336	0.00577963823297927	0.0106861123320051
RLG_AsatOT3098_Cereba_chr7D-224660_TSD	1.952	0.00426770254717526	0.0122307718626669
RLG_AsatOT3098_Cereba_chr7D-225279_TSD	0.59	0.00738535887835501	0.00742732426393064
RLG_AsatOT3098_Cereba_chr7D-225342_TSD	0.675	0.00912125325301481	0.0103760892762529
RLG_AsatOT3098_Cereba_chr7D-225536_TSD	0.548	0.00416766218491403	0.0130818895675992
RLG_AsatOT3098_Cereba_chr7D-225575_TSD	0.421	0.00916605138435451	0.00601413201522052
RLG_AsatOT3098_Cereba_chr7D-225639_TSD	0.463	0.0105208173985866	0.00645717621016926
RLG_AsatOT3098_Cereba_chr7D-225828_TSD	0.676	0.00384380687629689	0.0139875616215613
RLG_AsatOT3098_Cereba_chr7D-226022_TSD	0.675	0.0089808438897122	0.0103451778123404
RLG_AsatOT3098_Cereba_chr7D-226086_TSD	0.852	0.00776300235007924	0.0076051889292205
RLG_AsatOT3098_Cereba_chr7D-226389_TSD	0.42	0.0101041142312829	0.00564936394420839
RLG_AsatOT3098_Cereba_chr7D-226425_TSD	0.717	0.00964085453174857	0.0098785207795341
RLG_AsatOT3098_Cereba_chr7D-226496_TSD	0.42	0.00512029635204284	0.0113049624620475
RLG_AsatOT3098_Cereba_chr7D-226883_TSD	0.464	0.00851482595976109	0.00777062116387447
RLG_AsatOT3098_Cereba_chr7D-227052_TSD	0.463	0.0101994950969317	0.00792607856989523
RLG_AsatOT3098_Cereba_chr7D-227092_TSD	0.522	0.00766817337469106	0.0109408870636531
RLG_AsatOT3098_Cereba_chr7D-227165_TSD	0.635	0.008675861645529	0.00893366879200682
RLG_AsatOT3098_Cereba_chr7D-227227_TSD	1.021	0.00597535812498388	0.0100174664587066
RLG_AsatOT3098_Cereba_chr7D-228008_TSD	0.462	0.0100401306905823	0.00892549524464225
RLG_AsatOT3098_Cereba_chr7D-228298_TSD	0.765	0.00754234624422675	0.00933887448787704
RLG_AsatOT3098_Cereba_chr7D-228366_TSD	0.804	0.00633489332290065	0.0100005702559331
RLG_AsatOT3098_Cereba_chr7D-228395_TSD	1.369	0.00839696938935081	0.0109148907923969
RLG_AsatOT3098_Cereba_chr7D-228471_TSD	0.377	0.00905281441708393	0.00787070802247716
RLG_AsatOT3098_Cereba_chr7D-228670_TSD	0.591	0.00826695837440098	0.00895022744799662
RLG_AsatOT3098_Cereba_chr7D-228682_TSD	0.463	0.0090633264523952	0.00940204988658844
RLG_AsatOT3098_Cereba_chr7D-228699_TSD	0.42	0.00535081123086781	0.0108909894552571
RLG_AsatOT3098_Cereba_chr7D-228966_TSD	1.769	0.004158456917156	0.0094380105873649
RLG_AsatOT3098_Cereba_chr7D-228977_TSD	0.76	0.00886363683052002	0.00695538111001616
RLG_AsatOT3098_Cereba_chr7D-229030_TSD	0.418	0.00677180351965735	0.0104047577356902
RLG_AsatOT3098_Cereba_chr7D-229116_TSD	0.681	0.00483171496701518	0.0109047067272554
RLG_AsatOT3098_Cereba_chr7D-229202_TSD	1.197	0.00571633589370423	0.0106572588399077
RLG_AsatOT3098_Cereba_chr7D-229264_TSD	0.378	0.00612118628601417	0.00884720460479797
RLG_AsatOT3098_Cereba_chr7D-229370_TSD	0.335	0.00946569530709984	0.010569758251791
RLG_AsatOT3098_Cereba_chr7D-229590_TSD	1.195	0.00936046319078898	0.00988962298595273
RLG_AsatOT3098_Cereba_chr7D-229693_TSD	0.377	0.0090054016670799	0.00738283169181673
RLG_AsatOT3098_Cereba_chr7D-229741_TSD	0.462	0.005623537228002	0.0104876201443525
RLG_AsatOT3098_Cereba_chr7D-229851_TSD	0.72	0.00957355522732387	0.008772855442062
RLG_AsatOT3098_Cereba_chr7D-229962_TSD	0.38	0.00536137109257876	0.0106105604532207
RLG_AsatOT3098_Cereba_chr7D-230008_TSD	0.848	0.0107926817052642	0.00564682708718285
RLG_AsatOT3098_Cereba_chr7D-230341_TSD	0.504	0.00585042558167318	0.0097998057119797
RLG_AsatOT3098_Cereba_chr7D-230379_TSD	0.676	0.00884508425889245	0.0106520303068375
RLG_AsatOT3098_Cereba_chr7D-230532_TSD	0.862	0.0093742124234629	0.011258755680123
RLG_AsatOT3098_Cereba_chr7D-230592_TSD	1.37	0.000481818642423702	0.0124068995012279
RLG_AsatOT3098_Cereba_chr7D-231044_TSD	0.76	0.00596135269002776	0.00941048003188572
RLG_AsatOT3098_Cereba_chr7D-231054_TSD	1.106	0.00694065212750522	0.010610068451895
RLG_AsatOT3098_Cereba_chr7D-231072_TSD	0.761	0.0084246877262398	0.0115162715443174
RLG_AsatOT3098_Cereba_chr7D-231291_TSD	0.934	-0.000442042416121194	0.0161742423042384
RLG_AsatOT3098_Cereba_chr7D-231306_TSD	1.455	0.00554062808249844	0.00929103633757558
RLG_AsatOT3098_Cereba_chr7D-231335_TSD	1.725	0.00293912936236114	0.0141931629590033
RLG_AsatOT3098_Cereba_chr7D-231427_TSD	1.99	0.00238103916463785	0.00954695890048569
RLG_AsatOT3098_Cereba_chr7D-231608_TSD	1.106	0.00575650794717363	0.00957783021417816
RLG_AsatOT3098_Cereba_chr7D-231646_TSD	0.676	0.00798717302797758	0.0123378326141245
RLG_AsatOT3098_Cereba_chr7D-232081_TSD	1.108	0.000114426458574001	0.0148797578835939
RLG_AsatOT3098_Cereba_chr7D-232107_TSD	0.978	0.00839549540074648	0.0113172956793874
RLG_AsatOT3098_Cereba_chr7D-232382_TSD	0.89	0.00362136049149167	0.0116044103549771
RLG_AsatOT3098_Cereba_chr7D-232453_TSD	0.936	-0.000808890601925282	0.0154801868862864
RLG_AsatOT3098_Cereba_chr7D-234636_TSD	0.89	-6.16425642813862e-05	0.0154581351516747
RLG_AsatOT3098_Cereba_chr7D-250446_TSD	0.42	0.00905513414886058	0.0102839857000418
RLG_AsatOT3098_Cereba_chr7D-252287_TSD	0.42	0.00559241435751848	0.0103688691355065
RLG_AsatOT3098_Cereba_chr7D-256442_TSD	0.504	0.0106619683688276	0.00699735777316509
RLG_AsatOT3098_Cereba_chr7D-266514_TSD	0.763	0.0084390611178508	0.010274319445573
RLG_AsatOT3098_Cereba_chr7D-276546_TSD	0.335	0.00398282060113723	0.0114166121063846
RLG_AsatOT3098_Cereba_chr7D-280950_TSD	0.718	0.00632787443108915	0.0134633774489087
RLG_AsatOT3098_Cereba_chr7D-284162_TSD	0.505	0.00596127588209599	0.00891965844422137
RLG_AsatOT3098_Cereba_chr7D-377502_TSD	0.761	0.00195547077314553	0.0137599822825986
RLG_AsatOT3098_Cereba_chr7D-440078_TSD	0.765	0.000309036277628067	0.0138570712069969
RLG_AsatOT3098_Cereba_chr7D-518006_TSD	0.675	0.00491149073539723	0.010489979218899
RLG_AsatOT3098_Cereba_chr7D-527934_TSD	0.167	0.0153702699576179	-0.0126656960597272
