Asat_OT3098_v2_chr1A	0	2000000	2000000	0	0.000000
Asat_OT3098_v2_chr1A	2000000	4000000	2000000	0	0.000000
Asat_OT3098_v2_chr1A	4000000	6000000	2000000	0	0.000000
Asat_OT3098_v2_chr1A	6000000	8000000	2000000	0	0.000000
Asat_OT3098_v2_chr1A	8000000	10000000	2000000	0	0.000000
Asat_OT3098_v2_chr1A	10000000	12000000	2000000	0	0.000000
Asat_OT3098_v2_chr1A	12000000	14000000	2000000	8205	0.004103
Asat_OT3098_v2_chr1A	14000000	16000000	2000000	0	0.000000
Asat_OT3098_v2_chr1A	16000000	18000000	2000000	8321	0.004161
Asat_OT3098_v2_chr1A	18000000	20000000	2000000	0	0.000000
Asat_OT3098_v2_chr1A	20000000	22000000	2000000	0	0.000000
Asat_OT3098_v2_chr1A	22000000	24000000	2000000	0	0.000000
Asat_OT3098_v2_chr1A	24000000	26000000	2000000	0	0.000000
Asat_OT3098_v2_chr1A	26000000	28000000	2000000	9168	0.004584
Asat_OT3098_v2_chr1A	28000000	30000000	2000000	0	0.000000
Asat_OT3098_v2_chr1A	30000000	32000000	2000000	0	0.000000
Asat_OT3098_v2_chr1A	32000000	34000000	2000000	0	0.000000
Asat_OT3098_v2_chr1A	34000000	36000000	2000000	16095	0.008048
Asat_OT3098_v2_chr1A	36000000	38000000	2000000	0	0.000000
Asat_OT3098_v2_chr1A	38000000	40000000	2000000	0	0.000000
Asat_OT3098_v2_chr1A	40000000	42000000	2000000	0	0.000000
Asat_OT3098_v2_chr1A	42000000	44000000	2000000	8154	0.004077
Asat_OT3098_v2_chr1A	44000000	46000000	2000000	0	0.000000
Asat_OT3098_v2_chr1A	46000000	48000000	2000000	0	0.000000
Asat_OT3098_v2_chr1A	48000000	50000000	2000000	0	0.000000
Asat_OT3098_v2_chr1A	50000000	52000000	2000000	0	0.000000
Asat_OT3098_v2_chr1A	52000000	54000000	2000000	0	0.000000
Asat_OT3098_v2_chr1A	54000000	56000000	2000000	0	0.000000
Asat_OT3098_v2_chr1A	56000000	58000000	2000000	1418	0.000709
Asat_OT3098_v2_chr1A	58000000	60000000	2000000	0	0.000000
Asat_OT3098_v2_chr1A	60000000	62000000	2000000	0	0.000000
Asat_OT3098_v2_chr1A	62000000	64000000	2000000	8606	0.004303
Asat_OT3098_v2_chr1A	64000000	66000000	2000000	0	0.000000
Asat_OT3098_v2_chr1A	66000000	68000000	2000000	0	0.000000
Asat_OT3098_v2_chr1A	68000000	70000000	2000000	0	0.000000
Asat_OT3098_v2_chr1A	70000000	72000000	2000000	0	0.000000
Asat_OT3098_v2_chr1A	72000000	74000000	2000000	0	0.000000
Asat_OT3098_v2_chr1A	74000000	76000000	2000000	0	0.000000
Asat_OT3098_v2_chr1A	76000000	78000000	2000000	0	0.000000
Asat_OT3098_v2_chr1A	78000000	80000000	2000000	0	0.000000
Asat_OT3098_v2_chr1A	80000000	82000000	2000000	0	0.000000
Asat_OT3098_v2_chr1A	82000000	84000000	2000000	7346	0.003673
Asat_OT3098_v2_chr1A	84000000	86000000	2000000	0	0.000000
Asat_OT3098_v2_chr1A	86000000	88000000	2000000	0	0.000000
Asat_OT3098_v2_chr1A	88000000	90000000	2000000	3020	0.001510
Asat_OT3098_v2_chr1A	90000000	92000000	2000000	7285	0.003642
Asat_OT3098_v2_chr1A	92000000	94000000	2000000	0	0.000000
Asat_OT3098_v2_chr1A	94000000	96000000	2000000	0	0.000000
Asat_OT3098_v2_chr1A	96000000	98000000	2000000	0	0.000000
Asat_OT3098_v2_chr1A	98000000	100000000	2000000	24951	0.012476
Asat_OT3098_v2_chr1A	100000000	102000000	2000000	0	0.000000
Asat_OT3098_v2_chr1A	102000000	104000000	2000000	0	0.000000
Asat_OT3098_v2_chr1A	104000000	106000000	2000000	0	0.000000
Asat_OT3098_v2_chr1A	106000000	108000000	2000000	8292	0.004146
Asat_OT3098_v2_chr1A	108000000	110000000	2000000	23882	0.011941
Asat_OT3098_v2_chr1A	110000000	112000000	2000000	0	0.000000
Asat_OT3098_v2_chr1A	112000000	114000000	2000000	0	0.000000
Asat_OT3098_v2_chr1A	114000000	116000000	2000000	8306	0.004153
Asat_OT3098_v2_chr1A	116000000	118000000	2000000	0	0.000000
Asat_OT3098_v2_chr1A	118000000	120000000	2000000	7905	0.003953
Asat_OT3098_v2_chr1A	120000000	122000000	2000000	0	0.000000
Asat_OT3098_v2_chr1A	122000000	124000000	2000000	0	0.000000
Asat_OT3098_v2_chr1A	124000000	126000000	2000000	0	0.000000
Asat_OT3098_v2_chr1A	126000000	128000000	2000000	3763	0.001881
Asat_OT3098_v2_chr1A	128000000	130000000	2000000	0	0.000000
Asat_OT3098_v2_chr1A	130000000	132000000	2000000	46729	0.023364
Asat_OT3098_v2_chr1A	132000000	134000000	2000000	27947	0.013973
Asat_OT3098_v2_chr1A	134000000	136000000	2000000	7252	0.003626
Asat_OT3098_v2_chr1A	136000000	138000000	2000000	8549	0.004274
Asat_OT3098_v2_chr1A	138000000	140000000	2000000	0	0.000000
Asat_OT3098_v2_chr1A	140000000	142000000	2000000	25763	0.012882
Asat_OT3098_v2_chr1A	142000000	144000000	2000000	15966	0.007983
Asat_OT3098_v2_chr1A	144000000	146000000	2000000	60300	0.030150
Asat_OT3098_v2_chr1A	146000000	148000000	2000000	92485	0.046242
Asat_OT3098_v2_chr1A	148000000	150000000	2000000	17000	0.008500
Asat_OT3098_v2_chr1A	150000000	152000000	2000000	81344	0.040672
Asat_OT3098_v2_chr1A	152000000	154000000	2000000	345893	0.172947
Asat_OT3098_v2_chr1A	154000000	156000000	2000000	691411	0.345705
Asat_OT3098_v2_chr1A	156000000	158000000	2000000	701637	0.350818
Asat_OT3098_v2_chr1A	158000000	160000000	2000000	241470	0.120735
Asat_OT3098_v2_chr1A	160000000	162000000	2000000	79814	0.039907
Asat_OT3098_v2_chr1A	162000000	164000000	2000000	32635	0.016317
Asat_OT3098_v2_chr1A	164000000	166000000	2000000	25662	0.012831
Asat_OT3098_v2_chr1A	166000000	168000000	2000000	8525	0.004262
Asat_OT3098_v2_chr1A	168000000	170000000	2000000	0	0.000000
Asat_OT3098_v2_chr1A	170000000	172000000	2000000	0	0.000000
Asat_OT3098_v2_chr1A	172000000	174000000	2000000	31073	0.015536
Asat_OT3098_v2_chr1A	174000000	176000000	2000000	1369	0.000684
Asat_OT3098_v2_chr1A	176000000	178000000	2000000	0	0.000000
Asat_OT3098_v2_chr1A	178000000	180000000	2000000	8743	0.004372
Asat_OT3098_v2_chr1A	180000000	182000000	2000000	0	0.000000
Asat_OT3098_v2_chr1A	182000000	184000000	2000000	0	0.000000
Asat_OT3098_v2_chr1A	184000000	186000000	2000000	0	0.000000
Asat_OT3098_v2_chr1A	186000000	188000000	2000000	8675	0.004338
Asat_OT3098_v2_chr1A	188000000	190000000	2000000	5921	0.002961
Asat_OT3098_v2_chr1A	190000000	192000000	2000000	0	0.000000
Asat_OT3098_v2_chr1A	192000000	194000000	2000000	0	0.000000
Asat_OT3098_v2_chr1A	194000000	196000000	2000000	0	0.000000
Asat_OT3098_v2_chr1A	196000000	198000000	2000000	11128	0.005564
Asat_OT3098_v2_chr1A	198000000	200000000	2000000	0	0.000000
Asat_OT3098_v2_chr1A	200000000	202000000	2000000	0	0.000000
Asat_OT3098_v2_chr1A	202000000	204000000	2000000	8325	0.004163
Asat_OT3098_v2_chr1A	204000000	206000000	2000000	2881	0.001440
Asat_OT3098_v2_chr1A	206000000	208000000	2000000	0	0.000000
Asat_OT3098_v2_chr1A	208000000	210000000	2000000	0	0.000000
Asat_OT3098_v2_chr1A	210000000	212000000	2000000	8415	0.004208
Asat_OT3098_v2_chr1A	212000000	214000000	2000000	0	0.000000
Asat_OT3098_v2_chr1A	214000000	216000000	2000000	0	0.000000
Asat_OT3098_v2_chr1A	216000000	218000000	2000000	0	0.000000
Asat_OT3098_v2_chr1A	218000000	220000000	2000000	8666	0.004333
Asat_OT3098_v2_chr1A	220000000	222000000	2000000	0	0.000000
Asat_OT3098_v2_chr1A	222000000	224000000	2000000	0	0.000000
Asat_OT3098_v2_chr1A	224000000	226000000	2000000	0	0.000000
Asat_OT3098_v2_chr1A	226000000	228000000	2000000	8264	0.004132
Asat_OT3098_v2_chr1A	228000000	230000000	2000000	7352	0.003676
Asat_OT3098_v2_chr1A	230000000	232000000	2000000	0	0.000000
Asat_OT3098_v2_chr1A	232000000	234000000	2000000	14774	0.007387
Asat_OT3098_v2_chr1A	234000000	236000000	2000000	0	0.000000
Asat_OT3098_v2_chr1A	236000000	238000000	2000000	0	0.000000
Asat_OT3098_v2_chr1A	238000000	240000000	2000000	0	0.000000
Asat_OT3098_v2_chr1A	240000000	242000000	2000000	0	0.000000
Asat_OT3098_v2_chr1A	242000000	244000000	2000000	0	0.000000
Asat_OT3098_v2_chr1A	244000000	246000000	2000000	7298	0.003649
Asat_OT3098_v2_chr1A	246000000	248000000	2000000	8274	0.004137
Asat_OT3098_v2_chr1A	248000000	250000000	2000000	0	0.000000
Asat_OT3098_v2_chr1A	250000000	252000000	2000000	0	0.000000
Asat_OT3098_v2_chr1A	252000000	254000000	2000000	13645	0.006822
Asat_OT3098_v2_chr1A	254000000	256000000	2000000	0	0.000000
Asat_OT3098_v2_chr1A	256000000	258000000	2000000	8724	0.004362
Asat_OT3098_v2_chr1A	258000000	260000000	2000000	7892	0.003946
Asat_OT3098_v2_chr1A	260000000	262000000	2000000	2734	0.001367
Asat_OT3098_v2_chr1A	262000000	264000000	2000000	3907	0.001953
Asat_OT3098_v2_chr1A	264000000	266000000	2000000	0	0.000000
Asat_OT3098_v2_chr1A	266000000	268000000	2000000	4451	0.002226
Asat_OT3098_v2_chr1A	268000000	270000000	2000000	0	0.000000
Asat_OT3098_v2_chr1A	270000000	272000000	2000000	0	0.000000
Asat_OT3098_v2_chr1A	272000000	274000000	2000000	0	0.000000
Asat_OT3098_v2_chr1A	274000000	276000000	2000000	8252	0.004126
Asat_OT3098_v2_chr1A	276000000	278000000	2000000	0	0.000000
Asat_OT3098_v2_chr1A	278000000	280000000	2000000	1973	0.000986
Asat_OT3098_v2_chr1A	280000000	282000000	2000000	16649	0.008325
Asat_OT3098_v2_chr1A	282000000	284000000	2000000	0	0.000000
Asat_OT3098_v2_chr1A	284000000	286000000	2000000	0	0.000000
Asat_OT3098_v2_chr1A	286000000	288000000	2000000	8752	0.004376
Asat_OT3098_v2_chr1A	288000000	290000000	2000000	6351	0.003175
Asat_OT3098_v2_chr1A	290000000	292000000	2000000	0	0.000000
Asat_OT3098_v2_chr1A	292000000	294000000	2000000	0	0.000000
Asat_OT3098_v2_chr1A	294000000	296000000	2000000	7329	0.003664
Asat_OT3098_v2_chr1A	296000000	298000000	2000000	0	0.000000
Asat_OT3098_v2_chr1A	298000000	300000000	2000000	1068	0.000534
Asat_OT3098_v2_chr1A	300000000	302000000	2000000	0	0.000000
Asat_OT3098_v2_chr1A	302000000	304000000	2000000	16835	0.008417
Asat_OT3098_v2_chr1A	304000000	306000000	2000000	1087	0.000544
Asat_OT3098_v2_chr1A	306000000	308000000	2000000	0	0.000000
Asat_OT3098_v2_chr1A	308000000	310000000	2000000	0	0.000000
Asat_OT3098_v2_chr1A	310000000	312000000	2000000	0	0.000000
Asat_OT3098_v2_chr1A	312000000	314000000	2000000	0	0.000000
Asat_OT3098_v2_chr1A	314000000	316000000	2000000	0	0.000000
Asat_OT3098_v2_chr1A	316000000	318000000	2000000	8324	0.004162
Asat_OT3098_v2_chr1A	318000000	320000000	2000000	0	0.000000
Asat_OT3098_v2_chr1A	320000000	322000000	2000000	0	0.000000
Asat_OT3098_v2_chr1A	322000000	324000000	2000000	32978	0.016489
Asat_OT3098_v2_chr1A	324000000	326000000	2000000	0	0.000000
Asat_OT3098_v2_chr1A	326000000	328000000	2000000	0	0.000000
Asat_OT3098_v2_chr1A	328000000	330000000	2000000	1752	0.000876
Asat_OT3098_v2_chr1A	330000000	332000000	2000000	0	0.000000
Asat_OT3098_v2_chr1A	332000000	334000000	2000000	17430	0.008715
Asat_OT3098_v2_chr1A	334000000	336000000	2000000	0	0.000000
Asat_OT3098_v2_chr1A	336000000	338000000	2000000	6085	0.003043
Asat_OT3098_v2_chr1A	338000000	340000000	2000000	0	0.000000
Asat_OT3098_v2_chr1A	340000000	342000000	2000000	0	0.000000
Asat_OT3098_v2_chr1A	342000000	344000000	2000000	8314	0.004157
Asat_OT3098_v2_chr1A	344000000	346000000	2000000	5852	0.002926
Asat_OT3098_v2_chr1A	346000000	348000000	2000000	8283	0.004142
Asat_OT3098_v2_chr1A	348000000	350000000	2000000	0	0.000000
Asat_OT3098_v2_chr1A	350000000	352000000	2000000	0	0.000000
Asat_OT3098_v2_chr1A	352000000	354000000	2000000	0	0.000000
Asat_OT3098_v2_chr1A	354000000	356000000	2000000	0	0.000000
Asat_OT3098_v2_chr1A	356000000	358000000	2000000	0	0.000000
Asat_OT3098_v2_chr1A	358000000	360000000	2000000	8428	0.004214
Asat_OT3098_v2_chr1A	360000000	362000000	2000000	0	0.000000
Asat_OT3098_v2_chr1A	362000000	364000000	2000000	2878	0.001439
Asat_OT3098_v2_chr1A	364000000	366000000	2000000	0	0.000000
Asat_OT3098_v2_chr1A	366000000	368000000	2000000	8673	0.004337
Asat_OT3098_v2_chr1A	368000000	370000000	2000000	8776	0.004388
Asat_OT3098_v2_chr1A	370000000	372000000	2000000	0	0.000000
Asat_OT3098_v2_chr1A	372000000	374000000	2000000	3561	0.001780
Asat_OT3098_v2_chr1A	374000000	376000000	2000000	0	0.000000
Asat_OT3098_v2_chr1A	376000000	378000000	2000000	0	0.000000
Asat_OT3098_v2_chr1A	378000000	380000000	2000000	0	0.000000
Asat_OT3098_v2_chr1A	380000000	382000000	2000000	0	0.000000
Asat_OT3098_v2_chr1A	382000000	384000000	2000000	0	0.000000
Asat_OT3098_v2_chr1A	384000000	386000000	2000000	2373	0.001187
Asat_OT3098_v2_chr1A	386000000	388000000	2000000	8122	0.004061
Asat_OT3098_v2_chr1A	388000000	390000000	2000000	0	0.000000
Asat_OT3098_v2_chr1A	390000000	392000000	2000000	21334	0.010667
Asat_OT3098_v2_chr1A	392000000	394000000	2000000	0	0.000000
Asat_OT3098_v2_chr1A	394000000	396000000	2000000	0	0.000000
Asat_OT3098_v2_chr1A	396000000	398000000	2000000	0	0.000000
Asat_OT3098_v2_chr1A	398000000	400000000	2000000	0	0.000000
Asat_OT3098_v2_chr1A	400000000	402000000	2000000	0	0.000000
Asat_OT3098_v2_chr1A	402000000	404000000	2000000	0	0.000000
Asat_OT3098_v2_chr1A	404000000	406000000	2000000	8700	0.004350
Asat_OT3098_v2_chr1A	406000000	408000000	2000000	17056	0.008528
Asat_OT3098_v2_chr1A	408000000	410000000	2000000	1674	0.000837
Asat_OT3098_v2_chr1A	410000000	412000000	2000000	0	0.000000
Asat_OT3098_v2_chr1A	412000000	414000000	2000000	0	0.000000
Asat_OT3098_v2_chr1A	414000000	416000000	2000000	0	0.000000
Asat_OT3098_v2_chr1A	416000000	418000000	2000000	0	0.000000
Asat_OT3098_v2_chr1A	418000000	420000000	2000000	0	0.000000
Asat_OT3098_v2_chr1A	420000000	422000000	2000000	0	0.000000
Asat_OT3098_v2_chr1A	422000000	424000000	2000000	0	0.000000
Asat_OT3098_v2_chr1A	424000000	426000000	2000000	0	0.000000
Asat_OT3098_v2_chr1A	426000000	428000000	2000000	0	0.000000
Asat_OT3098_v2_chr1A	428000000	430000000	2000000	0	0.000000
Asat_OT3098_v2_chr1A	430000000	432000000	2000000	0	0.000000
Asat_OT3098_v2_chr1A	432000000	434000000	2000000	6886	0.003443
Asat_OT3098_v2_chr1A	434000000	436000000	2000000	5824	0.002912
Asat_OT3098_v2_chr1A	436000000	438000000	2000000	4007	0.002004
Asat_OT3098_v2_chr1A	438000000	440000000	2000000	3134	0.001567
Asat_OT3098_v2_chr1A	440000000	442000000	2000000	0	0.000000
Asat_OT3098_v2_chr1A	442000000	444000000	2000000	6928	0.003464
Asat_OT3098_v2_chr1A	444000000	446000000	2000000	0	0.000000
Asat_OT3098_v2_chr1A	446000000	448000000	2000000	0	0.000000
Asat_OT3098_v2_chr1A	448000000	450000000	2000000	3773	0.001886
Asat_OT3098_v2_chr1A	450000000	452000000	2000000	6413	0.003207
Asat_OT3098_v2_chr1A	452000000	454000000	2000000	8715	0.004358
Asat_OT3098_v2_chr1A	454000000	456000000	2000000	0	0.000000
Asat_OT3098_v2_chr1A	456000000	458000000	2000000	0	0.000000
Asat_OT3098_v2_chr1A	458000000	460000000	2000000	3517	0.001759
Asat_OT3098_v2_chr1A	460000000	462000000	2000000	0	0.000000
Asat_OT3098_v2_chr1A	462000000	464000000	2000000	0	0.000000
Asat_OT3098_v2_chr1A	464000000	466000000	2000000	0	0.000000
Asat_OT3098_v2_chr1A	466000000	468000000	2000000	0	0.000000
Asat_OT3098_v2_chr1A	468000000	470000000	2000000	0	0.000000
Asat_OT3098_v2_chr1A	470000000	472000000	2000000	1502	0.000751
Asat_OT3098_v2_chr1A	472000000	474000000	2000000	6261	0.003131
Asat_OT3098_v2_chr1A	474000000	476000000	2000000	6350	0.003175
Asat_OT3098_v2_chr1A	476000000	478000000	2000000	14044	0.007022
Asat_OT3098_v2_chr1A	478000000	480000000	2000000	0	0.000000
Asat_OT3098_v2_chr1A	480000000	482000000	2000000	0	0.000000
Asat_OT3098_v2_chr1A	482000000	484000000	2000000	0	0.000000
Asat_OT3098_v2_chr1A	484000000	486000000	2000000	14180	0.007090
Asat_OT3098_v2_chr1A	486000000	488000000	2000000	0	0.000000
Asat_OT3098_v2_chr1A	488000000	490000000	2000000	7780	0.003890
Asat_OT3098_v2_chr1A	490000000	492000000	2000000	0	0.000000
Asat_OT3098_v2_chr1A	492000000	494000000	2000000	0	0.000000
Asat_OT3098_v2_chr1A	494000000	496000000	2000000	0	0.000000
Asat_OT3098_v2_chr1A	496000000	498000000	2000000	0	0.000000
Asat_OT3098_v2_chr1A	498000000	500000000	2000000	0	0.000000
Asat_OT3098_v2_chr1A	500000000	502000000	2000000	6433	0.003217
Asat_OT3098_v2_chr1A	502000000	504000000	2000000	0	0.000000
Asat_OT3098_v2_chr1A	504000000	506000000	2000000	0	0.000000
Asat_OT3098_v2_chr1A	506000000	508000000	2000000	0	0.000000
Asat_OT3098_v2_chr1A	508000000	510000000	2000000	0	0.000000
Asat_OT3098_v2_chr1A	510000000	512000000	2000000	6656	0.003328
Asat_OT3098_v2_chr1A	512000000	514000000	2000000	0	0.000000
Asat_OT3098_v2_chr1A	514000000	516000000	2000000	0	0.000000
Asat_OT3098_v2_chr1A	516000000	518000000	2000000	0	0.000000
Asat_OT3098_v2_chr1A	518000000	520000000	2000000	0	0.000000
Asat_OT3098_v2_chr1A	520000000	522000000	2000000	0	0.000000
Asat_OT3098_v2_chr1A	522000000	524000000	2000000	0	0.000000
Asat_OT3098_v2_chr1A	524000000	526000000	2000000	6327	0.003164
Asat_OT3098_v2_chr1A	526000000	528000000	2000000	0	0.000000
Asat_OT3098_v2_chr1A	528000000	530000000	2000000	0	0.000000
Asat_OT3098_v2_chr1A	530000000	532000000	2000000	0	0.000000
Asat_OT3098_v2_chr1A	532000000	534000000	2000000	8627	0.004313
Asat_OT3098_v2_chr1A	534000000	536000000	2000000	0	0.000000
Asat_OT3098_v2_chr1A	536000000	538000000	2000000	0	0.000000
Asat_OT3098_v2_chr1A	538000000	540000000	2000000	4487	0.002243
Asat_OT3098_v2_chr1A	540000000	540897063	897063	0	0.000000
Asat_OT3098_v2_chr1C	0	2000000	2000000	0	0.000000
Asat_OT3098_v2_chr1C	2000000	4000000	2000000	8468	0.004234
Asat_OT3098_v2_chr1C	4000000	6000000	2000000	0	0.000000
Asat_OT3098_v2_chr1C	6000000	8000000	2000000	0	0.000000
Asat_OT3098_v2_chr1C	8000000	10000000	2000000	0	0.000000
Asat_OT3098_v2_chr1C	10000000	12000000	2000000	0	0.000000
Asat_OT3098_v2_chr1C	12000000	14000000	2000000	0	0.000000
Asat_OT3098_v2_chr1C	14000000	16000000	2000000	1711	0.000856
Asat_OT3098_v2_chr1C	16000000	18000000	2000000	0	0.000000
Asat_OT3098_v2_chr1C	18000000	20000000	2000000	8094	0.004047
Asat_OT3098_v2_chr1C	20000000	22000000	2000000	6859	0.003429
Asat_OT3098_v2_chr1C	22000000	24000000	2000000	0	0.000000
Asat_OT3098_v2_chr1C	24000000	26000000	2000000	0	0.000000
Asat_OT3098_v2_chr1C	26000000	28000000	2000000	0	0.000000
Asat_OT3098_v2_chr1C	28000000	30000000	2000000	0	0.000000
Asat_OT3098_v2_chr1C	30000000	32000000	2000000	3199	0.001600
Asat_OT3098_v2_chr1C	32000000	34000000	2000000	8297	0.004149
Asat_OT3098_v2_chr1C	34000000	36000000	2000000	5139	0.002570
Asat_OT3098_v2_chr1C	36000000	38000000	2000000	0	0.000000
Asat_OT3098_v2_chr1C	38000000	40000000	2000000	0	0.000000
Asat_OT3098_v2_chr1C	40000000	42000000	2000000	0	0.000000
Asat_OT3098_v2_chr1C	42000000	44000000	2000000	0	0.000000
Asat_OT3098_v2_chr1C	44000000	46000000	2000000	3571	0.001785
Asat_OT3098_v2_chr1C	46000000	48000000	2000000	0	0.000000
Asat_OT3098_v2_chr1C	48000000	50000000	2000000	0	0.000000
Asat_OT3098_v2_chr1C	50000000	52000000	2000000	0	0.000000
Asat_OT3098_v2_chr1C	52000000	54000000	2000000	0	0.000000
Asat_OT3098_v2_chr1C	54000000	56000000	2000000	13737	0.006868
Asat_OT3098_v2_chr1C	56000000	58000000	2000000	5221	0.002610
Asat_OT3098_v2_chr1C	58000000	60000000	2000000	0	0.000000
Asat_OT3098_v2_chr1C	60000000	62000000	2000000	0	0.000000
Asat_OT3098_v2_chr1C	62000000	64000000	2000000	0	0.000000
Asat_OT3098_v2_chr1C	64000000	66000000	2000000	0	0.000000
Asat_OT3098_v2_chr1C	66000000	68000000	2000000	0	0.000000
Asat_OT3098_v2_chr1C	68000000	70000000	2000000	0	0.000000
Asat_OT3098_v2_chr1C	70000000	72000000	2000000	3780	0.001890
Asat_OT3098_v2_chr1C	72000000	74000000	2000000	0	0.000000
Asat_OT3098_v2_chr1C	74000000	76000000	2000000	8577	0.004288
Asat_OT3098_v2_chr1C	76000000	78000000	2000000	0	0.000000
Asat_OT3098_v2_chr1C	78000000	80000000	2000000	0	0.000000
Asat_OT3098_v2_chr1C	80000000	82000000	2000000	0	0.000000
Asat_OT3098_v2_chr1C	82000000	84000000	2000000	0	0.000000
Asat_OT3098_v2_chr1C	84000000	86000000	2000000	0	0.000000
Asat_OT3098_v2_chr1C	86000000	88000000	2000000	0	0.000000
Asat_OT3098_v2_chr1C	88000000	90000000	2000000	0	0.000000
Asat_OT3098_v2_chr1C	90000000	92000000	2000000	0	0.000000
Asat_OT3098_v2_chr1C	92000000	94000000	2000000	0	0.000000
Asat_OT3098_v2_chr1C	94000000	96000000	2000000	0	0.000000
Asat_OT3098_v2_chr1C	96000000	98000000	2000000	0	0.000000
Asat_OT3098_v2_chr1C	98000000	100000000	2000000	0	0.000000
Asat_OT3098_v2_chr1C	100000000	102000000	2000000	0	0.000000
Asat_OT3098_v2_chr1C	102000000	104000000	2000000	0	0.000000
Asat_OT3098_v2_chr1C	104000000	106000000	2000000	0	0.000000
Asat_OT3098_v2_chr1C	106000000	108000000	2000000	0	0.000000
Asat_OT3098_v2_chr1C	108000000	110000000	2000000	0	0.000000
Asat_OT3098_v2_chr1C	110000000	112000000	2000000	0	0.000000
Asat_OT3098_v2_chr1C	112000000	114000000	2000000	0	0.000000
Asat_OT3098_v2_chr1C	114000000	116000000	2000000	0	0.000000
Asat_OT3098_v2_chr1C	116000000	118000000	2000000	0	0.000000
Asat_OT3098_v2_chr1C	118000000	120000000	2000000	0	0.000000
Asat_OT3098_v2_chr1C	120000000	122000000	2000000	0	0.000000
Asat_OT3098_v2_chr1C	122000000	124000000	2000000	0	0.000000
Asat_OT3098_v2_chr1C	124000000	126000000	2000000	0	0.000000
Asat_OT3098_v2_chr1C	126000000	128000000	2000000	0	0.000000
Asat_OT3098_v2_chr1C	128000000	130000000	2000000	0	0.000000
Asat_OT3098_v2_chr1C	130000000	132000000	2000000	0	0.000000
Asat_OT3098_v2_chr1C	132000000	134000000	2000000	0	0.000000
Asat_OT3098_v2_chr1C	134000000	136000000	2000000	0	0.000000
Asat_OT3098_v2_chr1C	136000000	138000000	2000000	0	0.000000
Asat_OT3098_v2_chr1C	138000000	140000000	2000000	0	0.000000
Asat_OT3098_v2_chr1C	140000000	142000000	2000000	0	0.000000
Asat_OT3098_v2_chr1C	142000000	144000000	2000000	0	0.000000
Asat_OT3098_v2_chr1C	144000000	146000000	2000000	0	0.000000
Asat_OT3098_v2_chr1C	146000000	148000000	2000000	8448	0.004224
Asat_OT3098_v2_chr1C	148000000	150000000	2000000	0	0.000000
Asat_OT3098_v2_chr1C	150000000	152000000	2000000	0	0.000000
Asat_OT3098_v2_chr1C	152000000	154000000	2000000	0	0.000000
Asat_OT3098_v2_chr1C	154000000	156000000	2000000	0	0.000000
Asat_OT3098_v2_chr1C	156000000	158000000	2000000	0	0.000000
Asat_OT3098_v2_chr1C	158000000	160000000	2000000	0	0.000000
Asat_OT3098_v2_chr1C	160000000	162000000	2000000	0	0.000000
Asat_OT3098_v2_chr1C	162000000	164000000	2000000	0	0.000000
Asat_OT3098_v2_chr1C	164000000	166000000	2000000	8611	0.004306
Asat_OT3098_v2_chr1C	166000000	168000000	2000000	0	0.000000
Asat_OT3098_v2_chr1C	168000000	170000000	2000000	0	0.000000
Asat_OT3098_v2_chr1C	170000000	172000000	2000000	8198	0.004099
Asat_OT3098_v2_chr1C	172000000	174000000	2000000	0	0.000000
Asat_OT3098_v2_chr1C	174000000	176000000	2000000	0	0.000000
Asat_OT3098_v2_chr1C	176000000	178000000	2000000	0	0.000000
Asat_OT3098_v2_chr1C	178000000	180000000	2000000	0	0.000000
Asat_OT3098_v2_chr1C	180000000	182000000	2000000	0	0.000000
Asat_OT3098_v2_chr1C	182000000	184000000	2000000	0	0.000000
Asat_OT3098_v2_chr1C	184000000	186000000	2000000	0	0.000000
Asat_OT3098_v2_chr1C	186000000	188000000	2000000	8456	0.004228
Asat_OT3098_v2_chr1C	188000000	190000000	2000000	0	0.000000
Asat_OT3098_v2_chr1C	190000000	192000000	2000000	0	0.000000
Asat_OT3098_v2_chr1C	192000000	194000000	2000000	0	0.000000
Asat_OT3098_v2_chr1C	194000000	196000000	2000000	0	0.000000
Asat_OT3098_v2_chr1C	196000000	198000000	2000000	0	0.000000
Asat_OT3098_v2_chr1C	198000000	200000000	2000000	0	0.000000
Asat_OT3098_v2_chr1C	200000000	202000000	2000000	0	0.000000
Asat_OT3098_v2_chr1C	202000000	204000000	2000000	10018	0.005009
Asat_OT3098_v2_chr1C	204000000	206000000	2000000	0	0.000000
Asat_OT3098_v2_chr1C	206000000	208000000	2000000	0	0.000000
Asat_OT3098_v2_chr1C	208000000	210000000	2000000	14548	0.007274
Asat_OT3098_v2_chr1C	210000000	212000000	2000000	0	0.000000
Asat_OT3098_v2_chr1C	212000000	214000000	2000000	0	0.000000
Asat_OT3098_v2_chr1C	214000000	216000000	2000000	0	0.000000
Asat_OT3098_v2_chr1C	216000000	218000000	2000000	6343	0.003171
Asat_OT3098_v2_chr1C	218000000	220000000	2000000	0	0.000000
Asat_OT3098_v2_chr1C	220000000	222000000	2000000	6979	0.003489
Asat_OT3098_v2_chr1C	222000000	224000000	2000000	120556	0.060278
Asat_OT3098_v2_chr1C	224000000	226000000	2000000	159632	0.079816
Asat_OT3098_v2_chr1C	226000000	228000000	2000000	36990	0.018495
Asat_OT3098_v2_chr1C	228000000	230000000	2000000	181912	0.090956
Asat_OT3098_v2_chr1C	230000000	232000000	2000000	340807	0.170404
Asat_OT3098_v2_chr1C	232000000	234000000	2000000	326122	0.163061
Asat_OT3098_v2_chr1C	234000000	236000000	2000000	222327	0.111163
Asat_OT3098_v2_chr1C	236000000	238000000	2000000	212008	0.106004
Asat_OT3098_v2_chr1C	238000000	240000000	2000000	228917	0.114459
Asat_OT3098_v2_chr1C	240000000	242000000	2000000	151955	0.075978
Asat_OT3098_v2_chr1C	242000000	244000000	2000000	19010	0.009505
Asat_OT3098_v2_chr1C	244000000	246000000	2000000	17535	0.008767
Asat_OT3098_v2_chr1C	246000000	248000000	2000000	0	0.000000
Asat_OT3098_v2_chr1C	248000000	250000000	2000000	7393	0.003697
Asat_OT3098_v2_chr1C	250000000	252000000	2000000	6305	0.003152
Asat_OT3098_v2_chr1C	252000000	254000000	2000000	7378	0.003689
Asat_OT3098_v2_chr1C	254000000	256000000	2000000	0	0.000000
Asat_OT3098_v2_chr1C	256000000	258000000	2000000	0	0.000000
Asat_OT3098_v2_chr1C	258000000	260000000	2000000	14594	0.007297
Asat_OT3098_v2_chr1C	260000000	262000000	2000000	22855	0.011428
Asat_OT3098_v2_chr1C	262000000	264000000	2000000	70821	0.035410
Asat_OT3098_v2_chr1C	264000000	266000000	2000000	78948	0.039474
Asat_OT3098_v2_chr1C	266000000	268000000	2000000	15043	0.007522
Asat_OT3098_v2_chr1C	268000000	270000000	2000000	52352	0.026176
Asat_OT3098_v2_chr1C	270000000	272000000	2000000	226797	0.113398
Asat_OT3098_v2_chr1C	272000000	274000000	2000000	218836	0.109418
Asat_OT3098_v2_chr1C	274000000	276000000	2000000	178771	0.089386
Asat_OT3098_v2_chr1C	276000000	278000000	2000000	73661	0.036831
Asat_OT3098_v2_chr1C	278000000	280000000	2000000	53467	0.026734
Asat_OT3098_v2_chr1C	280000000	282000000	2000000	0	0.000000
Asat_OT3098_v2_chr1C	282000000	284000000	2000000	17757	0.008878
Asat_OT3098_v2_chr1C	284000000	286000000	2000000	13104	0.006552
Asat_OT3098_v2_chr1C	286000000	288000000	2000000	51365	0.025683
Asat_OT3098_v2_chr1C	288000000	290000000	2000000	94881	0.047440
Asat_OT3098_v2_chr1C	290000000	292000000	2000000	39731	0.019866
Asat_OT3098_v2_chr1C	292000000	294000000	2000000	39352	0.019676
Asat_OT3098_v2_chr1C	294000000	296000000	2000000	29356	0.014678
Asat_OT3098_v2_chr1C	296000000	298000000	2000000	17316	0.008658
Asat_OT3098_v2_chr1C	298000000	300000000	2000000	0	0.000000
Asat_OT3098_v2_chr1C	300000000	302000000	2000000	14108	0.007054
Asat_OT3098_v2_chr1C	302000000	304000000	2000000	11757	0.005879
Asat_OT3098_v2_chr1C	304000000	306000000	2000000	1431	0.000715
Asat_OT3098_v2_chr1C	306000000	308000000	2000000	6571	0.003285
Asat_OT3098_v2_chr1C	308000000	310000000	2000000	8644	0.004322
Asat_OT3098_v2_chr1C	310000000	312000000	2000000	0	0.000000
Asat_OT3098_v2_chr1C	312000000	314000000	2000000	0	0.000000
Asat_OT3098_v2_chr1C	314000000	316000000	2000000	0	0.000000
Asat_OT3098_v2_chr1C	316000000	318000000	2000000	11990	0.005995
Asat_OT3098_v2_chr1C	318000000	320000000	2000000	0	0.000000
Asat_OT3098_v2_chr1C	320000000	322000000	2000000	0	0.000000
Asat_OT3098_v2_chr1C	322000000	324000000	2000000	0	0.000000
Asat_OT3098_v2_chr1C	324000000	326000000	2000000	4289	0.002145
Asat_OT3098_v2_chr1C	326000000	328000000	2000000	11628	0.005814
Asat_OT3098_v2_chr1C	328000000	330000000	2000000	6286	0.003143
Asat_OT3098_v2_chr1C	330000000	332000000	2000000	10580	0.005290
Asat_OT3098_v2_chr1C	332000000	334000000	2000000	0	0.000000
Asat_OT3098_v2_chr1C	334000000	336000000	2000000	0	0.000000
Asat_OT3098_v2_chr1C	336000000	338000000	2000000	7149	0.003574
Asat_OT3098_v2_chr1C	338000000	340000000	2000000	6836	0.003418
Asat_OT3098_v2_chr1C	340000000	342000000	2000000	0	0.000000
Asat_OT3098_v2_chr1C	342000000	344000000	2000000	19749	0.009874
Asat_OT3098_v2_chr1C	344000000	346000000	2000000	5268	0.002634
Asat_OT3098_v2_chr1C	346000000	348000000	2000000	8250	0.004125
Asat_OT3098_v2_chr1C	348000000	350000000	2000000	13793	0.006896
Asat_OT3098_v2_chr1C	350000000	352000000	2000000	0	0.000000
Asat_OT3098_v2_chr1C	352000000	354000000	2000000	0	0.000000
Asat_OT3098_v2_chr1C	354000000	356000000	2000000	0	0.000000
Asat_OT3098_v2_chr1C	356000000	358000000	2000000	1008	0.000504
Asat_OT3098_v2_chr1C	358000000	360000000	2000000	7455	0.003727
Asat_OT3098_v2_chr1C	360000000	362000000	2000000	0	0.000000
Asat_OT3098_v2_chr1C	362000000	364000000	2000000	0	0.000000
Asat_OT3098_v2_chr1C	364000000	366000000	2000000	2660	0.001330
Asat_OT3098_v2_chr1C	366000000	368000000	2000000	0	0.000000
Asat_OT3098_v2_chr1C	368000000	370000000	2000000	12283	0.006142
Asat_OT3098_v2_chr1C	370000000	372000000	2000000	5531	0.002766
Asat_OT3098_v2_chr1C	372000000	374000000	2000000	0	0.000000
Asat_OT3098_v2_chr1C	374000000	376000000	2000000	6341	0.003171
Asat_OT3098_v2_chr1C	376000000	378000000	2000000	0	0.000000
Asat_OT3098_v2_chr1C	378000000	380000000	2000000	6383	0.003191
Asat_OT3098_v2_chr1C	380000000	382000000	2000000	0	0.000000
Asat_OT3098_v2_chr1C	382000000	384000000	2000000	5864	0.002932
Asat_OT3098_v2_chr1C	384000000	386000000	2000000	0	0.000000
Asat_OT3098_v2_chr1C	386000000	388000000	2000000	0	0.000000
Asat_OT3098_v2_chr1C	388000000	390000000	2000000	0	0.000000
Asat_OT3098_v2_chr1C	390000000	392000000	2000000	5962	0.002981
Asat_OT3098_v2_chr1C	392000000	394000000	2000000	0	0.000000
Asat_OT3098_v2_chr1C	394000000	396000000	2000000	7287	0.003644
Asat_OT3098_v2_chr1C	396000000	398000000	2000000	7122	0.003561
Asat_OT3098_v2_chr1C	398000000	400000000	2000000	0	0.000000
Asat_OT3098_v2_chr1C	400000000	402000000	2000000	0	0.000000
Asat_OT3098_v2_chr1C	402000000	404000000	2000000	8954	0.004477
Asat_OT3098_v2_chr1C	404000000	406000000	2000000	8210	0.004105
Asat_OT3098_v2_chr1C	406000000	408000000	2000000	0	0.000000
Asat_OT3098_v2_chr1C	408000000	410000000	2000000	0	0.000000
Asat_OT3098_v2_chr1C	410000000	412000000	2000000	0	0.000000
Asat_OT3098_v2_chr1C	412000000	414000000	2000000	0	0.000000
Asat_OT3098_v2_chr1C	414000000	416000000	2000000	0	0.000000
Asat_OT3098_v2_chr1C	416000000	418000000	2000000	0	0.000000
Asat_OT3098_v2_chr1C	418000000	420000000	2000000	0	0.000000
Asat_OT3098_v2_chr1C	420000000	422000000	2000000	7524	0.003762
Asat_OT3098_v2_chr1C	422000000	424000000	2000000	5964	0.002982
Asat_OT3098_v2_chr1C	424000000	426000000	2000000	4232	0.002116
Asat_OT3098_v2_chr1C	426000000	428000000	2000000	14528	0.007264
Asat_OT3098_v2_chr1C	428000000	430000000	2000000	0	0.000000
Asat_OT3098_v2_chr1C	430000000	432000000	2000000	0	0.000000
Asat_OT3098_v2_chr1C	432000000	434000000	2000000	0	0.000000
Asat_OT3098_v2_chr1C	434000000	436000000	2000000	0	0.000000
Asat_OT3098_v2_chr1C	436000000	438000000	2000000	0	0.000000
Asat_OT3098_v2_chr1C	438000000	440000000	2000000	6354	0.003177
Asat_OT3098_v2_chr1C	440000000	442000000	2000000	8570	0.004285
Asat_OT3098_v2_chr1C	442000000	444000000	2000000	0	0.000000
Asat_OT3098_v2_chr1C	444000000	446000000	2000000	4704	0.002352
Asat_OT3098_v2_chr1C	446000000	448000000	2000000	1028	0.000514
Asat_OT3098_v2_chr1C	448000000	450000000	2000000	8687	0.004344
Asat_OT3098_v2_chr1C	450000000	452000000	2000000	0	0.000000
Asat_OT3098_v2_chr1C	452000000	454000000	2000000	0	0.000000
Asat_OT3098_v2_chr1C	454000000	456000000	2000000	0	0.000000
Asat_OT3098_v2_chr1C	456000000	458000000	2000000	0	0.000000
Asat_OT3098_v2_chr1C	458000000	460000000	2000000	0	0.000000
Asat_OT3098_v2_chr1C	460000000	462000000	2000000	0	0.000000
Asat_OT3098_v2_chr1C	462000000	462796039	796039	8340	0.010477
Asat_OT3098_v2_chr1D	0	2000000	2000000	7376	0.003688
Asat_OT3098_v2_chr1D	2000000	4000000	2000000	0	0.000000
Asat_OT3098_v2_chr1D	4000000	6000000	2000000	0	0.000000
Asat_OT3098_v2_chr1D	6000000	8000000	2000000	7127	0.003563
Asat_OT3098_v2_chr1D	8000000	10000000	2000000	8719	0.004359
Asat_OT3098_v2_chr1D	10000000	12000000	2000000	0	0.000000
Asat_OT3098_v2_chr1D	12000000	14000000	2000000	0	0.000000
Asat_OT3098_v2_chr1D	14000000	16000000	2000000	0	0.000000
Asat_OT3098_v2_chr1D	16000000	18000000	2000000	8675	0.004338
Asat_OT3098_v2_chr1D	18000000	20000000	2000000	0	0.000000
Asat_OT3098_v2_chr1D	20000000	22000000	2000000	7761	0.003880
Asat_OT3098_v2_chr1D	22000000	24000000	2000000	0	0.000000
Asat_OT3098_v2_chr1D	24000000	26000000	2000000	1055	0.000527
Asat_OT3098_v2_chr1D	26000000	28000000	2000000	0	0.000000
Asat_OT3098_v2_chr1D	28000000	30000000	2000000	0	0.000000
Asat_OT3098_v2_chr1D	30000000	32000000	2000000	0	0.000000
Asat_OT3098_v2_chr1D	32000000	34000000	2000000	7777	0.003889
Asat_OT3098_v2_chr1D	34000000	36000000	2000000	8742	0.004371
Asat_OT3098_v2_chr1D	36000000	38000000	2000000	0	0.000000
Asat_OT3098_v2_chr1D	38000000	40000000	2000000	0	0.000000
Asat_OT3098_v2_chr1D	40000000	42000000	2000000	0	0.000000
Asat_OT3098_v2_chr1D	42000000	44000000	2000000	0	0.000000
Asat_OT3098_v2_chr1D	44000000	46000000	2000000	0	0.000000
Asat_OT3098_v2_chr1D	46000000	48000000	2000000	0	0.000000
Asat_OT3098_v2_chr1D	48000000	50000000	2000000	0	0.000000
Asat_OT3098_v2_chr1D	50000000	52000000	2000000	0	0.000000
Asat_OT3098_v2_chr1D	52000000	54000000	2000000	0	0.000000
Asat_OT3098_v2_chr1D	54000000	56000000	2000000	0	0.000000
Asat_OT3098_v2_chr1D	56000000	58000000	2000000	0	0.000000
Asat_OT3098_v2_chr1D	58000000	60000000	2000000	0	0.000000
Asat_OT3098_v2_chr1D	60000000	62000000	2000000	0	0.000000
Asat_OT3098_v2_chr1D	62000000	64000000	2000000	0	0.000000
Asat_OT3098_v2_chr1D	64000000	66000000	2000000	0	0.000000
Asat_OT3098_v2_chr1D	66000000	68000000	2000000	0	0.000000
Asat_OT3098_v2_chr1D	68000000	70000000	2000000	0	0.000000
Asat_OT3098_v2_chr1D	70000000	72000000	2000000	0	0.000000
Asat_OT3098_v2_chr1D	72000000	74000000	2000000	0	0.000000
Asat_OT3098_v2_chr1D	74000000	76000000	2000000	2015	0.001007
Asat_OT3098_v2_chr1D	76000000	78000000	2000000	0	0.000000
Asat_OT3098_v2_chr1D	78000000	80000000	2000000	8567	0.004283
Asat_OT3098_v2_chr1D	80000000	82000000	2000000	0	0.000000
Asat_OT3098_v2_chr1D	82000000	84000000	2000000	0	0.000000
Asat_OT3098_v2_chr1D	84000000	86000000	2000000	0	0.000000
Asat_OT3098_v2_chr1D	86000000	88000000	2000000	0	0.000000
Asat_OT3098_v2_chr1D	88000000	90000000	2000000	0	0.000000
Asat_OT3098_v2_chr1D	90000000	92000000	2000000	0	0.000000
Asat_OT3098_v2_chr1D	92000000	94000000	2000000	0	0.000000
Asat_OT3098_v2_chr1D	94000000	96000000	2000000	0	0.000000
Asat_OT3098_v2_chr1D	96000000	98000000	2000000	0	0.000000
Asat_OT3098_v2_chr1D	98000000	100000000	2000000	0	0.000000
Asat_OT3098_v2_chr1D	100000000	102000000	2000000	8357	0.004178
Asat_OT3098_v2_chr1D	102000000	104000000	2000000	3038	0.001519
Asat_OT3098_v2_chr1D	104000000	106000000	2000000	0	0.000000
Asat_OT3098_v2_chr1D	106000000	108000000	2000000	15992	0.007996
Asat_OT3098_v2_chr1D	108000000	110000000	2000000	0	0.000000
Asat_OT3098_v2_chr1D	110000000	112000000	2000000	0	0.000000
Asat_OT3098_v2_chr1D	112000000	114000000	2000000	0	0.000000
Asat_OT3098_v2_chr1D	114000000	116000000	2000000	31921	0.015960
Asat_OT3098_v2_chr1D	116000000	118000000	2000000	1898	0.000949
Asat_OT3098_v2_chr1D	118000000	120000000	2000000	8222	0.004111
Asat_OT3098_v2_chr1D	120000000	122000000	2000000	11773	0.005887
Asat_OT3098_v2_chr1D	122000000	124000000	2000000	12494	0.006247
Asat_OT3098_v2_chr1D	124000000	126000000	2000000	0	0.000000
Asat_OT3098_v2_chr1D	126000000	128000000	2000000	16622	0.008311
Asat_OT3098_v2_chr1D	128000000	130000000	2000000	8554	0.004277
Asat_OT3098_v2_chr1D	130000000	132000000	2000000	0	0.000000
Asat_OT3098_v2_chr1D	132000000	134000000	2000000	8579	0.004289
Asat_OT3098_v2_chr1D	134000000	136000000	2000000	16792	0.008396
Asat_OT3098_v2_chr1D	136000000	138000000	2000000	14577	0.007288
Asat_OT3098_v2_chr1D	138000000	140000000	2000000	62026	0.031013
Asat_OT3098_v2_chr1D	140000000	142000000	2000000	50146	0.025073
Asat_OT3098_v2_chr1D	142000000	144000000	2000000	139122	0.069561
Asat_OT3098_v2_chr1D	144000000	146000000	2000000	396828	0.198414
Asat_OT3098_v2_chr1D	146000000	148000000	2000000	739843	0.369922
Asat_OT3098_v2_chr1D	148000000	150000000	2000000	553236	0.276618
Asat_OT3098_v2_chr1D	150000000	152000000	2000000	112219	0.056109
Asat_OT3098_v2_chr1D	152000000	154000000	2000000	27715	0.013858
Asat_OT3098_v2_chr1D	154000000	156000000	2000000	65182	0.032591
Asat_OT3098_v2_chr1D	156000000	158000000	2000000	21902	0.010951
Asat_OT3098_v2_chr1D	158000000	160000000	2000000	1699	0.000849
Asat_OT3098_v2_chr1D	160000000	162000000	2000000	0	0.000000
Asat_OT3098_v2_chr1D	162000000	164000000	2000000	12500	0.006250
Asat_OT3098_v2_chr1D	164000000	166000000	2000000	0	0.000000
Asat_OT3098_v2_chr1D	166000000	168000000	2000000	17395	0.008698
Asat_OT3098_v2_chr1D	168000000	170000000	2000000	0	0.000000
Asat_OT3098_v2_chr1D	170000000	172000000	2000000	17018	0.008509
Asat_OT3098_v2_chr1D	172000000	174000000	2000000	8579	0.004289
Asat_OT3098_v2_chr1D	174000000	176000000	2000000	0	0.000000
Asat_OT3098_v2_chr1D	176000000	178000000	2000000	5944	0.002972
Asat_OT3098_v2_chr1D	178000000	180000000	2000000	0	0.000000
Asat_OT3098_v2_chr1D	180000000	182000000	2000000	0	0.000000
Asat_OT3098_v2_chr1D	182000000	184000000	2000000	0	0.000000
Asat_OT3098_v2_chr1D	184000000	186000000	2000000	5492	0.002746
Asat_OT3098_v2_chr1D	186000000	188000000	2000000	3755	0.001878
Asat_OT3098_v2_chr1D	188000000	190000000	2000000	4506	0.002253
Asat_OT3098_v2_chr1D	190000000	192000000	2000000	0	0.000000
Asat_OT3098_v2_chr1D	192000000	194000000	2000000	3144	0.001572
Asat_OT3098_v2_chr1D	194000000	196000000	2000000	0	0.000000
Asat_OT3098_v2_chr1D	196000000	198000000	2000000	6853	0.003426
Asat_OT3098_v2_chr1D	198000000	200000000	2000000	0	0.000000
Asat_OT3098_v2_chr1D	200000000	202000000	2000000	0	0.000000
Asat_OT3098_v2_chr1D	202000000	204000000	2000000	8615	0.004307
Asat_OT3098_v2_chr1D	204000000	206000000	2000000	0	0.000000
Asat_OT3098_v2_chr1D	206000000	208000000	2000000	8251	0.004125
Asat_OT3098_v2_chr1D	208000000	210000000	2000000	0	0.000000
Asat_OT3098_v2_chr1D	210000000	212000000	2000000	0	0.000000
Asat_OT3098_v2_chr1D	212000000	214000000	2000000	0	0.000000
Asat_OT3098_v2_chr1D	214000000	216000000	2000000	3369	0.001685
Asat_OT3098_v2_chr1D	216000000	218000000	2000000	0	0.000000
Asat_OT3098_v2_chr1D	218000000	220000000	2000000	8318	0.004159
Asat_OT3098_v2_chr1D	220000000	222000000	2000000	0	0.000000
Asat_OT3098_v2_chr1D	222000000	224000000	2000000	0	0.000000
Asat_OT3098_v2_chr1D	224000000	226000000	2000000	0	0.000000
Asat_OT3098_v2_chr1D	226000000	228000000	2000000	0	0.000000
Asat_OT3098_v2_chr1D	228000000	230000000	2000000	0	0.000000
Asat_OT3098_v2_chr1D	230000000	232000000	2000000	0	0.000000
Asat_OT3098_v2_chr1D	232000000	234000000	2000000	0	0.000000
Asat_OT3098_v2_chr1D	234000000	236000000	2000000	0	0.000000
Asat_OT3098_v2_chr1D	236000000	238000000	2000000	0	0.000000
Asat_OT3098_v2_chr1D	238000000	240000000	2000000	6767	0.003383
Asat_OT3098_v2_chr1D	240000000	242000000	2000000	0	0.000000
Asat_OT3098_v2_chr1D	242000000	244000000	2000000	0	0.000000
Asat_OT3098_v2_chr1D	244000000	246000000	2000000	6340	0.003170
Asat_OT3098_v2_chr1D	246000000	248000000	2000000	0	0.000000
Asat_OT3098_v2_chr1D	248000000	250000000	2000000	0	0.000000
Asat_OT3098_v2_chr1D	250000000	252000000	2000000	0	0.000000
Asat_OT3098_v2_chr1D	252000000	254000000	2000000	13573	0.006786
Asat_OT3098_v2_chr1D	254000000	256000000	2000000	4628	0.002314
Asat_OT3098_v2_chr1D	256000000	258000000	2000000	0	0.000000
Asat_OT3098_v2_chr1D	258000000	260000000	2000000	4450	0.002225
Asat_OT3098_v2_chr1D	260000000	262000000	2000000	0	0.000000
Asat_OT3098_v2_chr1D	262000000	264000000	2000000	0	0.000000
Asat_OT3098_v2_chr1D	264000000	266000000	2000000	0	0.000000
Asat_OT3098_v2_chr1D	266000000	268000000	2000000	0	0.000000
Asat_OT3098_v2_chr1D	268000000	270000000	2000000	0	0.000000
Asat_OT3098_v2_chr1D	270000000	272000000	2000000	0	0.000000
Asat_OT3098_v2_chr1D	272000000	274000000	2000000	8304	0.004152
Asat_OT3098_v2_chr1D	274000000	276000000	2000000	8718	0.004359
Asat_OT3098_v2_chr1D	276000000	278000000	2000000	8301	0.004150
Asat_OT3098_v2_chr1D	278000000	280000000	2000000	0	0.000000
Asat_OT3098_v2_chr1D	280000000	282000000	2000000	8322	0.004161
Asat_OT3098_v2_chr1D	282000000	284000000	2000000	0	0.000000
Asat_OT3098_v2_chr1D	284000000	286000000	2000000	0	0.000000
Asat_OT3098_v2_chr1D	286000000	288000000	2000000	6579	0.003289
Asat_OT3098_v2_chr1D	288000000	290000000	2000000	0	0.000000
Asat_OT3098_v2_chr1D	290000000	292000000	2000000	0	0.000000
Asat_OT3098_v2_chr1D	292000000	294000000	2000000	0	0.000000
Asat_OT3098_v2_chr1D	294000000	296000000	2000000	0	0.000000
Asat_OT3098_v2_chr1D	296000000	298000000	2000000	0	0.000000
Asat_OT3098_v2_chr1D	298000000	300000000	2000000	8791	0.004396
Asat_OT3098_v2_chr1D	300000000	302000000	2000000	0	0.000000
Asat_OT3098_v2_chr1D	302000000	304000000	2000000	0	0.000000
Asat_OT3098_v2_chr1D	304000000	306000000	2000000	0	0.000000
Asat_OT3098_v2_chr1D	306000000	308000000	2000000	0	0.000000
Asat_OT3098_v2_chr1D	308000000	310000000	2000000	0	0.000000
Asat_OT3098_v2_chr1D	310000000	312000000	2000000	16886	0.008443
Asat_OT3098_v2_chr1D	312000000	314000000	2000000	0	0.000000
Asat_OT3098_v2_chr1D	314000000	316000000	2000000	8045	0.004023
Asat_OT3098_v2_chr1D	316000000	318000000	2000000	0	0.000000
Asat_OT3098_v2_chr1D	318000000	320000000	2000000	0	0.000000
Asat_OT3098_v2_chr1D	320000000	322000000	2000000	0	0.000000
Asat_OT3098_v2_chr1D	322000000	324000000	2000000	0	0.000000
Asat_OT3098_v2_chr1D	324000000	326000000	2000000	0	0.000000
Asat_OT3098_v2_chr1D	326000000	328000000	2000000	17034	0.008517
Asat_OT3098_v2_chr1D	328000000	330000000	2000000	0	0.000000
Asat_OT3098_v2_chr1D	330000000	332000000	2000000	6019	0.003010
Asat_OT3098_v2_chr1D	332000000	334000000	2000000	0	0.000000
Asat_OT3098_v2_chr1D	334000000	336000000	2000000	0	0.000000
Asat_OT3098_v2_chr1D	336000000	338000000	2000000	8676	0.004338
Asat_OT3098_v2_chr1D	338000000	340000000	2000000	0	0.000000
Asat_OT3098_v2_chr1D	340000000	342000000	2000000	8322	0.004161
Asat_OT3098_v2_chr1D	342000000	344000000	2000000	8577	0.004288
Asat_OT3098_v2_chr1D	344000000	346000000	2000000	0	0.000000
Asat_OT3098_v2_chr1D	346000000	348000000	2000000	0	0.000000
Asat_OT3098_v2_chr1D	348000000	350000000	2000000	0	0.000000
Asat_OT3098_v2_chr1D	350000000	352000000	2000000	0	0.000000
Asat_OT3098_v2_chr1D	352000000	354000000	2000000	14725	0.007363
Asat_OT3098_v2_chr1D	354000000	356000000	2000000	0	0.000000
Asat_OT3098_v2_chr1D	356000000	358000000	2000000	0	0.000000
Asat_OT3098_v2_chr1D	358000000	360000000	2000000	0	0.000000
Asat_OT3098_v2_chr1D	360000000	362000000	2000000	0	0.000000
Asat_OT3098_v2_chr1D	362000000	364000000	2000000	0	0.000000
Asat_OT3098_v2_chr1D	364000000	366000000	2000000	0	0.000000
Asat_OT3098_v2_chr1D	366000000	368000000	2000000	10348	0.005174
Asat_OT3098_v2_chr1D	368000000	370000000	2000000	0	0.000000
Asat_OT3098_v2_chr1D	370000000	372000000	2000000	0	0.000000
Asat_OT3098_v2_chr1D	372000000	374000000	2000000	8570	0.004285
Asat_OT3098_v2_chr1D	374000000	376000000	2000000	7935	0.003967
Asat_OT3098_v2_chr1D	376000000	378000000	2000000	0	0.000000
Asat_OT3098_v2_chr1D	378000000	380000000	2000000	0	0.000000
Asat_OT3098_v2_chr1D	380000000	382000000	2000000	0	0.000000
Asat_OT3098_v2_chr1D	382000000	384000000	2000000	0	0.000000
Asat_OT3098_v2_chr1D	384000000	386000000	2000000	0	0.000000
Asat_OT3098_v2_chr1D	386000000	388000000	2000000	5948	0.002974
Asat_OT3098_v2_chr1D	388000000	390000000	2000000	0	0.000000
Asat_OT3098_v2_chr1D	390000000	392000000	2000000	0	0.000000
Asat_OT3098_v2_chr1D	392000000	394000000	2000000	0	0.000000
Asat_OT3098_v2_chr1D	394000000	396000000	2000000	0	0.000000
Asat_OT3098_v2_chr1D	396000000	398000000	2000000	0	0.000000
Asat_OT3098_v2_chr1D	398000000	400000000	2000000	0	0.000000
Asat_OT3098_v2_chr1D	400000000	402000000	2000000	6358	0.003179
Asat_OT3098_v2_chr1D	402000000	404000000	2000000	0	0.000000
Asat_OT3098_v2_chr1D	404000000	406000000	2000000	0	0.000000
Asat_OT3098_v2_chr1D	406000000	408000000	2000000	8316	0.004158
Asat_OT3098_v2_chr1D	408000000	410000000	2000000	0	0.000000
Asat_OT3098_v2_chr1D	410000000	412000000	2000000	0	0.000000
Asat_OT3098_v2_chr1D	412000000	414000000	2000000	0	0.000000
Asat_OT3098_v2_chr1D	414000000	416000000	2000000	0	0.000000
Asat_OT3098_v2_chr1D	416000000	418000000	2000000	0	0.000000
Asat_OT3098_v2_chr1D	418000000	420000000	2000000	8487	0.004243
Asat_OT3098_v2_chr1D	420000000	422000000	2000000	0	0.000000
Asat_OT3098_v2_chr1D	422000000	424000000	2000000	0	0.000000
Asat_OT3098_v2_chr1D	424000000	426000000	2000000	0	0.000000
Asat_OT3098_v2_chr1D	426000000	428000000	2000000	7276	0.003638
Asat_OT3098_v2_chr1D	428000000	430000000	2000000	8686	0.004343
Asat_OT3098_v2_chr1D	430000000	432000000	2000000	0	0.000000
Asat_OT3098_v2_chr1D	432000000	434000000	2000000	0	0.000000
Asat_OT3098_v2_chr1D	434000000	436000000	2000000	8294	0.004147
Asat_OT3098_v2_chr1D	436000000	438000000	2000000	8318	0.004159
Asat_OT3098_v2_chr1D	438000000	440000000	2000000	0	0.000000
Asat_OT3098_v2_chr1D	440000000	442000000	2000000	0	0.000000
Asat_OT3098_v2_chr1D	442000000	444000000	2000000	0	0.000000
Asat_OT3098_v2_chr1D	444000000	446000000	2000000	0	0.000000
Asat_OT3098_v2_chr1D	446000000	448000000	2000000	0	0.000000
Asat_OT3098_v2_chr1D	448000000	450000000	2000000	0	0.000000
Asat_OT3098_v2_chr1D	450000000	452000000	2000000	0	0.000000
Asat_OT3098_v2_chr1D	452000000	454000000	2000000	0	0.000000
Asat_OT3098_v2_chr1D	454000000	456000000	2000000	8753	0.004377
Asat_OT3098_v2_chr1D	456000000	458000000	2000000	8407	0.004203
Asat_OT3098_v2_chr1D	458000000	460000000	2000000	8566	0.004283
Asat_OT3098_v2_chr1D	460000000	462000000	2000000	0	0.000000
Asat_OT3098_v2_chr1D	462000000	464000000	2000000	0	0.000000
Asat_OT3098_v2_chr1D	464000000	466000000	2000000	0	0.000000
Asat_OT3098_v2_chr1D	466000000	468000000	2000000	0	0.000000
Asat_OT3098_v2_chr1D	468000000	470000000	2000000	16964	0.008482
Asat_OT3098_v2_chr1D	470000000	472000000	2000000	0	0.000000
Asat_OT3098_v2_chr1D	472000000	474000000	2000000	0	0.000000
Asat_OT3098_v2_chr1D	474000000	476000000	2000000	0	0.000000
Asat_OT3098_v2_chr1D	476000000	478000000	2000000	0	0.000000
Asat_OT3098_v2_chr1D	478000000	480000000	2000000	0	0.000000
Asat_OT3098_v2_chr1D	480000000	482000000	2000000	0	0.000000
Asat_OT3098_v2_chr1D	482000000	484000000	2000000	0	0.000000
Asat_OT3098_v2_chr1D	484000000	484215583	215583	0	0.000000
Asat_OT3098_v2_chr2A	0	2000000	2000000	7282	0.003641
Asat_OT3098_v2_chr2A	2000000	4000000	2000000	0	0.000000
Asat_OT3098_v2_chr2A	4000000	6000000	2000000	0	0.000000
Asat_OT3098_v2_chr2A	6000000	8000000	2000000	15804	0.007902
Asat_OT3098_v2_chr2A	8000000	10000000	2000000	8260	0.004130
Asat_OT3098_v2_chr2A	10000000	12000000	2000000	8302	0.004151
Asat_OT3098_v2_chr2A	12000000	14000000	2000000	8727	0.004364
Asat_OT3098_v2_chr2A	14000000	16000000	2000000	0	0.000000
Asat_OT3098_v2_chr2A	16000000	18000000	2000000	0	0.000000
Asat_OT3098_v2_chr2A	18000000	20000000	2000000	0	0.000000
Asat_OT3098_v2_chr2A	20000000	22000000	2000000	0	0.000000
Asat_OT3098_v2_chr2A	22000000	24000000	2000000	0	0.000000
Asat_OT3098_v2_chr2A	24000000	26000000	2000000	0	0.000000
Asat_OT3098_v2_chr2A	26000000	28000000	2000000	0	0.000000
Asat_OT3098_v2_chr2A	28000000	30000000	2000000	5866	0.002933
Asat_OT3098_v2_chr2A	30000000	32000000	2000000	0	0.000000
Asat_OT3098_v2_chr2A	32000000	34000000	2000000	0	0.000000
Asat_OT3098_v2_chr2A	34000000	36000000	2000000	0	0.000000
Asat_OT3098_v2_chr2A	36000000	38000000	2000000	0	0.000000
Asat_OT3098_v2_chr2A	38000000	40000000	2000000	8318	0.004159
Asat_OT3098_v2_chr2A	40000000	42000000	2000000	0	0.000000
Asat_OT3098_v2_chr2A	42000000	44000000	2000000	0	0.000000
Asat_OT3098_v2_chr2A	44000000	46000000	2000000	0	0.000000
Asat_OT3098_v2_chr2A	46000000	48000000	2000000	8478	0.004239
Asat_OT3098_v2_chr2A	48000000	50000000	2000000	0	0.000000
Asat_OT3098_v2_chr2A	50000000	52000000	2000000	0	0.000000
Asat_OT3098_v2_chr2A	52000000	54000000	2000000	0	0.000000
Asat_OT3098_v2_chr2A	54000000	56000000	2000000	21555	0.010778
Asat_OT3098_v2_chr2A	56000000	58000000	2000000	5965	0.002982
Asat_OT3098_v2_chr2A	58000000	60000000	2000000	0	0.000000
Asat_OT3098_v2_chr2A	60000000	62000000	2000000	6282	0.003141
Asat_OT3098_v2_chr2A	62000000	64000000	2000000	0	0.000000
Asat_OT3098_v2_chr2A	64000000	66000000	2000000	0	0.000000
Asat_OT3098_v2_chr2A	66000000	68000000	2000000	8316	0.004158
Asat_OT3098_v2_chr2A	68000000	70000000	2000000	0	0.000000
Asat_OT3098_v2_chr2A	70000000	72000000	2000000	15975	0.007987
Asat_OT3098_v2_chr2A	72000000	74000000	2000000	0	0.000000
Asat_OT3098_v2_chr2A	74000000	76000000	2000000	0	0.000000
Asat_OT3098_v2_chr2A	76000000	78000000	2000000	0	0.000000
Asat_OT3098_v2_chr2A	78000000	80000000	2000000	0	0.000000
Asat_OT3098_v2_chr2A	80000000	82000000	2000000	0	0.000000
Asat_OT3098_v2_chr2A	82000000	84000000	2000000	0	0.000000
Asat_OT3098_v2_chr2A	84000000	86000000	2000000	8112	0.004056
Asat_OT3098_v2_chr2A	86000000	88000000	2000000	0	0.000000
Asat_OT3098_v2_chr2A	88000000	90000000	2000000	0	0.000000
Asat_OT3098_v2_chr2A	90000000	92000000	2000000	1032	0.000516
Asat_OT3098_v2_chr2A	92000000	94000000	2000000	5352	0.002676
Asat_OT3098_v2_chr2A	94000000	96000000	2000000	0	0.000000
Asat_OT3098_v2_chr2A	96000000	98000000	2000000	0	0.000000
Asat_OT3098_v2_chr2A	98000000	100000000	2000000	9415	0.004707
Asat_OT3098_v2_chr2A	100000000	102000000	2000000	8327	0.004163
Asat_OT3098_v2_chr2A	102000000	104000000	2000000	0	0.000000
Asat_OT3098_v2_chr2A	104000000	106000000	2000000	0	0.000000
Asat_OT3098_v2_chr2A	106000000	108000000	2000000	0	0.000000
Asat_OT3098_v2_chr2A	108000000	110000000	2000000	1258	0.000629
Asat_OT3098_v2_chr2A	110000000	112000000	2000000	0	0.000000
Asat_OT3098_v2_chr2A	112000000	114000000	2000000	17524	0.008762
Asat_OT3098_v2_chr2A	114000000	116000000	2000000	0	0.000000
Asat_OT3098_v2_chr2A	116000000	118000000	2000000	4901	0.002450
Asat_OT3098_v2_chr2A	118000000	120000000	2000000	0	0.000000
Asat_OT3098_v2_chr2A	120000000	122000000	2000000	25429	0.012715
Asat_OT3098_v2_chr2A	122000000	124000000	2000000	0	0.000000
Asat_OT3098_v2_chr2A	124000000	126000000	2000000	16943	0.008471
Asat_OT3098_v2_chr2A	126000000	128000000	2000000	7781	0.003890
Asat_OT3098_v2_chr2A	128000000	130000000	2000000	8509	0.004254
Asat_OT3098_v2_chr2A	130000000	132000000	2000000	24396	0.012198
Asat_OT3098_v2_chr2A	132000000	134000000	2000000	49506	0.024753
Asat_OT3098_v2_chr2A	134000000	136000000	2000000	1166	0.000583
Asat_OT3098_v2_chr2A	136000000	138000000	2000000	7317	0.003658
Asat_OT3098_v2_chr2A	138000000	140000000	2000000	7416	0.003708
Asat_OT3098_v2_chr2A	140000000	142000000	2000000	25557	0.012778
Asat_OT3098_v2_chr2A	142000000	144000000	2000000	8718	0.004359
Asat_OT3098_v2_chr2A	144000000	146000000	2000000	8836	0.004418
Asat_OT3098_v2_chr2A	146000000	148000000	2000000	37085	0.018542
Asat_OT3098_v2_chr2A	148000000	150000000	2000000	91400	0.045700
Asat_OT3098_v2_chr2A	150000000	152000000	2000000	85644	0.042822
Asat_OT3098_v2_chr2A	152000000	154000000	2000000	429587	0.214793
Asat_OT3098_v2_chr2A	154000000	156000000	2000000	675762	0.337881
Asat_OT3098_v2_chr2A	156000000	158000000	2000000	617288	0.308644
Asat_OT3098_v2_chr2A	158000000	160000000	2000000	493170	0.246585
Asat_OT3098_v2_chr2A	160000000	162000000	2000000	226575	0.113287
Asat_OT3098_v2_chr2A	162000000	164000000	2000000	31855	0.015928
Asat_OT3098_v2_chr2A	164000000	166000000	2000000	18066	0.009033
Asat_OT3098_v2_chr2A	166000000	168000000	2000000	15357	0.007679
Asat_OT3098_v2_chr2A	168000000	170000000	2000000	9737	0.004869
Asat_OT3098_v2_chr2A	170000000	172000000	2000000	0	0.000000
Asat_OT3098_v2_chr2A	172000000	174000000	2000000	8090	0.004045
Asat_OT3098_v2_chr2A	174000000	176000000	2000000	23547	0.011773
Asat_OT3098_v2_chr2A	176000000	178000000	2000000	25594	0.012797
Asat_OT3098_v2_chr2A	178000000	180000000	2000000	0	0.000000
Asat_OT3098_v2_chr2A	180000000	182000000	2000000	0	0.000000
Asat_OT3098_v2_chr2A	182000000	184000000	2000000	30229	0.015114
Asat_OT3098_v2_chr2A	184000000	186000000	2000000	0	0.000000
Asat_OT3098_v2_chr2A	186000000	188000000	2000000	8224	0.004112
Asat_OT3098_v2_chr2A	188000000	190000000	2000000	1433	0.000717
Asat_OT3098_v2_chr2A	190000000	192000000	2000000	1864	0.000932
Asat_OT3098_v2_chr2A	192000000	194000000	2000000	0	0.000000
Asat_OT3098_v2_chr2A	194000000	196000000	2000000	0	0.000000
Asat_OT3098_v2_chr2A	196000000	198000000	2000000	8896	0.004448
Asat_OT3098_v2_chr2A	198000000	200000000	2000000	0	0.000000
Asat_OT3098_v2_chr2A	200000000	202000000	2000000	0	0.000000
Asat_OT3098_v2_chr2A	202000000	204000000	2000000	0	0.000000
Asat_OT3098_v2_chr2A	204000000	206000000	2000000	0	0.000000
Asat_OT3098_v2_chr2A	206000000	208000000	2000000	0	0.000000
Asat_OT3098_v2_chr2A	208000000	210000000	2000000	0	0.000000
Asat_OT3098_v2_chr2A	210000000	212000000	2000000	3846	0.001923
Asat_OT3098_v2_chr2A	212000000	214000000	2000000	0	0.000000
Asat_OT3098_v2_chr2A	214000000	216000000	2000000	0	0.000000
Asat_OT3098_v2_chr2A	216000000	218000000	2000000	0	0.000000
Asat_OT3098_v2_chr2A	218000000	220000000	2000000	0	0.000000
Asat_OT3098_v2_chr2A	220000000	222000000	2000000	1003	0.000501
Asat_OT3098_v2_chr2A	222000000	224000000	2000000	0	0.000000
Asat_OT3098_v2_chr2A	224000000	226000000	2000000	4522	0.002261
Asat_OT3098_v2_chr2A	226000000	228000000	2000000	0	0.000000
Asat_OT3098_v2_chr2A	228000000	230000000	2000000	8376	0.004188
Asat_OT3098_v2_chr2A	230000000	232000000	2000000	0	0.000000
Asat_OT3098_v2_chr2A	232000000	234000000	2000000	0	0.000000
Asat_OT3098_v2_chr2A	234000000	236000000	2000000	0	0.000000
Asat_OT3098_v2_chr2A	236000000	238000000	2000000	8702	0.004351
Asat_OT3098_v2_chr2A	238000000	240000000	2000000	8313	0.004156
Asat_OT3098_v2_chr2A	240000000	242000000	2000000	7723	0.003861
Asat_OT3098_v2_chr2A	242000000	244000000	2000000	8285	0.004143
Asat_OT3098_v2_chr2A	244000000	246000000	2000000	16421	0.008211
Asat_OT3098_v2_chr2A	246000000	248000000	2000000	0	0.000000
Asat_OT3098_v2_chr2A	248000000	250000000	2000000	8096	0.004048
Asat_OT3098_v2_chr2A	250000000	252000000	2000000	15153	0.007576
Asat_OT3098_v2_chr2A	252000000	254000000	2000000	0	0.000000
Asat_OT3098_v2_chr2A	254000000	256000000	2000000	2488	0.001244
Asat_OT3098_v2_chr2A	256000000	258000000	2000000	8731	0.004365
Asat_OT3098_v2_chr2A	258000000	260000000	2000000	0	0.000000
Asat_OT3098_v2_chr2A	260000000	262000000	2000000	0	0.000000
Asat_OT3098_v2_chr2A	262000000	264000000	2000000	0	0.000000
Asat_OT3098_v2_chr2A	264000000	266000000	2000000	14301	0.007150
Asat_OT3098_v2_chr2A	266000000	268000000	2000000	7826	0.003913
Asat_OT3098_v2_chr2A	268000000	270000000	2000000	0	0.000000
Asat_OT3098_v2_chr2A	270000000	272000000	2000000	0	0.000000
Asat_OT3098_v2_chr2A	272000000	274000000	2000000	1189	0.000594
Asat_OT3098_v2_chr2A	274000000	276000000	2000000	0	0.000000
Asat_OT3098_v2_chr2A	276000000	278000000	2000000	0	0.000000
Asat_OT3098_v2_chr2A	278000000	280000000	2000000	3854	0.001927
Asat_OT3098_v2_chr2A	280000000	282000000	2000000	16197	0.008098
Asat_OT3098_v2_chr2A	282000000	284000000	2000000	0	0.000000
Asat_OT3098_v2_chr2A	284000000	286000000	2000000	0	0.000000
Asat_OT3098_v2_chr2A	286000000	288000000	2000000	0	0.000000
Asat_OT3098_v2_chr2A	288000000	290000000	2000000	0	0.000000
Asat_OT3098_v2_chr2A	290000000	292000000	2000000	8268	0.004134
Asat_OT3098_v2_chr2A	292000000	294000000	2000000	8563	0.004281
Asat_OT3098_v2_chr2A	294000000	296000000	2000000	8750	0.004375
Asat_OT3098_v2_chr2A	296000000	298000000	2000000	0	0.000000
Asat_OT3098_v2_chr2A	298000000	300000000	2000000	0	0.000000
Asat_OT3098_v2_chr2A	300000000	302000000	2000000	0	0.000000
Asat_OT3098_v2_chr2A	302000000	304000000	2000000	25588	0.012794
Asat_OT3098_v2_chr2A	304000000	306000000	2000000	0	0.000000
Asat_OT3098_v2_chr2A	306000000	308000000	2000000	0	0.000000
Asat_OT3098_v2_chr2A	308000000	310000000	2000000	0	0.000000
Asat_OT3098_v2_chr2A	310000000	312000000	2000000	8282	0.004141
Asat_OT3098_v2_chr2A	312000000	314000000	2000000	0	0.000000
Asat_OT3098_v2_chr2A	314000000	316000000	2000000	0	0.000000
Asat_OT3098_v2_chr2A	316000000	318000000	2000000	8430	0.004215
Asat_OT3098_v2_chr2A	318000000	320000000	2000000	0	0.000000
Asat_OT3098_v2_chr2A	320000000	322000000	2000000	0	0.000000
Asat_OT3098_v2_chr2A	322000000	324000000	2000000	8310	0.004155
Asat_OT3098_v2_chr2A	324000000	326000000	2000000	0	0.000000
Asat_OT3098_v2_chr2A	326000000	328000000	2000000	0	0.000000
Asat_OT3098_v2_chr2A	328000000	330000000	2000000	0	0.000000
Asat_OT3098_v2_chr2A	330000000	332000000	2000000	8138	0.004069
Asat_OT3098_v2_chr2A	332000000	334000000	2000000	8324	0.004162
Asat_OT3098_v2_chr2A	334000000	336000000	2000000	0	0.000000
Asat_OT3098_v2_chr2A	336000000	338000000	2000000	0	0.000000
Asat_OT3098_v2_chr2A	338000000	340000000	2000000	0	0.000000
Asat_OT3098_v2_chr2A	340000000	342000000	2000000	0	0.000000
Asat_OT3098_v2_chr2A	342000000	344000000	2000000	2813	0.001406
Asat_OT3098_v2_chr2A	344000000	346000000	2000000	0	0.000000
Asat_OT3098_v2_chr2A	346000000	348000000	2000000	0	0.000000
Asat_OT3098_v2_chr2A	348000000	350000000	2000000	15772	0.007886
Asat_OT3098_v2_chr2A	350000000	352000000	2000000	0	0.000000
Asat_OT3098_v2_chr2A	352000000	354000000	2000000	0	0.000000
Asat_OT3098_v2_chr2A	354000000	356000000	2000000	0	0.000000
Asat_OT3098_v2_chr2A	356000000	358000000	2000000	15560	0.007780
Asat_OT3098_v2_chr2A	358000000	360000000	2000000	0	0.000000
Asat_OT3098_v2_chr2A	360000000	362000000	2000000	8328	0.004164
Asat_OT3098_v2_chr2A	362000000	364000000	2000000	7675	0.003838
Asat_OT3098_v2_chr2A	364000000	366000000	2000000	0	0.000000
Asat_OT3098_v2_chr2A	366000000	368000000	2000000	0	0.000000
Asat_OT3098_v2_chr2A	368000000	370000000	2000000	0	0.000000
Asat_OT3098_v2_chr2A	370000000	372000000	2000000	8443	0.004222
Asat_OT3098_v2_chr2A	372000000	374000000	2000000	2914	0.001457
Asat_OT3098_v2_chr2A	374000000	376000000	2000000	8304	0.004152
Asat_OT3098_v2_chr2A	376000000	378000000	2000000	0	0.000000
Asat_OT3098_v2_chr2A	378000000	380000000	2000000	9762	0.004881
Asat_OT3098_v2_chr2A	380000000	382000000	2000000	6162	0.003081
Asat_OT3098_v2_chr2A	382000000	384000000	2000000	7228	0.003614
Asat_OT3098_v2_chr2A	384000000	386000000	2000000	0	0.000000
Asat_OT3098_v2_chr2A	386000000	388000000	2000000	1040	0.000520
Asat_OT3098_v2_chr2A	388000000	390000000	2000000	0	0.000000
Asat_OT3098_v2_chr2A	390000000	392000000	2000000	0	0.000000
Asat_OT3098_v2_chr2A	392000000	394000000	2000000	0	0.000000
Asat_OT3098_v2_chr2A	394000000	396000000	2000000	0	0.000000
Asat_OT3098_v2_chr2A	396000000	398000000	2000000	0	0.000000
Asat_OT3098_v2_chr2A	398000000	400000000	2000000	0	0.000000
Asat_OT3098_v2_chr2A	400000000	402000000	2000000	0	0.000000
Asat_OT3098_v2_chr2A	402000000	404000000	2000000	8750	0.004375
Asat_OT3098_v2_chr2A	404000000	406000000	2000000	0	0.000000
Asat_OT3098_v2_chr2A	406000000	408000000	2000000	0	0.000000
Asat_OT3098_v2_chr2A	408000000	410000000	2000000	0	0.000000
Asat_OT3098_v2_chr2A	410000000	412000000	2000000	0	0.000000
Asat_OT3098_v2_chr2A	412000000	414000000	2000000	0	0.000000
Asat_OT3098_v2_chr2A	414000000	416000000	2000000	0	0.000000
Asat_OT3098_v2_chr2A	416000000	418000000	2000000	0	0.000000
Asat_OT3098_v2_chr2A	418000000	420000000	2000000	0	0.000000
Asat_OT3098_v2_chr2A	420000000	422000000	2000000	0	0.000000
Asat_OT3098_v2_chr2A	422000000	424000000	2000000	8748	0.004374
Asat_OT3098_v2_chr2A	424000000	426000000	2000000	0	0.000000
Asat_OT3098_v2_chr2A	426000000	428000000	2000000	0	0.000000
Asat_OT3098_v2_chr2A	428000000	430000000	2000000	0	0.000000
Asat_OT3098_v2_chr2A	430000000	432000000	2000000	0	0.000000
Asat_OT3098_v2_chr2A	432000000	434000000	2000000	0	0.000000
Asat_OT3098_v2_chr2A	434000000	436000000	2000000	0	0.000000
Asat_OT3098_v2_chr2A	436000000	438000000	2000000	7297	0.003648
Asat_OT3098_v2_chr2A	438000000	440000000	2000000	0	0.000000
Asat_OT3098_v2_chr2A	440000000	442000000	2000000	8443	0.004222
Asat_OT3098_v2_chr2A	442000000	444000000	2000000	0	0.000000
Asat_OT3098_v2_chr2A	444000000	446000000	2000000	16447	0.008223
Asat_OT3098_v2_chr2A	446000000	448000000	2000000	0	0.000000
Asat_OT3098_v2_chr2A	448000000	449127287	1127287	0	0.000000
Asat_OT3098_v2_chr2C	0	2000000	2000000	6720	0.003360
Asat_OT3098_v2_chr2C	2000000	4000000	2000000	8219	0.004110
Asat_OT3098_v2_chr2C	4000000	6000000	2000000	1045	0.000522
Asat_OT3098_v2_chr2C	6000000	8000000	2000000	0	0.000000
Asat_OT3098_v2_chr2C	8000000	10000000	2000000	6282	0.003141
Asat_OT3098_v2_chr2C	10000000	12000000	2000000	0	0.000000
Asat_OT3098_v2_chr2C	12000000	14000000	2000000	4381	0.002191
Asat_OT3098_v2_chr2C	14000000	16000000	2000000	0	0.000000
Asat_OT3098_v2_chr2C	16000000	18000000	2000000	0	0.000000
Asat_OT3098_v2_chr2C	18000000	20000000	2000000	0	0.000000
Asat_OT3098_v2_chr2C	20000000	22000000	2000000	0	0.000000
Asat_OT3098_v2_chr2C	22000000	24000000	2000000	0	0.000000
Asat_OT3098_v2_chr2C	24000000	26000000	2000000	4330	0.002165
Asat_OT3098_v2_chr2C	26000000	28000000	2000000	0	0.000000
Asat_OT3098_v2_chr2C	28000000	30000000	2000000	0	0.000000
Asat_OT3098_v2_chr2C	30000000	32000000	2000000	0	0.000000
Asat_OT3098_v2_chr2C	32000000	34000000	2000000	0	0.000000
Asat_OT3098_v2_chr2C	34000000	36000000	2000000	0	0.000000
Asat_OT3098_v2_chr2C	36000000	38000000	2000000	2765	0.001383
Asat_OT3098_v2_chr2C	38000000	40000000	2000000	0	0.000000
Asat_OT3098_v2_chr2C	40000000	42000000	2000000	0	0.000000
Asat_OT3098_v2_chr2C	42000000	44000000	2000000	0	0.000000
Asat_OT3098_v2_chr2C	44000000	46000000	2000000	0	0.000000
Asat_OT3098_v2_chr2C	46000000	48000000	2000000	0	0.000000
Asat_OT3098_v2_chr2C	48000000	50000000	2000000	4704	0.002352
Asat_OT3098_v2_chr2C	50000000	52000000	2000000	0	0.000000
Asat_OT3098_v2_chr2C	52000000	54000000	2000000	7272	0.003636
Asat_OT3098_v2_chr2C	54000000	56000000	2000000	0	0.000000
Asat_OT3098_v2_chr2C	56000000	58000000	2000000	0	0.000000
Asat_OT3098_v2_chr2C	58000000	60000000	2000000	0	0.000000
Asat_OT3098_v2_chr2C	60000000	62000000	2000000	0	0.000000
Asat_OT3098_v2_chr2C	62000000	64000000	2000000	0	0.000000
Asat_OT3098_v2_chr2C	64000000	66000000	2000000	0	0.000000
Asat_OT3098_v2_chr2C	66000000	68000000	2000000	7443	0.003721
Asat_OT3098_v2_chr2C	68000000	70000000	2000000	0	0.000000
Asat_OT3098_v2_chr2C	70000000	72000000	2000000	0	0.000000
Asat_OT3098_v2_chr2C	72000000	74000000	2000000	0	0.000000
Asat_OT3098_v2_chr2C	74000000	76000000	2000000	0	0.000000
Asat_OT3098_v2_chr2C	76000000	78000000	2000000	8303	0.004151
Asat_OT3098_v2_chr2C	78000000	80000000	2000000	0	0.000000
Asat_OT3098_v2_chr2C	80000000	82000000	2000000	0	0.000000
Asat_OT3098_v2_chr2C	82000000	84000000	2000000	0	0.000000
Asat_OT3098_v2_chr2C	84000000	86000000	2000000	0	0.000000
Asat_OT3098_v2_chr2C	86000000	88000000	2000000	0	0.000000
Asat_OT3098_v2_chr2C	88000000	90000000	2000000	6832	0.003416
Asat_OT3098_v2_chr2C	90000000	92000000	2000000	8134	0.004067
Asat_OT3098_v2_chr2C	92000000	94000000	2000000	0	0.000000
Asat_OT3098_v2_chr2C	94000000	96000000	2000000	10808	0.005404
Asat_OT3098_v2_chr2C	96000000	98000000	2000000	0	0.000000
Asat_OT3098_v2_chr2C	98000000	100000000	2000000	0	0.000000
Asat_OT3098_v2_chr2C	100000000	102000000	2000000	0	0.000000
Asat_OT3098_v2_chr2C	102000000	104000000	2000000	1694	0.000847
Asat_OT3098_v2_chr2C	104000000	106000000	2000000	7291	0.003645
Asat_OT3098_v2_chr2C	106000000	108000000	2000000	0	0.000000
Asat_OT3098_v2_chr2C	108000000	110000000	2000000	0	0.000000
Asat_OT3098_v2_chr2C	110000000	112000000	2000000	0	0.000000
Asat_OT3098_v2_chr2C	112000000	114000000	2000000	0	0.000000
Asat_OT3098_v2_chr2C	114000000	116000000	2000000	8746	0.004373
Asat_OT3098_v2_chr2C	116000000	118000000	2000000	15667	0.007834
Asat_OT3098_v2_chr2C	118000000	120000000	2000000	0	0.000000
Asat_OT3098_v2_chr2C	120000000	122000000	2000000	0	0.000000
Asat_OT3098_v2_chr2C	122000000	124000000	2000000	2710	0.001355
Asat_OT3098_v2_chr2C	124000000	126000000	2000000	0	0.000000
Asat_OT3098_v2_chr2C	126000000	128000000	2000000	0	0.000000
Asat_OT3098_v2_chr2C	128000000	130000000	2000000	4661	0.002331
Asat_OT3098_v2_chr2C	130000000	132000000	2000000	3853	0.001927
Asat_OT3098_v2_chr2C	132000000	134000000	2000000	0	0.000000
Asat_OT3098_v2_chr2C	134000000	136000000	2000000	10980	0.005490
Asat_OT3098_v2_chr2C	136000000	138000000	2000000	0	0.000000
Asat_OT3098_v2_chr2C	138000000	140000000	2000000	0	0.000000
Asat_OT3098_v2_chr2C	140000000	142000000	2000000	0	0.000000
Asat_OT3098_v2_chr2C	142000000	144000000	2000000	0	0.000000
Asat_OT3098_v2_chr2C	144000000	146000000	2000000	0	0.000000
Asat_OT3098_v2_chr2C	146000000	148000000	2000000	8646	0.004323
Asat_OT3098_v2_chr2C	148000000	150000000	2000000	6275	0.003138
Asat_OT3098_v2_chr2C	150000000	152000000	2000000	0	0.000000
Asat_OT3098_v2_chr2C	152000000	154000000	2000000	3699	0.001850
Asat_OT3098_v2_chr2C	154000000	156000000	2000000	0	0.000000
Asat_OT3098_v2_chr2C	156000000	158000000	2000000	7265	0.003632
Asat_OT3098_v2_chr2C	158000000	160000000	2000000	0	0.000000
Asat_OT3098_v2_chr2C	160000000	162000000	2000000	1443	0.000722
Asat_OT3098_v2_chr2C	162000000	164000000	2000000	5429	0.002714
Asat_OT3098_v2_chr2C	164000000	166000000	2000000	0	0.000000
Asat_OT3098_v2_chr2C	166000000	168000000	2000000	0	0.000000
Asat_OT3098_v2_chr2C	168000000	170000000	2000000	0	0.000000
Asat_OT3098_v2_chr2C	170000000	172000000	2000000	0	0.000000
Asat_OT3098_v2_chr2C	172000000	174000000	2000000	1531	0.000766
Asat_OT3098_v2_chr2C	174000000	176000000	2000000	5421	0.002710
Asat_OT3098_v2_chr2C	176000000	178000000	2000000	8586	0.004293
Asat_OT3098_v2_chr2C	178000000	180000000	2000000	0	0.000000
Asat_OT3098_v2_chr2C	180000000	182000000	2000000	7143	0.003572
Asat_OT3098_v2_chr2C	182000000	184000000	2000000	0	0.000000
Asat_OT3098_v2_chr2C	184000000	186000000	2000000	0	0.000000
Asat_OT3098_v2_chr2C	186000000	188000000	2000000	0	0.000000
Asat_OT3098_v2_chr2C	188000000	190000000	2000000	41927	0.020963
Asat_OT3098_v2_chr2C	190000000	192000000	2000000	19930	0.009965
Asat_OT3098_v2_chr2C	192000000	194000000	2000000	0	0.000000
Asat_OT3098_v2_chr2C	194000000	196000000	2000000	5247	0.002623
Asat_OT3098_v2_chr2C	196000000	198000000	2000000	0	0.000000
Asat_OT3098_v2_chr2C	198000000	200000000	2000000	0	0.000000
Asat_OT3098_v2_chr2C	200000000	202000000	2000000	9687	0.004843
Asat_OT3098_v2_chr2C	202000000	204000000	2000000	89979	0.044990
Asat_OT3098_v2_chr2C	204000000	206000000	2000000	89773	0.044887
Asat_OT3098_v2_chr2C	206000000	208000000	2000000	110631	0.055315
Asat_OT3098_v2_chr2C	208000000	210000000	2000000	107219	0.053609
Asat_OT3098_v2_chr2C	210000000	212000000	2000000	129229	0.064615
Asat_OT3098_v2_chr2C	212000000	214000000	2000000	74856	0.037428
Asat_OT3098_v2_chr2C	214000000	216000000	2000000	51611	0.025805
Asat_OT3098_v2_chr2C	216000000	218000000	2000000	10883	0.005442
Asat_OT3098_v2_chr2C	218000000	220000000	2000000	77972	0.038986
Asat_OT3098_v2_chr2C	220000000	222000000	2000000	83250	0.041625
Asat_OT3098_v2_chr2C	222000000	224000000	2000000	56204	0.028102
Asat_OT3098_v2_chr2C	224000000	226000000	2000000	25810	0.012905
Asat_OT3098_v2_chr2C	226000000	228000000	2000000	255172	0.127586
Asat_OT3098_v2_chr2C	228000000	230000000	2000000	349074	0.174537
Asat_OT3098_v2_chr2C	230000000	232000000	2000000	238576	0.119288
Asat_OT3098_v2_chr2C	232000000	234000000	2000000	264805	0.132403
Asat_OT3098_v2_chr2C	234000000	236000000	2000000	212591	0.106296
Asat_OT3098_v2_chr2C	236000000	238000000	2000000	40875	0.020438
Asat_OT3098_v2_chr2C	238000000	240000000	2000000	15065	0.007533
Asat_OT3098_v2_chr2C	240000000	242000000	2000000	49782	0.024891
Asat_OT3098_v2_chr2C	242000000	244000000	2000000	36996	0.018498
Asat_OT3098_v2_chr2C	244000000	246000000	2000000	102408	0.051204
Asat_OT3098_v2_chr2C	246000000	248000000	2000000	54695	0.027348
Asat_OT3098_v2_chr2C	248000000	250000000	2000000	77604	0.038802
Asat_OT3098_v2_chr2C	250000000	252000000	2000000	26138	0.013069
Asat_OT3098_v2_chr2C	252000000	254000000	2000000	53202	0.026601
Asat_OT3098_v2_chr2C	254000000	256000000	2000000	61971	0.030985
Asat_OT3098_v2_chr2C	256000000	258000000	2000000	34529	0.017264
Asat_OT3098_v2_chr2C	258000000	260000000	2000000	136188	0.068094
Asat_OT3098_v2_chr2C	260000000	262000000	2000000	14568	0.007284
Asat_OT3098_v2_chr2C	262000000	264000000	2000000	0	0.000000
Asat_OT3098_v2_chr2C	264000000	266000000	2000000	25815	0.012908
Asat_OT3098_v2_chr2C	266000000	268000000	2000000	47027	0.023513
Asat_OT3098_v2_chr2C	268000000	270000000	2000000	8513	0.004256
Asat_OT3098_v2_chr2C	270000000	272000000	2000000	0	0.000000
Asat_OT3098_v2_chr2C	272000000	274000000	2000000	0	0.000000
Asat_OT3098_v2_chr2C	274000000	276000000	2000000	48796	0.024398
Asat_OT3098_v2_chr2C	276000000	278000000	2000000	0	0.000000
Asat_OT3098_v2_chr2C	278000000	280000000	2000000	0	0.000000
Asat_OT3098_v2_chr2C	280000000	282000000	2000000	0	0.000000
Asat_OT3098_v2_chr2C	282000000	284000000	2000000	2637	0.001319
Asat_OT3098_v2_chr2C	284000000	286000000	2000000	0	0.000000
Asat_OT3098_v2_chr2C	286000000	288000000	2000000	5035	0.002518
Asat_OT3098_v2_chr2C	288000000	290000000	2000000	0	0.000000
Asat_OT3098_v2_chr2C	290000000	292000000	2000000	8558	0.004279
Asat_OT3098_v2_chr2C	292000000	294000000	2000000	0	0.000000
Asat_OT3098_v2_chr2C	294000000	296000000	2000000	0	0.000000
Asat_OT3098_v2_chr2C	296000000	298000000	2000000	4539	0.002269
Asat_OT3098_v2_chr2C	298000000	300000000	2000000	1860	0.000930
Asat_OT3098_v2_chr2C	300000000	302000000	2000000	1448	0.000724
Asat_OT3098_v2_chr2C	302000000	304000000	2000000	2648	0.001324
Asat_OT3098_v2_chr2C	304000000	306000000	2000000	0	0.000000
Asat_OT3098_v2_chr2C	306000000	308000000	2000000	0	0.000000
Asat_OT3098_v2_chr2C	308000000	310000000	2000000	8729	0.004365
Asat_OT3098_v2_chr2C	310000000	312000000	2000000	0	0.000000
Asat_OT3098_v2_chr2C	312000000	314000000	2000000	0	0.000000
Asat_OT3098_v2_chr2C	314000000	316000000	2000000	0	0.000000
Asat_OT3098_v2_chr2C	316000000	318000000	2000000	3947	0.001973
Asat_OT3098_v2_chr2C	318000000	320000000	2000000	0	0.000000
Asat_OT3098_v2_chr2C	320000000	322000000	2000000	19516	0.009758
Asat_OT3098_v2_chr2C	322000000	324000000	2000000	0	0.000000
Asat_OT3098_v2_chr2C	324000000	326000000	2000000	8670	0.004335
Asat_OT3098_v2_chr2C	326000000	328000000	2000000	0	0.000000
Asat_OT3098_v2_chr2C	328000000	330000000	2000000	0	0.000000
Asat_OT3098_v2_chr2C	330000000	332000000	2000000	0	0.000000
Asat_OT3098_v2_chr2C	332000000	334000000	2000000	14975	0.007488
Asat_OT3098_v2_chr2C	334000000	336000000	2000000	0	0.000000
Asat_OT3098_v2_chr2C	336000000	338000000	2000000	0	0.000000
Asat_OT3098_v2_chr2C	338000000	340000000	2000000	0	0.000000
Asat_OT3098_v2_chr2C	340000000	342000000	2000000	0	0.000000
Asat_OT3098_v2_chr2C	342000000	344000000	2000000	14655	0.007327
Asat_OT3098_v2_chr2C	344000000	346000000	2000000	0	0.000000
Asat_OT3098_v2_chr2C	346000000	348000000	2000000	6355	0.003178
Asat_OT3098_v2_chr2C	348000000	350000000	2000000	6449	0.003224
Asat_OT3098_v2_chr2C	350000000	352000000	2000000	0	0.000000
Asat_OT3098_v2_chr2C	352000000	354000000	2000000	0	0.000000
Asat_OT3098_v2_chr2C	354000000	356000000	2000000	12054	0.006027
Asat_OT3098_v2_chr2C	356000000	358000000	2000000	10214	0.005107
Asat_OT3098_v2_chr2C	358000000	360000000	2000000	0	0.000000
Asat_OT3098_v2_chr2C	360000000	362000000	2000000	6281	0.003141
Asat_OT3098_v2_chr2C	362000000	364000000	2000000	0	0.000000
Asat_OT3098_v2_chr2C	364000000	366000000	2000000	0	0.000000
Asat_OT3098_v2_chr2C	366000000	368000000	2000000	5960	0.002980
Asat_OT3098_v2_chr2C	368000000	370000000	2000000	0	0.000000
Asat_OT3098_v2_chr2C	370000000	372000000	2000000	0	0.000000
Asat_OT3098_v2_chr2C	372000000	374000000	2000000	0	0.000000
Asat_OT3098_v2_chr2C	374000000	376000000	2000000	4995	0.002498
Asat_OT3098_v2_chr2C	376000000	378000000	2000000	0	0.000000
Asat_OT3098_v2_chr2C	378000000	380000000	2000000	0	0.000000
Asat_OT3098_v2_chr2C	380000000	382000000	2000000	7519	0.003759
Asat_OT3098_v2_chr2C	382000000	384000000	2000000	0	0.000000
Asat_OT3098_v2_chr2C	384000000	386000000	2000000	6434	0.003217
Asat_OT3098_v2_chr2C	386000000	388000000	2000000	5765	0.002883
Asat_OT3098_v2_chr2C	388000000	390000000	2000000	0	0.000000
Asat_OT3098_v2_chr2C	390000000	392000000	2000000	4228	0.002114
Asat_OT3098_v2_chr2C	392000000	394000000	2000000	0	0.000000
Asat_OT3098_v2_chr2C	394000000	396000000	2000000	5602	0.002801
Asat_OT3098_v2_chr2C	396000000	398000000	2000000	14694	0.007347
Asat_OT3098_v2_chr2C	398000000	400000000	2000000	5261	0.002631
Asat_OT3098_v2_chr2C	400000000	402000000	2000000	0	0.000000
Asat_OT3098_v2_chr2C	402000000	404000000	2000000	8781	0.004391
Asat_OT3098_v2_chr2C	404000000	406000000	2000000	5848	0.002924
Asat_OT3098_v2_chr2C	406000000	408000000	2000000	1839	0.000919
Asat_OT3098_v2_chr2C	408000000	410000000	2000000	0	0.000000
Asat_OT3098_v2_chr2C	410000000	412000000	2000000	0	0.000000
Asat_OT3098_v2_chr2C	412000000	414000000	2000000	0	0.000000
Asat_OT3098_v2_chr2C	414000000	416000000	2000000	0	0.000000
Asat_OT3098_v2_chr2C	416000000	418000000	2000000	8536	0.004268
Asat_OT3098_v2_chr2C	418000000	420000000	2000000	0	0.000000
Asat_OT3098_v2_chr2C	420000000	422000000	2000000	0	0.000000
Asat_OT3098_v2_chr2C	422000000	424000000	2000000	6439	0.003220
Asat_OT3098_v2_chr2C	424000000	426000000	2000000	0	0.000000
Asat_OT3098_v2_chr2C	426000000	428000000	2000000	0	0.000000
Asat_OT3098_v2_chr2C	428000000	430000000	2000000	16377	0.008188
Asat_OT3098_v2_chr2C	430000000	432000000	2000000	4300	0.002150
Asat_OT3098_v2_chr2C	432000000	434000000	2000000	0	0.000000
Asat_OT3098_v2_chr2C	434000000	436000000	2000000	0	0.000000
Asat_OT3098_v2_chr2C	436000000	438000000	2000000	0	0.000000
Asat_OT3098_v2_chr2C	438000000	440000000	2000000	0	0.000000
Asat_OT3098_v2_chr2C	440000000	442000000	2000000	0	0.000000
Asat_OT3098_v2_chr2C	442000000	444000000	2000000	1109	0.000554
Asat_OT3098_v2_chr2C	444000000	446000000	2000000	0	0.000000
Asat_OT3098_v2_chr2C	446000000	448000000	2000000	0	0.000000
Asat_OT3098_v2_chr2C	448000000	450000000	2000000	0	0.000000
Asat_OT3098_v2_chr2C	450000000	452000000	2000000	6338	0.003169
Asat_OT3098_v2_chr2C	452000000	454000000	2000000	0	0.000000
Asat_OT3098_v2_chr2C	454000000	456000000	2000000	0	0.000000
Asat_OT3098_v2_chr2C	456000000	458000000	2000000	6397	0.003198
Asat_OT3098_v2_chr2C	458000000	460000000	2000000	0	0.000000
Asat_OT3098_v2_chr2C	460000000	462000000	2000000	0	0.000000
Asat_OT3098_v2_chr2C	462000000	464000000	2000000	0	0.000000
Asat_OT3098_v2_chr2C	464000000	466000000	2000000	7156	0.003578
Asat_OT3098_v2_chr2C	466000000	468000000	2000000	0	0.000000
Asat_OT3098_v2_chr2C	468000000	470000000	2000000	5910	0.002955
Asat_OT3098_v2_chr2C	470000000	472000000	2000000	0	0.000000
Asat_OT3098_v2_chr2C	472000000	474000000	2000000	0	0.000000
Asat_OT3098_v2_chr2C	474000000	476000000	2000000	0	0.000000
Asat_OT3098_v2_chr2C	476000000	478000000	2000000	7304	0.003652
Asat_OT3098_v2_chr2C	478000000	480000000	2000000	0	0.000000
Asat_OT3098_v2_chr2C	480000000	482000000	2000000	0	0.000000
Asat_OT3098_v2_chr2C	482000000	484000000	2000000	8632	0.004316
Asat_OT3098_v2_chr2C	484000000	486000000	2000000	0	0.000000
Asat_OT3098_v2_chr2C	486000000	488000000	2000000	0	0.000000
Asat_OT3098_v2_chr2C	488000000	490000000	2000000	9720	0.004860
Asat_OT3098_v2_chr2C	490000000	492000000	2000000	6148	0.003074
Asat_OT3098_v2_chr2C	492000000	494000000	2000000	7238	0.003619
Asat_OT3098_v2_chr2C	494000000	496000000	2000000	0	0.000000
Asat_OT3098_v2_chr2C	496000000	498000000	2000000	4260	0.002130
Asat_OT3098_v2_chr2C	498000000	500000000	2000000	0	0.000000
Asat_OT3098_v2_chr2C	500000000	502000000	2000000	0	0.000000
Asat_OT3098_v2_chr2C	502000000	504000000	2000000	0	0.000000
Asat_OT3098_v2_chr2C	504000000	506000000	2000000	0	0.000000
Asat_OT3098_v2_chr2C	506000000	508000000	2000000	0	0.000000
Asat_OT3098_v2_chr2C	508000000	510000000	2000000	0	0.000000
Asat_OT3098_v2_chr2C	510000000	512000000	2000000	0	0.000000
Asat_OT3098_v2_chr2C	512000000	514000000	2000000	16403	0.008202
Asat_OT3098_v2_chr2C	514000000	516000000	2000000	6459	0.003230
Asat_OT3098_v2_chr2C	516000000	518000000	2000000	0	0.000000
Asat_OT3098_v2_chr2C	518000000	520000000	2000000	0	0.000000
Asat_OT3098_v2_chr2C	520000000	522000000	2000000	3198	0.001599
Asat_OT3098_v2_chr2C	522000000	524000000	2000000	0	0.000000
Asat_OT3098_v2_chr2C	524000000	526000000	2000000	6412	0.003206
Asat_OT3098_v2_chr2C	526000000	528000000	2000000	0	0.000000
Asat_OT3098_v2_chr2C	528000000	530000000	2000000	5214	0.002607
Asat_OT3098_v2_chr2C	530000000	532000000	2000000	0	0.000000
Asat_OT3098_v2_chr2C	532000000	534000000	2000000	0	0.000000
Asat_OT3098_v2_chr2C	534000000	536000000	2000000	0	0.000000
Asat_OT3098_v2_chr2C	536000000	538000000	2000000	0	0.000000
Asat_OT3098_v2_chr2C	538000000	540000000	2000000	0	0.000000
Asat_OT3098_v2_chr2C	540000000	542000000	2000000	0	0.000000
Asat_OT3098_v2_chr2C	542000000	544000000	2000000	2927	0.001463
Asat_OT3098_v2_chr2C	544000000	546000000	2000000	0	0.000000
Asat_OT3098_v2_chr2C	546000000	548000000	2000000	0	0.000000
Asat_OT3098_v2_chr2C	548000000	550000000	2000000	0	0.000000
Asat_OT3098_v2_chr2C	550000000	552000000	2000000	0	0.000000
Asat_OT3098_v2_chr2C	552000000	554000000	2000000	8532	0.004266
Asat_OT3098_v2_chr2C	554000000	556000000	2000000	0	0.000000
Asat_OT3098_v2_chr2C	556000000	558000000	2000000	1347	0.000674
Asat_OT3098_v2_chr2C	558000000	560000000	2000000	2065	0.001032
Asat_OT3098_v2_chr2C	560000000	562000000	2000000	0	0.000000
Asat_OT3098_v2_chr2C	562000000	564000000	2000000	0	0.000000
Asat_OT3098_v2_chr2C	564000000	566000000	2000000	0	0.000000
Asat_OT3098_v2_chr2C	566000000	568000000	2000000	0	0.000000
Asat_OT3098_v2_chr2C	568000000	570000000	2000000	6282	0.003141
Asat_OT3098_v2_chr2C	570000000	572000000	2000000	0	0.000000
Asat_OT3098_v2_chr2C	572000000	574000000	2000000	0	0.000000
Asat_OT3098_v2_chr2C	574000000	576000000	2000000	0	0.000000
Asat_OT3098_v2_chr2C	576000000	578000000	2000000	0	0.000000
Asat_OT3098_v2_chr2C	578000000	580000000	2000000	0	0.000000
Asat_OT3098_v2_chr2C	580000000	582000000	2000000	0	0.000000
Asat_OT3098_v2_chr2C	582000000	584000000	2000000	2822	0.001411
Asat_OT3098_v2_chr2C	584000000	586000000	2000000	0	0.000000
Asat_OT3098_v2_chr2C	586000000	588000000	2000000	0	0.000000
Asat_OT3098_v2_chr2C	588000000	589118817	1118817	0	0.000000
Asat_OT3098_v2_chr2D	0	2000000	2000000	3498	0.001749
Asat_OT3098_v2_chr2D	2000000	4000000	2000000	6404	0.003202
Asat_OT3098_v2_chr2D	4000000	6000000	2000000	0	0.000000
Asat_OT3098_v2_chr2D	6000000	8000000	2000000	0	0.000000
Asat_OT3098_v2_chr2D	8000000	10000000	2000000	7639	0.003819
Asat_OT3098_v2_chr2D	10000000	12000000	2000000	6362	0.003181
Asat_OT3098_v2_chr2D	12000000	14000000	2000000	0	0.000000
Asat_OT3098_v2_chr2D	14000000	16000000	2000000	0	0.000000
Asat_OT3098_v2_chr2D	16000000	18000000	2000000	0	0.000000
Asat_OT3098_v2_chr2D	18000000	20000000	2000000	0	0.000000
Asat_OT3098_v2_chr2D	20000000	22000000	2000000	0	0.000000
Asat_OT3098_v2_chr2D	22000000	24000000	2000000	0	0.000000
Asat_OT3098_v2_chr2D	24000000	26000000	2000000	1008	0.000504
Asat_OT3098_v2_chr2D	26000000	28000000	2000000	0	0.000000
Asat_OT3098_v2_chr2D	28000000	30000000	2000000	0	0.000000
Asat_OT3098_v2_chr2D	30000000	32000000	2000000	0	0.000000
Asat_OT3098_v2_chr2D	32000000	34000000	2000000	7339	0.003670
Asat_OT3098_v2_chr2D	34000000	36000000	2000000	8653	0.004326
Asat_OT3098_v2_chr2D	36000000	38000000	2000000	0	0.000000
Asat_OT3098_v2_chr2D	38000000	40000000	2000000	0	0.000000
Asat_OT3098_v2_chr2D	40000000	42000000	2000000	0	0.000000
Asat_OT3098_v2_chr2D	42000000	44000000	2000000	0	0.000000
Asat_OT3098_v2_chr2D	44000000	46000000	2000000	0	0.000000
Asat_OT3098_v2_chr2D	46000000	48000000	2000000	0	0.000000
Asat_OT3098_v2_chr2D	48000000	50000000	2000000	0	0.000000
Asat_OT3098_v2_chr2D	50000000	52000000	2000000	0	0.000000
Asat_OT3098_v2_chr2D	52000000	54000000	2000000	0	0.000000
Asat_OT3098_v2_chr2D	54000000	56000000	2000000	12285	0.006143
Asat_OT3098_v2_chr2D	56000000	58000000	2000000	0	0.000000
Asat_OT3098_v2_chr2D	58000000	60000000	2000000	0	0.000000
Asat_OT3098_v2_chr2D	60000000	62000000	2000000	0	0.000000
Asat_OT3098_v2_chr2D	62000000	64000000	2000000	8693	0.004346
Asat_OT3098_v2_chr2D	64000000	66000000	2000000	0	0.000000
Asat_OT3098_v2_chr2D	66000000	68000000	2000000	0	0.000000
Asat_OT3098_v2_chr2D	68000000	70000000	2000000	0	0.000000
Asat_OT3098_v2_chr2D	70000000	72000000	2000000	0	0.000000
Asat_OT3098_v2_chr2D	72000000	74000000	2000000	0	0.000000
Asat_OT3098_v2_chr2D	74000000	76000000	2000000	0	0.000000
Asat_OT3098_v2_chr2D	76000000	78000000	2000000	0	0.000000
Asat_OT3098_v2_chr2D	78000000	80000000	2000000	25653	0.012826
Asat_OT3098_v2_chr2D	80000000	82000000	2000000	0	0.000000
Asat_OT3098_v2_chr2D	82000000	84000000	2000000	0	0.000000
Asat_OT3098_v2_chr2D	84000000	86000000	2000000	0	0.000000
Asat_OT3098_v2_chr2D	86000000	88000000	2000000	0	0.000000
Asat_OT3098_v2_chr2D	88000000	90000000	2000000	0	0.000000
Asat_OT3098_v2_chr2D	90000000	92000000	2000000	0	0.000000
Asat_OT3098_v2_chr2D	92000000	94000000	2000000	0	0.000000
Asat_OT3098_v2_chr2D	94000000	96000000	2000000	0	0.000000
Asat_OT3098_v2_chr2D	96000000	98000000	2000000	0	0.000000
Asat_OT3098_v2_chr2D	98000000	100000000	2000000	0	0.000000
Asat_OT3098_v2_chr2D	100000000	102000000	2000000	0	0.000000
Asat_OT3098_v2_chr2D	102000000	104000000	2000000	0	0.000000
Asat_OT3098_v2_chr2D	104000000	106000000	2000000	0	0.000000
Asat_OT3098_v2_chr2D	106000000	108000000	2000000	8731	0.004365
Asat_OT3098_v2_chr2D	108000000	110000000	2000000	0	0.000000
Asat_OT3098_v2_chr2D	110000000	112000000	2000000	8236	0.004118
Asat_OT3098_v2_chr2D	112000000	114000000	2000000	6331	0.003165
Asat_OT3098_v2_chr2D	114000000	116000000	2000000	0	0.000000
Asat_OT3098_v2_chr2D	116000000	118000000	2000000	17353	0.008677
Asat_OT3098_v2_chr2D	118000000	120000000	2000000	0	0.000000
Asat_OT3098_v2_chr2D	120000000	122000000	2000000	0	0.000000
Asat_OT3098_v2_chr2D	122000000	124000000	2000000	0	0.000000
Asat_OT3098_v2_chr2D	124000000	126000000	2000000	8409	0.004204
Asat_OT3098_v2_chr2D	126000000	128000000	2000000	8580	0.004290
Asat_OT3098_v2_chr2D	128000000	130000000	2000000	8722	0.004361
Asat_OT3098_v2_chr2D	130000000	132000000	2000000	0	0.000000
Asat_OT3098_v2_chr2D	132000000	134000000	2000000	8692	0.004346
Asat_OT3098_v2_chr2D	134000000	136000000	2000000	0	0.000000
Asat_OT3098_v2_chr2D	136000000	138000000	2000000	8568	0.004284
Asat_OT3098_v2_chr2D	138000000	140000000	2000000	0	0.000000
Asat_OT3098_v2_chr2D	140000000	142000000	2000000	2815	0.001407
Asat_OT3098_v2_chr2D	142000000	144000000	2000000	0	0.000000
Asat_OT3098_v2_chr2D	144000000	146000000	2000000	0	0.000000
Asat_OT3098_v2_chr2D	146000000	148000000	2000000	16767	0.008384
Asat_OT3098_v2_chr2D	148000000	150000000	2000000	0	0.000000
Asat_OT3098_v2_chr2D	150000000	152000000	2000000	0	0.000000
Asat_OT3098_v2_chr2D	152000000	154000000	2000000	0	0.000000
Asat_OT3098_v2_chr2D	154000000	156000000	2000000	0	0.000000
Asat_OT3098_v2_chr2D	156000000	158000000	2000000	0	0.000000
Asat_OT3098_v2_chr2D	158000000	160000000	2000000	13889	0.006945
Asat_OT3098_v2_chr2D	160000000	162000000	2000000	0	0.000000
Asat_OT3098_v2_chr2D	162000000	164000000	2000000	0	0.000000
Asat_OT3098_v2_chr2D	164000000	166000000	2000000	0	0.000000
Asat_OT3098_v2_chr2D	166000000	168000000	2000000	0	0.000000
Asat_OT3098_v2_chr2D	168000000	170000000	2000000	0	0.000000
Asat_OT3098_v2_chr2D	170000000	172000000	2000000	8697	0.004348
Asat_OT3098_v2_chr2D	172000000	174000000	2000000	8457	0.004228
Asat_OT3098_v2_chr2D	174000000	176000000	2000000	13855	0.006927
Asat_OT3098_v2_chr2D	176000000	178000000	2000000	23782	0.011891
Asat_OT3098_v2_chr2D	178000000	180000000	2000000	0	0.000000
Asat_OT3098_v2_chr2D	180000000	182000000	2000000	6880	0.003440
Asat_OT3098_v2_chr2D	182000000	184000000	2000000	0	0.000000
Asat_OT3098_v2_chr2D	184000000	186000000	2000000	0	0.000000
Asat_OT3098_v2_chr2D	186000000	188000000	2000000	5366	0.002683
Asat_OT3098_v2_chr2D	188000000	190000000	2000000	0	0.000000
Asat_OT3098_v2_chr2D	190000000	192000000	2000000	8278	0.004139
Asat_OT3098_v2_chr2D	192000000	194000000	2000000	0	0.000000
Asat_OT3098_v2_chr2D	194000000	196000000	2000000	0	0.000000
Asat_OT3098_v2_chr2D	196000000	198000000	2000000	0	0.000000
Asat_OT3098_v2_chr2D	198000000	200000000	2000000	0	0.000000
Asat_OT3098_v2_chr2D	200000000	202000000	2000000	0	0.000000
Asat_OT3098_v2_chr2D	202000000	204000000	2000000	0	0.000000
Asat_OT3098_v2_chr2D	204000000	206000000	2000000	0	0.000000
Asat_OT3098_v2_chr2D	206000000	208000000	2000000	0	0.000000
Asat_OT3098_v2_chr2D	208000000	210000000	2000000	0	0.000000
Asat_OT3098_v2_chr2D	210000000	212000000	2000000	0	0.000000
Asat_OT3098_v2_chr2D	212000000	214000000	2000000	0	0.000000
Asat_OT3098_v2_chr2D	214000000	216000000	2000000	0	0.000000
Asat_OT3098_v2_chr2D	216000000	218000000	2000000	0	0.000000
Asat_OT3098_v2_chr2D	218000000	220000000	2000000	8664	0.004332
Asat_OT3098_v2_chr2D	220000000	222000000	2000000	0	0.000000
Asat_OT3098_v2_chr2D	222000000	224000000	2000000	0	0.000000
Asat_OT3098_v2_chr2D	224000000	226000000	2000000	0	0.000000
Asat_OT3098_v2_chr2D	226000000	228000000	2000000	7275	0.003638
Asat_OT3098_v2_chr2D	228000000	230000000	2000000	0	0.000000
Asat_OT3098_v2_chr2D	230000000	232000000	2000000	1045	0.000522
Asat_OT3098_v2_chr2D	232000000	234000000	2000000	0	0.000000
Asat_OT3098_v2_chr2D	234000000	236000000	2000000	0	0.000000
Asat_OT3098_v2_chr2D	236000000	238000000	2000000	0	0.000000
Asat_OT3098_v2_chr2D	238000000	240000000	2000000	0	0.000000
Asat_OT3098_v2_chr2D	240000000	242000000	2000000	9133	0.004567
Asat_OT3098_v2_chr2D	242000000	244000000	2000000	0	0.000000
Asat_OT3098_v2_chr2D	244000000	246000000	2000000	0	0.000000
Asat_OT3098_v2_chr2D	246000000	248000000	2000000	0	0.000000
Asat_OT3098_v2_chr2D	248000000	250000000	2000000	0	0.000000
Asat_OT3098_v2_chr2D	250000000	252000000	2000000	0	0.000000
Asat_OT3098_v2_chr2D	252000000	254000000	2000000	0	0.000000
Asat_OT3098_v2_chr2D	254000000	256000000	2000000	2959	0.001479
Asat_OT3098_v2_chr2D	256000000	258000000	2000000	0	0.000000
Asat_OT3098_v2_chr2D	258000000	260000000	2000000	0	0.000000
Asat_OT3098_v2_chr2D	260000000	262000000	2000000	0	0.000000
Asat_OT3098_v2_chr2D	262000000	264000000	2000000	7247	0.003623
Asat_OT3098_v2_chr2D	264000000	266000000	2000000	0	0.000000
Asat_OT3098_v2_chr2D	266000000	268000000	2000000	0	0.000000
Asat_OT3098_v2_chr2D	268000000	270000000	2000000	5391	0.002695
Asat_OT3098_v2_chr2D	270000000	272000000	2000000	13458	0.006729
Asat_OT3098_v2_chr2D	272000000	274000000	2000000	5473	0.002736
Asat_OT3098_v2_chr2D	274000000	276000000	2000000	0	0.000000
Asat_OT3098_v2_chr2D	276000000	278000000	2000000	0	0.000000
Asat_OT3098_v2_chr2D	278000000	280000000	2000000	8218	0.004109
Asat_OT3098_v2_chr2D	280000000	282000000	2000000	7988	0.003994
Asat_OT3098_v2_chr2D	282000000	284000000	2000000	0	0.000000
Asat_OT3098_v2_chr2D	284000000	286000000	2000000	8239	0.004119
Asat_OT3098_v2_chr2D	286000000	288000000	2000000	0	0.000000
Asat_OT3098_v2_chr2D	288000000	290000000	2000000	1858	0.000929
Asat_OT3098_v2_chr2D	290000000	292000000	2000000	0	0.000000
Asat_OT3098_v2_chr2D	292000000	294000000	2000000	0	0.000000
Asat_OT3098_v2_chr2D	294000000	296000000	2000000	8331	0.004165
Asat_OT3098_v2_chr2D	296000000	298000000	2000000	0	0.000000
Asat_OT3098_v2_chr2D	298000000	300000000	2000000	0	0.000000
Asat_OT3098_v2_chr2D	300000000	302000000	2000000	0	0.000000
Asat_OT3098_v2_chr2D	302000000	304000000	2000000	0	0.000000
Asat_OT3098_v2_chr2D	304000000	306000000	2000000	0	0.000000
Asat_OT3098_v2_chr2D	306000000	308000000	2000000	0	0.000000
Asat_OT3098_v2_chr2D	308000000	310000000	2000000	0	0.000000
Asat_OT3098_v2_chr2D	310000000	312000000	2000000	1099	0.000549
Asat_OT3098_v2_chr2D	312000000	314000000	2000000	16472	0.008236
Asat_OT3098_v2_chr2D	314000000	316000000	2000000	8327	0.004163
Asat_OT3098_v2_chr2D	316000000	318000000	2000000	25350	0.012675
Asat_OT3098_v2_chr2D	318000000	320000000	2000000	0	0.000000
Asat_OT3098_v2_chr2D	320000000	322000000	2000000	0	0.000000
Asat_OT3098_v2_chr2D	322000000	324000000	2000000	0	0.000000
Asat_OT3098_v2_chr2D	324000000	326000000	2000000	0	0.000000
Asat_OT3098_v2_chr2D	326000000	328000000	2000000	0	0.000000
Asat_OT3098_v2_chr2D	328000000	330000000	2000000	0	0.000000
Asat_OT3098_v2_chr2D	330000000	332000000	2000000	0	0.000000
Asat_OT3098_v2_chr2D	332000000	334000000	2000000	0	0.000000
Asat_OT3098_v2_chr2D	334000000	336000000	2000000	8237	0.004118
Asat_OT3098_v2_chr2D	336000000	338000000	2000000	0	0.000000
Asat_OT3098_v2_chr2D	338000000	340000000	2000000	0	0.000000
Asat_OT3098_v2_chr2D	340000000	342000000	2000000	0	0.000000
Asat_OT3098_v2_chr2D	342000000	344000000	2000000	8279	0.004139
Asat_OT3098_v2_chr2D	344000000	346000000	2000000	8667	0.004333
Asat_OT3098_v2_chr2D	346000000	348000000	2000000	0	0.000000
Asat_OT3098_v2_chr2D	348000000	350000000	2000000	6286	0.003143
Asat_OT3098_v2_chr2D	350000000	352000000	2000000	12263	0.006131
Asat_OT3098_v2_chr2D	352000000	354000000	2000000	14579	0.007289
Asat_OT3098_v2_chr2D	354000000	356000000	2000000	29691	0.014845
Asat_OT3098_v2_chr2D	356000000	358000000	2000000	26222	0.013111
Asat_OT3098_v2_chr2D	358000000	360000000	2000000	14906	0.007453
Asat_OT3098_v2_chr2D	360000000	362000000	2000000	28950	0.014475
Asat_OT3098_v2_chr2D	362000000	364000000	2000000	38897	0.019449
Asat_OT3098_v2_chr2D	364000000	366000000	2000000	125848	0.062924
Asat_OT3098_v2_chr2D	366000000	368000000	2000000	335972	0.167986
Asat_OT3098_v2_chr2D	368000000	370000000	2000000	679737	0.339869
Asat_OT3098_v2_chr2D	370000000	372000000	2000000	503471	0.251736
Asat_OT3098_v2_chr2D	372000000	374000000	2000000	370095	0.185048
Asat_OT3098_v2_chr2D	374000000	376000000	2000000	25670	0.012835
Asat_OT3098_v2_chr2D	376000000	378000000	2000000	35685	0.017843
Asat_OT3098_v2_chr2D	378000000	380000000	2000000	39922	0.019961
Asat_OT3098_v2_chr2D	380000000	382000000	2000000	23945	0.011973
Asat_OT3098_v2_chr2D	382000000	384000000	2000000	16120	0.008060
Asat_OT3098_v2_chr2D	384000000	386000000	2000000	16180	0.008090
Asat_OT3098_v2_chr2D	386000000	388000000	2000000	17334	0.008667
Asat_OT3098_v2_chr2D	388000000	390000000	2000000	0	0.000000
Asat_OT3098_v2_chr2D	390000000	392000000	2000000	0	0.000000
Asat_OT3098_v2_chr2D	392000000	394000000	2000000	13284	0.006642
Asat_OT3098_v2_chr2D	394000000	396000000	2000000	0	0.000000
Asat_OT3098_v2_chr2D	396000000	398000000	2000000	0	0.000000
Asat_OT3098_v2_chr2D	398000000	400000000	2000000	0	0.000000
Asat_OT3098_v2_chr2D	400000000	402000000	2000000	0	0.000000
Asat_OT3098_v2_chr2D	402000000	404000000	2000000	5918	0.002959
Asat_OT3098_v2_chr2D	404000000	406000000	2000000	0	0.000000
Asat_OT3098_v2_chr2D	406000000	408000000	2000000	1647	0.000824
Asat_OT3098_v2_chr2D	408000000	410000000	2000000	0	0.000000
Asat_OT3098_v2_chr2D	410000000	412000000	2000000	8578	0.004289
Asat_OT3098_v2_chr2D	412000000	414000000	2000000	0	0.000000
Asat_OT3098_v2_chr2D	414000000	416000000	2000000	0	0.000000
Asat_OT3098_v2_chr2D	416000000	418000000	2000000	1864	0.000932
Asat_OT3098_v2_chr2D	418000000	420000000	2000000	1431	0.000715
Asat_OT3098_v2_chr2D	420000000	422000000	2000000	8612	0.004306
Asat_OT3098_v2_chr2D	422000000	424000000	2000000	0	0.000000
Asat_OT3098_v2_chr2D	424000000	426000000	2000000	0	0.000000
Asat_OT3098_v2_chr2D	426000000	428000000	2000000	0	0.000000
Asat_OT3098_v2_chr2D	428000000	430000000	2000000	0	0.000000
Asat_OT3098_v2_chr2D	430000000	432000000	2000000	7119	0.003560
Asat_OT3098_v2_chr2D	432000000	434000000	2000000	3670	0.001835
Asat_OT3098_v2_chr2D	434000000	436000000	2000000	0	0.000000
Asat_OT3098_v2_chr2D	436000000	438000000	2000000	1095	0.000548
Asat_OT3098_v2_chr2D	438000000	440000000	2000000	0	0.000000
Asat_OT3098_v2_chr2D	440000000	442000000	2000000	0	0.000000
Asat_OT3098_v2_chr2D	442000000	444000000	2000000	16872	0.008436
Asat_OT3098_v2_chr2D	444000000	446000000	2000000	0	0.000000
Asat_OT3098_v2_chr2D	446000000	448000000	2000000	8280	0.004140
Asat_OT3098_v2_chr2D	448000000	450000000	2000000	14274	0.007137
Asat_OT3098_v2_chr2D	450000000	452000000	2000000	8700	0.004350
Asat_OT3098_v2_chr2D	452000000	454000000	2000000	8616	0.004308
Asat_OT3098_v2_chr2D	454000000	456000000	2000000	0	0.000000
Asat_OT3098_v2_chr2D	456000000	458000000	2000000	8663	0.004332
Asat_OT3098_v2_chr2D	458000000	460000000	2000000	0	0.000000
Asat_OT3098_v2_chr2D	460000000	462000000	2000000	8281	0.004141
Asat_OT3098_v2_chr2D	462000000	464000000	2000000	0	0.000000
Asat_OT3098_v2_chr2D	464000000	466000000	2000000	8132	0.004066
Asat_OT3098_v2_chr2D	466000000	468000000	2000000	0	0.000000
Asat_OT3098_v2_chr2D	468000000	470000000	2000000	0	0.000000
Asat_OT3098_v2_chr2D	470000000	472000000	2000000	5708	0.002854
Asat_OT3098_v2_chr2D	472000000	474000000	2000000	0	0.000000
Asat_OT3098_v2_chr2D	474000000	476000000	2000000	0	0.000000
Asat_OT3098_v2_chr2D	476000000	478000000	2000000	0	0.000000
Asat_OT3098_v2_chr2D	478000000	480000000	2000000	8732	0.004366
Asat_OT3098_v2_chr2D	480000000	482000000	2000000	8354	0.004177
Asat_OT3098_v2_chr2D	482000000	484000000	2000000	16877	0.008438
Asat_OT3098_v2_chr2D	484000000	486000000	2000000	16108	0.008054
Asat_OT3098_v2_chr2D	486000000	488000000	2000000	0	0.000000
Asat_OT3098_v2_chr2D	488000000	490000000	2000000	0	0.000000
Asat_OT3098_v2_chr2D	490000000	492000000	2000000	0	0.000000
Asat_OT3098_v2_chr2D	492000000	494000000	2000000	0	0.000000
Asat_OT3098_v2_chr2D	494000000	496000000	2000000	0	0.000000
Asat_OT3098_v2_chr2D	496000000	498000000	2000000	0	0.000000
Asat_OT3098_v2_chr2D	498000000	500000000	2000000	0	0.000000
Asat_OT3098_v2_chr2D	500000000	502000000	2000000	8528	0.004264
Asat_OT3098_v2_chr2D	502000000	504000000	2000000	8252	0.004126
Asat_OT3098_v2_chr2D	504000000	506000000	2000000	0	0.000000
Asat_OT3098_v2_chr2D	506000000	508000000	2000000	0	0.000000
Asat_OT3098_v2_chr2D	508000000	510000000	2000000	0	0.000000
Asat_OT3098_v2_chr2D	510000000	512000000	2000000	0	0.000000
Asat_OT3098_v2_chr2D	512000000	514000000	2000000	8701	0.004351
Asat_OT3098_v2_chr2D	514000000	516000000	2000000	0	0.000000
Asat_OT3098_v2_chr2D	516000000	518000000	2000000	0	0.000000
Asat_OT3098_v2_chr2D	518000000	520000000	2000000	9810	0.004905
Asat_OT3098_v2_chr2D	520000000	522000000	2000000	0	0.000000
Asat_OT3098_v2_chr2D	522000000	524000000	2000000	0	0.000000
Asat_OT3098_v2_chr2D	524000000	526000000	2000000	0	0.000000
Asat_OT3098_v2_chr2D	526000000	528000000	2000000	0	0.000000
Asat_OT3098_v2_chr2D	528000000	530000000	2000000	0	0.000000
Asat_OT3098_v2_chr2D	530000000	532000000	2000000	0	0.000000
Asat_OT3098_v2_chr2D	532000000	532103454	103454	0	0.000000
Asat_OT3098_v2_chr3A	0	2000000	2000000	0	0.000000
Asat_OT3098_v2_chr3A	2000000	4000000	2000000	0	0.000000
Asat_OT3098_v2_chr3A	4000000	6000000	2000000	0	0.000000
Asat_OT3098_v2_chr3A	6000000	8000000	2000000	0	0.000000
Asat_OT3098_v2_chr3A	8000000	10000000	2000000	8689	0.004345
Asat_OT3098_v2_chr3A	10000000	12000000	2000000	0	0.000000
Asat_OT3098_v2_chr3A	12000000	14000000	2000000	0	0.000000
Asat_OT3098_v2_chr3A	14000000	16000000	2000000	5730	0.002865
Asat_OT3098_v2_chr3A	16000000	18000000	2000000	0	0.000000
Asat_OT3098_v2_chr3A	18000000	20000000	2000000	15978	0.007989
Asat_OT3098_v2_chr3A	20000000	22000000	2000000	0	0.000000
Asat_OT3098_v2_chr3A	22000000	24000000	2000000	0	0.000000
Asat_OT3098_v2_chr3A	24000000	26000000	2000000	8336	0.004168
Asat_OT3098_v2_chr3A	26000000	28000000	2000000	8255	0.004128
Asat_OT3098_v2_chr3A	28000000	30000000	2000000	6051	0.003025
Asat_OT3098_v2_chr3A	30000000	32000000	2000000	16610	0.008305
Asat_OT3098_v2_chr3A	32000000	34000000	2000000	0	0.000000
Asat_OT3098_v2_chr3A	34000000	36000000	2000000	8469	0.004235
Asat_OT3098_v2_chr3A	36000000	38000000	2000000	0	0.000000
Asat_OT3098_v2_chr3A	38000000	40000000	2000000	0	0.000000
Asat_OT3098_v2_chr3A	40000000	42000000	2000000	0	0.000000
Asat_OT3098_v2_chr3A	42000000	44000000	2000000	8479	0.004240
Asat_OT3098_v2_chr3A	44000000	46000000	2000000	0	0.000000
Asat_OT3098_v2_chr3A	46000000	48000000	2000000	0	0.000000
Asat_OT3098_v2_chr3A	48000000	50000000	2000000	0	0.000000
Asat_OT3098_v2_chr3A	50000000	52000000	2000000	0	0.000000
Asat_OT3098_v2_chr3A	52000000	54000000	2000000	1059	0.000530
Asat_OT3098_v2_chr3A	54000000	56000000	2000000	9840	0.004920
Asat_OT3098_v2_chr3A	56000000	58000000	2000000	6071	0.003036
Asat_OT3098_v2_chr3A	58000000	60000000	2000000	0	0.000000
Asat_OT3098_v2_chr3A	60000000	62000000	2000000	0	0.000000
Asat_OT3098_v2_chr3A	62000000	64000000	2000000	0	0.000000
Asat_OT3098_v2_chr3A	64000000	66000000	2000000	8323	0.004162
Asat_OT3098_v2_chr3A	66000000	68000000	2000000	0	0.000000
Asat_OT3098_v2_chr3A	68000000	70000000	2000000	0	0.000000
Asat_OT3098_v2_chr3A	70000000	72000000	2000000	0	0.000000
Asat_OT3098_v2_chr3A	72000000	74000000	2000000	0	0.000000
Asat_OT3098_v2_chr3A	74000000	76000000	2000000	0	0.000000
Asat_OT3098_v2_chr3A	76000000	78000000	2000000	1486	0.000743
Asat_OT3098_v2_chr3A	78000000	80000000	2000000	0	0.000000
Asat_OT3098_v2_chr3A	80000000	82000000	2000000	0	0.000000
Asat_OT3098_v2_chr3A	82000000	84000000	2000000	0	0.000000
Asat_OT3098_v2_chr3A	84000000	86000000	2000000	0	0.000000
Asat_OT3098_v2_chr3A	86000000	88000000	2000000	11056	0.005528
Asat_OT3098_v2_chr3A	88000000	90000000	2000000	28677	0.014339
Asat_OT3098_v2_chr3A	90000000	92000000	2000000	0	0.000000
Asat_OT3098_v2_chr3A	92000000	94000000	2000000	0	0.000000
Asat_OT3098_v2_chr3A	94000000	96000000	2000000	0	0.000000
Asat_OT3098_v2_chr3A	96000000	98000000	2000000	12336	0.006168
Asat_OT3098_v2_chr3A	98000000	100000000	2000000	0	0.000000
Asat_OT3098_v2_chr3A	100000000	102000000	2000000	0	0.000000
Asat_OT3098_v2_chr3A	102000000	104000000	2000000	16575	0.008287
Asat_OT3098_v2_chr3A	104000000	106000000	2000000	0	0.000000
Asat_OT3098_v2_chr3A	106000000	108000000	2000000	0	0.000000
Asat_OT3098_v2_chr3A	108000000	110000000	2000000	0	0.000000
Asat_OT3098_v2_chr3A	110000000	112000000	2000000	8411	0.004206
Asat_OT3098_v2_chr3A	112000000	114000000	2000000	26408	0.013204
Asat_OT3098_v2_chr3A	114000000	116000000	2000000	0	0.000000
Asat_OT3098_v2_chr3A	116000000	118000000	2000000	0	0.000000
Asat_OT3098_v2_chr3A	118000000	120000000	2000000	0	0.000000
Asat_OT3098_v2_chr3A	120000000	122000000	2000000	0	0.000000
Asat_OT3098_v2_chr3A	122000000	124000000	2000000	0	0.000000
Asat_OT3098_v2_chr3A	124000000	126000000	2000000	0	0.000000
Asat_OT3098_v2_chr3A	126000000	128000000	2000000	0	0.000000
Asat_OT3098_v2_chr3A	128000000	130000000	2000000	0	0.000000
Asat_OT3098_v2_chr3A	130000000	132000000	2000000	0	0.000000
Asat_OT3098_v2_chr3A	132000000	134000000	2000000	0	0.000000
Asat_OT3098_v2_chr3A	134000000	136000000	2000000	0	0.000000
Asat_OT3098_v2_chr3A	136000000	138000000	2000000	0	0.000000
Asat_OT3098_v2_chr3A	138000000	140000000	2000000	0	0.000000
Asat_OT3098_v2_chr3A	140000000	142000000	2000000	0	0.000000
Asat_OT3098_v2_chr3A	142000000	144000000	2000000	0	0.000000
Asat_OT3098_v2_chr3A	144000000	146000000	2000000	8250	0.004125
Asat_OT3098_v2_chr3A	146000000	148000000	2000000	0	0.000000
Asat_OT3098_v2_chr3A	148000000	150000000	2000000	0	0.000000
Asat_OT3098_v2_chr3A	150000000	152000000	2000000	8288	0.004144
Asat_OT3098_v2_chr3A	152000000	154000000	2000000	0	0.000000
Asat_OT3098_v2_chr3A	154000000	156000000	2000000	0	0.000000
Asat_OT3098_v2_chr3A	156000000	158000000	2000000	0	0.000000
Asat_OT3098_v2_chr3A	158000000	160000000	2000000	0	0.000000
Asat_OT3098_v2_chr3A	160000000	162000000	2000000	0	0.000000
Asat_OT3098_v2_chr3A	162000000	164000000	2000000	0	0.000000
Asat_OT3098_v2_chr3A	164000000	166000000	2000000	0	0.000000
Asat_OT3098_v2_chr3A	166000000	168000000	2000000	0	0.000000
Asat_OT3098_v2_chr3A	168000000	170000000	2000000	0	0.000000
Asat_OT3098_v2_chr3A	170000000	172000000	2000000	13329	0.006665
Asat_OT3098_v2_chr3A	172000000	174000000	2000000	0	0.000000
Asat_OT3098_v2_chr3A	174000000	176000000	2000000	0	0.000000
Asat_OT3098_v2_chr3A	176000000	178000000	2000000	0	0.000000
Asat_OT3098_v2_chr3A	178000000	180000000	2000000	0	0.000000
Asat_OT3098_v2_chr3A	180000000	182000000	2000000	0	0.000000
Asat_OT3098_v2_chr3A	182000000	184000000	2000000	5116	0.002558
Asat_OT3098_v2_chr3A	184000000	186000000	2000000	0	0.000000
Asat_OT3098_v2_chr3A	186000000	188000000	2000000	17029	0.008514
Asat_OT3098_v2_chr3A	188000000	190000000	2000000	0	0.000000
Asat_OT3098_v2_chr3A	190000000	192000000	2000000	1662	0.000831
Asat_OT3098_v2_chr3A	192000000	194000000	2000000	5835	0.002917
Asat_OT3098_v2_chr3A	194000000	196000000	2000000	5183	0.002592
Asat_OT3098_v2_chr3A	196000000	198000000	2000000	3108	0.001554
Asat_OT3098_v2_chr3A	198000000	200000000	2000000	0	0.000000
Asat_OT3098_v2_chr3A	200000000	202000000	2000000	6872	0.003436
Asat_OT3098_v2_chr3A	202000000	204000000	2000000	0	0.000000
Asat_OT3098_v2_chr3A	204000000	206000000	2000000	8580	0.004290
Asat_OT3098_v2_chr3A	206000000	208000000	2000000	15705	0.007853
Asat_OT3098_v2_chr3A	208000000	210000000	2000000	0	0.000000
Asat_OT3098_v2_chr3A	210000000	212000000	2000000	8204	0.004102
Asat_OT3098_v2_chr3A	212000000	214000000	2000000	19332	0.009666
Asat_OT3098_v2_chr3A	214000000	216000000	2000000	5516	0.002758
Asat_OT3098_v2_chr3A	216000000	218000000	2000000	0	0.000000
Asat_OT3098_v2_chr3A	218000000	220000000	2000000	14623	0.007312
Asat_OT3098_v2_chr3A	220000000	222000000	2000000	8620	0.004310
Asat_OT3098_v2_chr3A	222000000	224000000	2000000	16561	0.008280
Asat_OT3098_v2_chr3A	224000000	226000000	2000000	1077	0.000539
Asat_OT3098_v2_chr3A	226000000	228000000	2000000	58859	0.029430
Asat_OT3098_v2_chr3A	228000000	230000000	2000000	0	0.000000
Asat_OT3098_v2_chr3A	230000000	232000000	2000000	12004	0.006002
Asat_OT3098_v2_chr3A	232000000	234000000	2000000	244204	0.122102
Asat_OT3098_v2_chr3A	234000000	236000000	2000000	197383	0.098692
Asat_OT3098_v2_chr3A	236000000	238000000	2000000	739523	0.369762
Asat_OT3098_v2_chr3A	238000000	240000000	2000000	723553	0.361777
Asat_OT3098_v2_chr3A	240000000	242000000	2000000	873241	0.436621
Asat_OT3098_v2_chr3A	242000000	244000000	2000000	296725	0.148363
Asat_OT3098_v2_chr3A	244000000	246000000	2000000	25926	0.012963
Asat_OT3098_v2_chr3A	246000000	248000000	2000000	1096	0.000548
Asat_OT3098_v2_chr3A	248000000	250000000	2000000	13499	0.006750
Asat_OT3098_v2_chr3A	250000000	252000000	2000000	0	0.000000
Asat_OT3098_v2_chr3A	252000000	254000000	2000000	78394	0.039197
Asat_OT3098_v2_chr3A	254000000	256000000	2000000	36892	0.018446
Asat_OT3098_v2_chr3A	256000000	258000000	2000000	8693	0.004346
Asat_OT3098_v2_chr3A	258000000	260000000	2000000	18986	0.009493
Asat_OT3098_v2_chr3A	260000000	262000000	2000000	8335	0.004168
Asat_OT3098_v2_chr3A	262000000	264000000	2000000	0	0.000000
Asat_OT3098_v2_chr3A	264000000	266000000	2000000	0	0.000000
Asat_OT3098_v2_chr3A	266000000	268000000	2000000	7798	0.003899
Asat_OT3098_v2_chr3A	268000000	270000000	2000000	11944	0.005972
Asat_OT3098_v2_chr3A	270000000	272000000	2000000	0	0.000000
Asat_OT3098_v2_chr3A	272000000	274000000	2000000	30334	0.015167
Asat_OT3098_v2_chr3A	274000000	276000000	2000000	13557	0.006778
Asat_OT3098_v2_chr3A	276000000	278000000	2000000	6473	0.003236
Asat_OT3098_v2_chr3A	278000000	280000000	2000000	8205	0.004103
Asat_OT3098_v2_chr3A	280000000	282000000	2000000	0	0.000000
Asat_OT3098_v2_chr3A	282000000	284000000	2000000	0	0.000000
Asat_OT3098_v2_chr3A	284000000	286000000	2000000	0	0.000000
Asat_OT3098_v2_chr3A	286000000	288000000	2000000	0	0.000000
Asat_OT3098_v2_chr3A	288000000	290000000	2000000	0	0.000000
Asat_OT3098_v2_chr3A	290000000	292000000	2000000	0	0.000000
Asat_OT3098_v2_chr3A	292000000	294000000	2000000	0	0.000000
Asat_OT3098_v2_chr3A	294000000	296000000	2000000	8223	0.004111
Asat_OT3098_v2_chr3A	296000000	298000000	2000000	0	0.000000
Asat_OT3098_v2_chr3A	298000000	300000000	2000000	0	0.000000
Asat_OT3098_v2_chr3A	300000000	302000000	2000000	8172	0.004086
Asat_OT3098_v2_chr3A	302000000	304000000	2000000	0	0.000000
Asat_OT3098_v2_chr3A	304000000	306000000	2000000	8519	0.004260
Asat_OT3098_v2_chr3A	306000000	308000000	2000000	0	0.000000
Asat_OT3098_v2_chr3A	308000000	310000000	2000000	0	0.000000
Asat_OT3098_v2_chr3A	310000000	312000000	2000000	0	0.000000
Asat_OT3098_v2_chr3A	312000000	314000000	2000000	0	0.000000
Asat_OT3098_v2_chr3A	314000000	316000000	2000000	8332	0.004166
Asat_OT3098_v2_chr3A	316000000	318000000	2000000	0	0.000000
Asat_OT3098_v2_chr3A	318000000	320000000	2000000	0	0.000000
Asat_OT3098_v2_chr3A	320000000	322000000	2000000	8520	0.004260
Asat_OT3098_v2_chr3A	322000000	324000000	2000000	8311	0.004156
Asat_OT3098_v2_chr3A	324000000	326000000	2000000	8349	0.004175
Asat_OT3098_v2_chr3A	326000000	328000000	2000000	0	0.000000
Asat_OT3098_v2_chr3A	328000000	330000000	2000000	0	0.000000
Asat_OT3098_v2_chr3A	330000000	332000000	2000000	0	0.000000
Asat_OT3098_v2_chr3A	332000000	334000000	2000000	0	0.000000
Asat_OT3098_v2_chr3A	334000000	336000000	2000000	0	0.000000
Asat_OT3098_v2_chr3A	336000000	338000000	2000000	15998	0.007999
Asat_OT3098_v2_chr3A	338000000	340000000	2000000	1819	0.000910
Asat_OT3098_v2_chr3A	340000000	342000000	2000000	0	0.000000
Asat_OT3098_v2_chr3A	342000000	344000000	2000000	0	0.000000
Asat_OT3098_v2_chr3A	344000000	346000000	2000000	6352	0.003176
Asat_OT3098_v2_chr3A	346000000	348000000	2000000	0	0.000000
Asat_OT3098_v2_chr3A	348000000	350000000	2000000	0	0.000000
Asat_OT3098_v2_chr3A	350000000	352000000	2000000	0	0.000000
Asat_OT3098_v2_chr3A	352000000	354000000	2000000	0	0.000000
Asat_OT3098_v2_chr3A	354000000	356000000	2000000	0	0.000000
Asat_OT3098_v2_chr3A	356000000	358000000	2000000	7515	0.003757
Asat_OT3098_v2_chr3A	358000000	360000000	2000000	0	0.000000
Asat_OT3098_v2_chr3A	360000000	362000000	2000000	0	0.000000
Asat_OT3098_v2_chr3A	362000000	364000000	2000000	8606	0.004303
Asat_OT3098_v2_chr3A	364000000	366000000	2000000	0	0.000000
Asat_OT3098_v2_chr3A	366000000	368000000	2000000	0	0.000000
Asat_OT3098_v2_chr3A	368000000	370000000	2000000	0	0.000000
Asat_OT3098_v2_chr3A	370000000	372000000	2000000	0	0.000000
Asat_OT3098_v2_chr3A	372000000	374000000	2000000	0	0.000000
Asat_OT3098_v2_chr3A	374000000	376000000	2000000	15603	0.007802
Asat_OT3098_v2_chr3A	376000000	378000000	2000000	1066	0.000533
Asat_OT3098_v2_chr3A	378000000	380000000	2000000	0	0.000000
Asat_OT3098_v2_chr3A	380000000	382000000	2000000	8659	0.004330
Asat_OT3098_v2_chr3A	382000000	384000000	2000000	0	0.000000
Asat_OT3098_v2_chr3A	384000000	386000000	2000000	0	0.000000
Asat_OT3098_v2_chr3A	386000000	388000000	2000000	0	0.000000
Asat_OT3098_v2_chr3A	388000000	390000000	2000000	16941	0.008471
Asat_OT3098_v2_chr3A	390000000	392000000	2000000	8724	0.004362
Asat_OT3098_v2_chr3A	392000000	394000000	2000000	0	0.000000
Asat_OT3098_v2_chr3A	394000000	396000000	2000000	0	0.000000
Asat_OT3098_v2_chr3A	396000000	398000000	2000000	0	0.000000
Asat_OT3098_v2_chr3A	398000000	400000000	2000000	0	0.000000
Asat_OT3098_v2_chr3A	400000000	402000000	2000000	0	0.000000
Asat_OT3098_v2_chr3A	402000000	404000000	2000000	5697	0.002848
Asat_OT3098_v2_chr3A	404000000	406000000	2000000	0	0.000000
Asat_OT3098_v2_chr3A	406000000	408000000	2000000	0	0.000000
Asat_OT3098_v2_chr3A	408000000	410000000	2000000	0	0.000000
Asat_OT3098_v2_chr3A	410000000	412000000	2000000	0	0.000000
Asat_OT3098_v2_chr3A	412000000	414000000	2000000	0	0.000000
Asat_OT3098_v2_chr3A	414000000	416000000	2000000	0	0.000000
Asat_OT3098_v2_chr3A	416000000	418000000	2000000	0	0.000000
Asat_OT3098_v2_chr3A	418000000	420000000	2000000	7828	0.003914
Asat_OT3098_v2_chr3A	420000000	422000000	2000000	0	0.000000
Asat_OT3098_v2_chr3A	422000000	424000000	2000000	7438	0.003719
Asat_OT3098_v2_chr3A	424000000	425675180	1675180	6226	0.003717
Asat_OT3098_v2_chr3C	0	2000000	2000000	18438	0.009219
Asat_OT3098_v2_chr3C	2000000	4000000	2000000	0	0.000000
Asat_OT3098_v2_chr3C	4000000	6000000	2000000	0	0.000000
Asat_OT3098_v2_chr3C	6000000	8000000	2000000	0	0.000000
Asat_OT3098_v2_chr3C	8000000	10000000	2000000	0	0.000000
Asat_OT3098_v2_chr3C	10000000	12000000	2000000	0	0.000000
Asat_OT3098_v2_chr3C	12000000	14000000	2000000	0	0.000000
Asat_OT3098_v2_chr3C	14000000	16000000	2000000	6416	0.003208
Asat_OT3098_v2_chr3C	16000000	18000000	2000000	0	0.000000
Asat_OT3098_v2_chr3C	18000000	20000000	2000000	1064	0.000532
Asat_OT3098_v2_chr3C	20000000	22000000	2000000	0	0.000000
Asat_OT3098_v2_chr3C	22000000	24000000	2000000	0	0.000000
Asat_OT3098_v2_chr3C	24000000	26000000	2000000	0	0.000000
Asat_OT3098_v2_chr3C	26000000	28000000	2000000	0	0.000000
Asat_OT3098_v2_chr3C	28000000	30000000	2000000	7882	0.003941
Asat_OT3098_v2_chr3C	30000000	32000000	2000000	12701	0.006351
Asat_OT3098_v2_chr3C	32000000	34000000	2000000	2491	0.001246
Asat_OT3098_v2_chr3C	34000000	36000000	2000000	0	0.000000
Asat_OT3098_v2_chr3C	36000000	38000000	2000000	0	0.000000
Asat_OT3098_v2_chr3C	38000000	40000000	2000000	1041	0.000521
Asat_OT3098_v2_chr3C	40000000	42000000	2000000	1005	0.000503
Asat_OT3098_v2_chr3C	42000000	44000000	2000000	4845	0.002423
Asat_OT3098_v2_chr3C	44000000	46000000	2000000	8603	0.004301
Asat_OT3098_v2_chr3C	46000000	48000000	2000000	0	0.000000
Asat_OT3098_v2_chr3C	48000000	50000000	2000000	0	0.000000
Asat_OT3098_v2_chr3C	50000000	52000000	2000000	0	0.000000
Asat_OT3098_v2_chr3C	52000000	54000000	2000000	0	0.000000
Asat_OT3098_v2_chr3C	54000000	56000000	2000000	0	0.000000
Asat_OT3098_v2_chr3C	56000000	58000000	2000000	0	0.000000
Asat_OT3098_v2_chr3C	58000000	60000000	2000000	0	0.000000
Asat_OT3098_v2_chr3C	60000000	62000000	2000000	1253	0.000626
Asat_OT3098_v2_chr3C	62000000	64000000	2000000	0	0.000000
Asat_OT3098_v2_chr3C	64000000	66000000	2000000	0	0.000000
Asat_OT3098_v2_chr3C	66000000	68000000	2000000	0	0.000000
Asat_OT3098_v2_chr3C	68000000	70000000	2000000	0	0.000000
Asat_OT3098_v2_chr3C	70000000	72000000	2000000	7509	0.003755
Asat_OT3098_v2_chr3C	72000000	74000000	2000000	0	0.000000
Asat_OT3098_v2_chr3C	74000000	76000000	2000000	0	0.000000
Asat_OT3098_v2_chr3C	76000000	78000000	2000000	0	0.000000
Asat_OT3098_v2_chr3C	78000000	80000000	2000000	13165	0.006582
Asat_OT3098_v2_chr3C	80000000	82000000	2000000	0	0.000000
Asat_OT3098_v2_chr3C	82000000	84000000	2000000	0	0.000000
Asat_OT3098_v2_chr3C	84000000	86000000	2000000	0	0.000000
Asat_OT3098_v2_chr3C	86000000	88000000	2000000	3172	0.001586
Asat_OT3098_v2_chr3C	88000000	90000000	2000000	0	0.000000
Asat_OT3098_v2_chr3C	90000000	92000000	2000000	0	0.000000
Asat_OT3098_v2_chr3C	92000000	94000000	2000000	0	0.000000
Asat_OT3098_v2_chr3C	94000000	96000000	2000000	0	0.000000
Asat_OT3098_v2_chr3C	96000000	98000000	2000000	0	0.000000
Asat_OT3098_v2_chr3C	98000000	100000000	2000000	0	0.000000
Asat_OT3098_v2_chr3C	100000000	102000000	2000000	0	0.000000
Asat_OT3098_v2_chr3C	102000000	104000000	2000000	6325	0.003162
Asat_OT3098_v2_chr3C	104000000	106000000	2000000	0	0.000000
Asat_OT3098_v2_chr3C	106000000	108000000	2000000	0	0.000000
Asat_OT3098_v2_chr3C	108000000	110000000	2000000	0	0.000000
Asat_OT3098_v2_chr3C	110000000	112000000	2000000	0	0.000000
Asat_OT3098_v2_chr3C	112000000	114000000	2000000	0	0.000000
Asat_OT3098_v2_chr3C	114000000	116000000	2000000	0	0.000000
Asat_OT3098_v2_chr3C	116000000	118000000	2000000	0	0.000000
Asat_OT3098_v2_chr3C	118000000	120000000	2000000	14434	0.007217
Asat_OT3098_v2_chr3C	120000000	122000000	2000000	0	0.000000
Asat_OT3098_v2_chr3C	122000000	124000000	2000000	14013	0.007006
Asat_OT3098_v2_chr3C	124000000	126000000	2000000	11801	0.005901
Asat_OT3098_v2_chr3C	126000000	128000000	2000000	16069	0.008034
Asat_OT3098_v2_chr3C	128000000	130000000	2000000	35950	0.017975
Asat_OT3098_v2_chr3C	130000000	132000000	2000000	12637	0.006319
Asat_OT3098_v2_chr3C	132000000	134000000	2000000	0	0.000000
Asat_OT3098_v2_chr3C	134000000	136000000	2000000	0	0.000000
Asat_OT3098_v2_chr3C	136000000	138000000	2000000	0	0.000000
Asat_OT3098_v2_chr3C	138000000	140000000	2000000	8298	0.004149
Asat_OT3098_v2_chr3C	140000000	142000000	2000000	0	0.000000
Asat_OT3098_v2_chr3C	142000000	144000000	2000000	0	0.000000
Asat_OT3098_v2_chr3C	144000000	146000000	2000000	8719	0.004359
Asat_OT3098_v2_chr3C	146000000	148000000	2000000	4238	0.002119
Asat_OT3098_v2_chr3C	148000000	150000000	2000000	7341	0.003671
Asat_OT3098_v2_chr3C	150000000	152000000	2000000	0	0.000000
Asat_OT3098_v2_chr3C	152000000	154000000	2000000	0	0.000000
Asat_OT3098_v2_chr3C	154000000	156000000	2000000	0	0.000000
Asat_OT3098_v2_chr3C	156000000	158000000	2000000	0	0.000000
Asat_OT3098_v2_chr3C	158000000	160000000	2000000	0	0.000000
Asat_OT3098_v2_chr3C	160000000	162000000	2000000	2876	0.001438
Asat_OT3098_v2_chr3C	162000000	164000000	2000000	0	0.000000
Asat_OT3098_v2_chr3C	164000000	166000000	2000000	0	0.000000
Asat_OT3098_v2_chr3C	166000000	168000000	2000000	8336	0.004168
Asat_OT3098_v2_chr3C	168000000	170000000	2000000	0	0.000000
Asat_OT3098_v2_chr3C	170000000	172000000	2000000	0	0.000000
Asat_OT3098_v2_chr3C	172000000	174000000	2000000	0	0.000000
Asat_OT3098_v2_chr3C	174000000	176000000	2000000	0	0.000000
Asat_OT3098_v2_chr3C	176000000	178000000	2000000	2872	0.001436
Asat_OT3098_v2_chr3C	178000000	180000000	2000000	0	0.000000
Asat_OT3098_v2_chr3C	180000000	182000000	2000000	0	0.000000
Asat_OT3098_v2_chr3C	182000000	184000000	2000000	0	0.000000
Asat_OT3098_v2_chr3C	184000000	186000000	2000000	0	0.000000
Asat_OT3098_v2_chr3C	186000000	188000000	2000000	0	0.000000
Asat_OT3098_v2_chr3C	188000000	190000000	2000000	0	0.000000
Asat_OT3098_v2_chr3C	190000000	192000000	2000000	0	0.000000
Asat_OT3098_v2_chr3C	192000000	194000000	2000000	0	0.000000
Asat_OT3098_v2_chr3C	194000000	196000000	2000000	0	0.000000
Asat_OT3098_v2_chr3C	196000000	198000000	2000000	0	0.000000
Asat_OT3098_v2_chr3C	198000000	200000000	2000000	0	0.000000
Asat_OT3098_v2_chr3C	200000000	202000000	2000000	0	0.000000
Asat_OT3098_v2_chr3C	202000000	204000000	2000000	0	0.000000
Asat_OT3098_v2_chr3C	204000000	206000000	2000000	0	0.000000
Asat_OT3098_v2_chr3C	206000000	208000000	2000000	5193	0.002596
Asat_OT3098_v2_chr3C	208000000	210000000	2000000	35271	0.017635
Asat_OT3098_v2_chr3C	210000000	212000000	2000000	1284	0.000642
Asat_OT3098_v2_chr3C	212000000	214000000	2000000	16454	0.008227
Asat_OT3098_v2_chr3C	214000000	216000000	2000000	0	0.000000
Asat_OT3098_v2_chr3C	216000000	218000000	2000000	0	0.000000
Asat_OT3098_v2_chr3C	218000000	220000000	2000000	17360	0.008680
Asat_OT3098_v2_chr3C	220000000	222000000	2000000	0	0.000000
Asat_OT3098_v2_chr3C	222000000	224000000	2000000	24197	0.012098
Asat_OT3098_v2_chr3C	224000000	226000000	2000000	15156	0.007578
Asat_OT3098_v2_chr3C	226000000	228000000	2000000	7575	0.003788
Asat_OT3098_v2_chr3C	228000000	230000000	2000000	8824	0.004412
Asat_OT3098_v2_chr3C	230000000	232000000	2000000	8322	0.004161
Asat_OT3098_v2_chr3C	232000000	234000000	2000000	7537	0.003769
Asat_OT3098_v2_chr3C	234000000	236000000	2000000	5442	0.002721
Asat_OT3098_v2_chr3C	236000000	238000000	2000000	85394	0.042697
Asat_OT3098_v2_chr3C	238000000	240000000	2000000	118360	0.059180
Asat_OT3098_v2_chr3C	240000000	242000000	2000000	87010	0.043505
Asat_OT3098_v2_chr3C	242000000	244000000	2000000	244846	0.122423
Asat_OT3098_v2_chr3C	244000000	246000000	2000000	338368	0.169184
Asat_OT3098_v2_chr3C	246000000	248000000	2000000	0	0.000000
Asat_OT3098_v2_chr3C	248000000	250000000	2000000	73654	0.036827
Asat_OT3098_v2_chr3C	250000000	252000000	2000000	0	0.000000
Asat_OT3098_v2_chr3C	252000000	254000000	2000000	0	0.000000
Asat_OT3098_v2_chr3C	254000000	256000000	2000000	3343	0.001672
Asat_OT3098_v2_chr3C	256000000	258000000	2000000	11194	0.005597
Asat_OT3098_v2_chr3C	258000000	260000000	2000000	0	0.000000
Asat_OT3098_v2_chr3C	260000000	262000000	2000000	0	0.000000
Asat_OT3098_v2_chr3C	262000000	264000000	2000000	0	0.000000
Asat_OT3098_v2_chr3C	264000000	266000000	2000000	0	0.000000
Asat_OT3098_v2_chr3C	266000000	268000000	2000000	0	0.000000
Asat_OT3098_v2_chr3C	268000000	270000000	2000000	0	0.000000
Asat_OT3098_v2_chr3C	270000000	272000000	2000000	0	0.000000
Asat_OT3098_v2_chr3C	272000000	274000000	2000000	0	0.000000
Asat_OT3098_v2_chr3C	274000000	276000000	2000000	0	0.000000
Asat_OT3098_v2_chr3C	276000000	278000000	2000000	0	0.000000
Asat_OT3098_v2_chr3C	278000000	280000000	2000000	0	0.000000
Asat_OT3098_v2_chr3C	280000000	282000000	2000000	0	0.000000
Asat_OT3098_v2_chr3C	282000000	284000000	2000000	1862	0.000931
Asat_OT3098_v2_chr3C	284000000	286000000	2000000	0	0.000000
Asat_OT3098_v2_chr3C	286000000	288000000	2000000	6401	0.003200
Asat_OT3098_v2_chr3C	288000000	290000000	2000000	0	0.000000
Asat_OT3098_v2_chr3C	290000000	292000000	2000000	10363	0.005182
Asat_OT3098_v2_chr3C	292000000	294000000	2000000	1290	0.000645
Asat_OT3098_v2_chr3C	294000000	296000000	2000000	24167	0.012084
Asat_OT3098_v2_chr3C	296000000	298000000	2000000	54472	0.027236
Asat_OT3098_v2_chr3C	298000000	300000000	2000000	0	0.000000
Asat_OT3098_v2_chr3C	300000000	302000000	2000000	14398	0.007199
Asat_OT3098_v2_chr3C	302000000	304000000	2000000	120173	0.060087
Asat_OT3098_v2_chr3C	304000000	306000000	2000000	38321	0.019161
Asat_OT3098_v2_chr3C	306000000	308000000	2000000	24344	0.012172
Asat_OT3098_v2_chr3C	308000000	310000000	2000000	0	0.000000
Asat_OT3098_v2_chr3C	310000000	312000000	2000000	0	0.000000
Asat_OT3098_v2_chr3C	312000000	314000000	2000000	0	0.000000
Asat_OT3098_v2_chr3C	314000000	316000000	2000000	0	0.000000
Asat_OT3098_v2_chr3C	316000000	318000000	2000000	1273	0.000637
Asat_OT3098_v2_chr3C	318000000	320000000	2000000	8251	0.004125
Asat_OT3098_v2_chr3C	320000000	322000000	2000000	0	0.000000
Asat_OT3098_v2_chr3C	322000000	324000000	2000000	110260	0.055130
Asat_OT3098_v2_chr3C	324000000	326000000	2000000	0	0.000000
Asat_OT3098_v2_chr3C	326000000	328000000	2000000	0	0.000000
Asat_OT3098_v2_chr3C	328000000	330000000	2000000	0	0.000000
Asat_OT3098_v2_chr3C	330000000	332000000	2000000	0	0.000000
Asat_OT3098_v2_chr3C	332000000	334000000	2000000	19698	0.009849
Asat_OT3098_v2_chr3C	334000000	336000000	2000000	17027	0.008514
Asat_OT3098_v2_chr3C	336000000	338000000	2000000	24661	0.012330
Asat_OT3098_v2_chr3C	338000000	340000000	2000000	6078	0.003039
Asat_OT3098_v2_chr3C	340000000	342000000	2000000	0	0.000000
Asat_OT3098_v2_chr3C	342000000	344000000	2000000	5306	0.002653
Asat_OT3098_v2_chr3C	344000000	346000000	2000000	0	0.000000
Asat_OT3098_v2_chr3C	346000000	348000000	2000000	0	0.000000
Asat_OT3098_v2_chr3C	348000000	350000000	2000000	81509	0.040754
Asat_OT3098_v2_chr3C	350000000	352000000	2000000	72828	0.036414
Asat_OT3098_v2_chr3C	352000000	354000000	2000000	81661	0.040830
Asat_OT3098_v2_chr3C	354000000	356000000	2000000	88278	0.044139
Asat_OT3098_v2_chr3C	356000000	358000000	2000000	0	0.000000
Asat_OT3098_v2_chr3C	358000000	360000000	2000000	0	0.000000
Asat_OT3098_v2_chr3C	360000000	362000000	2000000	0	0.000000
Asat_OT3098_v2_chr3C	362000000	364000000	2000000	2948	0.001474
Asat_OT3098_v2_chr3C	364000000	366000000	2000000	0	0.000000
Asat_OT3098_v2_chr3C	366000000	368000000	2000000	0	0.000000
Asat_OT3098_v2_chr3C	368000000	370000000	2000000	0	0.000000
Asat_OT3098_v2_chr3C	370000000	372000000	2000000	0	0.000000
Asat_OT3098_v2_chr3C	372000000	374000000	2000000	0	0.000000
Asat_OT3098_v2_chr3C	374000000	376000000	2000000	0	0.000000
Asat_OT3098_v2_chr3C	376000000	378000000	2000000	0	0.000000
Asat_OT3098_v2_chr3C	378000000	380000000	2000000	0	0.000000
Asat_OT3098_v2_chr3C	380000000	382000000	2000000	0	0.000000
Asat_OT3098_v2_chr3C	382000000	384000000	2000000	0	0.000000
Asat_OT3098_v2_chr3C	384000000	386000000	2000000	16211	0.008105
Asat_OT3098_v2_chr3C	386000000	388000000	2000000	0	0.000000
Asat_OT3098_v2_chr3C	388000000	390000000	2000000	0	0.000000
Asat_OT3098_v2_chr3C	390000000	392000000	2000000	0	0.000000
Asat_OT3098_v2_chr3C	392000000	394000000	2000000	0	0.000000
Asat_OT3098_v2_chr3C	394000000	396000000	2000000	0	0.000000
Asat_OT3098_v2_chr3C	396000000	398000000	2000000	0	0.000000
Asat_OT3098_v2_chr3C	398000000	400000000	2000000	5344	0.002672
Asat_OT3098_v2_chr3C	400000000	402000000	2000000	0	0.000000
Asat_OT3098_v2_chr3C	402000000	404000000	2000000	0	0.000000
Asat_OT3098_v2_chr3C	404000000	406000000	2000000	0	0.000000
Asat_OT3098_v2_chr3C	406000000	408000000	2000000	0	0.000000
Asat_OT3098_v2_chr3C	408000000	410000000	2000000	0	0.000000
Asat_OT3098_v2_chr3C	410000000	412000000	2000000	1380	0.000690
Asat_OT3098_v2_chr3C	412000000	414000000	2000000	0	0.000000
Asat_OT3098_v2_chr3C	414000000	416000000	2000000	0	0.000000
Asat_OT3098_v2_chr3C	416000000	418000000	2000000	0	0.000000
Asat_OT3098_v2_chr3C	418000000	420000000	2000000	0	0.000000
Asat_OT3098_v2_chr3C	420000000	422000000	2000000	0	0.000000
Asat_OT3098_v2_chr3C	422000000	424000000	2000000	0	0.000000
Asat_OT3098_v2_chr3C	424000000	426000000	2000000	0	0.000000
Asat_OT3098_v2_chr3C	426000000	428000000	2000000	0	0.000000
Asat_OT3098_v2_chr3C	428000000	430000000	2000000	0	0.000000
Asat_OT3098_v2_chr3C	430000000	432000000	2000000	0	0.000000
Asat_OT3098_v2_chr3C	432000000	434000000	2000000	0	0.000000
Asat_OT3098_v2_chr3C	434000000	436000000	2000000	0	0.000000
Asat_OT3098_v2_chr3C	436000000	438000000	2000000	0	0.000000
Asat_OT3098_v2_chr3C	438000000	440000000	2000000	0	0.000000
Asat_OT3098_v2_chr3C	440000000	442000000	2000000	17162	0.008581
Asat_OT3098_v2_chr3C	442000000	444000000	2000000	0	0.000000
Asat_OT3098_v2_chr3C	444000000	446000000	2000000	0	0.000000
Asat_OT3098_v2_chr3C	446000000	448000000	2000000	7244	0.003622
Asat_OT3098_v2_chr3C	448000000	450000000	2000000	0	0.000000
Asat_OT3098_v2_chr3C	450000000	452000000	2000000	2852	0.001426
Asat_OT3098_v2_chr3C	452000000	454000000	2000000	0	0.000000
Asat_OT3098_v2_chr3C	454000000	456000000	2000000	0	0.000000
Asat_OT3098_v2_chr3C	456000000	458000000	2000000	0	0.000000
Asat_OT3098_v2_chr3C	458000000	460000000	2000000	2867	0.001434
Asat_OT3098_v2_chr3C	460000000	462000000	2000000	6365	0.003182
Asat_OT3098_v2_chr3C	462000000	464000000	2000000	0	0.000000
Asat_OT3098_v2_chr3C	464000000	466000000	2000000	0	0.000000
Asat_OT3098_v2_chr3C	466000000	468000000	2000000	7583	0.003792
Asat_OT3098_v2_chr3C	468000000	470000000	2000000	0	0.000000
Asat_OT3098_v2_chr3C	470000000	472000000	2000000	7761	0.003880
Asat_OT3098_v2_chr3C	472000000	474000000	2000000	8658	0.004329
Asat_OT3098_v2_chr3C	474000000	476000000	2000000	0	0.000000
Asat_OT3098_v2_chr3C	476000000	478000000	2000000	0	0.000000
Asat_OT3098_v2_chr3C	478000000	480000000	2000000	0	0.000000
Asat_OT3098_v2_chr3C	480000000	482000000	2000000	0	0.000000
Asat_OT3098_v2_chr3C	482000000	484000000	2000000	0	0.000000
Asat_OT3098_v2_chr3C	484000000	486000000	2000000	0	0.000000
Asat_OT3098_v2_chr3C	486000000	488000000	2000000	6349	0.003174
Asat_OT3098_v2_chr3C	488000000	490000000	2000000	0	0.000000
Asat_OT3098_v2_chr3C	490000000	492000000	2000000	0	0.000000
Asat_OT3098_v2_chr3C	492000000	494000000	2000000	0	0.000000
Asat_OT3098_v2_chr3C	494000000	496000000	2000000	0	0.000000
Asat_OT3098_v2_chr3C	496000000	498000000	2000000	0	0.000000
Asat_OT3098_v2_chr3C	498000000	500000000	2000000	0	0.000000
Asat_OT3098_v2_chr3C	500000000	502000000	2000000	0	0.000000
Asat_OT3098_v2_chr3C	502000000	504000000	2000000	0	0.000000
Asat_OT3098_v2_chr3C	504000000	506000000	2000000	10324	0.005162
Asat_OT3098_v2_chr3C	506000000	508000000	2000000	0	0.000000
Asat_OT3098_v2_chr3C	508000000	510000000	2000000	0	0.000000
Asat_OT3098_v2_chr3C	510000000	512000000	2000000	8623	0.004312
Asat_OT3098_v2_chr3C	512000000	514000000	2000000	0	0.000000
Asat_OT3098_v2_chr3C	514000000	516000000	2000000	5963	0.002982
Asat_OT3098_v2_chr3C	516000000	518000000	2000000	0	0.000000
Asat_OT3098_v2_chr3C	518000000	520000000	2000000	0	0.000000
Asat_OT3098_v2_chr3C	520000000	522000000	2000000	5272	0.002636
Asat_OT3098_v2_chr3C	522000000	524000000	2000000	7611	0.003805
Asat_OT3098_v2_chr3C	524000000	526000000	2000000	9682	0.004841
Asat_OT3098_v2_chr3C	526000000	528000000	2000000	4254	0.002127
Asat_OT3098_v2_chr3C	528000000	530000000	2000000	0	0.000000
Asat_OT3098_v2_chr3C	530000000	532000000	2000000	8981	0.004490
Asat_OT3098_v2_chr3C	532000000	534000000	2000000	7538	0.003769
Asat_OT3098_v2_chr3C	534000000	536000000	2000000	0	0.000000
Asat_OT3098_v2_chr3C	536000000	538000000	2000000	0	0.000000
Asat_OT3098_v2_chr3C	538000000	540000000	2000000	0	0.000000
Asat_OT3098_v2_chr3C	540000000	542000000	2000000	12268	0.006134
Asat_OT3098_v2_chr3C	542000000	544000000	2000000	6750	0.003375
Asat_OT3098_v2_chr3C	544000000	546000000	2000000	0	0.000000
Asat_OT3098_v2_chr3C	546000000	548000000	2000000	0	0.000000
Asat_OT3098_v2_chr3C	548000000	550000000	2000000	0	0.000000
Asat_OT3098_v2_chr3C	550000000	552000000	2000000	0	0.000000
Asat_OT3098_v2_chr3C	552000000	554000000	2000000	0	0.000000
Asat_OT3098_v2_chr3C	554000000	556000000	2000000	6276	0.003138
Asat_OT3098_v2_chr3C	556000000	558000000	2000000	0	0.000000
Asat_OT3098_v2_chr3C	558000000	560000000	2000000	0	0.000000
Asat_OT3098_v2_chr3C	560000000	562000000	2000000	7808	0.003904
Asat_OT3098_v2_chr3C	562000000	564000000	2000000	4755	0.002377
Asat_OT3098_v2_chr3C	564000000	566000000	2000000	7328	0.003664
Asat_OT3098_v2_chr3C	566000000	568000000	2000000	4246	0.002123
Asat_OT3098_v2_chr3C	568000000	570000000	2000000	0	0.000000
Asat_OT3098_v2_chr3C	570000000	572000000	2000000	0	0.000000
Asat_OT3098_v2_chr3C	572000000	574000000	2000000	1210	0.000605
Asat_OT3098_v2_chr3C	574000000	576000000	2000000	0	0.000000
Asat_OT3098_v2_chr3C	576000000	578000000	2000000	5455	0.002727
Asat_OT3098_v2_chr3C	578000000	580000000	2000000	0	0.000000
Asat_OT3098_v2_chr3C	580000000	582000000	2000000	0	0.000000
Asat_OT3098_v2_chr3C	582000000	584000000	2000000	0	0.000000
Asat_OT3098_v2_chr3C	584000000	586000000	2000000	4298	0.002149
Asat_OT3098_v2_chr3C	586000000	588000000	2000000	0	0.000000
Asat_OT3098_v2_chr3C	588000000	590000000	2000000	0	0.000000
Asat_OT3098_v2_chr3C	590000000	592000000	2000000	0	0.000000
Asat_OT3098_v2_chr3C	592000000	594000000	2000000	1707	0.000853
Asat_OT3098_v2_chr3C	594000000	596000000	2000000	11835	0.005918
Asat_OT3098_v2_chr3C	596000000	598000000	2000000	7559	0.003779
Asat_OT3098_v2_chr3C	598000000	600000000	2000000	0	0.000000
Asat_OT3098_v2_chr3C	600000000	602000000	2000000	0	0.000000
Asat_OT3098_v2_chr3C	602000000	604000000	2000000	0	0.000000
Asat_OT3098_v2_chr3C	604000000	606000000	2000000	0	0.000000
Asat_OT3098_v2_chr3C	606000000	608000000	2000000	0	0.000000
Asat_OT3098_v2_chr3C	608000000	610000000	2000000	0	0.000000
Asat_OT3098_v2_chr3C	610000000	612000000	2000000	0	0.000000
Asat_OT3098_v2_chr3C	612000000	614000000	2000000	0	0.000000
Asat_OT3098_v2_chr3C	614000000	616000000	2000000	0	0.000000
Asat_OT3098_v2_chr3C	616000000	618000000	2000000	0	0.000000
Asat_OT3098_v2_chr3C	618000000	620000000	2000000	6649	0.003325
Asat_OT3098_v2_chr3C	620000000	622000000	2000000	0	0.000000
Asat_OT3098_v2_chr3C	622000000	624000000	2000000	0	0.000000
Asat_OT3098_v2_chr3C	624000000	626000000	2000000	0	0.000000
Asat_OT3098_v2_chr3C	626000000	628000000	2000000	15025	0.007513
Asat_OT3098_v2_chr3C	628000000	630000000	2000000	3041	0.001520
Asat_OT3098_v2_chr3C	630000000	632000000	2000000	2781	0.001391
Asat_OT3098_v2_chr3C	632000000	634000000	2000000	9767	0.004883
Asat_OT3098_v2_chr3C	634000000	636000000	2000000	0	0.000000
Asat_OT3098_v2_chr3C	636000000	638000000	2000000	0	0.000000
Asat_OT3098_v2_chr3C	638000000	638425132	425132	0	0.000000
Asat_OT3098_v2_chr3D	0	2000000	2000000	0	0.000000
Asat_OT3098_v2_chr3D	2000000	4000000	2000000	0	0.000000
Asat_OT3098_v2_chr3D	4000000	6000000	2000000	0	0.000000
Asat_OT3098_v2_chr3D	6000000	8000000	2000000	8328	0.004164
Asat_OT3098_v2_chr3D	8000000	10000000	2000000	8446	0.004223
Asat_OT3098_v2_chr3D	10000000	12000000	2000000	0	0.000000
Asat_OT3098_v2_chr3D	12000000	14000000	2000000	1930	0.000965
Asat_OT3098_v2_chr3D	14000000	16000000	2000000	0	0.000000
Asat_OT3098_v2_chr3D	16000000	18000000	2000000	0	0.000000
Asat_OT3098_v2_chr3D	18000000	20000000	2000000	0	0.000000
Asat_OT3098_v2_chr3D	20000000	22000000	2000000	8301	0.004150
Asat_OT3098_v2_chr3D	22000000	24000000	2000000	7307	0.003654
Asat_OT3098_v2_chr3D	24000000	26000000	2000000	7315	0.003658
Asat_OT3098_v2_chr3D	26000000	28000000	2000000	0	0.000000
Asat_OT3098_v2_chr3D	28000000	30000000	2000000	8313	0.004156
Asat_OT3098_v2_chr3D	30000000	32000000	2000000	0	0.000000
Asat_OT3098_v2_chr3D	32000000	34000000	2000000	0	0.000000
Asat_OT3098_v2_chr3D	34000000	36000000	2000000	0	0.000000
Asat_OT3098_v2_chr3D	36000000	38000000	2000000	0	0.000000
Asat_OT3098_v2_chr3D	38000000	40000000	2000000	22248	0.011124
Asat_OT3098_v2_chr3D	40000000	42000000	2000000	8904	0.004452
Asat_OT3098_v2_chr3D	42000000	44000000	2000000	0	0.000000
Asat_OT3098_v2_chr3D	44000000	46000000	2000000	17506	0.008753
Asat_OT3098_v2_chr3D	46000000	48000000	2000000	16247	0.008124
Asat_OT3098_v2_chr3D	48000000	50000000	2000000	15373	0.007686
Asat_OT3098_v2_chr3D	50000000	52000000	2000000	16495	0.008247
Asat_OT3098_v2_chr3D	52000000	54000000	2000000	0	0.000000
Asat_OT3098_v2_chr3D	54000000	56000000	2000000	16608	0.008304
Asat_OT3098_v2_chr3D	56000000	58000000	2000000	0	0.000000
Asat_OT3098_v2_chr3D	58000000	60000000	2000000	5666	0.002833
Asat_OT3098_v2_chr3D	60000000	62000000	2000000	0	0.000000
Asat_OT3098_v2_chr3D	62000000	64000000	2000000	0	0.000000
Asat_OT3098_v2_chr3D	64000000	66000000	2000000	0	0.000000
Asat_OT3098_v2_chr3D	66000000	68000000	2000000	8574	0.004287
Asat_OT3098_v2_chr3D	68000000	70000000	2000000	0	0.000000
Asat_OT3098_v2_chr3D	70000000	72000000	2000000	0	0.000000
Asat_OT3098_v2_chr3D	72000000	74000000	2000000	0	0.000000
Asat_OT3098_v2_chr3D	74000000	76000000	2000000	0	0.000000
Asat_OT3098_v2_chr3D	76000000	78000000	2000000	7018	0.003509
Asat_OT3098_v2_chr3D	78000000	80000000	2000000	0	0.000000
Asat_OT3098_v2_chr3D	80000000	82000000	2000000	0	0.000000
Asat_OT3098_v2_chr3D	82000000	84000000	2000000	0	0.000000
Asat_OT3098_v2_chr3D	84000000	86000000	2000000	7013	0.003507
Asat_OT3098_v2_chr3D	86000000	88000000	2000000	0	0.000000
Asat_OT3098_v2_chr3D	88000000	90000000	2000000	0	0.000000
Asat_OT3098_v2_chr3D	90000000	92000000	2000000	0	0.000000
Asat_OT3098_v2_chr3D	92000000	94000000	2000000	0	0.000000
Asat_OT3098_v2_chr3D	94000000	96000000	2000000	0	0.000000
Asat_OT3098_v2_chr3D	96000000	98000000	2000000	0	0.000000
Asat_OT3098_v2_chr3D	98000000	100000000	2000000	8453	0.004227
Asat_OT3098_v2_chr3D	100000000	102000000	2000000	0	0.000000
Asat_OT3098_v2_chr3D	102000000	104000000	2000000	0	0.000000
Asat_OT3098_v2_chr3D	104000000	106000000	2000000	0	0.000000
Asat_OT3098_v2_chr3D	106000000	108000000	2000000	8346	0.004173
Asat_OT3098_v2_chr3D	108000000	110000000	2000000	0	0.000000
Asat_OT3098_v2_chr3D	110000000	112000000	2000000	8228	0.004114
Asat_OT3098_v2_chr3D	112000000	114000000	2000000	0	0.000000
Asat_OT3098_v2_chr3D	114000000	116000000	2000000	0	0.000000
Asat_OT3098_v2_chr3D	116000000	118000000	2000000	0	0.000000
Asat_OT3098_v2_chr3D	118000000	120000000	2000000	0	0.000000
Asat_OT3098_v2_chr3D	120000000	122000000	2000000	0	0.000000
Asat_OT3098_v2_chr3D	122000000	124000000	2000000	8338	0.004169
Asat_OT3098_v2_chr3D	124000000	126000000	2000000	0	0.000000
Asat_OT3098_v2_chr3D	126000000	128000000	2000000	0	0.000000
Asat_OT3098_v2_chr3D	128000000	130000000	2000000	0	0.000000
Asat_OT3098_v2_chr3D	130000000	132000000	2000000	0	0.000000
Asat_OT3098_v2_chr3D	132000000	134000000	2000000	0	0.000000
Asat_OT3098_v2_chr3D	134000000	136000000	2000000	0	0.000000
Asat_OT3098_v2_chr3D	136000000	138000000	2000000	0	0.000000
Asat_OT3098_v2_chr3D	138000000	140000000	2000000	6267	0.003134
Asat_OT3098_v2_chr3D	140000000	142000000	2000000	0	0.000000
Asat_OT3098_v2_chr3D	142000000	144000000	2000000	8274	0.004137
Asat_OT3098_v2_chr3D	144000000	146000000	2000000	0	0.000000
Asat_OT3098_v2_chr3D	146000000	148000000	2000000	12078	0.006039
Asat_OT3098_v2_chr3D	148000000	150000000	2000000	0	0.000000
Asat_OT3098_v2_chr3D	150000000	152000000	2000000	0	0.000000
Asat_OT3098_v2_chr3D	152000000	154000000	2000000	0	0.000000
Asat_OT3098_v2_chr3D	154000000	156000000	2000000	0	0.000000
Asat_OT3098_v2_chr3D	156000000	158000000	2000000	1655	0.000828
Asat_OT3098_v2_chr3D	158000000	160000000	2000000	0	0.000000
Asat_OT3098_v2_chr3D	160000000	162000000	2000000	5842	0.002921
Asat_OT3098_v2_chr3D	162000000	164000000	2000000	16605	0.008303
Asat_OT3098_v2_chr3D	164000000	166000000	2000000	8526	0.004263
Asat_OT3098_v2_chr3D	166000000	168000000	2000000	0	0.000000
Asat_OT3098_v2_chr3D	168000000	170000000	2000000	16597	0.008299
Asat_OT3098_v2_chr3D	170000000	172000000	2000000	0	0.000000
Asat_OT3098_v2_chr3D	172000000	174000000	2000000	7947	0.003973
Asat_OT3098_v2_chr3D	174000000	176000000	2000000	8274	0.004137
Asat_OT3098_v2_chr3D	176000000	178000000	2000000	7077	0.003538
Asat_OT3098_v2_chr3D	178000000	180000000	2000000	0	0.000000
Asat_OT3098_v2_chr3D	180000000	182000000	2000000	8245	0.004123
Asat_OT3098_v2_chr3D	182000000	184000000	2000000	24805	0.012403
Asat_OT3098_v2_chr3D	184000000	186000000	2000000	5497	0.002749
Asat_OT3098_v2_chr3D	186000000	188000000	2000000	5432	0.002716
Asat_OT3098_v2_chr3D	188000000	190000000	2000000	8567	0.004283
Asat_OT3098_v2_chr3D	190000000	192000000	2000000	16179	0.008089
Asat_OT3098_v2_chr3D	192000000	194000000	2000000	1042	0.000521
Asat_OT3098_v2_chr3D	194000000	196000000	2000000	58021	0.029011
Asat_OT3098_v2_chr3D	196000000	198000000	2000000	0	0.000000
Asat_OT3098_v2_chr3D	198000000	200000000	2000000	159676	0.079838
Asat_OT3098_v2_chr3D	200000000	202000000	2000000	42685	0.021343
Asat_OT3098_v2_chr3D	202000000	204000000	2000000	626026	0.313013
Asat_OT3098_v2_chr3D	204000000	206000000	2000000	618460	0.309230
Asat_OT3098_v2_chr3D	206000000	208000000	2000000	621802	0.310901
Asat_OT3098_v2_chr3D	208000000	210000000	2000000	360374	0.180187
Asat_OT3098_v2_chr3D	210000000	212000000	2000000	73363	0.036681
Asat_OT3098_v2_chr3D	212000000	214000000	2000000	32306	0.016153
Asat_OT3098_v2_chr3D	214000000	216000000	2000000	1114	0.000557
Asat_OT3098_v2_chr3D	216000000	218000000	2000000	23796	0.011898
Asat_OT3098_v2_chr3D	218000000	220000000	2000000	62774	0.031387
Asat_OT3098_v2_chr3D	220000000	222000000	2000000	22469	0.011234
Asat_OT3098_v2_chr3D	222000000	224000000	2000000	19151	0.009576
Asat_OT3098_v2_chr3D	224000000	226000000	2000000	7816	0.003908
Asat_OT3098_v2_chr3D	226000000	228000000	2000000	0	0.000000
Asat_OT3098_v2_chr3D	228000000	230000000	2000000	0	0.000000
Asat_OT3098_v2_chr3D	230000000	232000000	2000000	13933	0.006966
Asat_OT3098_v2_chr3D	232000000	234000000	2000000	2005	0.001002
Asat_OT3098_v2_chr3D	234000000	236000000	2000000	5203	0.002602
Asat_OT3098_v2_chr3D	236000000	238000000	2000000	10134	0.005067
Asat_OT3098_v2_chr3D	238000000	240000000	2000000	20697	0.010349
Asat_OT3098_v2_chr3D	240000000	242000000	2000000	0	0.000000
Asat_OT3098_v2_chr3D	242000000	244000000	2000000	0	0.000000
Asat_OT3098_v2_chr3D	244000000	246000000	2000000	0	0.000000
Asat_OT3098_v2_chr3D	246000000	248000000	2000000	15122	0.007561
Asat_OT3098_v2_chr3D	248000000	250000000	2000000	0	0.000000
Asat_OT3098_v2_chr3D	250000000	252000000	2000000	0	0.000000
Asat_OT3098_v2_chr3D	252000000	254000000	2000000	0	0.000000
Asat_OT3098_v2_chr3D	254000000	256000000	2000000	0	0.000000
Asat_OT3098_v2_chr3D	256000000	258000000	2000000	7720	0.003860
Asat_OT3098_v2_chr3D	258000000	260000000	2000000	0	0.000000
Asat_OT3098_v2_chr3D	260000000	262000000	2000000	8488	0.004244
Asat_OT3098_v2_chr3D	262000000	264000000	2000000	0	0.000000
Asat_OT3098_v2_chr3D	264000000	266000000	2000000	0	0.000000
Asat_OT3098_v2_chr3D	266000000	268000000	2000000	0	0.000000
Asat_OT3098_v2_chr3D	268000000	270000000	2000000	0	0.000000
Asat_OT3098_v2_chr3D	270000000	272000000	2000000	0	0.000000
Asat_OT3098_v2_chr3D	272000000	274000000	2000000	0	0.000000
Asat_OT3098_v2_chr3D	274000000	276000000	2000000	4172	0.002086
Asat_OT3098_v2_chr3D	276000000	278000000	2000000	8527	0.004263
Asat_OT3098_v2_chr3D	278000000	280000000	2000000	0	0.000000
Asat_OT3098_v2_chr3D	280000000	282000000	2000000	0	0.000000
Asat_OT3098_v2_chr3D	282000000	284000000	2000000	0	0.000000
Asat_OT3098_v2_chr3D	284000000	286000000	2000000	0	0.000000
Asat_OT3098_v2_chr3D	286000000	288000000	2000000	0	0.000000
Asat_OT3098_v2_chr3D	288000000	290000000	2000000	0	0.000000
Asat_OT3098_v2_chr3D	290000000	292000000	2000000	10925	0.005463
Asat_OT3098_v2_chr3D	292000000	294000000	2000000	0	0.000000
Asat_OT3098_v2_chr3D	294000000	296000000	2000000	0	0.000000
Asat_OT3098_v2_chr3D	296000000	298000000	2000000	0	0.000000
Asat_OT3098_v2_chr3D	298000000	300000000	2000000	0	0.000000
Asat_OT3098_v2_chr3D	300000000	302000000	2000000	0	0.000000
Asat_OT3098_v2_chr3D	302000000	304000000	2000000	0	0.000000
Asat_OT3098_v2_chr3D	304000000	306000000	2000000	0	0.000000
Asat_OT3098_v2_chr3D	306000000	308000000	2000000	0	0.000000
Asat_OT3098_v2_chr3D	308000000	310000000	2000000	15158	0.007579
Asat_OT3098_v2_chr3D	310000000	312000000	2000000	0	0.000000
Asat_OT3098_v2_chr3D	312000000	314000000	2000000	8599	0.004300
Asat_OT3098_v2_chr3D	314000000	316000000	2000000	0	0.000000
Asat_OT3098_v2_chr3D	316000000	318000000	2000000	0	0.000000
Asat_OT3098_v2_chr3D	318000000	320000000	2000000	8396	0.004198
Asat_OT3098_v2_chr3D	320000000	322000000	2000000	0	0.000000
Asat_OT3098_v2_chr3D	322000000	324000000	2000000	0	0.000000
Asat_OT3098_v2_chr3D	324000000	326000000	2000000	0	0.000000
Asat_OT3098_v2_chr3D	326000000	328000000	2000000	7116	0.003558
Asat_OT3098_v2_chr3D	328000000	330000000	2000000	8526	0.004263
Asat_OT3098_v2_chr3D	330000000	332000000	2000000	6258	0.003129
Asat_OT3098_v2_chr3D	332000000	334000000	2000000	8254	0.004127
Asat_OT3098_v2_chr3D	334000000	336000000	2000000	0	0.000000
Asat_OT3098_v2_chr3D	336000000	338000000	2000000	8705	0.004352
Asat_OT3098_v2_chr3D	338000000	340000000	2000000	0	0.000000
Asat_OT3098_v2_chr3D	340000000	342000000	2000000	0	0.000000
Asat_OT3098_v2_chr3D	342000000	344000000	2000000	6744	0.003372
Asat_OT3098_v2_chr3D	344000000	346000000	2000000	0	0.000000
Asat_OT3098_v2_chr3D	346000000	348000000	2000000	0	0.000000
Asat_OT3098_v2_chr3D	348000000	350000000	2000000	0	0.000000
Asat_OT3098_v2_chr3D	350000000	352000000	2000000	0	0.000000
Asat_OT3098_v2_chr3D	352000000	354000000	2000000	5676	0.002838
Asat_OT3098_v2_chr3D	354000000	356000000	2000000	0	0.000000
Asat_OT3098_v2_chr3D	356000000	358000000	2000000	0	0.000000
Asat_OT3098_v2_chr3D	358000000	360000000	2000000	0	0.000000
Asat_OT3098_v2_chr3D	360000000	362000000	2000000	0	0.000000
Asat_OT3098_v2_chr3D	362000000	364000000	2000000	0	0.000000
Asat_OT3098_v2_chr3D	364000000	366000000	2000000	0	0.000000
Asat_OT3098_v2_chr3D	366000000	368000000	2000000	0	0.000000
Asat_OT3098_v2_chr3D	368000000	370000000	2000000	0	0.000000
Asat_OT3098_v2_chr3D	370000000	372000000	2000000	0	0.000000
Asat_OT3098_v2_chr3D	372000000	374000000	2000000	0	0.000000
Asat_OT3098_v2_chr3D	374000000	376000000	2000000	8565	0.004282
Asat_OT3098_v2_chr3D	376000000	378000000	2000000	1018	0.000509
Asat_OT3098_v2_chr3D	378000000	380000000	2000000	8470	0.004235
Asat_OT3098_v2_chr3D	380000000	382000000	2000000	0	0.000000
Asat_OT3098_v2_chr3D	382000000	384000000	2000000	0	0.000000
Asat_OT3098_v2_chr3D	384000000	386000000	2000000	0	0.000000
Asat_OT3098_v2_chr3D	386000000	388000000	2000000	0	0.000000
Asat_OT3098_v2_chr3D	388000000	390000000	2000000	7150	0.003575
Asat_OT3098_v2_chr3D	390000000	392000000	2000000	0	0.000000
Asat_OT3098_v2_chr3D	392000000	394000000	2000000	0	0.000000
Asat_OT3098_v2_chr3D	394000000	396000000	2000000	0	0.000000
Asat_OT3098_v2_chr3D	396000000	398000000	2000000	7413	0.003707
Asat_OT3098_v2_chr3D	398000000	400000000	2000000	6578	0.003289
Asat_OT3098_v2_chr3D	400000000	402000000	2000000	0	0.000000
Asat_OT3098_v2_chr3D	402000000	404000000	2000000	0	0.000000
Asat_OT3098_v2_chr3D	404000000	406000000	2000000	8604	0.004302
Asat_OT3098_v2_chr3D	406000000	408000000	2000000	0	0.000000
Asat_OT3098_v2_chr3D	408000000	410000000	2000000	0	0.000000
Asat_OT3098_v2_chr3D	410000000	412000000	2000000	0	0.000000
Asat_OT3098_v2_chr3D	412000000	414000000	2000000	6597	0.003299
Asat_OT3098_v2_chr3D	414000000	416000000	2000000	0	0.000000
Asat_OT3098_v2_chr3D	416000000	418000000	2000000	0	0.000000
Asat_OT3098_v2_chr3D	418000000	420000000	2000000	0	0.000000
Asat_OT3098_v2_chr3D	420000000	422000000	2000000	0	0.000000
Asat_OT3098_v2_chr3D	422000000	424000000	2000000	0	0.000000
Asat_OT3098_v2_chr3D	424000000	426000000	2000000	0	0.000000
Asat_OT3098_v2_chr3D	426000000	428000000	2000000	0	0.000000
Asat_OT3098_v2_chr3D	428000000	430000000	2000000	0	0.000000
Asat_OT3098_v2_chr3D	430000000	432000000	2000000	2066	0.001033
Asat_OT3098_v2_chr3D	432000000	434000000	2000000	0	0.000000
Asat_OT3098_v2_chr3D	434000000	436000000	2000000	7090	0.003545
Asat_OT3098_v2_chr3D	436000000	438000000	2000000	0	0.000000
Asat_OT3098_v2_chr3D	438000000	440000000	2000000	0	0.000000
Asat_OT3098_v2_chr3D	440000000	442000000	2000000	0	0.000000
Asat_OT3098_v2_chr3D	442000000	444000000	2000000	0	0.000000
Asat_OT3098_v2_chr3D	444000000	446000000	2000000	0	0.000000
Asat_OT3098_v2_chr3D	446000000	448000000	2000000	0	0.000000
Asat_OT3098_v2_chr3D	448000000	450000000	2000000	0	0.000000
Asat_OT3098_v2_chr3D	450000000	452000000	2000000	0	0.000000
Asat_OT3098_v2_chr3D	452000000	454000000	2000000	0	0.000000
Asat_OT3098_v2_chr3D	454000000	456000000	2000000	0	0.000000
Asat_OT3098_v2_chr3D	456000000	458000000	2000000	0	0.000000
Asat_OT3098_v2_chr3D	458000000	460000000	2000000	3698	0.001849
Asat_OT3098_v2_chr3D	460000000	462000000	2000000	0	0.000000
Asat_OT3098_v2_chr3D	462000000	464000000	2000000	0	0.000000
Asat_OT3098_v2_chr3D	464000000	466000000	2000000	0	0.000000
Asat_OT3098_v2_chr3D	466000000	468000000	2000000	0	0.000000
Asat_OT3098_v2_chr3D	468000000	470000000	2000000	2868	0.001434
Asat_OT3098_v2_chr3D	470000000	472000000	2000000	0	0.000000
Asat_OT3098_v2_chr3D	472000000	474000000	2000000	0	0.000000
Asat_OT3098_v2_chr3D	474000000	476000000	2000000	0	0.000000
Asat_OT3098_v2_chr3D	476000000	478000000	2000000	0	0.000000
Asat_OT3098_v2_chr3D	478000000	480000000	2000000	0	0.000000
Asat_OT3098_v2_chr3D	480000000	480949782	949782	0	0.000000
Asat_OT3098_v2_chr4A	0	2000000	2000000	0	0.000000
Asat_OT3098_v2_chr4A	2000000	4000000	2000000	0	0.000000
Asat_OT3098_v2_chr4A	4000000	6000000	2000000	0	0.000000
Asat_OT3098_v2_chr4A	6000000	8000000	2000000	0	0.000000
Asat_OT3098_v2_chr4A	8000000	10000000	2000000	1054	0.000527
Asat_OT3098_v2_chr4A	10000000	12000000	2000000	0	0.000000
Asat_OT3098_v2_chr4A	12000000	14000000	2000000	0	0.000000
Asat_OT3098_v2_chr4A	14000000	16000000	2000000	0	0.000000
Asat_OT3098_v2_chr4A	16000000	18000000	2000000	0	0.000000
Asat_OT3098_v2_chr4A	18000000	20000000	2000000	0	0.000000
Asat_OT3098_v2_chr4A	20000000	22000000	2000000	0	0.000000
Asat_OT3098_v2_chr4A	22000000	24000000	2000000	0	0.000000
Asat_OT3098_v2_chr4A	24000000	26000000	2000000	0	0.000000
Asat_OT3098_v2_chr4A	26000000	28000000	2000000	0	0.000000
Asat_OT3098_v2_chr4A	28000000	30000000	2000000	0	0.000000
Asat_OT3098_v2_chr4A	30000000	32000000	2000000	0	0.000000
Asat_OT3098_v2_chr4A	32000000	34000000	2000000	0	0.000000
Asat_OT3098_v2_chr4A	34000000	36000000	2000000	0	0.000000
Asat_OT3098_v2_chr4A	36000000	38000000	2000000	8327	0.004163
Asat_OT3098_v2_chr4A	38000000	40000000	2000000	0	0.000000
Asat_OT3098_v2_chr4A	40000000	42000000	2000000	0	0.000000
Asat_OT3098_v2_chr4A	42000000	44000000	2000000	0	0.000000
Asat_OT3098_v2_chr4A	44000000	46000000	2000000	0	0.000000
Asat_OT3098_v2_chr4A	46000000	48000000	2000000	0	0.000000
Asat_OT3098_v2_chr4A	48000000	50000000	2000000	8566	0.004283
Asat_OT3098_v2_chr4A	50000000	52000000	2000000	0	0.000000
Asat_OT3098_v2_chr4A	52000000	54000000	2000000	8195	0.004097
Asat_OT3098_v2_chr4A	54000000	56000000	2000000	8638	0.004319
Asat_OT3098_v2_chr4A	56000000	58000000	2000000	0	0.000000
Asat_OT3098_v2_chr4A	58000000	60000000	2000000	0	0.000000
Asat_OT3098_v2_chr4A	60000000	62000000	2000000	0	0.000000
Asat_OT3098_v2_chr4A	62000000	64000000	2000000	0	0.000000
Asat_OT3098_v2_chr4A	64000000	66000000	2000000	0	0.000000
Asat_OT3098_v2_chr4A	66000000	68000000	2000000	0	0.000000
Asat_OT3098_v2_chr4A	68000000	70000000	2000000	8346	0.004173
Asat_OT3098_v2_chr4A	70000000	72000000	2000000	0	0.000000
Asat_OT3098_v2_chr4A	72000000	74000000	2000000	8699	0.004350
Asat_OT3098_v2_chr4A	74000000	76000000	2000000	0	0.000000
Asat_OT3098_v2_chr4A	76000000	78000000	2000000	0	0.000000
Asat_OT3098_v2_chr4A	78000000	80000000	2000000	0	0.000000
Asat_OT3098_v2_chr4A	80000000	82000000	2000000	6315	0.003158
Asat_OT3098_v2_chr4A	82000000	84000000	2000000	0	0.000000
Asat_OT3098_v2_chr4A	84000000	86000000	2000000	0	0.000000
Asat_OT3098_v2_chr4A	86000000	88000000	2000000	0	0.000000
Asat_OT3098_v2_chr4A	88000000	90000000	2000000	7249	0.003625
Asat_OT3098_v2_chr4A	90000000	92000000	2000000	8568	0.004284
Asat_OT3098_v2_chr4A	92000000	94000000	2000000	6847	0.003423
Asat_OT3098_v2_chr4A	94000000	96000000	2000000	0	0.000000
Asat_OT3098_v2_chr4A	96000000	98000000	2000000	38127	0.019064
Asat_OT3098_v2_chr4A	98000000	100000000	2000000	7940	0.003970
Asat_OT3098_v2_chr4A	100000000	102000000	2000000	34549	0.017275
Asat_OT3098_v2_chr4A	102000000	104000000	2000000	16770	0.008385
Asat_OT3098_v2_chr4A	104000000	106000000	2000000	0	0.000000
Asat_OT3098_v2_chr4A	106000000	108000000	2000000	4746	0.002373
Asat_OT3098_v2_chr4A	108000000	110000000	2000000	16462	0.008231
Asat_OT3098_v2_chr4A	110000000	112000000	2000000	38703	0.019352
Asat_OT3098_v2_chr4A	112000000	114000000	2000000	51506	0.025753
Asat_OT3098_v2_chr4A	114000000	116000000	2000000	58219	0.029109
Asat_OT3098_v2_chr4A	116000000	118000000	2000000	212903	0.106452
Asat_OT3098_v2_chr4A	118000000	120000000	2000000	513425	0.256713
Asat_OT3098_v2_chr4A	120000000	122000000	2000000	898240	0.449120
Asat_OT3098_v2_chr4A	122000000	124000000	2000000	862171	0.431086
Asat_OT3098_v2_chr4A	124000000	126000000	2000000	316858	0.158429
Asat_OT3098_v2_chr4A	126000000	128000000	2000000	205300	0.102650
Asat_OT3098_v2_chr4A	128000000	130000000	2000000	175594	0.087797
Asat_OT3098_v2_chr4A	130000000	132000000	2000000	121422	0.060711
Asat_OT3098_v2_chr4A	132000000	134000000	2000000	0	0.000000
Asat_OT3098_v2_chr4A	134000000	136000000	2000000	8229	0.004115
Asat_OT3098_v2_chr4A	136000000	138000000	2000000	1153	0.000576
Asat_OT3098_v2_chr4A	138000000	140000000	2000000	3067	0.001533
Asat_OT3098_v2_chr4A	140000000	142000000	2000000	7935	0.003967
Asat_OT3098_v2_chr4A	142000000	144000000	2000000	6661	0.003331
Asat_OT3098_v2_chr4A	144000000	146000000	2000000	8306	0.004153
Asat_OT3098_v2_chr4A	146000000	148000000	2000000	17445	0.008722
Asat_OT3098_v2_chr4A	148000000	150000000	2000000	12337	0.006169
Asat_OT3098_v2_chr4A	150000000	152000000	2000000	0	0.000000
Asat_OT3098_v2_chr4A	152000000	154000000	2000000	9310	0.004655
Asat_OT3098_v2_chr4A	154000000	156000000	2000000	0	0.000000
Asat_OT3098_v2_chr4A	156000000	158000000	2000000	13939	0.006970
Asat_OT3098_v2_chr4A	158000000	160000000	2000000	8300	0.004150
Asat_OT3098_v2_chr4A	160000000	162000000	2000000	8321	0.004161
Asat_OT3098_v2_chr4A	162000000	164000000	2000000	3855	0.001927
Asat_OT3098_v2_chr4A	164000000	166000000	2000000	0	0.000000
Asat_OT3098_v2_chr4A	166000000	168000000	2000000	0	0.000000
Asat_OT3098_v2_chr4A	168000000	170000000	2000000	0	0.000000
Asat_OT3098_v2_chr4A	170000000	172000000	2000000	16998	0.008499
Asat_OT3098_v2_chr4A	172000000	174000000	2000000	0	0.000000
Asat_OT3098_v2_chr4A	174000000	176000000	2000000	8769	0.004385
Asat_OT3098_v2_chr4A	176000000	178000000	2000000	0	0.000000
Asat_OT3098_v2_chr4A	178000000	180000000	2000000	1065	0.000532
Asat_OT3098_v2_chr4A	180000000	182000000	2000000	14316	0.007158
Asat_OT3098_v2_chr4A	182000000	184000000	2000000	0	0.000000
Asat_OT3098_v2_chr4A	184000000	186000000	2000000	0	0.000000
Asat_OT3098_v2_chr4A	186000000	188000000	2000000	0	0.000000
Asat_OT3098_v2_chr4A	188000000	190000000	2000000	0	0.000000
Asat_OT3098_v2_chr4A	190000000	192000000	2000000	0	0.000000
Asat_OT3098_v2_chr4A	192000000	194000000	2000000	6986	0.003493
Asat_OT3098_v2_chr4A	194000000	196000000	2000000	23006	0.011503
Asat_OT3098_v2_chr4A	196000000	198000000	2000000	16893	0.008446
Asat_OT3098_v2_chr4A	198000000	200000000	2000000	0	0.000000
Asat_OT3098_v2_chr4A	200000000	202000000	2000000	0	0.000000
Asat_OT3098_v2_chr4A	202000000	204000000	2000000	2513	0.001257
Asat_OT3098_v2_chr4A	204000000	206000000	2000000	0	0.000000
Asat_OT3098_v2_chr4A	206000000	208000000	2000000	15971	0.007985
Asat_OT3098_v2_chr4A	208000000	210000000	2000000	0	0.000000
Asat_OT3098_v2_chr4A	210000000	212000000	2000000	9841	0.004921
Asat_OT3098_v2_chr4A	212000000	214000000	2000000	0	0.000000
Asat_OT3098_v2_chr4A	214000000	216000000	2000000	9370	0.004685
Asat_OT3098_v2_chr4A	216000000	218000000	2000000	8647	0.004324
Asat_OT3098_v2_chr4A	218000000	220000000	2000000	0	0.000000
Asat_OT3098_v2_chr4A	220000000	222000000	2000000	0	0.000000
Asat_OT3098_v2_chr4A	222000000	224000000	2000000	0	0.000000
Asat_OT3098_v2_chr4A	224000000	226000000	2000000	6334	0.003167
Asat_OT3098_v2_chr4A	226000000	228000000	2000000	0	0.000000
Asat_OT3098_v2_chr4A	228000000	230000000	2000000	0	0.000000
Asat_OT3098_v2_chr4A	230000000	232000000	2000000	8576	0.004288
Asat_OT3098_v2_chr4A	232000000	234000000	2000000	0	0.000000
Asat_OT3098_v2_chr4A	234000000	236000000	2000000	7726	0.003863
Asat_OT3098_v2_chr4A	236000000	238000000	2000000	0	0.000000
Asat_OT3098_v2_chr4A	238000000	240000000	2000000	8404	0.004202
Asat_OT3098_v2_chr4A	240000000	242000000	2000000	8619	0.004309
Asat_OT3098_v2_chr4A	242000000	244000000	2000000	0	0.000000
Asat_OT3098_v2_chr4A	244000000	246000000	2000000	0	0.000000
Asat_OT3098_v2_chr4A	246000000	248000000	2000000	0	0.000000
Asat_OT3098_v2_chr4A	248000000	250000000	2000000	8333	0.004167
Asat_OT3098_v2_chr4A	250000000	252000000	2000000	16367	0.008183
Asat_OT3098_v2_chr4A	252000000	254000000	2000000	0	0.000000
Asat_OT3098_v2_chr4A	254000000	256000000	2000000	8753	0.004377
Asat_OT3098_v2_chr4A	256000000	258000000	2000000	0	0.000000
Asat_OT3098_v2_chr4A	258000000	260000000	2000000	0	0.000000
Asat_OT3098_v2_chr4A	260000000	262000000	2000000	0	0.000000
Asat_OT3098_v2_chr4A	262000000	264000000	2000000	0	0.000000
Asat_OT3098_v2_chr4A	264000000	266000000	2000000	0	0.000000
Asat_OT3098_v2_chr4A	266000000	268000000	2000000	8191	0.004096
Asat_OT3098_v2_chr4A	268000000	270000000	2000000	0	0.000000
Asat_OT3098_v2_chr4A	270000000	272000000	2000000	0	0.000000
Asat_OT3098_v2_chr4A	272000000	274000000	2000000	3669	0.001834
Asat_OT3098_v2_chr4A	274000000	276000000	2000000	14122	0.007061
Asat_OT3098_v2_chr4A	276000000	278000000	2000000	0	0.000000
Asat_OT3098_v2_chr4A	278000000	280000000	2000000	8470	0.004235
Asat_OT3098_v2_chr4A	280000000	282000000	2000000	0	0.000000
Asat_OT3098_v2_chr4A	282000000	284000000	2000000	0	0.000000
Asat_OT3098_v2_chr4A	284000000	286000000	2000000	0	0.000000
Asat_OT3098_v2_chr4A	286000000	288000000	2000000	0	0.000000
Asat_OT3098_v2_chr4A	288000000	290000000	2000000	0	0.000000
Asat_OT3098_v2_chr4A	290000000	292000000	2000000	1869	0.000935
Asat_OT3098_v2_chr4A	292000000	294000000	2000000	0	0.000000
Asat_OT3098_v2_chr4A	294000000	296000000	2000000	0	0.000000
Asat_OT3098_v2_chr4A	296000000	298000000	2000000	17203	0.008601
Asat_OT3098_v2_chr4A	298000000	300000000	2000000	8331	0.004165
Asat_OT3098_v2_chr4A	300000000	302000000	2000000	0	0.000000
Asat_OT3098_v2_chr4A	302000000	304000000	2000000	0	0.000000
Asat_OT3098_v2_chr4A	304000000	306000000	2000000	0	0.000000
Asat_OT3098_v2_chr4A	306000000	308000000	2000000	0	0.000000
Asat_OT3098_v2_chr4A	308000000	310000000	2000000	0	0.000000
Asat_OT3098_v2_chr4A	310000000	312000000	2000000	25394	0.012697
Asat_OT3098_v2_chr4A	312000000	314000000	2000000	0	0.000000
Asat_OT3098_v2_chr4A	314000000	316000000	2000000	0	0.000000
Asat_OT3098_v2_chr4A	316000000	318000000	2000000	0	0.000000
Asat_OT3098_v2_chr4A	318000000	320000000	2000000	0	0.000000
Asat_OT3098_v2_chr4A	320000000	322000000	2000000	0	0.000000
Asat_OT3098_v2_chr4A	322000000	324000000	2000000	0	0.000000
Asat_OT3098_v2_chr4A	324000000	326000000	2000000	0	0.000000
Asat_OT3098_v2_chr4A	326000000	328000000	2000000	0	0.000000
Asat_OT3098_v2_chr4A	328000000	330000000	2000000	10779	0.005390
Asat_OT3098_v2_chr4A	330000000	332000000	2000000	0	0.000000
Asat_OT3098_v2_chr4A	332000000	334000000	2000000	0	0.000000
Asat_OT3098_v2_chr4A	334000000	336000000	2000000	0	0.000000
Asat_OT3098_v2_chr4A	336000000	338000000	2000000	0	0.000000
Asat_OT3098_v2_chr4A	338000000	340000000	2000000	0	0.000000
Asat_OT3098_v2_chr4A	340000000	342000000	2000000	0	0.000000
Asat_OT3098_v2_chr4A	342000000	344000000	2000000	0	0.000000
Asat_OT3098_v2_chr4A	344000000	346000000	2000000	7954	0.003977
Asat_OT3098_v2_chr4A	346000000	348000000	2000000	0	0.000000
Asat_OT3098_v2_chr4A	348000000	350000000	2000000	8175	0.004087
Asat_OT3098_v2_chr4A	350000000	352000000	2000000	0	0.000000
Asat_OT3098_v2_chr4A	352000000	354000000	2000000	8266	0.004133
Asat_OT3098_v2_chr4A	354000000	356000000	2000000	8447	0.004223
Asat_OT3098_v2_chr4A	356000000	358000000	2000000	0	0.000000
Asat_OT3098_v2_chr4A	358000000	360000000	2000000	0	0.000000
Asat_OT3098_v2_chr4A	360000000	362000000	2000000	0	0.000000
Asat_OT3098_v2_chr4A	362000000	364000000	2000000	1430	0.000715
Asat_OT3098_v2_chr4A	364000000	366000000	2000000	0	0.000000
Asat_OT3098_v2_chr4A	366000000	368000000	2000000	0	0.000000
Asat_OT3098_v2_chr4A	368000000	370000000	2000000	7765	0.003883
Asat_OT3098_v2_chr4A	370000000	372000000	2000000	0	0.000000
Asat_OT3098_v2_chr4A	372000000	374000000	2000000	0	0.000000
Asat_OT3098_v2_chr4A	374000000	376000000	2000000	8579	0.004289
Asat_OT3098_v2_chr4A	376000000	378000000	2000000	0	0.000000
Asat_OT3098_v2_chr4A	378000000	380000000	2000000	0	0.000000
Asat_OT3098_v2_chr4A	380000000	382000000	2000000	0	0.000000
Asat_OT3098_v2_chr4A	382000000	384000000	2000000	8983	0.004491
Asat_OT3098_v2_chr4A	384000000	386000000	2000000	0	0.000000
Asat_OT3098_v2_chr4A	386000000	388000000	2000000	0	0.000000
Asat_OT3098_v2_chr4A	388000000	390000000	2000000	0	0.000000
Asat_OT3098_v2_chr4A	390000000	392000000	2000000	0	0.000000
Asat_OT3098_v2_chr4A	392000000	394000000	2000000	0	0.000000
Asat_OT3098_v2_chr4A	394000000	396000000	2000000	0	0.000000
Asat_OT3098_v2_chr4A	396000000	398000000	2000000	0	0.000000
Asat_OT3098_v2_chr4A	398000000	400000000	2000000	3961	0.001981
Asat_OT3098_v2_chr4A	400000000	402000000	2000000	7281	0.003641
Asat_OT3098_v2_chr4A	402000000	404000000	2000000	0	0.000000
Asat_OT3098_v2_chr4A	404000000	406000000	2000000	24787	0.012394
Asat_OT3098_v2_chr4A	406000000	408000000	2000000	16606	0.008303
Asat_OT3098_v2_chr4A	408000000	410000000	2000000	8363	0.004182
Asat_OT3098_v2_chr4A	410000000	412000000	2000000	0	0.000000
Asat_OT3098_v2_chr4A	412000000	414000000	2000000	0	0.000000
Asat_OT3098_v2_chr4A	414000000	416000000	2000000	0	0.000000
Asat_OT3098_v2_chr4A	416000000	418000000	2000000	0	0.000000
Asat_OT3098_v2_chr4A	418000000	420000000	2000000	0	0.000000
Asat_OT3098_v2_chr4A	420000000	422000000	2000000	0	0.000000
Asat_OT3098_v2_chr4A	422000000	424000000	2000000	0	0.000000
Asat_OT3098_v2_chr4A	424000000	426000000	2000000	0	0.000000
Asat_OT3098_v2_chr4A	426000000	428000000	2000000	8340	0.004170
Asat_OT3098_v2_chr4A	428000000	430000000	2000000	8105	0.004052
Asat_OT3098_v2_chr4A	430000000	432000000	2000000	0	0.000000
Asat_OT3098_v2_chr4A	432000000	434000000	2000000	17117	0.008559
Asat_OT3098_v2_chr4A	434000000	436000000	2000000	0	0.000000
Asat_OT3098_v2_chr4A	436000000	438000000	2000000	0	0.000000
Asat_OT3098_v2_chr4A	438000000	440000000	2000000	0	0.000000
Asat_OT3098_v2_chr4A	440000000	442000000	2000000	0	0.000000
Asat_OT3098_v2_chr4A	442000000	444000000	2000000	0	0.000000
Asat_OT3098_v2_chr4A	444000000	446000000	2000000	0	0.000000
Asat_OT3098_v2_chr4A	446000000	448000000	2000000	0	0.000000
Asat_OT3098_v2_chr4A	448000000	450000000	2000000	0	0.000000
Asat_OT3098_v2_chr4A	450000000	452000000	2000000	1803	0.000901
Asat_OT3098_v2_chr4A	452000000	454000000	2000000	0	0.000000
Asat_OT3098_v2_chr4A	454000000	456000000	2000000	0	0.000000
Asat_OT3098_v2_chr4A	456000000	458000000	2000000	0	0.000000
Asat_OT3098_v2_chr4A	458000000	460000000	2000000	0	0.000000
Asat_OT3098_v2_chr4A	460000000	462000000	2000000	0	0.000000
Asat_OT3098_v2_chr4A	462000000	463192880	1192880	0	0.000000
Asat_OT3098_v2_chr4C	0	2000000	2000000	0	0.000000
Asat_OT3098_v2_chr4C	2000000	4000000	2000000	1064	0.000532
Asat_OT3098_v2_chr4C	4000000	6000000	2000000	6831	0.003416
Asat_OT3098_v2_chr4C	6000000	8000000	2000000	0	0.000000
Asat_OT3098_v2_chr4C	8000000	10000000	2000000	15815	0.007907
Asat_OT3098_v2_chr4C	10000000	12000000	2000000	8696	0.004348
Asat_OT3098_v2_chr4C	12000000	14000000	2000000	0	0.000000
Asat_OT3098_v2_chr4C	14000000	16000000	2000000	8324	0.004162
Asat_OT3098_v2_chr4C	16000000	18000000	2000000	0	0.000000
Asat_OT3098_v2_chr4C	18000000	20000000	2000000	8499	0.004249
Asat_OT3098_v2_chr4C	20000000	22000000	2000000	0	0.000000
Asat_OT3098_v2_chr4C	22000000	24000000	2000000	8203	0.004102
Asat_OT3098_v2_chr4C	24000000	26000000	2000000	0	0.000000
Asat_OT3098_v2_chr4C	26000000	28000000	2000000	0	0.000000
Asat_OT3098_v2_chr4C	28000000	30000000	2000000	3479	0.001739
Asat_OT3098_v2_chr4C	30000000	32000000	2000000	0	0.000000
Asat_OT3098_v2_chr4C	32000000	34000000	2000000	0	0.000000
Asat_OT3098_v2_chr4C	34000000	36000000	2000000	24979	0.012490
Asat_OT3098_v2_chr4C	36000000	38000000	2000000	4952	0.002476
Asat_OT3098_v2_chr4C	38000000	40000000	2000000	8582	0.004291
Asat_OT3098_v2_chr4C	40000000	42000000	2000000	7581	0.003791
Asat_OT3098_v2_chr4C	42000000	44000000	2000000	0	0.000000
Asat_OT3098_v2_chr4C	44000000	46000000	2000000	0	0.000000
Asat_OT3098_v2_chr4C	46000000	48000000	2000000	0	0.000000
Asat_OT3098_v2_chr4C	48000000	50000000	2000000	0	0.000000
Asat_OT3098_v2_chr4C	50000000	52000000	2000000	0	0.000000
Asat_OT3098_v2_chr4C	52000000	54000000	2000000	0	0.000000
Asat_OT3098_v2_chr4C	54000000	56000000	2000000	1341	0.000670
Asat_OT3098_v2_chr4C	56000000	58000000	2000000	8758	0.004379
Asat_OT3098_v2_chr4C	58000000	60000000	2000000	7229	0.003615
Asat_OT3098_v2_chr4C	60000000	62000000	2000000	0	0.000000
Asat_OT3098_v2_chr4C	62000000	64000000	2000000	0	0.000000
Asat_OT3098_v2_chr4C	64000000	66000000	2000000	0	0.000000
Asat_OT3098_v2_chr4C	66000000	68000000	2000000	1771	0.000886
Asat_OT3098_v2_chr4C	68000000	70000000	2000000	0	0.000000
Asat_OT3098_v2_chr4C	70000000	72000000	2000000	0	0.000000
Asat_OT3098_v2_chr4C	72000000	74000000	2000000	0	0.000000
Asat_OT3098_v2_chr4C	74000000	76000000	2000000	0	0.000000
Asat_OT3098_v2_chr4C	76000000	78000000	2000000	0	0.000000
Asat_OT3098_v2_chr4C	78000000	80000000	2000000	0	0.000000
Asat_OT3098_v2_chr4C	80000000	82000000	2000000	0	0.000000
Asat_OT3098_v2_chr4C	82000000	84000000	2000000	0	0.000000
Asat_OT3098_v2_chr4C	84000000	86000000	2000000	0	0.000000
Asat_OT3098_v2_chr4C	86000000	88000000	2000000	0	0.000000
Asat_OT3098_v2_chr4C	88000000	90000000	2000000	8120	0.004060
Asat_OT3098_v2_chr4C	90000000	92000000	2000000	2259	0.001130
Asat_OT3098_v2_chr4C	92000000	94000000	2000000	0	0.000000
Asat_OT3098_v2_chr4C	94000000	96000000	2000000	4928	0.002464
Asat_OT3098_v2_chr4C	96000000	98000000	2000000	0	0.000000
Asat_OT3098_v2_chr4C	98000000	100000000	2000000	0	0.000000
Asat_OT3098_v2_chr4C	100000000	102000000	2000000	3956	0.001978
Asat_OT3098_v2_chr4C	102000000	104000000	2000000	0	0.000000
Asat_OT3098_v2_chr4C	104000000	106000000	2000000	0	0.000000
Asat_OT3098_v2_chr4C	106000000	108000000	2000000	0	0.000000
Asat_OT3098_v2_chr4C	108000000	110000000	2000000	7742	0.003871
Asat_OT3098_v2_chr4C	110000000	112000000	2000000	7224	0.003612
Asat_OT3098_v2_chr4C	112000000	114000000	2000000	0	0.000000
Asat_OT3098_v2_chr4C	114000000	116000000	2000000	0	0.000000
Asat_OT3098_v2_chr4C	116000000	118000000	2000000	0	0.000000
Asat_OT3098_v2_chr4C	118000000	120000000	2000000	0	0.000000
Asat_OT3098_v2_chr4C	120000000	122000000	2000000	0	0.000000
Asat_OT3098_v2_chr4C	122000000	124000000	2000000	8667	0.004333
Asat_OT3098_v2_chr4C	124000000	126000000	2000000	6407	0.003204
Asat_OT3098_v2_chr4C	126000000	128000000	2000000	0	0.000000
Asat_OT3098_v2_chr4C	128000000	130000000	2000000	0	0.000000
Asat_OT3098_v2_chr4C	130000000	132000000	2000000	4129	0.002064
Asat_OT3098_v2_chr4C	132000000	134000000	2000000	2001	0.001001
Asat_OT3098_v2_chr4C	134000000	136000000	2000000	0	0.000000
Asat_OT3098_v2_chr4C	136000000	138000000	2000000	0	0.000000
Asat_OT3098_v2_chr4C	138000000	140000000	2000000	0	0.000000
Asat_OT3098_v2_chr4C	140000000	142000000	2000000	0	0.000000
Asat_OT3098_v2_chr4C	142000000	144000000	2000000	0	0.000000
Asat_OT3098_v2_chr4C	144000000	146000000	2000000	0	0.000000
Asat_OT3098_v2_chr4C	146000000	148000000	2000000	0	0.000000
Asat_OT3098_v2_chr4C	148000000	150000000	2000000	0	0.000000
Asat_OT3098_v2_chr4C	150000000	152000000	2000000	0	0.000000
Asat_OT3098_v2_chr4C	152000000	154000000	2000000	0	0.000000
Asat_OT3098_v2_chr4C	154000000	156000000	2000000	0	0.000000
Asat_OT3098_v2_chr4C	156000000	158000000	2000000	0	0.000000
Asat_OT3098_v2_chr4C	158000000	160000000	2000000	0	0.000000
Asat_OT3098_v2_chr4C	160000000	162000000	2000000	0	0.000000
Asat_OT3098_v2_chr4C	162000000	164000000	2000000	0	0.000000
Asat_OT3098_v2_chr4C	164000000	166000000	2000000	0	0.000000
Asat_OT3098_v2_chr4C	166000000	168000000	2000000	0	0.000000
Asat_OT3098_v2_chr4C	168000000	170000000	2000000	0	0.000000
Asat_OT3098_v2_chr4C	170000000	172000000	2000000	0	0.000000
Asat_OT3098_v2_chr4C	172000000	174000000	2000000	4516	0.002258
Asat_OT3098_v2_chr4C	174000000	176000000	2000000	0	0.000000
Asat_OT3098_v2_chr4C	176000000	178000000	2000000	0	0.000000
Asat_OT3098_v2_chr4C	178000000	180000000	2000000	0	0.000000
Asat_OT3098_v2_chr4C	180000000	182000000	2000000	0	0.000000
Asat_OT3098_v2_chr4C	182000000	184000000	2000000	7307	0.003654
Asat_OT3098_v2_chr4C	184000000	186000000	2000000	0	0.000000
Asat_OT3098_v2_chr4C	186000000	188000000	2000000	0	0.000000
Asat_OT3098_v2_chr4C	188000000	190000000	2000000	6422	0.003211
Asat_OT3098_v2_chr4C	190000000	192000000	2000000	7065	0.003533
Asat_OT3098_v2_chr4C	192000000	194000000	2000000	0	0.000000
Asat_OT3098_v2_chr4C	194000000	196000000	2000000	7364	0.003682
Asat_OT3098_v2_chr4C	196000000	198000000	2000000	0	0.000000
Asat_OT3098_v2_chr4C	198000000	200000000	2000000	0	0.000000
Asat_OT3098_v2_chr4C	200000000	202000000	2000000	0	0.000000
Asat_OT3098_v2_chr4C	202000000	204000000	2000000	0	0.000000
Asat_OT3098_v2_chr4C	204000000	206000000	2000000	0	0.000000
Asat_OT3098_v2_chr4C	206000000	208000000	2000000	8636	0.004318
Asat_OT3098_v2_chr4C	208000000	210000000	2000000	0	0.000000
Asat_OT3098_v2_chr4C	210000000	212000000	2000000	13950	0.006975
Asat_OT3098_v2_chr4C	212000000	214000000	2000000	0	0.000000
Asat_OT3098_v2_chr4C	214000000	216000000	2000000	11662	0.005831
Asat_OT3098_v2_chr4C	216000000	218000000	2000000	0	0.000000
Asat_OT3098_v2_chr4C	218000000	220000000	2000000	0	0.000000
Asat_OT3098_v2_chr4C	220000000	222000000	2000000	0	0.000000
Asat_OT3098_v2_chr4C	222000000	224000000	2000000	0	0.000000
Asat_OT3098_v2_chr4C	224000000	226000000	2000000	0	0.000000
Asat_OT3098_v2_chr4C	226000000	228000000	2000000	5254	0.002627
Asat_OT3098_v2_chr4C	228000000	230000000	2000000	0	0.000000
Asat_OT3098_v2_chr4C	230000000	232000000	2000000	0	0.000000
Asat_OT3098_v2_chr4C	232000000	234000000	2000000	4662	0.002331
Asat_OT3098_v2_chr4C	234000000	236000000	2000000	4119	0.002060
Asat_OT3098_v2_chr4C	236000000	238000000	2000000	5195	0.002597
Asat_OT3098_v2_chr4C	238000000	240000000	2000000	0	0.000000
Asat_OT3098_v2_chr4C	240000000	242000000	2000000	0	0.000000
Asat_OT3098_v2_chr4C	242000000	244000000	2000000	0	0.000000
Asat_OT3098_v2_chr4C	244000000	246000000	2000000	7979	0.003989
Asat_OT3098_v2_chr4C	246000000	248000000	2000000	14398	0.007199
Asat_OT3098_v2_chr4C	248000000	250000000	2000000	0	0.000000
Asat_OT3098_v2_chr4C	250000000	252000000	2000000	0	0.000000
Asat_OT3098_v2_chr4C	252000000	254000000	2000000	0	0.000000
Asat_OT3098_v2_chr4C	254000000	256000000	2000000	0	0.000000
Asat_OT3098_v2_chr4C	256000000	258000000	2000000	12044	0.006022
Asat_OT3098_v2_chr4C	258000000	260000000	2000000	0	0.000000
Asat_OT3098_v2_chr4C	260000000	262000000	2000000	0	0.000000
Asat_OT3098_v2_chr4C	262000000	264000000	2000000	0	0.000000
Asat_OT3098_v2_chr4C	264000000	266000000	2000000	4303	0.002152
Asat_OT3098_v2_chr4C	266000000	268000000	2000000	0	0.000000
Asat_OT3098_v2_chr4C	268000000	270000000	2000000	0	0.000000
Asat_OT3098_v2_chr4C	270000000	272000000	2000000	0	0.000000
Asat_OT3098_v2_chr4C	272000000	274000000	2000000	8159	0.004079
Asat_OT3098_v2_chr4C	274000000	276000000	2000000	0	0.000000
Asat_OT3098_v2_chr4C	276000000	278000000	2000000	0	0.000000
Asat_OT3098_v2_chr4C	278000000	280000000	2000000	8480	0.004240
Asat_OT3098_v2_chr4C	280000000	282000000	2000000	0	0.000000
Asat_OT3098_v2_chr4C	282000000	284000000	2000000	0	0.000000
Asat_OT3098_v2_chr4C	284000000	286000000	2000000	0	0.000000
Asat_OT3098_v2_chr4C	286000000	288000000	2000000	3554	0.001777
Asat_OT3098_v2_chr4C	288000000	290000000	2000000	8444	0.004222
Asat_OT3098_v2_chr4C	290000000	292000000	2000000	0	0.000000
Asat_OT3098_v2_chr4C	292000000	294000000	2000000	0	0.000000
Asat_OT3098_v2_chr4C	294000000	296000000	2000000	0	0.000000
Asat_OT3098_v2_chr4C	296000000	298000000	2000000	4192	0.002096
Asat_OT3098_v2_chr4C	298000000	300000000	2000000	0	0.000000
Asat_OT3098_v2_chr4C	300000000	302000000	2000000	0	0.000000
Asat_OT3098_v2_chr4C	302000000	304000000	2000000	0	0.000000
Asat_OT3098_v2_chr4C	304000000	306000000	2000000	0	0.000000
Asat_OT3098_v2_chr4C	306000000	308000000	2000000	0	0.000000
Asat_OT3098_v2_chr4C	308000000	310000000	2000000	1885	0.000942
Asat_OT3098_v2_chr4C	310000000	312000000	2000000	7776	0.003888
Asat_OT3098_v2_chr4C	312000000	314000000	2000000	0	0.000000
Asat_OT3098_v2_chr4C	314000000	316000000	2000000	18525	0.009262
Asat_OT3098_v2_chr4C	316000000	318000000	2000000	2549	0.001275
Asat_OT3098_v2_chr4C	318000000	320000000	2000000	0	0.000000
Asat_OT3098_v2_chr4C	320000000	322000000	2000000	0	0.000000
Asat_OT3098_v2_chr4C	322000000	324000000	2000000	3883	0.001942
Asat_OT3098_v2_chr4C	324000000	326000000	2000000	33059	0.016529
Asat_OT3098_v2_chr4C	326000000	328000000	2000000	11250	0.005625
Asat_OT3098_v2_chr4C	328000000	330000000	2000000	5744	0.002872
Asat_OT3098_v2_chr4C	330000000	332000000	2000000	90379	0.045190
Asat_OT3098_v2_chr4C	332000000	334000000	2000000	17440	0.008720
Asat_OT3098_v2_chr4C	334000000	336000000	2000000	17574	0.008787
Asat_OT3098_v2_chr4C	336000000	338000000	2000000	0	0.000000
Asat_OT3098_v2_chr4C	338000000	340000000	2000000	21125	0.010563
Asat_OT3098_v2_chr4C	340000000	342000000	2000000	0	0.000000
Asat_OT3098_v2_chr4C	342000000	344000000	2000000	13916	0.006958
Asat_OT3098_v2_chr4C	344000000	346000000	2000000	103386	0.051693
Asat_OT3098_v2_chr4C	346000000	348000000	2000000	18504	0.009252
Asat_OT3098_v2_chr4C	348000000	350000000	2000000	4540	0.002270
Asat_OT3098_v2_chr4C	350000000	352000000	2000000	78523	0.039261
Asat_OT3098_v2_chr4C	352000000	354000000	2000000	55631	0.027815
Asat_OT3098_v2_chr4C	354000000	356000000	2000000	27647	0.013824
Asat_OT3098_v2_chr4C	356000000	358000000	2000000	37001	0.018500
Asat_OT3098_v2_chr4C	358000000	360000000	2000000	31485	0.015742
Asat_OT3098_v2_chr4C	360000000	362000000	2000000	39159	0.019579
Asat_OT3098_v2_chr4C	362000000	364000000	2000000	259297	0.129648
Asat_OT3098_v2_chr4C	364000000	366000000	2000000	309807	0.154903
Asat_OT3098_v2_chr4C	366000000	368000000	2000000	296396	0.148198
Asat_OT3098_v2_chr4C	368000000	370000000	2000000	337252	0.168626
Asat_OT3098_v2_chr4C	370000000	372000000	2000000	202055	0.101028
Asat_OT3098_v2_chr4C	372000000	374000000	2000000	155363	0.077682
Asat_OT3098_v2_chr4C	374000000	376000000	2000000	53566	0.026783
Asat_OT3098_v2_chr4C	376000000	378000000	2000000	30898	0.015449
Asat_OT3098_v2_chr4C	378000000	380000000	2000000	24407	0.012204
Asat_OT3098_v2_chr4C	380000000	382000000	2000000	0	0.000000
Asat_OT3098_v2_chr4C	382000000	384000000	2000000	0	0.000000
Asat_OT3098_v2_chr4C	384000000	386000000	2000000	8772	0.004386
Asat_OT3098_v2_chr4C	386000000	388000000	2000000	0	0.000000
Asat_OT3098_v2_chr4C	388000000	390000000	2000000	5380	0.002690
Asat_OT3098_v2_chr4C	390000000	392000000	2000000	7262	0.003631
Asat_OT3098_v2_chr4C	392000000	394000000	2000000	0	0.000000
Asat_OT3098_v2_chr4C	394000000	396000000	2000000	0	0.000000
Asat_OT3098_v2_chr4C	396000000	398000000	2000000	0	0.000000
Asat_OT3098_v2_chr4C	398000000	400000000	2000000	0	0.000000
Asat_OT3098_v2_chr4C	400000000	402000000	2000000	0	0.000000
Asat_OT3098_v2_chr4C	402000000	404000000	2000000	0	0.000000
Asat_OT3098_v2_chr4C	404000000	406000000	2000000	5467	0.002733
Asat_OT3098_v2_chr4C	406000000	408000000	2000000	0	0.000000
Asat_OT3098_v2_chr4C	408000000	410000000	2000000	0	0.000000
Asat_OT3098_v2_chr4C	410000000	412000000	2000000	0	0.000000
Asat_OT3098_v2_chr4C	412000000	414000000	2000000	0	0.000000
Asat_OT3098_v2_chr4C	414000000	416000000	2000000	0	0.000000
Asat_OT3098_v2_chr4C	416000000	418000000	2000000	0	0.000000
Asat_OT3098_v2_chr4C	418000000	420000000	2000000	0	0.000000
Asat_OT3098_v2_chr4C	420000000	422000000	2000000	0	0.000000
Asat_OT3098_v2_chr4C	422000000	424000000	2000000	0	0.000000
Asat_OT3098_v2_chr4C	424000000	426000000	2000000	0	0.000000
Asat_OT3098_v2_chr4C	426000000	428000000	2000000	0	0.000000
Asat_OT3098_v2_chr4C	428000000	430000000	2000000	0	0.000000
Asat_OT3098_v2_chr4C	430000000	432000000	2000000	0	0.000000
Asat_OT3098_v2_chr4C	432000000	434000000	2000000	0	0.000000
Asat_OT3098_v2_chr4C	434000000	436000000	2000000	13661	0.006830
Asat_OT3098_v2_chr4C	436000000	438000000	2000000	0	0.000000
Asat_OT3098_v2_chr4C	438000000	440000000	2000000	0	0.000000
Asat_OT3098_v2_chr4C	440000000	442000000	2000000	0	0.000000
Asat_OT3098_v2_chr4C	442000000	444000000	2000000	0	0.000000
Asat_OT3098_v2_chr4C	444000000	446000000	2000000	0	0.000000
Asat_OT3098_v2_chr4C	446000000	448000000	2000000	0	0.000000
Asat_OT3098_v2_chr4C	448000000	450000000	2000000	0	0.000000
Asat_OT3098_v2_chr4C	450000000	452000000	2000000	0	0.000000
Asat_OT3098_v2_chr4C	452000000	454000000	2000000	0	0.000000
Asat_OT3098_v2_chr4C	454000000	456000000	2000000	0	0.000000
Asat_OT3098_v2_chr4C	456000000	458000000	2000000	0	0.000000
Asat_OT3098_v2_chr4C	458000000	460000000	2000000	6351	0.003175
Asat_OT3098_v2_chr4C	460000000	462000000	2000000	0	0.000000
Asat_OT3098_v2_chr4C	462000000	464000000	2000000	0	0.000000
Asat_OT3098_v2_chr4C	464000000	466000000	2000000	0	0.000000
Asat_OT3098_v2_chr4C	466000000	468000000	2000000	0	0.000000
Asat_OT3098_v2_chr4C	468000000	470000000	2000000	0	0.000000
Asat_OT3098_v2_chr4C	470000000	472000000	2000000	0	0.000000
Asat_OT3098_v2_chr4C	472000000	474000000	2000000	6340	0.003170
Asat_OT3098_v2_chr4C	474000000	476000000	2000000	0	0.000000
Asat_OT3098_v2_chr4C	476000000	478000000	2000000	0	0.000000
Asat_OT3098_v2_chr4C	478000000	480000000	2000000	3686	0.001843
Asat_OT3098_v2_chr4C	480000000	482000000	2000000	0	0.000000
Asat_OT3098_v2_chr4C	482000000	484000000	2000000	4991	0.002495
Asat_OT3098_v2_chr4C	484000000	486000000	2000000	0	0.000000
Asat_OT3098_v2_chr4C	486000000	488000000	2000000	0	0.000000
Asat_OT3098_v2_chr4C	488000000	490000000	2000000	7759	0.003880
Asat_OT3098_v2_chr4C	490000000	492000000	2000000	0	0.000000
Asat_OT3098_v2_chr4C	492000000	494000000	2000000	0	0.000000
Asat_OT3098_v2_chr4C	494000000	496000000	2000000	0	0.000000
Asat_OT3098_v2_chr4C	496000000	498000000	2000000	0	0.000000
Asat_OT3098_v2_chr4C	498000000	500000000	2000000	15740	0.007870
Asat_OT3098_v2_chr4C	500000000	502000000	2000000	0	0.000000
Asat_OT3098_v2_chr4C	502000000	504000000	2000000	0	0.000000
Asat_OT3098_v2_chr4C	504000000	506000000	2000000	0	0.000000
Asat_OT3098_v2_chr4C	506000000	508000000	2000000	0	0.000000
Asat_OT3098_v2_chr4C	508000000	510000000	2000000	0	0.000000
Asat_OT3098_v2_chr4C	510000000	512000000	2000000	0	0.000000
Asat_OT3098_v2_chr4C	512000000	514000000	2000000	0	0.000000
Asat_OT3098_v2_chr4C	514000000	516000000	2000000	0	0.000000
Asat_OT3098_v2_chr4C	516000000	518000000	2000000	0	0.000000
Asat_OT3098_v2_chr4C	518000000	520000000	2000000	4601	0.002301
Asat_OT3098_v2_chr4C	520000000	522000000	2000000	0	0.000000
Asat_OT3098_v2_chr4C	522000000	524000000	2000000	0	0.000000
Asat_OT3098_v2_chr4C	524000000	526000000	2000000	6974	0.003487
Asat_OT3098_v2_chr4C	526000000	528000000	2000000	0	0.000000
Asat_OT3098_v2_chr4C	528000000	530000000	2000000	0	0.000000
Asat_OT3098_v2_chr4C	530000000	532000000	2000000	3335	0.001667
Asat_OT3098_v2_chr4C	532000000	534000000	2000000	0	0.000000
Asat_OT3098_v2_chr4C	534000000	536000000	2000000	0	0.000000
Asat_OT3098_v2_chr4C	536000000	538000000	2000000	0	0.000000
Asat_OT3098_v2_chr4C	538000000	540000000	2000000	0	0.000000
Asat_OT3098_v2_chr4C	540000000	542000000	2000000	0	0.000000
Asat_OT3098_v2_chr4C	542000000	544000000	2000000	0	0.000000
Asat_OT3098_v2_chr4C	544000000	546000000	2000000	6250	0.003125
Asat_OT3098_v2_chr4C	546000000	548000000	2000000	8007	0.004004
Asat_OT3098_v2_chr4C	548000000	550000000	2000000	0	0.000000
Asat_OT3098_v2_chr4C	550000000	552000000	2000000	0	0.000000
Asat_OT3098_v2_chr4C	552000000	554000000	2000000	9772	0.004886
Asat_OT3098_v2_chr4C	554000000	556000000	2000000	0	0.000000
Asat_OT3098_v2_chr4C	556000000	558000000	2000000	0	0.000000
Asat_OT3098_v2_chr4C	558000000	560000000	2000000	0	0.000000
Asat_OT3098_v2_chr4C	560000000	562000000	2000000	0	0.000000
Asat_OT3098_v2_chr4C	562000000	564000000	2000000	0	0.000000
Asat_OT3098_v2_chr4C	564000000	566000000	2000000	0	0.000000
Asat_OT3098_v2_chr4C	566000000	568000000	2000000	0	0.000000
Asat_OT3098_v2_chr4C	568000000	570000000	2000000	1004	0.000502
Asat_OT3098_v2_chr4C	570000000	572000000	2000000	0	0.000000
Asat_OT3098_v2_chr4C	572000000	574000000	2000000	0	0.000000
Asat_OT3098_v2_chr4C	574000000	576000000	2000000	8616	0.004308
Asat_OT3098_v2_chr4C	576000000	578000000	2000000	0	0.000000
Asat_OT3098_v2_chr4C	578000000	580000000	2000000	6291	0.003145
Asat_OT3098_v2_chr4C	580000000	582000000	2000000	0	0.000000
Asat_OT3098_v2_chr4C	582000000	584000000	2000000	2890	0.001445
Asat_OT3098_v2_chr4C	584000000	586000000	2000000	0	0.000000
Asat_OT3098_v2_chr4C	586000000	588000000	2000000	0	0.000000
Asat_OT3098_v2_chr4C	588000000	590000000	2000000	7975	0.003987
Asat_OT3098_v2_chr4C	590000000	592000000	2000000	0	0.000000
Asat_OT3098_v2_chr4C	592000000	594000000	2000000	0	0.000000
Asat_OT3098_v2_chr4C	594000000	596000000	2000000	0	0.000000
Asat_OT3098_v2_chr4C	596000000	598000000	2000000	0	0.000000
Asat_OT3098_v2_chr4C	598000000	600000000	2000000	0	0.000000
Asat_OT3098_v2_chr4C	600000000	602000000	2000000	0	0.000000
Asat_OT3098_v2_chr4C	602000000	604000000	2000000	0	0.000000
Asat_OT3098_v2_chr4C	604000000	606000000	2000000	0	0.000000
Asat_OT3098_v2_chr4C	606000000	608000000	2000000	6468	0.003234
Asat_OT3098_v2_chr4C	608000000	610000000	2000000	0	0.000000
Asat_OT3098_v2_chr4C	610000000	612000000	2000000	0	0.000000
Asat_OT3098_v2_chr4C	612000000	614000000	2000000	0	0.000000
Asat_OT3098_v2_chr4C	614000000	616000000	2000000	7332	0.003666
Asat_OT3098_v2_chr4C	616000000	618000000	2000000	0	0.000000
Asat_OT3098_v2_chr4C	618000000	620000000	2000000	0	0.000000
Asat_OT3098_v2_chr4C	620000000	622000000	2000000	0	0.000000
Asat_OT3098_v2_chr4C	622000000	624000000	2000000	0	0.000000
Asat_OT3098_v2_chr4C	624000000	626000000	2000000	0	0.000000
Asat_OT3098_v2_chr4C	626000000	628000000	2000000	0	0.000000
Asat_OT3098_v2_chr4C	628000000	630000000	2000000	0	0.000000
Asat_OT3098_v2_chr4C	630000000	632000000	2000000	39830	0.019915
Asat_OT3098_v2_chr4C	632000000	634000000	2000000	6655	0.003328
Asat_OT3098_v2_chr4C	634000000	636000000	2000000	0	0.000000
Asat_OT3098_v2_chr4C	636000000	638000000	2000000	0	0.000000
Asat_OT3098_v2_chr4C	638000000	640000000	2000000	0	0.000000
Asat_OT3098_v2_chr4C	640000000	642000000	2000000	0	0.000000
Asat_OT3098_v2_chr4C	642000000	644000000	2000000	0	0.000000
Asat_OT3098_v2_chr4C	644000000	646000000	2000000	0	0.000000
Asat_OT3098_v2_chr4C	646000000	648000000	2000000	0	0.000000
Asat_OT3098_v2_chr4C	648000000	650000000	2000000	0	0.000000
Asat_OT3098_v2_chr4C	650000000	652000000	2000000	0	0.000000
Asat_OT3098_v2_chr4C	652000000	654000000	2000000	0	0.000000
Asat_OT3098_v2_chr4C	654000000	656000000	2000000	0	0.000000
Asat_OT3098_v2_chr4C	656000000	658000000	2000000	0	0.000000
Asat_OT3098_v2_chr4C	658000000	660000000	2000000	0	0.000000
Asat_OT3098_v2_chr4C	660000000	662000000	2000000	8663	0.004332
Asat_OT3098_v2_chr4C	662000000	664000000	2000000	0	0.000000
Asat_OT3098_v2_chr4C	664000000	666000000	2000000	2175	0.001087
Asat_OT3098_v2_chr4C	666000000	668000000	2000000	0	0.000000
Asat_OT3098_v2_chr4C	668000000	670000000	2000000	0	0.000000
Asat_OT3098_v2_chr4C	670000000	672000000	2000000	5323	0.002661
Asat_OT3098_v2_chr4C	672000000	674000000	2000000	11886	0.005943
Asat_OT3098_v2_chr4C	674000000	676000000	2000000	0	0.000000
Asat_OT3098_v2_chr4C	676000000	678000000	2000000	0	0.000000
Asat_OT3098_v2_chr4C	678000000	680000000	2000000	8526	0.004263
Asat_OT3098_v2_chr4C	680000000	682000000	2000000	0	0.000000
Asat_OT3098_v2_chr4C	682000000	684000000	2000000	0	0.000000
Asat_OT3098_v2_chr4C	684000000	686000000	2000000	6510	0.003255
Asat_OT3098_v2_chr4C	686000000	688000000	2000000	4729	0.002364
Asat_OT3098_v2_chr4C	688000000	690000000	2000000	0	0.000000
Asat_OT3098_v2_chr4C	690000000	692000000	2000000	0	0.000000
Asat_OT3098_v2_chr4C	692000000	694000000	2000000	0	0.000000
Asat_OT3098_v2_chr4C	694000000	696000000	2000000	0	0.000000
Asat_OT3098_v2_chr4C	696000000	698000000	2000000	0	0.000000
Asat_OT3098_v2_chr4C	698000000	700000000	2000000	0	0.000000
Asat_OT3098_v2_chr4C	700000000	702000000	2000000	0	0.000000
Asat_OT3098_v2_chr4C	702000000	704000000	2000000	0	0.000000
Asat_OT3098_v2_chr4C	704000000	706000000	2000000	0	0.000000
Asat_OT3098_v2_chr4C	706000000	708000000	2000000	0	0.000000
Asat_OT3098_v2_chr4C	708000000	710000000	2000000	1157	0.000579
Asat_OT3098_v2_chr4C	710000000	712000000	2000000	0	0.000000
Asat_OT3098_v2_chr4C	712000000	714000000	2000000	0	0.000000
Asat_OT3098_v2_chr4C	714000000	716000000	2000000	0	0.000000
Asat_OT3098_v2_chr4C	716000000	716105986	105986	0	0.000000
Asat_OT3098_v2_chr4D	0	2000000	2000000	0	0.000000
Asat_OT3098_v2_chr4D	2000000	4000000	2000000	0	0.000000
Asat_OT3098_v2_chr4D	4000000	6000000	2000000	0	0.000000
Asat_OT3098_v2_chr4D	6000000	8000000	2000000	0	0.000000
Asat_OT3098_v2_chr4D	8000000	10000000	2000000	0	0.000000
Asat_OT3098_v2_chr4D	10000000	12000000	2000000	0	0.000000
Asat_OT3098_v2_chr4D	12000000	14000000	2000000	0	0.000000
Asat_OT3098_v2_chr4D	14000000	16000000	2000000	4556	0.002278
Asat_OT3098_v2_chr4D	16000000	18000000	2000000	0	0.000000
Asat_OT3098_v2_chr4D	18000000	20000000	2000000	8473	0.004236
Asat_OT3098_v2_chr4D	20000000	22000000	2000000	0	0.000000
Asat_OT3098_v2_chr4D	22000000	24000000	2000000	0	0.000000
Asat_OT3098_v2_chr4D	24000000	26000000	2000000	0	0.000000
Asat_OT3098_v2_chr4D	26000000	28000000	2000000	0	0.000000
Asat_OT3098_v2_chr4D	28000000	30000000	2000000	0	0.000000
Asat_OT3098_v2_chr4D	30000000	32000000	2000000	0	0.000000
Asat_OT3098_v2_chr4D	32000000	34000000	2000000	0	0.000000
Asat_OT3098_v2_chr4D	34000000	36000000	2000000	0	0.000000
Asat_OT3098_v2_chr4D	36000000	38000000	2000000	8716	0.004358
Asat_OT3098_v2_chr4D	38000000	40000000	2000000	0	0.000000
Asat_OT3098_v2_chr4D	40000000	42000000	2000000	0	0.000000
Asat_OT3098_v2_chr4D	42000000	44000000	2000000	0	0.000000
Asat_OT3098_v2_chr4D	44000000	46000000	2000000	0	0.000000
Asat_OT3098_v2_chr4D	46000000	48000000	2000000	0	0.000000
Asat_OT3098_v2_chr4D	48000000	50000000	2000000	8650	0.004325
Asat_OT3098_v2_chr4D	50000000	52000000	2000000	0	0.000000
Asat_OT3098_v2_chr4D	52000000	54000000	2000000	8117	0.004058
Asat_OT3098_v2_chr4D	54000000	56000000	2000000	0	0.000000
Asat_OT3098_v2_chr4D	56000000	58000000	2000000	0	0.000000
Asat_OT3098_v2_chr4D	58000000	60000000	2000000	0	0.000000
Asat_OT3098_v2_chr4D	60000000	62000000	2000000	0	0.000000
Asat_OT3098_v2_chr4D	62000000	64000000	2000000	8134	0.004067
Asat_OT3098_v2_chr4D	64000000	66000000	2000000	0	0.000000
Asat_OT3098_v2_chr4D	66000000	68000000	2000000	0	0.000000
Asat_OT3098_v2_chr4D	68000000	70000000	2000000	8277	0.004138
Asat_OT3098_v2_chr4D	70000000	72000000	2000000	0	0.000000
Asat_OT3098_v2_chr4D	72000000	74000000	2000000	0	0.000000
Asat_OT3098_v2_chr4D	74000000	76000000	2000000	0	0.000000
Asat_OT3098_v2_chr4D	76000000	78000000	2000000	15075	0.007537
Asat_OT3098_v2_chr4D	78000000	80000000	2000000	0	0.000000
Asat_OT3098_v2_chr4D	80000000	82000000	2000000	0	0.000000
Asat_OT3098_v2_chr4D	82000000	84000000	2000000	0	0.000000
Asat_OT3098_v2_chr4D	84000000	86000000	2000000	0	0.000000
Asat_OT3098_v2_chr4D	86000000	88000000	2000000	0	0.000000
Asat_OT3098_v2_chr4D	88000000	90000000	2000000	8588	0.004294
Asat_OT3098_v2_chr4D	90000000	92000000	2000000	0	0.000000
Asat_OT3098_v2_chr4D	92000000	94000000	2000000	8197	0.004098
Asat_OT3098_v2_chr4D	94000000	96000000	2000000	0	0.000000
Asat_OT3098_v2_chr4D	96000000	98000000	2000000	0	0.000000
Asat_OT3098_v2_chr4D	98000000	100000000	2000000	8456	0.004228
Asat_OT3098_v2_chr4D	100000000	102000000	2000000	0	0.000000
Asat_OT3098_v2_chr4D	102000000	104000000	2000000	8701	0.004351
Asat_OT3098_v2_chr4D	104000000	106000000	2000000	0	0.000000
Asat_OT3098_v2_chr4D	106000000	108000000	2000000	0	0.000000
Asat_OT3098_v2_chr4D	108000000	110000000	2000000	0	0.000000
Asat_OT3098_v2_chr4D	110000000	112000000	2000000	2765	0.001383
Asat_OT3098_v2_chr4D	112000000	114000000	2000000	32671	0.016335
Asat_OT3098_v2_chr4D	114000000	116000000	2000000	6992	0.003496
Asat_OT3098_v2_chr4D	116000000	118000000	2000000	6844	0.003422
Asat_OT3098_v2_chr4D	118000000	120000000	2000000	7426	0.003713
Asat_OT3098_v2_chr4D	120000000	122000000	2000000	24326	0.012163
Asat_OT3098_v2_chr4D	122000000	124000000	2000000	0	0.000000
Asat_OT3098_v2_chr4D	124000000	126000000	2000000	0	0.000000
Asat_OT3098_v2_chr4D	126000000	128000000	2000000	0	0.000000
Asat_OT3098_v2_chr4D	128000000	130000000	2000000	0	0.000000
Asat_OT3098_v2_chr4D	130000000	132000000	2000000	0	0.000000
Asat_OT3098_v2_chr4D	132000000	134000000	2000000	0	0.000000
Asat_OT3098_v2_chr4D	134000000	136000000	2000000	0	0.000000
Asat_OT3098_v2_chr4D	136000000	138000000	2000000	4548	0.002274
Asat_OT3098_v2_chr4D	138000000	140000000	2000000	8196	0.004098
Asat_OT3098_v2_chr4D	140000000	142000000	2000000	57598	0.028799
Asat_OT3098_v2_chr4D	142000000	144000000	2000000	67089	0.033544
Asat_OT3098_v2_chr4D	144000000	146000000	2000000	43879	0.021940
Asat_OT3098_v2_chr4D	146000000	148000000	2000000	170988	0.085494
Asat_OT3098_v2_chr4D	148000000	150000000	2000000	90487	0.045243
Asat_OT3098_v2_chr4D	150000000	152000000	2000000	0	0.000000
Asat_OT3098_v2_chr4D	152000000	154000000	2000000	20751	0.010375
Asat_OT3098_v2_chr4D	154000000	156000000	2000000	359330	0.179665
Asat_OT3098_v2_chr4D	156000000	158000000	2000000	561859	0.280929
Asat_OT3098_v2_chr4D	158000000	160000000	2000000	475164	0.237582
Asat_OT3098_v2_chr4D	160000000	162000000	2000000	231810	0.115905
Asat_OT3098_v2_chr4D	162000000	164000000	2000000	131813	0.065907
Asat_OT3098_v2_chr4D	164000000	166000000	2000000	22128	0.011064
Asat_OT3098_v2_chr4D	166000000	168000000	2000000	16705	0.008353
Asat_OT3098_v2_chr4D	168000000	170000000	2000000	8374	0.004187
Asat_OT3098_v2_chr4D	170000000	172000000	2000000	12398	0.006199
Asat_OT3098_v2_chr4D	172000000	174000000	2000000	8452	0.004226
Asat_OT3098_v2_chr4D	174000000	176000000	2000000	8588	0.004294
Asat_OT3098_v2_chr4D	176000000	178000000	2000000	8494	0.004247
Asat_OT3098_v2_chr4D	178000000	180000000	2000000	25702	0.012851
Asat_OT3098_v2_chr4D	180000000	182000000	2000000	0	0.000000
Asat_OT3098_v2_chr4D	182000000	184000000	2000000	1165	0.000583
Asat_OT3098_v2_chr4D	184000000	186000000	2000000	3286	0.001643
Asat_OT3098_v2_chr4D	186000000	188000000	2000000	0	0.000000
Asat_OT3098_v2_chr4D	188000000	190000000	2000000	1841	0.000920
Asat_OT3098_v2_chr4D	190000000	192000000	2000000	0	0.000000
Asat_OT3098_v2_chr4D	192000000	194000000	2000000	0	0.000000
Asat_OT3098_v2_chr4D	194000000	196000000	2000000	8637	0.004319
Asat_OT3098_v2_chr4D	196000000	198000000	2000000	0	0.000000
Asat_OT3098_v2_chr4D	198000000	200000000	2000000	17358	0.008679
Asat_OT3098_v2_chr4D	200000000	202000000	2000000	0	0.000000
Asat_OT3098_v2_chr4D	202000000	204000000	2000000	0	0.000000
Asat_OT3098_v2_chr4D	204000000	206000000	2000000	0	0.000000
Asat_OT3098_v2_chr4D	206000000	208000000	2000000	16475	0.008238
Asat_OT3098_v2_chr4D	208000000	210000000	2000000	0	0.000000
Asat_OT3098_v2_chr4D	210000000	212000000	2000000	6349	0.003174
Asat_OT3098_v2_chr4D	212000000	214000000	2000000	0	0.000000
Asat_OT3098_v2_chr4D	214000000	216000000	2000000	0	0.000000
Asat_OT3098_v2_chr4D	216000000	218000000	2000000	0	0.000000
Asat_OT3098_v2_chr4D	218000000	220000000	2000000	15648	0.007824
Asat_OT3098_v2_chr4D	220000000	222000000	2000000	0	0.000000
Asat_OT3098_v2_chr4D	222000000	224000000	2000000	0	0.000000
Asat_OT3098_v2_chr4D	224000000	226000000	2000000	0	0.000000
Asat_OT3098_v2_chr4D	226000000	228000000	2000000	1064	0.000532
Asat_OT3098_v2_chr4D	228000000	230000000	2000000	8643	0.004321
Asat_OT3098_v2_chr4D	230000000	232000000	2000000	5550	0.002775
Asat_OT3098_v2_chr4D	232000000	234000000	2000000	0	0.000000
Asat_OT3098_v2_chr4D	234000000	236000000	2000000	0	0.000000
Asat_OT3098_v2_chr4D	236000000	238000000	2000000	3270	0.001635
Asat_OT3098_v2_chr4D	238000000	240000000	2000000	0	0.000000
Asat_OT3098_v2_chr4D	240000000	242000000	2000000	0	0.000000
Asat_OT3098_v2_chr4D	242000000	244000000	2000000	0	0.000000
Asat_OT3098_v2_chr4D	244000000	246000000	2000000	0	0.000000
Asat_OT3098_v2_chr4D	246000000	248000000	2000000	0	0.000000
Asat_OT3098_v2_chr4D	248000000	250000000	2000000	0	0.000000
Asat_OT3098_v2_chr4D	250000000	252000000	2000000	0	0.000000
Asat_OT3098_v2_chr4D	252000000	254000000	2000000	0	0.000000
Asat_OT3098_v2_chr4D	254000000	256000000	2000000	0	0.000000
Asat_OT3098_v2_chr4D	256000000	258000000	2000000	0	0.000000
Asat_OT3098_v2_chr4D	258000000	260000000	2000000	0	0.000000
Asat_OT3098_v2_chr4D	260000000	262000000	2000000	0	0.000000
Asat_OT3098_v2_chr4D	262000000	264000000	2000000	8455	0.004228
Asat_OT3098_v2_chr4D	264000000	266000000	2000000	0	0.000000
Asat_OT3098_v2_chr4D	266000000	268000000	2000000	8686	0.004343
Asat_OT3098_v2_chr4D	268000000	270000000	2000000	0	0.000000
Asat_OT3098_v2_chr4D	270000000	272000000	2000000	0	0.000000
Asat_OT3098_v2_chr4D	272000000	274000000	2000000	15193	0.007596
Asat_OT3098_v2_chr4D	274000000	276000000	2000000	0	0.000000
Asat_OT3098_v2_chr4D	276000000	278000000	2000000	0	0.000000
Asat_OT3098_v2_chr4D	278000000	280000000	2000000	18478	0.009239
Asat_OT3098_v2_chr4D	280000000	282000000	2000000	8334	0.004167
Asat_OT3098_v2_chr4D	282000000	284000000	2000000	5495	0.002747
Asat_OT3098_v2_chr4D	284000000	286000000	2000000	7045	0.003523
Asat_OT3098_v2_chr4D	286000000	288000000	2000000	0	0.000000
Asat_OT3098_v2_chr4D	288000000	290000000	2000000	7852	0.003926
Asat_OT3098_v2_chr4D	290000000	292000000	2000000	0	0.000000
Asat_OT3098_v2_chr4D	292000000	294000000	2000000	0	0.000000
Asat_OT3098_v2_chr4D	294000000	296000000	2000000	0	0.000000
Asat_OT3098_v2_chr4D	296000000	298000000	2000000	0	0.000000
Asat_OT3098_v2_chr4D	298000000	300000000	2000000	4915	0.002458
Asat_OT3098_v2_chr4D	300000000	302000000	2000000	5783	0.002891
Asat_OT3098_v2_chr4D	302000000	304000000	2000000	2746	0.001373
Asat_OT3098_v2_chr4D	304000000	306000000	2000000	0	0.000000
Asat_OT3098_v2_chr4D	306000000	308000000	2000000	0	0.000000
Asat_OT3098_v2_chr4D	308000000	310000000	2000000	5522	0.002761
Asat_OT3098_v2_chr4D	310000000	312000000	2000000	0	0.000000
Asat_OT3098_v2_chr4D	312000000	314000000	2000000	0	0.000000
Asat_OT3098_v2_chr4D	314000000	316000000	2000000	0	0.000000
Asat_OT3098_v2_chr4D	316000000	318000000	2000000	0	0.000000
Asat_OT3098_v2_chr4D	318000000	320000000	2000000	0	0.000000
Asat_OT3098_v2_chr4D	320000000	322000000	2000000	0	0.000000
Asat_OT3098_v2_chr4D	322000000	324000000	2000000	0	0.000000
Asat_OT3098_v2_chr4D	324000000	326000000	2000000	18099	0.009050
Asat_OT3098_v2_chr4D	326000000	328000000	2000000	0	0.000000
Asat_OT3098_v2_chr4D	328000000	330000000	2000000	0	0.000000
Asat_OT3098_v2_chr4D	330000000	332000000	2000000	8954	0.004477
Asat_OT3098_v2_chr4D	332000000	334000000	2000000	0	0.000000
Asat_OT3098_v2_chr4D	334000000	336000000	2000000	7272	0.003636
Asat_OT3098_v2_chr4D	336000000	338000000	2000000	7382	0.003691
Asat_OT3098_v2_chr4D	338000000	340000000	2000000	6955	0.003478
Asat_OT3098_v2_chr4D	340000000	342000000	2000000	0	0.000000
Asat_OT3098_v2_chr4D	342000000	344000000	2000000	8317	0.004158
Asat_OT3098_v2_chr4D	344000000	346000000	2000000	0	0.000000
Asat_OT3098_v2_chr4D	346000000	348000000	2000000	0	0.000000
Asat_OT3098_v2_chr4D	348000000	350000000	2000000	0	0.000000
Asat_OT3098_v2_chr4D	350000000	352000000	2000000	7318	0.003659
Asat_OT3098_v2_chr4D	352000000	354000000	2000000	0	0.000000
Asat_OT3098_v2_chr4D	354000000	356000000	2000000	7158	0.003579
Asat_OT3098_v2_chr4D	356000000	358000000	2000000	5486	0.002743
Asat_OT3098_v2_chr4D	358000000	360000000	2000000	0	0.000000
Asat_OT3098_v2_chr4D	360000000	362000000	2000000	6364	0.003182
Asat_OT3098_v2_chr4D	362000000	364000000	2000000	7943	0.003972
Asat_OT3098_v2_chr4D	364000000	366000000	2000000	16809	0.008405
Asat_OT3098_v2_chr4D	366000000	368000000	2000000	0	0.000000
Asat_OT3098_v2_chr4D	368000000	370000000	2000000	0	0.000000
Asat_OT3098_v2_chr4D	370000000	372000000	2000000	2080	0.001040
Asat_OT3098_v2_chr4D	372000000	374000000	2000000	0	0.000000
Asat_OT3098_v2_chr4D	374000000	376000000	2000000	0	0.000000
Asat_OT3098_v2_chr4D	376000000	378000000	2000000	8170	0.004085
Asat_OT3098_v2_chr4D	378000000	380000000	2000000	0	0.000000
Asat_OT3098_v2_chr4D	380000000	382000000	2000000	8554	0.004277
Asat_OT3098_v2_chr4D	382000000	384000000	2000000	0	0.000000
Asat_OT3098_v2_chr4D	384000000	386000000	2000000	0	0.000000
Asat_OT3098_v2_chr4D	386000000	388000000	2000000	0	0.000000
Asat_OT3098_v2_chr4D	388000000	390000000	2000000	2346	0.001173
Asat_OT3098_v2_chr4D	390000000	392000000	2000000	8488	0.004244
Asat_OT3098_v2_chr4D	392000000	394000000	2000000	0	0.000000
Asat_OT3098_v2_chr4D	394000000	396000000	2000000	14711	0.007356
Asat_OT3098_v2_chr4D	396000000	398000000	2000000	0	0.000000
Asat_OT3098_v2_chr4D	398000000	400000000	2000000	0	0.000000
Asat_OT3098_v2_chr4D	400000000	402000000	2000000	0	0.000000
Asat_OT3098_v2_chr4D	402000000	404000000	2000000	0	0.000000
Asat_OT3098_v2_chr4D	404000000	406000000	2000000	8312	0.004156
Asat_OT3098_v2_chr4D	406000000	408000000	2000000	6294	0.003147
Asat_OT3098_v2_chr4D	408000000	410000000	2000000	8367	0.004183
Asat_OT3098_v2_chr4D	410000000	412000000	2000000	0	0.000000
Asat_OT3098_v2_chr4D	412000000	414000000	2000000	5948	0.002974
Asat_OT3098_v2_chr4D	414000000	416000000	2000000	0	0.000000
Asat_OT3098_v2_chr4D	416000000	418000000	2000000	4486	0.002243
Asat_OT3098_v2_chr4D	418000000	420000000	2000000	0	0.000000
Asat_OT3098_v2_chr4D	420000000	422000000	2000000	0	0.000000
Asat_OT3098_v2_chr4D	422000000	424000000	2000000	7298	0.003649
Asat_OT3098_v2_chr4D	424000000	426000000	2000000	0	0.000000
Asat_OT3098_v2_chr4D	426000000	428000000	2000000	0	0.000000
Asat_OT3098_v2_chr4D	428000000	430000000	2000000	0	0.000000
Asat_OT3098_v2_chr4D	430000000	432000000	2000000	0	0.000000
Asat_OT3098_v2_chr4D	432000000	434000000	2000000	0	0.000000
Asat_OT3098_v2_chr4D	434000000	436000000	2000000	0	0.000000
Asat_OT3098_v2_chr4D	436000000	438000000	2000000	0	0.000000
Asat_OT3098_v2_chr4D	438000000	440000000	2000000	0	0.000000
Asat_OT3098_v2_chr4D	440000000	442000000	2000000	0	0.000000
Asat_OT3098_v2_chr4D	442000000	444000000	2000000	0	0.000000
Asat_OT3098_v2_chr4D	444000000	446000000	2000000	0	0.000000
Asat_OT3098_v2_chr4D	446000000	448000000	2000000	5294	0.002647
Asat_OT3098_v2_chr4D	448000000	450000000	2000000	0	0.000000
Asat_OT3098_v2_chr4D	450000000	452000000	2000000	5297	0.002648
Asat_OT3098_v2_chr4D	452000000	454000000	2000000	0	0.000000
Asat_OT3098_v2_chr4D	454000000	455353809	1353809	0	0.000000
Asat_OT3098_v2_chr5A	0	2000000	2000000	0	0.000000
Asat_OT3098_v2_chr5A	2000000	4000000	2000000	2087	0.001043
Asat_OT3098_v2_chr5A	4000000	6000000	2000000	9615	0.004808
Asat_OT3098_v2_chr5A	6000000	8000000	2000000	0	0.000000
Asat_OT3098_v2_chr5A	8000000	10000000	2000000	0	0.000000
Asat_OT3098_v2_chr5A	10000000	12000000	2000000	6378	0.003189
Asat_OT3098_v2_chr5A	12000000	14000000	2000000	0	0.000000
Asat_OT3098_v2_chr5A	14000000	16000000	2000000	5184	0.002592
Asat_OT3098_v2_chr5A	16000000	18000000	2000000	0	0.000000
Asat_OT3098_v2_chr5A	18000000	20000000	2000000	25412	0.012706
Asat_OT3098_v2_chr5A	20000000	22000000	2000000	8772	0.004386
Asat_OT3098_v2_chr5A	22000000	24000000	2000000	0	0.000000
Asat_OT3098_v2_chr5A	24000000	26000000	2000000	0	0.000000
Asat_OT3098_v2_chr5A	26000000	28000000	2000000	0	0.000000
Asat_OT3098_v2_chr5A	28000000	30000000	2000000	0	0.000000
Asat_OT3098_v2_chr5A	30000000	32000000	2000000	5506	0.002753
Asat_OT3098_v2_chr5A	32000000	34000000	2000000	0	0.000000
Asat_OT3098_v2_chr5A	34000000	36000000	2000000	0	0.000000
Asat_OT3098_v2_chr5A	36000000	38000000	2000000	0	0.000000
Asat_OT3098_v2_chr5A	38000000	40000000	2000000	0	0.000000
Asat_OT3098_v2_chr5A	40000000	42000000	2000000	17478	0.008739
Asat_OT3098_v2_chr5A	42000000	44000000	2000000	0	0.000000
Asat_OT3098_v2_chr5A	44000000	46000000	2000000	0	0.000000
Asat_OT3098_v2_chr5A	46000000	48000000	2000000	7593	0.003796
Asat_OT3098_v2_chr5A	48000000	50000000	2000000	0	0.000000
Asat_OT3098_v2_chr5A	50000000	52000000	2000000	1093	0.000547
Asat_OT3098_v2_chr5A	52000000	54000000	2000000	0	0.000000
Asat_OT3098_v2_chr5A	54000000	56000000	2000000	0	0.000000
Asat_OT3098_v2_chr5A	56000000	58000000	2000000	0	0.000000
Asat_OT3098_v2_chr5A	58000000	60000000	2000000	17122	0.008561
Asat_OT3098_v2_chr5A	60000000	62000000	2000000	9446	0.004723
Asat_OT3098_v2_chr5A	62000000	64000000	2000000	8581	0.004291
Asat_OT3098_v2_chr5A	64000000	66000000	2000000	0	0.000000
Asat_OT3098_v2_chr5A	66000000	68000000	2000000	0	0.000000
Asat_OT3098_v2_chr5A	68000000	70000000	2000000	0	0.000000
Asat_OT3098_v2_chr5A	70000000	72000000	2000000	0	0.000000
Asat_OT3098_v2_chr5A	72000000	74000000	2000000	7308	0.003654
Asat_OT3098_v2_chr5A	74000000	76000000	2000000	0	0.000000
Asat_OT3098_v2_chr5A	76000000	78000000	2000000	0	0.000000
Asat_OT3098_v2_chr5A	78000000	80000000	2000000	0	0.000000
Asat_OT3098_v2_chr5A	80000000	82000000	2000000	0	0.000000
Asat_OT3098_v2_chr5A	82000000	84000000	2000000	0	0.000000
Asat_OT3098_v2_chr5A	84000000	86000000	2000000	0	0.000000
Asat_OT3098_v2_chr5A	86000000	88000000	2000000	8569	0.004285
Asat_OT3098_v2_chr5A	88000000	90000000	2000000	0	0.000000
Asat_OT3098_v2_chr5A	90000000	92000000	2000000	0	0.000000
Asat_OT3098_v2_chr5A	92000000	94000000	2000000	0	0.000000
Asat_OT3098_v2_chr5A	94000000	96000000	2000000	0	0.000000
Asat_OT3098_v2_chr5A	96000000	98000000	2000000	11752	0.005876
Asat_OT3098_v2_chr5A	98000000	100000000	2000000	0	0.000000
Asat_OT3098_v2_chr5A	100000000	102000000	2000000	0	0.000000
Asat_OT3098_v2_chr5A	102000000	104000000	2000000	0	0.000000
Asat_OT3098_v2_chr5A	104000000	106000000	2000000	0	0.000000
Asat_OT3098_v2_chr5A	106000000	108000000	2000000	2140	0.001070
Asat_OT3098_v2_chr5A	108000000	110000000	2000000	8584	0.004292
Asat_OT3098_v2_chr5A	110000000	112000000	2000000	8098	0.004049
Asat_OT3098_v2_chr5A	112000000	114000000	2000000	0	0.000000
Asat_OT3098_v2_chr5A	114000000	116000000	2000000	4210	0.002105
Asat_OT3098_v2_chr5A	116000000	118000000	2000000	0	0.000000
Asat_OT3098_v2_chr5A	118000000	120000000	2000000	0	0.000000
Asat_OT3098_v2_chr5A	120000000	122000000	2000000	9056	0.004528
Asat_OT3098_v2_chr5A	122000000	124000000	2000000	8549	0.004274
Asat_OT3098_v2_chr5A	124000000	126000000	2000000	6657	0.003328
Asat_OT3098_v2_chr5A	126000000	128000000	2000000	0	0.000000
Asat_OT3098_v2_chr5A	128000000	130000000	2000000	0	0.000000
Asat_OT3098_v2_chr5A	130000000	132000000	2000000	8722	0.004361
Asat_OT3098_v2_chr5A	132000000	134000000	2000000	0	0.000000
Asat_OT3098_v2_chr5A	134000000	136000000	2000000	8493	0.004247
Asat_OT3098_v2_chr5A	136000000	138000000	2000000	14215	0.007108
Asat_OT3098_v2_chr5A	138000000	140000000	2000000	0	0.000000
Asat_OT3098_v2_chr5A	140000000	142000000	2000000	0	0.000000
Asat_OT3098_v2_chr5A	142000000	144000000	2000000	0	0.000000
Asat_OT3098_v2_chr5A	144000000	146000000	2000000	4008	0.002004
Asat_OT3098_v2_chr5A	146000000	148000000	2000000	8587	0.004293
Asat_OT3098_v2_chr5A	148000000	150000000	2000000	0	0.000000
Asat_OT3098_v2_chr5A	150000000	152000000	2000000	0	0.000000
Asat_OT3098_v2_chr5A	152000000	154000000	2000000	0	0.000000
Asat_OT3098_v2_chr5A	154000000	156000000	2000000	0	0.000000
Asat_OT3098_v2_chr5A	156000000	158000000	2000000	0	0.000000
Asat_OT3098_v2_chr5A	158000000	160000000	2000000	8789	0.004394
Asat_OT3098_v2_chr5A	160000000	162000000	2000000	0	0.000000
Asat_OT3098_v2_chr5A	162000000	164000000	2000000	8661	0.004331
Asat_OT3098_v2_chr5A	164000000	166000000	2000000	0	0.000000
Asat_OT3098_v2_chr5A	166000000	168000000	2000000	0	0.000000
Asat_OT3098_v2_chr5A	168000000	170000000	2000000	0	0.000000
Asat_OT3098_v2_chr5A	170000000	172000000	2000000	0	0.000000
Asat_OT3098_v2_chr5A	172000000	174000000	2000000	8304	0.004152
Asat_OT3098_v2_chr5A	174000000	176000000	2000000	0	0.000000
Asat_OT3098_v2_chr5A	176000000	178000000	2000000	0	0.000000
Asat_OT3098_v2_chr5A	178000000	180000000	2000000	5457	0.002729
Asat_OT3098_v2_chr5A	180000000	182000000	2000000	0	0.000000
Asat_OT3098_v2_chr5A	182000000	184000000	2000000	8666	0.004333
Asat_OT3098_v2_chr5A	184000000	186000000	2000000	0	0.000000
Asat_OT3098_v2_chr5A	186000000	188000000	2000000	0	0.000000
Asat_OT3098_v2_chr5A	188000000	190000000	2000000	0	0.000000
Asat_OT3098_v2_chr5A	190000000	192000000	2000000	0	0.000000
Asat_OT3098_v2_chr5A	192000000	194000000	2000000	9745	0.004873
Asat_OT3098_v2_chr5A	194000000	196000000	2000000	15963	0.007982
Asat_OT3098_v2_chr5A	196000000	198000000	2000000	16969	0.008485
Asat_OT3098_v2_chr5A	198000000	200000000	2000000	7675	0.003838
Asat_OT3098_v2_chr5A	200000000	202000000	2000000	7938	0.003969
Asat_OT3098_v2_chr5A	202000000	204000000	2000000	10408	0.005204
Asat_OT3098_v2_chr5A	204000000	206000000	2000000	14020	0.007010
Asat_OT3098_v2_chr5A	206000000	208000000	2000000	21942	0.010971
Asat_OT3098_v2_chr5A	208000000	210000000	2000000	53147	0.026573
Asat_OT3098_v2_chr5A	210000000	212000000	2000000	109449	0.054725
Asat_OT3098_v2_chr5A	212000000	214000000	2000000	225518	0.112759
Asat_OT3098_v2_chr5A	214000000	216000000	2000000	758283	0.379142
Asat_OT3098_v2_chr5A	216000000	218000000	2000000	623398	0.311699
Asat_OT3098_v2_chr5A	218000000	220000000	2000000	744316	0.372158
Asat_OT3098_v2_chr5A	220000000	222000000	2000000	743718	0.371859
Asat_OT3098_v2_chr5A	222000000	224000000	2000000	463794	0.231897
Asat_OT3098_v2_chr5A	224000000	226000000	2000000	148581	0.074290
Asat_OT3098_v2_chr5A	226000000	228000000	2000000	33474	0.016737
Asat_OT3098_v2_chr5A	228000000	230000000	2000000	48019	0.024009
Asat_OT3098_v2_chr5A	230000000	232000000	2000000	16957	0.008478
Asat_OT3098_v2_chr5A	232000000	234000000	2000000	55974	0.027987
Asat_OT3098_v2_chr5A	234000000	236000000	2000000	24839	0.012419
Asat_OT3098_v2_chr5A	236000000	238000000	2000000	9971	0.004986
Asat_OT3098_v2_chr5A	238000000	240000000	2000000	22839	0.011420
Asat_OT3098_v2_chr5A	240000000	242000000	2000000	31255	0.015627
Asat_OT3098_v2_chr5A	242000000	244000000	2000000	8145	0.004072
Asat_OT3098_v2_chr5A	244000000	246000000	2000000	0	0.000000
Asat_OT3098_v2_chr5A	246000000	248000000	2000000	0	0.000000
Asat_OT3098_v2_chr5A	248000000	250000000	2000000	5616	0.002808
Asat_OT3098_v2_chr5A	250000000	252000000	2000000	0	0.000000
Asat_OT3098_v2_chr5A	252000000	254000000	2000000	7917	0.003959
Asat_OT3098_v2_chr5A	254000000	256000000	2000000	8463	0.004232
Asat_OT3098_v2_chr5A	256000000	258000000	2000000	0	0.000000
Asat_OT3098_v2_chr5A	258000000	260000000	2000000	5993	0.002997
Asat_OT3098_v2_chr5A	260000000	262000000	2000000	1669	0.000834
Asat_OT3098_v2_chr5A	262000000	264000000	2000000	15672	0.007836
Asat_OT3098_v2_chr5A	264000000	266000000	2000000	3472	0.001736
Asat_OT3098_v2_chr5A	266000000	268000000	2000000	0	0.000000
Asat_OT3098_v2_chr5A	268000000	270000000	2000000	0	0.000000
Asat_OT3098_v2_chr5A	270000000	272000000	2000000	0	0.000000
Asat_OT3098_v2_chr5A	272000000	274000000	2000000	8544	0.004272
Asat_OT3098_v2_chr5A	274000000	276000000	2000000	0	0.000000
Asat_OT3098_v2_chr5A	276000000	278000000	2000000	0	0.000000
Asat_OT3098_v2_chr5A	278000000	280000000	2000000	0	0.000000
Asat_OT3098_v2_chr5A	280000000	282000000	2000000	8040	0.004020
Asat_OT3098_v2_chr5A	282000000	284000000	2000000	0	0.000000
Asat_OT3098_v2_chr5A	284000000	286000000	2000000	0	0.000000
Asat_OT3098_v2_chr5A	286000000	288000000	2000000	0	0.000000
Asat_OT3098_v2_chr5A	288000000	290000000	2000000	0	0.000000
Asat_OT3098_v2_chr5A	290000000	292000000	2000000	1080	0.000540
Asat_OT3098_v2_chr5A	292000000	294000000	2000000	0	0.000000
Asat_OT3098_v2_chr5A	294000000	296000000	2000000	0	0.000000
Asat_OT3098_v2_chr5A	296000000	298000000	2000000	0	0.000000
Asat_OT3098_v2_chr5A	298000000	300000000	2000000	0	0.000000
Asat_OT3098_v2_chr5A	300000000	302000000	2000000	0	0.000000
Asat_OT3098_v2_chr5A	302000000	304000000	2000000	0	0.000000
Asat_OT3098_v2_chr5A	304000000	306000000	2000000	0	0.000000
Asat_OT3098_v2_chr5A	306000000	308000000	2000000	0	0.000000
Asat_OT3098_v2_chr5A	308000000	310000000	2000000	8546	0.004273
Asat_OT3098_v2_chr5A	310000000	312000000	2000000	1056	0.000528
Asat_OT3098_v2_chr5A	312000000	314000000	2000000	0	0.000000
Asat_OT3098_v2_chr5A	314000000	316000000	2000000	0	0.000000
Asat_OT3098_v2_chr5A	316000000	318000000	2000000	0	0.000000
Asat_OT3098_v2_chr5A	318000000	320000000	2000000	0	0.000000
Asat_OT3098_v2_chr5A	320000000	322000000	2000000	0	0.000000
Asat_OT3098_v2_chr5A	322000000	324000000	2000000	0	0.000000
Asat_OT3098_v2_chr5A	324000000	326000000	2000000	7322	0.003661
Asat_OT3098_v2_chr5A	326000000	328000000	2000000	8333	0.004167
Asat_OT3098_v2_chr5A	328000000	330000000	2000000	0	0.000000
Asat_OT3098_v2_chr5A	330000000	332000000	2000000	8312	0.004156
Asat_OT3098_v2_chr5A	332000000	334000000	2000000	0	0.000000
Asat_OT3098_v2_chr5A	334000000	336000000	2000000	0	0.000000
Asat_OT3098_v2_chr5A	336000000	338000000	2000000	8729	0.004365
Asat_OT3098_v2_chr5A	338000000	340000000	2000000	3589	0.001795
Asat_OT3098_v2_chr5A	340000000	342000000	2000000	0	0.000000
Asat_OT3098_v2_chr5A	342000000	344000000	2000000	0	0.000000
Asat_OT3098_v2_chr5A	344000000	346000000	2000000	2450	0.001225
Asat_OT3098_v2_chr5A	346000000	348000000	2000000	8718	0.004359
Asat_OT3098_v2_chr5A	348000000	350000000	2000000	1833	0.000916
Asat_OT3098_v2_chr5A	350000000	352000000	2000000	0	0.000000
Asat_OT3098_v2_chr5A	352000000	354000000	2000000	0	0.000000
Asat_OT3098_v2_chr5A	354000000	356000000	2000000	0	0.000000
Asat_OT3098_v2_chr5A	356000000	358000000	2000000	0	0.000000
Asat_OT3098_v2_chr5A	358000000	360000000	2000000	0	0.000000
Asat_OT3098_v2_chr5A	360000000	362000000	2000000	0	0.000000
Asat_OT3098_v2_chr5A	362000000	364000000	2000000	0	0.000000
Asat_OT3098_v2_chr5A	364000000	366000000	2000000	8228	0.004114
Asat_OT3098_v2_chr5A	366000000	368000000	2000000	0	0.000000
Asat_OT3098_v2_chr5A	368000000	370000000	2000000	8694	0.004347
Asat_OT3098_v2_chr5A	370000000	372000000	2000000	8821	0.004411
Asat_OT3098_v2_chr5A	372000000	374000000	2000000	0	0.000000
Asat_OT3098_v2_chr5A	374000000	376000000	2000000	0	0.000000
Asat_OT3098_v2_chr5A	376000000	378000000	2000000	8565	0.004282
Asat_OT3098_v2_chr5A	378000000	380000000	2000000	0	0.000000
Asat_OT3098_v2_chr5A	380000000	382000000	2000000	3619	0.001809
Asat_OT3098_v2_chr5A	382000000	384000000	2000000	0	0.000000
Asat_OT3098_v2_chr5A	384000000	386000000	2000000	0	0.000000
Asat_OT3098_v2_chr5A	386000000	388000000	2000000	0	0.000000
Asat_OT3098_v2_chr5A	388000000	390000000	2000000	0	0.000000
Asat_OT3098_v2_chr5A	390000000	392000000	2000000	8557	0.004279
Asat_OT3098_v2_chr5A	392000000	394000000	2000000	7641	0.003821
Asat_OT3098_v2_chr5A	394000000	396000000	2000000	0	0.000000
Asat_OT3098_v2_chr5A	396000000	398000000	2000000	12448	0.006224
Asat_OT3098_v2_chr5A	398000000	400000000	2000000	0	0.000000
Asat_OT3098_v2_chr5A	400000000	402000000	2000000	0	0.000000
Asat_OT3098_v2_chr5A	402000000	404000000	2000000	0	0.000000
Asat_OT3098_v2_chr5A	404000000	406000000	2000000	8593	0.004296
Asat_OT3098_v2_chr5A	406000000	408000000	2000000	0	0.000000
Asat_OT3098_v2_chr5A	408000000	410000000	2000000	0	0.000000
Asat_OT3098_v2_chr5A	410000000	412000000	2000000	8332	0.004166
Asat_OT3098_v2_chr5A	412000000	414000000	2000000	43332	0.021666
Asat_OT3098_v2_chr5A	414000000	416000000	2000000	0	0.000000
Asat_OT3098_v2_chr5A	416000000	418000000	2000000	0	0.000000
Asat_OT3098_v2_chr5A	418000000	420000000	2000000	0	0.000000
Asat_OT3098_v2_chr5A	420000000	422000000	2000000	8299	0.004150
Asat_OT3098_v2_chr5A	422000000	424000000	2000000	0	0.000000
Asat_OT3098_v2_chr5A	424000000	426000000	2000000	0	0.000000
Asat_OT3098_v2_chr5A	426000000	428000000	2000000	8737	0.004368
Asat_OT3098_v2_chr5A	428000000	430000000	2000000	0	0.000000
Asat_OT3098_v2_chr5A	430000000	432000000	2000000	0	0.000000
Asat_OT3098_v2_chr5A	432000000	434000000	2000000	0	0.000000
Asat_OT3098_v2_chr5A	434000000	436000000	2000000	0	0.000000
Asat_OT3098_v2_chr5A	436000000	438000000	2000000	0	0.000000
Asat_OT3098_v2_chr5A	438000000	440000000	2000000	0	0.000000
Asat_OT3098_v2_chr5A	440000000	442000000	2000000	0	0.000000
Asat_OT3098_v2_chr5A	442000000	444000000	2000000	18402	0.009201
Asat_OT3098_v2_chr5A	444000000	446000000	2000000	16341	0.008171
Asat_OT3098_v2_chr5A	446000000	448000000	2000000	0	0.000000
Asat_OT3098_v2_chr5A	448000000	450000000	2000000	0	0.000000
Asat_OT3098_v2_chr5A	450000000	452000000	2000000	4784	0.002392
Asat_OT3098_v2_chr5A	452000000	454000000	2000000	0	0.000000
Asat_OT3098_v2_chr5A	454000000	456000000	2000000	0	0.000000
Asat_OT3098_v2_chr5A	456000000	458000000	2000000	0	0.000000
Asat_OT3098_v2_chr5A	458000000	460000000	2000000	0	0.000000
Asat_OT3098_v2_chr5A	460000000	462000000	2000000	0	0.000000
Asat_OT3098_v2_chr5A	462000000	464000000	2000000	0	0.000000
Asat_OT3098_v2_chr5A	464000000	466000000	2000000	8359	0.004180
Asat_OT3098_v2_chr5A	466000000	468000000	2000000	8287	0.004143
Asat_OT3098_v2_chr5A	468000000	470000000	2000000	8310	0.004155
Asat_OT3098_v2_chr5A	470000000	472000000	2000000	0	0.000000
Asat_OT3098_v2_chr5A	472000000	474000000	2000000	0	0.000000
Asat_OT3098_v2_chr5A	474000000	476000000	2000000	0	0.000000
Asat_OT3098_v2_chr5A	476000000	478000000	2000000	1057	0.000528
Asat_OT3098_v2_chr5A	478000000	480000000	2000000	0	0.000000
Asat_OT3098_v2_chr5A	480000000	482000000	2000000	0	0.000000
Asat_OT3098_v2_chr5A	482000000	484000000	2000000	5832	0.002916
Asat_OT3098_v2_chr5A	484000000	485323027	1323027	0	0.000000
Asat_OT3098_v2_chr5C	0	2000000	2000000	0	0.000000
Asat_OT3098_v2_chr5C	2000000	4000000	2000000	0	0.000000
Asat_OT3098_v2_chr5C	4000000	6000000	2000000	0	0.000000
Asat_OT3098_v2_chr5C	6000000	8000000	2000000	7297	0.003648
Asat_OT3098_v2_chr5C	8000000	10000000	2000000	7067	0.003534
Asat_OT3098_v2_chr5C	10000000	12000000	2000000	10692	0.005346
Asat_OT3098_v2_chr5C	12000000	14000000	2000000	0	0.000000
Asat_OT3098_v2_chr5C	14000000	16000000	2000000	0	0.000000
Asat_OT3098_v2_chr5C	16000000	18000000	2000000	0	0.000000
Asat_OT3098_v2_chr5C	18000000	20000000	2000000	0	0.000000
Asat_OT3098_v2_chr5C	20000000	22000000	2000000	0	0.000000
Asat_OT3098_v2_chr5C	22000000	24000000	2000000	0	0.000000
Asat_OT3098_v2_chr5C	24000000	26000000	2000000	0	0.000000
Asat_OT3098_v2_chr5C	26000000	28000000	2000000	0	0.000000
Asat_OT3098_v2_chr5C	28000000	30000000	2000000	0	0.000000
Asat_OT3098_v2_chr5C	30000000	32000000	2000000	0	0.000000
Asat_OT3098_v2_chr5C	32000000	34000000	2000000	0	0.000000
Asat_OT3098_v2_chr5C	34000000	36000000	2000000	0	0.000000
Asat_OT3098_v2_chr5C	36000000	38000000	2000000	5549	0.002775
Asat_OT3098_v2_chr5C	38000000	40000000	2000000	0	0.000000
Asat_OT3098_v2_chr5C	40000000	42000000	2000000	0	0.000000
Asat_OT3098_v2_chr5C	42000000	44000000	2000000	7525	0.003762
Asat_OT3098_v2_chr5C	44000000	46000000	2000000	1011	0.000505
Asat_OT3098_v2_chr5C	46000000	48000000	2000000	0	0.000000
Asat_OT3098_v2_chr5C	48000000	50000000	2000000	0	0.000000
Asat_OT3098_v2_chr5C	50000000	52000000	2000000	0	0.000000
Asat_OT3098_v2_chr5C	52000000	54000000	2000000	0	0.000000
Asat_OT3098_v2_chr5C	54000000	56000000	2000000	0	0.000000
Asat_OT3098_v2_chr5C	56000000	58000000	2000000	11826	0.005913
Asat_OT3098_v2_chr5C	58000000	60000000	2000000	12562	0.006281
Asat_OT3098_v2_chr5C	60000000	62000000	2000000	0	0.000000
Asat_OT3098_v2_chr5C	62000000	64000000	2000000	0	0.000000
Asat_OT3098_v2_chr5C	64000000	66000000	2000000	0	0.000000
Asat_OT3098_v2_chr5C	66000000	68000000	2000000	0	0.000000
Asat_OT3098_v2_chr5C	68000000	70000000	2000000	5026	0.002513
Asat_OT3098_v2_chr5C	70000000	72000000	2000000	0	0.000000
Asat_OT3098_v2_chr5C	72000000	74000000	2000000	1066	0.000533
Asat_OT3098_v2_chr5C	74000000	76000000	2000000	6810	0.003405
Asat_OT3098_v2_chr5C	76000000	78000000	2000000	0	0.000000
Asat_OT3098_v2_chr5C	78000000	80000000	2000000	0	0.000000
Asat_OT3098_v2_chr5C	80000000	82000000	2000000	0	0.000000
Asat_OT3098_v2_chr5C	82000000	84000000	2000000	0	0.000000
Asat_OT3098_v2_chr5C	84000000	86000000	2000000	0	0.000000
Asat_OT3098_v2_chr5C	86000000	88000000	2000000	10752	0.005376
Asat_OT3098_v2_chr5C	88000000	90000000	2000000	0	0.000000
Asat_OT3098_v2_chr5C	90000000	92000000	2000000	0	0.000000
Asat_OT3098_v2_chr5C	92000000	94000000	2000000	0	0.000000
Asat_OT3098_v2_chr5C	94000000	96000000	2000000	5065	0.002533
Asat_OT3098_v2_chr5C	96000000	98000000	2000000	0	0.000000
Asat_OT3098_v2_chr5C	98000000	100000000	2000000	6349	0.003174
Asat_OT3098_v2_chr5C	100000000	102000000	2000000	0	0.000000
Asat_OT3098_v2_chr5C	102000000	104000000	2000000	0	0.000000
Asat_OT3098_v2_chr5C	104000000	106000000	2000000	11092	0.005546
Asat_OT3098_v2_chr5C	106000000	108000000	2000000	0	0.000000
Asat_OT3098_v2_chr5C	108000000	110000000	2000000	1409	0.000705
Asat_OT3098_v2_chr5C	110000000	112000000	2000000	4960	0.002480
Asat_OT3098_v2_chr5C	112000000	114000000	2000000	0	0.000000
Asat_OT3098_v2_chr5C	114000000	116000000	2000000	0	0.000000
Asat_OT3098_v2_chr5C	116000000	118000000	2000000	0	0.000000
Asat_OT3098_v2_chr5C	118000000	120000000	2000000	8235	0.004117
Asat_OT3098_v2_chr5C	120000000	122000000	2000000	10924	0.005462
Asat_OT3098_v2_chr5C	122000000	124000000	2000000	0	0.000000
Asat_OT3098_v2_chr5C	124000000	126000000	2000000	17715	0.008858
Asat_OT3098_v2_chr5C	126000000	128000000	2000000	0	0.000000
Asat_OT3098_v2_chr5C	128000000	130000000	2000000	7752	0.003876
Asat_OT3098_v2_chr5C	130000000	132000000	2000000	0	0.000000
Asat_OT3098_v2_chr5C	132000000	134000000	2000000	8810	0.004405
Asat_OT3098_v2_chr5C	134000000	136000000	2000000	3921	0.001961
Asat_OT3098_v2_chr5C	136000000	138000000	2000000	0	0.000000
Asat_OT3098_v2_chr5C	138000000	140000000	2000000	0	0.000000
Asat_OT3098_v2_chr5C	140000000	142000000	2000000	0	0.000000
Asat_OT3098_v2_chr5C	142000000	144000000	2000000	7116	0.003558
Asat_OT3098_v2_chr5C	144000000	146000000	2000000	0	0.000000
Asat_OT3098_v2_chr5C	146000000	148000000	2000000	0	0.000000
Asat_OT3098_v2_chr5C	148000000	150000000	2000000	12523	0.006261
Asat_OT3098_v2_chr5C	150000000	152000000	2000000	0	0.000000
Asat_OT3098_v2_chr5C	152000000	154000000	2000000	0	0.000000
Asat_OT3098_v2_chr5C	154000000	156000000	2000000	0	0.000000
Asat_OT3098_v2_chr5C	156000000	158000000	2000000	0	0.000000
Asat_OT3098_v2_chr5C	158000000	160000000	2000000	1044	0.000522
Asat_OT3098_v2_chr5C	160000000	162000000	2000000	0	0.000000
Asat_OT3098_v2_chr5C	162000000	164000000	2000000	7449	0.003724
Asat_OT3098_v2_chr5C	164000000	166000000	2000000	14796	0.007398
Asat_OT3098_v2_chr5C	166000000	168000000	2000000	2371	0.001185
Asat_OT3098_v2_chr5C	168000000	170000000	2000000	7647	0.003824
Asat_OT3098_v2_chr5C	170000000	172000000	2000000	4882	0.002441
Asat_OT3098_v2_chr5C	172000000	174000000	2000000	0	0.000000
Asat_OT3098_v2_chr5C	174000000	176000000	2000000	0	0.000000
Asat_OT3098_v2_chr5C	176000000	178000000	2000000	0	0.000000
Asat_OT3098_v2_chr5C	178000000	180000000	2000000	0	0.000000
Asat_OT3098_v2_chr5C	180000000	182000000	2000000	0	0.000000
Asat_OT3098_v2_chr5C	182000000	184000000	2000000	0	0.000000
Asat_OT3098_v2_chr5C	184000000	186000000	2000000	0	0.000000
Asat_OT3098_v2_chr5C	186000000	188000000	2000000	8174	0.004087
Asat_OT3098_v2_chr5C	188000000	190000000	2000000	0	0.000000
Asat_OT3098_v2_chr5C	190000000	192000000	2000000	0	0.000000
Asat_OT3098_v2_chr5C	192000000	194000000	2000000	18063	0.009031
Asat_OT3098_v2_chr5C	194000000	196000000	2000000	6345	0.003172
Asat_OT3098_v2_chr5C	196000000	198000000	2000000	0	0.000000
Asat_OT3098_v2_chr5C	198000000	200000000	2000000	0	0.000000
Asat_OT3098_v2_chr5C	200000000	202000000	2000000	12114	0.006057
Asat_OT3098_v2_chr5C	202000000	204000000	2000000	0	0.000000
Asat_OT3098_v2_chr5C	204000000	206000000	2000000	0	0.000000
Asat_OT3098_v2_chr5C	206000000	208000000	2000000	15805	0.007902
Asat_OT3098_v2_chr5C	208000000	210000000	2000000	8387	0.004194
Asat_OT3098_v2_chr5C	210000000	212000000	2000000	44247	0.022124
Asat_OT3098_v2_chr5C	212000000	214000000	2000000	16452	0.008226
Asat_OT3098_v2_chr5C	214000000	216000000	2000000	8682	0.004341
Asat_OT3098_v2_chr5C	216000000	218000000	2000000	0	0.000000
Asat_OT3098_v2_chr5C	218000000	220000000	2000000	0	0.000000
Asat_OT3098_v2_chr5C	220000000	222000000	2000000	44275	0.022138
Asat_OT3098_v2_chr5C	222000000	224000000	2000000	337876	0.168938
Asat_OT3098_v2_chr5C	224000000	226000000	2000000	362513	0.181256
Asat_OT3098_v2_chr5C	226000000	228000000	2000000	337675	0.168838
Asat_OT3098_v2_chr5C	228000000	230000000	2000000	311912	0.155956
Asat_OT3098_v2_chr5C	230000000	232000000	2000000	178541	0.089271
Asat_OT3098_v2_chr5C	232000000	234000000	2000000	126788	0.063394
Asat_OT3098_v2_chr5C	234000000	236000000	2000000	360841	0.180421
Asat_OT3098_v2_chr5C	236000000	238000000	2000000	304448	0.152224
Asat_OT3098_v2_chr5C	238000000	240000000	2000000	54326	0.027163
Asat_OT3098_v2_chr5C	240000000	242000000	2000000	17487	0.008743
Asat_OT3098_v2_chr5C	242000000	244000000	2000000	13489	0.006744
Asat_OT3098_v2_chr5C	244000000	246000000	2000000	0	0.000000
Asat_OT3098_v2_chr5C	246000000	248000000	2000000	0	0.000000
Asat_OT3098_v2_chr5C	248000000	250000000	2000000	0	0.000000
Asat_OT3098_v2_chr5C	250000000	252000000	2000000	3889	0.001945
Asat_OT3098_v2_chr5C	252000000	254000000	2000000	3324	0.001662
Asat_OT3098_v2_chr5C	254000000	256000000	2000000	0	0.000000
Asat_OT3098_v2_chr5C	256000000	258000000	2000000	23384	0.011692
Asat_OT3098_v2_chr5C	258000000	260000000	2000000	128403	0.064201
Asat_OT3098_v2_chr5C	260000000	262000000	2000000	111984	0.055992
Asat_OT3098_v2_chr5C	262000000	264000000	2000000	66809	0.033404
Asat_OT3098_v2_chr5C	264000000	266000000	2000000	82441	0.041221
Asat_OT3098_v2_chr5C	266000000	268000000	2000000	56442	0.028221
Asat_OT3098_v2_chr5C	268000000	270000000	2000000	30689	0.015345
Asat_OT3098_v2_chr5C	270000000	272000000	2000000	23348	0.011674
Asat_OT3098_v2_chr5C	272000000	274000000	2000000	135480	0.067740
Asat_OT3098_v2_chr5C	274000000	276000000	2000000	6348	0.003174
Asat_OT3098_v2_chr5C	276000000	278000000	2000000	46462	0.023231
Asat_OT3098_v2_chr5C	278000000	280000000	2000000	48296	0.024148
Asat_OT3098_v2_chr5C	280000000	282000000	2000000	72267	0.036133
Asat_OT3098_v2_chr5C	282000000	284000000	2000000	71178	0.035589
Asat_OT3098_v2_chr5C	284000000	286000000	2000000	4914	0.002457
Asat_OT3098_v2_chr5C	286000000	288000000	2000000	8643	0.004321
Asat_OT3098_v2_chr5C	288000000	290000000	2000000	45120	0.022560
Asat_OT3098_v2_chr5C	290000000	292000000	2000000	62212	0.031106
Asat_OT3098_v2_chr5C	292000000	294000000	2000000	37750	0.018875
Asat_OT3098_v2_chr5C	294000000	296000000	2000000	71950	0.035975
Asat_OT3098_v2_chr5C	296000000	298000000	2000000	51263	0.025632
Asat_OT3098_v2_chr5C	298000000	300000000	2000000	15344	0.007672
Asat_OT3098_v2_chr5C	300000000	302000000	2000000	0	0.000000
Asat_OT3098_v2_chr5C	302000000	304000000	2000000	0	0.000000
Asat_OT3098_v2_chr5C	304000000	306000000	2000000	8671	0.004335
Asat_OT3098_v2_chr5C	306000000	308000000	2000000	12107	0.006053
Asat_OT3098_v2_chr5C	308000000	310000000	2000000	3745	0.001873
Asat_OT3098_v2_chr5C	310000000	312000000	2000000	0	0.000000
Asat_OT3098_v2_chr5C	312000000	314000000	2000000	0	0.000000
Asat_OT3098_v2_chr5C	314000000	316000000	2000000	0	0.000000
Asat_OT3098_v2_chr5C	316000000	318000000	2000000	0	0.000000
Asat_OT3098_v2_chr5C	318000000	320000000	2000000	2897	0.001448
Asat_OT3098_v2_chr5C	320000000	322000000	2000000	6584	0.003292
Asat_OT3098_v2_chr5C	322000000	324000000	2000000	5832	0.002916
Asat_OT3098_v2_chr5C	324000000	326000000	2000000	14853	0.007426
Asat_OT3098_v2_chr5C	326000000	328000000	2000000	0	0.000000
Asat_OT3098_v2_chr5C	328000000	330000000	2000000	6538	0.003269
Asat_OT3098_v2_chr5C	330000000	332000000	2000000	0	0.000000
Asat_OT3098_v2_chr5C	332000000	334000000	2000000	0	0.000000
Asat_OT3098_v2_chr5C	334000000	336000000	2000000	5623	0.002812
Asat_OT3098_v2_chr5C	336000000	338000000	2000000	0	0.000000
Asat_OT3098_v2_chr5C	338000000	340000000	2000000	0	0.000000
Asat_OT3098_v2_chr5C	340000000	342000000	2000000	6492	0.003246
Asat_OT3098_v2_chr5C	342000000	344000000	2000000	2524	0.001262
Asat_OT3098_v2_chr5C	344000000	346000000	2000000	8592	0.004296
Asat_OT3098_v2_chr5C	346000000	348000000	2000000	0	0.000000
Asat_OT3098_v2_chr5C	348000000	350000000	2000000	0	0.000000
Asat_OT3098_v2_chr5C	350000000	352000000	2000000	0	0.000000
Asat_OT3098_v2_chr5C	352000000	354000000	2000000	5300	0.002650
Asat_OT3098_v2_chr5C	354000000	356000000	2000000	5595	0.002798
Asat_OT3098_v2_chr5C	356000000	358000000	2000000	0	0.000000
Asat_OT3098_v2_chr5C	358000000	360000000	2000000	0	0.000000
Asat_OT3098_v2_chr5C	360000000	362000000	2000000	0	0.000000
Asat_OT3098_v2_chr5C	362000000	364000000	2000000	3865	0.001932
Asat_OT3098_v2_chr5C	364000000	366000000	2000000	14894	0.007447
Asat_OT3098_v2_chr5C	366000000	368000000	2000000	7368	0.003684
Asat_OT3098_v2_chr5C	368000000	370000000	2000000	1315	0.000657
Asat_OT3098_v2_chr5C	370000000	372000000	2000000	0	0.000000
Asat_OT3098_v2_chr5C	372000000	374000000	2000000	0	0.000000
Asat_OT3098_v2_chr5C	374000000	376000000	2000000	4349	0.002174
Asat_OT3098_v2_chr5C	376000000	378000000	2000000	0	0.000000
Asat_OT3098_v2_chr5C	378000000	380000000	2000000	0	0.000000
Asat_OT3098_v2_chr5C	380000000	382000000	2000000	1046	0.000523
Asat_OT3098_v2_chr5C	382000000	384000000	2000000	0	0.000000
Asat_OT3098_v2_chr5C	384000000	386000000	2000000	0	0.000000
Asat_OT3098_v2_chr5C	386000000	388000000	2000000	0	0.000000
Asat_OT3098_v2_chr5C	388000000	390000000	2000000	0	0.000000
Asat_OT3098_v2_chr5C	390000000	392000000	2000000	0	0.000000
Asat_OT3098_v2_chr5C	392000000	394000000	2000000	4118	0.002059
Asat_OT3098_v2_chr5C	394000000	396000000	2000000	0	0.000000
Asat_OT3098_v2_chr5C	396000000	398000000	2000000	4393	0.002197
Asat_OT3098_v2_chr5C	398000000	400000000	2000000	0	0.000000
Asat_OT3098_v2_chr5C	400000000	402000000	2000000	14935	0.007468
Asat_OT3098_v2_chr5C	402000000	404000000	2000000	0	0.000000
Asat_OT3098_v2_chr5C	404000000	406000000	2000000	0	0.000000
Asat_OT3098_v2_chr5C	406000000	408000000	2000000	8713	0.004357
Asat_OT3098_v2_chr5C	408000000	410000000	2000000	0	0.000000
Asat_OT3098_v2_chr5C	410000000	412000000	2000000	0	0.000000
Asat_OT3098_v2_chr5C	412000000	414000000	2000000	0	0.000000
Asat_OT3098_v2_chr5C	414000000	416000000	2000000	4522	0.002261
Asat_OT3098_v2_chr5C	416000000	418000000	2000000	0	0.000000
Asat_OT3098_v2_chr5C	418000000	420000000	2000000	0	0.000000
Asat_OT3098_v2_chr5C	420000000	422000000	2000000	0	0.000000
Asat_OT3098_v2_chr5C	422000000	424000000	2000000	0	0.000000
Asat_OT3098_v2_chr5C	424000000	426000000	2000000	0	0.000000
Asat_OT3098_v2_chr5C	426000000	428000000	2000000	5792	0.002896
Asat_OT3098_v2_chr5C	428000000	430000000	2000000	0	0.000000
Asat_OT3098_v2_chr5C	430000000	432000000	2000000	0	0.000000
Asat_OT3098_v2_chr5C	432000000	434000000	2000000	0	0.000000
Asat_OT3098_v2_chr5C	434000000	436000000	2000000	2812	0.001406
Asat_OT3098_v2_chr5C	436000000	438000000	2000000	4507	0.002253
Asat_OT3098_v2_chr5C	438000000	440000000	2000000	0	0.000000
Asat_OT3098_v2_chr5C	440000000	442000000	2000000	0	0.000000
Asat_OT3098_v2_chr5C	442000000	444000000	2000000	0	0.000000
Asat_OT3098_v2_chr5C	444000000	446000000	2000000	8593	0.004296
Asat_OT3098_v2_chr5C	446000000	448000000	2000000	0	0.000000
Asat_OT3098_v2_chr5C	448000000	450000000	2000000	0	0.000000
Asat_OT3098_v2_chr5C	450000000	452000000	2000000	6389	0.003194
Asat_OT3098_v2_chr5C	452000000	454000000	2000000	0	0.000000
Asat_OT3098_v2_chr5C	454000000	456000000	2000000	2387	0.001193
Asat_OT3098_v2_chr5C	456000000	458000000	2000000	0	0.000000
Asat_OT3098_v2_chr5C	458000000	460000000	2000000	0	0.000000
Asat_OT3098_v2_chr5C	460000000	462000000	2000000	2821	0.001411
Asat_OT3098_v2_chr5C	462000000	464000000	2000000	0	0.000000
Asat_OT3098_v2_chr5C	464000000	466000000	2000000	0	0.000000
Asat_OT3098_v2_chr5C	466000000	468000000	2000000	2423	0.001211
Asat_OT3098_v2_chr5C	468000000	470000000	2000000	7097	0.003549
Asat_OT3098_v2_chr5C	470000000	472000000	2000000	0	0.000000
Asat_OT3098_v2_chr5C	472000000	474000000	2000000	13018	0.006509
Asat_OT3098_v2_chr5C	474000000	476000000	2000000	0	0.000000
Asat_OT3098_v2_chr5C	476000000	478000000	2000000	0	0.000000
Asat_OT3098_v2_chr5C	478000000	480000000	2000000	7843	0.003921
Asat_OT3098_v2_chr5C	480000000	482000000	2000000	0	0.000000
Asat_OT3098_v2_chr5C	482000000	484000000	2000000	0	0.000000
Asat_OT3098_v2_chr5C	484000000	486000000	2000000	5245	0.002622
Asat_OT3098_v2_chr5C	486000000	488000000	2000000	0	0.000000
Asat_OT3098_v2_chr5C	488000000	490000000	2000000	7798	0.003899
Asat_OT3098_v2_chr5C	490000000	492000000	2000000	8591	0.004295
Asat_OT3098_v2_chr5C	492000000	494000000	2000000	8634	0.004317
Asat_OT3098_v2_chr5C	494000000	496000000	2000000	6658	0.003329
Asat_OT3098_v2_chr5C	496000000	498000000	2000000	0	0.000000
Asat_OT3098_v2_chr5C	498000000	500000000	2000000	17046	0.008523
Asat_OT3098_v2_chr5C	500000000	502000000	2000000	5891	0.002946
Asat_OT3098_v2_chr5C	502000000	504000000	2000000	0	0.000000
Asat_OT3098_v2_chr5C	504000000	506000000	2000000	0	0.000000
Asat_OT3098_v2_chr5C	506000000	508000000	2000000	0	0.000000
Asat_OT3098_v2_chr5C	508000000	510000000	2000000	0	0.000000
Asat_OT3098_v2_chr5C	510000000	512000000	2000000	0	0.000000
Asat_OT3098_v2_chr5C	512000000	514000000	2000000	0	0.000000
Asat_OT3098_v2_chr5C	514000000	516000000	2000000	8692	0.004346
Asat_OT3098_v2_chr5C	516000000	518000000	2000000	0	0.000000
Asat_OT3098_v2_chr5C	518000000	520000000	2000000	0	0.000000
Asat_OT3098_v2_chr5C	520000000	522000000	2000000	15075	0.007537
Asat_OT3098_v2_chr5C	522000000	524000000	2000000	0	0.000000
Asat_OT3098_v2_chr5C	524000000	526000000	2000000	5268	0.002634
Asat_OT3098_v2_chr5C	526000000	528000000	2000000	0	0.000000
Asat_OT3098_v2_chr5C	528000000	530000000	2000000	1670	0.000835
Asat_OT3098_v2_chr5C	530000000	532000000	2000000	12087	0.006044
Asat_OT3098_v2_chr5C	532000000	534000000	2000000	1571	0.000785
Asat_OT3098_v2_chr5C	534000000	536000000	2000000	0	0.000000
Asat_OT3098_v2_chr5C	536000000	538000000	2000000	8247	0.004124
Asat_OT3098_v2_chr5C	538000000	540000000	2000000	0	0.000000
Asat_OT3098_v2_chr5C	540000000	542000000	2000000	0	0.000000
Asat_OT3098_v2_chr5C	542000000	544000000	2000000	0	0.000000
Asat_OT3098_v2_chr5C	544000000	546000000	2000000	8118	0.004059
Asat_OT3098_v2_chr5C	546000000	548000000	2000000	5184	0.002592
Asat_OT3098_v2_chr5C	548000000	550000000	2000000	0	0.000000
Asat_OT3098_v2_chr5C	550000000	552000000	2000000	0	0.000000
Asat_OT3098_v2_chr5C	552000000	554000000	2000000	0	0.000000
Asat_OT3098_v2_chr5C	554000000	556000000	2000000	0	0.000000
Asat_OT3098_v2_chr5C	556000000	558000000	2000000	0	0.000000
Asat_OT3098_v2_chr5C	558000000	560000000	2000000	7560	0.003780
Asat_OT3098_v2_chr5C	560000000	562000000	2000000	0	0.000000
Asat_OT3098_v2_chr5C	562000000	564000000	2000000	0	0.000000
Asat_OT3098_v2_chr5C	564000000	566000000	2000000	0	0.000000
Asat_OT3098_v2_chr5C	566000000	568000000	2000000	0	0.000000
Asat_OT3098_v2_chr5C	568000000	570000000	2000000	2233	0.001117
Asat_OT3098_v2_chr5C	570000000	572000000	2000000	0	0.000000
Asat_OT3098_v2_chr5C	572000000	574000000	2000000	7757	0.003879
Asat_OT3098_v2_chr5C	574000000	576000000	2000000	0	0.000000
Asat_OT3098_v2_chr5C	576000000	578000000	2000000	0	0.000000
Asat_OT3098_v2_chr5C	578000000	580000000	2000000	0	0.000000
Asat_OT3098_v2_chr5C	580000000	582000000	2000000	0	0.000000
Asat_OT3098_v2_chr5C	582000000	584000000	2000000	0	0.000000
Asat_OT3098_v2_chr5C	584000000	586000000	2000000	7669	0.003834
Asat_OT3098_v2_chr5C	586000000	588000000	2000000	0	0.000000
Asat_OT3098_v2_chr5C	588000000	590000000	2000000	0	0.000000
Asat_OT3098_v2_chr5C	590000000	592000000	2000000	0	0.000000
Asat_OT3098_v2_chr5C	592000000	594000000	2000000	7342	0.003671
Asat_OT3098_v2_chr5C	594000000	596000000	2000000	0	0.000000
Asat_OT3098_v2_chr5C	596000000	598000000	2000000	8666	0.004333
Asat_OT3098_v2_chr5C	598000000	600000000	2000000	0	0.000000
Asat_OT3098_v2_chr5C	600000000	602000000	2000000	0	0.000000
Asat_OT3098_v2_chr5C	602000000	604000000	2000000	0	0.000000
Asat_OT3098_v2_chr5C	604000000	606000000	2000000	0	0.000000
Asat_OT3098_v2_chr5C	606000000	608000000	2000000	0	0.000000
Asat_OT3098_v2_chr5C	608000000	610000000	2000000	0	0.000000
Asat_OT3098_v2_chr5C	610000000	612000000	2000000	0	0.000000
Asat_OT3098_v2_chr5C	612000000	613160974	1160974	0	0.000000
Asat_OT3098_v2_chr5D	0	2000000	2000000	0	0.000000
Asat_OT3098_v2_chr5D	2000000	4000000	2000000	0	0.000000
Asat_OT3098_v2_chr5D	4000000	6000000	2000000	0	0.000000
Asat_OT3098_v2_chr5D	6000000	8000000	2000000	0	0.000000
Asat_OT3098_v2_chr5D	8000000	10000000	2000000	8441	0.004221
Asat_OT3098_v2_chr5D	10000000	12000000	2000000	0	0.000000
Asat_OT3098_v2_chr5D	12000000	14000000	2000000	0	0.000000
Asat_OT3098_v2_chr5D	14000000	16000000	2000000	0	0.000000
Asat_OT3098_v2_chr5D	16000000	18000000	2000000	8311	0.004156
Asat_OT3098_v2_chr5D	18000000	20000000	2000000	0	0.000000
Asat_OT3098_v2_chr5D	20000000	22000000	2000000	0	0.000000
Asat_OT3098_v2_chr5D	22000000	24000000	2000000	6909	0.003455
Asat_OT3098_v2_chr5D	24000000	26000000	2000000	8659	0.004330
Asat_OT3098_v2_chr5D	26000000	28000000	2000000	0	0.000000
Asat_OT3098_v2_chr5D	28000000	30000000	2000000	0	0.000000
Asat_OT3098_v2_chr5D	30000000	32000000	2000000	8575	0.004287
Asat_OT3098_v2_chr5D	32000000	34000000	2000000	1177	0.000589
Asat_OT3098_v2_chr5D	34000000	36000000	2000000	0	0.000000
Asat_OT3098_v2_chr5D	36000000	38000000	2000000	8287	0.004143
Asat_OT3098_v2_chr5D	38000000	40000000	2000000	0	0.000000
Asat_OT3098_v2_chr5D	40000000	42000000	2000000	0	0.000000
Asat_OT3098_v2_chr5D	42000000	44000000	2000000	0	0.000000
Asat_OT3098_v2_chr5D	44000000	46000000	2000000	7847	0.003923
Asat_OT3098_v2_chr5D	46000000	48000000	2000000	0	0.000000
Asat_OT3098_v2_chr5D	48000000	50000000	2000000	0	0.000000
Asat_OT3098_v2_chr5D	50000000	52000000	2000000	0	0.000000
Asat_OT3098_v2_chr5D	52000000	54000000	2000000	0	0.000000
Asat_OT3098_v2_chr5D	54000000	56000000	2000000	8549	0.004274
Asat_OT3098_v2_chr5D	56000000	58000000	2000000	0	0.000000
Asat_OT3098_v2_chr5D	58000000	60000000	2000000	0	0.000000
Asat_OT3098_v2_chr5D	60000000	62000000	2000000	0	0.000000
Asat_OT3098_v2_chr5D	62000000	64000000	2000000	0	0.000000
Asat_OT3098_v2_chr5D	64000000	66000000	2000000	8602	0.004301
Asat_OT3098_v2_chr5D	66000000	68000000	2000000	0	0.000000
Asat_OT3098_v2_chr5D	68000000	70000000	2000000	8711	0.004355
Asat_OT3098_v2_chr5D	70000000	72000000	2000000	8310	0.004155
Asat_OT3098_v2_chr5D	72000000	74000000	2000000	7409	0.003704
Asat_OT3098_v2_chr5D	74000000	76000000	2000000	0	0.000000
Asat_OT3098_v2_chr5D	76000000	78000000	2000000	8249	0.004124
Asat_OT3098_v2_chr5D	78000000	80000000	2000000	0	0.000000
Asat_OT3098_v2_chr5D	80000000	82000000	2000000	0	0.000000
Asat_OT3098_v2_chr5D	82000000	84000000	2000000	0	0.000000
Asat_OT3098_v2_chr5D	84000000	86000000	2000000	0	0.000000
Asat_OT3098_v2_chr5D	86000000	88000000	2000000	0	0.000000
Asat_OT3098_v2_chr5D	88000000	90000000	2000000	0	0.000000
Asat_OT3098_v2_chr5D	90000000	92000000	2000000	0	0.000000
Asat_OT3098_v2_chr5D	92000000	94000000	2000000	0	0.000000
Asat_OT3098_v2_chr5D	94000000	96000000	2000000	0	0.000000
Asat_OT3098_v2_chr5D	96000000	98000000	2000000	0	0.000000
Asat_OT3098_v2_chr5D	98000000	100000000	2000000	0	0.000000
Asat_OT3098_v2_chr5D	100000000	102000000	2000000	0	0.000000
Asat_OT3098_v2_chr5D	102000000	104000000	2000000	0	0.000000
Asat_OT3098_v2_chr5D	104000000	106000000	2000000	0	0.000000
Asat_OT3098_v2_chr5D	106000000	108000000	2000000	8297	0.004149
Asat_OT3098_v2_chr5D	108000000	110000000	2000000	0	0.000000
Asat_OT3098_v2_chr5D	110000000	112000000	2000000	0	0.000000
Asat_OT3098_v2_chr5D	112000000	114000000	2000000	0	0.000000
Asat_OT3098_v2_chr5D	114000000	116000000	2000000	0	0.000000
Asat_OT3098_v2_chr5D	116000000	118000000	2000000	0	0.000000
Asat_OT3098_v2_chr5D	118000000	120000000	2000000	0	0.000000
Asat_OT3098_v2_chr5D	120000000	122000000	2000000	0	0.000000
Asat_OT3098_v2_chr5D	122000000	124000000	2000000	0	0.000000
Asat_OT3098_v2_chr5D	124000000	126000000	2000000	0	0.000000
Asat_OT3098_v2_chr5D	126000000	128000000	2000000	3527	0.001764
Asat_OT3098_v2_chr5D	128000000	130000000	2000000	0	0.000000
Asat_OT3098_v2_chr5D	130000000	132000000	2000000	7288	0.003644
Asat_OT3098_v2_chr5D	132000000	134000000	2000000	0	0.000000
Asat_OT3098_v2_chr5D	134000000	136000000	2000000	0	0.000000
Asat_OT3098_v2_chr5D	136000000	138000000	2000000	0	0.000000
Asat_OT3098_v2_chr5D	138000000	140000000	2000000	0	0.000000
Asat_OT3098_v2_chr5D	140000000	142000000	2000000	0	0.000000
Asat_OT3098_v2_chr5D	142000000	144000000	2000000	0	0.000000
Asat_OT3098_v2_chr5D	144000000	146000000	2000000	8574	0.004287
Asat_OT3098_v2_chr5D	146000000	148000000	2000000	0	0.000000
Asat_OT3098_v2_chr5D	148000000	150000000	2000000	0	0.000000
Asat_OT3098_v2_chr5D	150000000	152000000	2000000	8576	0.004288
Asat_OT3098_v2_chr5D	152000000	154000000	2000000	3602	0.001801
Asat_OT3098_v2_chr5D	154000000	156000000	2000000	0	0.000000
Asat_OT3098_v2_chr5D	156000000	158000000	2000000	3082	0.001541
Asat_OT3098_v2_chr5D	158000000	160000000	2000000	4169	0.002084
Asat_OT3098_v2_chr5D	160000000	162000000	2000000	0	0.000000
Asat_OT3098_v2_chr5D	162000000	164000000	2000000	0	0.000000
Asat_OT3098_v2_chr5D	164000000	166000000	2000000	6302	0.003151
Asat_OT3098_v2_chr5D	166000000	168000000	2000000	2398	0.001199
Asat_OT3098_v2_chr5D	168000000	170000000	2000000	0	0.000000
Asat_OT3098_v2_chr5D	170000000	172000000	2000000	17298	0.008649
Asat_OT3098_v2_chr5D	172000000	174000000	2000000	16437	0.008219
Asat_OT3098_v2_chr5D	174000000	176000000	2000000	192658	0.096329
Asat_OT3098_v2_chr5D	176000000	178000000	2000000	123240	0.061620
Asat_OT3098_v2_chr5D	178000000	180000000	2000000	16690	0.008345
Asat_OT3098_v2_chr5D	180000000	182000000	2000000	34524	0.017262
Asat_OT3098_v2_chr5D	182000000	184000000	2000000	30868	0.015434
Asat_OT3098_v2_chr5D	184000000	186000000	2000000	11168	0.005584
Asat_OT3098_v2_chr5D	186000000	188000000	2000000	114605	0.057302
Asat_OT3098_v2_chr5D	188000000	190000000	2000000	706770	0.353385
Asat_OT3098_v2_chr5D	190000000	192000000	2000000	674097	0.337048
Asat_OT3098_v2_chr5D	192000000	194000000	2000000	524387	0.262194
Asat_OT3098_v2_chr5D	194000000	196000000	2000000	73907	0.036954
Asat_OT3098_v2_chr5D	196000000	198000000	2000000	73362	0.036681
Asat_OT3098_v2_chr5D	198000000	200000000	2000000	4939	0.002469
Asat_OT3098_v2_chr5D	200000000	202000000	2000000	39723	0.019862
Asat_OT3098_v2_chr5D	202000000	204000000	2000000	18355	0.009177
Asat_OT3098_v2_chr5D	204000000	206000000	2000000	0	0.000000
Asat_OT3098_v2_chr5D	206000000	208000000	2000000	117554	0.058777
Asat_OT3098_v2_chr5D	208000000	210000000	2000000	0	0.000000
Asat_OT3098_v2_chr5D	210000000	212000000	2000000	8315	0.004157
Asat_OT3098_v2_chr5D	212000000	214000000	2000000	0	0.000000
Asat_OT3098_v2_chr5D	214000000	216000000	2000000	0	0.000000
Asat_OT3098_v2_chr5D	216000000	218000000	2000000	19631	0.009815
Asat_OT3098_v2_chr5D	218000000	220000000	2000000	0	0.000000
Asat_OT3098_v2_chr5D	220000000	222000000	2000000	0	0.000000
Asat_OT3098_v2_chr5D	222000000	224000000	2000000	7222	0.003611
Asat_OT3098_v2_chr5D	224000000	226000000	2000000	0	0.000000
Asat_OT3098_v2_chr5D	226000000	228000000	2000000	0	0.000000
Asat_OT3098_v2_chr5D	228000000	230000000	2000000	0	0.000000
Asat_OT3098_v2_chr5D	230000000	232000000	2000000	0	0.000000
Asat_OT3098_v2_chr5D	232000000	234000000	2000000	0	0.000000
Asat_OT3098_v2_chr5D	234000000	236000000	2000000	0	0.000000
Asat_OT3098_v2_chr5D	236000000	238000000	2000000	0	0.000000
Asat_OT3098_v2_chr5D	238000000	240000000	2000000	0	0.000000
Asat_OT3098_v2_chr5D	240000000	242000000	2000000	0	0.000000
Asat_OT3098_v2_chr5D	242000000	244000000	2000000	0	0.000000
Asat_OT3098_v2_chr5D	244000000	246000000	2000000	18167	0.009083
Asat_OT3098_v2_chr5D	246000000	248000000	2000000	16800	0.008400
Asat_OT3098_v2_chr5D	248000000	250000000	2000000	3464	0.001732
Asat_OT3098_v2_chr5D	250000000	252000000	2000000	0	0.000000
Asat_OT3098_v2_chr5D	252000000	254000000	2000000	0	0.000000
Asat_OT3098_v2_chr5D	254000000	256000000	2000000	0	0.000000
Asat_OT3098_v2_chr5D	256000000	258000000	2000000	0	0.000000
Asat_OT3098_v2_chr5D	258000000	260000000	2000000	0	0.000000
Asat_OT3098_v2_chr5D	260000000	262000000	2000000	1081	0.000540
Asat_OT3098_v2_chr5D	262000000	264000000	2000000	8254	0.004127
Asat_OT3098_v2_chr5D	264000000	266000000	2000000	0	0.000000
Asat_OT3098_v2_chr5D	266000000	268000000	2000000	0	0.000000
Asat_OT3098_v2_chr5D	268000000	270000000	2000000	0	0.000000
Asat_OT3098_v2_chr5D	270000000	272000000	2000000	7267	0.003634
Asat_OT3098_v2_chr5D	272000000	274000000	2000000	0	0.000000
Asat_OT3098_v2_chr5D	274000000	276000000	2000000	8068	0.004034
Asat_OT3098_v2_chr5D	276000000	278000000	2000000	0	0.000000
Asat_OT3098_v2_chr5D	278000000	280000000	2000000	0	0.000000
Asat_OT3098_v2_chr5D	280000000	282000000	2000000	8294	0.004147
Asat_OT3098_v2_chr5D	282000000	284000000	2000000	0	0.000000
Asat_OT3098_v2_chr5D	284000000	286000000	2000000	0	0.000000
Asat_OT3098_v2_chr5D	286000000	288000000	2000000	7293	0.003647
Asat_OT3098_v2_chr5D	288000000	290000000	2000000	0	0.000000
Asat_OT3098_v2_chr5D	290000000	292000000	2000000	0	0.000000
Asat_OT3098_v2_chr5D	292000000	294000000	2000000	0	0.000000
Asat_OT3098_v2_chr5D	294000000	296000000	2000000	0	0.000000
Asat_OT3098_v2_chr5D	296000000	298000000	2000000	0	0.000000
Asat_OT3098_v2_chr5D	298000000	300000000	2000000	0	0.000000
Asat_OT3098_v2_chr5D	300000000	302000000	2000000	0	0.000000
Asat_OT3098_v2_chr5D	302000000	304000000	2000000	0	0.000000
Asat_OT3098_v2_chr5D	304000000	306000000	2000000	0	0.000000
Asat_OT3098_v2_chr5D	306000000	308000000	2000000	0	0.000000
Asat_OT3098_v2_chr5D	308000000	310000000	2000000	0	0.000000
Asat_OT3098_v2_chr5D	310000000	312000000	2000000	2452	0.001226
Asat_OT3098_v2_chr5D	312000000	314000000	2000000	0	0.000000
Asat_OT3098_v2_chr5D	314000000	316000000	2000000	7399	0.003700
Asat_OT3098_v2_chr5D	316000000	318000000	2000000	4320	0.002160
Asat_OT3098_v2_chr5D	318000000	320000000	2000000	0	0.000000
Asat_OT3098_v2_chr5D	320000000	322000000	2000000	0	0.000000
Asat_OT3098_v2_chr5D	322000000	324000000	2000000	8338	0.004169
Asat_OT3098_v2_chr5D	324000000	326000000	2000000	0	0.000000
Asat_OT3098_v2_chr5D	326000000	328000000	2000000	0	0.000000
Asat_OT3098_v2_chr5D	328000000	330000000	2000000	0	0.000000
Asat_OT3098_v2_chr5D	330000000	332000000	2000000	0	0.000000
Asat_OT3098_v2_chr5D	332000000	334000000	2000000	0	0.000000
Asat_OT3098_v2_chr5D	334000000	336000000	2000000	0	0.000000
Asat_OT3098_v2_chr5D	336000000	338000000	2000000	0	0.000000
Asat_OT3098_v2_chr5D	338000000	340000000	2000000	0	0.000000
Asat_OT3098_v2_chr5D	340000000	342000000	2000000	0	0.000000
Asat_OT3098_v2_chr5D	342000000	344000000	2000000	0	0.000000
Asat_OT3098_v2_chr5D	344000000	346000000	2000000	0	0.000000
Asat_OT3098_v2_chr5D	346000000	348000000	2000000	0	0.000000
Asat_OT3098_v2_chr5D	348000000	350000000	2000000	0	0.000000
Asat_OT3098_v2_chr5D	350000000	352000000	2000000	0	0.000000
Asat_OT3098_v2_chr5D	352000000	354000000	2000000	0	0.000000
Asat_OT3098_v2_chr5D	354000000	356000000	2000000	0	0.000000
Asat_OT3098_v2_chr5D	356000000	358000000	2000000	0	0.000000
Asat_OT3098_v2_chr5D	358000000	360000000	2000000	0	0.000000
Asat_OT3098_v2_chr5D	360000000	362000000	2000000	15414	0.007707
Asat_OT3098_v2_chr5D	362000000	364000000	2000000	0	0.000000
Asat_OT3098_v2_chr5D	364000000	366000000	2000000	0	0.000000
Asat_OT3098_v2_chr5D	366000000	368000000	2000000	0	0.000000
Asat_OT3098_v2_chr5D	368000000	370000000	2000000	8531	0.004266
Asat_OT3098_v2_chr5D	370000000	372000000	2000000	0	0.000000
Asat_OT3098_v2_chr5D	372000000	374000000	2000000	0	0.000000
Asat_OT3098_v2_chr5D	374000000	376000000	2000000	0	0.000000
Asat_OT3098_v2_chr5D	376000000	378000000	2000000	0	0.000000
Asat_OT3098_v2_chr5D	378000000	380000000	2000000	0	0.000000
Asat_OT3098_v2_chr5D	380000000	382000000	2000000	7917	0.003959
Asat_OT3098_v2_chr5D	382000000	384000000	2000000	0	0.000000
Asat_OT3098_v2_chr5D	384000000	386000000	2000000	0	0.000000
Asat_OT3098_v2_chr5D	386000000	388000000	2000000	0	0.000000
Asat_OT3098_v2_chr5D	388000000	390000000	2000000	0	0.000000
Asat_OT3098_v2_chr5D	390000000	392000000	2000000	0	0.000000
Asat_OT3098_v2_chr5D	392000000	394000000	2000000	0	0.000000
Asat_OT3098_v2_chr5D	394000000	396000000	2000000	0	0.000000
Asat_OT3098_v2_chr5D	396000000	398000000	2000000	0	0.000000
Asat_OT3098_v2_chr5D	398000000	400000000	2000000	0	0.000000
Asat_OT3098_v2_chr5D	400000000	402000000	2000000	0	0.000000
Asat_OT3098_v2_chr5D	402000000	404000000	2000000	1070	0.000535
Asat_OT3098_v2_chr5D	404000000	406000000	2000000	0	0.000000
Asat_OT3098_v2_chr5D	406000000	408000000	2000000	8731	0.004365
Asat_OT3098_v2_chr5D	408000000	410000000	2000000	0	0.000000
Asat_OT3098_v2_chr5D	410000000	412000000	2000000	0	0.000000
Asat_OT3098_v2_chr5D	412000000	414000000	2000000	0	0.000000
Asat_OT3098_v2_chr5D	414000000	416000000	2000000	0	0.000000
Asat_OT3098_v2_chr5D	416000000	418000000	2000000	0	0.000000
Asat_OT3098_v2_chr5D	418000000	420000000	2000000	0	0.000000
Asat_OT3098_v2_chr5D	420000000	422000000	2000000	0	0.000000
Asat_OT3098_v2_chr5D	422000000	424000000	2000000	0	0.000000
Asat_OT3098_v2_chr5D	424000000	426000000	2000000	0	0.000000
Asat_OT3098_v2_chr5D	426000000	428000000	2000000	8560	0.004280
Asat_OT3098_v2_chr5D	428000000	430000000	2000000	0	0.000000
Asat_OT3098_v2_chr5D	430000000	432000000	2000000	2947	0.001473
Asat_OT3098_v2_chr5D	432000000	434000000	2000000	0	0.000000
Asat_OT3098_v2_chr5D	434000000	436000000	2000000	0	0.000000
Asat_OT3098_v2_chr5D	436000000	438000000	2000000	7419	0.003710
Asat_OT3098_v2_chr5D	438000000	440000000	2000000	0	0.000000
Asat_OT3098_v2_chr5D	440000000	442000000	2000000	0	0.000000
Asat_OT3098_v2_chr5D	442000000	444000000	2000000	0	0.000000
Asat_OT3098_v2_chr5D	444000000	446000000	2000000	9911	0.004955
Asat_OT3098_v2_chr5D	446000000	448000000	2000000	0	0.000000
Asat_OT3098_v2_chr5D	448000000	450000000	2000000	7424	0.003712
Asat_OT3098_v2_chr5D	450000000	452000000	2000000	5424	0.002712
Asat_OT3098_v2_chr5D	452000000	454000000	2000000	7808	0.003904
Asat_OT3098_v2_chr5D	454000000	456000000	2000000	0	0.000000
Asat_OT3098_v2_chr5D	456000000	458000000	2000000	0	0.000000
Asat_OT3098_v2_chr5D	458000000	460000000	2000000	6983	0.003491
Asat_OT3098_v2_chr5D	460000000	462000000	2000000	0	0.000000
Asat_OT3098_v2_chr5D	462000000	464000000	2000000	0	0.000000
Asat_OT3098_v2_chr5D	464000000	466000000	2000000	0	0.000000
Asat_OT3098_v2_chr5D	466000000	468000000	2000000	0	0.000000
Asat_OT3098_v2_chr5D	468000000	470000000	2000000	6123	0.003061
Asat_OT3098_v2_chr5D	470000000	472000000	2000000	0	0.000000
Asat_OT3098_v2_chr5D	472000000	474000000	2000000	0	0.000000
Asat_OT3098_v2_chr5D	474000000	476000000	2000000	0	0.000000
Asat_OT3098_v2_chr5D	476000000	478000000	2000000	0	0.000000
Asat_OT3098_v2_chr5D	478000000	480000000	2000000	3940	0.001970
Asat_OT3098_v2_chr5D	480000000	482000000	2000000	0	0.000000
Asat_OT3098_v2_chr5D	482000000	484000000	2000000	0	0.000000
Asat_OT3098_v2_chr5D	484000000	486000000	2000000	0	0.000000
Asat_OT3098_v2_chr5D	486000000	488000000	2000000	0	0.000000
Asat_OT3098_v2_chr5D	488000000	490000000	2000000	0	0.000000
Asat_OT3098_v2_chr5D	490000000	492000000	2000000	0	0.000000
Asat_OT3098_v2_chr5D	492000000	494000000	2000000	0	0.000000
Asat_OT3098_v2_chr5D	494000000	496000000	2000000	1802	0.000901
Asat_OT3098_v2_chr5D	496000000	498000000	2000000	1867	0.000933
Asat_OT3098_v2_chr5D	498000000	499214392	1214392	0	0.000000
Asat_OT3098_v2_chr6A	0	2000000	2000000	0	0.000000
Asat_OT3098_v2_chr6A	2000000	4000000	2000000	0	0.000000
Asat_OT3098_v2_chr6A	4000000	6000000	2000000	0	0.000000
Asat_OT3098_v2_chr6A	6000000	8000000	2000000	0	0.000000
Asat_OT3098_v2_chr6A	8000000	10000000	2000000	6810	0.003405
Asat_OT3098_v2_chr6A	10000000	12000000	2000000	0	0.000000
Asat_OT3098_v2_chr6A	12000000	14000000	2000000	0	0.000000
Asat_OT3098_v2_chr6A	14000000	16000000	2000000	8325	0.004163
Asat_OT3098_v2_chr6A	16000000	18000000	2000000	0	0.000000
Asat_OT3098_v2_chr6A	18000000	20000000	2000000	0	0.000000
Asat_OT3098_v2_chr6A	20000000	22000000	2000000	0	0.000000
Asat_OT3098_v2_chr6A	22000000	24000000	2000000	1011	0.000505
Asat_OT3098_v2_chr6A	24000000	26000000	2000000	1882	0.000941
Asat_OT3098_v2_chr6A	26000000	28000000	2000000	0	0.000000
Asat_OT3098_v2_chr6A	28000000	30000000	2000000	0	0.000000
Asat_OT3098_v2_chr6A	30000000	32000000	2000000	16642	0.008321
Asat_OT3098_v2_chr6A	32000000	34000000	2000000	0	0.000000
Asat_OT3098_v2_chr6A	34000000	36000000	2000000	0	0.000000
Asat_OT3098_v2_chr6A	36000000	38000000	2000000	0	0.000000
Asat_OT3098_v2_chr6A	38000000	40000000	2000000	0	0.000000
Asat_OT3098_v2_chr6A	40000000	42000000	2000000	0	0.000000
Asat_OT3098_v2_chr6A	42000000	44000000	2000000	0	0.000000
Asat_OT3098_v2_chr6A	44000000	46000000	2000000	13980	0.006990
Asat_OT3098_v2_chr6A	46000000	48000000	2000000	0	0.000000
Asat_OT3098_v2_chr6A	48000000	50000000	2000000	6405	0.003203
Asat_OT3098_v2_chr6A	50000000	52000000	2000000	0	0.000000
Asat_OT3098_v2_chr6A	52000000	54000000	2000000	0	0.000000
Asat_OT3098_v2_chr6A	54000000	56000000	2000000	8198	0.004099
Asat_OT3098_v2_chr6A	56000000	58000000	2000000	0	0.000000
Asat_OT3098_v2_chr6A	58000000	60000000	2000000	17060	0.008530
Asat_OT3098_v2_chr6A	60000000	62000000	2000000	8563	0.004281
Asat_OT3098_v2_chr6A	62000000	64000000	2000000	17103	0.008552
Asat_OT3098_v2_chr6A	64000000	66000000	2000000	8421	0.004210
Asat_OT3098_v2_chr6A	66000000	68000000	2000000	0	0.000000
Asat_OT3098_v2_chr6A	68000000	70000000	2000000	7299	0.003649
Asat_OT3098_v2_chr6A	70000000	72000000	2000000	0	0.000000
Asat_OT3098_v2_chr6A	72000000	74000000	2000000	0	0.000000
Asat_OT3098_v2_chr6A	74000000	76000000	2000000	8563	0.004281
Asat_OT3098_v2_chr6A	76000000	78000000	2000000	0	0.000000
Asat_OT3098_v2_chr6A	78000000	80000000	2000000	8490	0.004245
Asat_OT3098_v2_chr6A	80000000	82000000	2000000	8762	0.004381
Asat_OT3098_v2_chr6A	82000000	84000000	2000000	15057	0.007528
Asat_OT3098_v2_chr6A	84000000	86000000	2000000	1095	0.000548
Asat_OT3098_v2_chr6A	86000000	88000000	2000000	8488	0.004244
Asat_OT3098_v2_chr6A	88000000	90000000	2000000	0	0.000000
Asat_OT3098_v2_chr6A	90000000	92000000	2000000	17770	0.008885
Asat_OT3098_v2_chr6A	92000000	94000000	2000000	0	0.000000
Asat_OT3098_v2_chr6A	94000000	96000000	2000000	0	0.000000
Asat_OT3098_v2_chr6A	96000000	98000000	2000000	7196	0.003598
Asat_OT3098_v2_chr6A	98000000	100000000	2000000	7216	0.003608
Asat_OT3098_v2_chr6A	100000000	102000000	2000000	0	0.000000
Asat_OT3098_v2_chr6A	102000000	104000000	2000000	0	0.000000
Asat_OT3098_v2_chr6A	104000000	106000000	2000000	1562	0.000781
Asat_OT3098_v2_chr6A	106000000	108000000	2000000	0	0.000000
Asat_OT3098_v2_chr6A	108000000	110000000	2000000	0	0.000000
Asat_OT3098_v2_chr6A	110000000	112000000	2000000	8821	0.004411
Asat_OT3098_v2_chr6A	112000000	114000000	2000000	15438	0.007719
Asat_OT3098_v2_chr6A	114000000	116000000	2000000	11073	0.005536
Asat_OT3098_v2_chr6A	116000000	118000000	2000000	14873	0.007437
Asat_OT3098_v2_chr6A	118000000	120000000	2000000	6352	0.003176
Asat_OT3098_v2_chr6A	120000000	122000000	2000000	48204	0.024102
Asat_OT3098_v2_chr6A	122000000	124000000	2000000	34475	0.017237
Asat_OT3098_v2_chr6A	124000000	126000000	2000000	6182	0.003091
Asat_OT3098_v2_chr6A	126000000	128000000	2000000	28701	0.014351
Asat_OT3098_v2_chr6A	128000000	130000000	2000000	7343	0.003671
Asat_OT3098_v2_chr6A	130000000	132000000	2000000	144500	0.072250
Asat_OT3098_v2_chr6A	132000000	134000000	2000000	174440	0.087220
Asat_OT3098_v2_chr6A	134000000	136000000	2000000	648888	0.324444
Asat_OT3098_v2_chr6A	136000000	138000000	2000000	804655	0.402328
Asat_OT3098_v2_chr6A	138000000	140000000	2000000	714998	0.357499
Asat_OT3098_v2_chr6A	140000000	142000000	2000000	670996	0.335498
Asat_OT3098_v2_chr6A	142000000	144000000	2000000	182259	0.091130
Asat_OT3098_v2_chr6A	144000000	146000000	2000000	26217	0.013109
Asat_OT3098_v2_chr6A	146000000	148000000	2000000	78336	0.039168
Asat_OT3098_v2_chr6A	148000000	150000000	2000000	31130	0.015565
Asat_OT3098_v2_chr6A	150000000	152000000	2000000	16064	0.008032
Asat_OT3098_v2_chr6A	152000000	154000000	2000000	31624	0.015812
Asat_OT3098_v2_chr6A	154000000	156000000	2000000	9537	0.004769
Asat_OT3098_v2_chr6A	156000000	158000000	2000000	0	0.000000
Asat_OT3098_v2_chr6A	158000000	160000000	2000000	0	0.000000
Asat_OT3098_v2_chr6A	160000000	162000000	2000000	8570	0.004285
Asat_OT3098_v2_chr6A	162000000	164000000	2000000	0	0.000000
Asat_OT3098_v2_chr6A	164000000	166000000	2000000	0	0.000000
Asat_OT3098_v2_chr6A	166000000	168000000	2000000	0	0.000000
Asat_OT3098_v2_chr6A	168000000	170000000	2000000	13880	0.006940
Asat_OT3098_v2_chr6A	170000000	172000000	2000000	8643	0.004321
Asat_OT3098_v2_chr6A	172000000	174000000	2000000	0	0.000000
Asat_OT3098_v2_chr6A	174000000	176000000	2000000	13285	0.006642
Asat_OT3098_v2_chr6A	176000000	178000000	2000000	7943	0.003972
Asat_OT3098_v2_chr6A	178000000	180000000	2000000	7300	0.003650
Asat_OT3098_v2_chr6A	180000000	182000000	2000000	0	0.000000
Asat_OT3098_v2_chr6A	182000000	184000000	2000000	0	0.000000
Asat_OT3098_v2_chr6A	184000000	186000000	2000000	8283	0.004142
Asat_OT3098_v2_chr6A	186000000	188000000	2000000	0	0.000000
Asat_OT3098_v2_chr6A	188000000	190000000	2000000	7536	0.003768
Asat_OT3098_v2_chr6A	190000000	192000000	2000000	8018	0.004009
Asat_OT3098_v2_chr6A	192000000	194000000	2000000	0	0.000000
Asat_OT3098_v2_chr6A	194000000	196000000	2000000	0	0.000000
Asat_OT3098_v2_chr6A	196000000	198000000	2000000	8721	0.004360
Asat_OT3098_v2_chr6A	198000000	200000000	2000000	0	0.000000
Asat_OT3098_v2_chr6A	200000000	202000000	2000000	8296	0.004148
Asat_OT3098_v2_chr6A	202000000	204000000	2000000	0	0.000000
Asat_OT3098_v2_chr6A	204000000	206000000	2000000	0	0.000000
Asat_OT3098_v2_chr6A	206000000	208000000	2000000	6281	0.003141
Asat_OT3098_v2_chr6A	208000000	210000000	2000000	0	0.000000
Asat_OT3098_v2_chr6A	210000000	212000000	2000000	0	0.000000
Asat_OT3098_v2_chr6A	212000000	214000000	2000000	1093	0.000547
Asat_OT3098_v2_chr6A	214000000	216000000	2000000	0	0.000000
Asat_OT3098_v2_chr6A	216000000	218000000	2000000	0	0.000000
Asat_OT3098_v2_chr6A	218000000	220000000	2000000	0	0.000000
Asat_OT3098_v2_chr6A	220000000	222000000	2000000	0	0.000000
Asat_OT3098_v2_chr6A	222000000	224000000	2000000	11834	0.005917
Asat_OT3098_v2_chr6A	224000000	226000000	2000000	3343	0.001672
Asat_OT3098_v2_chr6A	226000000	228000000	2000000	0	0.000000
Asat_OT3098_v2_chr6A	228000000	230000000	2000000	0	0.000000
Asat_OT3098_v2_chr6A	230000000	232000000	2000000	0	0.000000
Asat_OT3098_v2_chr6A	232000000	234000000	2000000	0	0.000000
Asat_OT3098_v2_chr6A	234000000	236000000	2000000	0	0.000000
Asat_OT3098_v2_chr6A	236000000	238000000	2000000	8255	0.004128
Asat_OT3098_v2_chr6A	238000000	240000000	2000000	8303	0.004151
Asat_OT3098_v2_chr6A	240000000	242000000	2000000	0	0.000000
Asat_OT3098_v2_chr6A	242000000	244000000	2000000	8704	0.004352
Asat_OT3098_v2_chr6A	244000000	246000000	2000000	7270	0.003635
Asat_OT3098_v2_chr6A	246000000	248000000	2000000	0	0.000000
Asat_OT3098_v2_chr6A	248000000	250000000	2000000	11354	0.005677
Asat_OT3098_v2_chr6A	250000000	252000000	2000000	0	0.000000
Asat_OT3098_v2_chr6A	252000000	254000000	2000000	0	0.000000
Asat_OT3098_v2_chr6A	254000000	256000000	2000000	8300	0.004150
Asat_OT3098_v2_chr6A	256000000	258000000	2000000	7325	0.003662
Asat_OT3098_v2_chr6A	258000000	260000000	2000000	7711	0.003855
Asat_OT3098_v2_chr6A	260000000	262000000	2000000	0	0.000000
Asat_OT3098_v2_chr6A	262000000	264000000	2000000	0	0.000000
Asat_OT3098_v2_chr6A	264000000	266000000	2000000	8796	0.004398
Asat_OT3098_v2_chr6A	266000000	268000000	2000000	0	0.000000
Asat_OT3098_v2_chr6A	268000000	270000000	2000000	8954	0.004477
Asat_OT3098_v2_chr6A	270000000	272000000	2000000	7714	0.003857
Asat_OT3098_v2_chr6A	272000000	274000000	2000000	0	0.000000
Asat_OT3098_v2_chr6A	274000000	276000000	2000000	0	0.000000
Asat_OT3098_v2_chr6A	276000000	278000000	2000000	0	0.000000
Asat_OT3098_v2_chr6A	278000000	280000000	2000000	8019	0.004010
Asat_OT3098_v2_chr6A	280000000	282000000	2000000	0	0.000000
Asat_OT3098_v2_chr6A	282000000	284000000	2000000	0	0.000000
Asat_OT3098_v2_chr6A	284000000	286000000	2000000	18715	0.009357
Asat_OT3098_v2_chr6A	286000000	288000000	2000000	0	0.000000
Asat_OT3098_v2_chr6A	288000000	290000000	2000000	0	0.000000
Asat_OT3098_v2_chr6A	290000000	292000000	2000000	0	0.000000
Asat_OT3098_v2_chr6A	292000000	294000000	2000000	0	0.000000
Asat_OT3098_v2_chr6A	294000000	296000000	2000000	0	0.000000
Asat_OT3098_v2_chr6A	296000000	298000000	2000000	8561	0.004280
Asat_OT3098_v2_chr6A	298000000	300000000	2000000	0	0.000000
Asat_OT3098_v2_chr6A	300000000	302000000	2000000	7360	0.003680
Asat_OT3098_v2_chr6A	302000000	304000000	2000000	8670	0.004335
Asat_OT3098_v2_chr6A	304000000	306000000	2000000	0	0.000000
Asat_OT3098_v2_chr6A	306000000	308000000	2000000	8515	0.004257
Asat_OT3098_v2_chr6A	308000000	310000000	2000000	0	0.000000
Asat_OT3098_v2_chr6A	310000000	312000000	2000000	0	0.000000
Asat_OT3098_v2_chr6A	312000000	314000000	2000000	0	0.000000
Asat_OT3098_v2_chr6A	314000000	316000000	2000000	0	0.000000
Asat_OT3098_v2_chr6A	316000000	318000000	2000000	0	0.000000
Asat_OT3098_v2_chr6A	318000000	320000000	2000000	8323	0.004162
Asat_OT3098_v2_chr6A	320000000	322000000	2000000	4865	0.002433
Asat_OT3098_v2_chr6A	322000000	324000000	2000000	0	0.000000
Asat_OT3098_v2_chr6A	324000000	326000000	2000000	0	0.000000
Asat_OT3098_v2_chr6A	326000000	328000000	2000000	0	0.000000
Asat_OT3098_v2_chr6A	328000000	330000000	2000000	0	0.000000
Asat_OT3098_v2_chr6A	330000000	332000000	2000000	8741	0.004371
Asat_OT3098_v2_chr6A	332000000	334000000	2000000	0	0.000000
Asat_OT3098_v2_chr6A	334000000	336000000	2000000	13768	0.006884
Asat_OT3098_v2_chr6A	336000000	338000000	2000000	7283	0.003642
Asat_OT3098_v2_chr6A	338000000	340000000	2000000	0	0.000000
Asat_OT3098_v2_chr6A	340000000	342000000	2000000	0	0.000000
Asat_OT3098_v2_chr6A	342000000	344000000	2000000	0	0.000000
Asat_OT3098_v2_chr6A	344000000	346000000	2000000	16757	0.008379
Asat_OT3098_v2_chr6A	346000000	348000000	2000000	0	0.000000
Asat_OT3098_v2_chr6A	348000000	350000000	2000000	7001	0.003501
Asat_OT3098_v2_chr6A	350000000	352000000	2000000	0	0.000000
Asat_OT3098_v2_chr6A	352000000	354000000	2000000	8704	0.004352
Asat_OT3098_v2_chr6A	354000000	356000000	2000000	0	0.000000
Asat_OT3098_v2_chr6A	356000000	358000000	2000000	8227	0.004113
Asat_OT3098_v2_chr6A	358000000	360000000	2000000	0	0.000000
Asat_OT3098_v2_chr6A	360000000	362000000	2000000	7888	0.003944
Asat_OT3098_v2_chr6A	362000000	364000000	2000000	0	0.000000
Asat_OT3098_v2_chr6A	364000000	366000000	2000000	8354	0.004177
Asat_OT3098_v2_chr6A	366000000	368000000	2000000	0	0.000000
Asat_OT3098_v2_chr6A	368000000	370000000	2000000	0	0.000000
Asat_OT3098_v2_chr6A	370000000	372000000	2000000	0	0.000000
Asat_OT3098_v2_chr6A	372000000	374000000	2000000	17088	0.008544
Asat_OT3098_v2_chr6A	374000000	376000000	2000000	0	0.000000
Asat_OT3098_v2_chr6A	376000000	378000000	2000000	0	0.000000
Asat_OT3098_v2_chr6A	378000000	380000000	2000000	0	0.000000
Asat_OT3098_v2_chr6A	380000000	382000000	2000000	0	0.000000
Asat_OT3098_v2_chr6A	382000000	384000000	2000000	0	0.000000
Asat_OT3098_v2_chr6A	384000000	386000000	2000000	0	0.000000
Asat_OT3098_v2_chr6A	386000000	388000000	2000000	8673	0.004337
Asat_OT3098_v2_chr6A	388000000	390000000	2000000	8666	0.004333
Asat_OT3098_v2_chr6A	390000000	392000000	2000000	0	0.000000
Asat_OT3098_v2_chr6A	392000000	394000000	2000000	0	0.000000
Asat_OT3098_v2_chr6A	394000000	396000000	2000000	8169	0.004084
Asat_OT3098_v2_chr6A	396000000	398000000	2000000	7151	0.003576
Asat_OT3098_v2_chr6A	398000000	400000000	2000000	0	0.000000
Asat_OT3098_v2_chr6A	400000000	402000000	2000000	5164	0.002582
Asat_OT3098_v2_chr6A	402000000	404000000	2000000	0	0.000000
Asat_OT3098_v2_chr6A	404000000	406000000	2000000	10047	0.005024
Asat_OT3098_v2_chr6A	406000000	408000000	2000000	1099	0.000549
Asat_OT3098_v2_chr6A	408000000	410000000	2000000	8426	0.004213
Asat_OT3098_v2_chr6A	410000000	412000000	2000000	0	0.000000
Asat_OT3098_v2_chr6A	412000000	414000000	2000000	0	0.000000
Asat_OT3098_v2_chr6A	414000000	416000000	2000000	0	0.000000
Asat_OT3098_v2_chr6A	416000000	418000000	2000000	0	0.000000
Asat_OT3098_v2_chr6A	418000000	420000000	2000000	8764	0.004382
Asat_OT3098_v2_chr6A	420000000	422000000	2000000	0	0.000000
Asat_OT3098_v2_chr6A	422000000	424000000	2000000	0	0.000000
Asat_OT3098_v2_chr6A	424000000	426000000	2000000	3012	0.001506
Asat_OT3098_v2_chr6A	426000000	428000000	2000000	17226	0.008613
Asat_OT3098_v2_chr6A	428000000	430000000	2000000	17273	0.008637
Asat_OT3098_v2_chr6A	430000000	432000000	2000000	0	0.000000
Asat_OT3098_v2_chr6A	432000000	434000000	2000000	0	0.000000
Asat_OT3098_v2_chr6A	434000000	436000000	2000000	0	0.000000
Asat_OT3098_v2_chr6A	436000000	438000000	2000000	0	0.000000
Asat_OT3098_v2_chr6A	438000000	440000000	2000000	0	0.000000
Asat_OT3098_v2_chr6A	440000000	442000000	2000000	8524	0.004262
Asat_OT3098_v2_chr6A	442000000	444000000	2000000	8120	0.004060
Asat_OT3098_v2_chr6A	444000000	446000000	2000000	0	0.000000
Asat_OT3098_v2_chr6A	446000000	448000000	2000000	0	0.000000
Asat_OT3098_v2_chr6A	448000000	448461343	461343	0	0.000000
Asat_OT3098_v2_chr6C	0	2000000	2000000	0	0.000000
Asat_OT3098_v2_chr6C	2000000	4000000	2000000	0	0.000000
Asat_OT3098_v2_chr6C	4000000	6000000	2000000	0	0.000000
Asat_OT3098_v2_chr6C	6000000	8000000	2000000	5951	0.002975
Asat_OT3098_v2_chr6C	8000000	10000000	2000000	0	0.000000
Asat_OT3098_v2_chr6C	10000000	12000000	2000000	0	0.000000
Asat_OT3098_v2_chr6C	12000000	14000000	2000000	0	0.000000
Asat_OT3098_v2_chr6C	14000000	16000000	2000000	0	0.000000
Asat_OT3098_v2_chr6C	16000000	18000000	2000000	0	0.000000
Asat_OT3098_v2_chr6C	18000000	20000000	2000000	0	0.000000
Asat_OT3098_v2_chr6C	20000000	22000000	2000000	0	0.000000
Asat_OT3098_v2_chr6C	22000000	24000000	2000000	0	0.000000
Asat_OT3098_v2_chr6C	24000000	26000000	2000000	0	0.000000
Asat_OT3098_v2_chr6C	26000000	28000000	2000000	0	0.000000
Asat_OT3098_v2_chr6C	28000000	30000000	2000000	0	0.000000
Asat_OT3098_v2_chr6C	30000000	32000000	2000000	8651	0.004326
Asat_OT3098_v2_chr6C	32000000	34000000	2000000	0	0.000000
Asat_OT3098_v2_chr6C	34000000	36000000	2000000	5056	0.002528
Asat_OT3098_v2_chr6C	36000000	38000000	2000000	0	0.000000
Asat_OT3098_v2_chr6C	38000000	40000000	2000000	0	0.000000
Asat_OT3098_v2_chr6C	40000000	42000000	2000000	6633	0.003317
Asat_OT3098_v2_chr6C	42000000	44000000	2000000	8733	0.004366
Asat_OT3098_v2_chr6C	44000000	46000000	2000000	5673	0.002837
Asat_OT3098_v2_chr6C	46000000	48000000	2000000	12634	0.006317
Asat_OT3098_v2_chr6C	48000000	50000000	2000000	6459	0.003230
Asat_OT3098_v2_chr6C	50000000	52000000	2000000	0	0.000000
Asat_OT3098_v2_chr6C	52000000	54000000	2000000	0	0.000000
Asat_OT3098_v2_chr6C	54000000	56000000	2000000	0	0.000000
Asat_OT3098_v2_chr6C	56000000	58000000	2000000	0	0.000000
Asat_OT3098_v2_chr6C	58000000	60000000	2000000	10431	0.005215
Asat_OT3098_v2_chr6C	60000000	62000000	2000000	8414	0.004207
Asat_OT3098_v2_chr6C	62000000	64000000	2000000	8476	0.004238
Asat_OT3098_v2_chr6C	64000000	66000000	2000000	0	0.000000
Asat_OT3098_v2_chr6C	66000000	68000000	2000000	6378	0.003189
Asat_OT3098_v2_chr6C	68000000	70000000	2000000	0	0.000000
Asat_OT3098_v2_chr6C	70000000	72000000	2000000	0	0.000000
Asat_OT3098_v2_chr6C	72000000	74000000	2000000	3593	0.001796
Asat_OT3098_v2_chr6C	74000000	76000000	2000000	2361	0.001180
Asat_OT3098_v2_chr6C	76000000	78000000	2000000	0	0.000000
Asat_OT3098_v2_chr6C	78000000	80000000	2000000	0	0.000000
Asat_OT3098_v2_chr6C	80000000	82000000	2000000	12085	0.006043
Asat_OT3098_v2_chr6C	82000000	84000000	2000000	0	0.000000
Asat_OT3098_v2_chr6C	84000000	86000000	2000000	0	0.000000
Asat_OT3098_v2_chr6C	86000000	88000000	2000000	0	0.000000
Asat_OT3098_v2_chr6C	88000000	90000000	2000000	4198	0.002099
Asat_OT3098_v2_chr6C	90000000	92000000	2000000	0	0.000000
Asat_OT3098_v2_chr6C	92000000	94000000	2000000	0	0.000000
Asat_OT3098_v2_chr6C	94000000	96000000	2000000	0	0.000000
Asat_OT3098_v2_chr6C	96000000	98000000	2000000	0	0.000000
Asat_OT3098_v2_chr6C	98000000	100000000	2000000	5542	0.002771
Asat_OT3098_v2_chr6C	100000000	102000000	2000000	2587	0.001293
Asat_OT3098_v2_chr6C	102000000	104000000	2000000	0	0.000000
Asat_OT3098_v2_chr6C	104000000	106000000	2000000	0	0.000000
Asat_OT3098_v2_chr6C	106000000	108000000	2000000	0	0.000000
Asat_OT3098_v2_chr6C	108000000	110000000	2000000	0	0.000000
Asat_OT3098_v2_chr6C	110000000	112000000	2000000	0	0.000000
Asat_OT3098_v2_chr6C	112000000	114000000	2000000	0	0.000000
Asat_OT3098_v2_chr6C	114000000	116000000	2000000	0	0.000000
Asat_OT3098_v2_chr6C	116000000	118000000	2000000	8732	0.004366
Asat_OT3098_v2_chr6C	118000000	120000000	2000000	0	0.000000
Asat_OT3098_v2_chr6C	120000000	122000000	2000000	0	0.000000
Asat_OT3098_v2_chr6C	122000000	124000000	2000000	0	0.000000
Asat_OT3098_v2_chr6C	124000000	126000000	2000000	0	0.000000
Asat_OT3098_v2_chr6C	126000000	128000000	2000000	0	0.000000
Asat_OT3098_v2_chr6C	128000000	130000000	2000000	0	0.000000
Asat_OT3098_v2_chr6C	130000000	132000000	2000000	0	0.000000
Asat_OT3098_v2_chr6C	132000000	134000000	2000000	2996	0.001498
Asat_OT3098_v2_chr6C	134000000	136000000	2000000	7869	0.003934
Asat_OT3098_v2_chr6C	136000000	138000000	2000000	0	0.000000
Asat_OT3098_v2_chr6C	138000000	140000000	2000000	0	0.000000
Asat_OT3098_v2_chr6C	140000000	142000000	2000000	2630	0.001315
Asat_OT3098_v2_chr6C	142000000	144000000	2000000	0	0.000000
Asat_OT3098_v2_chr6C	144000000	146000000	2000000	0	0.000000
Asat_OT3098_v2_chr6C	146000000	148000000	2000000	0	0.000000
Asat_OT3098_v2_chr6C	148000000	150000000	2000000	0	0.000000
Asat_OT3098_v2_chr6C	150000000	152000000	2000000	0	0.000000
Asat_OT3098_v2_chr6C	152000000	154000000	2000000	0	0.000000
Asat_OT3098_v2_chr6C	154000000	156000000	2000000	0	0.000000
Asat_OT3098_v2_chr6C	156000000	158000000	2000000	0	0.000000
Asat_OT3098_v2_chr6C	158000000	160000000	2000000	8698	0.004349
Asat_OT3098_v2_chr6C	160000000	162000000	2000000	0	0.000000
Asat_OT3098_v2_chr6C	162000000	164000000	2000000	0	0.000000
Asat_OT3098_v2_chr6C	164000000	166000000	2000000	0	0.000000
Asat_OT3098_v2_chr6C	166000000	168000000	2000000	0	0.000000
Asat_OT3098_v2_chr6C	168000000	170000000	2000000	0	0.000000
Asat_OT3098_v2_chr6C	170000000	172000000	2000000	0	0.000000
Asat_OT3098_v2_chr6C	172000000	174000000	2000000	5018	0.002509
Asat_OT3098_v2_chr6C	174000000	176000000	2000000	0	0.000000
Asat_OT3098_v2_chr6C	176000000	178000000	2000000	0	0.000000
Asat_OT3098_v2_chr6C	178000000	180000000	2000000	0	0.000000
Asat_OT3098_v2_chr6C	180000000	182000000	2000000	0	0.000000
Asat_OT3098_v2_chr6C	182000000	184000000	2000000	6408	0.003204
Asat_OT3098_v2_chr6C	184000000	186000000	2000000	0	0.000000
Asat_OT3098_v2_chr6C	186000000	188000000	2000000	0	0.000000
Asat_OT3098_v2_chr6C	188000000	190000000	2000000	0	0.000000
Asat_OT3098_v2_chr6C	190000000	192000000	2000000	8733	0.004366
Asat_OT3098_v2_chr6C	192000000	194000000	2000000	0	0.000000
Asat_OT3098_v2_chr6C	194000000	196000000	2000000	0	0.000000
Asat_OT3098_v2_chr6C	196000000	198000000	2000000	0	0.000000
Asat_OT3098_v2_chr6C	198000000	200000000	2000000	7327	0.003664
Asat_OT3098_v2_chr6C	200000000	202000000	2000000	0	0.000000
Asat_OT3098_v2_chr6C	202000000	204000000	2000000	0	0.000000
Asat_OT3098_v2_chr6C	204000000	206000000	2000000	0	0.000000
Asat_OT3098_v2_chr6C	206000000	208000000	2000000	1171	0.000585
Asat_OT3098_v2_chr6C	208000000	210000000	2000000	0	0.000000
Asat_OT3098_v2_chr6C	210000000	212000000	2000000	0	0.000000
Asat_OT3098_v2_chr6C	212000000	214000000	2000000	0	0.000000
Asat_OT3098_v2_chr6C	214000000	216000000	2000000	0	0.000000
Asat_OT3098_v2_chr6C	216000000	218000000	2000000	0	0.000000
Asat_OT3098_v2_chr6C	218000000	220000000	2000000	14893	0.007446
Asat_OT3098_v2_chr6C	220000000	222000000	2000000	0	0.000000
Asat_OT3098_v2_chr6C	222000000	224000000	2000000	8535	0.004267
Asat_OT3098_v2_chr6C	224000000	226000000	2000000	0	0.000000
Asat_OT3098_v2_chr6C	226000000	228000000	2000000	19371	0.009685
Asat_OT3098_v2_chr6C	228000000	230000000	2000000	0	0.000000
Asat_OT3098_v2_chr6C	230000000	232000000	2000000	0	0.000000
Asat_OT3098_v2_chr6C	232000000	234000000	2000000	3826	0.001913
Asat_OT3098_v2_chr6C	234000000	236000000	2000000	0	0.000000
Asat_OT3098_v2_chr6C	236000000	238000000	2000000	0	0.000000
Asat_OT3098_v2_chr6C	238000000	240000000	2000000	6333	0.003167
Asat_OT3098_v2_chr6C	240000000	242000000	2000000	0	0.000000
Asat_OT3098_v2_chr6C	242000000	244000000	2000000	0	0.000000
Asat_OT3098_v2_chr6C	244000000	246000000	2000000	8413	0.004207
Asat_OT3098_v2_chr6C	246000000	248000000	2000000	0	0.000000
Asat_OT3098_v2_chr6C	248000000	250000000	2000000	0	0.000000
Asat_OT3098_v2_chr6C	250000000	252000000	2000000	0	0.000000
Asat_OT3098_v2_chr6C	252000000	254000000	2000000	0	0.000000
Asat_OT3098_v2_chr6C	254000000	256000000	2000000	0	0.000000
Asat_OT3098_v2_chr6C	256000000	258000000	2000000	0	0.000000
Asat_OT3098_v2_chr6C	258000000	260000000	2000000	1585	0.000793
Asat_OT3098_v2_chr6C	260000000	262000000	2000000	0	0.000000
Asat_OT3098_v2_chr6C	262000000	264000000	2000000	6429	0.003214
Asat_OT3098_v2_chr6C	264000000	266000000	2000000	6376	0.003188
Asat_OT3098_v2_chr6C	266000000	268000000	2000000	12100	0.006050
Asat_OT3098_v2_chr6C	268000000	270000000	2000000	8252	0.004126
Asat_OT3098_v2_chr6C	270000000	272000000	2000000	0	0.000000
Asat_OT3098_v2_chr6C	272000000	274000000	2000000	0	0.000000
Asat_OT3098_v2_chr6C	274000000	276000000	2000000	0	0.000000
Asat_OT3098_v2_chr6C	276000000	278000000	2000000	0	0.000000
Asat_OT3098_v2_chr6C	278000000	280000000	2000000	0	0.000000
Asat_OT3098_v2_chr6C	280000000	282000000	2000000	8652	0.004326
Asat_OT3098_v2_chr6C	282000000	284000000	2000000	8658	0.004329
Asat_OT3098_v2_chr6C	284000000	286000000	2000000	0	0.000000
Asat_OT3098_v2_chr6C	286000000	288000000	2000000	0	0.000000
Asat_OT3098_v2_chr6C	288000000	290000000	2000000	0	0.000000
Asat_OT3098_v2_chr6C	290000000	292000000	2000000	3192	0.001596
Asat_OT3098_v2_chr6C	292000000	294000000	2000000	0	0.000000
Asat_OT3098_v2_chr6C	294000000	296000000	2000000	0	0.000000
Asat_OT3098_v2_chr6C	296000000	298000000	2000000	6150	0.003075
Asat_OT3098_v2_chr6C	298000000	300000000	2000000	0	0.000000
Asat_OT3098_v2_chr6C	300000000	302000000	2000000	0	0.000000
Asat_OT3098_v2_chr6C	302000000	304000000	2000000	0	0.000000
Asat_OT3098_v2_chr6C	304000000	306000000	2000000	0	0.000000
Asat_OT3098_v2_chr6C	306000000	308000000	2000000	0	0.000000
Asat_OT3098_v2_chr6C	308000000	310000000	2000000	0	0.000000
Asat_OT3098_v2_chr6C	310000000	312000000	2000000	6244	0.003122
Asat_OT3098_v2_chr6C	312000000	314000000	2000000	1161	0.000580
Asat_OT3098_v2_chr6C	314000000	316000000	2000000	6398	0.003199
Asat_OT3098_v2_chr6C	316000000	318000000	2000000	0	0.000000
Asat_OT3098_v2_chr6C	318000000	320000000	2000000	0	0.000000
Asat_OT3098_v2_chr6C	320000000	322000000	2000000	0	0.000000
Asat_OT3098_v2_chr6C	322000000	324000000	2000000	0	0.000000
Asat_OT3098_v2_chr6C	324000000	326000000	2000000	8787	0.004393
Asat_OT3098_v2_chr6C	326000000	328000000	2000000	16569	0.008285
Asat_OT3098_v2_chr6C	328000000	330000000	2000000	43140	0.021570
Asat_OT3098_v2_chr6C	330000000	332000000	2000000	54075	0.027037
Asat_OT3098_v2_chr6C	332000000	334000000	2000000	55589	0.027794
Asat_OT3098_v2_chr6C	334000000	336000000	2000000	26084	0.013042
Asat_OT3098_v2_chr6C	336000000	338000000	2000000	4814	0.002407
Asat_OT3098_v2_chr6C	338000000	340000000	2000000	5772	0.002886
Asat_OT3098_v2_chr6C	340000000	342000000	2000000	37395	0.018697
Asat_OT3098_v2_chr6C	342000000	344000000	2000000	17418	0.008709
Asat_OT3098_v2_chr6C	344000000	346000000	2000000	0	0.000000
Asat_OT3098_v2_chr6C	346000000	348000000	2000000	0	0.000000
Asat_OT3098_v2_chr6C	348000000	350000000	2000000	0	0.000000
Asat_OT3098_v2_chr6C	350000000	352000000	2000000	12978	0.006489
Asat_OT3098_v2_chr6C	352000000	354000000	2000000	19040	0.009520
Asat_OT3098_v2_chr6C	354000000	356000000	2000000	9135	0.004568
Asat_OT3098_v2_chr6C	356000000	358000000	2000000	21666	0.010833
Asat_OT3098_v2_chr6C	358000000	360000000	2000000	0	0.000000
Asat_OT3098_v2_chr6C	360000000	362000000	2000000	7510	0.003755
Asat_OT3098_v2_chr6C	362000000	364000000	2000000	2745	0.001373
Asat_OT3098_v2_chr6C	364000000	366000000	2000000	49477	0.024739
Asat_OT3098_v2_chr6C	366000000	368000000	2000000	0	0.000000
Asat_OT3098_v2_chr6C	368000000	370000000	2000000	3708	0.001854
Asat_OT3098_v2_chr6C	370000000	372000000	2000000	16129	0.008065
Asat_OT3098_v2_chr6C	372000000	374000000	2000000	95224	0.047612
Asat_OT3098_v2_chr6C	374000000	376000000	2000000	195869	0.097934
Asat_OT3098_v2_chr6C	376000000	378000000	2000000	128485	0.064242
Asat_OT3098_v2_chr6C	378000000	380000000	2000000	39712	0.019856
Asat_OT3098_v2_chr6C	380000000	382000000	2000000	61268	0.030634
Asat_OT3098_v2_chr6C	382000000	384000000	2000000	0	0.000000
Asat_OT3098_v2_chr6C	384000000	386000000	2000000	8617	0.004308
Asat_OT3098_v2_chr6C	386000000	388000000	2000000	0	0.000000
Asat_OT3098_v2_chr6C	388000000	390000000	2000000	54625	0.027312
Asat_OT3098_v2_chr6C	390000000	392000000	2000000	64763	0.032382
Asat_OT3098_v2_chr6C	392000000	394000000	2000000	68404	0.034202
Asat_OT3098_v2_chr6C	394000000	396000000	2000000	199023	0.099512
Asat_OT3098_v2_chr6C	396000000	398000000	2000000	101161	0.050581
Asat_OT3098_v2_chr6C	398000000	400000000	2000000	97202	0.048601
Asat_OT3098_v2_chr6C	400000000	402000000	2000000	70147	0.035074
Asat_OT3098_v2_chr6C	402000000	404000000	2000000	74587	0.037294
Asat_OT3098_v2_chr6C	404000000	406000000	2000000	71246	0.035623
Asat_OT3098_v2_chr6C	406000000	408000000	2000000	61707	0.030853
Asat_OT3098_v2_chr6C	408000000	410000000	2000000	0	0.000000
Asat_OT3098_v2_chr6C	410000000	412000000	2000000	0	0.000000
Asat_OT3098_v2_chr6C	412000000	414000000	2000000	0	0.000000
Asat_OT3098_v2_chr6C	414000000	416000000	2000000	22449	0.011225
Asat_OT3098_v2_chr6C	416000000	418000000	2000000	8607	0.004304
Asat_OT3098_v2_chr6C	418000000	420000000	2000000	36321	0.018160
Asat_OT3098_v2_chr6C	420000000	422000000	2000000	11297	0.005648
Asat_OT3098_v2_chr6C	422000000	424000000	2000000	7491	0.003746
Asat_OT3098_v2_chr6C	424000000	426000000	2000000	0	0.000000
Asat_OT3098_v2_chr6C	426000000	428000000	2000000	0	0.000000
Asat_OT3098_v2_chr6C	428000000	430000000	2000000	3177	0.001589
Asat_OT3098_v2_chr6C	430000000	432000000	2000000	0	0.000000
Asat_OT3098_v2_chr6C	432000000	434000000	2000000	0	0.000000
Asat_OT3098_v2_chr6C	434000000	436000000	2000000	0	0.000000
Asat_OT3098_v2_chr6C	436000000	438000000	2000000	6280	0.003140
Asat_OT3098_v2_chr6C	438000000	440000000	2000000	0	0.000000
Asat_OT3098_v2_chr6C	440000000	442000000	2000000	0	0.000000
Asat_OT3098_v2_chr6C	442000000	444000000	2000000	0	0.000000
Asat_OT3098_v2_chr6C	444000000	446000000	2000000	25095	0.012547
Asat_OT3098_v2_chr6C	446000000	448000000	2000000	11518	0.005759
Asat_OT3098_v2_chr6C	448000000	450000000	2000000	0	0.000000
Asat_OT3098_v2_chr6C	450000000	452000000	2000000	9428	0.004714
Asat_OT3098_v2_chr6C	452000000	454000000	2000000	11755	0.005877
Asat_OT3098_v2_chr6C	454000000	456000000	2000000	0	0.000000
Asat_OT3098_v2_chr6C	456000000	458000000	2000000	0	0.000000
Asat_OT3098_v2_chr6C	458000000	460000000	2000000	3724	0.001862
Asat_OT3098_v2_chr6C	460000000	462000000	2000000	1867	0.000933
Asat_OT3098_v2_chr6C	462000000	464000000	2000000	0	0.000000
Asat_OT3098_v2_chr6C	464000000	466000000	2000000	7166	0.003583
Asat_OT3098_v2_chr6C	466000000	468000000	2000000	6441	0.003220
Asat_OT3098_v2_chr6C	468000000	470000000	2000000	0	0.000000
Asat_OT3098_v2_chr6C	470000000	472000000	2000000	0	0.000000
Asat_OT3098_v2_chr6C	472000000	474000000	2000000	5566	0.002783
Asat_OT3098_v2_chr6C	474000000	476000000	2000000	8736	0.004368
Asat_OT3098_v2_chr6C	476000000	478000000	2000000	1139	0.000570
Asat_OT3098_v2_chr6C	478000000	480000000	2000000	0	0.000000
Asat_OT3098_v2_chr6C	480000000	482000000	2000000	7686	0.003843
Asat_OT3098_v2_chr6C	482000000	484000000	2000000	13406	0.006703
Asat_OT3098_v2_chr6C	484000000	486000000	2000000	0	0.000000
Asat_OT3098_v2_chr6C	486000000	488000000	2000000	7380	0.003690
Asat_OT3098_v2_chr6C	488000000	490000000	2000000	6912	0.003456
Asat_OT3098_v2_chr6C	490000000	492000000	2000000	0	0.000000
Asat_OT3098_v2_chr6C	492000000	494000000	2000000	1042	0.000521
Asat_OT3098_v2_chr6C	494000000	496000000	2000000	0	0.000000
Asat_OT3098_v2_chr6C	496000000	498000000	2000000	8453	0.004227
Asat_OT3098_v2_chr6C	498000000	500000000	2000000	0	0.000000
Asat_OT3098_v2_chr6C	500000000	502000000	2000000	0	0.000000
Asat_OT3098_v2_chr6C	502000000	504000000	2000000	2824	0.001412
Asat_OT3098_v2_chr6C	504000000	506000000	2000000	3882	0.001941
Asat_OT3098_v2_chr6C	506000000	508000000	2000000	0	0.000000
Asat_OT3098_v2_chr6C	508000000	510000000	2000000	0	0.000000
Asat_OT3098_v2_chr6C	510000000	512000000	2000000	0	0.000000
Asat_OT3098_v2_chr6C	512000000	514000000	2000000	0	0.000000
Asat_OT3098_v2_chr6C	514000000	516000000	2000000	0	0.000000
Asat_OT3098_v2_chr6C	516000000	518000000	2000000	0	0.000000
Asat_OT3098_v2_chr6C	518000000	520000000	2000000	7791	0.003896
Asat_OT3098_v2_chr6C	520000000	522000000	2000000	6304	0.003152
Asat_OT3098_v2_chr6C	522000000	524000000	2000000	0	0.000000
Asat_OT3098_v2_chr6C	524000000	526000000	2000000	0	0.000000
Asat_OT3098_v2_chr6C	526000000	528000000	2000000	4753	0.002377
Asat_OT3098_v2_chr6C	528000000	530000000	2000000	0	0.000000
Asat_OT3098_v2_chr6C	530000000	532000000	2000000	3993	0.001997
Asat_OT3098_v2_chr6C	532000000	534000000	2000000	0	0.000000
Asat_OT3098_v2_chr6C	534000000	536000000	2000000	0	0.000000
Asat_OT3098_v2_chr6C	536000000	538000000	2000000	8766	0.004383
Asat_OT3098_v2_chr6C	538000000	540000000	2000000	0	0.000000
Asat_OT3098_v2_chr6C	540000000	542000000	2000000	0	0.000000
Asat_OT3098_v2_chr6C	542000000	544000000	2000000	16831	0.008415
Asat_OT3098_v2_chr6C	544000000	546000000	2000000	0	0.000000
Asat_OT3098_v2_chr6C	546000000	548000000	2000000	13579	0.006790
Asat_OT3098_v2_chr6C	548000000	550000000	2000000	0	0.000000
Asat_OT3098_v2_chr6C	550000000	552000000	2000000	0	0.000000
Asat_OT3098_v2_chr6C	552000000	554000000	2000000	0	0.000000
Asat_OT3098_v2_chr6C	554000000	556000000	2000000	0	0.000000
Asat_OT3098_v2_chr6C	556000000	558000000	2000000	2162	0.001081
Asat_OT3098_v2_chr6C	558000000	560000000	2000000	0	0.000000
Asat_OT3098_v2_chr6C	560000000	562000000	2000000	0	0.000000
Asat_OT3098_v2_chr6C	562000000	564000000	2000000	0	0.000000
Asat_OT3098_v2_chr6C	564000000	566000000	2000000	0	0.000000
Asat_OT3098_v2_chr6C	566000000	568000000	2000000	0	0.000000
Asat_OT3098_v2_chr6C	568000000	570000000	2000000	0	0.000000
Asat_OT3098_v2_chr6C	570000000	572000000	2000000	0	0.000000
Asat_OT3098_v2_chr6C	572000000	574000000	2000000	0	0.000000
Asat_OT3098_v2_chr6C	574000000	576000000	2000000	8678	0.004339
Asat_OT3098_v2_chr6C	576000000	578000000	2000000	0	0.000000
Asat_OT3098_v2_chr6C	578000000	580000000	2000000	0	0.000000
Asat_OT3098_v2_chr6C	580000000	582000000	2000000	0	0.000000
Asat_OT3098_v2_chr6C	582000000	584000000	2000000	0	0.000000
Asat_OT3098_v2_chr6C	584000000	586000000	2000000	0	0.000000
Asat_OT3098_v2_chr6C	586000000	588000000	2000000	9144	0.004572
Asat_OT3098_v2_chr6C	588000000	590000000	2000000	0	0.000000
Asat_OT3098_v2_chr6C	590000000	592000000	2000000	0	0.000000
Asat_OT3098_v2_chr6C	592000000	594000000	2000000	0	0.000000
Asat_OT3098_v2_chr6C	594000000	596000000	2000000	0	0.000000
Asat_OT3098_v2_chr6C	596000000	598000000	2000000	0	0.000000
Asat_OT3098_v2_chr6C	598000000	600000000	2000000	4629	0.002315
Asat_OT3098_v2_chr6C	600000000	602000000	2000000	0	0.000000
Asat_OT3098_v2_chr6C	602000000	604000000	2000000	0	0.000000
Asat_OT3098_v2_chr6C	604000000	606000000	2000000	0	0.000000
Asat_OT3098_v2_chr6C	606000000	608000000	2000000	0	0.000000
Asat_OT3098_v2_chr6C	608000000	610000000	2000000	0	0.000000
Asat_OT3098_v2_chr6C	610000000	612000000	2000000	0	0.000000
Asat_OT3098_v2_chr6C	612000000	614000000	2000000	7533	0.003766
Asat_OT3098_v2_chr6C	614000000	616000000	2000000	0	0.000000
Asat_OT3098_v2_chr6C	616000000	618000000	2000000	0	0.000000
Asat_OT3098_v2_chr6C	618000000	620000000	2000000	0	0.000000
Asat_OT3098_v2_chr6C	620000000	622000000	2000000	0	0.000000
Asat_OT3098_v2_chr6C	622000000	624000000	2000000	0	0.000000
Asat_OT3098_v2_chr6C	624000000	626000000	2000000	0	0.000000
Asat_OT3098_v2_chr6C	626000000	626220839	220839	0	0.000000
Asat_OT3098_v2_chr6D	0	2000000	2000000	0	0.000000
Asat_OT3098_v2_chr6D	2000000	4000000	2000000	0	0.000000
Asat_OT3098_v2_chr6D	4000000	6000000	2000000	16642	0.008321
Asat_OT3098_v2_chr6D	6000000	8000000	2000000	8318	0.004159
Asat_OT3098_v2_chr6D	8000000	10000000	2000000	0	0.000000
Asat_OT3098_v2_chr6D	10000000	12000000	2000000	5238	0.002619
Asat_OT3098_v2_chr6D	12000000	14000000	2000000	6368	0.003184
Asat_OT3098_v2_chr6D	14000000	16000000	2000000	0	0.000000
Asat_OT3098_v2_chr6D	16000000	18000000	2000000	0	0.000000
Asat_OT3098_v2_chr6D	18000000	20000000	2000000	0	0.000000
Asat_OT3098_v2_chr6D	20000000	22000000	2000000	0	0.000000
Asat_OT3098_v2_chr6D	22000000	24000000	2000000	0	0.000000
Asat_OT3098_v2_chr6D	24000000	26000000	2000000	34915	0.017458
Asat_OT3098_v2_chr6D	26000000	28000000	2000000	342	0.000171
Asat_OT3098_v2_chr6D	28000000	30000000	2000000	0	0.000000
Asat_OT3098_v2_chr6D	30000000	32000000	2000000	2492	0.001246
Asat_OT3098_v2_chr6D	32000000	34000000	2000000	0	0.000000
Asat_OT3098_v2_chr6D	34000000	36000000	2000000	0	0.000000
Asat_OT3098_v2_chr6D	36000000	38000000	2000000	0	0.000000
Asat_OT3098_v2_chr6D	38000000	40000000	2000000	0	0.000000
Asat_OT3098_v2_chr6D	40000000	42000000	2000000	0	0.000000
Asat_OT3098_v2_chr6D	42000000	44000000	2000000	8547	0.004274
Asat_OT3098_v2_chr6D	44000000	46000000	2000000	7291	0.003645
Asat_OT3098_v2_chr6D	46000000	48000000	2000000	0	0.000000
Asat_OT3098_v2_chr6D	48000000	50000000	2000000	11306	0.005653
Asat_OT3098_v2_chr6D	50000000	52000000	2000000	0	0.000000
Asat_OT3098_v2_chr6D	52000000	54000000	2000000	0	0.000000
Asat_OT3098_v2_chr6D	54000000	56000000	2000000	0	0.000000
Asat_OT3098_v2_chr6D	56000000	58000000	2000000	4384	0.002192
Asat_OT3098_v2_chr6D	58000000	60000000	2000000	0	0.000000
Asat_OT3098_v2_chr6D	60000000	62000000	2000000	0	0.000000
Asat_OT3098_v2_chr6D	62000000	64000000	2000000	0	0.000000
Asat_OT3098_v2_chr6D	64000000	66000000	2000000	0	0.000000
Asat_OT3098_v2_chr6D	66000000	68000000	2000000	8551	0.004275
Asat_OT3098_v2_chr6D	68000000	70000000	2000000	7245	0.003622
Asat_OT3098_v2_chr6D	70000000	72000000	2000000	6179	0.003089
Asat_OT3098_v2_chr6D	72000000	74000000	2000000	0	0.000000
Asat_OT3098_v2_chr6D	74000000	76000000	2000000	8057	0.004028
Asat_OT3098_v2_chr6D	76000000	78000000	2000000	0	0.000000
Asat_OT3098_v2_chr6D	78000000	80000000	2000000	8497	0.004248
Asat_OT3098_v2_chr6D	80000000	82000000	2000000	0	0.000000
Asat_OT3098_v2_chr6D	82000000	84000000	2000000	13986	0.006993
Asat_OT3098_v2_chr6D	84000000	86000000	2000000	9155	0.004577
Asat_OT3098_v2_chr6D	86000000	88000000	2000000	39544	0.019772
Asat_OT3098_v2_chr6D	88000000	90000000	2000000	56614	0.028307
Asat_OT3098_v2_chr6D	90000000	92000000	2000000	16578	0.008289
Asat_OT3098_v2_chr6D	92000000	94000000	2000000	31018	0.015509
Asat_OT3098_v2_chr6D	94000000	96000000	2000000	118229	0.059115
Asat_OT3098_v2_chr6D	96000000	98000000	2000000	249331	0.124665
Asat_OT3098_v2_chr6D	98000000	100000000	2000000	679115	0.339558
Asat_OT3098_v2_chr6D	100000000	102000000	2000000	621508	0.310754
Asat_OT3098_v2_chr6D	102000000	104000000	2000000	386977	0.193489
Asat_OT3098_v2_chr6D	104000000	106000000	2000000	114981	0.057490
Asat_OT3098_v2_chr6D	106000000	108000000	2000000	25570	0.012785
Asat_OT3098_v2_chr6D	108000000	110000000	2000000	12271	0.006136
Asat_OT3098_v2_chr6D	110000000	112000000	2000000	93092	0.046546
Asat_OT3098_v2_chr6D	112000000	114000000	2000000	15502	0.007751
Asat_OT3098_v2_chr6D	114000000	116000000	2000000	9064	0.004532
Asat_OT3098_v2_chr6D	116000000	118000000	2000000	0	0.000000
Asat_OT3098_v2_chr6D	118000000	120000000	2000000	0	0.000000
Asat_OT3098_v2_chr6D	120000000	122000000	2000000	8539	0.004269
Asat_OT3098_v2_chr6D	122000000	124000000	2000000	0	0.000000
Asat_OT3098_v2_chr6D	124000000	126000000	2000000	8579	0.004289
Asat_OT3098_v2_chr6D	126000000	128000000	2000000	0	0.000000
Asat_OT3098_v2_chr6D	128000000	130000000	2000000	8457	0.004228
Asat_OT3098_v2_chr6D	130000000	132000000	2000000	16340	0.008170
Asat_OT3098_v2_chr6D	132000000	134000000	2000000	6355	0.003178
Asat_OT3098_v2_chr6D	134000000	136000000	2000000	0	0.000000
Asat_OT3098_v2_chr6D	136000000	138000000	2000000	2128	0.001064
Asat_OT3098_v2_chr6D	138000000	140000000	2000000	7578	0.003789
Asat_OT3098_v2_chr6D	140000000	142000000	2000000	12752	0.006376
Asat_OT3098_v2_chr6D	142000000	144000000	2000000	0	0.000000
Asat_OT3098_v2_chr6D	144000000	146000000	2000000	0	0.000000
Asat_OT3098_v2_chr6D	146000000	148000000	2000000	0	0.000000
Asat_OT3098_v2_chr6D	148000000	150000000	2000000	0	0.000000
Asat_OT3098_v2_chr6D	150000000	152000000	2000000	0	0.000000
Asat_OT3098_v2_chr6D	152000000	154000000	2000000	0	0.000000
Asat_OT3098_v2_chr6D	154000000	156000000	2000000	0	0.000000
Asat_OT3098_v2_chr6D	156000000	158000000	2000000	0	0.000000
Asat_OT3098_v2_chr6D	158000000	160000000	2000000	0	0.000000
Asat_OT3098_v2_chr6D	160000000	162000000	2000000	0	0.000000
Asat_OT3098_v2_chr6D	162000000	164000000	2000000	0	0.000000
Asat_OT3098_v2_chr6D	164000000	166000000	2000000	0	0.000000
Asat_OT3098_v2_chr6D	166000000	168000000	2000000	0	0.000000
Asat_OT3098_v2_chr6D	168000000	170000000	2000000	0	0.000000
Asat_OT3098_v2_chr6D	170000000	172000000	2000000	0	0.000000
Asat_OT3098_v2_chr6D	172000000	174000000	2000000	0	0.000000
Asat_OT3098_v2_chr6D	174000000	176000000	2000000	0	0.000000
Asat_OT3098_v2_chr6D	176000000	178000000	2000000	0	0.000000
Asat_OT3098_v2_chr6D	178000000	180000000	2000000	0	0.000000
Asat_OT3098_v2_chr6D	180000000	182000000	2000000	0	0.000000
Asat_OT3098_v2_chr6D	182000000	184000000	2000000	2752	0.001376
Asat_OT3098_v2_chr6D	184000000	186000000	2000000	7286	0.003643
Asat_OT3098_v2_chr6D	186000000	188000000	2000000	0	0.000000
Asat_OT3098_v2_chr6D	188000000	190000000	2000000	0	0.000000
Asat_OT3098_v2_chr6D	190000000	192000000	2000000	24572	0.012286
Asat_OT3098_v2_chr6D	192000000	194000000	2000000	0	0.000000
Asat_OT3098_v2_chr6D	194000000	196000000	2000000	0	0.000000
Asat_OT3098_v2_chr6D	196000000	198000000	2000000	0	0.000000
Asat_OT3098_v2_chr6D	198000000	200000000	2000000	0	0.000000
Asat_OT3098_v2_chr6D	200000000	202000000	2000000	24684	0.012342
Asat_OT3098_v2_chr6D	202000000	204000000	2000000	0	0.000000
Asat_OT3098_v2_chr6D	204000000	206000000	2000000	0	0.000000
Asat_OT3098_v2_chr6D	206000000	208000000	2000000	8531	0.004266
Asat_OT3098_v2_chr6D	208000000	210000000	2000000	7175	0.003587
Asat_OT3098_v2_chr6D	210000000	212000000	2000000	0	0.000000
Asat_OT3098_v2_chr6D	212000000	214000000	2000000	0	0.000000
Asat_OT3098_v2_chr6D	214000000	216000000	2000000	16769	0.008384
Asat_OT3098_v2_chr6D	216000000	218000000	2000000	0	0.000000
Asat_OT3098_v2_chr6D	218000000	220000000	2000000	0	0.000000
Asat_OT3098_v2_chr6D	220000000	222000000	2000000	0	0.000000
Asat_OT3098_v2_chr6D	222000000	224000000	2000000	0	0.000000
Asat_OT3098_v2_chr6D	224000000	226000000	2000000	8275	0.004137
Asat_OT3098_v2_chr6D	226000000	228000000	2000000	0	0.000000
Asat_OT3098_v2_chr6D	228000000	230000000	2000000	0	0.000000
Asat_OT3098_v2_chr6D	230000000	232000000	2000000	0	0.000000
Asat_OT3098_v2_chr6D	232000000	234000000	2000000	8769	0.004385
Asat_OT3098_v2_chr6D	234000000	236000000	2000000	7405	0.003703
Asat_OT3098_v2_chr6D	236000000	238000000	2000000	8560	0.004280
Asat_OT3098_v2_chr6D	238000000	240000000	2000000	0	0.000000
Asat_OT3098_v2_chr6D	240000000	242000000	2000000	0	0.000000
Asat_OT3098_v2_chr6D	242000000	244000000	2000000	0	0.000000
Asat_OT3098_v2_chr6D	244000000	246000000	2000000	0	0.000000
Asat_OT3098_v2_chr6D	246000000	248000000	2000000	0	0.000000
Asat_OT3098_v2_chr6D	248000000	250000000	2000000	0	0.000000
Asat_OT3098_v2_chr6D	250000000	252000000	2000000	0	0.000000
Asat_OT3098_v2_chr6D	252000000	254000000	2000000	0	0.000000
Asat_OT3098_v2_chr6D	254000000	256000000	2000000	0	0.000000
Asat_OT3098_v2_chr6D	256000000	258000000	2000000	8361	0.004181
Asat_OT3098_v2_chr6D	258000000	260000000	2000000	8350	0.004175
Asat_OT3098_v2_chr6D	260000000	262000000	2000000	0	0.000000
Asat_OT3098_v2_chr6D	262000000	264000000	2000000	0	0.000000
Asat_OT3098_v2_chr6D	264000000	266000000	2000000	0	0.000000
Asat_OT3098_v2_chr6D	266000000	268000000	2000000	0	0.000000
Asat_OT3098_v2_chr6D	268000000	270000000	2000000	0	0.000000
Asat_OT3098_v2_chr6D	270000000	272000000	2000000	0	0.000000
Asat_OT3098_v2_chr6D	272000000	274000000	2000000	0	0.000000
Asat_OT3098_v2_chr6D	274000000	276000000	2000000	0	0.000000
Asat_OT3098_v2_chr6D	276000000	278000000	2000000	0	0.000000
Asat_OT3098_v2_chr6D	278000000	280000000	2000000	0	0.000000
Asat_OT3098_v2_chr6D	280000000	282000000	2000000	0	0.000000
Asat_OT3098_v2_chr6D	282000000	284000000	2000000	4826	0.002413
Asat_OT3098_v2_chr6D	284000000	286000000	2000000	0	0.000000
Asat_OT3098_v2_chr6D	286000000	288000000	2000000	0	0.000000
Asat_OT3098_v2_chr6D	288000000	290000000	2000000	0	0.000000
Asat_OT3098_v2_chr6D	290000000	292000000	2000000	8748	0.004374
Asat_OT3098_v2_chr6D	292000000	294000000	2000000	0	0.000000
Asat_OT3098_v2_chr6D	294000000	296000000	2000000	0	0.000000
Asat_OT3098_v2_chr6D	296000000	298000000	2000000	0	0.000000
Asat_OT3098_v2_chr6D	298000000	298028472	28472	0	0.000000
Asat_OT3098_v2_chr7A	0	2000000	2000000	0	0.000000
Asat_OT3098_v2_chr7A	2000000	4000000	2000000	0	0.000000
Asat_OT3098_v2_chr7A	4000000	6000000	2000000	8500	0.004250
Asat_OT3098_v2_chr7A	6000000	8000000	2000000	0	0.000000
Asat_OT3098_v2_chr7A	8000000	10000000	2000000	0	0.000000
Asat_OT3098_v2_chr7A	10000000	12000000	2000000	0	0.000000
Asat_OT3098_v2_chr7A	12000000	14000000	2000000	0	0.000000
Asat_OT3098_v2_chr7A	14000000	16000000	2000000	6313	0.003157
Asat_OT3098_v2_chr7A	16000000	18000000	2000000	0	0.000000
Asat_OT3098_v2_chr7A	18000000	20000000	2000000	0	0.000000
Asat_OT3098_v2_chr7A	20000000	22000000	2000000	0	0.000000
Asat_OT3098_v2_chr7A	22000000	24000000	2000000	0	0.000000
Asat_OT3098_v2_chr7A	24000000	26000000	2000000	8793	0.004397
Asat_OT3098_v2_chr7A	26000000	28000000	2000000	6360	0.003180
Asat_OT3098_v2_chr7A	28000000	30000000	2000000	0	0.000000
Asat_OT3098_v2_chr7A	30000000	32000000	2000000	0	0.000000
Asat_OT3098_v2_chr7A	32000000	34000000	2000000	0	0.000000
Asat_OT3098_v2_chr7A	34000000	36000000	2000000	1153	0.000576
Asat_OT3098_v2_chr7A	36000000	38000000	2000000	15676	0.007838
Asat_OT3098_v2_chr7A	38000000	40000000	2000000	0	0.000000
Asat_OT3098_v2_chr7A	40000000	42000000	2000000	0	0.000000
Asat_OT3098_v2_chr7A	42000000	44000000	2000000	0	0.000000
Asat_OT3098_v2_chr7A	44000000	46000000	2000000	0	0.000000
Asat_OT3098_v2_chr7A	46000000	48000000	2000000	0	0.000000
Asat_OT3098_v2_chr7A	48000000	50000000	2000000	0	0.000000
Asat_OT3098_v2_chr7A	50000000	52000000	2000000	0	0.000000
Asat_OT3098_v2_chr7A	52000000	54000000	2000000	0	0.000000
Asat_OT3098_v2_chr7A	54000000	56000000	2000000	0	0.000000
Asat_OT3098_v2_chr7A	56000000	58000000	2000000	8779	0.004390
Asat_OT3098_v2_chr7A	58000000	60000000	2000000	0	0.000000
Asat_OT3098_v2_chr7A	60000000	62000000	2000000	0	0.000000
Asat_OT3098_v2_chr7A	62000000	64000000	2000000	0	0.000000
Asat_OT3098_v2_chr7A	64000000	66000000	2000000	0	0.000000
Asat_OT3098_v2_chr7A	66000000	68000000	2000000	18330	0.009165
Asat_OT3098_v2_chr7A	68000000	70000000	2000000	16931	0.008466
Asat_OT3098_v2_chr7A	70000000	72000000	2000000	0	0.000000
Asat_OT3098_v2_chr7A	72000000	74000000	2000000	1648	0.000824
Asat_OT3098_v2_chr7A	74000000	76000000	2000000	0	0.000000
Asat_OT3098_v2_chr7A	76000000	78000000	2000000	0	0.000000
Asat_OT3098_v2_chr7A	78000000	80000000	2000000	0	0.000000
Asat_OT3098_v2_chr7A	80000000	82000000	2000000	0	0.000000
Asat_OT3098_v2_chr7A	82000000	84000000	2000000	6283	0.003142
Asat_OT3098_v2_chr7A	84000000	86000000	2000000	0	0.000000
Asat_OT3098_v2_chr7A	86000000	88000000	2000000	6992	0.003496
Asat_OT3098_v2_chr7A	88000000	90000000	2000000	0	0.000000
Asat_OT3098_v2_chr7A	90000000	92000000	2000000	0	0.000000
Asat_OT3098_v2_chr7A	92000000	94000000	2000000	0	0.000000
Asat_OT3098_v2_chr7A	94000000	96000000	2000000	9619	0.004810
Asat_OT3098_v2_chr7A	96000000	98000000	2000000	8786	0.004393
Asat_OT3098_v2_chr7A	98000000	100000000	2000000	0	0.000000
Asat_OT3098_v2_chr7A	100000000	102000000	2000000	0	0.000000
Asat_OT3098_v2_chr7A	102000000	104000000	2000000	7292	0.003646
Asat_OT3098_v2_chr7A	104000000	106000000	2000000	0	0.000000
Asat_OT3098_v2_chr7A	106000000	108000000	2000000	0	0.000000
Asat_OT3098_v2_chr7A	108000000	110000000	2000000	16893	0.008446
Asat_OT3098_v2_chr7A	110000000	112000000	2000000	0	0.000000
Asat_OT3098_v2_chr7A	112000000	114000000	2000000	0	0.000000
Asat_OT3098_v2_chr7A	114000000	116000000	2000000	6325	0.003162
Asat_OT3098_v2_chr7A	116000000	118000000	2000000	0	0.000000
Asat_OT3098_v2_chr7A	118000000	120000000	2000000	2516	0.001258
Asat_OT3098_v2_chr7A	120000000	122000000	2000000	0	0.000000
Asat_OT3098_v2_chr7A	122000000	124000000	2000000	0	0.000000
Asat_OT3098_v2_chr7A	124000000	126000000	2000000	8332	0.004166
Asat_OT3098_v2_chr7A	126000000	128000000	2000000	6394	0.003197
Asat_OT3098_v2_chr7A	128000000	130000000	2000000	0	0.000000
Asat_OT3098_v2_chr7A	130000000	132000000	2000000	0	0.000000
Asat_OT3098_v2_chr7A	132000000	134000000	2000000	0	0.000000
Asat_OT3098_v2_chr7A	134000000	136000000	2000000	8475	0.004237
Asat_OT3098_v2_chr7A	136000000	138000000	2000000	0	0.000000
Asat_OT3098_v2_chr7A	138000000	140000000	2000000	8081	0.004040
Asat_OT3098_v2_chr7A	140000000	142000000	2000000	0	0.000000
Asat_OT3098_v2_chr7A	142000000	144000000	2000000	0	0.000000
Asat_OT3098_v2_chr7A	144000000	146000000	2000000	0	0.000000
Asat_OT3098_v2_chr7A	146000000	148000000	2000000	0	0.000000
Asat_OT3098_v2_chr7A	148000000	150000000	2000000	0	0.000000
Asat_OT3098_v2_chr7A	150000000	152000000	2000000	0	0.000000
Asat_OT3098_v2_chr7A	152000000	154000000	2000000	0	0.000000
Asat_OT3098_v2_chr7A	154000000	156000000	2000000	0	0.000000
Asat_OT3098_v2_chr7A	156000000	158000000	2000000	0	0.000000
Asat_OT3098_v2_chr7A	158000000	160000000	2000000	10577	0.005288
Asat_OT3098_v2_chr7A	160000000	162000000	2000000	0	0.000000
Asat_OT3098_v2_chr7A	162000000	164000000	2000000	0	0.000000
Asat_OT3098_v2_chr7A	164000000	166000000	2000000	0	0.000000
Asat_OT3098_v2_chr7A	166000000	168000000	2000000	0	0.000000
Asat_OT3098_v2_chr7A	168000000	170000000	2000000	0	0.000000
Asat_OT3098_v2_chr7A	170000000	172000000	2000000	8194	0.004097
Asat_OT3098_v2_chr7A	172000000	174000000	2000000	4872	0.002436
Asat_OT3098_v2_chr7A	174000000	176000000	2000000	0	0.000000
Asat_OT3098_v2_chr7A	176000000	178000000	2000000	5083	0.002541
Asat_OT3098_v2_chr7A	178000000	180000000	2000000	8455	0.004228
Asat_OT3098_v2_chr7A	180000000	182000000	2000000	0	0.000000
Asat_OT3098_v2_chr7A	182000000	184000000	2000000	16153	0.008077
Asat_OT3098_v2_chr7A	184000000	186000000	2000000	5986	0.002993
Asat_OT3098_v2_chr7A	186000000	188000000	2000000	11498	0.005749
Asat_OT3098_v2_chr7A	188000000	190000000	2000000	0	0.000000
Asat_OT3098_v2_chr7A	190000000	192000000	2000000	0	0.000000
Asat_OT3098_v2_chr7A	192000000	194000000	2000000	0	0.000000
Asat_OT3098_v2_chr7A	194000000	196000000	2000000	4838	0.002419
Asat_OT3098_v2_chr7A	196000000	198000000	2000000	6453	0.003227
Asat_OT3098_v2_chr7A	198000000	200000000	2000000	0	0.000000
Asat_OT3098_v2_chr7A	200000000	202000000	2000000	0	0.000000
Asat_OT3098_v2_chr7A	202000000	204000000	2000000	0	0.000000
Asat_OT3098_v2_chr7A	204000000	206000000	2000000	0	0.000000
Asat_OT3098_v2_chr7A	206000000	208000000	2000000	0	0.000000
Asat_OT3098_v2_chr7A	208000000	210000000	2000000	0	0.000000
Asat_OT3098_v2_chr7A	210000000	212000000	2000000	0	0.000000
Asat_OT3098_v2_chr7A	212000000	214000000	2000000	0	0.000000
Asat_OT3098_v2_chr7A	214000000	216000000	2000000	1008	0.000504
Asat_OT3098_v2_chr7A	216000000	218000000	2000000	0	0.000000
Asat_OT3098_v2_chr7A	218000000	220000000	2000000	5975	0.002988
Asat_OT3098_v2_chr7A	220000000	222000000	2000000	0	0.000000
Asat_OT3098_v2_chr7A	222000000	224000000	2000000	0	0.000000
Asat_OT3098_v2_chr7A	224000000	226000000	2000000	0	0.000000
Asat_OT3098_v2_chr7A	226000000	228000000	2000000	0	0.000000
Asat_OT3098_v2_chr7A	228000000	230000000	2000000	0	0.000000
Asat_OT3098_v2_chr7A	230000000	232000000	2000000	0	0.000000
Asat_OT3098_v2_chr7A	232000000	234000000	2000000	5341	0.002671
Asat_OT3098_v2_chr7A	234000000	236000000	2000000	0	0.000000
Asat_OT3098_v2_chr7A	236000000	238000000	2000000	0	0.000000
Asat_OT3098_v2_chr7A	238000000	240000000	2000000	8563	0.004281
Asat_OT3098_v2_chr7A	240000000	242000000	2000000	0	0.000000
Asat_OT3098_v2_chr7A	242000000	244000000	2000000	0	0.000000
Asat_OT3098_v2_chr7A	244000000	246000000	2000000	0	0.000000
Asat_OT3098_v2_chr7A	246000000	248000000	2000000	0	0.000000
Asat_OT3098_v2_chr7A	248000000	250000000	2000000	0	0.000000
Asat_OT3098_v2_chr7A	250000000	252000000	2000000	0	0.000000
Asat_OT3098_v2_chr7A	252000000	254000000	2000000	0	0.000000
Asat_OT3098_v2_chr7A	254000000	256000000	2000000	0	0.000000
Asat_OT3098_v2_chr7A	256000000	258000000	2000000	0	0.000000
Asat_OT3098_v2_chr7A	258000000	260000000	2000000	4041	0.002021
Asat_OT3098_v2_chr7A	260000000	262000000	2000000	0	0.000000
Asat_OT3098_v2_chr7A	262000000	264000000	2000000	7328	0.003664
Asat_OT3098_v2_chr7A	264000000	266000000	2000000	0	0.000000
Asat_OT3098_v2_chr7A	266000000	268000000	2000000	6957	0.003478
Asat_OT3098_v2_chr7A	268000000	270000000	2000000	0	0.000000
Asat_OT3098_v2_chr7A	270000000	272000000	2000000	7188	0.003594
Asat_OT3098_v2_chr7A	272000000	274000000	2000000	8765	0.004383
Asat_OT3098_v2_chr7A	274000000	276000000	2000000	0	0.000000
Asat_OT3098_v2_chr7A	276000000	278000000	2000000	9575	0.004788
Asat_OT3098_v2_chr7A	278000000	280000000	2000000	0	0.000000
Asat_OT3098_v2_chr7A	280000000	282000000	2000000	5509	0.002755
Asat_OT3098_v2_chr7A	282000000	284000000	2000000	12850	0.006425
Asat_OT3098_v2_chr7A	284000000	286000000	2000000	0	0.000000
Asat_OT3098_v2_chr7A	286000000	288000000	2000000	12173	0.006086
Asat_OT3098_v2_chr7A	288000000	290000000	2000000	0	0.000000
Asat_OT3098_v2_chr7A	290000000	292000000	2000000	0	0.000000
Asat_OT3098_v2_chr7A	292000000	294000000	2000000	8312	0.004156
Asat_OT3098_v2_chr7A	294000000	296000000	2000000	8303	0.004151
Asat_OT3098_v2_chr7A	296000000	298000000	2000000	0	0.000000
Asat_OT3098_v2_chr7A	298000000	300000000	2000000	0	0.000000
Asat_OT3098_v2_chr7A	300000000	302000000	2000000	8350	0.004175
Asat_OT3098_v2_chr7A	302000000	304000000	2000000	0	0.000000
Asat_OT3098_v2_chr7A	304000000	306000000	2000000	24126	0.012063
Asat_OT3098_v2_chr7A	306000000	308000000	2000000	16473	0.008237
Asat_OT3098_v2_chr7A	308000000	310000000	2000000	8638	0.004319
Asat_OT3098_v2_chr7A	310000000	312000000	2000000	8703	0.004352
Asat_OT3098_v2_chr7A	312000000	314000000	2000000	7290	0.003645
Asat_OT3098_v2_chr7A	314000000	316000000	2000000	1096	0.000548
Asat_OT3098_v2_chr7A	316000000	318000000	2000000	24092	0.012046
Asat_OT3098_v2_chr7A	318000000	320000000	2000000	104603	0.052302
Asat_OT3098_v2_chr7A	320000000	322000000	2000000	288831	0.144416
Asat_OT3098_v2_chr7A	322000000	324000000	2000000	631393	0.315696
Asat_OT3098_v2_chr7A	324000000	326000000	2000000	571966	0.285983
Asat_OT3098_v2_chr7A	326000000	328000000	2000000	695986	0.347993
Asat_OT3098_v2_chr7A	328000000	330000000	2000000	555265	0.277633
Asat_OT3098_v2_chr7A	330000000	332000000	2000000	156268	0.078134
Asat_OT3098_v2_chr7A	332000000	334000000	2000000	41871	0.020935
Asat_OT3098_v2_chr7A	334000000	336000000	2000000	76772	0.038386
Asat_OT3098_v2_chr7A	336000000	338000000	2000000	57197	0.028598
Asat_OT3098_v2_chr7A	338000000	340000000	2000000	21668	0.010834
Asat_OT3098_v2_chr7A	340000000	342000000	2000000	16712	0.008356
Asat_OT3098_v2_chr7A	342000000	344000000	2000000	1315	0.000657
Asat_OT3098_v2_chr7A	344000000	346000000	2000000	2194	0.001097
Asat_OT3098_v2_chr7A	346000000	348000000	2000000	8688	0.004344
Asat_OT3098_v2_chr7A	348000000	350000000	2000000	8289	0.004144
Asat_OT3098_v2_chr7A	350000000	352000000	2000000	0	0.000000
Asat_OT3098_v2_chr7A	352000000	354000000	2000000	7304	0.003652
Asat_OT3098_v2_chr7A	354000000	356000000	2000000	17035	0.008518
Asat_OT3098_v2_chr7A	356000000	358000000	2000000	0	0.000000
Asat_OT3098_v2_chr7A	358000000	360000000	2000000	8271	0.004136
Asat_OT3098_v2_chr7A	360000000	362000000	2000000	8298	0.004149
Asat_OT3098_v2_chr7A	362000000	364000000	2000000	0	0.000000
Asat_OT3098_v2_chr7A	364000000	366000000	2000000	0	0.000000
Asat_OT3098_v2_chr7A	366000000	368000000	2000000	0	0.000000
Asat_OT3098_v2_chr7A	368000000	370000000	2000000	6361	0.003181
Asat_OT3098_v2_chr7A	370000000	372000000	2000000	0	0.000000
Asat_OT3098_v2_chr7A	372000000	374000000	2000000	0	0.000000
Asat_OT3098_v2_chr7A	374000000	376000000	2000000	0	0.000000
Asat_OT3098_v2_chr7A	376000000	378000000	2000000	17104	0.008552
Asat_OT3098_v2_chr7A	378000000	380000000	2000000	25531	0.012766
Asat_OT3098_v2_chr7A	380000000	382000000	2000000	6278	0.003139
Asat_OT3098_v2_chr7A	382000000	384000000	2000000	0	0.000000
Asat_OT3098_v2_chr7A	384000000	386000000	2000000	0	0.000000
Asat_OT3098_v2_chr7A	386000000	388000000	2000000	0	0.000000
Asat_OT3098_v2_chr7A	388000000	390000000	2000000	0	0.000000
Asat_OT3098_v2_chr7A	390000000	392000000	2000000	0	0.000000
Asat_OT3098_v2_chr7A	392000000	394000000	2000000	0	0.000000
Asat_OT3098_v2_chr7A	394000000	396000000	2000000	0	0.000000
Asat_OT3098_v2_chr7A	396000000	398000000	2000000	0	0.000000
Asat_OT3098_v2_chr7A	398000000	400000000	2000000	8738	0.004369
Asat_OT3098_v2_chr7A	400000000	402000000	2000000	6386	0.003193
Asat_OT3098_v2_chr7A	402000000	404000000	2000000	8699	0.004350
Asat_OT3098_v2_chr7A	404000000	406000000	2000000	7710	0.003855
Asat_OT3098_v2_chr7A	406000000	408000000	2000000	0	0.000000
Asat_OT3098_v2_chr7A	408000000	410000000	2000000	0	0.000000
Asat_OT3098_v2_chr7A	410000000	412000000	2000000	0	0.000000
Asat_OT3098_v2_chr7A	412000000	414000000	2000000	8561	0.004280
Asat_OT3098_v2_chr7A	414000000	416000000	2000000	0	0.000000
Asat_OT3098_v2_chr7A	416000000	418000000	2000000	5930	0.002965
Asat_OT3098_v2_chr7A	418000000	420000000	2000000	0	0.000000
Asat_OT3098_v2_chr7A	420000000	422000000	2000000	0	0.000000
Asat_OT3098_v2_chr7A	422000000	424000000	2000000	8813	0.004406
Asat_OT3098_v2_chr7A	424000000	426000000	2000000	0	0.000000
Asat_OT3098_v2_chr7A	426000000	428000000	2000000	7562	0.003781
Asat_OT3098_v2_chr7A	428000000	430000000	2000000	0	0.000000
Asat_OT3098_v2_chr7A	430000000	432000000	2000000	8776	0.004388
Asat_OT3098_v2_chr7A	432000000	434000000	2000000	6292	0.003146
Asat_OT3098_v2_chr7A	434000000	436000000	2000000	2286	0.001143
Asat_OT3098_v2_chr7A	436000000	438000000	2000000	8686	0.004343
Asat_OT3098_v2_chr7A	438000000	440000000	2000000	0	0.000000
Asat_OT3098_v2_chr7A	440000000	442000000	2000000	0	0.000000
Asat_OT3098_v2_chr7A	442000000	444000000	2000000	0	0.000000
Asat_OT3098_v2_chr7A	444000000	446000000	2000000	15210	0.007605
Asat_OT3098_v2_chr7A	446000000	448000000	2000000	0	0.000000
Asat_OT3098_v2_chr7A	448000000	450000000	2000000	9780	0.004890
Asat_OT3098_v2_chr7A	450000000	452000000	2000000	0	0.000000
Asat_OT3098_v2_chr7A	452000000	454000000	2000000	0	0.000000
Asat_OT3098_v2_chr7A	454000000	456000000	2000000	16070	0.008035
Asat_OT3098_v2_chr7A	456000000	458000000	2000000	2480	0.001240
Asat_OT3098_v2_chr7A	458000000	460000000	2000000	0	0.000000
Asat_OT3098_v2_chr7A	460000000	462000000	2000000	0	0.000000
Asat_OT3098_v2_chr7A	462000000	464000000	2000000	0	0.000000
Asat_OT3098_v2_chr7A	464000000	466000000	2000000	0	0.000000
Asat_OT3098_v2_chr7A	466000000	468000000	2000000	0	0.000000
Asat_OT3098_v2_chr7A	468000000	470000000	2000000	0	0.000000
Asat_OT3098_v2_chr7A	470000000	472000000	2000000	0	0.000000
Asat_OT3098_v2_chr7A	472000000	474000000	2000000	14494	0.007247
Asat_OT3098_v2_chr7A	474000000	476000000	2000000	0	0.000000
Asat_OT3098_v2_chr7A	476000000	478000000	2000000	0	0.000000
Asat_OT3098_v2_chr7A	478000000	480000000	2000000	0	0.000000
Asat_OT3098_v2_chr7A	480000000	482000000	2000000	0	0.000000
Asat_OT3098_v2_chr7A	482000000	484000000	2000000	0	0.000000
Asat_OT3098_v2_chr7A	484000000	486000000	2000000	0	0.000000
Asat_OT3098_v2_chr7A	486000000	488000000	2000000	0	0.000000
Asat_OT3098_v2_chr7A	488000000	490000000	2000000	0	0.000000
Asat_OT3098_v2_chr7A	490000000	492000000	2000000	0	0.000000
Asat_OT3098_v2_chr7A	492000000	493511962	1511962	0	0.000000
Asat_OT3098_v2_chr7C	0	2000000	2000000	0	0.000000
Asat_OT3098_v2_chr7C	2000000	4000000	2000000	2081	0.001040
Asat_OT3098_v2_chr7C	4000000	6000000	2000000	8761	0.004380
Asat_OT3098_v2_chr7C	6000000	8000000	2000000	0	0.000000
Asat_OT3098_v2_chr7C	8000000	10000000	2000000	0	0.000000
Asat_OT3098_v2_chr7C	10000000	12000000	2000000	0	0.000000
Asat_OT3098_v2_chr7C	12000000	14000000	2000000	0	0.000000
Asat_OT3098_v2_chr7C	14000000	16000000	2000000	0	0.000000
Asat_OT3098_v2_chr7C	16000000	18000000	2000000	0	0.000000
Asat_OT3098_v2_chr7C	18000000	20000000	2000000	0	0.000000
Asat_OT3098_v2_chr7C	20000000	22000000	2000000	0	0.000000
Asat_OT3098_v2_chr7C	22000000	24000000	2000000	0	0.000000
Asat_OT3098_v2_chr7C	24000000	26000000	2000000	0	0.000000
Asat_OT3098_v2_chr7C	26000000	28000000	2000000	0	0.000000
Asat_OT3098_v2_chr7C	28000000	30000000	2000000	0	0.000000
Asat_OT3098_v2_chr7C	30000000	32000000	2000000	0	0.000000
Asat_OT3098_v2_chr7C	32000000	34000000	2000000	0	0.000000
Asat_OT3098_v2_chr7C	34000000	36000000	2000000	1401	0.000700
Asat_OT3098_v2_chr7C	36000000	38000000	2000000	0	0.000000
Asat_OT3098_v2_chr7C	38000000	40000000	2000000	0	0.000000
Asat_OT3098_v2_chr7C	40000000	42000000	2000000	10033	0.005017
Asat_OT3098_v2_chr7C	42000000	44000000	2000000	0	0.000000
Asat_OT3098_v2_chr7C	44000000	46000000	2000000	0	0.000000
Asat_OT3098_v2_chr7C	46000000	48000000	2000000	0	0.000000
Asat_OT3098_v2_chr7C	48000000	50000000	2000000	0	0.000000
Asat_OT3098_v2_chr7C	50000000	52000000	2000000	0	0.000000
Asat_OT3098_v2_chr7C	52000000	54000000	2000000	5703	0.002851
Asat_OT3098_v2_chr7C	54000000	56000000	2000000	0	0.000000
Asat_OT3098_v2_chr7C	56000000	58000000	2000000	6355	0.003178
Asat_OT3098_v2_chr7C	58000000	60000000	2000000	15191	0.007595
Asat_OT3098_v2_chr7C	60000000	62000000	2000000	0	0.000000
Asat_OT3098_v2_chr7C	62000000	64000000	2000000	0	0.000000
Asat_OT3098_v2_chr7C	64000000	66000000	2000000	0	0.000000
Asat_OT3098_v2_chr7C	66000000	68000000	2000000	0	0.000000
Asat_OT3098_v2_chr7C	68000000	70000000	2000000	0	0.000000
Asat_OT3098_v2_chr7C	70000000	72000000	2000000	0	0.000000
Asat_OT3098_v2_chr7C	72000000	74000000	2000000	0	0.000000
Asat_OT3098_v2_chr7C	74000000	76000000	2000000	0	0.000000
Asat_OT3098_v2_chr7C	76000000	78000000	2000000	0	0.000000
Asat_OT3098_v2_chr7C	78000000	80000000	2000000	11374	0.005687
Asat_OT3098_v2_chr7C	80000000	82000000	2000000	0	0.000000
Asat_OT3098_v2_chr7C	82000000	84000000	2000000	0	0.000000
Asat_OT3098_v2_chr7C	84000000	86000000	2000000	6789	0.003394
Asat_OT3098_v2_chr7C	86000000	88000000	2000000	0	0.000000
Asat_OT3098_v2_chr7C	88000000	90000000	2000000	8489	0.004245
Asat_OT3098_v2_chr7C	90000000	92000000	2000000	17759	0.008880
Asat_OT3098_v2_chr7C	92000000	94000000	2000000	0	0.000000
Asat_OT3098_v2_chr7C	94000000	96000000	2000000	15864	0.007932
Asat_OT3098_v2_chr7C	96000000	98000000	2000000	0	0.000000
Asat_OT3098_v2_chr7C	98000000	100000000	2000000	0	0.000000
Asat_OT3098_v2_chr7C	100000000	102000000	2000000	5044	0.002522
Asat_OT3098_v2_chr7C	102000000	104000000	2000000	0	0.000000
Asat_OT3098_v2_chr7C	104000000	106000000	2000000	0	0.000000
Asat_OT3098_v2_chr7C	106000000	108000000	2000000	0	0.000000
Asat_OT3098_v2_chr7C	108000000	110000000	2000000	6012	0.003006
Asat_OT3098_v2_chr7C	110000000	112000000	2000000	0	0.000000
Asat_OT3098_v2_chr7C	112000000	114000000	2000000	7152	0.003576
Asat_OT3098_v2_chr7C	114000000	116000000	2000000	0	0.000000
Asat_OT3098_v2_chr7C	116000000	118000000	2000000	7989	0.003994
Asat_OT3098_v2_chr7C	118000000	120000000	2000000	0	0.000000
Asat_OT3098_v2_chr7C	120000000	122000000	2000000	0	0.000000
Asat_OT3098_v2_chr7C	122000000	124000000	2000000	0	0.000000
Asat_OT3098_v2_chr7C	124000000	126000000	2000000	5410	0.002705
Asat_OT3098_v2_chr7C	126000000	128000000	2000000	0	0.000000
Asat_OT3098_v2_chr7C	128000000	130000000	2000000	0	0.000000
Asat_OT3098_v2_chr7C	130000000	132000000	2000000	0	0.000000
Asat_OT3098_v2_chr7C	132000000	134000000	2000000	6119	0.003060
Asat_OT3098_v2_chr7C	134000000	136000000	2000000	0	0.000000
Asat_OT3098_v2_chr7C	136000000	138000000	2000000	0	0.000000
Asat_OT3098_v2_chr7C	138000000	140000000	2000000	0	0.000000
Asat_OT3098_v2_chr7C	140000000	142000000	2000000	0	0.000000
Asat_OT3098_v2_chr7C	142000000	144000000	2000000	0	0.000000
Asat_OT3098_v2_chr7C	144000000	146000000	2000000	0	0.000000
Asat_OT3098_v2_chr7C	146000000	148000000	2000000	8209	0.004104
Asat_OT3098_v2_chr7C	148000000	150000000	2000000	0	0.000000
Asat_OT3098_v2_chr7C	150000000	152000000	2000000	0	0.000000
Asat_OT3098_v2_chr7C	152000000	154000000	2000000	0	0.000000
Asat_OT3098_v2_chr7C	154000000	156000000	2000000	7208	0.003604
Asat_OT3098_v2_chr7C	156000000	158000000	2000000	0	0.000000
Asat_OT3098_v2_chr7C	158000000	160000000	2000000	0	0.000000
Asat_OT3098_v2_chr7C	160000000	162000000	2000000	0	0.000000
Asat_OT3098_v2_chr7C	162000000	164000000	2000000	0	0.000000
Asat_OT3098_v2_chr7C	164000000	166000000	2000000	0	0.000000
Asat_OT3098_v2_chr7C	166000000	168000000	2000000	6349	0.003174
Asat_OT3098_v2_chr7C	168000000	170000000	2000000	0	0.000000
Asat_OT3098_v2_chr7C	170000000	172000000	2000000	7072	0.003536
Asat_OT3098_v2_chr7C	172000000	174000000	2000000	0	0.000000
Asat_OT3098_v2_chr7C	174000000	176000000	2000000	8688	0.004344
Asat_OT3098_v2_chr7C	176000000	178000000	2000000	0	0.000000
Asat_OT3098_v2_chr7C	178000000	180000000	2000000	0	0.000000
Asat_OT3098_v2_chr7C	180000000	182000000	2000000	7184	0.003592
Asat_OT3098_v2_chr7C	182000000	184000000	2000000	0	0.000000
Asat_OT3098_v2_chr7C	184000000	186000000	2000000	0	0.000000
Asat_OT3098_v2_chr7C	186000000	188000000	2000000	4219	0.002109
Asat_OT3098_v2_chr7C	188000000	190000000	2000000	1493	0.000746
Asat_OT3098_v2_chr7C	190000000	192000000	2000000	0	0.000000
Asat_OT3098_v2_chr7C	192000000	194000000	2000000	5611	0.002805
Asat_OT3098_v2_chr7C	194000000	196000000	2000000	0	0.000000
Asat_OT3098_v2_chr7C	196000000	198000000	2000000	0	0.000000
Asat_OT3098_v2_chr7C	198000000	200000000	2000000	0	0.000000
Asat_OT3098_v2_chr7C	200000000	202000000	2000000	0	0.000000
Asat_OT3098_v2_chr7C	202000000	204000000	2000000	0	0.000000
Asat_OT3098_v2_chr7C	204000000	206000000	2000000	1014	0.000507
Asat_OT3098_v2_chr7C	206000000	208000000	2000000	0	0.000000
Asat_OT3098_v2_chr7C	208000000	210000000	2000000	0	0.000000
Asat_OT3098_v2_chr7C	210000000	212000000	2000000	16542	0.008271
Asat_OT3098_v2_chr7C	212000000	214000000	2000000	6104	0.003052
Asat_OT3098_v2_chr7C	214000000	216000000	2000000	0	0.000000
Asat_OT3098_v2_chr7C	216000000	218000000	2000000	0	0.000000
Asat_OT3098_v2_chr7C	218000000	220000000	2000000	0	0.000000
Asat_OT3098_v2_chr7C	220000000	222000000	2000000	0	0.000000
Asat_OT3098_v2_chr7C	222000000	224000000	2000000	0	0.000000
Asat_OT3098_v2_chr7C	224000000	226000000	2000000	0	0.000000
Asat_OT3098_v2_chr7C	226000000	228000000	2000000	0	0.000000
Asat_OT3098_v2_chr7C	228000000	230000000	2000000	0	0.000000
Asat_OT3098_v2_chr7C	230000000	232000000	2000000	0	0.000000
Asat_OT3098_v2_chr7C	232000000	234000000	2000000	0	0.000000
Asat_OT3098_v2_chr7C	234000000	236000000	2000000	0	0.000000
Asat_OT3098_v2_chr7C	236000000	238000000	2000000	4749	0.002374
Asat_OT3098_v2_chr7C	238000000	240000000	2000000	0	0.000000
Asat_OT3098_v2_chr7C	240000000	242000000	2000000	0	0.000000
Asat_OT3098_v2_chr7C	242000000	244000000	2000000	0	0.000000
Asat_OT3098_v2_chr7C	244000000	246000000	2000000	0	0.000000
Asat_OT3098_v2_chr7C	246000000	248000000	2000000	1892	0.000946
Asat_OT3098_v2_chr7C	248000000	250000000	2000000	0	0.000000
Asat_OT3098_v2_chr7C	250000000	252000000	2000000	0	0.000000
Asat_OT3098_v2_chr7C	252000000	254000000	2000000	10256	0.005128
Asat_OT3098_v2_chr7C	254000000	256000000	2000000	0	0.000000
Asat_OT3098_v2_chr7C	256000000	258000000	2000000	0	0.000000
Asat_OT3098_v2_chr7C	258000000	260000000	2000000	0	0.000000
Asat_OT3098_v2_chr7C	260000000	262000000	2000000	5022	0.002511
Asat_OT3098_v2_chr7C	262000000	264000000	2000000	8603	0.004301
Asat_OT3098_v2_chr7C	264000000	266000000	2000000	0	0.000000
Asat_OT3098_v2_chr7C	266000000	268000000	2000000	0	0.000000
Asat_OT3098_v2_chr7C	268000000	270000000	2000000	10808	0.005404
Asat_OT3098_v2_chr7C	270000000	272000000	2000000	33629	0.016814
Asat_OT3098_v2_chr7C	272000000	274000000	2000000	2170	0.001085
Asat_OT3098_v2_chr7C	274000000	276000000	2000000	0	0.000000
Asat_OT3098_v2_chr7C	276000000	278000000	2000000	7855	0.003927
Asat_OT3098_v2_chr7C	278000000	280000000	2000000	0	0.000000
Asat_OT3098_v2_chr7C	280000000	282000000	2000000	6293	0.003146
Asat_OT3098_v2_chr7C	282000000	284000000	2000000	0	0.000000
Asat_OT3098_v2_chr7C	284000000	286000000	2000000	0	0.000000
Asat_OT3098_v2_chr7C	286000000	288000000	2000000	5972	0.002986
Asat_OT3098_v2_chr7C	288000000	290000000	2000000	0	0.000000
Asat_OT3098_v2_chr7C	290000000	292000000	2000000	2980	0.001490
Asat_OT3098_v2_chr7C	292000000	294000000	2000000	0	0.000000
Asat_OT3098_v2_chr7C	294000000	296000000	2000000	0	0.000000
Asat_OT3098_v2_chr7C	296000000	298000000	2000000	0	0.000000
Asat_OT3098_v2_chr7C	298000000	300000000	2000000	21586	0.010793
Asat_OT3098_v2_chr7C	300000000	302000000	2000000	51572	0.025786
Asat_OT3098_v2_chr7C	302000000	304000000	2000000	27551	0.013775
Asat_OT3098_v2_chr7C	304000000	306000000	2000000	52113	0.026056
Asat_OT3098_v2_chr7C	306000000	308000000	2000000	0	0.000000
Asat_OT3098_v2_chr7C	308000000	310000000	2000000	44324	0.022162
Asat_OT3098_v2_chr7C	310000000	312000000	2000000	10094	0.005047
Asat_OT3098_v2_chr7C	312000000	314000000	2000000	6371	0.003185
Asat_OT3098_v2_chr7C	314000000	316000000	2000000	12411	0.006206
Asat_OT3098_v2_chr7C	316000000	318000000	2000000	155577	0.077788
Asat_OT3098_v2_chr7C	318000000	320000000	2000000	14180	0.007090
Asat_OT3098_v2_chr7C	320000000	322000000	2000000	9949	0.004974
Asat_OT3098_v2_chr7C	322000000	324000000	2000000	57548	0.028774
Asat_OT3098_v2_chr7C	324000000	326000000	2000000	26263	0.013132
Asat_OT3098_v2_chr7C	326000000	328000000	2000000	105750	0.052875
Asat_OT3098_v2_chr7C	328000000	330000000	2000000	246786	0.123393
Asat_OT3098_v2_chr7C	330000000	332000000	2000000	149994	0.074997
Asat_OT3098_v2_chr7C	332000000	334000000	2000000	4269	0.002135
Asat_OT3098_v2_chr7C	334000000	336000000	2000000	60282	0.030141
Asat_OT3098_v2_chr7C	336000000	338000000	2000000	25788	0.012894
Asat_OT3098_v2_chr7C	338000000	340000000	2000000	8632	0.004316
Asat_OT3098_v2_chr7C	340000000	342000000	2000000	9622	0.004811
Asat_OT3098_v2_chr7C	342000000	344000000	2000000	99529	0.049765
Asat_OT3098_v2_chr7C	344000000	346000000	2000000	114305	0.057153
Asat_OT3098_v2_chr7C	346000000	348000000	2000000	235135	0.117568
Asat_OT3098_v2_chr7C	348000000	350000000	2000000	178630	0.089315
Asat_OT3098_v2_chr7C	350000000	352000000	2000000	167182	0.083591
Asat_OT3098_v2_chr7C	352000000	354000000	2000000	153199	0.076600
Asat_OT3098_v2_chr7C	354000000	356000000	2000000	7751	0.003876
Asat_OT3098_v2_chr7C	356000000	358000000	2000000	8671	0.004335
Asat_OT3098_v2_chr7C	358000000	360000000	2000000	0	0.000000
Asat_OT3098_v2_chr7C	360000000	362000000	2000000	0	0.000000
Asat_OT3098_v2_chr7C	362000000	364000000	2000000	0	0.000000
Asat_OT3098_v2_chr7C	364000000	366000000	2000000	6486	0.003243
Asat_OT3098_v2_chr7C	366000000	368000000	2000000	1396	0.000698
Asat_OT3098_v2_chr7C	368000000	370000000	2000000	0	0.000000
Asat_OT3098_v2_chr7C	370000000	372000000	2000000	0	0.000000
Asat_OT3098_v2_chr7C	372000000	374000000	2000000	0	0.000000
Asat_OT3098_v2_chr7C	374000000	376000000	2000000	13222	0.006611
Asat_OT3098_v2_chr7C	376000000	378000000	2000000	0	0.000000
Asat_OT3098_v2_chr7C	378000000	380000000	2000000	13095	0.006548
Asat_OT3098_v2_chr7C	380000000	382000000	2000000	12907	0.006454
Asat_OT3098_v2_chr7C	382000000	384000000	2000000	8595	0.004298
Asat_OT3098_v2_chr7C	384000000	386000000	2000000	5539	0.002769
Asat_OT3098_v2_chr7C	386000000	388000000	2000000	7265	0.003632
Asat_OT3098_v2_chr7C	388000000	390000000	2000000	0	0.000000
Asat_OT3098_v2_chr7C	390000000	392000000	2000000	5110	0.002555
Asat_OT3098_v2_chr7C	392000000	394000000	2000000	4473	0.002237
Asat_OT3098_v2_chr7C	394000000	396000000	2000000	0	0.000000
Asat_OT3098_v2_chr7C	396000000	398000000	2000000	2248	0.001124
Asat_OT3098_v2_chr7C	398000000	400000000	2000000	0	0.000000
Asat_OT3098_v2_chr7C	400000000	402000000	2000000	0	0.000000
Asat_OT3098_v2_chr7C	402000000	404000000	2000000	8367	0.004183
Asat_OT3098_v2_chr7C	404000000	406000000	2000000	0	0.000000
Asat_OT3098_v2_chr7C	406000000	408000000	2000000	9449	0.004725
Asat_OT3098_v2_chr7C	408000000	410000000	2000000	4709	0.002354
Asat_OT3098_v2_chr7C	410000000	412000000	2000000	0	0.000000
Asat_OT3098_v2_chr7C	412000000	414000000	2000000	0	0.000000
Asat_OT3098_v2_chr7C	414000000	416000000	2000000	0	0.000000
Asat_OT3098_v2_chr7C	416000000	418000000	2000000	0	0.000000
Asat_OT3098_v2_chr7C	418000000	420000000	2000000	0	0.000000
Asat_OT3098_v2_chr7C	420000000	422000000	2000000	0	0.000000
Asat_OT3098_v2_chr7C	422000000	424000000	2000000	6278	0.003139
Asat_OT3098_v2_chr7C	424000000	426000000	2000000	3301	0.001651
Asat_OT3098_v2_chr7C	426000000	428000000	2000000	4636	0.002318
Asat_OT3098_v2_chr7C	428000000	430000000	2000000	0	0.000000
Asat_OT3098_v2_chr7C	430000000	432000000	2000000	6705	0.003353
Asat_OT3098_v2_chr7C	432000000	434000000	2000000	0	0.000000
Asat_OT3098_v2_chr7C	434000000	436000000	2000000	0	0.000000
Asat_OT3098_v2_chr7C	436000000	438000000	2000000	6073	0.003037
Asat_OT3098_v2_chr7C	438000000	440000000	2000000	12153	0.006077
Asat_OT3098_v2_chr7C	440000000	442000000	2000000	5860	0.002930
Asat_OT3098_v2_chr7C	442000000	444000000	2000000	26339	0.013170
Asat_OT3098_v2_chr7C	444000000	446000000	2000000	0	0.000000
Asat_OT3098_v2_chr7C	446000000	448000000	2000000	0	0.000000
Asat_OT3098_v2_chr7C	448000000	450000000	2000000	0	0.000000
Asat_OT3098_v2_chr7C	450000000	452000000	2000000	0	0.000000
Asat_OT3098_v2_chr7C	452000000	454000000	2000000	0	0.000000
Asat_OT3098_v2_chr7C	454000000	456000000	2000000	0	0.000000
Asat_OT3098_v2_chr7C	456000000	458000000	2000000	0	0.000000
Asat_OT3098_v2_chr7C	458000000	460000000	2000000	0	0.000000
Asat_OT3098_v2_chr7C	460000000	462000000	2000000	0	0.000000
Asat_OT3098_v2_chr7C	462000000	464000000	2000000	0	0.000000
Asat_OT3098_v2_chr7C	464000000	466000000	2000000	8410	0.004205
Asat_OT3098_v2_chr7C	466000000	468000000	2000000	0	0.000000
Asat_OT3098_v2_chr7C	468000000	470000000	2000000	0	0.000000
Asat_OT3098_v2_chr7C	470000000	472000000	2000000	0	0.000000
Asat_OT3098_v2_chr7C	472000000	474000000	2000000	0	0.000000
Asat_OT3098_v2_chr7C	474000000	476000000	2000000	0	0.000000
Asat_OT3098_v2_chr7C	476000000	478000000	2000000	3170	0.001585
Asat_OT3098_v2_chr7C	478000000	480000000	2000000	0	0.000000
Asat_OT3098_v2_chr7C	480000000	482000000	2000000	0	0.000000
Asat_OT3098_v2_chr7C	482000000	484000000	2000000	7048	0.003524
Asat_OT3098_v2_chr7C	484000000	486000000	2000000	0	0.000000
Asat_OT3098_v2_chr7C	486000000	488000000	2000000	0	0.000000
Asat_OT3098_v2_chr7C	488000000	490000000	2000000	0	0.000000
Asat_OT3098_v2_chr7C	490000000	492000000	2000000	0	0.000000
Asat_OT3098_v2_chr7C	492000000	494000000	2000000	0	0.000000
Asat_OT3098_v2_chr7C	494000000	496000000	2000000	14680	0.007340
Asat_OT3098_v2_chr7C	496000000	498000000	2000000	0	0.000000
Asat_OT3098_v2_chr7C	498000000	500000000	2000000	5808	0.002904
Asat_OT3098_v2_chr7C	500000000	502000000	2000000	2996	0.001498
Asat_OT3098_v2_chr7C	502000000	504000000	2000000	0	0.000000
Asat_OT3098_v2_chr7C	504000000	506000000	2000000	0	0.000000
Asat_OT3098_v2_chr7C	506000000	508000000	2000000	8671	0.004335
Asat_OT3098_v2_chr7C	508000000	510000000	2000000	6697	0.003348
Asat_OT3098_v2_chr7C	510000000	512000000	2000000	0	0.000000
Asat_OT3098_v2_chr7C	512000000	514000000	2000000	0	0.000000
Asat_OT3098_v2_chr7C	514000000	516000000	2000000	0	0.000000
Asat_OT3098_v2_chr7C	516000000	518000000	2000000	8747	0.004373
Asat_OT3098_v2_chr7C	518000000	520000000	2000000	16717	0.008358
Asat_OT3098_v2_chr7C	520000000	522000000	2000000	0	0.000000
Asat_OT3098_v2_chr7C	522000000	524000000	2000000	0	0.000000
Asat_OT3098_v2_chr7C	524000000	526000000	2000000	0	0.000000
Asat_OT3098_v2_chr7C	526000000	528000000	2000000	1382	0.000691
Asat_OT3098_v2_chr7C	528000000	530000000	2000000	0	0.000000
Asat_OT3098_v2_chr7C	530000000	532000000	2000000	0	0.000000
Asat_OT3098_v2_chr7C	532000000	534000000	2000000	10018	0.005009
Asat_OT3098_v2_chr7C	534000000	536000000	2000000	0	0.000000
Asat_OT3098_v2_chr7C	536000000	538000000	2000000	7840	0.003920
Asat_OT3098_v2_chr7C	538000000	540000000	2000000	0	0.000000
Asat_OT3098_v2_chr7C	540000000	542000000	2000000	0	0.000000
Asat_OT3098_v2_chr7C	542000000	544000000	2000000	0	0.000000
Asat_OT3098_v2_chr7C	544000000	546000000	2000000	0	0.000000
Asat_OT3098_v2_chr7C	546000000	548000000	2000000	0	0.000000
Asat_OT3098_v2_chr7C	548000000	550000000	2000000	8616	0.004308
Asat_OT3098_v2_chr7C	550000000	551718542	1718542	0	0.000000
Asat_OT3098_v2_chr7D	0	2000000	2000000	0	0.000000
Asat_OT3098_v2_chr7D	2000000	4000000	2000000	8452	0.004226
Asat_OT3098_v2_chr7D	4000000	6000000	2000000	0	0.000000
Asat_OT3098_v2_chr7D	6000000	8000000	2000000	7284	0.003642
Asat_OT3098_v2_chr7D	8000000	10000000	2000000	8327	0.004163
Asat_OT3098_v2_chr7D	10000000	12000000	2000000	0	0.000000
Asat_OT3098_v2_chr7D	12000000	14000000	2000000	0	0.000000
Asat_OT3098_v2_chr7D	14000000	16000000	2000000	0	0.000000
Asat_OT3098_v2_chr7D	16000000	18000000	2000000	0	0.000000
Asat_OT3098_v2_chr7D	18000000	20000000	2000000	0	0.000000
Asat_OT3098_v2_chr7D	20000000	22000000	2000000	0	0.000000
Asat_OT3098_v2_chr7D	22000000	24000000	2000000	0	0.000000
Asat_OT3098_v2_chr7D	24000000	26000000	2000000	0	0.000000
Asat_OT3098_v2_chr7D	26000000	28000000	2000000	0	0.000000
Asat_OT3098_v2_chr7D	28000000	30000000	2000000	0	0.000000
Asat_OT3098_v2_chr7D	30000000	32000000	2000000	4270	0.002135
Asat_OT3098_v2_chr7D	32000000	34000000	2000000	0	0.000000
Asat_OT3098_v2_chr7D	34000000	36000000	2000000	4402	0.002201
Asat_OT3098_v2_chr7D	36000000	38000000	2000000	0	0.000000
Asat_OT3098_v2_chr7D	38000000	40000000	2000000	8528	0.004264
Asat_OT3098_v2_chr7D	40000000	42000000	2000000	8653	0.004326
Asat_OT3098_v2_chr7D	42000000	44000000	2000000	8596	0.004298
Asat_OT3098_v2_chr7D	44000000	46000000	2000000	5892	0.002946
Asat_OT3098_v2_chr7D	46000000	48000000	2000000	0	0.000000
Asat_OT3098_v2_chr7D	48000000	50000000	2000000	16995	0.008497
Asat_OT3098_v2_chr7D	50000000	52000000	2000000	8533	0.004267
Asat_OT3098_v2_chr7D	52000000	54000000	2000000	8085	0.004043
Asat_OT3098_v2_chr7D	54000000	56000000	2000000	0	0.000000
Asat_OT3098_v2_chr7D	56000000	58000000	2000000	8009	0.004005
Asat_OT3098_v2_chr7D	58000000	60000000	2000000	0	0.000000
Asat_OT3098_v2_chr7D	60000000	62000000	2000000	8698	0.004349
Asat_OT3098_v2_chr7D	62000000	64000000	2000000	0	0.000000
Asat_OT3098_v2_chr7D	64000000	66000000	2000000	0	0.000000
Asat_OT3098_v2_chr7D	66000000	68000000	2000000	8532	0.004266
Asat_OT3098_v2_chr7D	68000000	70000000	2000000	8532	0.004266
Asat_OT3098_v2_chr7D	70000000	72000000	2000000	0	0.000000
Asat_OT3098_v2_chr7D	72000000	74000000	2000000	0	0.000000
Asat_OT3098_v2_chr7D	74000000	76000000	2000000	0	0.000000
Asat_OT3098_v2_chr7D	76000000	78000000	2000000	0	0.000000
Asat_OT3098_v2_chr7D	78000000	80000000	2000000	0	0.000000
Asat_OT3098_v2_chr7D	80000000	82000000	2000000	0	0.000000
Asat_OT3098_v2_chr7D	82000000	84000000	2000000	0	0.000000
Asat_OT3098_v2_chr7D	84000000	86000000	2000000	8272	0.004136
Asat_OT3098_v2_chr7D	86000000	88000000	2000000	10366	0.005183
Asat_OT3098_v2_chr7D	88000000	90000000	2000000	1134	0.000567
Asat_OT3098_v2_chr7D	90000000	92000000	2000000	7265	0.003632
Asat_OT3098_v2_chr7D	92000000	94000000	2000000	16563	0.008282
Asat_OT3098_v2_chr7D	94000000	96000000	2000000	0	0.000000
Asat_OT3098_v2_chr7D	96000000	98000000	2000000	8262	0.004131
Asat_OT3098_v2_chr7D	98000000	100000000	2000000	0	0.000000
Asat_OT3098_v2_chr7D	100000000	102000000	2000000	0	0.000000
Asat_OT3098_v2_chr7D	102000000	104000000	2000000	0	0.000000
Asat_OT3098_v2_chr7D	104000000	106000000	2000000	0	0.000000
Asat_OT3098_v2_chr7D	106000000	108000000	2000000	0	0.000000
Asat_OT3098_v2_chr7D	108000000	110000000	2000000	0	0.000000
Asat_OT3098_v2_chr7D	110000000	112000000	2000000	0	0.000000
Asat_OT3098_v2_chr7D	112000000	114000000	2000000	0	0.000000
Asat_OT3098_v2_chr7D	114000000	116000000	2000000	0	0.000000
Asat_OT3098_v2_chr7D	116000000	118000000	2000000	0	0.000000
Asat_OT3098_v2_chr7D	118000000	120000000	2000000	0	0.000000
Asat_OT3098_v2_chr7D	120000000	122000000	2000000	0	0.000000
Asat_OT3098_v2_chr7D	122000000	124000000	2000000	8569	0.004285
Asat_OT3098_v2_chr7D	124000000	126000000	2000000	0	0.000000
Asat_OT3098_v2_chr7D	126000000	128000000	2000000	8462	0.004231
Asat_OT3098_v2_chr7D	128000000	130000000	2000000	8287	0.004143
Asat_OT3098_v2_chr7D	130000000	132000000	2000000	0	0.000000
Asat_OT3098_v2_chr7D	132000000	134000000	2000000	0	0.000000
Asat_OT3098_v2_chr7D	134000000	136000000	2000000	0	0.000000
Asat_OT3098_v2_chr7D	136000000	138000000	2000000	0	0.000000
Asat_OT3098_v2_chr7D	138000000	140000000	2000000	5338	0.002669
Asat_OT3098_v2_chr7D	140000000	142000000	2000000	0	0.000000
Asat_OT3098_v2_chr7D	142000000	144000000	2000000	0	0.000000
Asat_OT3098_v2_chr7D	144000000	146000000	2000000	9565	0.004783
Asat_OT3098_v2_chr7D	146000000	148000000	2000000	0	0.000000
Asat_OT3098_v2_chr7D	148000000	150000000	2000000	0	0.000000
Asat_OT3098_v2_chr7D	150000000	152000000	2000000	0	0.000000
Asat_OT3098_v2_chr7D	152000000	154000000	2000000	0	0.000000
Asat_OT3098_v2_chr7D	154000000	156000000	2000000	0	0.000000
Asat_OT3098_v2_chr7D	156000000	158000000	2000000	0	0.000000
Asat_OT3098_v2_chr7D	158000000	160000000	2000000	0	0.000000
Asat_OT3098_v2_chr7D	160000000	162000000	2000000	0	0.000000
Asat_OT3098_v2_chr7D	162000000	164000000	2000000	0	0.000000
Asat_OT3098_v2_chr7D	164000000	166000000	2000000	9746	0.004873
Asat_OT3098_v2_chr7D	166000000	168000000	2000000	17276	0.008638
Asat_OT3098_v2_chr7D	168000000	170000000	2000000	0	0.000000
Asat_OT3098_v2_chr7D	170000000	172000000	2000000	0	0.000000
Asat_OT3098_v2_chr7D	172000000	174000000	2000000	6376	0.003188
Asat_OT3098_v2_chr7D	174000000	176000000	2000000	0	0.000000
Asat_OT3098_v2_chr7D	176000000	178000000	2000000	8307	0.004154
Asat_OT3098_v2_chr7D	178000000	180000000	2000000	0	0.000000
Asat_OT3098_v2_chr7D	180000000	182000000	2000000	12933	0.006467
Asat_OT3098_v2_chr7D	182000000	184000000	2000000	16839	0.008419
Asat_OT3098_v2_chr7D	184000000	186000000	2000000	0	0.000000
Asat_OT3098_v2_chr7D	186000000	188000000	2000000	8486	0.004243
Asat_OT3098_v2_chr7D	188000000	190000000	2000000	0	0.000000
Asat_OT3098_v2_chr7D	190000000	192000000	2000000	5518	0.002759
Asat_OT3098_v2_chr7D	192000000	194000000	2000000	15706	0.007853
Asat_OT3098_v2_chr7D	194000000	196000000	2000000	0	0.000000
Asat_OT3098_v2_chr7D	196000000	198000000	2000000	0	0.000000
Asat_OT3098_v2_chr7D	198000000	200000000	2000000	0	0.000000
Asat_OT3098_v2_chr7D	200000000	202000000	2000000	2398	0.001199
Asat_OT3098_v2_chr7D	202000000	204000000	2000000	8677	0.004339
Asat_OT3098_v2_chr7D	204000000	206000000	2000000	8732	0.004366
Asat_OT3098_v2_chr7D	206000000	208000000	2000000	8414	0.004207
Asat_OT3098_v2_chr7D	208000000	210000000	2000000	0	0.000000
Asat_OT3098_v2_chr7D	210000000	212000000	2000000	7206	0.003603
Asat_OT3098_v2_chr7D	212000000	214000000	2000000	8685	0.004343
Asat_OT3098_v2_chr7D	214000000	216000000	2000000	61021	0.030510
Asat_OT3098_v2_chr7D	216000000	218000000	2000000	26334	0.013167
Asat_OT3098_v2_chr7D	218000000	220000000	2000000	17136	0.008568
Asat_OT3098_v2_chr7D	220000000	222000000	2000000	8526	0.004263
Asat_OT3098_v2_chr7D	222000000	224000000	2000000	313939	0.156970
Asat_OT3098_v2_chr7D	224000000	226000000	2000000	572276	0.286138
Asat_OT3098_v2_chr7D	226000000	228000000	2000000	662354	0.331177
Asat_OT3098_v2_chr7D	228000000	230000000	2000000	603863	0.301932
Asat_OT3098_v2_chr7D	230000000	232000000	2000000	445724	0.222862
Asat_OT3098_v2_chr7D	232000000	234000000	2000000	113771	0.056885
Asat_OT3098_v2_chr7D	234000000	236000000	2000000	24330	0.012165
Asat_OT3098_v2_chr7D	236000000	238000000	2000000	72525	0.036263
Asat_OT3098_v2_chr7D	238000000	240000000	2000000	77245	0.038622
Asat_OT3098_v2_chr7D	240000000	242000000	2000000	0	0.000000
Asat_OT3098_v2_chr7D	242000000	244000000	2000000	25779	0.012889
Asat_OT3098_v2_chr7D	244000000	246000000	2000000	2435	0.001218
Asat_OT3098_v2_chr7D	246000000	248000000	2000000	21248	0.010624
Asat_OT3098_v2_chr7D	248000000	250000000	2000000	7320	0.003660
Asat_OT3098_v2_chr7D	250000000	252000000	2000000	0	0.000000
Asat_OT3098_v2_chr7D	252000000	254000000	2000000	6852	0.003426
Asat_OT3098_v2_chr7D	254000000	256000000	2000000	17063	0.008531
Asat_OT3098_v2_chr7D	256000000	258000000	2000000	0	0.000000
Asat_OT3098_v2_chr7D	258000000	260000000	2000000	0	0.000000
Asat_OT3098_v2_chr7D	260000000	262000000	2000000	0	0.000000
Asat_OT3098_v2_chr7D	262000000	264000000	2000000	0	0.000000
Asat_OT3098_v2_chr7D	264000000	266000000	2000000	8296	0.004148
Asat_OT3098_v2_chr7D	266000000	268000000	2000000	0	0.000000
Asat_OT3098_v2_chr7D	268000000	270000000	2000000	0	0.000000
Asat_OT3098_v2_chr7D	270000000	272000000	2000000	0	0.000000
Asat_OT3098_v2_chr7D	272000000	274000000	2000000	7341	0.003671
Asat_OT3098_v2_chr7D	274000000	276000000	2000000	0	0.000000
Asat_OT3098_v2_chr7D	276000000	278000000	2000000	0	0.000000
Asat_OT3098_v2_chr7D	278000000	280000000	2000000	8514	0.004257
Asat_OT3098_v2_chr7D	280000000	282000000	2000000	12863	0.006431
Asat_OT3098_v2_chr7D	282000000	284000000	2000000	5587	0.002793
Asat_OT3098_v2_chr7D	284000000	286000000	2000000	23755	0.011877
Asat_OT3098_v2_chr7D	286000000	288000000	2000000	0	0.000000
Asat_OT3098_v2_chr7D	288000000	290000000	2000000	0	0.000000
Asat_OT3098_v2_chr7D	290000000	292000000	2000000	0	0.000000
Asat_OT3098_v2_chr7D	292000000	294000000	2000000	0	0.000000
Asat_OT3098_v2_chr7D	294000000	296000000	2000000	0	0.000000
Asat_OT3098_v2_chr7D	296000000	298000000	2000000	0	0.000000
Asat_OT3098_v2_chr7D	298000000	300000000	2000000	0	0.000000
Asat_OT3098_v2_chr7D	300000000	302000000	2000000	0	0.000000
Asat_OT3098_v2_chr7D	302000000	304000000	2000000	8542	0.004271
Asat_OT3098_v2_chr7D	304000000	306000000	2000000	3083	0.001541
Asat_OT3098_v2_chr7D	306000000	308000000	2000000	0	0.000000
Asat_OT3098_v2_chr7D	308000000	310000000	2000000	7660	0.003830
Asat_OT3098_v2_chr7D	310000000	312000000	2000000	0	0.000000
Asat_OT3098_v2_chr7D	312000000	314000000	2000000	0	0.000000
Asat_OT3098_v2_chr7D	314000000	316000000	2000000	0	0.000000
Asat_OT3098_v2_chr7D	316000000	318000000	2000000	0	0.000000
Asat_OT3098_v2_chr7D	318000000	320000000	2000000	0	0.000000
Asat_OT3098_v2_chr7D	320000000	322000000	2000000	8536	0.004268
Asat_OT3098_v2_chr7D	322000000	324000000	2000000	0	0.000000
Asat_OT3098_v2_chr7D	324000000	326000000	2000000	0	0.000000
Asat_OT3098_v2_chr7D	326000000	328000000	2000000	0	0.000000
Asat_OT3098_v2_chr7D	328000000	330000000	2000000	0	0.000000
Asat_OT3098_v2_chr7D	330000000	332000000	2000000	8741	0.004371
Asat_OT3098_v2_chr7D	332000000	334000000	2000000	6284	0.003142
Asat_OT3098_v2_chr7D	334000000	336000000	2000000	1227	0.000614
Asat_OT3098_v2_chr7D	336000000	338000000	2000000	0	0.000000
Asat_OT3098_v2_chr7D	338000000	340000000	2000000	2431	0.001216
Asat_OT3098_v2_chr7D	340000000	342000000	2000000	0	0.000000
Asat_OT3098_v2_chr7D	342000000	344000000	2000000	0	0.000000
Asat_OT3098_v2_chr7D	344000000	346000000	2000000	0	0.000000
Asat_OT3098_v2_chr7D	346000000	348000000	2000000	1579	0.000790
Asat_OT3098_v2_chr7D	348000000	350000000	2000000	0	0.000000
Asat_OT3098_v2_chr7D	350000000	352000000	2000000	0	0.000000
Asat_OT3098_v2_chr7D	352000000	354000000	2000000	0	0.000000
Asat_OT3098_v2_chr7D	354000000	356000000	2000000	2782	0.001391
Asat_OT3098_v2_chr7D	356000000	358000000	2000000	7997	0.003999
Asat_OT3098_v2_chr7D	358000000	360000000	2000000	2468	0.001234
Asat_OT3098_v2_chr7D	360000000	362000000	2000000	8281	0.004141
Asat_OT3098_v2_chr7D	362000000	364000000	2000000	0	0.000000
Asat_OT3098_v2_chr7D	364000000	366000000	2000000	0	0.000000
Asat_OT3098_v2_chr7D	366000000	368000000	2000000	0	0.000000
Asat_OT3098_v2_chr7D	368000000	370000000	2000000	0	0.000000
Asat_OT3098_v2_chr7D	370000000	372000000	2000000	0	0.000000
Asat_OT3098_v2_chr7D	372000000	374000000	2000000	4619	0.002309
Asat_OT3098_v2_chr7D	374000000	376000000	2000000	8632	0.004316
Asat_OT3098_v2_chr7D	376000000	378000000	2000000	22513	0.011256
Asat_OT3098_v2_chr7D	378000000	380000000	2000000	0	0.000000
Asat_OT3098_v2_chr7D	380000000	382000000	2000000	16958	0.008479
Asat_OT3098_v2_chr7D	382000000	384000000	2000000	0	0.000000
Asat_OT3098_v2_chr7D	384000000	386000000	2000000	0	0.000000
Asat_OT3098_v2_chr7D	386000000	388000000	2000000	0	0.000000
Asat_OT3098_v2_chr7D	388000000	390000000	2000000	0	0.000000
Asat_OT3098_v2_chr7D	390000000	392000000	2000000	0	0.000000
Asat_OT3098_v2_chr7D	392000000	394000000	2000000	8171	0.004085
Asat_OT3098_v2_chr7D	394000000	396000000	2000000	0	0.000000
Asat_OT3098_v2_chr7D	396000000	398000000	2000000	0	0.000000
Asat_OT3098_v2_chr7D	398000000	400000000	2000000	0	0.000000
Asat_OT3098_v2_chr7D	400000000	402000000	2000000	0	0.000000
Asat_OT3098_v2_chr7D	402000000	404000000	2000000	0	0.000000
Asat_OT3098_v2_chr7D	404000000	406000000	2000000	0	0.000000
Asat_OT3098_v2_chr7D	406000000	408000000	2000000	0	0.000000
Asat_OT3098_v2_chr7D	408000000	410000000	2000000	0	0.000000
Asat_OT3098_v2_chr7D	410000000	412000000	2000000	0	0.000000
Asat_OT3098_v2_chr7D	412000000	414000000	2000000	0	0.000000
Asat_OT3098_v2_chr7D	414000000	416000000	2000000	0	0.000000
Asat_OT3098_v2_chr7D	416000000	418000000	2000000	0	0.000000
Asat_OT3098_v2_chr7D	418000000	420000000	2000000	0	0.000000
Asat_OT3098_v2_chr7D	420000000	422000000	2000000	8486	0.004243
Asat_OT3098_v2_chr7D	422000000	424000000	2000000	8143	0.004071
Asat_OT3098_v2_chr7D	424000000	426000000	2000000	0	0.000000
Asat_OT3098_v2_chr7D	426000000	428000000	2000000	0	0.000000
Asat_OT3098_v2_chr7D	428000000	430000000	2000000	0	0.000000
Asat_OT3098_v2_chr7D	430000000	432000000	2000000	0	0.000000
Asat_OT3098_v2_chr7D	432000000	434000000	2000000	15613	0.007807
Asat_OT3098_v2_chr7D	434000000	436000000	2000000	0	0.000000
Asat_OT3098_v2_chr7D	436000000	438000000	2000000	17536	0.008768
Asat_OT3098_v2_chr7D	438000000	440000000	2000000	0	0.000000
Asat_OT3098_v2_chr7D	440000000	442000000	2000000	5452	0.002726
Asat_OT3098_v2_chr7D	442000000	444000000	2000000	0	0.000000
Asat_OT3098_v2_chr7D	444000000	446000000	2000000	0	0.000000
Asat_OT3098_v2_chr7D	446000000	448000000	2000000	0	0.000000
Asat_OT3098_v2_chr7D	448000000	450000000	2000000	0	0.000000
Asat_OT3098_v2_chr7D	450000000	452000000	2000000	0	0.000000
Asat_OT3098_v2_chr7D	452000000	454000000	2000000	0	0.000000
Asat_OT3098_v2_chr7D	454000000	456000000	2000000	0	0.000000
Asat_OT3098_v2_chr7D	456000000	458000000	2000000	0	0.000000
Asat_OT3098_v2_chr7D	458000000	460000000	2000000	0	0.000000
Asat_OT3098_v2_chr7D	460000000	462000000	2000000	0	0.000000
Asat_OT3098_v2_chr7D	462000000	464000000	2000000	0	0.000000
Asat_OT3098_v2_chr7D	464000000	466000000	2000000	1084	0.000542
Asat_OT3098_v2_chr7D	466000000	468000000	2000000	0	0.000000
Asat_OT3098_v2_chr7D	468000000	470000000	2000000	0	0.000000
Asat_OT3098_v2_chr7D	470000000	472000000	2000000	0	0.000000
Asat_OT3098_v2_chr7D	472000000	474000000	2000000	8677	0.004339
Asat_OT3098_v2_chr7D	474000000	476000000	2000000	0	0.000000
Asat_OT3098_v2_chr7D	476000000	478000000	2000000	0	0.000000
Asat_OT3098_v2_chr7D	478000000	480000000	2000000	0	0.000000
Asat_OT3098_v2_chr7D	480000000	482000000	2000000	0	0.000000
Asat_OT3098_v2_chr7D	482000000	484000000	2000000	0	0.000000
Asat_OT3098_v2_chr7D	484000000	486000000	2000000	8724	0.004362
Asat_OT3098_v2_chr7D	486000000	488000000	2000000	0	0.000000
Asat_OT3098_v2_chr7D	488000000	490000000	2000000	0	0.000000
Asat_OT3098_v2_chr7D	490000000	492000000	2000000	0	0.000000
Asat_OT3098_v2_chr7D	492000000	494000000	2000000	0	0.000000
Asat_OT3098_v2_chr7D	494000000	496000000	2000000	8560	0.004280
Asat_OT3098_v2_chr7D	496000000	498000000	2000000	0	0.000000
Asat_OT3098_v2_chr7D	498000000	500000000	2000000	0	0.000000
Asat_OT3098_v2_chr7D	500000000	502000000	2000000	0	0.000000
Asat_OT3098_v2_chr7D	502000000	504000000	2000000	0	0.000000
Asat_OT3098_v2_chr7D	504000000	506000000	2000000	5014	0.002507
Asat_OT3098_v2_chr7D	506000000	508000000	2000000	0	0.000000
Asat_OT3098_v2_chr7D	508000000	510000000	2000000	2047	0.001024
Asat_OT3098_v2_chr7D	510000000	512000000	2000000	0	0.000000
Asat_OT3098_v2_chr7D	512000000	514000000	2000000	0	0.000000
Asat_OT3098_v2_chr7D	514000000	516000000	2000000	0	0.000000
Asat_OT3098_v2_chr7D	516000000	518000000	2000000	0	0.000000
Asat_OT3098_v2_chr7D	518000000	520000000	2000000	0	0.000000
Asat_OT3098_v2_chr7D	520000000	522000000	2000000	0	0.000000
Asat_OT3098_v2_chr7D	522000000	524000000	2000000	0	0.000000
Asat_OT3098_v2_chr7D	524000000	526000000	2000000	0	0.000000
Asat_OT3098_v2_chr7D	526000000	528000000	2000000	0	0.000000
Asat_OT3098_v2_chr7D	528000000	528225653	225653	0	0.000000
