Asat_OT3098_v2_chr1A	0	2000000	2000000	0	0.000000
Asat_OT3098_v2_chr1A	2000000	4000000	2000000	0	0.000000
Asat_OT3098_v2_chr1A	4000000	6000000	2000000	0	0.000000
Asat_OT3098_v2_chr1A	6000000	8000000	2000000	0	0.000000
Asat_OT3098_v2_chr1A	8000000	10000000	2000000	0	0.000000
Asat_OT3098_v2_chr1A	10000000	12000000	2000000	0	0.000000
Asat_OT3098_v2_chr1A	12000000	14000000	2000000	0	0.000000
Asat_OT3098_v2_chr1A	14000000	16000000	2000000	0	0.000000
Asat_OT3098_v2_chr1A	16000000	18000000	2000000	0	0.000000
Asat_OT3098_v2_chr1A	18000000	20000000	2000000	0	0.000000
Asat_OT3098_v2_chr1A	20000000	22000000	2000000	0	0.000000
Asat_OT3098_v2_chr1A	22000000	24000000	2000000	0	0.000000
Asat_OT3098_v2_chr1A	24000000	26000000	2000000	0	0.000000
Asat_OT3098_v2_chr1A	26000000	28000000	2000000	0	0.000000
Asat_OT3098_v2_chr1A	28000000	30000000	2000000	0	0.000000
Asat_OT3098_v2_chr1A	30000000	32000000	2000000	0	0.000000
Asat_OT3098_v2_chr1A	32000000	34000000	2000000	0	0.000000
Asat_OT3098_v2_chr1A	34000000	36000000	2000000	0	0.000000
Asat_OT3098_v2_chr1A	36000000	38000000	2000000	0	0.000000
Asat_OT3098_v2_chr1A	38000000	40000000	2000000	0	0.000000
Asat_OT3098_v2_chr1A	40000000	42000000	2000000	0	0.000000
Asat_OT3098_v2_chr1A	42000000	44000000	2000000	0	0.000000
Asat_OT3098_v2_chr1A	44000000	46000000	2000000	0	0.000000
Asat_OT3098_v2_chr1A	46000000	48000000	2000000	0	0.000000
Asat_OT3098_v2_chr1A	48000000	50000000	2000000	0	0.000000
Asat_OT3098_v2_chr1A	50000000	52000000	2000000	0	0.000000
Asat_OT3098_v2_chr1A	52000000	54000000	2000000	0	0.000000
Asat_OT3098_v2_chr1A	54000000	56000000	2000000	0	0.000000
Asat_OT3098_v2_chr1A	56000000	58000000	2000000	0	0.000000
Asat_OT3098_v2_chr1A	58000000	60000000	2000000	0	0.000000
Asat_OT3098_v2_chr1A	60000000	62000000	2000000	0	0.000000
Asat_OT3098_v2_chr1A	62000000	64000000	2000000	0	0.000000
Asat_OT3098_v2_chr1A	64000000	66000000	2000000	0	0.000000
Asat_OT3098_v2_chr1A	66000000	68000000	2000000	0	0.000000
Asat_OT3098_v2_chr1A	68000000	70000000	2000000	0	0.000000
Asat_OT3098_v2_chr1A	70000000	72000000	2000000	0	0.000000
Asat_OT3098_v2_chr1A	72000000	74000000	2000000	0	0.000000
Asat_OT3098_v2_chr1A	74000000	76000000	2000000	0	0.000000
Asat_OT3098_v2_chr1A	76000000	78000000	2000000	0	0.000000
Asat_OT3098_v2_chr1A	78000000	80000000	2000000	0	0.000000
Asat_OT3098_v2_chr1A	80000000	82000000	2000000	0	0.000000
Asat_OT3098_v2_chr1A	82000000	84000000	2000000	0	0.000000
Asat_OT3098_v2_chr1A	84000000	86000000	2000000	0	0.000000
Asat_OT3098_v2_chr1A	86000000	88000000	2000000	0	0.000000
Asat_OT3098_v2_chr1A	88000000	90000000	2000000	0	0.000000
Asat_OT3098_v2_chr1A	90000000	92000000	2000000	0	0.000000
Asat_OT3098_v2_chr1A	92000000	94000000	2000000	0	0.000000
Asat_OT3098_v2_chr1A	94000000	96000000	2000000	0	0.000000
Asat_OT3098_v2_chr1A	96000000	98000000	2000000	0	0.000000
Asat_OT3098_v2_chr1A	98000000	100000000	2000000	0	0.000000
Asat_OT3098_v2_chr1A	100000000	102000000	2000000	0	0.000000
Asat_OT3098_v2_chr1A	102000000	104000000	2000000	0	0.000000
Asat_OT3098_v2_chr1A	104000000	106000000	2000000	0	0.000000
Asat_OT3098_v2_chr1A	106000000	108000000	2000000	0	0.000000
Asat_OT3098_v2_chr1A	108000000	110000000	2000000	0	0.000000
Asat_OT3098_v2_chr1A	110000000	112000000	2000000	0	0.000000
Asat_OT3098_v2_chr1A	112000000	114000000	2000000	0	0.000000
Asat_OT3098_v2_chr1A	114000000	116000000	2000000	0	0.000000
Asat_OT3098_v2_chr1A	116000000	118000000	2000000	0	0.000000
Asat_OT3098_v2_chr1A	118000000	120000000	2000000	0	0.000000
Asat_OT3098_v2_chr1A	120000000	122000000	2000000	0	0.000000
Asat_OT3098_v2_chr1A	122000000	124000000	2000000	0	0.000000
Asat_OT3098_v2_chr1A	124000000	126000000	2000000	0	0.000000
Asat_OT3098_v2_chr1A	126000000	128000000	2000000	0	0.000000
Asat_OT3098_v2_chr1A	128000000	130000000	2000000	0	0.000000
Asat_OT3098_v2_chr1A	130000000	132000000	2000000	0	0.000000
Asat_OT3098_v2_chr1A	132000000	134000000	2000000	0	0.000000
Asat_OT3098_v2_chr1A	134000000	136000000	2000000	0	0.000000
Asat_OT3098_v2_chr1A	136000000	138000000	2000000	0	0.000000
Asat_OT3098_v2_chr1A	138000000	140000000	2000000	0	0.000000
Asat_OT3098_v2_chr1A	140000000	142000000	2000000	0	0.000000
Asat_OT3098_v2_chr1A	142000000	144000000	2000000	0	0.000000
Asat_OT3098_v2_chr1A	144000000	146000000	2000000	0	0.000000
Asat_OT3098_v2_chr1A	146000000	148000000	2000000	0	0.000000
Asat_OT3098_v2_chr1A	148000000	150000000	2000000	0	0.000000
Asat_OT3098_v2_chr1A	150000000	152000000	2000000	0	0.000000
Asat_OT3098_v2_chr1A	152000000	154000000	2000000	0	0.000000
Asat_OT3098_v2_chr1A	154000000	156000000	2000000	0	0.000000
Asat_OT3098_v2_chr1A	156000000	158000000	2000000	0	0.000000
Asat_OT3098_v2_chr1A	158000000	160000000	2000000	0	0.000000
Asat_OT3098_v2_chr1A	160000000	162000000	2000000	0	0.000000
Asat_OT3098_v2_chr1A	162000000	164000000	2000000	0	0.000000
Asat_OT3098_v2_chr1A	164000000	166000000	2000000	0	0.000000
Asat_OT3098_v2_chr1A	166000000	168000000	2000000	0	0.000000
Asat_OT3098_v2_chr1A	168000000	170000000	2000000	0	0.000000
Asat_OT3098_v2_chr1A	170000000	172000000	2000000	0	0.000000
Asat_OT3098_v2_chr1A	172000000	174000000	2000000	0	0.000000
Asat_OT3098_v2_chr1A	174000000	176000000	2000000	0	0.000000
Asat_OT3098_v2_chr1A	176000000	178000000	2000000	0	0.000000
Asat_OT3098_v2_chr1A	178000000	180000000	2000000	0	0.000000
Asat_OT3098_v2_chr1A	180000000	182000000	2000000	0	0.000000
Asat_OT3098_v2_chr1A	182000000	184000000	2000000	0	0.000000
Asat_OT3098_v2_chr1A	184000000	186000000	2000000	0	0.000000
Asat_OT3098_v2_chr1A	186000000	188000000	2000000	0	0.000000
Asat_OT3098_v2_chr1A	188000000	190000000	2000000	0	0.000000
Asat_OT3098_v2_chr1A	190000000	192000000	2000000	0	0.000000
Asat_OT3098_v2_chr1A	192000000	194000000	2000000	0	0.000000
Asat_OT3098_v2_chr1A	194000000	196000000	2000000	0	0.000000
Asat_OT3098_v2_chr1A	196000000	198000000	2000000	0	0.000000
Asat_OT3098_v2_chr1A	198000000	200000000	2000000	0	0.000000
Asat_OT3098_v2_chr1A	200000000	202000000	2000000	0	0.000000
Asat_OT3098_v2_chr1A	202000000	204000000	2000000	0	0.000000
Asat_OT3098_v2_chr1A	204000000	206000000	2000000	0	0.000000
Asat_OT3098_v2_chr1A	206000000	208000000	2000000	0	0.000000
Asat_OT3098_v2_chr1A	208000000	210000000	2000000	0	0.000000
Asat_OT3098_v2_chr1A	210000000	212000000	2000000	0	0.000000
Asat_OT3098_v2_chr1A	212000000	214000000	2000000	0	0.000000
Asat_OT3098_v2_chr1A	214000000	216000000	2000000	0	0.000000
Asat_OT3098_v2_chr1A	216000000	218000000	2000000	0	0.000000
Asat_OT3098_v2_chr1A	218000000	220000000	2000000	0	0.000000
Asat_OT3098_v2_chr1A	220000000	222000000	2000000	0	0.000000
Asat_OT3098_v2_chr1A	222000000	224000000	2000000	0	0.000000
Asat_OT3098_v2_chr1A	224000000	226000000	2000000	0	0.000000
Asat_OT3098_v2_chr1A	226000000	228000000	2000000	0	0.000000
Asat_OT3098_v2_chr1A	228000000	230000000	2000000	0	0.000000
Asat_OT3098_v2_chr1A	230000000	232000000	2000000	0	0.000000
Asat_OT3098_v2_chr1A	232000000	234000000	2000000	0	0.000000
Asat_OT3098_v2_chr1A	234000000	236000000	2000000	0	0.000000
Asat_OT3098_v2_chr1A	236000000	238000000	2000000	0	0.000000
Asat_OT3098_v2_chr1A	238000000	240000000	2000000	0	0.000000
Asat_OT3098_v2_chr1A	240000000	242000000	2000000	0	0.000000
Asat_OT3098_v2_chr1A	242000000	244000000	2000000	0	0.000000
Asat_OT3098_v2_chr1A	244000000	246000000	2000000	0	0.000000
Asat_OT3098_v2_chr1A	246000000	248000000	2000000	0	0.000000
Asat_OT3098_v2_chr1A	248000000	250000000	2000000	0	0.000000
Asat_OT3098_v2_chr1A	250000000	252000000	2000000	0	0.000000
Asat_OT3098_v2_chr1A	252000000	254000000	2000000	0	0.000000
Asat_OT3098_v2_chr1A	254000000	256000000	2000000	0	0.000000
Asat_OT3098_v2_chr1A	256000000	258000000	2000000	0	0.000000
Asat_OT3098_v2_chr1A	258000000	260000000	2000000	0	0.000000
Asat_OT3098_v2_chr1A	260000000	262000000	2000000	0	0.000000
Asat_OT3098_v2_chr1A	262000000	264000000	2000000	0	0.000000
Asat_OT3098_v2_chr1A	264000000	266000000	2000000	0	0.000000
Asat_OT3098_v2_chr1A	266000000	268000000	2000000	0	0.000000
Asat_OT3098_v2_chr1A	268000000	270000000	2000000	0	0.000000
Asat_OT3098_v2_chr1A	270000000	272000000	2000000	0	0.000000
Asat_OT3098_v2_chr1A	272000000	274000000	2000000	0	0.000000
Asat_OT3098_v2_chr1A	274000000	276000000	2000000	0	0.000000
Asat_OT3098_v2_chr1A	276000000	278000000	2000000	0	0.000000
Asat_OT3098_v2_chr1A	278000000	280000000	2000000	0	0.000000
Asat_OT3098_v2_chr1A	280000000	282000000	2000000	0	0.000000
Asat_OT3098_v2_chr1A	282000000	284000000	2000000	0	0.000000
Asat_OT3098_v2_chr1A	284000000	286000000	2000000	0	0.000000
Asat_OT3098_v2_chr1A	286000000	288000000	2000000	0	0.000000
Asat_OT3098_v2_chr1A	288000000	290000000	2000000	0	0.000000
Asat_OT3098_v2_chr1A	290000000	292000000	2000000	0	0.000000
Asat_OT3098_v2_chr1A	292000000	294000000	2000000	0	0.000000
Asat_OT3098_v2_chr1A	294000000	296000000	2000000	0	0.000000
Asat_OT3098_v2_chr1A	296000000	298000000	2000000	0	0.000000
Asat_OT3098_v2_chr1A	298000000	300000000	2000000	0	0.000000
Asat_OT3098_v2_chr1A	300000000	302000000	2000000	0	0.000000
Asat_OT3098_v2_chr1A	302000000	304000000	2000000	0	0.000000
Asat_OT3098_v2_chr1A	304000000	306000000	2000000	0	0.000000
Asat_OT3098_v2_chr1A	306000000	308000000	2000000	0	0.000000
Asat_OT3098_v2_chr1A	308000000	310000000	2000000	0	0.000000
Asat_OT3098_v2_chr1A	310000000	312000000	2000000	0	0.000000
Asat_OT3098_v2_chr1A	312000000	314000000	2000000	0	0.000000
Asat_OT3098_v2_chr1A	314000000	316000000	2000000	0	0.000000
Asat_OT3098_v2_chr1A	316000000	318000000	2000000	0	0.000000
Asat_OT3098_v2_chr1A	318000000	320000000	2000000	0	0.000000
Asat_OT3098_v2_chr1A	320000000	322000000	2000000	0	0.000000
Asat_OT3098_v2_chr1A	322000000	324000000	2000000	0	0.000000
Asat_OT3098_v2_chr1A	324000000	326000000	2000000	0	0.000000
Asat_OT3098_v2_chr1A	326000000	328000000	2000000	0	0.000000
Asat_OT3098_v2_chr1A	328000000	330000000	2000000	0	0.000000
Asat_OT3098_v2_chr1A	330000000	332000000	2000000	0	0.000000
Asat_OT3098_v2_chr1A	332000000	334000000	2000000	0	0.000000
Asat_OT3098_v2_chr1A	334000000	336000000	2000000	0	0.000000
Asat_OT3098_v2_chr1A	336000000	338000000	2000000	0	0.000000
Asat_OT3098_v2_chr1A	338000000	340000000	2000000	0	0.000000
Asat_OT3098_v2_chr1A	340000000	342000000	2000000	0	0.000000
Asat_OT3098_v2_chr1A	342000000	344000000	2000000	0	0.000000
Asat_OT3098_v2_chr1A	344000000	346000000	2000000	0	0.000000
Asat_OT3098_v2_chr1A	346000000	348000000	2000000	0	0.000000
Asat_OT3098_v2_chr1A	348000000	350000000	2000000	0	0.000000
Asat_OT3098_v2_chr1A	350000000	352000000	2000000	0	0.000000
Asat_OT3098_v2_chr1A	352000000	354000000	2000000	0	0.000000
Asat_OT3098_v2_chr1A	354000000	356000000	2000000	0	0.000000
Asat_OT3098_v2_chr1A	356000000	358000000	2000000	0	0.000000
Asat_OT3098_v2_chr1A	358000000	360000000	2000000	0	0.000000
Asat_OT3098_v2_chr1A	360000000	362000000	2000000	0	0.000000
Asat_OT3098_v2_chr1A	362000000	364000000	2000000	0	0.000000
Asat_OT3098_v2_chr1A	364000000	366000000	2000000	0	0.000000
Asat_OT3098_v2_chr1A	366000000	368000000	2000000	0	0.000000
Asat_OT3098_v2_chr1A	368000000	370000000	2000000	0	0.000000
Asat_OT3098_v2_chr1A	370000000	372000000	2000000	0	0.000000
Asat_OT3098_v2_chr1A	372000000	374000000	2000000	0	0.000000
Asat_OT3098_v2_chr1A	374000000	376000000	2000000	0	0.000000
Asat_OT3098_v2_chr1A	376000000	378000000	2000000	0	0.000000
Asat_OT3098_v2_chr1A	378000000	380000000	2000000	0	0.000000
Asat_OT3098_v2_chr1A	380000000	382000000	2000000	0	0.000000
Asat_OT3098_v2_chr1A	382000000	384000000	2000000	0	0.000000
Asat_OT3098_v2_chr1A	384000000	386000000	2000000	0	0.000000
Asat_OT3098_v2_chr1A	386000000	388000000	2000000	0	0.000000
Asat_OT3098_v2_chr1A	388000000	390000000	2000000	0	0.000000
Asat_OT3098_v2_chr1A	390000000	392000000	2000000	0	0.000000
Asat_OT3098_v2_chr1A	392000000	394000000	2000000	0	0.000000
Asat_OT3098_v2_chr1A	394000000	396000000	2000000	0	0.000000
Asat_OT3098_v2_chr1A	396000000	398000000	2000000	0	0.000000
Asat_OT3098_v2_chr1A	398000000	400000000	2000000	0	0.000000
Asat_OT3098_v2_chr1A	400000000	402000000	2000000	0	0.000000
Asat_OT3098_v2_chr1A	402000000	404000000	2000000	0	0.000000
Asat_OT3098_v2_chr1A	404000000	406000000	2000000	0	0.000000
Asat_OT3098_v2_chr1A	406000000	408000000	2000000	0	0.000000
Asat_OT3098_v2_chr1A	408000000	410000000	2000000	0	0.000000
Asat_OT3098_v2_chr1A	410000000	412000000	2000000	0	0.000000
Asat_OT3098_v2_chr1A	412000000	414000000	2000000	0	0.000000
Asat_OT3098_v2_chr1A	414000000	416000000	2000000	0	0.000000
Asat_OT3098_v2_chr1A	416000000	418000000	2000000	0	0.000000
Asat_OT3098_v2_chr1A	418000000	420000000	2000000	0	0.000000
Asat_OT3098_v2_chr1A	420000000	422000000	2000000	0	0.000000
Asat_OT3098_v2_chr1A	422000000	424000000	2000000	0	0.000000
Asat_OT3098_v2_chr1A	424000000	426000000	2000000	0	0.000000
Asat_OT3098_v2_chr1A	426000000	428000000	2000000	0	0.000000
Asat_OT3098_v2_chr1A	428000000	430000000	2000000	0	0.000000
Asat_OT3098_v2_chr1A	430000000	432000000	2000000	0	0.000000
Asat_OT3098_v2_chr1A	432000000	434000000	2000000	0	0.000000
Asat_OT3098_v2_chr1A	434000000	436000000	2000000	0	0.000000
Asat_OT3098_v2_chr1A	436000000	438000000	2000000	0	0.000000
Asat_OT3098_v2_chr1A	438000000	440000000	2000000	0	0.000000
Asat_OT3098_v2_chr1A	440000000	442000000	2000000	0	0.000000
Asat_OT3098_v2_chr1A	442000000	444000000	2000000	0	0.000000
Asat_OT3098_v2_chr1A	444000000	446000000	2000000	0	0.000000
Asat_OT3098_v2_chr1A	446000000	448000000	2000000	0	0.000000
Asat_OT3098_v2_chr1A	448000000	450000000	2000000	0	0.000000
Asat_OT3098_v2_chr1A	450000000	452000000	2000000	0	0.000000
Asat_OT3098_v2_chr1A	452000000	454000000	2000000	0	0.000000
Asat_OT3098_v2_chr1A	454000000	456000000	2000000	0	0.000000
Asat_OT3098_v2_chr1A	456000000	458000000	2000000	0	0.000000
Asat_OT3098_v2_chr1A	458000000	460000000	2000000	0	0.000000
Asat_OT3098_v2_chr1A	460000000	462000000	2000000	0	0.000000
Asat_OT3098_v2_chr1A	462000000	464000000	2000000	0	0.000000
Asat_OT3098_v2_chr1A	464000000	466000000	2000000	0	0.000000
Asat_OT3098_v2_chr1A	466000000	468000000	2000000	0	0.000000
Asat_OT3098_v2_chr1A	468000000	470000000	2000000	0	0.000000
Asat_OT3098_v2_chr1A	470000000	472000000	2000000	0	0.000000
Asat_OT3098_v2_chr1A	472000000	474000000	2000000	0	0.000000
Asat_OT3098_v2_chr1A	474000000	476000000	2000000	0	0.000000
Asat_OT3098_v2_chr1A	476000000	478000000	2000000	0	0.000000
Asat_OT3098_v2_chr1A	478000000	480000000	2000000	0	0.000000
Asat_OT3098_v2_chr1A	480000000	482000000	2000000	0	0.000000
Asat_OT3098_v2_chr1A	482000000	484000000	2000000	0	0.000000
Asat_OT3098_v2_chr1A	484000000	486000000	2000000	0	0.000000
Asat_OT3098_v2_chr1A	486000000	488000000	2000000	0	0.000000
Asat_OT3098_v2_chr1A	488000000	490000000	2000000	0	0.000000
Asat_OT3098_v2_chr1A	490000000	492000000	2000000	0	0.000000
Asat_OT3098_v2_chr1A	492000000	494000000	2000000	0	0.000000
Asat_OT3098_v2_chr1A	494000000	496000000	2000000	0	0.000000
Asat_OT3098_v2_chr1A	496000000	498000000	2000000	0	0.000000
Asat_OT3098_v2_chr1A	498000000	500000000	2000000	0	0.000000
Asat_OT3098_v2_chr1A	500000000	502000000	2000000	0	0.000000
Asat_OT3098_v2_chr1A	502000000	504000000	2000000	0	0.000000
Asat_OT3098_v2_chr1A	504000000	506000000	2000000	0	0.000000
Asat_OT3098_v2_chr1A	506000000	508000000	2000000	0	0.000000
Asat_OT3098_v2_chr1A	508000000	510000000	2000000	0	0.000000
Asat_OT3098_v2_chr1A	510000000	512000000	2000000	0	0.000000
Asat_OT3098_v2_chr1A	512000000	514000000	2000000	0	0.000000
Asat_OT3098_v2_chr1A	514000000	516000000	2000000	0	0.000000
Asat_OT3098_v2_chr1A	516000000	518000000	2000000	0	0.000000
Asat_OT3098_v2_chr1A	518000000	520000000	2000000	0	0.000000
Asat_OT3098_v2_chr1A	520000000	522000000	2000000	0	0.000000
Asat_OT3098_v2_chr1A	522000000	524000000	2000000	0	0.000000
Asat_OT3098_v2_chr1A	524000000	526000000	2000000	0	0.000000
Asat_OT3098_v2_chr1A	526000000	528000000	2000000	0	0.000000
Asat_OT3098_v2_chr1A	528000000	530000000	2000000	0	0.000000
Asat_OT3098_v2_chr1A	530000000	532000000	2000000	0	0.000000
Asat_OT3098_v2_chr1A	532000000	534000000	2000000	0	0.000000
Asat_OT3098_v2_chr1A	534000000	536000000	2000000	0	0.000000
Asat_OT3098_v2_chr1A	536000000	538000000	2000000	0	0.000000
Asat_OT3098_v2_chr1A	538000000	540000000	2000000	0	0.000000
Asat_OT3098_v2_chr1A	540000000	540897063	897063	0	0.000000
Asat_OT3098_v2_chr1C	0	2000000	2000000	0	0.000000
Asat_OT3098_v2_chr1C	2000000	4000000	2000000	0	0.000000
Asat_OT3098_v2_chr1C	4000000	6000000	2000000	0	0.000000
Asat_OT3098_v2_chr1C	6000000	8000000	2000000	0	0.000000
Asat_OT3098_v2_chr1C	8000000	10000000	2000000	0	0.000000
Asat_OT3098_v2_chr1C	10000000	12000000	2000000	0	0.000000
Asat_OT3098_v2_chr1C	12000000	14000000	2000000	0	0.000000
Asat_OT3098_v2_chr1C	14000000	16000000	2000000	0	0.000000
Asat_OT3098_v2_chr1C	16000000	18000000	2000000	0	0.000000
Asat_OT3098_v2_chr1C	18000000	20000000	2000000	0	0.000000
Asat_OT3098_v2_chr1C	20000000	22000000	2000000	0	0.000000
Asat_OT3098_v2_chr1C	22000000	24000000	2000000	0	0.000000
Asat_OT3098_v2_chr1C	24000000	26000000	2000000	0	0.000000
Asat_OT3098_v2_chr1C	26000000	28000000	2000000	0	0.000000
Asat_OT3098_v2_chr1C	28000000	30000000	2000000	0	0.000000
Asat_OT3098_v2_chr1C	30000000	32000000	2000000	0	0.000000
Asat_OT3098_v2_chr1C	32000000	34000000	2000000	0	0.000000
Asat_OT3098_v2_chr1C	34000000	36000000	2000000	0	0.000000
Asat_OT3098_v2_chr1C	36000000	38000000	2000000	0	0.000000
Asat_OT3098_v2_chr1C	38000000	40000000	2000000	0	0.000000
Asat_OT3098_v2_chr1C	40000000	42000000	2000000	0	0.000000
Asat_OT3098_v2_chr1C	42000000	44000000	2000000	0	0.000000
Asat_OT3098_v2_chr1C	44000000	46000000	2000000	0	0.000000
Asat_OT3098_v2_chr1C	46000000	48000000	2000000	0	0.000000
Asat_OT3098_v2_chr1C	48000000	50000000	2000000	0	0.000000
Asat_OT3098_v2_chr1C	50000000	52000000	2000000	0	0.000000
Asat_OT3098_v2_chr1C	52000000	54000000	2000000	0	0.000000
Asat_OT3098_v2_chr1C	54000000	56000000	2000000	0	0.000000
Asat_OT3098_v2_chr1C	56000000	58000000	2000000	0	0.000000
Asat_OT3098_v2_chr1C	58000000	60000000	2000000	0	0.000000
Asat_OT3098_v2_chr1C	60000000	62000000	2000000	0	0.000000
Asat_OT3098_v2_chr1C	62000000	64000000	2000000	0	0.000000
Asat_OT3098_v2_chr1C	64000000	66000000	2000000	0	0.000000
Asat_OT3098_v2_chr1C	66000000	68000000	2000000	0	0.000000
Asat_OT3098_v2_chr1C	68000000	70000000	2000000	0	0.000000
Asat_OT3098_v2_chr1C	70000000	72000000	2000000	0	0.000000
Asat_OT3098_v2_chr1C	72000000	74000000	2000000	0	0.000000
Asat_OT3098_v2_chr1C	74000000	76000000	2000000	0	0.000000
Asat_OT3098_v2_chr1C	76000000	78000000	2000000	0	0.000000
Asat_OT3098_v2_chr1C	78000000	80000000	2000000	0	0.000000
Asat_OT3098_v2_chr1C	80000000	82000000	2000000	0	0.000000
Asat_OT3098_v2_chr1C	82000000	84000000	2000000	0	0.000000
Asat_OT3098_v2_chr1C	84000000	86000000	2000000	0	0.000000
Asat_OT3098_v2_chr1C	86000000	88000000	2000000	0	0.000000
Asat_OT3098_v2_chr1C	88000000	90000000	2000000	0	0.000000
Asat_OT3098_v2_chr1C	90000000	92000000	2000000	0	0.000000
Asat_OT3098_v2_chr1C	92000000	94000000	2000000	0	0.000000
Asat_OT3098_v2_chr1C	94000000	96000000	2000000	0	0.000000
Asat_OT3098_v2_chr1C	96000000	98000000	2000000	0	0.000000
Asat_OT3098_v2_chr1C	98000000	100000000	2000000	0	0.000000
Asat_OT3098_v2_chr1C	100000000	102000000	2000000	0	0.000000
Asat_OT3098_v2_chr1C	102000000	104000000	2000000	0	0.000000
Asat_OT3098_v2_chr1C	104000000	106000000	2000000	0	0.000000
Asat_OT3098_v2_chr1C	106000000	108000000	2000000	0	0.000000
Asat_OT3098_v2_chr1C	108000000	110000000	2000000	0	0.000000
Asat_OT3098_v2_chr1C	110000000	112000000	2000000	0	0.000000
Asat_OT3098_v2_chr1C	112000000	114000000	2000000	0	0.000000
Asat_OT3098_v2_chr1C	114000000	116000000	2000000	0	0.000000
Asat_OT3098_v2_chr1C	116000000	118000000	2000000	0	0.000000
Asat_OT3098_v2_chr1C	118000000	120000000	2000000	0	0.000000
Asat_OT3098_v2_chr1C	120000000	122000000	2000000	0	0.000000
Asat_OT3098_v2_chr1C	122000000	124000000	2000000	0	0.000000
Asat_OT3098_v2_chr1C	124000000	126000000	2000000	0	0.000000
Asat_OT3098_v2_chr1C	126000000	128000000	2000000	0	0.000000
Asat_OT3098_v2_chr1C	128000000	130000000	2000000	0	0.000000
Asat_OT3098_v2_chr1C	130000000	132000000	2000000	0	0.000000
Asat_OT3098_v2_chr1C	132000000	134000000	2000000	0	0.000000
Asat_OT3098_v2_chr1C	134000000	136000000	2000000	0	0.000000
Asat_OT3098_v2_chr1C	136000000	138000000	2000000	0	0.000000
Asat_OT3098_v2_chr1C	138000000	140000000	2000000	0	0.000000
Asat_OT3098_v2_chr1C	140000000	142000000	2000000	0	0.000000
Asat_OT3098_v2_chr1C	142000000	144000000	2000000	0	0.000000
Asat_OT3098_v2_chr1C	144000000	146000000	2000000	0	0.000000
Asat_OT3098_v2_chr1C	146000000	148000000	2000000	0	0.000000
Asat_OT3098_v2_chr1C	148000000	150000000	2000000	0	0.000000
Asat_OT3098_v2_chr1C	150000000	152000000	2000000	0	0.000000
Asat_OT3098_v2_chr1C	152000000	154000000	2000000	0	0.000000
Asat_OT3098_v2_chr1C	154000000	156000000	2000000	0	0.000000
Asat_OT3098_v2_chr1C	156000000	158000000	2000000	0	0.000000
Asat_OT3098_v2_chr1C	158000000	160000000	2000000	0	0.000000
Asat_OT3098_v2_chr1C	160000000	162000000	2000000	0	0.000000
Asat_OT3098_v2_chr1C	162000000	164000000	2000000	0	0.000000
Asat_OT3098_v2_chr1C	164000000	166000000	2000000	0	0.000000
Asat_OT3098_v2_chr1C	166000000	168000000	2000000	0	0.000000
Asat_OT3098_v2_chr1C	168000000	170000000	2000000	0	0.000000
Asat_OT3098_v2_chr1C	170000000	172000000	2000000	0	0.000000
Asat_OT3098_v2_chr1C	172000000	174000000	2000000	0	0.000000
Asat_OT3098_v2_chr1C	174000000	176000000	2000000	0	0.000000
Asat_OT3098_v2_chr1C	176000000	178000000	2000000	0	0.000000
Asat_OT3098_v2_chr1C	178000000	180000000	2000000	0	0.000000
Asat_OT3098_v2_chr1C	180000000	182000000	2000000	0	0.000000
Asat_OT3098_v2_chr1C	182000000	184000000	2000000	0	0.000000
Asat_OT3098_v2_chr1C	184000000	186000000	2000000	0	0.000000
Asat_OT3098_v2_chr1C	186000000	188000000	2000000	0	0.000000
Asat_OT3098_v2_chr1C	188000000	190000000	2000000	0	0.000000
Asat_OT3098_v2_chr1C	190000000	192000000	2000000	0	0.000000
Asat_OT3098_v2_chr1C	192000000	194000000	2000000	0	0.000000
Asat_OT3098_v2_chr1C	194000000	196000000	2000000	0	0.000000
Asat_OT3098_v2_chr1C	196000000	198000000	2000000	0	0.000000
Asat_OT3098_v2_chr1C	198000000	200000000	2000000	0	0.000000
Asat_OT3098_v2_chr1C	200000000	202000000	2000000	0	0.000000
Asat_OT3098_v2_chr1C	202000000	204000000	2000000	0	0.000000
Asat_OT3098_v2_chr1C	204000000	206000000	2000000	0	0.000000
Asat_OT3098_v2_chr1C	206000000	208000000	2000000	0	0.000000
Asat_OT3098_v2_chr1C	208000000	210000000	2000000	0	0.000000
Asat_OT3098_v2_chr1C	210000000	212000000	2000000	0	0.000000
Asat_OT3098_v2_chr1C	212000000	214000000	2000000	0	0.000000
Asat_OT3098_v2_chr1C	214000000	216000000	2000000	0	0.000000
Asat_OT3098_v2_chr1C	216000000	218000000	2000000	0	0.000000
Asat_OT3098_v2_chr1C	218000000	220000000	2000000	0	0.000000
Asat_OT3098_v2_chr1C	220000000	222000000	2000000	0	0.000000
Asat_OT3098_v2_chr1C	222000000	224000000	2000000	0	0.000000
Asat_OT3098_v2_chr1C	224000000	226000000	2000000	0	0.000000
Asat_OT3098_v2_chr1C	226000000	228000000	2000000	0	0.000000
Asat_OT3098_v2_chr1C	228000000	230000000	2000000	0	0.000000
Asat_OT3098_v2_chr1C	230000000	232000000	2000000	0	0.000000
Asat_OT3098_v2_chr1C	232000000	234000000	2000000	0	0.000000
Asat_OT3098_v2_chr1C	234000000	236000000	2000000	0	0.000000
Asat_OT3098_v2_chr1C	236000000	238000000	2000000	0	0.000000
Asat_OT3098_v2_chr1C	238000000	240000000	2000000	0	0.000000
Asat_OT3098_v2_chr1C	240000000	242000000	2000000	0	0.000000
Asat_OT3098_v2_chr1C	242000000	244000000	2000000	0	0.000000
Asat_OT3098_v2_chr1C	244000000	246000000	2000000	0	0.000000
Asat_OT3098_v2_chr1C	246000000	248000000	2000000	0	0.000000
Asat_OT3098_v2_chr1C	248000000	250000000	2000000	0	0.000000
Asat_OT3098_v2_chr1C	250000000	252000000	2000000	0	0.000000
Asat_OT3098_v2_chr1C	252000000	254000000	2000000	0	0.000000
Asat_OT3098_v2_chr1C	254000000	256000000	2000000	0	0.000000
Asat_OT3098_v2_chr1C	256000000	258000000	2000000	0	0.000000
Asat_OT3098_v2_chr1C	258000000	260000000	2000000	0	0.000000
Asat_OT3098_v2_chr1C	260000000	262000000	2000000	0	0.000000
Asat_OT3098_v2_chr1C	262000000	264000000	2000000	0	0.000000
Asat_OT3098_v2_chr1C	264000000	266000000	2000000	0	0.000000
Asat_OT3098_v2_chr1C	266000000	268000000	2000000	0	0.000000
Asat_OT3098_v2_chr1C	268000000	270000000	2000000	0	0.000000
Asat_OT3098_v2_chr1C	270000000	272000000	2000000	0	0.000000
Asat_OT3098_v2_chr1C	272000000	274000000	2000000	0	0.000000
Asat_OT3098_v2_chr1C	274000000	276000000	2000000	0	0.000000
Asat_OT3098_v2_chr1C	276000000	278000000	2000000	0	0.000000
Asat_OT3098_v2_chr1C	278000000	280000000	2000000	0	0.000000
Asat_OT3098_v2_chr1C	280000000	282000000	2000000	0	0.000000
Asat_OT3098_v2_chr1C	282000000	284000000	2000000	0	0.000000
Asat_OT3098_v2_chr1C	284000000	286000000	2000000	0	0.000000
Asat_OT3098_v2_chr1C	286000000	288000000	2000000	0	0.000000
Asat_OT3098_v2_chr1C	288000000	290000000	2000000	0	0.000000
Asat_OT3098_v2_chr1C	290000000	292000000	2000000	0	0.000000
Asat_OT3098_v2_chr1C	292000000	294000000	2000000	0	0.000000
Asat_OT3098_v2_chr1C	294000000	296000000	2000000	0	0.000000
Asat_OT3098_v2_chr1C	296000000	298000000	2000000	0	0.000000
Asat_OT3098_v2_chr1C	298000000	300000000	2000000	0	0.000000
Asat_OT3098_v2_chr1C	300000000	302000000	2000000	0	0.000000
Asat_OT3098_v2_chr1C	302000000	304000000	2000000	0	0.000000
Asat_OT3098_v2_chr1C	304000000	306000000	2000000	0	0.000000
Asat_OT3098_v2_chr1C	306000000	308000000	2000000	0	0.000000
Asat_OT3098_v2_chr1C	308000000	310000000	2000000	0	0.000000
Asat_OT3098_v2_chr1C	310000000	312000000	2000000	0	0.000000
Asat_OT3098_v2_chr1C	312000000	314000000	2000000	0	0.000000
Asat_OT3098_v2_chr1C	314000000	316000000	2000000	0	0.000000
Asat_OT3098_v2_chr1C	316000000	318000000	2000000	0	0.000000
Asat_OT3098_v2_chr1C	318000000	320000000	2000000	0	0.000000
Asat_OT3098_v2_chr1C	320000000	322000000	2000000	0	0.000000
Asat_OT3098_v2_chr1C	322000000	324000000	2000000	0	0.000000
Asat_OT3098_v2_chr1C	324000000	326000000	2000000	0	0.000000
Asat_OT3098_v2_chr1C	326000000	328000000	2000000	0	0.000000
Asat_OT3098_v2_chr1C	328000000	330000000	2000000	0	0.000000
Asat_OT3098_v2_chr1C	330000000	332000000	2000000	0	0.000000
Asat_OT3098_v2_chr1C	332000000	334000000	2000000	0	0.000000
Asat_OT3098_v2_chr1C	334000000	336000000	2000000	0	0.000000
Asat_OT3098_v2_chr1C	336000000	338000000	2000000	0	0.000000
Asat_OT3098_v2_chr1C	338000000	340000000	2000000	0	0.000000
Asat_OT3098_v2_chr1C	340000000	342000000	2000000	0	0.000000
Asat_OT3098_v2_chr1C	342000000	344000000	2000000	0	0.000000
Asat_OT3098_v2_chr1C	344000000	346000000	2000000	0	0.000000
Asat_OT3098_v2_chr1C	346000000	348000000	2000000	0	0.000000
Asat_OT3098_v2_chr1C	348000000	350000000	2000000	0	0.000000
Asat_OT3098_v2_chr1C	350000000	352000000	2000000	0	0.000000
Asat_OT3098_v2_chr1C	352000000	354000000	2000000	0	0.000000
Asat_OT3098_v2_chr1C	354000000	356000000	2000000	0	0.000000
Asat_OT3098_v2_chr1C	356000000	358000000	2000000	0	0.000000
Asat_OT3098_v2_chr1C	358000000	360000000	2000000	0	0.000000
Asat_OT3098_v2_chr1C	360000000	362000000	2000000	0	0.000000
Asat_OT3098_v2_chr1C	362000000	364000000	2000000	0	0.000000
Asat_OT3098_v2_chr1C	364000000	366000000	2000000	0	0.000000
Asat_OT3098_v2_chr1C	366000000	368000000	2000000	0	0.000000
Asat_OT3098_v2_chr1C	368000000	370000000	2000000	0	0.000000
Asat_OT3098_v2_chr1C	370000000	372000000	2000000	0	0.000000
Asat_OT3098_v2_chr1C	372000000	374000000	2000000	0	0.000000
Asat_OT3098_v2_chr1C	374000000	376000000	2000000	0	0.000000
Asat_OT3098_v2_chr1C	376000000	378000000	2000000	0	0.000000
Asat_OT3098_v2_chr1C	378000000	380000000	2000000	0	0.000000
Asat_OT3098_v2_chr1C	380000000	382000000	2000000	0	0.000000
Asat_OT3098_v2_chr1C	382000000	384000000	2000000	0	0.000000
Asat_OT3098_v2_chr1C	384000000	386000000	2000000	0	0.000000
Asat_OT3098_v2_chr1C	386000000	388000000	2000000	0	0.000000
Asat_OT3098_v2_chr1C	388000000	390000000	2000000	0	0.000000
Asat_OT3098_v2_chr1C	390000000	392000000	2000000	0	0.000000
Asat_OT3098_v2_chr1C	392000000	394000000	2000000	0	0.000000
Asat_OT3098_v2_chr1C	394000000	396000000	2000000	0	0.000000
Asat_OT3098_v2_chr1C	396000000	398000000	2000000	0	0.000000
Asat_OT3098_v2_chr1C	398000000	400000000	2000000	0	0.000000
Asat_OT3098_v2_chr1C	400000000	402000000	2000000	0	0.000000
Asat_OT3098_v2_chr1C	402000000	404000000	2000000	0	0.000000
Asat_OT3098_v2_chr1C	404000000	406000000	2000000	0	0.000000
Asat_OT3098_v2_chr1C	406000000	408000000	2000000	0	0.000000
Asat_OT3098_v2_chr1C	408000000	410000000	2000000	0	0.000000
Asat_OT3098_v2_chr1C	410000000	412000000	2000000	0	0.000000
Asat_OT3098_v2_chr1C	412000000	414000000	2000000	0	0.000000
Asat_OT3098_v2_chr1C	414000000	416000000	2000000	0	0.000000
Asat_OT3098_v2_chr1C	416000000	418000000	2000000	0	0.000000
Asat_OT3098_v2_chr1C	418000000	420000000	2000000	0	0.000000
Asat_OT3098_v2_chr1C	420000000	422000000	2000000	0	0.000000
Asat_OT3098_v2_chr1C	422000000	424000000	2000000	0	0.000000
Asat_OT3098_v2_chr1C	424000000	426000000	2000000	0	0.000000
Asat_OT3098_v2_chr1C	426000000	428000000	2000000	0	0.000000
Asat_OT3098_v2_chr1C	428000000	430000000	2000000	0	0.000000
Asat_OT3098_v2_chr1C	430000000	432000000	2000000	0	0.000000
Asat_OT3098_v2_chr1C	432000000	434000000	2000000	0	0.000000
Asat_OT3098_v2_chr1C	434000000	436000000	2000000	0	0.000000
Asat_OT3098_v2_chr1C	436000000	438000000	2000000	0	0.000000
Asat_OT3098_v2_chr1C	438000000	440000000	2000000	0	0.000000
Asat_OT3098_v2_chr1C	440000000	442000000	2000000	0	0.000000
Asat_OT3098_v2_chr1C	442000000	444000000	2000000	0	0.000000
Asat_OT3098_v2_chr1C	444000000	446000000	2000000	0	0.000000
Asat_OT3098_v2_chr1C	446000000	448000000	2000000	0	0.000000
Asat_OT3098_v2_chr1C	448000000	450000000	2000000	0	0.000000
Asat_OT3098_v2_chr1C	450000000	452000000	2000000	0	0.000000
Asat_OT3098_v2_chr1C	452000000	454000000	2000000	0	0.000000
Asat_OT3098_v2_chr1C	454000000	456000000	2000000	0	0.000000
Asat_OT3098_v2_chr1C	456000000	458000000	2000000	0	0.000000
Asat_OT3098_v2_chr1C	458000000	460000000	2000000	0	0.000000
Asat_OT3098_v2_chr1C	460000000	462000000	2000000	0	0.000000
Asat_OT3098_v2_chr1C	462000000	462796039	796039	0	0.000000
Asat_OT3098_v2_chr1D	0	2000000	2000000	0	0.000000
Asat_OT3098_v2_chr1D	2000000	4000000	2000000	0	0.000000
Asat_OT3098_v2_chr1D	4000000	6000000	2000000	0	0.000000
Asat_OT3098_v2_chr1D	6000000	8000000	2000000	0	0.000000
Asat_OT3098_v2_chr1D	8000000	10000000	2000000	0	0.000000
Asat_OT3098_v2_chr1D	10000000	12000000	2000000	0	0.000000
Asat_OT3098_v2_chr1D	12000000	14000000	2000000	0	0.000000
Asat_OT3098_v2_chr1D	14000000	16000000	2000000	0	0.000000
Asat_OT3098_v2_chr1D	16000000	18000000	2000000	0	0.000000
Asat_OT3098_v2_chr1D	18000000	20000000	2000000	0	0.000000
Asat_OT3098_v2_chr1D	20000000	22000000	2000000	0	0.000000
Asat_OT3098_v2_chr1D	22000000	24000000	2000000	0	0.000000
Asat_OT3098_v2_chr1D	24000000	26000000	2000000	0	0.000000
Asat_OT3098_v2_chr1D	26000000	28000000	2000000	0	0.000000
Asat_OT3098_v2_chr1D	28000000	30000000	2000000	0	0.000000
Asat_OT3098_v2_chr1D	30000000	32000000	2000000	0	0.000000
Asat_OT3098_v2_chr1D	32000000	34000000	2000000	0	0.000000
Asat_OT3098_v2_chr1D	34000000	36000000	2000000	0	0.000000
Asat_OT3098_v2_chr1D	36000000	38000000	2000000	0	0.000000
Asat_OT3098_v2_chr1D	38000000	40000000	2000000	0	0.000000
Asat_OT3098_v2_chr1D	40000000	42000000	2000000	0	0.000000
Asat_OT3098_v2_chr1D	42000000	44000000	2000000	0	0.000000
Asat_OT3098_v2_chr1D	44000000	46000000	2000000	0	0.000000
Asat_OT3098_v2_chr1D	46000000	48000000	2000000	0	0.000000
Asat_OT3098_v2_chr1D	48000000	50000000	2000000	0	0.000000
Asat_OT3098_v2_chr1D	50000000	52000000	2000000	0	0.000000
Asat_OT3098_v2_chr1D	52000000	54000000	2000000	0	0.000000
Asat_OT3098_v2_chr1D	54000000	56000000	2000000	0	0.000000
Asat_OT3098_v2_chr1D	56000000	58000000	2000000	0	0.000000
Asat_OT3098_v2_chr1D	58000000	60000000	2000000	0	0.000000
Asat_OT3098_v2_chr1D	60000000	62000000	2000000	0	0.000000
Asat_OT3098_v2_chr1D	62000000	64000000	2000000	0	0.000000
Asat_OT3098_v2_chr1D	64000000	66000000	2000000	0	0.000000
Asat_OT3098_v2_chr1D	66000000	68000000	2000000	0	0.000000
Asat_OT3098_v2_chr1D	68000000	70000000	2000000	0	0.000000
Asat_OT3098_v2_chr1D	70000000	72000000	2000000	0	0.000000
Asat_OT3098_v2_chr1D	72000000	74000000	2000000	0	0.000000
Asat_OT3098_v2_chr1D	74000000	76000000	2000000	0	0.000000
Asat_OT3098_v2_chr1D	76000000	78000000	2000000	0	0.000000
Asat_OT3098_v2_chr1D	78000000	80000000	2000000	0	0.000000
Asat_OT3098_v2_chr1D	80000000	82000000	2000000	0	0.000000
Asat_OT3098_v2_chr1D	82000000	84000000	2000000	0	0.000000
Asat_OT3098_v2_chr1D	84000000	86000000	2000000	0	0.000000
Asat_OT3098_v2_chr1D	86000000	88000000	2000000	0	0.000000
Asat_OT3098_v2_chr1D	88000000	90000000	2000000	0	0.000000
Asat_OT3098_v2_chr1D	90000000	92000000	2000000	0	0.000000
Asat_OT3098_v2_chr1D	92000000	94000000	2000000	0	0.000000
Asat_OT3098_v2_chr1D	94000000	96000000	2000000	0	0.000000
Asat_OT3098_v2_chr1D	96000000	98000000	2000000	0	0.000000
Asat_OT3098_v2_chr1D	98000000	100000000	2000000	0	0.000000
Asat_OT3098_v2_chr1D	100000000	102000000	2000000	0	0.000000
Asat_OT3098_v2_chr1D	102000000	104000000	2000000	0	0.000000
Asat_OT3098_v2_chr1D	104000000	106000000	2000000	0	0.000000
Asat_OT3098_v2_chr1D	106000000	108000000	2000000	0	0.000000
Asat_OT3098_v2_chr1D	108000000	110000000	2000000	0	0.000000
Asat_OT3098_v2_chr1D	110000000	112000000	2000000	0	0.000000
Asat_OT3098_v2_chr1D	112000000	114000000	2000000	0	0.000000
Asat_OT3098_v2_chr1D	114000000	116000000	2000000	0	0.000000
Asat_OT3098_v2_chr1D	116000000	118000000	2000000	0	0.000000
Asat_OT3098_v2_chr1D	118000000	120000000	2000000	0	0.000000
Asat_OT3098_v2_chr1D	120000000	122000000	2000000	0	0.000000
Asat_OT3098_v2_chr1D	122000000	124000000	2000000	0	0.000000
Asat_OT3098_v2_chr1D	124000000	126000000	2000000	0	0.000000
Asat_OT3098_v2_chr1D	126000000	128000000	2000000	0	0.000000
Asat_OT3098_v2_chr1D	128000000	130000000	2000000	0	0.000000
Asat_OT3098_v2_chr1D	130000000	132000000	2000000	0	0.000000
Asat_OT3098_v2_chr1D	132000000	134000000	2000000	0	0.000000
Asat_OT3098_v2_chr1D	134000000	136000000	2000000	0	0.000000
Asat_OT3098_v2_chr1D	136000000	138000000	2000000	0	0.000000
Asat_OT3098_v2_chr1D	138000000	140000000	2000000	0	0.000000
Asat_OT3098_v2_chr1D	140000000	142000000	2000000	0	0.000000
Asat_OT3098_v2_chr1D	142000000	144000000	2000000	0	0.000000
Asat_OT3098_v2_chr1D	144000000	146000000	2000000	0	0.000000
Asat_OT3098_v2_chr1D	146000000	148000000	2000000	0	0.000000
Asat_OT3098_v2_chr1D	148000000	150000000	2000000	0	0.000000
Asat_OT3098_v2_chr1D	150000000	152000000	2000000	0	0.000000
Asat_OT3098_v2_chr1D	152000000	154000000	2000000	0	0.000000
Asat_OT3098_v2_chr1D	154000000	156000000	2000000	0	0.000000
Asat_OT3098_v2_chr1D	156000000	158000000	2000000	0	0.000000
Asat_OT3098_v2_chr1D	158000000	160000000	2000000	0	0.000000
Asat_OT3098_v2_chr1D	160000000	162000000	2000000	0	0.000000
Asat_OT3098_v2_chr1D	162000000	164000000	2000000	0	0.000000
Asat_OT3098_v2_chr1D	164000000	166000000	2000000	0	0.000000
Asat_OT3098_v2_chr1D	166000000	168000000	2000000	0	0.000000
Asat_OT3098_v2_chr1D	168000000	170000000	2000000	0	0.000000
Asat_OT3098_v2_chr1D	170000000	172000000	2000000	0	0.000000
Asat_OT3098_v2_chr1D	172000000	174000000	2000000	0	0.000000
Asat_OT3098_v2_chr1D	174000000	176000000	2000000	0	0.000000
Asat_OT3098_v2_chr1D	176000000	178000000	2000000	0	0.000000
Asat_OT3098_v2_chr1D	178000000	180000000	2000000	0	0.000000
Asat_OT3098_v2_chr1D	180000000	182000000	2000000	0	0.000000
Asat_OT3098_v2_chr1D	182000000	184000000	2000000	0	0.000000
Asat_OT3098_v2_chr1D	184000000	186000000	2000000	0	0.000000
Asat_OT3098_v2_chr1D	186000000	188000000	2000000	0	0.000000
Asat_OT3098_v2_chr1D	188000000	190000000	2000000	0	0.000000
Asat_OT3098_v2_chr1D	190000000	192000000	2000000	0	0.000000
Asat_OT3098_v2_chr1D	192000000	194000000	2000000	0	0.000000
Asat_OT3098_v2_chr1D	194000000	196000000	2000000	0	0.000000
Asat_OT3098_v2_chr1D	196000000	198000000	2000000	0	0.000000
Asat_OT3098_v2_chr1D	198000000	200000000	2000000	0	0.000000
Asat_OT3098_v2_chr1D	200000000	202000000	2000000	0	0.000000
Asat_OT3098_v2_chr1D	202000000	204000000	2000000	0	0.000000
Asat_OT3098_v2_chr1D	204000000	206000000	2000000	0	0.000000
Asat_OT3098_v2_chr1D	206000000	208000000	2000000	0	0.000000
Asat_OT3098_v2_chr1D	208000000	210000000	2000000	0	0.000000
Asat_OT3098_v2_chr1D	210000000	212000000	2000000	0	0.000000
Asat_OT3098_v2_chr1D	212000000	214000000	2000000	0	0.000000
Asat_OT3098_v2_chr1D	214000000	216000000	2000000	0	0.000000
Asat_OT3098_v2_chr1D	216000000	218000000	2000000	0	0.000000
Asat_OT3098_v2_chr1D	218000000	220000000	2000000	0	0.000000
Asat_OT3098_v2_chr1D	220000000	222000000	2000000	0	0.000000
Asat_OT3098_v2_chr1D	222000000	224000000	2000000	0	0.000000
Asat_OT3098_v2_chr1D	224000000	226000000	2000000	0	0.000000
Asat_OT3098_v2_chr1D	226000000	228000000	2000000	0	0.000000
Asat_OT3098_v2_chr1D	228000000	230000000	2000000	0	0.000000
Asat_OT3098_v2_chr1D	230000000	232000000	2000000	0	0.000000
Asat_OT3098_v2_chr1D	232000000	234000000	2000000	0	0.000000
Asat_OT3098_v2_chr1D	234000000	236000000	2000000	0	0.000000
Asat_OT3098_v2_chr1D	236000000	238000000	2000000	0	0.000000
Asat_OT3098_v2_chr1D	238000000	240000000	2000000	0	0.000000
Asat_OT3098_v2_chr1D	240000000	242000000	2000000	0	0.000000
Asat_OT3098_v2_chr1D	242000000	244000000	2000000	0	0.000000
Asat_OT3098_v2_chr1D	244000000	246000000	2000000	0	0.000000
Asat_OT3098_v2_chr1D	246000000	248000000	2000000	0	0.000000
Asat_OT3098_v2_chr1D	248000000	250000000	2000000	0	0.000000
Asat_OT3098_v2_chr1D	250000000	252000000	2000000	0	0.000000
Asat_OT3098_v2_chr1D	252000000	254000000	2000000	0	0.000000
Asat_OT3098_v2_chr1D	254000000	256000000	2000000	0	0.000000
Asat_OT3098_v2_chr1D	256000000	258000000	2000000	0	0.000000
Asat_OT3098_v2_chr1D	258000000	260000000	2000000	0	0.000000
Asat_OT3098_v2_chr1D	260000000	262000000	2000000	0	0.000000
Asat_OT3098_v2_chr1D	262000000	264000000	2000000	0	0.000000
Asat_OT3098_v2_chr1D	264000000	266000000	2000000	0	0.000000
Asat_OT3098_v2_chr1D	266000000	268000000	2000000	0	0.000000
Asat_OT3098_v2_chr1D	268000000	270000000	2000000	0	0.000000
Asat_OT3098_v2_chr1D	270000000	272000000	2000000	0	0.000000
Asat_OT3098_v2_chr1D	272000000	274000000	2000000	0	0.000000
Asat_OT3098_v2_chr1D	274000000	276000000	2000000	0	0.000000
Asat_OT3098_v2_chr1D	276000000	278000000	2000000	0	0.000000
Asat_OT3098_v2_chr1D	278000000	280000000	2000000	0	0.000000
Asat_OT3098_v2_chr1D	280000000	282000000	2000000	0	0.000000
Asat_OT3098_v2_chr1D	282000000	284000000	2000000	0	0.000000
Asat_OT3098_v2_chr1D	284000000	286000000	2000000	0	0.000000
Asat_OT3098_v2_chr1D	286000000	288000000	2000000	0	0.000000
Asat_OT3098_v2_chr1D	288000000	290000000	2000000	0	0.000000
Asat_OT3098_v2_chr1D	290000000	292000000	2000000	0	0.000000
Asat_OT3098_v2_chr1D	292000000	294000000	2000000	0	0.000000
Asat_OT3098_v2_chr1D	294000000	296000000	2000000	0	0.000000
Asat_OT3098_v2_chr1D	296000000	298000000	2000000	0	0.000000
Asat_OT3098_v2_chr1D	298000000	300000000	2000000	0	0.000000
Asat_OT3098_v2_chr1D	300000000	302000000	2000000	0	0.000000
Asat_OT3098_v2_chr1D	302000000	304000000	2000000	0	0.000000
Asat_OT3098_v2_chr1D	304000000	306000000	2000000	0	0.000000
Asat_OT3098_v2_chr1D	306000000	308000000	2000000	0	0.000000
Asat_OT3098_v2_chr1D	308000000	310000000	2000000	0	0.000000
Asat_OT3098_v2_chr1D	310000000	312000000	2000000	0	0.000000
Asat_OT3098_v2_chr1D	312000000	314000000	2000000	0	0.000000
Asat_OT3098_v2_chr1D	314000000	316000000	2000000	0	0.000000
Asat_OT3098_v2_chr1D	316000000	318000000	2000000	0	0.000000
Asat_OT3098_v2_chr1D	318000000	320000000	2000000	0	0.000000
Asat_OT3098_v2_chr1D	320000000	322000000	2000000	0	0.000000
Asat_OT3098_v2_chr1D	322000000	324000000	2000000	0	0.000000
Asat_OT3098_v2_chr1D	324000000	326000000	2000000	0	0.000000
Asat_OT3098_v2_chr1D	326000000	328000000	2000000	0	0.000000
Asat_OT3098_v2_chr1D	328000000	330000000	2000000	0	0.000000
Asat_OT3098_v2_chr1D	330000000	332000000	2000000	0	0.000000
Asat_OT3098_v2_chr1D	332000000	334000000	2000000	0	0.000000
Asat_OT3098_v2_chr1D	334000000	336000000	2000000	0	0.000000
Asat_OT3098_v2_chr1D	336000000	338000000	2000000	0	0.000000
Asat_OT3098_v2_chr1D	338000000	340000000	2000000	0	0.000000
Asat_OT3098_v2_chr1D	340000000	342000000	2000000	0	0.000000
Asat_OT3098_v2_chr1D	342000000	344000000	2000000	0	0.000000
Asat_OT3098_v2_chr1D	344000000	346000000	2000000	0	0.000000
Asat_OT3098_v2_chr1D	346000000	348000000	2000000	0	0.000000
Asat_OT3098_v2_chr1D	348000000	350000000	2000000	0	0.000000
Asat_OT3098_v2_chr1D	350000000	352000000	2000000	0	0.000000
Asat_OT3098_v2_chr1D	352000000	354000000	2000000	0	0.000000
Asat_OT3098_v2_chr1D	354000000	356000000	2000000	0	0.000000
Asat_OT3098_v2_chr1D	356000000	358000000	2000000	0	0.000000
Asat_OT3098_v2_chr1D	358000000	360000000	2000000	0	0.000000
Asat_OT3098_v2_chr1D	360000000	362000000	2000000	0	0.000000
Asat_OT3098_v2_chr1D	362000000	364000000	2000000	0	0.000000
Asat_OT3098_v2_chr1D	364000000	366000000	2000000	0	0.000000
Asat_OT3098_v2_chr1D	366000000	368000000	2000000	0	0.000000
Asat_OT3098_v2_chr1D	368000000	370000000	2000000	0	0.000000
Asat_OT3098_v2_chr1D	370000000	372000000	2000000	0	0.000000
Asat_OT3098_v2_chr1D	372000000	374000000	2000000	0	0.000000
Asat_OT3098_v2_chr1D	374000000	376000000	2000000	0	0.000000
Asat_OT3098_v2_chr1D	376000000	378000000	2000000	0	0.000000
Asat_OT3098_v2_chr1D	378000000	380000000	2000000	0	0.000000
Asat_OT3098_v2_chr1D	380000000	382000000	2000000	0	0.000000
Asat_OT3098_v2_chr1D	382000000	384000000	2000000	0	0.000000
Asat_OT3098_v2_chr1D	384000000	386000000	2000000	0	0.000000
Asat_OT3098_v2_chr1D	386000000	388000000	2000000	0	0.000000
Asat_OT3098_v2_chr1D	388000000	390000000	2000000	0	0.000000
Asat_OT3098_v2_chr1D	390000000	392000000	2000000	0	0.000000
Asat_OT3098_v2_chr1D	392000000	394000000	2000000	0	0.000000
Asat_OT3098_v2_chr1D	394000000	396000000	2000000	0	0.000000
Asat_OT3098_v2_chr1D	396000000	398000000	2000000	0	0.000000
Asat_OT3098_v2_chr1D	398000000	400000000	2000000	0	0.000000
Asat_OT3098_v2_chr1D	400000000	402000000	2000000	0	0.000000
Asat_OT3098_v2_chr1D	402000000	404000000	2000000	0	0.000000
Asat_OT3098_v2_chr1D	404000000	406000000	2000000	0	0.000000
Asat_OT3098_v2_chr1D	406000000	408000000	2000000	0	0.000000
Asat_OT3098_v2_chr1D	408000000	410000000	2000000	0	0.000000
Asat_OT3098_v2_chr1D	410000000	412000000	2000000	0	0.000000
Asat_OT3098_v2_chr1D	412000000	414000000	2000000	0	0.000000
Asat_OT3098_v2_chr1D	414000000	416000000	2000000	0	0.000000
Asat_OT3098_v2_chr1D	416000000	418000000	2000000	0	0.000000
Asat_OT3098_v2_chr1D	418000000	420000000	2000000	0	0.000000
Asat_OT3098_v2_chr1D	420000000	422000000	2000000	0	0.000000
Asat_OT3098_v2_chr1D	422000000	424000000	2000000	0	0.000000
Asat_OT3098_v2_chr1D	424000000	426000000	2000000	0	0.000000
Asat_OT3098_v2_chr1D	426000000	428000000	2000000	0	0.000000
Asat_OT3098_v2_chr1D	428000000	430000000	2000000	0	0.000000
Asat_OT3098_v2_chr1D	430000000	432000000	2000000	0	0.000000
Asat_OT3098_v2_chr1D	432000000	434000000	2000000	0	0.000000
Asat_OT3098_v2_chr1D	434000000	436000000	2000000	0	0.000000
Asat_OT3098_v2_chr1D	436000000	438000000	2000000	0	0.000000
Asat_OT3098_v2_chr1D	438000000	440000000	2000000	0	0.000000
Asat_OT3098_v2_chr1D	440000000	442000000	2000000	0	0.000000
Asat_OT3098_v2_chr1D	442000000	444000000	2000000	0	0.000000
Asat_OT3098_v2_chr1D	444000000	446000000	2000000	0	0.000000
Asat_OT3098_v2_chr1D	446000000	448000000	2000000	0	0.000000
Asat_OT3098_v2_chr1D	448000000	450000000	2000000	0	0.000000
Asat_OT3098_v2_chr1D	450000000	452000000	2000000	0	0.000000
Asat_OT3098_v2_chr1D	452000000	454000000	2000000	0	0.000000
Asat_OT3098_v2_chr1D	454000000	456000000	2000000	0	0.000000
Asat_OT3098_v2_chr1D	456000000	458000000	2000000	0	0.000000
Asat_OT3098_v2_chr1D	458000000	460000000	2000000	0	0.000000
Asat_OT3098_v2_chr1D	460000000	462000000	2000000	0	0.000000
Asat_OT3098_v2_chr1D	462000000	464000000	2000000	0	0.000000
Asat_OT3098_v2_chr1D	464000000	466000000	2000000	0	0.000000
Asat_OT3098_v2_chr1D	466000000	468000000	2000000	0	0.000000
Asat_OT3098_v2_chr1D	468000000	470000000	2000000	0	0.000000
Asat_OT3098_v2_chr1D	470000000	472000000	2000000	0	0.000000
Asat_OT3098_v2_chr1D	472000000	474000000	2000000	0	0.000000
Asat_OT3098_v2_chr1D	474000000	476000000	2000000	0	0.000000
Asat_OT3098_v2_chr1D	476000000	478000000	2000000	0	0.000000
Asat_OT3098_v2_chr1D	478000000	480000000	2000000	0	0.000000
Asat_OT3098_v2_chr1D	480000000	482000000	2000000	0	0.000000
Asat_OT3098_v2_chr1D	482000000	484000000	2000000	0	0.000000
Asat_OT3098_v2_chr1D	484000000	484215583	215583	0	0.000000
Asat_OT3098_v2_chr2A	0	2000000	2000000	0	0.000000
Asat_OT3098_v2_chr2A	2000000	4000000	2000000	0	0.000000
Asat_OT3098_v2_chr2A	4000000	6000000	2000000	0	0.000000
Asat_OT3098_v2_chr2A	6000000	8000000	2000000	0	0.000000
Asat_OT3098_v2_chr2A	8000000	10000000	2000000	0	0.000000
Asat_OT3098_v2_chr2A	10000000	12000000	2000000	0	0.000000
Asat_OT3098_v2_chr2A	12000000	14000000	2000000	0	0.000000
Asat_OT3098_v2_chr2A	14000000	16000000	2000000	0	0.000000
Asat_OT3098_v2_chr2A	16000000	18000000	2000000	0	0.000000
Asat_OT3098_v2_chr2A	18000000	20000000	2000000	0	0.000000
Asat_OT3098_v2_chr2A	20000000	22000000	2000000	0	0.000000
Asat_OT3098_v2_chr2A	22000000	24000000	2000000	0	0.000000
Asat_OT3098_v2_chr2A	24000000	26000000	2000000	0	0.000000
Asat_OT3098_v2_chr2A	26000000	28000000	2000000	0	0.000000
Asat_OT3098_v2_chr2A	28000000	30000000	2000000	0	0.000000
Asat_OT3098_v2_chr2A	30000000	32000000	2000000	0	0.000000
Asat_OT3098_v2_chr2A	32000000	34000000	2000000	0	0.000000
Asat_OT3098_v2_chr2A	34000000	36000000	2000000	0	0.000000
Asat_OT3098_v2_chr2A	36000000	38000000	2000000	0	0.000000
Asat_OT3098_v2_chr2A	38000000	40000000	2000000	0	0.000000
Asat_OT3098_v2_chr2A	40000000	42000000	2000000	0	0.000000
Asat_OT3098_v2_chr2A	42000000	44000000	2000000	0	0.000000
Asat_OT3098_v2_chr2A	44000000	46000000	2000000	0	0.000000
Asat_OT3098_v2_chr2A	46000000	48000000	2000000	0	0.000000
Asat_OT3098_v2_chr2A	48000000	50000000	2000000	0	0.000000
Asat_OT3098_v2_chr2A	50000000	52000000	2000000	0	0.000000
Asat_OT3098_v2_chr2A	52000000	54000000	2000000	0	0.000000
Asat_OT3098_v2_chr2A	54000000	56000000	2000000	0	0.000000
Asat_OT3098_v2_chr2A	56000000	58000000	2000000	0	0.000000
Asat_OT3098_v2_chr2A	58000000	60000000	2000000	0	0.000000
Asat_OT3098_v2_chr2A	60000000	62000000	2000000	0	0.000000
Asat_OT3098_v2_chr2A	62000000	64000000	2000000	0	0.000000
Asat_OT3098_v2_chr2A	64000000	66000000	2000000	0	0.000000
Asat_OT3098_v2_chr2A	66000000	68000000	2000000	0	0.000000
Asat_OT3098_v2_chr2A	68000000	70000000	2000000	0	0.000000
Asat_OT3098_v2_chr2A	70000000	72000000	2000000	0	0.000000
Asat_OT3098_v2_chr2A	72000000	74000000	2000000	0	0.000000
Asat_OT3098_v2_chr2A	74000000	76000000	2000000	0	0.000000
Asat_OT3098_v2_chr2A	76000000	78000000	2000000	0	0.000000
Asat_OT3098_v2_chr2A	78000000	80000000	2000000	0	0.000000
Asat_OT3098_v2_chr2A	80000000	82000000	2000000	0	0.000000
Asat_OT3098_v2_chr2A	82000000	84000000	2000000	0	0.000000
Asat_OT3098_v2_chr2A	84000000	86000000	2000000	0	0.000000
Asat_OT3098_v2_chr2A	86000000	88000000	2000000	0	0.000000
Asat_OT3098_v2_chr2A	88000000	90000000	2000000	0	0.000000
Asat_OT3098_v2_chr2A	90000000	92000000	2000000	0	0.000000
Asat_OT3098_v2_chr2A	92000000	94000000	2000000	0	0.000000
Asat_OT3098_v2_chr2A	94000000	96000000	2000000	0	0.000000
Asat_OT3098_v2_chr2A	96000000	98000000	2000000	0	0.000000
Asat_OT3098_v2_chr2A	98000000	100000000	2000000	0	0.000000
Asat_OT3098_v2_chr2A	100000000	102000000	2000000	0	0.000000
Asat_OT3098_v2_chr2A	102000000	104000000	2000000	0	0.000000
Asat_OT3098_v2_chr2A	104000000	106000000	2000000	0	0.000000
Asat_OT3098_v2_chr2A	106000000	108000000	2000000	0	0.000000
Asat_OT3098_v2_chr2A	108000000	110000000	2000000	0	0.000000
Asat_OT3098_v2_chr2A	110000000	112000000	2000000	0	0.000000
Asat_OT3098_v2_chr2A	112000000	114000000	2000000	0	0.000000
Asat_OT3098_v2_chr2A	114000000	116000000	2000000	0	0.000000
Asat_OT3098_v2_chr2A	116000000	118000000	2000000	0	0.000000
Asat_OT3098_v2_chr2A	118000000	120000000	2000000	0	0.000000
Asat_OT3098_v2_chr2A	120000000	122000000	2000000	0	0.000000
Asat_OT3098_v2_chr2A	122000000	124000000	2000000	0	0.000000
Asat_OT3098_v2_chr2A	124000000	126000000	2000000	0	0.000000
Asat_OT3098_v2_chr2A	126000000	128000000	2000000	0	0.000000
Asat_OT3098_v2_chr2A	128000000	130000000	2000000	0	0.000000
Asat_OT3098_v2_chr2A	130000000	132000000	2000000	0	0.000000
Asat_OT3098_v2_chr2A	132000000	134000000	2000000	0	0.000000
Asat_OT3098_v2_chr2A	134000000	136000000	2000000	0	0.000000
Asat_OT3098_v2_chr2A	136000000	138000000	2000000	0	0.000000
Asat_OT3098_v2_chr2A	138000000	140000000	2000000	0	0.000000
Asat_OT3098_v2_chr2A	140000000	142000000	2000000	0	0.000000
Asat_OT3098_v2_chr2A	142000000	144000000	2000000	0	0.000000
Asat_OT3098_v2_chr2A	144000000	146000000	2000000	0	0.000000
Asat_OT3098_v2_chr2A	146000000	148000000	2000000	0	0.000000
Asat_OT3098_v2_chr2A	148000000	150000000	2000000	0	0.000000
Asat_OT3098_v2_chr2A	150000000	152000000	2000000	0	0.000000
Asat_OT3098_v2_chr2A	152000000	154000000	2000000	0	0.000000
Asat_OT3098_v2_chr2A	154000000	156000000	2000000	0	0.000000
Asat_OT3098_v2_chr2A	156000000	158000000	2000000	0	0.000000
Asat_OT3098_v2_chr2A	158000000	160000000	2000000	0	0.000000
Asat_OT3098_v2_chr2A	160000000	162000000	2000000	0	0.000000
Asat_OT3098_v2_chr2A	162000000	164000000	2000000	0	0.000000
Asat_OT3098_v2_chr2A	164000000	166000000	2000000	0	0.000000
Asat_OT3098_v2_chr2A	166000000	168000000	2000000	0	0.000000
Asat_OT3098_v2_chr2A	168000000	170000000	2000000	0	0.000000
Asat_OT3098_v2_chr2A	170000000	172000000	2000000	0	0.000000
Asat_OT3098_v2_chr2A	172000000	174000000	2000000	0	0.000000
Asat_OT3098_v2_chr2A	174000000	176000000	2000000	0	0.000000
Asat_OT3098_v2_chr2A	176000000	178000000	2000000	0	0.000000
Asat_OT3098_v2_chr2A	178000000	180000000	2000000	0	0.000000
Asat_OT3098_v2_chr2A	180000000	182000000	2000000	0	0.000000
Asat_OT3098_v2_chr2A	182000000	184000000	2000000	0	0.000000
Asat_OT3098_v2_chr2A	184000000	186000000	2000000	0	0.000000
Asat_OT3098_v2_chr2A	186000000	188000000	2000000	0	0.000000
Asat_OT3098_v2_chr2A	188000000	190000000	2000000	0	0.000000
Asat_OT3098_v2_chr2A	190000000	192000000	2000000	0	0.000000
Asat_OT3098_v2_chr2A	192000000	194000000	2000000	0	0.000000
Asat_OT3098_v2_chr2A	194000000	196000000	2000000	0	0.000000
Asat_OT3098_v2_chr2A	196000000	198000000	2000000	0	0.000000
Asat_OT3098_v2_chr2A	198000000	200000000	2000000	0	0.000000
Asat_OT3098_v2_chr2A	200000000	202000000	2000000	0	0.000000
Asat_OT3098_v2_chr2A	202000000	204000000	2000000	0	0.000000
Asat_OT3098_v2_chr2A	204000000	206000000	2000000	0	0.000000
Asat_OT3098_v2_chr2A	206000000	208000000	2000000	0	0.000000
Asat_OT3098_v2_chr2A	208000000	210000000	2000000	0	0.000000
Asat_OT3098_v2_chr2A	210000000	212000000	2000000	0	0.000000
Asat_OT3098_v2_chr2A	212000000	214000000	2000000	0	0.000000
Asat_OT3098_v2_chr2A	214000000	216000000	2000000	0	0.000000
Asat_OT3098_v2_chr2A	216000000	218000000	2000000	0	0.000000
Asat_OT3098_v2_chr2A	218000000	220000000	2000000	0	0.000000
Asat_OT3098_v2_chr2A	220000000	222000000	2000000	0	0.000000
Asat_OT3098_v2_chr2A	222000000	224000000	2000000	0	0.000000
Asat_OT3098_v2_chr2A	224000000	226000000	2000000	0	0.000000
Asat_OT3098_v2_chr2A	226000000	228000000	2000000	0	0.000000
Asat_OT3098_v2_chr2A	228000000	230000000	2000000	0	0.000000
Asat_OT3098_v2_chr2A	230000000	232000000	2000000	0	0.000000
Asat_OT3098_v2_chr2A	232000000	234000000	2000000	0	0.000000
Asat_OT3098_v2_chr2A	234000000	236000000	2000000	0	0.000000
Asat_OT3098_v2_chr2A	236000000	238000000	2000000	0	0.000000
Asat_OT3098_v2_chr2A	238000000	240000000	2000000	0	0.000000
Asat_OT3098_v2_chr2A	240000000	242000000	2000000	0	0.000000
Asat_OT3098_v2_chr2A	242000000	244000000	2000000	0	0.000000
Asat_OT3098_v2_chr2A	244000000	246000000	2000000	0	0.000000
Asat_OT3098_v2_chr2A	246000000	248000000	2000000	0	0.000000
Asat_OT3098_v2_chr2A	248000000	250000000	2000000	0	0.000000
Asat_OT3098_v2_chr2A	250000000	252000000	2000000	0	0.000000
Asat_OT3098_v2_chr2A	252000000	254000000	2000000	0	0.000000
Asat_OT3098_v2_chr2A	254000000	256000000	2000000	0	0.000000
Asat_OT3098_v2_chr2A	256000000	258000000	2000000	0	0.000000
Asat_OT3098_v2_chr2A	258000000	260000000	2000000	0	0.000000
Asat_OT3098_v2_chr2A	260000000	262000000	2000000	0	0.000000
Asat_OT3098_v2_chr2A	262000000	264000000	2000000	0	0.000000
Asat_OT3098_v2_chr2A	264000000	266000000	2000000	0	0.000000
Asat_OT3098_v2_chr2A	266000000	268000000	2000000	0	0.000000
Asat_OT3098_v2_chr2A	268000000	270000000	2000000	0	0.000000
Asat_OT3098_v2_chr2A	270000000	272000000	2000000	0	0.000000
Asat_OT3098_v2_chr2A	272000000	274000000	2000000	0	0.000000
Asat_OT3098_v2_chr2A	274000000	276000000	2000000	0	0.000000
Asat_OT3098_v2_chr2A	276000000	278000000	2000000	0	0.000000
Asat_OT3098_v2_chr2A	278000000	280000000	2000000	0	0.000000
Asat_OT3098_v2_chr2A	280000000	282000000	2000000	0	0.000000
Asat_OT3098_v2_chr2A	282000000	284000000	2000000	0	0.000000
Asat_OT3098_v2_chr2A	284000000	286000000	2000000	0	0.000000
Asat_OT3098_v2_chr2A	286000000	288000000	2000000	0	0.000000
Asat_OT3098_v2_chr2A	288000000	290000000	2000000	0	0.000000
Asat_OT3098_v2_chr2A	290000000	292000000	2000000	0	0.000000
Asat_OT3098_v2_chr2A	292000000	294000000	2000000	0	0.000000
Asat_OT3098_v2_chr2A	294000000	296000000	2000000	0	0.000000
Asat_OT3098_v2_chr2A	296000000	298000000	2000000	0	0.000000
Asat_OT3098_v2_chr2A	298000000	300000000	2000000	0	0.000000
Asat_OT3098_v2_chr2A	300000000	302000000	2000000	0	0.000000
Asat_OT3098_v2_chr2A	302000000	304000000	2000000	0	0.000000
Asat_OT3098_v2_chr2A	304000000	306000000	2000000	0	0.000000
Asat_OT3098_v2_chr2A	306000000	308000000	2000000	0	0.000000
Asat_OT3098_v2_chr2A	308000000	310000000	2000000	0	0.000000
Asat_OT3098_v2_chr2A	310000000	312000000	2000000	0	0.000000
Asat_OT3098_v2_chr2A	312000000	314000000	2000000	0	0.000000
Asat_OT3098_v2_chr2A	314000000	316000000	2000000	0	0.000000
Asat_OT3098_v2_chr2A	316000000	318000000	2000000	0	0.000000
Asat_OT3098_v2_chr2A	318000000	320000000	2000000	0	0.000000
Asat_OT3098_v2_chr2A	320000000	322000000	2000000	0	0.000000
Asat_OT3098_v2_chr2A	322000000	324000000	2000000	0	0.000000
Asat_OT3098_v2_chr2A	324000000	326000000	2000000	0	0.000000
Asat_OT3098_v2_chr2A	326000000	328000000	2000000	0	0.000000
Asat_OT3098_v2_chr2A	328000000	330000000	2000000	0	0.000000
Asat_OT3098_v2_chr2A	330000000	332000000	2000000	0	0.000000
Asat_OT3098_v2_chr2A	332000000	334000000	2000000	0	0.000000
Asat_OT3098_v2_chr2A	334000000	336000000	2000000	0	0.000000
Asat_OT3098_v2_chr2A	336000000	338000000	2000000	0	0.000000
Asat_OT3098_v2_chr2A	338000000	340000000	2000000	0	0.000000
Asat_OT3098_v2_chr2A	340000000	342000000	2000000	0	0.000000
Asat_OT3098_v2_chr2A	342000000	344000000	2000000	0	0.000000
Asat_OT3098_v2_chr2A	344000000	346000000	2000000	0	0.000000
Asat_OT3098_v2_chr2A	346000000	348000000	2000000	0	0.000000
Asat_OT3098_v2_chr2A	348000000	350000000	2000000	0	0.000000
Asat_OT3098_v2_chr2A	350000000	352000000	2000000	0	0.000000
Asat_OT3098_v2_chr2A	352000000	354000000	2000000	0	0.000000
Asat_OT3098_v2_chr2A	354000000	356000000	2000000	0	0.000000
Asat_OT3098_v2_chr2A	356000000	358000000	2000000	0	0.000000
Asat_OT3098_v2_chr2A	358000000	360000000	2000000	0	0.000000
Asat_OT3098_v2_chr2A	360000000	362000000	2000000	0	0.000000
Asat_OT3098_v2_chr2A	362000000	364000000	2000000	0	0.000000
Asat_OT3098_v2_chr2A	364000000	366000000	2000000	0	0.000000
Asat_OT3098_v2_chr2A	366000000	368000000	2000000	0	0.000000
Asat_OT3098_v2_chr2A	368000000	370000000	2000000	0	0.000000
Asat_OT3098_v2_chr2A	370000000	372000000	2000000	0	0.000000
Asat_OT3098_v2_chr2A	372000000	374000000	2000000	0	0.000000
Asat_OT3098_v2_chr2A	374000000	376000000	2000000	0	0.000000
Asat_OT3098_v2_chr2A	376000000	378000000	2000000	0	0.000000
Asat_OT3098_v2_chr2A	378000000	380000000	2000000	0	0.000000
Asat_OT3098_v2_chr2A	380000000	382000000	2000000	0	0.000000
Asat_OT3098_v2_chr2A	382000000	384000000	2000000	0	0.000000
Asat_OT3098_v2_chr2A	384000000	386000000	2000000	0	0.000000
Asat_OT3098_v2_chr2A	386000000	388000000	2000000	0	0.000000
Asat_OT3098_v2_chr2A	388000000	390000000	2000000	0	0.000000
Asat_OT3098_v2_chr2A	390000000	392000000	2000000	0	0.000000
Asat_OT3098_v2_chr2A	392000000	394000000	2000000	0	0.000000
Asat_OT3098_v2_chr2A	394000000	396000000	2000000	0	0.000000
Asat_OT3098_v2_chr2A	396000000	398000000	2000000	0	0.000000
Asat_OT3098_v2_chr2A	398000000	400000000	2000000	0	0.000000
Asat_OT3098_v2_chr2A	400000000	402000000	2000000	0	0.000000
Asat_OT3098_v2_chr2A	402000000	404000000	2000000	0	0.000000
Asat_OT3098_v2_chr2A	404000000	406000000	2000000	0	0.000000
Asat_OT3098_v2_chr2A	406000000	408000000	2000000	0	0.000000
Asat_OT3098_v2_chr2A	408000000	410000000	2000000	0	0.000000
Asat_OT3098_v2_chr2A	410000000	412000000	2000000	0	0.000000
Asat_OT3098_v2_chr2A	412000000	414000000	2000000	0	0.000000
Asat_OT3098_v2_chr2A	414000000	416000000	2000000	0	0.000000
Asat_OT3098_v2_chr2A	416000000	418000000	2000000	0	0.000000
Asat_OT3098_v2_chr2A	418000000	420000000	2000000	0	0.000000
Asat_OT3098_v2_chr2A	420000000	422000000	2000000	0	0.000000
Asat_OT3098_v2_chr2A	422000000	424000000	2000000	0	0.000000
Asat_OT3098_v2_chr2A	424000000	426000000	2000000	0	0.000000
Asat_OT3098_v2_chr2A	426000000	428000000	2000000	0	0.000000
Asat_OT3098_v2_chr2A	428000000	430000000	2000000	0	0.000000
Asat_OT3098_v2_chr2A	430000000	432000000	2000000	0	0.000000
Asat_OT3098_v2_chr2A	432000000	434000000	2000000	0	0.000000
Asat_OT3098_v2_chr2A	434000000	436000000	2000000	0	0.000000
Asat_OT3098_v2_chr2A	436000000	438000000	2000000	0	0.000000
Asat_OT3098_v2_chr2A	438000000	440000000	2000000	0	0.000000
Asat_OT3098_v2_chr2A	440000000	442000000	2000000	0	0.000000
Asat_OT3098_v2_chr2A	442000000	444000000	2000000	0	0.000000
Asat_OT3098_v2_chr2A	444000000	446000000	2000000	0	0.000000
Asat_OT3098_v2_chr2A	446000000	448000000	2000000	0	0.000000
Asat_OT3098_v2_chr2A	448000000	449127287	1127287	0	0.000000
Asat_OT3098_v2_chr2C	0	2000000	2000000	0	0.000000
Asat_OT3098_v2_chr2C	2000000	4000000	2000000	0	0.000000
Asat_OT3098_v2_chr2C	4000000	6000000	2000000	0	0.000000
Asat_OT3098_v2_chr2C	6000000	8000000	2000000	0	0.000000
Asat_OT3098_v2_chr2C	8000000	10000000	2000000	0	0.000000
Asat_OT3098_v2_chr2C	10000000	12000000	2000000	0	0.000000
Asat_OT3098_v2_chr2C	12000000	14000000	2000000	0	0.000000
Asat_OT3098_v2_chr2C	14000000	16000000	2000000	0	0.000000
Asat_OT3098_v2_chr2C	16000000	18000000	2000000	0	0.000000
Asat_OT3098_v2_chr2C	18000000	20000000	2000000	0	0.000000
Asat_OT3098_v2_chr2C	20000000	22000000	2000000	0	0.000000
Asat_OT3098_v2_chr2C	22000000	24000000	2000000	0	0.000000
Asat_OT3098_v2_chr2C	24000000	26000000	2000000	0	0.000000
Asat_OT3098_v2_chr2C	26000000	28000000	2000000	0	0.000000
Asat_OT3098_v2_chr2C	28000000	30000000	2000000	0	0.000000
Asat_OT3098_v2_chr2C	30000000	32000000	2000000	0	0.000000
Asat_OT3098_v2_chr2C	32000000	34000000	2000000	0	0.000000
Asat_OT3098_v2_chr2C	34000000	36000000	2000000	0	0.000000
Asat_OT3098_v2_chr2C	36000000	38000000	2000000	0	0.000000
Asat_OT3098_v2_chr2C	38000000	40000000	2000000	0	0.000000
Asat_OT3098_v2_chr2C	40000000	42000000	2000000	0	0.000000
Asat_OT3098_v2_chr2C	42000000	44000000	2000000	0	0.000000
Asat_OT3098_v2_chr2C	44000000	46000000	2000000	0	0.000000
Asat_OT3098_v2_chr2C	46000000	48000000	2000000	0	0.000000
Asat_OT3098_v2_chr2C	48000000	50000000	2000000	0	0.000000
Asat_OT3098_v2_chr2C	50000000	52000000	2000000	0	0.000000
Asat_OT3098_v2_chr2C	52000000	54000000	2000000	0	0.000000
Asat_OT3098_v2_chr2C	54000000	56000000	2000000	0	0.000000
Asat_OT3098_v2_chr2C	56000000	58000000	2000000	0	0.000000
Asat_OT3098_v2_chr2C	58000000	60000000	2000000	0	0.000000
Asat_OT3098_v2_chr2C	60000000	62000000	2000000	0	0.000000
Asat_OT3098_v2_chr2C	62000000	64000000	2000000	0	0.000000
Asat_OT3098_v2_chr2C	64000000	66000000	2000000	0	0.000000
Asat_OT3098_v2_chr2C	66000000	68000000	2000000	0	0.000000
Asat_OT3098_v2_chr2C	68000000	70000000	2000000	0	0.000000
Asat_OT3098_v2_chr2C	70000000	72000000	2000000	0	0.000000
Asat_OT3098_v2_chr2C	72000000	74000000	2000000	0	0.000000
Asat_OT3098_v2_chr2C	74000000	76000000	2000000	0	0.000000
Asat_OT3098_v2_chr2C	76000000	78000000	2000000	0	0.000000
Asat_OT3098_v2_chr2C	78000000	80000000	2000000	0	0.000000
Asat_OT3098_v2_chr2C	80000000	82000000	2000000	0	0.000000
Asat_OT3098_v2_chr2C	82000000	84000000	2000000	0	0.000000
Asat_OT3098_v2_chr2C	84000000	86000000	2000000	0	0.000000
Asat_OT3098_v2_chr2C	86000000	88000000	2000000	0	0.000000
Asat_OT3098_v2_chr2C	88000000	90000000	2000000	0	0.000000
Asat_OT3098_v2_chr2C	90000000	92000000	2000000	0	0.000000
Asat_OT3098_v2_chr2C	92000000	94000000	2000000	0	0.000000
Asat_OT3098_v2_chr2C	94000000	96000000	2000000	0	0.000000
Asat_OT3098_v2_chr2C	96000000	98000000	2000000	0	0.000000
Asat_OT3098_v2_chr2C	98000000	100000000	2000000	0	0.000000
Asat_OT3098_v2_chr2C	100000000	102000000	2000000	0	0.000000
Asat_OT3098_v2_chr2C	102000000	104000000	2000000	0	0.000000
Asat_OT3098_v2_chr2C	104000000	106000000	2000000	0	0.000000
Asat_OT3098_v2_chr2C	106000000	108000000	2000000	0	0.000000
Asat_OT3098_v2_chr2C	108000000	110000000	2000000	0	0.000000
Asat_OT3098_v2_chr2C	110000000	112000000	2000000	0	0.000000
Asat_OT3098_v2_chr2C	112000000	114000000	2000000	0	0.000000
Asat_OT3098_v2_chr2C	114000000	116000000	2000000	0	0.000000
Asat_OT3098_v2_chr2C	116000000	118000000	2000000	0	0.000000
Asat_OT3098_v2_chr2C	118000000	120000000	2000000	0	0.000000
Asat_OT3098_v2_chr2C	120000000	122000000	2000000	0	0.000000
Asat_OT3098_v2_chr2C	122000000	124000000	2000000	0	0.000000
Asat_OT3098_v2_chr2C	124000000	126000000	2000000	0	0.000000
Asat_OT3098_v2_chr2C	126000000	128000000	2000000	0	0.000000
Asat_OT3098_v2_chr2C	128000000	130000000	2000000	0	0.000000
Asat_OT3098_v2_chr2C	130000000	132000000	2000000	0	0.000000
Asat_OT3098_v2_chr2C	132000000	134000000	2000000	0	0.000000
Asat_OT3098_v2_chr2C	134000000	136000000	2000000	0	0.000000
Asat_OT3098_v2_chr2C	136000000	138000000	2000000	0	0.000000
Asat_OT3098_v2_chr2C	138000000	140000000	2000000	0	0.000000
Asat_OT3098_v2_chr2C	140000000	142000000	2000000	0	0.000000
Asat_OT3098_v2_chr2C	142000000	144000000	2000000	0	0.000000
Asat_OT3098_v2_chr2C	144000000	146000000	2000000	0	0.000000
Asat_OT3098_v2_chr2C	146000000	148000000	2000000	0	0.000000
Asat_OT3098_v2_chr2C	148000000	150000000	2000000	0	0.000000
Asat_OT3098_v2_chr2C	150000000	152000000	2000000	0	0.000000
Asat_OT3098_v2_chr2C	152000000	154000000	2000000	0	0.000000
Asat_OT3098_v2_chr2C	154000000	156000000	2000000	0	0.000000
Asat_OT3098_v2_chr2C	156000000	158000000	2000000	0	0.000000
Asat_OT3098_v2_chr2C	158000000	160000000	2000000	0	0.000000
Asat_OT3098_v2_chr2C	160000000	162000000	2000000	0	0.000000
Asat_OT3098_v2_chr2C	162000000	164000000	2000000	0	0.000000
Asat_OT3098_v2_chr2C	164000000	166000000	2000000	0	0.000000
Asat_OT3098_v2_chr2C	166000000	168000000	2000000	0	0.000000
Asat_OT3098_v2_chr2C	168000000	170000000	2000000	0	0.000000
Asat_OT3098_v2_chr2C	170000000	172000000	2000000	0	0.000000
Asat_OT3098_v2_chr2C	172000000	174000000	2000000	0	0.000000
Asat_OT3098_v2_chr2C	174000000	176000000	2000000	0	0.000000
Asat_OT3098_v2_chr2C	176000000	178000000	2000000	0	0.000000
Asat_OT3098_v2_chr2C	178000000	180000000	2000000	0	0.000000
Asat_OT3098_v2_chr2C	180000000	182000000	2000000	0	0.000000
Asat_OT3098_v2_chr2C	182000000	184000000	2000000	0	0.000000
Asat_OT3098_v2_chr2C	184000000	186000000	2000000	0	0.000000
Asat_OT3098_v2_chr2C	186000000	188000000	2000000	0	0.000000
Asat_OT3098_v2_chr2C	188000000	190000000	2000000	0	0.000000
Asat_OT3098_v2_chr2C	190000000	192000000	2000000	0	0.000000
Asat_OT3098_v2_chr2C	192000000	194000000	2000000	0	0.000000
Asat_OT3098_v2_chr2C	194000000	196000000	2000000	0	0.000000
Asat_OT3098_v2_chr2C	196000000	198000000	2000000	0	0.000000
Asat_OT3098_v2_chr2C	198000000	200000000	2000000	0	0.000000
Asat_OT3098_v2_chr2C	200000000	202000000	2000000	0	0.000000
Asat_OT3098_v2_chr2C	202000000	204000000	2000000	0	0.000000
Asat_OT3098_v2_chr2C	204000000	206000000	2000000	0	0.000000
Asat_OT3098_v2_chr2C	206000000	208000000	2000000	0	0.000000
Asat_OT3098_v2_chr2C	208000000	210000000	2000000	0	0.000000
Asat_OT3098_v2_chr2C	210000000	212000000	2000000	0	0.000000
Asat_OT3098_v2_chr2C	212000000	214000000	2000000	0	0.000000
Asat_OT3098_v2_chr2C	214000000	216000000	2000000	0	0.000000
Asat_OT3098_v2_chr2C	216000000	218000000	2000000	0	0.000000
Asat_OT3098_v2_chr2C	218000000	220000000	2000000	0	0.000000
Asat_OT3098_v2_chr2C	220000000	222000000	2000000	0	0.000000
Asat_OT3098_v2_chr2C	222000000	224000000	2000000	0	0.000000
Asat_OT3098_v2_chr2C	224000000	226000000	2000000	0	0.000000
Asat_OT3098_v2_chr2C	226000000	228000000	2000000	0	0.000000
Asat_OT3098_v2_chr2C	228000000	230000000	2000000	0	0.000000
Asat_OT3098_v2_chr2C	230000000	232000000	2000000	0	0.000000
Asat_OT3098_v2_chr2C	232000000	234000000	2000000	0	0.000000
Asat_OT3098_v2_chr2C	234000000	236000000	2000000	0	0.000000
Asat_OT3098_v2_chr2C	236000000	238000000	2000000	0	0.000000
Asat_OT3098_v2_chr2C	238000000	240000000	2000000	0	0.000000
Asat_OT3098_v2_chr2C	240000000	242000000	2000000	0	0.000000
Asat_OT3098_v2_chr2C	242000000	244000000	2000000	0	0.000000
Asat_OT3098_v2_chr2C	244000000	246000000	2000000	0	0.000000
Asat_OT3098_v2_chr2C	246000000	248000000	2000000	0	0.000000
Asat_OT3098_v2_chr2C	248000000	250000000	2000000	0	0.000000
Asat_OT3098_v2_chr2C	250000000	252000000	2000000	0	0.000000
Asat_OT3098_v2_chr2C	252000000	254000000	2000000	0	0.000000
Asat_OT3098_v2_chr2C	254000000	256000000	2000000	0	0.000000
Asat_OT3098_v2_chr2C	256000000	258000000	2000000	0	0.000000
Asat_OT3098_v2_chr2C	258000000	260000000	2000000	0	0.000000
Asat_OT3098_v2_chr2C	260000000	262000000	2000000	0	0.000000
Asat_OT3098_v2_chr2C	262000000	264000000	2000000	0	0.000000
Asat_OT3098_v2_chr2C	264000000	266000000	2000000	0	0.000000
Asat_OT3098_v2_chr2C	266000000	268000000	2000000	0	0.000000
Asat_OT3098_v2_chr2C	268000000	270000000	2000000	0	0.000000
Asat_OT3098_v2_chr2C	270000000	272000000	2000000	0	0.000000
Asat_OT3098_v2_chr2C	272000000	274000000	2000000	0	0.000000
Asat_OT3098_v2_chr2C	274000000	276000000	2000000	0	0.000000
Asat_OT3098_v2_chr2C	276000000	278000000	2000000	0	0.000000
Asat_OT3098_v2_chr2C	278000000	280000000	2000000	0	0.000000
Asat_OT3098_v2_chr2C	280000000	282000000	2000000	0	0.000000
Asat_OT3098_v2_chr2C	282000000	284000000	2000000	0	0.000000
Asat_OT3098_v2_chr2C	284000000	286000000	2000000	0	0.000000
Asat_OT3098_v2_chr2C	286000000	288000000	2000000	0	0.000000
Asat_OT3098_v2_chr2C	288000000	290000000	2000000	0	0.000000
Asat_OT3098_v2_chr2C	290000000	292000000	2000000	0	0.000000
Asat_OT3098_v2_chr2C	292000000	294000000	2000000	0	0.000000
Asat_OT3098_v2_chr2C	294000000	296000000	2000000	0	0.000000
Asat_OT3098_v2_chr2C	296000000	298000000	2000000	0	0.000000
Asat_OT3098_v2_chr2C	298000000	300000000	2000000	0	0.000000
Asat_OT3098_v2_chr2C	300000000	302000000	2000000	0	0.000000
Asat_OT3098_v2_chr2C	302000000	304000000	2000000	0	0.000000
Asat_OT3098_v2_chr2C	304000000	306000000	2000000	0	0.000000
Asat_OT3098_v2_chr2C	306000000	308000000	2000000	0	0.000000
Asat_OT3098_v2_chr2C	308000000	310000000	2000000	0	0.000000
Asat_OT3098_v2_chr2C	310000000	312000000	2000000	0	0.000000
Asat_OT3098_v2_chr2C	312000000	314000000	2000000	0	0.000000
Asat_OT3098_v2_chr2C	314000000	316000000	2000000	0	0.000000
Asat_OT3098_v2_chr2C	316000000	318000000	2000000	0	0.000000
Asat_OT3098_v2_chr2C	318000000	320000000	2000000	0	0.000000
Asat_OT3098_v2_chr2C	320000000	322000000	2000000	0	0.000000
Asat_OT3098_v2_chr2C	322000000	324000000	2000000	0	0.000000
Asat_OT3098_v2_chr2C	324000000	326000000	2000000	0	0.000000
Asat_OT3098_v2_chr2C	326000000	328000000	2000000	0	0.000000
Asat_OT3098_v2_chr2C	328000000	330000000	2000000	0	0.000000
Asat_OT3098_v2_chr2C	330000000	332000000	2000000	0	0.000000
Asat_OT3098_v2_chr2C	332000000	334000000	2000000	0	0.000000
Asat_OT3098_v2_chr2C	334000000	336000000	2000000	0	0.000000
Asat_OT3098_v2_chr2C	336000000	338000000	2000000	0	0.000000
Asat_OT3098_v2_chr2C	338000000	340000000	2000000	0	0.000000
Asat_OT3098_v2_chr2C	340000000	342000000	2000000	0	0.000000
Asat_OT3098_v2_chr2C	342000000	344000000	2000000	0	0.000000
Asat_OT3098_v2_chr2C	344000000	346000000	2000000	0	0.000000
Asat_OT3098_v2_chr2C	346000000	348000000	2000000	0	0.000000
Asat_OT3098_v2_chr2C	348000000	350000000	2000000	0	0.000000
Asat_OT3098_v2_chr2C	350000000	352000000	2000000	0	0.000000
Asat_OT3098_v2_chr2C	352000000	354000000	2000000	0	0.000000
Asat_OT3098_v2_chr2C	354000000	356000000	2000000	0	0.000000
Asat_OT3098_v2_chr2C	356000000	358000000	2000000	0	0.000000
Asat_OT3098_v2_chr2C	358000000	360000000	2000000	0	0.000000
Asat_OT3098_v2_chr2C	360000000	362000000	2000000	0	0.000000
Asat_OT3098_v2_chr2C	362000000	364000000	2000000	0	0.000000
Asat_OT3098_v2_chr2C	364000000	366000000	2000000	0	0.000000
Asat_OT3098_v2_chr2C	366000000	368000000	2000000	0	0.000000
Asat_OT3098_v2_chr2C	368000000	370000000	2000000	0	0.000000
Asat_OT3098_v2_chr2C	370000000	372000000	2000000	0	0.000000
Asat_OT3098_v2_chr2C	372000000	374000000	2000000	0	0.000000
Asat_OT3098_v2_chr2C	374000000	376000000	2000000	0	0.000000
Asat_OT3098_v2_chr2C	376000000	378000000	2000000	0	0.000000
Asat_OT3098_v2_chr2C	378000000	380000000	2000000	0	0.000000
Asat_OT3098_v2_chr2C	380000000	382000000	2000000	0	0.000000
Asat_OT3098_v2_chr2C	382000000	384000000	2000000	0	0.000000
Asat_OT3098_v2_chr2C	384000000	386000000	2000000	0	0.000000
Asat_OT3098_v2_chr2C	386000000	388000000	2000000	0	0.000000
Asat_OT3098_v2_chr2C	388000000	390000000	2000000	0	0.000000
Asat_OT3098_v2_chr2C	390000000	392000000	2000000	0	0.000000
Asat_OT3098_v2_chr2C	392000000	394000000	2000000	0	0.000000
Asat_OT3098_v2_chr2C	394000000	396000000	2000000	0	0.000000
Asat_OT3098_v2_chr2C	396000000	398000000	2000000	0	0.000000
Asat_OT3098_v2_chr2C	398000000	400000000	2000000	0	0.000000
Asat_OT3098_v2_chr2C	400000000	402000000	2000000	0	0.000000
Asat_OT3098_v2_chr2C	402000000	404000000	2000000	0	0.000000
Asat_OT3098_v2_chr2C	404000000	406000000	2000000	0	0.000000
Asat_OT3098_v2_chr2C	406000000	408000000	2000000	0	0.000000
Asat_OT3098_v2_chr2C	408000000	410000000	2000000	0	0.000000
Asat_OT3098_v2_chr2C	410000000	412000000	2000000	0	0.000000
Asat_OT3098_v2_chr2C	412000000	414000000	2000000	0	0.000000
Asat_OT3098_v2_chr2C	414000000	416000000	2000000	0	0.000000
Asat_OT3098_v2_chr2C	416000000	418000000	2000000	0	0.000000
Asat_OT3098_v2_chr2C	418000000	420000000	2000000	0	0.000000
Asat_OT3098_v2_chr2C	420000000	422000000	2000000	0	0.000000
Asat_OT3098_v2_chr2C	422000000	424000000	2000000	0	0.000000
Asat_OT3098_v2_chr2C	424000000	426000000	2000000	0	0.000000
Asat_OT3098_v2_chr2C	426000000	428000000	2000000	0	0.000000
Asat_OT3098_v2_chr2C	428000000	430000000	2000000	0	0.000000
Asat_OT3098_v2_chr2C	430000000	432000000	2000000	0	0.000000
Asat_OT3098_v2_chr2C	432000000	434000000	2000000	0	0.000000
Asat_OT3098_v2_chr2C	434000000	436000000	2000000	0	0.000000
Asat_OT3098_v2_chr2C	436000000	438000000	2000000	0	0.000000
Asat_OT3098_v2_chr2C	438000000	440000000	2000000	0	0.000000
Asat_OT3098_v2_chr2C	440000000	442000000	2000000	0	0.000000
Asat_OT3098_v2_chr2C	442000000	444000000	2000000	0	0.000000
Asat_OT3098_v2_chr2C	444000000	446000000	2000000	0	0.000000
Asat_OT3098_v2_chr2C	446000000	448000000	2000000	0	0.000000
Asat_OT3098_v2_chr2C	448000000	450000000	2000000	0	0.000000
Asat_OT3098_v2_chr2C	450000000	452000000	2000000	0	0.000000
Asat_OT3098_v2_chr2C	452000000	454000000	2000000	0	0.000000
Asat_OT3098_v2_chr2C	454000000	456000000	2000000	0	0.000000
Asat_OT3098_v2_chr2C	456000000	458000000	2000000	0	0.000000
Asat_OT3098_v2_chr2C	458000000	460000000	2000000	0	0.000000
Asat_OT3098_v2_chr2C	460000000	462000000	2000000	0	0.000000
Asat_OT3098_v2_chr2C	462000000	464000000	2000000	0	0.000000
Asat_OT3098_v2_chr2C	464000000	466000000	2000000	0	0.000000
Asat_OT3098_v2_chr2C	466000000	468000000	2000000	0	0.000000
Asat_OT3098_v2_chr2C	468000000	470000000	2000000	0	0.000000
Asat_OT3098_v2_chr2C	470000000	472000000	2000000	0	0.000000
Asat_OT3098_v2_chr2C	472000000	474000000	2000000	0	0.000000
Asat_OT3098_v2_chr2C	474000000	476000000	2000000	0	0.000000
Asat_OT3098_v2_chr2C	476000000	478000000	2000000	0	0.000000
Asat_OT3098_v2_chr2C	478000000	480000000	2000000	0	0.000000
Asat_OT3098_v2_chr2C	480000000	482000000	2000000	0	0.000000
Asat_OT3098_v2_chr2C	482000000	484000000	2000000	0	0.000000
Asat_OT3098_v2_chr2C	484000000	486000000	2000000	0	0.000000
Asat_OT3098_v2_chr2C	486000000	488000000	2000000	0	0.000000
Asat_OT3098_v2_chr2C	488000000	490000000	2000000	0	0.000000
Asat_OT3098_v2_chr2C	490000000	492000000	2000000	0	0.000000
Asat_OT3098_v2_chr2C	492000000	494000000	2000000	0	0.000000
Asat_OT3098_v2_chr2C	494000000	496000000	2000000	0	0.000000
Asat_OT3098_v2_chr2C	496000000	498000000	2000000	0	0.000000
Asat_OT3098_v2_chr2C	498000000	500000000	2000000	0	0.000000
Asat_OT3098_v2_chr2C	500000000	502000000	2000000	0	0.000000
Asat_OT3098_v2_chr2C	502000000	504000000	2000000	0	0.000000
Asat_OT3098_v2_chr2C	504000000	506000000	2000000	0	0.000000
Asat_OT3098_v2_chr2C	506000000	508000000	2000000	0	0.000000
Asat_OT3098_v2_chr2C	508000000	510000000	2000000	0	0.000000
Asat_OT3098_v2_chr2C	510000000	512000000	2000000	0	0.000000
Asat_OT3098_v2_chr2C	512000000	514000000	2000000	0	0.000000
Asat_OT3098_v2_chr2C	514000000	516000000	2000000	0	0.000000
Asat_OT3098_v2_chr2C	516000000	518000000	2000000	0	0.000000
Asat_OT3098_v2_chr2C	518000000	520000000	2000000	0	0.000000
Asat_OT3098_v2_chr2C	520000000	522000000	2000000	0	0.000000
Asat_OT3098_v2_chr2C	522000000	524000000	2000000	0	0.000000
Asat_OT3098_v2_chr2C	524000000	526000000	2000000	0	0.000000
Asat_OT3098_v2_chr2C	526000000	528000000	2000000	0	0.000000
Asat_OT3098_v2_chr2C	528000000	530000000	2000000	0	0.000000
Asat_OT3098_v2_chr2C	530000000	532000000	2000000	0	0.000000
Asat_OT3098_v2_chr2C	532000000	534000000	2000000	0	0.000000
Asat_OT3098_v2_chr2C	534000000	536000000	2000000	0	0.000000
Asat_OT3098_v2_chr2C	536000000	538000000	2000000	0	0.000000
Asat_OT3098_v2_chr2C	538000000	540000000	2000000	0	0.000000
Asat_OT3098_v2_chr2C	540000000	542000000	2000000	0	0.000000
Asat_OT3098_v2_chr2C	542000000	544000000	2000000	0	0.000000
Asat_OT3098_v2_chr2C	544000000	546000000	2000000	0	0.000000
Asat_OT3098_v2_chr2C	546000000	548000000	2000000	0	0.000000
Asat_OT3098_v2_chr2C	548000000	550000000	2000000	0	0.000000
Asat_OT3098_v2_chr2C	550000000	552000000	2000000	0	0.000000
Asat_OT3098_v2_chr2C	552000000	554000000	2000000	0	0.000000
Asat_OT3098_v2_chr2C	554000000	556000000	2000000	0	0.000000
Asat_OT3098_v2_chr2C	556000000	558000000	2000000	0	0.000000
Asat_OT3098_v2_chr2C	558000000	560000000	2000000	0	0.000000
Asat_OT3098_v2_chr2C	560000000	562000000	2000000	0	0.000000
Asat_OT3098_v2_chr2C	562000000	564000000	2000000	0	0.000000
Asat_OT3098_v2_chr2C	564000000	566000000	2000000	0	0.000000
Asat_OT3098_v2_chr2C	566000000	568000000	2000000	0	0.000000
Asat_OT3098_v2_chr2C	568000000	570000000	2000000	0	0.000000
Asat_OT3098_v2_chr2C	570000000	572000000	2000000	0	0.000000
Asat_OT3098_v2_chr2C	572000000	574000000	2000000	0	0.000000
Asat_OT3098_v2_chr2C	574000000	576000000	2000000	0	0.000000
Asat_OT3098_v2_chr2C	576000000	578000000	2000000	0	0.000000
Asat_OT3098_v2_chr2C	578000000	580000000	2000000	0	0.000000
Asat_OT3098_v2_chr2C	580000000	582000000	2000000	0	0.000000
Asat_OT3098_v2_chr2C	582000000	584000000	2000000	0	0.000000
Asat_OT3098_v2_chr2C	584000000	586000000	2000000	0	0.000000
Asat_OT3098_v2_chr2C	586000000	588000000	2000000	0	0.000000
Asat_OT3098_v2_chr2C	588000000	589118817	1118817	0	0.000000
Asat_OT3098_v2_chr2D	0	2000000	2000000	0	0.000000
Asat_OT3098_v2_chr2D	2000000	4000000	2000000	0	0.000000
Asat_OT3098_v2_chr2D	4000000	6000000	2000000	0	0.000000
Asat_OT3098_v2_chr2D	6000000	8000000	2000000	0	0.000000
Asat_OT3098_v2_chr2D	8000000	10000000	2000000	0	0.000000
Asat_OT3098_v2_chr2D	10000000	12000000	2000000	0	0.000000
Asat_OT3098_v2_chr2D	12000000	14000000	2000000	0	0.000000
Asat_OT3098_v2_chr2D	14000000	16000000	2000000	0	0.000000
Asat_OT3098_v2_chr2D	16000000	18000000	2000000	0	0.000000
Asat_OT3098_v2_chr2D	18000000	20000000	2000000	0	0.000000
Asat_OT3098_v2_chr2D	20000000	22000000	2000000	0	0.000000
Asat_OT3098_v2_chr2D	22000000	24000000	2000000	0	0.000000
Asat_OT3098_v2_chr2D	24000000	26000000	2000000	0	0.000000
Asat_OT3098_v2_chr2D	26000000	28000000	2000000	0	0.000000
Asat_OT3098_v2_chr2D	28000000	30000000	2000000	0	0.000000
Asat_OT3098_v2_chr2D	30000000	32000000	2000000	0	0.000000
Asat_OT3098_v2_chr2D	32000000	34000000	2000000	0	0.000000
Asat_OT3098_v2_chr2D	34000000	36000000	2000000	0	0.000000
Asat_OT3098_v2_chr2D	36000000	38000000	2000000	0	0.000000
Asat_OT3098_v2_chr2D	38000000	40000000	2000000	0	0.000000
Asat_OT3098_v2_chr2D	40000000	42000000	2000000	0	0.000000
Asat_OT3098_v2_chr2D	42000000	44000000	2000000	0	0.000000
Asat_OT3098_v2_chr2D	44000000	46000000	2000000	0	0.000000
Asat_OT3098_v2_chr2D	46000000	48000000	2000000	0	0.000000
Asat_OT3098_v2_chr2D	48000000	50000000	2000000	0	0.000000
Asat_OT3098_v2_chr2D	50000000	52000000	2000000	0	0.000000
Asat_OT3098_v2_chr2D	52000000	54000000	2000000	0	0.000000
Asat_OT3098_v2_chr2D	54000000	56000000	2000000	0	0.000000
Asat_OT3098_v2_chr2D	56000000	58000000	2000000	0	0.000000
Asat_OT3098_v2_chr2D	58000000	60000000	2000000	0	0.000000
Asat_OT3098_v2_chr2D	60000000	62000000	2000000	0	0.000000
Asat_OT3098_v2_chr2D	62000000	64000000	2000000	0	0.000000
Asat_OT3098_v2_chr2D	64000000	66000000	2000000	0	0.000000
Asat_OT3098_v2_chr2D	66000000	68000000	2000000	0	0.000000
Asat_OT3098_v2_chr2D	68000000	70000000	2000000	0	0.000000
Asat_OT3098_v2_chr2D	70000000	72000000	2000000	0	0.000000
Asat_OT3098_v2_chr2D	72000000	74000000	2000000	0	0.000000
Asat_OT3098_v2_chr2D	74000000	76000000	2000000	0	0.000000
Asat_OT3098_v2_chr2D	76000000	78000000	2000000	0	0.000000
Asat_OT3098_v2_chr2D	78000000	80000000	2000000	0	0.000000
Asat_OT3098_v2_chr2D	80000000	82000000	2000000	0	0.000000
Asat_OT3098_v2_chr2D	82000000	84000000	2000000	0	0.000000
Asat_OT3098_v2_chr2D	84000000	86000000	2000000	0	0.000000
Asat_OT3098_v2_chr2D	86000000	88000000	2000000	0	0.000000
Asat_OT3098_v2_chr2D	88000000	90000000	2000000	0	0.000000
Asat_OT3098_v2_chr2D	90000000	92000000	2000000	0	0.000000
Asat_OT3098_v2_chr2D	92000000	94000000	2000000	0	0.000000
Asat_OT3098_v2_chr2D	94000000	96000000	2000000	0	0.000000
Asat_OT3098_v2_chr2D	96000000	98000000	2000000	0	0.000000
Asat_OT3098_v2_chr2D	98000000	100000000	2000000	0	0.000000
Asat_OT3098_v2_chr2D	100000000	102000000	2000000	0	0.000000
Asat_OT3098_v2_chr2D	102000000	104000000	2000000	0	0.000000
Asat_OT3098_v2_chr2D	104000000	106000000	2000000	0	0.000000
Asat_OT3098_v2_chr2D	106000000	108000000	2000000	0	0.000000
Asat_OT3098_v2_chr2D	108000000	110000000	2000000	0	0.000000
Asat_OT3098_v2_chr2D	110000000	112000000	2000000	0	0.000000
Asat_OT3098_v2_chr2D	112000000	114000000	2000000	0	0.000000
Asat_OT3098_v2_chr2D	114000000	116000000	2000000	0	0.000000
Asat_OT3098_v2_chr2D	116000000	118000000	2000000	0	0.000000
Asat_OT3098_v2_chr2D	118000000	120000000	2000000	0	0.000000
Asat_OT3098_v2_chr2D	120000000	122000000	2000000	0	0.000000
Asat_OT3098_v2_chr2D	122000000	124000000	2000000	0	0.000000
Asat_OT3098_v2_chr2D	124000000	126000000	2000000	0	0.000000
Asat_OT3098_v2_chr2D	126000000	128000000	2000000	0	0.000000
Asat_OT3098_v2_chr2D	128000000	130000000	2000000	0	0.000000
Asat_OT3098_v2_chr2D	130000000	132000000	2000000	0	0.000000
Asat_OT3098_v2_chr2D	132000000	134000000	2000000	0	0.000000
Asat_OT3098_v2_chr2D	134000000	136000000	2000000	0	0.000000
Asat_OT3098_v2_chr2D	136000000	138000000	2000000	0	0.000000
Asat_OT3098_v2_chr2D	138000000	140000000	2000000	0	0.000000
Asat_OT3098_v2_chr2D	140000000	142000000	2000000	0	0.000000
Asat_OT3098_v2_chr2D	142000000	144000000	2000000	0	0.000000
Asat_OT3098_v2_chr2D	144000000	146000000	2000000	0	0.000000
Asat_OT3098_v2_chr2D	146000000	148000000	2000000	0	0.000000
Asat_OT3098_v2_chr2D	148000000	150000000	2000000	0	0.000000
Asat_OT3098_v2_chr2D	150000000	152000000	2000000	0	0.000000
Asat_OT3098_v2_chr2D	152000000	154000000	2000000	0	0.000000
Asat_OT3098_v2_chr2D	154000000	156000000	2000000	0	0.000000
Asat_OT3098_v2_chr2D	156000000	158000000	2000000	0	0.000000
Asat_OT3098_v2_chr2D	158000000	160000000	2000000	0	0.000000
Asat_OT3098_v2_chr2D	160000000	162000000	2000000	0	0.000000
Asat_OT3098_v2_chr2D	162000000	164000000	2000000	0	0.000000
Asat_OT3098_v2_chr2D	164000000	166000000	2000000	0	0.000000
Asat_OT3098_v2_chr2D	166000000	168000000	2000000	0	0.000000
Asat_OT3098_v2_chr2D	168000000	170000000	2000000	0	0.000000
Asat_OT3098_v2_chr2D	170000000	172000000	2000000	0	0.000000
Asat_OT3098_v2_chr2D	172000000	174000000	2000000	0	0.000000
Asat_OT3098_v2_chr2D	174000000	176000000	2000000	0	0.000000
Asat_OT3098_v2_chr2D	176000000	178000000	2000000	0	0.000000
Asat_OT3098_v2_chr2D	178000000	180000000	2000000	0	0.000000
Asat_OT3098_v2_chr2D	180000000	182000000	2000000	0	0.000000
Asat_OT3098_v2_chr2D	182000000	184000000	2000000	0	0.000000
Asat_OT3098_v2_chr2D	184000000	186000000	2000000	0	0.000000
Asat_OT3098_v2_chr2D	186000000	188000000	2000000	0	0.000000
Asat_OT3098_v2_chr2D	188000000	190000000	2000000	0	0.000000
Asat_OT3098_v2_chr2D	190000000	192000000	2000000	0	0.000000
Asat_OT3098_v2_chr2D	192000000	194000000	2000000	0	0.000000
Asat_OT3098_v2_chr2D	194000000	196000000	2000000	0	0.000000
Asat_OT3098_v2_chr2D	196000000	198000000	2000000	0	0.000000
Asat_OT3098_v2_chr2D	198000000	200000000	2000000	0	0.000000
Asat_OT3098_v2_chr2D	200000000	202000000	2000000	0	0.000000
Asat_OT3098_v2_chr2D	202000000	204000000	2000000	0	0.000000
Asat_OT3098_v2_chr2D	204000000	206000000	2000000	0	0.000000
Asat_OT3098_v2_chr2D	206000000	208000000	2000000	0	0.000000
Asat_OT3098_v2_chr2D	208000000	210000000	2000000	0	0.000000
Asat_OT3098_v2_chr2D	210000000	212000000	2000000	0	0.000000
Asat_OT3098_v2_chr2D	212000000	214000000	2000000	0	0.000000
Asat_OT3098_v2_chr2D	214000000	216000000	2000000	0	0.000000
Asat_OT3098_v2_chr2D	216000000	218000000	2000000	0	0.000000
Asat_OT3098_v2_chr2D	218000000	220000000	2000000	0	0.000000
Asat_OT3098_v2_chr2D	220000000	222000000	2000000	0	0.000000
Asat_OT3098_v2_chr2D	222000000	224000000	2000000	0	0.000000
Asat_OT3098_v2_chr2D	224000000	226000000	2000000	0	0.000000
Asat_OT3098_v2_chr2D	226000000	228000000	2000000	0	0.000000
Asat_OT3098_v2_chr2D	228000000	230000000	2000000	0	0.000000
Asat_OT3098_v2_chr2D	230000000	232000000	2000000	0	0.000000
Asat_OT3098_v2_chr2D	232000000	234000000	2000000	0	0.000000
Asat_OT3098_v2_chr2D	234000000	236000000	2000000	0	0.000000
Asat_OT3098_v2_chr2D	236000000	238000000	2000000	0	0.000000
Asat_OT3098_v2_chr2D	238000000	240000000	2000000	0	0.000000
Asat_OT3098_v2_chr2D	240000000	242000000	2000000	0	0.000000
Asat_OT3098_v2_chr2D	242000000	244000000	2000000	0	0.000000
Asat_OT3098_v2_chr2D	244000000	246000000	2000000	0	0.000000
Asat_OT3098_v2_chr2D	246000000	248000000	2000000	0	0.000000
Asat_OT3098_v2_chr2D	248000000	250000000	2000000	0	0.000000
Asat_OT3098_v2_chr2D	250000000	252000000	2000000	0	0.000000
Asat_OT3098_v2_chr2D	252000000	254000000	2000000	0	0.000000
Asat_OT3098_v2_chr2D	254000000	256000000	2000000	0	0.000000
Asat_OT3098_v2_chr2D	256000000	258000000	2000000	0	0.000000
Asat_OT3098_v2_chr2D	258000000	260000000	2000000	0	0.000000
Asat_OT3098_v2_chr2D	260000000	262000000	2000000	0	0.000000
Asat_OT3098_v2_chr2D	262000000	264000000	2000000	0	0.000000
Asat_OT3098_v2_chr2D	264000000	266000000	2000000	0	0.000000
Asat_OT3098_v2_chr2D	266000000	268000000	2000000	0	0.000000
Asat_OT3098_v2_chr2D	268000000	270000000	2000000	0	0.000000
Asat_OT3098_v2_chr2D	270000000	272000000	2000000	0	0.000000
Asat_OT3098_v2_chr2D	272000000	274000000	2000000	0	0.000000
Asat_OT3098_v2_chr2D	274000000	276000000	2000000	0	0.000000
Asat_OT3098_v2_chr2D	276000000	278000000	2000000	0	0.000000
Asat_OT3098_v2_chr2D	278000000	280000000	2000000	0	0.000000
Asat_OT3098_v2_chr2D	280000000	282000000	2000000	0	0.000000
Asat_OT3098_v2_chr2D	282000000	284000000	2000000	0	0.000000
Asat_OT3098_v2_chr2D	284000000	286000000	2000000	0	0.000000
Asat_OT3098_v2_chr2D	286000000	288000000	2000000	0	0.000000
Asat_OT3098_v2_chr2D	288000000	290000000	2000000	0	0.000000
Asat_OT3098_v2_chr2D	290000000	292000000	2000000	0	0.000000
Asat_OT3098_v2_chr2D	292000000	294000000	2000000	0	0.000000
Asat_OT3098_v2_chr2D	294000000	296000000	2000000	0	0.000000
Asat_OT3098_v2_chr2D	296000000	298000000	2000000	0	0.000000
Asat_OT3098_v2_chr2D	298000000	300000000	2000000	0	0.000000
Asat_OT3098_v2_chr2D	300000000	302000000	2000000	0	0.000000
Asat_OT3098_v2_chr2D	302000000	304000000	2000000	0	0.000000
Asat_OT3098_v2_chr2D	304000000	306000000	2000000	0	0.000000
Asat_OT3098_v2_chr2D	306000000	308000000	2000000	0	0.000000
Asat_OT3098_v2_chr2D	308000000	310000000	2000000	0	0.000000
Asat_OT3098_v2_chr2D	310000000	312000000	2000000	0	0.000000
Asat_OT3098_v2_chr2D	312000000	314000000	2000000	0	0.000000
Asat_OT3098_v2_chr2D	314000000	316000000	2000000	0	0.000000
Asat_OT3098_v2_chr2D	316000000	318000000	2000000	0	0.000000
Asat_OT3098_v2_chr2D	318000000	320000000	2000000	0	0.000000
Asat_OT3098_v2_chr2D	320000000	322000000	2000000	0	0.000000
Asat_OT3098_v2_chr2D	322000000	324000000	2000000	0	0.000000
Asat_OT3098_v2_chr2D	324000000	326000000	2000000	0	0.000000
Asat_OT3098_v2_chr2D	326000000	328000000	2000000	0	0.000000
Asat_OT3098_v2_chr2D	328000000	330000000	2000000	0	0.000000
Asat_OT3098_v2_chr2D	330000000	332000000	2000000	0	0.000000
Asat_OT3098_v2_chr2D	332000000	334000000	2000000	0	0.000000
Asat_OT3098_v2_chr2D	334000000	336000000	2000000	0	0.000000
Asat_OT3098_v2_chr2D	336000000	338000000	2000000	0	0.000000
Asat_OT3098_v2_chr2D	338000000	340000000	2000000	0	0.000000
Asat_OT3098_v2_chr2D	340000000	342000000	2000000	0	0.000000
Asat_OT3098_v2_chr2D	342000000	344000000	2000000	0	0.000000
Asat_OT3098_v2_chr2D	344000000	346000000	2000000	0	0.000000
Asat_OT3098_v2_chr2D	346000000	348000000	2000000	0	0.000000
Asat_OT3098_v2_chr2D	348000000	350000000	2000000	0	0.000000
Asat_OT3098_v2_chr2D	350000000	352000000	2000000	0	0.000000
Asat_OT3098_v2_chr2D	352000000	354000000	2000000	0	0.000000
Asat_OT3098_v2_chr2D	354000000	356000000	2000000	0	0.000000
Asat_OT3098_v2_chr2D	356000000	358000000	2000000	0	0.000000
Asat_OT3098_v2_chr2D	358000000	360000000	2000000	0	0.000000
Asat_OT3098_v2_chr2D	360000000	362000000	2000000	0	0.000000
Asat_OT3098_v2_chr2D	362000000	364000000	2000000	0	0.000000
Asat_OT3098_v2_chr2D	364000000	366000000	2000000	0	0.000000
Asat_OT3098_v2_chr2D	366000000	368000000	2000000	0	0.000000
Asat_OT3098_v2_chr2D	368000000	370000000	2000000	0	0.000000
Asat_OT3098_v2_chr2D	370000000	372000000	2000000	0	0.000000
Asat_OT3098_v2_chr2D	372000000	374000000	2000000	0	0.000000
Asat_OT3098_v2_chr2D	374000000	376000000	2000000	0	0.000000
Asat_OT3098_v2_chr2D	376000000	378000000	2000000	0	0.000000
Asat_OT3098_v2_chr2D	378000000	380000000	2000000	0	0.000000
Asat_OT3098_v2_chr2D	380000000	382000000	2000000	0	0.000000
Asat_OT3098_v2_chr2D	382000000	384000000	2000000	0	0.000000
Asat_OT3098_v2_chr2D	384000000	386000000	2000000	0	0.000000
Asat_OT3098_v2_chr2D	386000000	388000000	2000000	0	0.000000
Asat_OT3098_v2_chr2D	388000000	390000000	2000000	0	0.000000
Asat_OT3098_v2_chr2D	390000000	392000000	2000000	0	0.000000
Asat_OT3098_v2_chr2D	392000000	394000000	2000000	0	0.000000
Asat_OT3098_v2_chr2D	394000000	396000000	2000000	0	0.000000
Asat_OT3098_v2_chr2D	396000000	398000000	2000000	0	0.000000
Asat_OT3098_v2_chr2D	398000000	400000000	2000000	0	0.000000
Asat_OT3098_v2_chr2D	400000000	402000000	2000000	0	0.000000
Asat_OT3098_v2_chr2D	402000000	404000000	2000000	0	0.000000
Asat_OT3098_v2_chr2D	404000000	406000000	2000000	0	0.000000
Asat_OT3098_v2_chr2D	406000000	408000000	2000000	0	0.000000
Asat_OT3098_v2_chr2D	408000000	410000000	2000000	0	0.000000
Asat_OT3098_v2_chr2D	410000000	412000000	2000000	0	0.000000
Asat_OT3098_v2_chr2D	412000000	414000000	2000000	0	0.000000
Asat_OT3098_v2_chr2D	414000000	416000000	2000000	0	0.000000
Asat_OT3098_v2_chr2D	416000000	418000000	2000000	0	0.000000
Asat_OT3098_v2_chr2D	418000000	420000000	2000000	0	0.000000
Asat_OT3098_v2_chr2D	420000000	422000000	2000000	0	0.000000
Asat_OT3098_v2_chr2D	422000000	424000000	2000000	0	0.000000
Asat_OT3098_v2_chr2D	424000000	426000000	2000000	0	0.000000
Asat_OT3098_v2_chr2D	426000000	428000000	2000000	0	0.000000
Asat_OT3098_v2_chr2D	428000000	430000000	2000000	0	0.000000
Asat_OT3098_v2_chr2D	430000000	432000000	2000000	0	0.000000
Asat_OT3098_v2_chr2D	432000000	434000000	2000000	0	0.000000
Asat_OT3098_v2_chr2D	434000000	436000000	2000000	0	0.000000
Asat_OT3098_v2_chr2D	436000000	438000000	2000000	0	0.000000
Asat_OT3098_v2_chr2D	438000000	440000000	2000000	0	0.000000
Asat_OT3098_v2_chr2D	440000000	442000000	2000000	0	0.000000
Asat_OT3098_v2_chr2D	442000000	444000000	2000000	0	0.000000
Asat_OT3098_v2_chr2D	444000000	446000000	2000000	0	0.000000
Asat_OT3098_v2_chr2D	446000000	448000000	2000000	0	0.000000
Asat_OT3098_v2_chr2D	448000000	450000000	2000000	0	0.000000
Asat_OT3098_v2_chr2D	450000000	452000000	2000000	0	0.000000
Asat_OT3098_v2_chr2D	452000000	454000000	2000000	0	0.000000
Asat_OT3098_v2_chr2D	454000000	456000000	2000000	0	0.000000
Asat_OT3098_v2_chr2D	456000000	458000000	2000000	0	0.000000
Asat_OT3098_v2_chr2D	458000000	460000000	2000000	0	0.000000
Asat_OT3098_v2_chr2D	460000000	462000000	2000000	0	0.000000
Asat_OT3098_v2_chr2D	462000000	464000000	2000000	0	0.000000
Asat_OT3098_v2_chr2D	464000000	466000000	2000000	0	0.000000
Asat_OT3098_v2_chr2D	466000000	468000000	2000000	0	0.000000
Asat_OT3098_v2_chr2D	468000000	470000000	2000000	0	0.000000
Asat_OT3098_v2_chr2D	470000000	472000000	2000000	0	0.000000
Asat_OT3098_v2_chr2D	472000000	474000000	2000000	0	0.000000
Asat_OT3098_v2_chr2D	474000000	476000000	2000000	0	0.000000
Asat_OT3098_v2_chr2D	476000000	478000000	2000000	0	0.000000
Asat_OT3098_v2_chr2D	478000000	480000000	2000000	0	0.000000
Asat_OT3098_v2_chr2D	480000000	482000000	2000000	0	0.000000
Asat_OT3098_v2_chr2D	482000000	484000000	2000000	0	0.000000
Asat_OT3098_v2_chr2D	484000000	486000000	2000000	0	0.000000
Asat_OT3098_v2_chr2D	486000000	488000000	2000000	0	0.000000
Asat_OT3098_v2_chr2D	488000000	490000000	2000000	0	0.000000
Asat_OT3098_v2_chr2D	490000000	492000000	2000000	0	0.000000
Asat_OT3098_v2_chr2D	492000000	494000000	2000000	0	0.000000
Asat_OT3098_v2_chr2D	494000000	496000000	2000000	0	0.000000
Asat_OT3098_v2_chr2D	496000000	498000000	2000000	0	0.000000
Asat_OT3098_v2_chr2D	498000000	500000000	2000000	0	0.000000
Asat_OT3098_v2_chr2D	500000000	502000000	2000000	0	0.000000
Asat_OT3098_v2_chr2D	502000000	504000000	2000000	0	0.000000
Asat_OT3098_v2_chr2D	504000000	506000000	2000000	0	0.000000
Asat_OT3098_v2_chr2D	506000000	508000000	2000000	0	0.000000
Asat_OT3098_v2_chr2D	508000000	510000000	2000000	0	0.000000
Asat_OT3098_v2_chr2D	510000000	512000000	2000000	0	0.000000
Asat_OT3098_v2_chr2D	512000000	514000000	2000000	0	0.000000
Asat_OT3098_v2_chr2D	514000000	516000000	2000000	0	0.000000
Asat_OT3098_v2_chr2D	516000000	518000000	2000000	0	0.000000
Asat_OT3098_v2_chr2D	518000000	520000000	2000000	0	0.000000
Asat_OT3098_v2_chr2D	520000000	522000000	2000000	0	0.000000
Asat_OT3098_v2_chr2D	522000000	524000000	2000000	0	0.000000
Asat_OT3098_v2_chr2D	524000000	526000000	2000000	0	0.000000
Asat_OT3098_v2_chr2D	526000000	528000000	2000000	0	0.000000
Asat_OT3098_v2_chr2D	528000000	530000000	2000000	0	0.000000
Asat_OT3098_v2_chr2D	530000000	532000000	2000000	0	0.000000
Asat_OT3098_v2_chr2D	532000000	532103454	103454	0	0.000000
Asat_OT3098_v2_chr3A	0	2000000	2000000	0	0.000000
Asat_OT3098_v2_chr3A	2000000	4000000	2000000	0	0.000000
Asat_OT3098_v2_chr3A	4000000	6000000	2000000	0	0.000000
Asat_OT3098_v2_chr3A	6000000	8000000	2000000	0	0.000000
Asat_OT3098_v2_chr3A	8000000	10000000	2000000	0	0.000000
Asat_OT3098_v2_chr3A	10000000	12000000	2000000	0	0.000000
Asat_OT3098_v2_chr3A	12000000	14000000	2000000	0	0.000000
Asat_OT3098_v2_chr3A	14000000	16000000	2000000	0	0.000000
Asat_OT3098_v2_chr3A	16000000	18000000	2000000	0	0.000000
Asat_OT3098_v2_chr3A	18000000	20000000	2000000	0	0.000000
Asat_OT3098_v2_chr3A	20000000	22000000	2000000	0	0.000000
Asat_OT3098_v2_chr3A	22000000	24000000	2000000	0	0.000000
Asat_OT3098_v2_chr3A	24000000	26000000	2000000	0	0.000000
Asat_OT3098_v2_chr3A	26000000	28000000	2000000	0	0.000000
Asat_OT3098_v2_chr3A	28000000	30000000	2000000	0	0.000000
Asat_OT3098_v2_chr3A	30000000	32000000	2000000	0	0.000000
Asat_OT3098_v2_chr3A	32000000	34000000	2000000	0	0.000000
Asat_OT3098_v2_chr3A	34000000	36000000	2000000	0	0.000000
Asat_OT3098_v2_chr3A	36000000	38000000	2000000	0	0.000000
Asat_OT3098_v2_chr3A	38000000	40000000	2000000	0	0.000000
Asat_OT3098_v2_chr3A	40000000	42000000	2000000	0	0.000000
Asat_OT3098_v2_chr3A	42000000	44000000	2000000	0	0.000000
Asat_OT3098_v2_chr3A	44000000	46000000	2000000	0	0.000000
Asat_OT3098_v2_chr3A	46000000	48000000	2000000	0	0.000000
Asat_OT3098_v2_chr3A	48000000	50000000	2000000	0	0.000000
Asat_OT3098_v2_chr3A	50000000	52000000	2000000	0	0.000000
Asat_OT3098_v2_chr3A	52000000	54000000	2000000	0	0.000000
Asat_OT3098_v2_chr3A	54000000	56000000	2000000	0	0.000000
Asat_OT3098_v2_chr3A	56000000	58000000	2000000	0	0.000000
Asat_OT3098_v2_chr3A	58000000	60000000	2000000	0	0.000000
Asat_OT3098_v2_chr3A	60000000	62000000	2000000	0	0.000000
Asat_OT3098_v2_chr3A	62000000	64000000	2000000	0	0.000000
Asat_OT3098_v2_chr3A	64000000	66000000	2000000	0	0.000000
Asat_OT3098_v2_chr3A	66000000	68000000	2000000	0	0.000000
Asat_OT3098_v2_chr3A	68000000	70000000	2000000	0	0.000000
Asat_OT3098_v2_chr3A	70000000	72000000	2000000	0	0.000000
Asat_OT3098_v2_chr3A	72000000	74000000	2000000	0	0.000000
Asat_OT3098_v2_chr3A	74000000	76000000	2000000	0	0.000000
Asat_OT3098_v2_chr3A	76000000	78000000	2000000	0	0.000000
Asat_OT3098_v2_chr3A	78000000	80000000	2000000	0	0.000000
Asat_OT3098_v2_chr3A	80000000	82000000	2000000	0	0.000000
Asat_OT3098_v2_chr3A	82000000	84000000	2000000	0	0.000000
Asat_OT3098_v2_chr3A	84000000	86000000	2000000	0	0.000000
Asat_OT3098_v2_chr3A	86000000	88000000	2000000	0	0.000000
Asat_OT3098_v2_chr3A	88000000	90000000	2000000	0	0.000000
Asat_OT3098_v2_chr3A	90000000	92000000	2000000	0	0.000000
Asat_OT3098_v2_chr3A	92000000	94000000	2000000	0	0.000000
Asat_OT3098_v2_chr3A	94000000	96000000	2000000	0	0.000000
Asat_OT3098_v2_chr3A	96000000	98000000	2000000	0	0.000000
Asat_OT3098_v2_chr3A	98000000	100000000	2000000	0	0.000000
Asat_OT3098_v2_chr3A	100000000	102000000	2000000	0	0.000000
Asat_OT3098_v2_chr3A	102000000	104000000	2000000	0	0.000000
Asat_OT3098_v2_chr3A	104000000	106000000	2000000	0	0.000000
Asat_OT3098_v2_chr3A	106000000	108000000	2000000	0	0.000000
Asat_OT3098_v2_chr3A	108000000	110000000	2000000	0	0.000000
Asat_OT3098_v2_chr3A	110000000	112000000	2000000	0	0.000000
Asat_OT3098_v2_chr3A	112000000	114000000	2000000	0	0.000000
Asat_OT3098_v2_chr3A	114000000	116000000	2000000	0	0.000000
Asat_OT3098_v2_chr3A	116000000	118000000	2000000	0	0.000000
Asat_OT3098_v2_chr3A	118000000	120000000	2000000	0	0.000000
Asat_OT3098_v2_chr3A	120000000	122000000	2000000	0	0.000000
Asat_OT3098_v2_chr3A	122000000	124000000	2000000	0	0.000000
Asat_OT3098_v2_chr3A	124000000	126000000	2000000	0	0.000000
Asat_OT3098_v2_chr3A	126000000	128000000	2000000	0	0.000000
Asat_OT3098_v2_chr3A	128000000	130000000	2000000	0	0.000000
Asat_OT3098_v2_chr3A	130000000	132000000	2000000	0	0.000000
Asat_OT3098_v2_chr3A	132000000	134000000	2000000	0	0.000000
Asat_OT3098_v2_chr3A	134000000	136000000	2000000	0	0.000000
Asat_OT3098_v2_chr3A	136000000	138000000	2000000	0	0.000000
Asat_OT3098_v2_chr3A	138000000	140000000	2000000	0	0.000000
Asat_OT3098_v2_chr3A	140000000	142000000	2000000	0	0.000000
Asat_OT3098_v2_chr3A	142000000	144000000	2000000	0	0.000000
Asat_OT3098_v2_chr3A	144000000	146000000	2000000	0	0.000000
Asat_OT3098_v2_chr3A	146000000	148000000	2000000	0	0.000000
Asat_OT3098_v2_chr3A	148000000	150000000	2000000	0	0.000000
Asat_OT3098_v2_chr3A	150000000	152000000	2000000	0	0.000000
Asat_OT3098_v2_chr3A	152000000	154000000	2000000	0	0.000000
Asat_OT3098_v2_chr3A	154000000	156000000	2000000	0	0.000000
Asat_OT3098_v2_chr3A	156000000	158000000	2000000	0	0.000000
Asat_OT3098_v2_chr3A	158000000	160000000	2000000	0	0.000000
Asat_OT3098_v2_chr3A	160000000	162000000	2000000	0	0.000000
Asat_OT3098_v2_chr3A	162000000	164000000	2000000	0	0.000000
Asat_OT3098_v2_chr3A	164000000	166000000	2000000	0	0.000000
Asat_OT3098_v2_chr3A	166000000	168000000	2000000	0	0.000000
Asat_OT3098_v2_chr3A	168000000	170000000	2000000	0	0.000000
Asat_OT3098_v2_chr3A	170000000	172000000	2000000	0	0.000000
Asat_OT3098_v2_chr3A	172000000	174000000	2000000	0	0.000000
Asat_OT3098_v2_chr3A	174000000	176000000	2000000	0	0.000000
Asat_OT3098_v2_chr3A	176000000	178000000	2000000	0	0.000000
Asat_OT3098_v2_chr3A	178000000	180000000	2000000	0	0.000000
Asat_OT3098_v2_chr3A	180000000	182000000	2000000	0	0.000000
Asat_OT3098_v2_chr3A	182000000	184000000	2000000	0	0.000000
Asat_OT3098_v2_chr3A	184000000	186000000	2000000	0	0.000000
Asat_OT3098_v2_chr3A	186000000	188000000	2000000	0	0.000000
Asat_OT3098_v2_chr3A	188000000	190000000	2000000	0	0.000000
Asat_OT3098_v2_chr3A	190000000	192000000	2000000	0	0.000000
Asat_OT3098_v2_chr3A	192000000	194000000	2000000	0	0.000000
Asat_OT3098_v2_chr3A	194000000	196000000	2000000	0	0.000000
Asat_OT3098_v2_chr3A	196000000	198000000	2000000	0	0.000000
Asat_OT3098_v2_chr3A	198000000	200000000	2000000	0	0.000000
Asat_OT3098_v2_chr3A	200000000	202000000	2000000	0	0.000000
Asat_OT3098_v2_chr3A	202000000	204000000	2000000	0	0.000000
Asat_OT3098_v2_chr3A	204000000	206000000	2000000	0	0.000000
Asat_OT3098_v2_chr3A	206000000	208000000	2000000	0	0.000000
Asat_OT3098_v2_chr3A	208000000	210000000	2000000	0	0.000000
Asat_OT3098_v2_chr3A	210000000	212000000	2000000	0	0.000000
Asat_OT3098_v2_chr3A	212000000	214000000	2000000	0	0.000000
Asat_OT3098_v2_chr3A	214000000	216000000	2000000	0	0.000000
Asat_OT3098_v2_chr3A	216000000	218000000	2000000	0	0.000000
Asat_OT3098_v2_chr3A	218000000	220000000	2000000	0	0.000000
Asat_OT3098_v2_chr3A	220000000	222000000	2000000	0	0.000000
Asat_OT3098_v2_chr3A	222000000	224000000	2000000	0	0.000000
Asat_OT3098_v2_chr3A	224000000	226000000	2000000	0	0.000000
Asat_OT3098_v2_chr3A	226000000	228000000	2000000	0	0.000000
Asat_OT3098_v2_chr3A	228000000	230000000	2000000	0	0.000000
Asat_OT3098_v2_chr3A	230000000	232000000	2000000	0	0.000000
Asat_OT3098_v2_chr3A	232000000	234000000	2000000	0	0.000000
Asat_OT3098_v2_chr3A	234000000	236000000	2000000	0	0.000000
Asat_OT3098_v2_chr3A	236000000	238000000	2000000	0	0.000000
Asat_OT3098_v2_chr3A	238000000	240000000	2000000	0	0.000000
Asat_OT3098_v2_chr3A	240000000	242000000	2000000	0	0.000000
Asat_OT3098_v2_chr3A	242000000	244000000	2000000	0	0.000000
Asat_OT3098_v2_chr3A	244000000	246000000	2000000	0	0.000000
Asat_OT3098_v2_chr3A	246000000	248000000	2000000	0	0.000000
Asat_OT3098_v2_chr3A	248000000	250000000	2000000	0	0.000000
Asat_OT3098_v2_chr3A	250000000	252000000	2000000	0	0.000000
Asat_OT3098_v2_chr3A	252000000	254000000	2000000	0	0.000000
Asat_OT3098_v2_chr3A	254000000	256000000	2000000	0	0.000000
Asat_OT3098_v2_chr3A	256000000	258000000	2000000	0	0.000000
Asat_OT3098_v2_chr3A	258000000	260000000	2000000	0	0.000000
Asat_OT3098_v2_chr3A	260000000	262000000	2000000	0	0.000000
Asat_OT3098_v2_chr3A	262000000	264000000	2000000	0	0.000000
Asat_OT3098_v2_chr3A	264000000	266000000	2000000	0	0.000000
Asat_OT3098_v2_chr3A	266000000	268000000	2000000	0	0.000000
Asat_OT3098_v2_chr3A	268000000	270000000	2000000	0	0.000000
Asat_OT3098_v2_chr3A	270000000	272000000	2000000	0	0.000000
Asat_OT3098_v2_chr3A	272000000	274000000	2000000	0	0.000000
Asat_OT3098_v2_chr3A	274000000	276000000	2000000	0	0.000000
Asat_OT3098_v2_chr3A	276000000	278000000	2000000	0	0.000000
Asat_OT3098_v2_chr3A	278000000	280000000	2000000	0	0.000000
Asat_OT3098_v2_chr3A	280000000	282000000	2000000	0	0.000000
Asat_OT3098_v2_chr3A	282000000	284000000	2000000	0	0.000000
Asat_OT3098_v2_chr3A	284000000	286000000	2000000	0	0.000000
Asat_OT3098_v2_chr3A	286000000	288000000	2000000	0	0.000000
Asat_OT3098_v2_chr3A	288000000	290000000	2000000	0	0.000000
Asat_OT3098_v2_chr3A	290000000	292000000	2000000	0	0.000000
Asat_OT3098_v2_chr3A	292000000	294000000	2000000	0	0.000000
Asat_OT3098_v2_chr3A	294000000	296000000	2000000	0	0.000000
Asat_OT3098_v2_chr3A	296000000	298000000	2000000	0	0.000000
Asat_OT3098_v2_chr3A	298000000	300000000	2000000	0	0.000000
Asat_OT3098_v2_chr3A	300000000	302000000	2000000	0	0.000000
Asat_OT3098_v2_chr3A	302000000	304000000	2000000	0	0.000000
Asat_OT3098_v2_chr3A	304000000	306000000	2000000	0	0.000000
Asat_OT3098_v2_chr3A	306000000	308000000	2000000	0	0.000000
Asat_OT3098_v2_chr3A	308000000	310000000	2000000	0	0.000000
Asat_OT3098_v2_chr3A	310000000	312000000	2000000	0	0.000000
Asat_OT3098_v2_chr3A	312000000	314000000	2000000	0	0.000000
Asat_OT3098_v2_chr3A	314000000	316000000	2000000	0	0.000000
Asat_OT3098_v2_chr3A	316000000	318000000	2000000	0	0.000000
Asat_OT3098_v2_chr3A	318000000	320000000	2000000	0	0.000000
Asat_OT3098_v2_chr3A	320000000	322000000	2000000	0	0.000000
Asat_OT3098_v2_chr3A	322000000	324000000	2000000	0	0.000000
Asat_OT3098_v2_chr3A	324000000	326000000	2000000	0	0.000000
Asat_OT3098_v2_chr3A	326000000	328000000	2000000	0	0.000000
Asat_OT3098_v2_chr3A	328000000	330000000	2000000	0	0.000000
Asat_OT3098_v2_chr3A	330000000	332000000	2000000	0	0.000000
Asat_OT3098_v2_chr3A	332000000	334000000	2000000	0	0.000000
Asat_OT3098_v2_chr3A	334000000	336000000	2000000	0	0.000000
Asat_OT3098_v2_chr3A	336000000	338000000	2000000	0	0.000000
Asat_OT3098_v2_chr3A	338000000	340000000	2000000	0	0.000000
Asat_OT3098_v2_chr3A	340000000	342000000	2000000	0	0.000000
Asat_OT3098_v2_chr3A	342000000	344000000	2000000	0	0.000000
Asat_OT3098_v2_chr3A	344000000	346000000	2000000	0	0.000000
Asat_OT3098_v2_chr3A	346000000	348000000	2000000	0	0.000000
Asat_OT3098_v2_chr3A	348000000	350000000	2000000	0	0.000000
Asat_OT3098_v2_chr3A	350000000	352000000	2000000	0	0.000000
Asat_OT3098_v2_chr3A	352000000	354000000	2000000	0	0.000000
Asat_OT3098_v2_chr3A	354000000	356000000	2000000	0	0.000000
Asat_OT3098_v2_chr3A	356000000	358000000	2000000	0	0.000000
Asat_OT3098_v2_chr3A	358000000	360000000	2000000	0	0.000000
Asat_OT3098_v2_chr3A	360000000	362000000	2000000	0	0.000000
Asat_OT3098_v2_chr3A	362000000	364000000	2000000	0	0.000000
Asat_OT3098_v2_chr3A	364000000	366000000	2000000	0	0.000000
Asat_OT3098_v2_chr3A	366000000	368000000	2000000	0	0.000000
Asat_OT3098_v2_chr3A	368000000	370000000	2000000	0	0.000000
Asat_OT3098_v2_chr3A	370000000	372000000	2000000	0	0.000000
Asat_OT3098_v2_chr3A	372000000	374000000	2000000	0	0.000000
Asat_OT3098_v2_chr3A	374000000	376000000	2000000	0	0.000000
Asat_OT3098_v2_chr3A	376000000	378000000	2000000	0	0.000000
Asat_OT3098_v2_chr3A	378000000	380000000	2000000	0	0.000000
Asat_OT3098_v2_chr3A	380000000	382000000	2000000	0	0.000000
Asat_OT3098_v2_chr3A	382000000	384000000	2000000	0	0.000000
Asat_OT3098_v2_chr3A	384000000	386000000	2000000	0	0.000000
Asat_OT3098_v2_chr3A	386000000	388000000	2000000	0	0.000000
Asat_OT3098_v2_chr3A	388000000	390000000	2000000	0	0.000000
Asat_OT3098_v2_chr3A	390000000	392000000	2000000	0	0.000000
Asat_OT3098_v2_chr3A	392000000	394000000	2000000	0	0.000000
Asat_OT3098_v2_chr3A	394000000	396000000	2000000	0	0.000000
Asat_OT3098_v2_chr3A	396000000	398000000	2000000	0	0.000000
Asat_OT3098_v2_chr3A	398000000	400000000	2000000	0	0.000000
Asat_OT3098_v2_chr3A	400000000	402000000	2000000	0	0.000000
Asat_OT3098_v2_chr3A	402000000	404000000	2000000	0	0.000000
Asat_OT3098_v2_chr3A	404000000	406000000	2000000	0	0.000000
Asat_OT3098_v2_chr3A	406000000	408000000	2000000	0	0.000000
Asat_OT3098_v2_chr3A	408000000	410000000	2000000	0	0.000000
Asat_OT3098_v2_chr3A	410000000	412000000	2000000	0	0.000000
Asat_OT3098_v2_chr3A	412000000	414000000	2000000	0	0.000000
Asat_OT3098_v2_chr3A	414000000	416000000	2000000	0	0.000000
Asat_OT3098_v2_chr3A	416000000	418000000	2000000	0	0.000000
Asat_OT3098_v2_chr3A	418000000	420000000	2000000	0	0.000000
Asat_OT3098_v2_chr3A	420000000	422000000	2000000	0	0.000000
Asat_OT3098_v2_chr3A	422000000	424000000	2000000	0	0.000000
Asat_OT3098_v2_chr3A	424000000	425675180	1675180	0	0.000000
Asat_OT3098_v2_chr3C	0	2000000	2000000	0	0.000000
Asat_OT3098_v2_chr3C	2000000	4000000	2000000	0	0.000000
Asat_OT3098_v2_chr3C	4000000	6000000	2000000	0	0.000000
Asat_OT3098_v2_chr3C	6000000	8000000	2000000	0	0.000000
Asat_OT3098_v2_chr3C	8000000	10000000	2000000	0	0.000000
Asat_OT3098_v2_chr3C	10000000	12000000	2000000	0	0.000000
Asat_OT3098_v2_chr3C	12000000	14000000	2000000	0	0.000000
Asat_OT3098_v2_chr3C	14000000	16000000	2000000	0	0.000000
Asat_OT3098_v2_chr3C	16000000	18000000	2000000	0	0.000000
Asat_OT3098_v2_chr3C	18000000	20000000	2000000	0	0.000000
Asat_OT3098_v2_chr3C	20000000	22000000	2000000	0	0.000000
Asat_OT3098_v2_chr3C	22000000	24000000	2000000	0	0.000000
Asat_OT3098_v2_chr3C	24000000	26000000	2000000	0	0.000000
Asat_OT3098_v2_chr3C	26000000	28000000	2000000	0	0.000000
Asat_OT3098_v2_chr3C	28000000	30000000	2000000	0	0.000000
Asat_OT3098_v2_chr3C	30000000	32000000	2000000	0	0.000000
Asat_OT3098_v2_chr3C	32000000	34000000	2000000	0	0.000000
Asat_OT3098_v2_chr3C	34000000	36000000	2000000	0	0.000000
Asat_OT3098_v2_chr3C	36000000	38000000	2000000	0	0.000000
Asat_OT3098_v2_chr3C	38000000	40000000	2000000	0	0.000000
Asat_OT3098_v2_chr3C	40000000	42000000	2000000	0	0.000000
Asat_OT3098_v2_chr3C	42000000	44000000	2000000	0	0.000000
Asat_OT3098_v2_chr3C	44000000	46000000	2000000	0	0.000000
Asat_OT3098_v2_chr3C	46000000	48000000	2000000	0	0.000000
Asat_OT3098_v2_chr3C	48000000	50000000	2000000	0	0.000000
Asat_OT3098_v2_chr3C	50000000	52000000	2000000	0	0.000000
Asat_OT3098_v2_chr3C	52000000	54000000	2000000	0	0.000000
Asat_OT3098_v2_chr3C	54000000	56000000	2000000	0	0.000000
Asat_OT3098_v2_chr3C	56000000	58000000	2000000	0	0.000000
Asat_OT3098_v2_chr3C	58000000	60000000	2000000	0	0.000000
Asat_OT3098_v2_chr3C	60000000	62000000	2000000	0	0.000000
Asat_OT3098_v2_chr3C	62000000	64000000	2000000	0	0.000000
Asat_OT3098_v2_chr3C	64000000	66000000	2000000	0	0.000000
Asat_OT3098_v2_chr3C	66000000	68000000	2000000	0	0.000000
Asat_OT3098_v2_chr3C	68000000	70000000	2000000	0	0.000000
Asat_OT3098_v2_chr3C	70000000	72000000	2000000	0	0.000000
Asat_OT3098_v2_chr3C	72000000	74000000	2000000	0	0.000000
Asat_OT3098_v2_chr3C	74000000	76000000	2000000	0	0.000000
Asat_OT3098_v2_chr3C	76000000	78000000	2000000	0	0.000000
Asat_OT3098_v2_chr3C	78000000	80000000	2000000	0	0.000000
Asat_OT3098_v2_chr3C	80000000	82000000	2000000	0	0.000000
Asat_OT3098_v2_chr3C	82000000	84000000	2000000	0	0.000000
Asat_OT3098_v2_chr3C	84000000	86000000	2000000	0	0.000000
Asat_OT3098_v2_chr3C	86000000	88000000	2000000	0	0.000000
Asat_OT3098_v2_chr3C	88000000	90000000	2000000	0	0.000000
Asat_OT3098_v2_chr3C	90000000	92000000	2000000	0	0.000000
Asat_OT3098_v2_chr3C	92000000	94000000	2000000	0	0.000000
Asat_OT3098_v2_chr3C	94000000	96000000	2000000	0	0.000000
Asat_OT3098_v2_chr3C	96000000	98000000	2000000	0	0.000000
Asat_OT3098_v2_chr3C	98000000	100000000	2000000	0	0.000000
Asat_OT3098_v2_chr3C	100000000	102000000	2000000	0	0.000000
Asat_OT3098_v2_chr3C	102000000	104000000	2000000	0	0.000000
Asat_OT3098_v2_chr3C	104000000	106000000	2000000	0	0.000000
Asat_OT3098_v2_chr3C	106000000	108000000	2000000	0	0.000000
Asat_OT3098_v2_chr3C	108000000	110000000	2000000	0	0.000000
Asat_OT3098_v2_chr3C	110000000	112000000	2000000	0	0.000000
Asat_OT3098_v2_chr3C	112000000	114000000	2000000	0	0.000000
Asat_OT3098_v2_chr3C	114000000	116000000	2000000	0	0.000000
Asat_OT3098_v2_chr3C	116000000	118000000	2000000	0	0.000000
Asat_OT3098_v2_chr3C	118000000	120000000	2000000	0	0.000000
Asat_OT3098_v2_chr3C	120000000	122000000	2000000	0	0.000000
Asat_OT3098_v2_chr3C	122000000	124000000	2000000	0	0.000000
Asat_OT3098_v2_chr3C	124000000	126000000	2000000	0	0.000000
Asat_OT3098_v2_chr3C	126000000	128000000	2000000	0	0.000000
Asat_OT3098_v2_chr3C	128000000	130000000	2000000	0	0.000000
Asat_OT3098_v2_chr3C	130000000	132000000	2000000	0	0.000000
Asat_OT3098_v2_chr3C	132000000	134000000	2000000	0	0.000000
Asat_OT3098_v2_chr3C	134000000	136000000	2000000	0	0.000000
Asat_OT3098_v2_chr3C	136000000	138000000	2000000	0	0.000000
Asat_OT3098_v2_chr3C	138000000	140000000	2000000	0	0.000000
Asat_OT3098_v2_chr3C	140000000	142000000	2000000	0	0.000000
Asat_OT3098_v2_chr3C	142000000	144000000	2000000	0	0.000000
Asat_OT3098_v2_chr3C	144000000	146000000	2000000	0	0.000000
Asat_OT3098_v2_chr3C	146000000	148000000	2000000	0	0.000000
Asat_OT3098_v2_chr3C	148000000	150000000	2000000	0	0.000000
Asat_OT3098_v2_chr3C	150000000	152000000	2000000	0	0.000000
Asat_OT3098_v2_chr3C	152000000	154000000	2000000	0	0.000000
Asat_OT3098_v2_chr3C	154000000	156000000	2000000	0	0.000000
Asat_OT3098_v2_chr3C	156000000	158000000	2000000	0	0.000000
Asat_OT3098_v2_chr3C	158000000	160000000	2000000	0	0.000000
Asat_OT3098_v2_chr3C	160000000	162000000	2000000	0	0.000000
Asat_OT3098_v2_chr3C	162000000	164000000	2000000	0	0.000000
Asat_OT3098_v2_chr3C	164000000	166000000	2000000	0	0.000000
Asat_OT3098_v2_chr3C	166000000	168000000	2000000	0	0.000000
Asat_OT3098_v2_chr3C	168000000	170000000	2000000	0	0.000000
Asat_OT3098_v2_chr3C	170000000	172000000	2000000	0	0.000000
Asat_OT3098_v2_chr3C	172000000	174000000	2000000	0	0.000000
Asat_OT3098_v2_chr3C	174000000	176000000	2000000	0	0.000000
Asat_OT3098_v2_chr3C	176000000	178000000	2000000	0	0.000000
Asat_OT3098_v2_chr3C	178000000	180000000	2000000	0	0.000000
Asat_OT3098_v2_chr3C	180000000	182000000	2000000	0	0.000000
Asat_OT3098_v2_chr3C	182000000	184000000	2000000	0	0.000000
Asat_OT3098_v2_chr3C	184000000	186000000	2000000	0	0.000000
Asat_OT3098_v2_chr3C	186000000	188000000	2000000	0	0.000000
Asat_OT3098_v2_chr3C	188000000	190000000	2000000	0	0.000000
Asat_OT3098_v2_chr3C	190000000	192000000	2000000	0	0.000000
Asat_OT3098_v2_chr3C	192000000	194000000	2000000	0	0.000000
Asat_OT3098_v2_chr3C	194000000	196000000	2000000	0	0.000000
Asat_OT3098_v2_chr3C	196000000	198000000	2000000	0	0.000000
Asat_OT3098_v2_chr3C	198000000	200000000	2000000	0	0.000000
Asat_OT3098_v2_chr3C	200000000	202000000	2000000	0	0.000000
Asat_OT3098_v2_chr3C	202000000	204000000	2000000	0	0.000000
Asat_OT3098_v2_chr3C	204000000	206000000	2000000	0	0.000000
Asat_OT3098_v2_chr3C	206000000	208000000	2000000	0	0.000000
Asat_OT3098_v2_chr3C	208000000	210000000	2000000	0	0.000000
Asat_OT3098_v2_chr3C	210000000	212000000	2000000	0	0.000000
Asat_OT3098_v2_chr3C	212000000	214000000	2000000	0	0.000000
Asat_OT3098_v2_chr3C	214000000	216000000	2000000	0	0.000000
Asat_OT3098_v2_chr3C	216000000	218000000	2000000	0	0.000000
Asat_OT3098_v2_chr3C	218000000	220000000	2000000	0	0.000000
Asat_OT3098_v2_chr3C	220000000	222000000	2000000	0	0.000000
Asat_OT3098_v2_chr3C	222000000	224000000	2000000	0	0.000000
Asat_OT3098_v2_chr3C	224000000	226000000	2000000	0	0.000000
Asat_OT3098_v2_chr3C	226000000	228000000	2000000	0	0.000000
Asat_OT3098_v2_chr3C	228000000	230000000	2000000	0	0.000000
Asat_OT3098_v2_chr3C	230000000	232000000	2000000	0	0.000000
Asat_OT3098_v2_chr3C	232000000	234000000	2000000	0	0.000000
Asat_OT3098_v2_chr3C	234000000	236000000	2000000	0	0.000000
Asat_OT3098_v2_chr3C	236000000	238000000	2000000	0	0.000000
Asat_OT3098_v2_chr3C	238000000	240000000	2000000	0	0.000000
Asat_OT3098_v2_chr3C	240000000	242000000	2000000	0	0.000000
Asat_OT3098_v2_chr3C	242000000	244000000	2000000	0	0.000000
Asat_OT3098_v2_chr3C	244000000	246000000	2000000	0	0.000000
Asat_OT3098_v2_chr3C	246000000	248000000	2000000	0	0.000000
Asat_OT3098_v2_chr3C	248000000	250000000	2000000	0	0.000000
Asat_OT3098_v2_chr3C	250000000	252000000	2000000	0	0.000000
Asat_OT3098_v2_chr3C	252000000	254000000	2000000	0	0.000000
Asat_OT3098_v2_chr3C	254000000	256000000	2000000	0	0.000000
Asat_OT3098_v2_chr3C	256000000	258000000	2000000	0	0.000000
Asat_OT3098_v2_chr3C	258000000	260000000	2000000	0	0.000000
Asat_OT3098_v2_chr3C	260000000	262000000	2000000	0	0.000000
Asat_OT3098_v2_chr3C	262000000	264000000	2000000	0	0.000000
Asat_OT3098_v2_chr3C	264000000	266000000	2000000	0	0.000000
Asat_OT3098_v2_chr3C	266000000	268000000	2000000	0	0.000000
Asat_OT3098_v2_chr3C	268000000	270000000	2000000	0	0.000000
Asat_OT3098_v2_chr3C	270000000	272000000	2000000	0	0.000000
Asat_OT3098_v2_chr3C	272000000	274000000	2000000	0	0.000000
Asat_OT3098_v2_chr3C	274000000	276000000	2000000	0	0.000000
Asat_OT3098_v2_chr3C	276000000	278000000	2000000	0	0.000000
Asat_OT3098_v2_chr3C	278000000	280000000	2000000	0	0.000000
Asat_OT3098_v2_chr3C	280000000	282000000	2000000	0	0.000000
Asat_OT3098_v2_chr3C	282000000	284000000	2000000	0	0.000000
Asat_OT3098_v2_chr3C	284000000	286000000	2000000	0	0.000000
Asat_OT3098_v2_chr3C	286000000	288000000	2000000	0	0.000000
Asat_OT3098_v2_chr3C	288000000	290000000	2000000	0	0.000000
Asat_OT3098_v2_chr3C	290000000	292000000	2000000	0	0.000000
Asat_OT3098_v2_chr3C	292000000	294000000	2000000	0	0.000000
Asat_OT3098_v2_chr3C	294000000	296000000	2000000	0	0.000000
Asat_OT3098_v2_chr3C	296000000	298000000	2000000	0	0.000000
Asat_OT3098_v2_chr3C	298000000	300000000	2000000	0	0.000000
Asat_OT3098_v2_chr3C	300000000	302000000	2000000	0	0.000000
Asat_OT3098_v2_chr3C	302000000	304000000	2000000	0	0.000000
Asat_OT3098_v2_chr3C	304000000	306000000	2000000	0	0.000000
Asat_OT3098_v2_chr3C	306000000	308000000	2000000	0	0.000000
Asat_OT3098_v2_chr3C	308000000	310000000	2000000	0	0.000000
Asat_OT3098_v2_chr3C	310000000	312000000	2000000	0	0.000000
Asat_OT3098_v2_chr3C	312000000	314000000	2000000	0	0.000000
Asat_OT3098_v2_chr3C	314000000	316000000	2000000	0	0.000000
Asat_OT3098_v2_chr3C	316000000	318000000	2000000	0	0.000000
Asat_OT3098_v2_chr3C	318000000	320000000	2000000	0	0.000000
Asat_OT3098_v2_chr3C	320000000	322000000	2000000	0	0.000000
Asat_OT3098_v2_chr3C	322000000	324000000	2000000	0	0.000000
Asat_OT3098_v2_chr3C	324000000	326000000	2000000	0	0.000000
Asat_OT3098_v2_chr3C	326000000	328000000	2000000	0	0.000000
Asat_OT3098_v2_chr3C	328000000	330000000	2000000	0	0.000000
Asat_OT3098_v2_chr3C	330000000	332000000	2000000	0	0.000000
Asat_OT3098_v2_chr3C	332000000	334000000	2000000	0	0.000000
Asat_OT3098_v2_chr3C	334000000	336000000	2000000	0	0.000000
Asat_OT3098_v2_chr3C	336000000	338000000	2000000	0	0.000000
Asat_OT3098_v2_chr3C	338000000	340000000	2000000	0	0.000000
Asat_OT3098_v2_chr3C	340000000	342000000	2000000	0	0.000000
Asat_OT3098_v2_chr3C	342000000	344000000	2000000	0	0.000000
Asat_OT3098_v2_chr3C	344000000	346000000	2000000	0	0.000000
Asat_OT3098_v2_chr3C	346000000	348000000	2000000	0	0.000000
Asat_OT3098_v2_chr3C	348000000	350000000	2000000	0	0.000000
Asat_OT3098_v2_chr3C	350000000	352000000	2000000	0	0.000000
Asat_OT3098_v2_chr3C	352000000	354000000	2000000	0	0.000000
Asat_OT3098_v2_chr3C	354000000	356000000	2000000	0	0.000000
Asat_OT3098_v2_chr3C	356000000	358000000	2000000	0	0.000000
Asat_OT3098_v2_chr3C	358000000	360000000	2000000	0	0.000000
Asat_OT3098_v2_chr3C	360000000	362000000	2000000	0	0.000000
Asat_OT3098_v2_chr3C	362000000	364000000	2000000	0	0.000000
Asat_OT3098_v2_chr3C	364000000	366000000	2000000	0	0.000000
Asat_OT3098_v2_chr3C	366000000	368000000	2000000	0	0.000000
Asat_OT3098_v2_chr3C	368000000	370000000	2000000	0	0.000000
Asat_OT3098_v2_chr3C	370000000	372000000	2000000	0	0.000000
Asat_OT3098_v2_chr3C	372000000	374000000	2000000	0	0.000000
Asat_OT3098_v2_chr3C	374000000	376000000	2000000	0	0.000000
Asat_OT3098_v2_chr3C	376000000	378000000	2000000	0	0.000000
Asat_OT3098_v2_chr3C	378000000	380000000	2000000	0	0.000000
Asat_OT3098_v2_chr3C	380000000	382000000	2000000	0	0.000000
Asat_OT3098_v2_chr3C	382000000	384000000	2000000	0	0.000000
Asat_OT3098_v2_chr3C	384000000	386000000	2000000	0	0.000000
Asat_OT3098_v2_chr3C	386000000	388000000	2000000	0	0.000000
Asat_OT3098_v2_chr3C	388000000	390000000	2000000	0	0.000000
Asat_OT3098_v2_chr3C	390000000	392000000	2000000	0	0.000000
Asat_OT3098_v2_chr3C	392000000	394000000	2000000	0	0.000000
Asat_OT3098_v2_chr3C	394000000	396000000	2000000	0	0.000000
Asat_OT3098_v2_chr3C	396000000	398000000	2000000	0	0.000000
Asat_OT3098_v2_chr3C	398000000	400000000	2000000	0	0.000000
Asat_OT3098_v2_chr3C	400000000	402000000	2000000	0	0.000000
Asat_OT3098_v2_chr3C	402000000	404000000	2000000	0	0.000000
Asat_OT3098_v2_chr3C	404000000	406000000	2000000	0	0.000000
Asat_OT3098_v2_chr3C	406000000	408000000	2000000	0	0.000000
Asat_OT3098_v2_chr3C	408000000	410000000	2000000	0	0.000000
Asat_OT3098_v2_chr3C	410000000	412000000	2000000	0	0.000000
Asat_OT3098_v2_chr3C	412000000	414000000	2000000	0	0.000000
Asat_OT3098_v2_chr3C	414000000	416000000	2000000	0	0.000000
Asat_OT3098_v2_chr3C	416000000	418000000	2000000	0	0.000000
Asat_OT3098_v2_chr3C	418000000	420000000	2000000	0	0.000000
Asat_OT3098_v2_chr3C	420000000	422000000	2000000	0	0.000000
Asat_OT3098_v2_chr3C	422000000	424000000	2000000	0	0.000000
Asat_OT3098_v2_chr3C	424000000	426000000	2000000	0	0.000000
Asat_OT3098_v2_chr3C	426000000	428000000	2000000	0	0.000000
Asat_OT3098_v2_chr3C	428000000	430000000	2000000	0	0.000000
Asat_OT3098_v2_chr3C	430000000	432000000	2000000	0	0.000000
Asat_OT3098_v2_chr3C	432000000	434000000	2000000	0	0.000000
Asat_OT3098_v2_chr3C	434000000	436000000	2000000	0	0.000000
Asat_OT3098_v2_chr3C	436000000	438000000	2000000	0	0.000000
Asat_OT3098_v2_chr3C	438000000	440000000	2000000	0	0.000000
Asat_OT3098_v2_chr3C	440000000	442000000	2000000	0	0.000000
Asat_OT3098_v2_chr3C	442000000	444000000	2000000	0	0.000000
Asat_OT3098_v2_chr3C	444000000	446000000	2000000	0	0.000000
Asat_OT3098_v2_chr3C	446000000	448000000	2000000	0	0.000000
Asat_OT3098_v2_chr3C	448000000	450000000	2000000	0	0.000000
Asat_OT3098_v2_chr3C	450000000	452000000	2000000	0	0.000000
Asat_OT3098_v2_chr3C	452000000	454000000	2000000	0	0.000000
Asat_OT3098_v2_chr3C	454000000	456000000	2000000	0	0.000000
Asat_OT3098_v2_chr3C	456000000	458000000	2000000	0	0.000000
Asat_OT3098_v2_chr3C	458000000	460000000	2000000	0	0.000000
Asat_OT3098_v2_chr3C	460000000	462000000	2000000	0	0.000000
Asat_OT3098_v2_chr3C	462000000	464000000	2000000	0	0.000000
Asat_OT3098_v2_chr3C	464000000	466000000	2000000	0	0.000000
Asat_OT3098_v2_chr3C	466000000	468000000	2000000	0	0.000000
Asat_OT3098_v2_chr3C	468000000	470000000	2000000	0	0.000000
Asat_OT3098_v2_chr3C	470000000	472000000	2000000	0	0.000000
Asat_OT3098_v2_chr3C	472000000	474000000	2000000	0	0.000000
Asat_OT3098_v2_chr3C	474000000	476000000	2000000	0	0.000000
Asat_OT3098_v2_chr3C	476000000	478000000	2000000	0	0.000000
Asat_OT3098_v2_chr3C	478000000	480000000	2000000	0	0.000000
Asat_OT3098_v2_chr3C	480000000	482000000	2000000	0	0.000000
Asat_OT3098_v2_chr3C	482000000	484000000	2000000	0	0.000000
Asat_OT3098_v2_chr3C	484000000	486000000	2000000	0	0.000000
Asat_OT3098_v2_chr3C	486000000	488000000	2000000	0	0.000000
Asat_OT3098_v2_chr3C	488000000	490000000	2000000	0	0.000000
Asat_OT3098_v2_chr3C	490000000	492000000	2000000	0	0.000000
Asat_OT3098_v2_chr3C	492000000	494000000	2000000	0	0.000000
Asat_OT3098_v2_chr3C	494000000	496000000	2000000	0	0.000000
Asat_OT3098_v2_chr3C	496000000	498000000	2000000	0	0.000000
Asat_OT3098_v2_chr3C	498000000	500000000	2000000	0	0.000000
Asat_OT3098_v2_chr3C	500000000	502000000	2000000	0	0.000000
Asat_OT3098_v2_chr3C	502000000	504000000	2000000	0	0.000000
Asat_OT3098_v2_chr3C	504000000	506000000	2000000	0	0.000000
Asat_OT3098_v2_chr3C	506000000	508000000	2000000	0	0.000000
Asat_OT3098_v2_chr3C	508000000	510000000	2000000	0	0.000000
Asat_OT3098_v2_chr3C	510000000	512000000	2000000	0	0.000000
Asat_OT3098_v2_chr3C	512000000	514000000	2000000	0	0.000000
Asat_OT3098_v2_chr3C	514000000	516000000	2000000	0	0.000000
Asat_OT3098_v2_chr3C	516000000	518000000	2000000	0	0.000000
Asat_OT3098_v2_chr3C	518000000	520000000	2000000	0	0.000000
Asat_OT3098_v2_chr3C	520000000	522000000	2000000	0	0.000000
Asat_OT3098_v2_chr3C	522000000	524000000	2000000	0	0.000000
Asat_OT3098_v2_chr3C	524000000	526000000	2000000	0	0.000000
Asat_OT3098_v2_chr3C	526000000	528000000	2000000	0	0.000000
Asat_OT3098_v2_chr3C	528000000	530000000	2000000	0	0.000000
Asat_OT3098_v2_chr3C	530000000	532000000	2000000	0	0.000000
Asat_OT3098_v2_chr3C	532000000	534000000	2000000	0	0.000000
Asat_OT3098_v2_chr3C	534000000	536000000	2000000	0	0.000000
Asat_OT3098_v2_chr3C	536000000	538000000	2000000	0	0.000000
Asat_OT3098_v2_chr3C	538000000	540000000	2000000	0	0.000000
Asat_OT3098_v2_chr3C	540000000	542000000	2000000	0	0.000000
Asat_OT3098_v2_chr3C	542000000	544000000	2000000	0	0.000000
Asat_OT3098_v2_chr3C	544000000	546000000	2000000	0	0.000000
Asat_OT3098_v2_chr3C	546000000	548000000	2000000	0	0.000000
Asat_OT3098_v2_chr3C	548000000	550000000	2000000	0	0.000000
Asat_OT3098_v2_chr3C	550000000	552000000	2000000	0	0.000000
Asat_OT3098_v2_chr3C	552000000	554000000	2000000	0	0.000000
Asat_OT3098_v2_chr3C	554000000	556000000	2000000	0	0.000000
Asat_OT3098_v2_chr3C	556000000	558000000	2000000	0	0.000000
Asat_OT3098_v2_chr3C	558000000	560000000	2000000	0	0.000000
Asat_OT3098_v2_chr3C	560000000	562000000	2000000	0	0.000000
Asat_OT3098_v2_chr3C	562000000	564000000	2000000	0	0.000000
Asat_OT3098_v2_chr3C	564000000	566000000	2000000	0	0.000000
Asat_OT3098_v2_chr3C	566000000	568000000	2000000	0	0.000000
Asat_OT3098_v2_chr3C	568000000	570000000	2000000	0	0.000000
Asat_OT3098_v2_chr3C	570000000	572000000	2000000	0	0.000000
Asat_OT3098_v2_chr3C	572000000	574000000	2000000	0	0.000000
Asat_OT3098_v2_chr3C	574000000	576000000	2000000	0	0.000000
Asat_OT3098_v2_chr3C	576000000	578000000	2000000	0	0.000000
Asat_OT3098_v2_chr3C	578000000	580000000	2000000	0	0.000000
Asat_OT3098_v2_chr3C	580000000	582000000	2000000	0	0.000000
Asat_OT3098_v2_chr3C	582000000	584000000	2000000	0	0.000000
Asat_OT3098_v2_chr3C	584000000	586000000	2000000	0	0.000000
Asat_OT3098_v2_chr3C	586000000	588000000	2000000	0	0.000000
Asat_OT3098_v2_chr3C	588000000	590000000	2000000	0	0.000000
Asat_OT3098_v2_chr3C	590000000	592000000	2000000	0	0.000000
Asat_OT3098_v2_chr3C	592000000	594000000	2000000	0	0.000000
Asat_OT3098_v2_chr3C	594000000	596000000	2000000	0	0.000000
Asat_OT3098_v2_chr3C	596000000	598000000	2000000	0	0.000000
Asat_OT3098_v2_chr3C	598000000	600000000	2000000	0	0.000000
Asat_OT3098_v2_chr3C	600000000	602000000	2000000	0	0.000000
Asat_OT3098_v2_chr3C	602000000	604000000	2000000	0	0.000000
Asat_OT3098_v2_chr3C	604000000	606000000	2000000	0	0.000000
Asat_OT3098_v2_chr3C	606000000	608000000	2000000	0	0.000000
Asat_OT3098_v2_chr3C	608000000	610000000	2000000	0	0.000000
Asat_OT3098_v2_chr3C	610000000	612000000	2000000	0	0.000000
Asat_OT3098_v2_chr3C	612000000	614000000	2000000	0	0.000000
Asat_OT3098_v2_chr3C	614000000	616000000	2000000	0	0.000000
Asat_OT3098_v2_chr3C	616000000	618000000	2000000	0	0.000000
Asat_OT3098_v2_chr3C	618000000	620000000	2000000	0	0.000000
Asat_OT3098_v2_chr3C	620000000	622000000	2000000	0	0.000000
Asat_OT3098_v2_chr3C	622000000	624000000	2000000	0	0.000000
Asat_OT3098_v2_chr3C	624000000	626000000	2000000	0	0.000000
Asat_OT3098_v2_chr3C	626000000	628000000	2000000	0	0.000000
Asat_OT3098_v2_chr3C	628000000	630000000	2000000	0	0.000000
Asat_OT3098_v2_chr3C	630000000	632000000	2000000	0	0.000000
Asat_OT3098_v2_chr3C	632000000	634000000	2000000	0	0.000000
Asat_OT3098_v2_chr3C	634000000	636000000	2000000	0	0.000000
Asat_OT3098_v2_chr3C	636000000	638000000	2000000	0	0.000000
Asat_OT3098_v2_chr3C	638000000	638425132	425132	0	0.000000
Asat_OT3098_v2_chr3D	0	2000000	2000000	0	0.000000
Asat_OT3098_v2_chr3D	2000000	4000000	2000000	0	0.000000
Asat_OT3098_v2_chr3D	4000000	6000000	2000000	0	0.000000
Asat_OT3098_v2_chr3D	6000000	8000000	2000000	0	0.000000
Asat_OT3098_v2_chr3D	8000000	10000000	2000000	0	0.000000
Asat_OT3098_v2_chr3D	10000000	12000000	2000000	0	0.000000
Asat_OT3098_v2_chr3D	12000000	14000000	2000000	0	0.000000
Asat_OT3098_v2_chr3D	14000000	16000000	2000000	0	0.000000
Asat_OT3098_v2_chr3D	16000000	18000000	2000000	0	0.000000
Asat_OT3098_v2_chr3D	18000000	20000000	2000000	0	0.000000
Asat_OT3098_v2_chr3D	20000000	22000000	2000000	0	0.000000
Asat_OT3098_v2_chr3D	22000000	24000000	2000000	0	0.000000
Asat_OT3098_v2_chr3D	24000000	26000000	2000000	0	0.000000
Asat_OT3098_v2_chr3D	26000000	28000000	2000000	0	0.000000
Asat_OT3098_v2_chr3D	28000000	30000000	2000000	0	0.000000
Asat_OT3098_v2_chr3D	30000000	32000000	2000000	0	0.000000
Asat_OT3098_v2_chr3D	32000000	34000000	2000000	0	0.000000
Asat_OT3098_v2_chr3D	34000000	36000000	2000000	0	0.000000
Asat_OT3098_v2_chr3D	36000000	38000000	2000000	0	0.000000
Asat_OT3098_v2_chr3D	38000000	40000000	2000000	0	0.000000
Asat_OT3098_v2_chr3D	40000000	42000000	2000000	0	0.000000
Asat_OT3098_v2_chr3D	42000000	44000000	2000000	0	0.000000
Asat_OT3098_v2_chr3D	44000000	46000000	2000000	0	0.000000
Asat_OT3098_v2_chr3D	46000000	48000000	2000000	0	0.000000
Asat_OT3098_v2_chr3D	48000000	50000000	2000000	0	0.000000
Asat_OT3098_v2_chr3D	50000000	52000000	2000000	0	0.000000
Asat_OT3098_v2_chr3D	52000000	54000000	2000000	0	0.000000
Asat_OT3098_v2_chr3D	54000000	56000000	2000000	0	0.000000
Asat_OT3098_v2_chr3D	56000000	58000000	2000000	0	0.000000
Asat_OT3098_v2_chr3D	58000000	60000000	2000000	0	0.000000
Asat_OT3098_v2_chr3D	60000000	62000000	2000000	0	0.000000
Asat_OT3098_v2_chr3D	62000000	64000000	2000000	0	0.000000
Asat_OT3098_v2_chr3D	64000000	66000000	2000000	0	0.000000
Asat_OT3098_v2_chr3D	66000000	68000000	2000000	0	0.000000
Asat_OT3098_v2_chr3D	68000000	70000000	2000000	0	0.000000
Asat_OT3098_v2_chr3D	70000000	72000000	2000000	0	0.000000
Asat_OT3098_v2_chr3D	72000000	74000000	2000000	0	0.000000
Asat_OT3098_v2_chr3D	74000000	76000000	2000000	0	0.000000
Asat_OT3098_v2_chr3D	76000000	78000000	2000000	0	0.000000
Asat_OT3098_v2_chr3D	78000000	80000000	2000000	0	0.000000
Asat_OT3098_v2_chr3D	80000000	82000000	2000000	0	0.000000
Asat_OT3098_v2_chr3D	82000000	84000000	2000000	0	0.000000
Asat_OT3098_v2_chr3D	84000000	86000000	2000000	0	0.000000
Asat_OT3098_v2_chr3D	86000000	88000000	2000000	0	0.000000
Asat_OT3098_v2_chr3D	88000000	90000000	2000000	0	0.000000
Asat_OT3098_v2_chr3D	90000000	92000000	2000000	0	0.000000
Asat_OT3098_v2_chr3D	92000000	94000000	2000000	0	0.000000
Asat_OT3098_v2_chr3D	94000000	96000000	2000000	0	0.000000
Asat_OT3098_v2_chr3D	96000000	98000000	2000000	0	0.000000
Asat_OT3098_v2_chr3D	98000000	100000000	2000000	0	0.000000
Asat_OT3098_v2_chr3D	100000000	102000000	2000000	0	0.000000
Asat_OT3098_v2_chr3D	102000000	104000000	2000000	0	0.000000
Asat_OT3098_v2_chr3D	104000000	106000000	2000000	0	0.000000
Asat_OT3098_v2_chr3D	106000000	108000000	2000000	0	0.000000
Asat_OT3098_v2_chr3D	108000000	110000000	2000000	0	0.000000
Asat_OT3098_v2_chr3D	110000000	112000000	2000000	0	0.000000
Asat_OT3098_v2_chr3D	112000000	114000000	2000000	0	0.000000
Asat_OT3098_v2_chr3D	114000000	116000000	2000000	0	0.000000
Asat_OT3098_v2_chr3D	116000000	118000000	2000000	0	0.000000
Asat_OT3098_v2_chr3D	118000000	120000000	2000000	0	0.000000
Asat_OT3098_v2_chr3D	120000000	122000000	2000000	0	0.000000
Asat_OT3098_v2_chr3D	122000000	124000000	2000000	0	0.000000
Asat_OT3098_v2_chr3D	124000000	126000000	2000000	0	0.000000
Asat_OT3098_v2_chr3D	126000000	128000000	2000000	0	0.000000
Asat_OT3098_v2_chr3D	128000000	130000000	2000000	0	0.000000
Asat_OT3098_v2_chr3D	130000000	132000000	2000000	0	0.000000
Asat_OT3098_v2_chr3D	132000000	134000000	2000000	0	0.000000
Asat_OT3098_v2_chr3D	134000000	136000000	2000000	0	0.000000
Asat_OT3098_v2_chr3D	136000000	138000000	2000000	0	0.000000
Asat_OT3098_v2_chr3D	138000000	140000000	2000000	0	0.000000
Asat_OT3098_v2_chr3D	140000000	142000000	2000000	0	0.000000
Asat_OT3098_v2_chr3D	142000000	144000000	2000000	0	0.000000
Asat_OT3098_v2_chr3D	144000000	146000000	2000000	0	0.000000
Asat_OT3098_v2_chr3D	146000000	148000000	2000000	0	0.000000
Asat_OT3098_v2_chr3D	148000000	150000000	2000000	0	0.000000
Asat_OT3098_v2_chr3D	150000000	152000000	2000000	0	0.000000
Asat_OT3098_v2_chr3D	152000000	154000000	2000000	0	0.000000
Asat_OT3098_v2_chr3D	154000000	156000000	2000000	0	0.000000
Asat_OT3098_v2_chr3D	156000000	158000000	2000000	0	0.000000
Asat_OT3098_v2_chr3D	158000000	160000000	2000000	0	0.000000
Asat_OT3098_v2_chr3D	160000000	162000000	2000000	0	0.000000
Asat_OT3098_v2_chr3D	162000000	164000000	2000000	0	0.000000
Asat_OT3098_v2_chr3D	164000000	166000000	2000000	0	0.000000
Asat_OT3098_v2_chr3D	166000000	168000000	2000000	0	0.000000
Asat_OT3098_v2_chr3D	168000000	170000000	2000000	0	0.000000
Asat_OT3098_v2_chr3D	170000000	172000000	2000000	0	0.000000
Asat_OT3098_v2_chr3D	172000000	174000000	2000000	0	0.000000
Asat_OT3098_v2_chr3D	174000000	176000000	2000000	0	0.000000
Asat_OT3098_v2_chr3D	176000000	178000000	2000000	0	0.000000
Asat_OT3098_v2_chr3D	178000000	180000000	2000000	0	0.000000
Asat_OT3098_v2_chr3D	180000000	182000000	2000000	0	0.000000
Asat_OT3098_v2_chr3D	182000000	184000000	2000000	0	0.000000
Asat_OT3098_v2_chr3D	184000000	186000000	2000000	0	0.000000
Asat_OT3098_v2_chr3D	186000000	188000000	2000000	0	0.000000
Asat_OT3098_v2_chr3D	188000000	190000000	2000000	0	0.000000
Asat_OT3098_v2_chr3D	190000000	192000000	2000000	0	0.000000
Asat_OT3098_v2_chr3D	192000000	194000000	2000000	0	0.000000
Asat_OT3098_v2_chr3D	194000000	196000000	2000000	0	0.000000
Asat_OT3098_v2_chr3D	196000000	198000000	2000000	0	0.000000
Asat_OT3098_v2_chr3D	198000000	200000000	2000000	0	0.000000
Asat_OT3098_v2_chr3D	200000000	202000000	2000000	0	0.000000
Asat_OT3098_v2_chr3D	202000000	204000000	2000000	0	0.000000
Asat_OT3098_v2_chr3D	204000000	206000000	2000000	0	0.000000
Asat_OT3098_v2_chr3D	206000000	208000000	2000000	0	0.000000
Asat_OT3098_v2_chr3D	208000000	210000000	2000000	0	0.000000
Asat_OT3098_v2_chr3D	210000000	212000000	2000000	0	0.000000
Asat_OT3098_v2_chr3D	212000000	214000000	2000000	0	0.000000
Asat_OT3098_v2_chr3D	214000000	216000000	2000000	0	0.000000
Asat_OT3098_v2_chr3D	216000000	218000000	2000000	0	0.000000
Asat_OT3098_v2_chr3D	218000000	220000000	2000000	0	0.000000
Asat_OT3098_v2_chr3D	220000000	222000000	2000000	0	0.000000
Asat_OT3098_v2_chr3D	222000000	224000000	2000000	0	0.000000
Asat_OT3098_v2_chr3D	224000000	226000000	2000000	0	0.000000
Asat_OT3098_v2_chr3D	226000000	228000000	2000000	0	0.000000
Asat_OT3098_v2_chr3D	228000000	230000000	2000000	0	0.000000
Asat_OT3098_v2_chr3D	230000000	232000000	2000000	0	0.000000
Asat_OT3098_v2_chr3D	232000000	234000000	2000000	0	0.000000
Asat_OT3098_v2_chr3D	234000000	236000000	2000000	0	0.000000
Asat_OT3098_v2_chr3D	236000000	238000000	2000000	0	0.000000
Asat_OT3098_v2_chr3D	238000000	240000000	2000000	0	0.000000
Asat_OT3098_v2_chr3D	240000000	242000000	2000000	0	0.000000
Asat_OT3098_v2_chr3D	242000000	244000000	2000000	0	0.000000
Asat_OT3098_v2_chr3D	244000000	246000000	2000000	0	0.000000
Asat_OT3098_v2_chr3D	246000000	248000000	2000000	0	0.000000
Asat_OT3098_v2_chr3D	248000000	250000000	2000000	0	0.000000
Asat_OT3098_v2_chr3D	250000000	252000000	2000000	0	0.000000
Asat_OT3098_v2_chr3D	252000000	254000000	2000000	0	0.000000
Asat_OT3098_v2_chr3D	254000000	256000000	2000000	0	0.000000
Asat_OT3098_v2_chr3D	256000000	258000000	2000000	0	0.000000
Asat_OT3098_v2_chr3D	258000000	260000000	2000000	0	0.000000
Asat_OT3098_v2_chr3D	260000000	262000000	2000000	0	0.000000
Asat_OT3098_v2_chr3D	262000000	264000000	2000000	0	0.000000
Asat_OT3098_v2_chr3D	264000000	266000000	2000000	0	0.000000
Asat_OT3098_v2_chr3D	266000000	268000000	2000000	0	0.000000
Asat_OT3098_v2_chr3D	268000000	270000000	2000000	0	0.000000
Asat_OT3098_v2_chr3D	270000000	272000000	2000000	0	0.000000
Asat_OT3098_v2_chr3D	272000000	274000000	2000000	0	0.000000
Asat_OT3098_v2_chr3D	274000000	276000000	2000000	0	0.000000
Asat_OT3098_v2_chr3D	276000000	278000000	2000000	0	0.000000
Asat_OT3098_v2_chr3D	278000000	280000000	2000000	0	0.000000
Asat_OT3098_v2_chr3D	280000000	282000000	2000000	0	0.000000
Asat_OT3098_v2_chr3D	282000000	284000000	2000000	0	0.000000
Asat_OT3098_v2_chr3D	284000000	286000000	2000000	0	0.000000
Asat_OT3098_v2_chr3D	286000000	288000000	2000000	0	0.000000
Asat_OT3098_v2_chr3D	288000000	290000000	2000000	0	0.000000
Asat_OT3098_v2_chr3D	290000000	292000000	2000000	0	0.000000
Asat_OT3098_v2_chr3D	292000000	294000000	2000000	0	0.000000
Asat_OT3098_v2_chr3D	294000000	296000000	2000000	0	0.000000
Asat_OT3098_v2_chr3D	296000000	298000000	2000000	0	0.000000
Asat_OT3098_v2_chr3D	298000000	300000000	2000000	0	0.000000
Asat_OT3098_v2_chr3D	300000000	302000000	2000000	0	0.000000
Asat_OT3098_v2_chr3D	302000000	304000000	2000000	0	0.000000
Asat_OT3098_v2_chr3D	304000000	306000000	2000000	0	0.000000
Asat_OT3098_v2_chr3D	306000000	308000000	2000000	0	0.000000
Asat_OT3098_v2_chr3D	308000000	310000000	2000000	0	0.000000
Asat_OT3098_v2_chr3D	310000000	312000000	2000000	0	0.000000
Asat_OT3098_v2_chr3D	312000000	314000000	2000000	0	0.000000
Asat_OT3098_v2_chr3D	314000000	316000000	2000000	0	0.000000
Asat_OT3098_v2_chr3D	316000000	318000000	2000000	0	0.000000
Asat_OT3098_v2_chr3D	318000000	320000000	2000000	0	0.000000
Asat_OT3098_v2_chr3D	320000000	322000000	2000000	0	0.000000
Asat_OT3098_v2_chr3D	322000000	324000000	2000000	0	0.000000
Asat_OT3098_v2_chr3D	324000000	326000000	2000000	0	0.000000
Asat_OT3098_v2_chr3D	326000000	328000000	2000000	0	0.000000
Asat_OT3098_v2_chr3D	328000000	330000000	2000000	0	0.000000
Asat_OT3098_v2_chr3D	330000000	332000000	2000000	0	0.000000
Asat_OT3098_v2_chr3D	332000000	334000000	2000000	0	0.000000
Asat_OT3098_v2_chr3D	334000000	336000000	2000000	0	0.000000
Asat_OT3098_v2_chr3D	336000000	338000000	2000000	0	0.000000
Asat_OT3098_v2_chr3D	338000000	340000000	2000000	0	0.000000
Asat_OT3098_v2_chr3D	340000000	342000000	2000000	0	0.000000
Asat_OT3098_v2_chr3D	342000000	344000000	2000000	0	0.000000
Asat_OT3098_v2_chr3D	344000000	346000000	2000000	0	0.000000
Asat_OT3098_v2_chr3D	346000000	348000000	2000000	0	0.000000
Asat_OT3098_v2_chr3D	348000000	350000000	2000000	0	0.000000
Asat_OT3098_v2_chr3D	350000000	352000000	2000000	0	0.000000
Asat_OT3098_v2_chr3D	352000000	354000000	2000000	0	0.000000
Asat_OT3098_v2_chr3D	354000000	356000000	2000000	0	0.000000
Asat_OT3098_v2_chr3D	356000000	358000000	2000000	0	0.000000
Asat_OT3098_v2_chr3D	358000000	360000000	2000000	0	0.000000
Asat_OT3098_v2_chr3D	360000000	362000000	2000000	0	0.000000
Asat_OT3098_v2_chr3D	362000000	364000000	2000000	0	0.000000
Asat_OT3098_v2_chr3D	364000000	366000000	2000000	0	0.000000
Asat_OT3098_v2_chr3D	366000000	368000000	2000000	0	0.000000
Asat_OT3098_v2_chr3D	368000000	370000000	2000000	0	0.000000
Asat_OT3098_v2_chr3D	370000000	372000000	2000000	0	0.000000
Asat_OT3098_v2_chr3D	372000000	374000000	2000000	0	0.000000
Asat_OT3098_v2_chr3D	374000000	376000000	2000000	0	0.000000
Asat_OT3098_v2_chr3D	376000000	378000000	2000000	0	0.000000
Asat_OT3098_v2_chr3D	378000000	380000000	2000000	0	0.000000
Asat_OT3098_v2_chr3D	380000000	382000000	2000000	0	0.000000
Asat_OT3098_v2_chr3D	382000000	384000000	2000000	0	0.000000
Asat_OT3098_v2_chr3D	384000000	386000000	2000000	0	0.000000
Asat_OT3098_v2_chr3D	386000000	388000000	2000000	0	0.000000
Asat_OT3098_v2_chr3D	388000000	390000000	2000000	0	0.000000
Asat_OT3098_v2_chr3D	390000000	392000000	2000000	0	0.000000
Asat_OT3098_v2_chr3D	392000000	394000000	2000000	0	0.000000
Asat_OT3098_v2_chr3D	394000000	396000000	2000000	0	0.000000
Asat_OT3098_v2_chr3D	396000000	398000000	2000000	0	0.000000
Asat_OT3098_v2_chr3D	398000000	400000000	2000000	0	0.000000
Asat_OT3098_v2_chr3D	400000000	402000000	2000000	0	0.000000
Asat_OT3098_v2_chr3D	402000000	404000000	2000000	0	0.000000
Asat_OT3098_v2_chr3D	404000000	406000000	2000000	0	0.000000
Asat_OT3098_v2_chr3D	406000000	408000000	2000000	0	0.000000
Asat_OT3098_v2_chr3D	408000000	410000000	2000000	0	0.000000
Asat_OT3098_v2_chr3D	410000000	412000000	2000000	0	0.000000
Asat_OT3098_v2_chr3D	412000000	414000000	2000000	0	0.000000
Asat_OT3098_v2_chr3D	414000000	416000000	2000000	0	0.000000
Asat_OT3098_v2_chr3D	416000000	418000000	2000000	0	0.000000
Asat_OT3098_v2_chr3D	418000000	420000000	2000000	0	0.000000
Asat_OT3098_v2_chr3D	420000000	422000000	2000000	0	0.000000
Asat_OT3098_v2_chr3D	422000000	424000000	2000000	0	0.000000
Asat_OT3098_v2_chr3D	424000000	426000000	2000000	0	0.000000
Asat_OT3098_v2_chr3D	426000000	428000000	2000000	0	0.000000
Asat_OT3098_v2_chr3D	428000000	430000000	2000000	0	0.000000
Asat_OT3098_v2_chr3D	430000000	432000000	2000000	0	0.000000
Asat_OT3098_v2_chr3D	432000000	434000000	2000000	0	0.000000
Asat_OT3098_v2_chr3D	434000000	436000000	2000000	0	0.000000
Asat_OT3098_v2_chr3D	436000000	438000000	2000000	0	0.000000
Asat_OT3098_v2_chr3D	438000000	440000000	2000000	0	0.000000
Asat_OT3098_v2_chr3D	440000000	442000000	2000000	0	0.000000
Asat_OT3098_v2_chr3D	442000000	444000000	2000000	0	0.000000
Asat_OT3098_v2_chr3D	444000000	446000000	2000000	0	0.000000
Asat_OT3098_v2_chr3D	446000000	448000000	2000000	0	0.000000
Asat_OT3098_v2_chr3D	448000000	450000000	2000000	0	0.000000
Asat_OT3098_v2_chr3D	450000000	452000000	2000000	0	0.000000
Asat_OT3098_v2_chr3D	452000000	454000000	2000000	0	0.000000
Asat_OT3098_v2_chr3D	454000000	456000000	2000000	0	0.000000
Asat_OT3098_v2_chr3D	456000000	458000000	2000000	0	0.000000
Asat_OT3098_v2_chr3D	458000000	460000000	2000000	0	0.000000
Asat_OT3098_v2_chr3D	460000000	462000000	2000000	0	0.000000
Asat_OT3098_v2_chr3D	462000000	464000000	2000000	0	0.000000
Asat_OT3098_v2_chr3D	464000000	466000000	2000000	0	0.000000
Asat_OT3098_v2_chr3D	466000000	468000000	2000000	0	0.000000
Asat_OT3098_v2_chr3D	468000000	470000000	2000000	0	0.000000
Asat_OT3098_v2_chr3D	470000000	472000000	2000000	0	0.000000
Asat_OT3098_v2_chr3D	472000000	474000000	2000000	0	0.000000
Asat_OT3098_v2_chr3D	474000000	476000000	2000000	0	0.000000
Asat_OT3098_v2_chr3D	476000000	478000000	2000000	0	0.000000
Asat_OT3098_v2_chr3D	478000000	480000000	2000000	0	0.000000
Asat_OT3098_v2_chr3D	480000000	480949782	949782	0	0.000000
Asat_OT3098_v2_chr4A	0	2000000	2000000	0	0.000000
Asat_OT3098_v2_chr4A	2000000	4000000	2000000	0	0.000000
Asat_OT3098_v2_chr4A	4000000	6000000	2000000	0	0.000000
Asat_OT3098_v2_chr4A	6000000	8000000	2000000	0	0.000000
Asat_OT3098_v2_chr4A	8000000	10000000	2000000	0	0.000000
Asat_OT3098_v2_chr4A	10000000	12000000	2000000	0	0.000000
Asat_OT3098_v2_chr4A	12000000	14000000	2000000	0	0.000000
Asat_OT3098_v2_chr4A	14000000	16000000	2000000	0	0.000000
Asat_OT3098_v2_chr4A	16000000	18000000	2000000	0	0.000000
Asat_OT3098_v2_chr4A	18000000	20000000	2000000	0	0.000000
Asat_OT3098_v2_chr4A	20000000	22000000	2000000	0	0.000000
Asat_OT3098_v2_chr4A	22000000	24000000	2000000	0	0.000000
Asat_OT3098_v2_chr4A	24000000	26000000	2000000	0	0.000000
Asat_OT3098_v2_chr4A	26000000	28000000	2000000	0	0.000000
Asat_OT3098_v2_chr4A	28000000	30000000	2000000	0	0.000000
Asat_OT3098_v2_chr4A	30000000	32000000	2000000	0	0.000000
Asat_OT3098_v2_chr4A	32000000	34000000	2000000	0	0.000000
Asat_OT3098_v2_chr4A	34000000	36000000	2000000	0	0.000000
Asat_OT3098_v2_chr4A	36000000	38000000	2000000	0	0.000000
Asat_OT3098_v2_chr4A	38000000	40000000	2000000	0	0.000000
Asat_OT3098_v2_chr4A	40000000	42000000	2000000	0	0.000000
Asat_OT3098_v2_chr4A	42000000	44000000	2000000	0	0.000000
Asat_OT3098_v2_chr4A	44000000	46000000	2000000	0	0.000000
Asat_OT3098_v2_chr4A	46000000	48000000	2000000	0	0.000000
Asat_OT3098_v2_chr4A	48000000	50000000	2000000	0	0.000000
Asat_OT3098_v2_chr4A	50000000	52000000	2000000	0	0.000000
Asat_OT3098_v2_chr4A	52000000	54000000	2000000	0	0.000000
Asat_OT3098_v2_chr4A	54000000	56000000	2000000	0	0.000000
Asat_OT3098_v2_chr4A	56000000	58000000	2000000	0	0.000000
Asat_OT3098_v2_chr4A	58000000	60000000	2000000	0	0.000000
Asat_OT3098_v2_chr4A	60000000	62000000	2000000	0	0.000000
Asat_OT3098_v2_chr4A	62000000	64000000	2000000	0	0.000000
Asat_OT3098_v2_chr4A	64000000	66000000	2000000	0	0.000000
Asat_OT3098_v2_chr4A	66000000	68000000	2000000	0	0.000000
Asat_OT3098_v2_chr4A	68000000	70000000	2000000	0	0.000000
Asat_OT3098_v2_chr4A	70000000	72000000	2000000	0	0.000000
Asat_OT3098_v2_chr4A	72000000	74000000	2000000	0	0.000000
Asat_OT3098_v2_chr4A	74000000	76000000	2000000	0	0.000000
Asat_OT3098_v2_chr4A	76000000	78000000	2000000	0	0.000000
Asat_OT3098_v2_chr4A	78000000	80000000	2000000	0	0.000000
Asat_OT3098_v2_chr4A	80000000	82000000	2000000	0	0.000000
Asat_OT3098_v2_chr4A	82000000	84000000	2000000	0	0.000000
Asat_OT3098_v2_chr4A	84000000	86000000	2000000	0	0.000000
Asat_OT3098_v2_chr4A	86000000	88000000	2000000	0	0.000000
Asat_OT3098_v2_chr4A	88000000	90000000	2000000	0	0.000000
Asat_OT3098_v2_chr4A	90000000	92000000	2000000	0	0.000000
Asat_OT3098_v2_chr4A	92000000	94000000	2000000	0	0.000000
Asat_OT3098_v2_chr4A	94000000	96000000	2000000	0	0.000000
Asat_OT3098_v2_chr4A	96000000	98000000	2000000	0	0.000000
Asat_OT3098_v2_chr4A	98000000	100000000	2000000	0	0.000000
Asat_OT3098_v2_chr4A	100000000	102000000	2000000	0	0.000000
Asat_OT3098_v2_chr4A	102000000	104000000	2000000	0	0.000000
Asat_OT3098_v2_chr4A	104000000	106000000	2000000	0	0.000000
Asat_OT3098_v2_chr4A	106000000	108000000	2000000	0	0.000000
Asat_OT3098_v2_chr4A	108000000	110000000	2000000	0	0.000000
Asat_OT3098_v2_chr4A	110000000	112000000	2000000	0	0.000000
Asat_OT3098_v2_chr4A	112000000	114000000	2000000	0	0.000000
Asat_OT3098_v2_chr4A	114000000	116000000	2000000	0	0.000000
Asat_OT3098_v2_chr4A	116000000	118000000	2000000	0	0.000000
Asat_OT3098_v2_chr4A	118000000	120000000	2000000	0	0.000000
Asat_OT3098_v2_chr4A	120000000	122000000	2000000	0	0.000000
Asat_OT3098_v2_chr4A	122000000	124000000	2000000	0	0.000000
Asat_OT3098_v2_chr4A	124000000	126000000	2000000	0	0.000000
Asat_OT3098_v2_chr4A	126000000	128000000	2000000	0	0.000000
Asat_OT3098_v2_chr4A	128000000	130000000	2000000	0	0.000000
Asat_OT3098_v2_chr4A	130000000	132000000	2000000	0	0.000000
Asat_OT3098_v2_chr4A	132000000	134000000	2000000	0	0.000000
Asat_OT3098_v2_chr4A	134000000	136000000	2000000	0	0.000000
Asat_OT3098_v2_chr4A	136000000	138000000	2000000	0	0.000000
Asat_OT3098_v2_chr4A	138000000	140000000	2000000	0	0.000000
Asat_OT3098_v2_chr4A	140000000	142000000	2000000	0	0.000000
Asat_OT3098_v2_chr4A	142000000	144000000	2000000	0	0.000000
Asat_OT3098_v2_chr4A	144000000	146000000	2000000	0	0.000000
Asat_OT3098_v2_chr4A	146000000	148000000	2000000	0	0.000000
Asat_OT3098_v2_chr4A	148000000	150000000	2000000	0	0.000000
Asat_OT3098_v2_chr4A	150000000	152000000	2000000	0	0.000000
Asat_OT3098_v2_chr4A	152000000	154000000	2000000	0	0.000000
Asat_OT3098_v2_chr4A	154000000	156000000	2000000	0	0.000000
Asat_OT3098_v2_chr4A	156000000	158000000	2000000	0	0.000000
Asat_OT3098_v2_chr4A	158000000	160000000	2000000	0	0.000000
Asat_OT3098_v2_chr4A	160000000	162000000	2000000	0	0.000000
Asat_OT3098_v2_chr4A	162000000	164000000	2000000	0	0.000000
Asat_OT3098_v2_chr4A	164000000	166000000	2000000	0	0.000000
Asat_OT3098_v2_chr4A	166000000	168000000	2000000	0	0.000000
Asat_OT3098_v2_chr4A	168000000	170000000	2000000	0	0.000000
Asat_OT3098_v2_chr4A	170000000	172000000	2000000	0	0.000000
Asat_OT3098_v2_chr4A	172000000	174000000	2000000	0	0.000000
Asat_OT3098_v2_chr4A	174000000	176000000	2000000	0	0.000000
Asat_OT3098_v2_chr4A	176000000	178000000	2000000	0	0.000000
Asat_OT3098_v2_chr4A	178000000	180000000	2000000	0	0.000000
Asat_OT3098_v2_chr4A	180000000	182000000	2000000	0	0.000000
Asat_OT3098_v2_chr4A	182000000	184000000	2000000	0	0.000000
Asat_OT3098_v2_chr4A	184000000	186000000	2000000	0	0.000000
Asat_OT3098_v2_chr4A	186000000	188000000	2000000	0	0.000000
Asat_OT3098_v2_chr4A	188000000	190000000	2000000	0	0.000000
Asat_OT3098_v2_chr4A	190000000	192000000	2000000	0	0.000000
Asat_OT3098_v2_chr4A	192000000	194000000	2000000	0	0.000000
Asat_OT3098_v2_chr4A	194000000	196000000	2000000	0	0.000000
Asat_OT3098_v2_chr4A	196000000	198000000	2000000	0	0.000000
Asat_OT3098_v2_chr4A	198000000	200000000	2000000	0	0.000000
Asat_OT3098_v2_chr4A	200000000	202000000	2000000	0	0.000000
Asat_OT3098_v2_chr4A	202000000	204000000	2000000	0	0.000000
Asat_OT3098_v2_chr4A	204000000	206000000	2000000	0	0.000000
Asat_OT3098_v2_chr4A	206000000	208000000	2000000	0	0.000000
Asat_OT3098_v2_chr4A	208000000	210000000	2000000	0	0.000000
Asat_OT3098_v2_chr4A	210000000	212000000	2000000	0	0.000000
Asat_OT3098_v2_chr4A	212000000	214000000	2000000	0	0.000000
Asat_OT3098_v2_chr4A	214000000	216000000	2000000	0	0.000000
Asat_OT3098_v2_chr4A	216000000	218000000	2000000	0	0.000000
Asat_OT3098_v2_chr4A	218000000	220000000	2000000	0	0.000000
Asat_OT3098_v2_chr4A	220000000	222000000	2000000	0	0.000000
Asat_OT3098_v2_chr4A	222000000	224000000	2000000	0	0.000000
Asat_OT3098_v2_chr4A	224000000	226000000	2000000	0	0.000000
Asat_OT3098_v2_chr4A	226000000	228000000	2000000	0	0.000000
Asat_OT3098_v2_chr4A	228000000	230000000	2000000	0	0.000000
Asat_OT3098_v2_chr4A	230000000	232000000	2000000	0	0.000000
Asat_OT3098_v2_chr4A	232000000	234000000	2000000	0	0.000000
Asat_OT3098_v2_chr4A	234000000	236000000	2000000	0	0.000000
Asat_OT3098_v2_chr4A	236000000	238000000	2000000	0	0.000000
Asat_OT3098_v2_chr4A	238000000	240000000	2000000	0	0.000000
Asat_OT3098_v2_chr4A	240000000	242000000	2000000	0	0.000000
Asat_OT3098_v2_chr4A	242000000	244000000	2000000	0	0.000000
Asat_OT3098_v2_chr4A	244000000	246000000	2000000	0	0.000000
Asat_OT3098_v2_chr4A	246000000	248000000	2000000	0	0.000000
Asat_OT3098_v2_chr4A	248000000	250000000	2000000	0	0.000000
Asat_OT3098_v2_chr4A	250000000	252000000	2000000	0	0.000000
Asat_OT3098_v2_chr4A	252000000	254000000	2000000	0	0.000000
Asat_OT3098_v2_chr4A	254000000	256000000	2000000	0	0.000000
Asat_OT3098_v2_chr4A	256000000	258000000	2000000	0	0.000000
Asat_OT3098_v2_chr4A	258000000	260000000	2000000	0	0.000000
Asat_OT3098_v2_chr4A	260000000	262000000	2000000	0	0.000000
Asat_OT3098_v2_chr4A	262000000	264000000	2000000	0	0.000000
Asat_OT3098_v2_chr4A	264000000	266000000	2000000	0	0.000000
Asat_OT3098_v2_chr4A	266000000	268000000	2000000	0	0.000000
Asat_OT3098_v2_chr4A	268000000	270000000	2000000	0	0.000000
Asat_OT3098_v2_chr4A	270000000	272000000	2000000	0	0.000000
Asat_OT3098_v2_chr4A	272000000	274000000	2000000	0	0.000000
Asat_OT3098_v2_chr4A	274000000	276000000	2000000	0	0.000000
Asat_OT3098_v2_chr4A	276000000	278000000	2000000	0	0.000000
Asat_OT3098_v2_chr4A	278000000	280000000	2000000	0	0.000000
Asat_OT3098_v2_chr4A	280000000	282000000	2000000	0	0.000000
Asat_OT3098_v2_chr4A	282000000	284000000	2000000	0	0.000000
Asat_OT3098_v2_chr4A	284000000	286000000	2000000	0	0.000000
Asat_OT3098_v2_chr4A	286000000	288000000	2000000	0	0.000000
Asat_OT3098_v2_chr4A	288000000	290000000	2000000	0	0.000000
Asat_OT3098_v2_chr4A	290000000	292000000	2000000	0	0.000000
Asat_OT3098_v2_chr4A	292000000	294000000	2000000	0	0.000000
Asat_OT3098_v2_chr4A	294000000	296000000	2000000	0	0.000000
Asat_OT3098_v2_chr4A	296000000	298000000	2000000	0	0.000000
Asat_OT3098_v2_chr4A	298000000	300000000	2000000	0	0.000000
Asat_OT3098_v2_chr4A	300000000	302000000	2000000	0	0.000000
Asat_OT3098_v2_chr4A	302000000	304000000	2000000	0	0.000000
Asat_OT3098_v2_chr4A	304000000	306000000	2000000	0	0.000000
Asat_OT3098_v2_chr4A	306000000	308000000	2000000	0	0.000000
Asat_OT3098_v2_chr4A	308000000	310000000	2000000	0	0.000000
Asat_OT3098_v2_chr4A	310000000	312000000	2000000	0	0.000000
Asat_OT3098_v2_chr4A	312000000	314000000	2000000	0	0.000000
Asat_OT3098_v2_chr4A	314000000	316000000	2000000	0	0.000000
Asat_OT3098_v2_chr4A	316000000	318000000	2000000	0	0.000000
Asat_OT3098_v2_chr4A	318000000	320000000	2000000	0	0.000000
Asat_OT3098_v2_chr4A	320000000	322000000	2000000	0	0.000000
Asat_OT3098_v2_chr4A	322000000	324000000	2000000	0	0.000000
Asat_OT3098_v2_chr4A	324000000	326000000	2000000	0	0.000000
Asat_OT3098_v2_chr4A	326000000	328000000	2000000	0	0.000000
Asat_OT3098_v2_chr4A	328000000	330000000	2000000	0	0.000000
Asat_OT3098_v2_chr4A	330000000	332000000	2000000	0	0.000000
Asat_OT3098_v2_chr4A	332000000	334000000	2000000	0	0.000000
Asat_OT3098_v2_chr4A	334000000	336000000	2000000	0	0.000000
Asat_OT3098_v2_chr4A	336000000	338000000	2000000	0	0.000000
Asat_OT3098_v2_chr4A	338000000	340000000	2000000	0	0.000000
Asat_OT3098_v2_chr4A	340000000	342000000	2000000	0	0.000000
Asat_OT3098_v2_chr4A	342000000	344000000	2000000	0	0.000000
Asat_OT3098_v2_chr4A	344000000	346000000	2000000	0	0.000000
Asat_OT3098_v2_chr4A	346000000	348000000	2000000	0	0.000000
Asat_OT3098_v2_chr4A	348000000	350000000	2000000	0	0.000000
Asat_OT3098_v2_chr4A	350000000	352000000	2000000	0	0.000000
Asat_OT3098_v2_chr4A	352000000	354000000	2000000	0	0.000000
Asat_OT3098_v2_chr4A	354000000	356000000	2000000	0	0.000000
Asat_OT3098_v2_chr4A	356000000	358000000	2000000	0	0.000000
Asat_OT3098_v2_chr4A	358000000	360000000	2000000	0	0.000000
Asat_OT3098_v2_chr4A	360000000	362000000	2000000	0	0.000000
Asat_OT3098_v2_chr4A	362000000	364000000	2000000	0	0.000000
Asat_OT3098_v2_chr4A	364000000	366000000	2000000	0	0.000000
Asat_OT3098_v2_chr4A	366000000	368000000	2000000	0	0.000000
Asat_OT3098_v2_chr4A	368000000	370000000	2000000	0	0.000000
Asat_OT3098_v2_chr4A	370000000	372000000	2000000	0	0.000000
Asat_OT3098_v2_chr4A	372000000	374000000	2000000	0	0.000000
Asat_OT3098_v2_chr4A	374000000	376000000	2000000	0	0.000000
Asat_OT3098_v2_chr4A	376000000	378000000	2000000	0	0.000000
Asat_OT3098_v2_chr4A	378000000	380000000	2000000	0	0.000000
Asat_OT3098_v2_chr4A	380000000	382000000	2000000	0	0.000000
Asat_OT3098_v2_chr4A	382000000	384000000	2000000	0	0.000000
Asat_OT3098_v2_chr4A	384000000	386000000	2000000	0	0.000000
Asat_OT3098_v2_chr4A	386000000	388000000	2000000	0	0.000000
Asat_OT3098_v2_chr4A	388000000	390000000	2000000	0	0.000000
Asat_OT3098_v2_chr4A	390000000	392000000	2000000	0	0.000000
Asat_OT3098_v2_chr4A	392000000	394000000	2000000	0	0.000000
Asat_OT3098_v2_chr4A	394000000	396000000	2000000	0	0.000000
Asat_OT3098_v2_chr4A	396000000	398000000	2000000	0	0.000000
Asat_OT3098_v2_chr4A	398000000	400000000	2000000	0	0.000000
Asat_OT3098_v2_chr4A	400000000	402000000	2000000	0	0.000000
Asat_OT3098_v2_chr4A	402000000	404000000	2000000	0	0.000000
Asat_OT3098_v2_chr4A	404000000	406000000	2000000	0	0.000000
Asat_OT3098_v2_chr4A	406000000	408000000	2000000	0	0.000000
Asat_OT3098_v2_chr4A	408000000	410000000	2000000	0	0.000000
Asat_OT3098_v2_chr4A	410000000	412000000	2000000	0	0.000000
Asat_OT3098_v2_chr4A	412000000	414000000	2000000	0	0.000000
Asat_OT3098_v2_chr4A	414000000	416000000	2000000	0	0.000000
Asat_OT3098_v2_chr4A	416000000	418000000	2000000	0	0.000000
Asat_OT3098_v2_chr4A	418000000	420000000	2000000	0	0.000000
Asat_OT3098_v2_chr4A	420000000	422000000	2000000	0	0.000000
Asat_OT3098_v2_chr4A	422000000	424000000	2000000	0	0.000000
Asat_OT3098_v2_chr4A	424000000	426000000	2000000	0	0.000000
Asat_OT3098_v2_chr4A	426000000	428000000	2000000	0	0.000000
Asat_OT3098_v2_chr4A	428000000	430000000	2000000	0	0.000000
Asat_OT3098_v2_chr4A	430000000	432000000	2000000	0	0.000000
Asat_OT3098_v2_chr4A	432000000	434000000	2000000	0	0.000000
Asat_OT3098_v2_chr4A	434000000	436000000	2000000	0	0.000000
Asat_OT3098_v2_chr4A	436000000	438000000	2000000	0	0.000000
Asat_OT3098_v2_chr4A	438000000	440000000	2000000	0	0.000000
Asat_OT3098_v2_chr4A	440000000	442000000	2000000	0	0.000000
Asat_OT3098_v2_chr4A	442000000	444000000	2000000	0	0.000000
Asat_OT3098_v2_chr4A	444000000	446000000	2000000	0	0.000000
Asat_OT3098_v2_chr4A	446000000	448000000	2000000	0	0.000000
Asat_OT3098_v2_chr4A	448000000	450000000	2000000	0	0.000000
Asat_OT3098_v2_chr4A	450000000	452000000	2000000	0	0.000000
Asat_OT3098_v2_chr4A	452000000	454000000	2000000	0	0.000000
Asat_OT3098_v2_chr4A	454000000	456000000	2000000	0	0.000000
Asat_OT3098_v2_chr4A	456000000	458000000	2000000	0	0.000000
Asat_OT3098_v2_chr4A	458000000	460000000	2000000	0	0.000000
Asat_OT3098_v2_chr4A	460000000	462000000	2000000	0	0.000000
Asat_OT3098_v2_chr4A	462000000	463192880	1192880	0	0.000000
Asat_OT3098_v2_chr4C	0	2000000	2000000	0	0.000000
Asat_OT3098_v2_chr4C	2000000	4000000	2000000	0	0.000000
Asat_OT3098_v2_chr4C	4000000	6000000	2000000	0	0.000000
Asat_OT3098_v2_chr4C	6000000	8000000	2000000	0	0.000000
Asat_OT3098_v2_chr4C	8000000	10000000	2000000	0	0.000000
Asat_OT3098_v2_chr4C	10000000	12000000	2000000	0	0.000000
Asat_OT3098_v2_chr4C	12000000	14000000	2000000	0	0.000000
Asat_OT3098_v2_chr4C	14000000	16000000	2000000	0	0.000000
Asat_OT3098_v2_chr4C	16000000	18000000	2000000	0	0.000000
Asat_OT3098_v2_chr4C	18000000	20000000	2000000	0	0.000000
Asat_OT3098_v2_chr4C	20000000	22000000	2000000	0	0.000000
Asat_OT3098_v2_chr4C	22000000	24000000	2000000	0	0.000000
Asat_OT3098_v2_chr4C	24000000	26000000	2000000	0	0.000000
Asat_OT3098_v2_chr4C	26000000	28000000	2000000	0	0.000000
Asat_OT3098_v2_chr4C	28000000	30000000	2000000	0	0.000000
Asat_OT3098_v2_chr4C	30000000	32000000	2000000	0	0.000000
Asat_OT3098_v2_chr4C	32000000	34000000	2000000	0	0.000000
Asat_OT3098_v2_chr4C	34000000	36000000	2000000	0	0.000000
Asat_OT3098_v2_chr4C	36000000	38000000	2000000	0	0.000000
Asat_OT3098_v2_chr4C	38000000	40000000	2000000	0	0.000000
Asat_OT3098_v2_chr4C	40000000	42000000	2000000	0	0.000000
Asat_OT3098_v2_chr4C	42000000	44000000	2000000	0	0.000000
Asat_OT3098_v2_chr4C	44000000	46000000	2000000	0	0.000000
Asat_OT3098_v2_chr4C	46000000	48000000	2000000	0	0.000000
Asat_OT3098_v2_chr4C	48000000	50000000	2000000	0	0.000000
Asat_OT3098_v2_chr4C	50000000	52000000	2000000	0	0.000000
Asat_OT3098_v2_chr4C	52000000	54000000	2000000	0	0.000000
Asat_OT3098_v2_chr4C	54000000	56000000	2000000	0	0.000000
Asat_OT3098_v2_chr4C	56000000	58000000	2000000	0	0.000000
Asat_OT3098_v2_chr4C	58000000	60000000	2000000	0	0.000000
Asat_OT3098_v2_chr4C	60000000	62000000	2000000	0	0.000000
Asat_OT3098_v2_chr4C	62000000	64000000	2000000	0	0.000000
Asat_OT3098_v2_chr4C	64000000	66000000	2000000	0	0.000000
Asat_OT3098_v2_chr4C	66000000	68000000	2000000	0	0.000000
Asat_OT3098_v2_chr4C	68000000	70000000	2000000	0	0.000000
Asat_OT3098_v2_chr4C	70000000	72000000	2000000	0	0.000000
Asat_OT3098_v2_chr4C	72000000	74000000	2000000	0	0.000000
Asat_OT3098_v2_chr4C	74000000	76000000	2000000	0	0.000000
Asat_OT3098_v2_chr4C	76000000	78000000	2000000	0	0.000000
Asat_OT3098_v2_chr4C	78000000	80000000	2000000	0	0.000000
Asat_OT3098_v2_chr4C	80000000	82000000	2000000	0	0.000000
Asat_OT3098_v2_chr4C	82000000	84000000	2000000	0	0.000000
Asat_OT3098_v2_chr4C	84000000	86000000	2000000	0	0.000000
Asat_OT3098_v2_chr4C	86000000	88000000	2000000	0	0.000000
Asat_OT3098_v2_chr4C	88000000	90000000	2000000	0	0.000000
Asat_OT3098_v2_chr4C	90000000	92000000	2000000	0	0.000000
Asat_OT3098_v2_chr4C	92000000	94000000	2000000	0	0.000000
Asat_OT3098_v2_chr4C	94000000	96000000	2000000	0	0.000000
Asat_OT3098_v2_chr4C	96000000	98000000	2000000	0	0.000000
Asat_OT3098_v2_chr4C	98000000	100000000	2000000	0	0.000000
Asat_OT3098_v2_chr4C	100000000	102000000	2000000	0	0.000000
Asat_OT3098_v2_chr4C	102000000	104000000	2000000	0	0.000000
Asat_OT3098_v2_chr4C	104000000	106000000	2000000	0	0.000000
Asat_OT3098_v2_chr4C	106000000	108000000	2000000	0	0.000000
Asat_OT3098_v2_chr4C	108000000	110000000	2000000	0	0.000000
Asat_OT3098_v2_chr4C	110000000	112000000	2000000	0	0.000000
Asat_OT3098_v2_chr4C	112000000	114000000	2000000	0	0.000000
Asat_OT3098_v2_chr4C	114000000	116000000	2000000	0	0.000000
Asat_OT3098_v2_chr4C	116000000	118000000	2000000	0	0.000000
Asat_OT3098_v2_chr4C	118000000	120000000	2000000	0	0.000000
Asat_OT3098_v2_chr4C	120000000	122000000	2000000	0	0.000000
Asat_OT3098_v2_chr4C	122000000	124000000	2000000	0	0.000000
Asat_OT3098_v2_chr4C	124000000	126000000	2000000	0	0.000000
Asat_OT3098_v2_chr4C	126000000	128000000	2000000	0	0.000000
Asat_OT3098_v2_chr4C	128000000	130000000	2000000	0	0.000000
Asat_OT3098_v2_chr4C	130000000	132000000	2000000	0	0.000000
Asat_OT3098_v2_chr4C	132000000	134000000	2000000	0	0.000000
Asat_OT3098_v2_chr4C	134000000	136000000	2000000	0	0.000000
Asat_OT3098_v2_chr4C	136000000	138000000	2000000	0	0.000000
Asat_OT3098_v2_chr4C	138000000	140000000	2000000	0	0.000000
Asat_OT3098_v2_chr4C	140000000	142000000	2000000	0	0.000000
Asat_OT3098_v2_chr4C	142000000	144000000	2000000	0	0.000000
Asat_OT3098_v2_chr4C	144000000	146000000	2000000	0	0.000000
Asat_OT3098_v2_chr4C	146000000	148000000	2000000	0	0.000000
Asat_OT3098_v2_chr4C	148000000	150000000	2000000	0	0.000000
Asat_OT3098_v2_chr4C	150000000	152000000	2000000	0	0.000000
Asat_OT3098_v2_chr4C	152000000	154000000	2000000	0	0.000000
Asat_OT3098_v2_chr4C	154000000	156000000	2000000	0	0.000000
Asat_OT3098_v2_chr4C	156000000	158000000	2000000	0	0.000000
Asat_OT3098_v2_chr4C	158000000	160000000	2000000	0	0.000000
Asat_OT3098_v2_chr4C	160000000	162000000	2000000	0	0.000000
Asat_OT3098_v2_chr4C	162000000	164000000	2000000	0	0.000000
Asat_OT3098_v2_chr4C	164000000	166000000	2000000	0	0.000000
Asat_OT3098_v2_chr4C	166000000	168000000	2000000	0	0.000000
Asat_OT3098_v2_chr4C	168000000	170000000	2000000	0	0.000000
Asat_OT3098_v2_chr4C	170000000	172000000	2000000	0	0.000000
Asat_OT3098_v2_chr4C	172000000	174000000	2000000	0	0.000000
Asat_OT3098_v2_chr4C	174000000	176000000	2000000	0	0.000000
Asat_OT3098_v2_chr4C	176000000	178000000	2000000	0	0.000000
Asat_OT3098_v2_chr4C	178000000	180000000	2000000	0	0.000000
Asat_OT3098_v2_chr4C	180000000	182000000	2000000	0	0.000000
Asat_OT3098_v2_chr4C	182000000	184000000	2000000	0	0.000000
Asat_OT3098_v2_chr4C	184000000	186000000	2000000	0	0.000000
Asat_OT3098_v2_chr4C	186000000	188000000	2000000	0	0.000000
Asat_OT3098_v2_chr4C	188000000	190000000	2000000	0	0.000000
Asat_OT3098_v2_chr4C	190000000	192000000	2000000	0	0.000000
Asat_OT3098_v2_chr4C	192000000	194000000	2000000	0	0.000000
Asat_OT3098_v2_chr4C	194000000	196000000	2000000	0	0.000000
Asat_OT3098_v2_chr4C	196000000	198000000	2000000	0	0.000000
Asat_OT3098_v2_chr4C	198000000	200000000	2000000	0	0.000000
Asat_OT3098_v2_chr4C	200000000	202000000	2000000	0	0.000000
Asat_OT3098_v2_chr4C	202000000	204000000	2000000	0	0.000000
Asat_OT3098_v2_chr4C	204000000	206000000	2000000	0	0.000000
Asat_OT3098_v2_chr4C	206000000	208000000	2000000	0	0.000000
Asat_OT3098_v2_chr4C	208000000	210000000	2000000	0	0.000000
Asat_OT3098_v2_chr4C	210000000	212000000	2000000	0	0.000000
Asat_OT3098_v2_chr4C	212000000	214000000	2000000	0	0.000000
Asat_OT3098_v2_chr4C	214000000	216000000	2000000	0	0.000000
Asat_OT3098_v2_chr4C	216000000	218000000	2000000	0	0.000000
Asat_OT3098_v2_chr4C	218000000	220000000	2000000	0	0.000000
Asat_OT3098_v2_chr4C	220000000	222000000	2000000	0	0.000000
Asat_OT3098_v2_chr4C	222000000	224000000	2000000	0	0.000000
Asat_OT3098_v2_chr4C	224000000	226000000	2000000	0	0.000000
Asat_OT3098_v2_chr4C	226000000	228000000	2000000	0	0.000000
Asat_OT3098_v2_chr4C	228000000	230000000	2000000	0	0.000000
Asat_OT3098_v2_chr4C	230000000	232000000	2000000	0	0.000000
Asat_OT3098_v2_chr4C	232000000	234000000	2000000	0	0.000000
Asat_OT3098_v2_chr4C	234000000	236000000	2000000	0	0.000000
Asat_OT3098_v2_chr4C	236000000	238000000	2000000	0	0.000000
Asat_OT3098_v2_chr4C	238000000	240000000	2000000	0	0.000000
Asat_OT3098_v2_chr4C	240000000	242000000	2000000	0	0.000000
Asat_OT3098_v2_chr4C	242000000	244000000	2000000	0	0.000000
Asat_OT3098_v2_chr4C	244000000	246000000	2000000	0	0.000000
Asat_OT3098_v2_chr4C	246000000	248000000	2000000	0	0.000000
Asat_OT3098_v2_chr4C	248000000	250000000	2000000	0	0.000000
Asat_OT3098_v2_chr4C	250000000	252000000	2000000	0	0.000000
Asat_OT3098_v2_chr4C	252000000	254000000	2000000	0	0.000000
Asat_OT3098_v2_chr4C	254000000	256000000	2000000	0	0.000000
Asat_OT3098_v2_chr4C	256000000	258000000	2000000	0	0.000000
Asat_OT3098_v2_chr4C	258000000	260000000	2000000	0	0.000000
Asat_OT3098_v2_chr4C	260000000	262000000	2000000	0	0.000000
Asat_OT3098_v2_chr4C	262000000	264000000	2000000	0	0.000000
Asat_OT3098_v2_chr4C	264000000	266000000	2000000	0	0.000000
Asat_OT3098_v2_chr4C	266000000	268000000	2000000	0	0.000000
Asat_OT3098_v2_chr4C	268000000	270000000	2000000	0	0.000000
Asat_OT3098_v2_chr4C	270000000	272000000	2000000	0	0.000000
Asat_OT3098_v2_chr4C	272000000	274000000	2000000	0	0.000000
Asat_OT3098_v2_chr4C	274000000	276000000	2000000	0	0.000000
Asat_OT3098_v2_chr4C	276000000	278000000	2000000	0	0.000000
Asat_OT3098_v2_chr4C	278000000	280000000	2000000	0	0.000000
Asat_OT3098_v2_chr4C	280000000	282000000	2000000	0	0.000000
Asat_OT3098_v2_chr4C	282000000	284000000	2000000	0	0.000000
Asat_OT3098_v2_chr4C	284000000	286000000	2000000	0	0.000000
Asat_OT3098_v2_chr4C	286000000	288000000	2000000	0	0.000000
Asat_OT3098_v2_chr4C	288000000	290000000	2000000	0	0.000000
Asat_OT3098_v2_chr4C	290000000	292000000	2000000	0	0.000000
Asat_OT3098_v2_chr4C	292000000	294000000	2000000	0	0.000000
Asat_OT3098_v2_chr4C	294000000	296000000	2000000	0	0.000000
Asat_OT3098_v2_chr4C	296000000	298000000	2000000	0	0.000000
Asat_OT3098_v2_chr4C	298000000	300000000	2000000	0	0.000000
Asat_OT3098_v2_chr4C	300000000	302000000	2000000	0	0.000000
Asat_OT3098_v2_chr4C	302000000	304000000	2000000	0	0.000000
Asat_OT3098_v2_chr4C	304000000	306000000	2000000	0	0.000000
Asat_OT3098_v2_chr4C	306000000	308000000	2000000	0	0.000000
Asat_OT3098_v2_chr4C	308000000	310000000	2000000	0	0.000000
Asat_OT3098_v2_chr4C	310000000	312000000	2000000	0	0.000000
Asat_OT3098_v2_chr4C	312000000	314000000	2000000	0	0.000000
Asat_OT3098_v2_chr4C	314000000	316000000	2000000	0	0.000000
Asat_OT3098_v2_chr4C	316000000	318000000	2000000	0	0.000000
Asat_OT3098_v2_chr4C	318000000	320000000	2000000	0	0.000000
Asat_OT3098_v2_chr4C	320000000	322000000	2000000	0	0.000000
Asat_OT3098_v2_chr4C	322000000	324000000	2000000	0	0.000000
Asat_OT3098_v2_chr4C	324000000	326000000	2000000	0	0.000000
Asat_OT3098_v2_chr4C	326000000	328000000	2000000	0	0.000000
Asat_OT3098_v2_chr4C	328000000	330000000	2000000	0	0.000000
Asat_OT3098_v2_chr4C	330000000	332000000	2000000	0	0.000000
Asat_OT3098_v2_chr4C	332000000	334000000	2000000	0	0.000000
Asat_OT3098_v2_chr4C	334000000	336000000	2000000	0	0.000000
Asat_OT3098_v2_chr4C	336000000	338000000	2000000	0	0.000000
Asat_OT3098_v2_chr4C	338000000	340000000	2000000	0	0.000000
Asat_OT3098_v2_chr4C	340000000	342000000	2000000	0	0.000000
Asat_OT3098_v2_chr4C	342000000	344000000	2000000	0	0.000000
Asat_OT3098_v2_chr4C	344000000	346000000	2000000	0	0.000000
Asat_OT3098_v2_chr4C	346000000	348000000	2000000	0	0.000000
Asat_OT3098_v2_chr4C	348000000	350000000	2000000	0	0.000000
Asat_OT3098_v2_chr4C	350000000	352000000	2000000	0	0.000000
Asat_OT3098_v2_chr4C	352000000	354000000	2000000	0	0.000000
Asat_OT3098_v2_chr4C	354000000	356000000	2000000	0	0.000000
Asat_OT3098_v2_chr4C	356000000	358000000	2000000	0	0.000000
Asat_OT3098_v2_chr4C	358000000	360000000	2000000	0	0.000000
Asat_OT3098_v2_chr4C	360000000	362000000	2000000	0	0.000000
Asat_OT3098_v2_chr4C	362000000	364000000	2000000	0	0.000000
Asat_OT3098_v2_chr4C	364000000	366000000	2000000	0	0.000000
Asat_OT3098_v2_chr4C	366000000	368000000	2000000	0	0.000000
Asat_OT3098_v2_chr4C	368000000	370000000	2000000	0	0.000000
Asat_OT3098_v2_chr4C	370000000	372000000	2000000	0	0.000000
Asat_OT3098_v2_chr4C	372000000	374000000	2000000	0	0.000000
Asat_OT3098_v2_chr4C	374000000	376000000	2000000	0	0.000000
Asat_OT3098_v2_chr4C	376000000	378000000	2000000	0	0.000000
Asat_OT3098_v2_chr4C	378000000	380000000	2000000	0	0.000000
Asat_OT3098_v2_chr4C	380000000	382000000	2000000	0	0.000000
Asat_OT3098_v2_chr4C	382000000	384000000	2000000	0	0.000000
Asat_OT3098_v2_chr4C	384000000	386000000	2000000	0	0.000000
Asat_OT3098_v2_chr4C	386000000	388000000	2000000	0	0.000000
Asat_OT3098_v2_chr4C	388000000	390000000	2000000	0	0.000000
Asat_OT3098_v2_chr4C	390000000	392000000	2000000	0	0.000000
Asat_OT3098_v2_chr4C	392000000	394000000	2000000	0	0.000000
Asat_OT3098_v2_chr4C	394000000	396000000	2000000	0	0.000000
Asat_OT3098_v2_chr4C	396000000	398000000	2000000	0	0.000000
Asat_OT3098_v2_chr4C	398000000	400000000	2000000	0	0.000000
Asat_OT3098_v2_chr4C	400000000	402000000	2000000	0	0.000000
Asat_OT3098_v2_chr4C	402000000	404000000	2000000	0	0.000000
Asat_OT3098_v2_chr4C	404000000	406000000	2000000	0	0.000000
Asat_OT3098_v2_chr4C	406000000	408000000	2000000	0	0.000000
Asat_OT3098_v2_chr4C	408000000	410000000	2000000	0	0.000000
Asat_OT3098_v2_chr4C	410000000	412000000	2000000	0	0.000000
Asat_OT3098_v2_chr4C	412000000	414000000	2000000	0	0.000000
Asat_OT3098_v2_chr4C	414000000	416000000	2000000	0	0.000000
Asat_OT3098_v2_chr4C	416000000	418000000	2000000	0	0.000000
Asat_OT3098_v2_chr4C	418000000	420000000	2000000	0	0.000000
Asat_OT3098_v2_chr4C	420000000	422000000	2000000	0	0.000000
Asat_OT3098_v2_chr4C	422000000	424000000	2000000	0	0.000000
Asat_OT3098_v2_chr4C	424000000	426000000	2000000	0	0.000000
Asat_OT3098_v2_chr4C	426000000	428000000	2000000	0	0.000000
Asat_OT3098_v2_chr4C	428000000	430000000	2000000	0	0.000000
Asat_OT3098_v2_chr4C	430000000	432000000	2000000	0	0.000000
Asat_OT3098_v2_chr4C	432000000	434000000	2000000	0	0.000000
Asat_OT3098_v2_chr4C	434000000	436000000	2000000	0	0.000000
Asat_OT3098_v2_chr4C	436000000	438000000	2000000	0	0.000000
Asat_OT3098_v2_chr4C	438000000	440000000	2000000	0	0.000000
Asat_OT3098_v2_chr4C	440000000	442000000	2000000	0	0.000000
Asat_OT3098_v2_chr4C	442000000	444000000	2000000	0	0.000000
Asat_OT3098_v2_chr4C	444000000	446000000	2000000	0	0.000000
Asat_OT3098_v2_chr4C	446000000	448000000	2000000	0	0.000000
Asat_OT3098_v2_chr4C	448000000	450000000	2000000	0	0.000000
Asat_OT3098_v2_chr4C	450000000	452000000	2000000	0	0.000000
Asat_OT3098_v2_chr4C	452000000	454000000	2000000	0	0.000000
Asat_OT3098_v2_chr4C	454000000	456000000	2000000	0	0.000000
Asat_OT3098_v2_chr4C	456000000	458000000	2000000	0	0.000000
Asat_OT3098_v2_chr4C	458000000	460000000	2000000	0	0.000000
Asat_OT3098_v2_chr4C	460000000	462000000	2000000	0	0.000000
Asat_OT3098_v2_chr4C	462000000	464000000	2000000	0	0.000000
Asat_OT3098_v2_chr4C	464000000	466000000	2000000	0	0.000000
Asat_OT3098_v2_chr4C	466000000	468000000	2000000	0	0.000000
Asat_OT3098_v2_chr4C	468000000	470000000	2000000	0	0.000000
Asat_OT3098_v2_chr4C	470000000	472000000	2000000	0	0.000000
Asat_OT3098_v2_chr4C	472000000	474000000	2000000	0	0.000000
Asat_OT3098_v2_chr4C	474000000	476000000	2000000	0	0.000000
Asat_OT3098_v2_chr4C	476000000	478000000	2000000	0	0.000000
Asat_OT3098_v2_chr4C	478000000	480000000	2000000	0	0.000000
Asat_OT3098_v2_chr4C	480000000	482000000	2000000	0	0.000000
Asat_OT3098_v2_chr4C	482000000	484000000	2000000	0	0.000000
Asat_OT3098_v2_chr4C	484000000	486000000	2000000	0	0.000000
Asat_OT3098_v2_chr4C	486000000	488000000	2000000	0	0.000000
Asat_OT3098_v2_chr4C	488000000	490000000	2000000	0	0.000000
Asat_OT3098_v2_chr4C	490000000	492000000	2000000	0	0.000000
Asat_OT3098_v2_chr4C	492000000	494000000	2000000	0	0.000000
Asat_OT3098_v2_chr4C	494000000	496000000	2000000	0	0.000000
Asat_OT3098_v2_chr4C	496000000	498000000	2000000	0	0.000000
Asat_OT3098_v2_chr4C	498000000	500000000	2000000	0	0.000000
Asat_OT3098_v2_chr4C	500000000	502000000	2000000	0	0.000000
Asat_OT3098_v2_chr4C	502000000	504000000	2000000	0	0.000000
Asat_OT3098_v2_chr4C	504000000	506000000	2000000	0	0.000000
Asat_OT3098_v2_chr4C	506000000	508000000	2000000	0	0.000000
Asat_OT3098_v2_chr4C	508000000	510000000	2000000	0	0.000000
Asat_OT3098_v2_chr4C	510000000	512000000	2000000	0	0.000000
Asat_OT3098_v2_chr4C	512000000	514000000	2000000	0	0.000000
Asat_OT3098_v2_chr4C	514000000	516000000	2000000	0	0.000000
Asat_OT3098_v2_chr4C	516000000	518000000	2000000	0	0.000000
Asat_OT3098_v2_chr4C	518000000	520000000	2000000	0	0.000000
Asat_OT3098_v2_chr4C	520000000	522000000	2000000	0	0.000000
Asat_OT3098_v2_chr4C	522000000	524000000	2000000	0	0.000000
Asat_OT3098_v2_chr4C	524000000	526000000	2000000	0	0.000000
Asat_OT3098_v2_chr4C	526000000	528000000	2000000	0	0.000000
Asat_OT3098_v2_chr4C	528000000	530000000	2000000	0	0.000000
Asat_OT3098_v2_chr4C	530000000	532000000	2000000	0	0.000000
Asat_OT3098_v2_chr4C	532000000	534000000	2000000	0	0.000000
Asat_OT3098_v2_chr4C	534000000	536000000	2000000	0	0.000000
Asat_OT3098_v2_chr4C	536000000	538000000	2000000	0	0.000000
Asat_OT3098_v2_chr4C	538000000	540000000	2000000	0	0.000000
Asat_OT3098_v2_chr4C	540000000	542000000	2000000	0	0.000000
Asat_OT3098_v2_chr4C	542000000	544000000	2000000	0	0.000000
Asat_OT3098_v2_chr4C	544000000	546000000	2000000	0	0.000000
Asat_OT3098_v2_chr4C	546000000	548000000	2000000	0	0.000000
Asat_OT3098_v2_chr4C	548000000	550000000	2000000	0	0.000000
Asat_OT3098_v2_chr4C	550000000	552000000	2000000	0	0.000000
Asat_OT3098_v2_chr4C	552000000	554000000	2000000	0	0.000000
Asat_OT3098_v2_chr4C	554000000	556000000	2000000	0	0.000000
Asat_OT3098_v2_chr4C	556000000	558000000	2000000	0	0.000000
Asat_OT3098_v2_chr4C	558000000	560000000	2000000	0	0.000000
Asat_OT3098_v2_chr4C	560000000	562000000	2000000	0	0.000000
Asat_OT3098_v2_chr4C	562000000	564000000	2000000	0	0.000000
Asat_OT3098_v2_chr4C	564000000	566000000	2000000	0	0.000000
Asat_OT3098_v2_chr4C	566000000	568000000	2000000	0	0.000000
Asat_OT3098_v2_chr4C	568000000	570000000	2000000	0	0.000000
Asat_OT3098_v2_chr4C	570000000	572000000	2000000	0	0.000000
Asat_OT3098_v2_chr4C	572000000	574000000	2000000	0	0.000000
Asat_OT3098_v2_chr4C	574000000	576000000	2000000	0	0.000000
Asat_OT3098_v2_chr4C	576000000	578000000	2000000	0	0.000000
Asat_OT3098_v2_chr4C	578000000	580000000	2000000	0	0.000000
Asat_OT3098_v2_chr4C	580000000	582000000	2000000	0	0.000000
Asat_OT3098_v2_chr4C	582000000	584000000	2000000	0	0.000000
Asat_OT3098_v2_chr4C	584000000	586000000	2000000	0	0.000000
Asat_OT3098_v2_chr4C	586000000	588000000	2000000	0	0.000000
Asat_OT3098_v2_chr4C	588000000	590000000	2000000	0	0.000000
Asat_OT3098_v2_chr4C	590000000	592000000	2000000	0	0.000000
Asat_OT3098_v2_chr4C	592000000	594000000	2000000	0	0.000000
Asat_OT3098_v2_chr4C	594000000	596000000	2000000	0	0.000000
Asat_OT3098_v2_chr4C	596000000	598000000	2000000	0	0.000000
Asat_OT3098_v2_chr4C	598000000	600000000	2000000	0	0.000000
Asat_OT3098_v2_chr4C	600000000	602000000	2000000	0	0.000000
Asat_OT3098_v2_chr4C	602000000	604000000	2000000	0	0.000000
Asat_OT3098_v2_chr4C	604000000	606000000	2000000	0	0.000000
Asat_OT3098_v2_chr4C	606000000	608000000	2000000	0	0.000000
Asat_OT3098_v2_chr4C	608000000	610000000	2000000	0	0.000000
Asat_OT3098_v2_chr4C	610000000	612000000	2000000	0	0.000000
Asat_OT3098_v2_chr4C	612000000	614000000	2000000	0	0.000000
Asat_OT3098_v2_chr4C	614000000	616000000	2000000	0	0.000000
Asat_OT3098_v2_chr4C	616000000	618000000	2000000	0	0.000000
Asat_OT3098_v2_chr4C	618000000	620000000	2000000	0	0.000000
Asat_OT3098_v2_chr4C	620000000	622000000	2000000	0	0.000000
Asat_OT3098_v2_chr4C	622000000	624000000	2000000	0	0.000000
Asat_OT3098_v2_chr4C	624000000	626000000	2000000	0	0.000000
Asat_OT3098_v2_chr4C	626000000	628000000	2000000	0	0.000000
Asat_OT3098_v2_chr4C	628000000	630000000	2000000	0	0.000000
Asat_OT3098_v2_chr4C	630000000	632000000	2000000	0	0.000000
Asat_OT3098_v2_chr4C	632000000	634000000	2000000	0	0.000000
Asat_OT3098_v2_chr4C	634000000	636000000	2000000	0	0.000000
Asat_OT3098_v2_chr4C	636000000	638000000	2000000	0	0.000000
Asat_OT3098_v2_chr4C	638000000	640000000	2000000	0	0.000000
Asat_OT3098_v2_chr4C	640000000	642000000	2000000	0	0.000000
Asat_OT3098_v2_chr4C	642000000	644000000	2000000	0	0.000000
Asat_OT3098_v2_chr4C	644000000	646000000	2000000	0	0.000000
Asat_OT3098_v2_chr4C	646000000	648000000	2000000	0	0.000000
Asat_OT3098_v2_chr4C	648000000	650000000	2000000	0	0.000000
Asat_OT3098_v2_chr4C	650000000	652000000	2000000	0	0.000000
Asat_OT3098_v2_chr4C	652000000	654000000	2000000	0	0.000000
Asat_OT3098_v2_chr4C	654000000	656000000	2000000	0	0.000000
Asat_OT3098_v2_chr4C	656000000	658000000	2000000	0	0.000000
Asat_OT3098_v2_chr4C	658000000	660000000	2000000	0	0.000000
Asat_OT3098_v2_chr4C	660000000	662000000	2000000	0	0.000000
Asat_OT3098_v2_chr4C	662000000	664000000	2000000	0	0.000000
Asat_OT3098_v2_chr4C	664000000	666000000	2000000	0	0.000000
Asat_OT3098_v2_chr4C	666000000	668000000	2000000	0	0.000000
Asat_OT3098_v2_chr4C	668000000	670000000	2000000	0	0.000000
Asat_OT3098_v2_chr4C	670000000	672000000	2000000	0	0.000000
Asat_OT3098_v2_chr4C	672000000	674000000	2000000	0	0.000000
Asat_OT3098_v2_chr4C	674000000	676000000	2000000	0	0.000000
Asat_OT3098_v2_chr4C	676000000	678000000	2000000	0	0.000000
Asat_OT3098_v2_chr4C	678000000	680000000	2000000	0	0.000000
Asat_OT3098_v2_chr4C	680000000	682000000	2000000	0	0.000000
Asat_OT3098_v2_chr4C	682000000	684000000	2000000	0	0.000000
Asat_OT3098_v2_chr4C	684000000	686000000	2000000	0	0.000000
Asat_OT3098_v2_chr4C	686000000	688000000	2000000	0	0.000000
Asat_OT3098_v2_chr4C	688000000	690000000	2000000	0	0.000000
Asat_OT3098_v2_chr4C	690000000	692000000	2000000	0	0.000000
Asat_OT3098_v2_chr4C	692000000	694000000	2000000	0	0.000000
Asat_OT3098_v2_chr4C	694000000	696000000	2000000	0	0.000000
Asat_OT3098_v2_chr4C	696000000	698000000	2000000	0	0.000000
Asat_OT3098_v2_chr4C	698000000	700000000	2000000	0	0.000000
Asat_OT3098_v2_chr4C	700000000	702000000	2000000	0	0.000000
Asat_OT3098_v2_chr4C	702000000	704000000	2000000	0	0.000000
Asat_OT3098_v2_chr4C	704000000	706000000	2000000	0	0.000000
Asat_OT3098_v2_chr4C	706000000	708000000	2000000	0	0.000000
Asat_OT3098_v2_chr4C	708000000	710000000	2000000	0	0.000000
Asat_OT3098_v2_chr4C	710000000	712000000	2000000	0	0.000000
Asat_OT3098_v2_chr4C	712000000	714000000	2000000	0	0.000000
Asat_OT3098_v2_chr4C	714000000	716000000	2000000	0	0.000000
Asat_OT3098_v2_chr4C	716000000	716105986	105986	0	0.000000
Asat_OT3098_v2_chr4D	0	2000000	2000000	0	0.000000
Asat_OT3098_v2_chr4D	2000000	4000000	2000000	0	0.000000
Asat_OT3098_v2_chr4D	4000000	6000000	2000000	0	0.000000
Asat_OT3098_v2_chr4D	6000000	8000000	2000000	0	0.000000
Asat_OT3098_v2_chr4D	8000000	10000000	2000000	0	0.000000
Asat_OT3098_v2_chr4D	10000000	12000000	2000000	0	0.000000
Asat_OT3098_v2_chr4D	12000000	14000000	2000000	0	0.000000
Asat_OT3098_v2_chr4D	14000000	16000000	2000000	0	0.000000
Asat_OT3098_v2_chr4D	16000000	18000000	2000000	0	0.000000
Asat_OT3098_v2_chr4D	18000000	20000000	2000000	0	0.000000
Asat_OT3098_v2_chr4D	20000000	22000000	2000000	0	0.000000
Asat_OT3098_v2_chr4D	22000000	24000000	2000000	0	0.000000
Asat_OT3098_v2_chr4D	24000000	26000000	2000000	0	0.000000
Asat_OT3098_v2_chr4D	26000000	28000000	2000000	0	0.000000
Asat_OT3098_v2_chr4D	28000000	30000000	2000000	0	0.000000
Asat_OT3098_v2_chr4D	30000000	32000000	2000000	0	0.000000
Asat_OT3098_v2_chr4D	32000000	34000000	2000000	0	0.000000
Asat_OT3098_v2_chr4D	34000000	36000000	2000000	0	0.000000
Asat_OT3098_v2_chr4D	36000000	38000000	2000000	0	0.000000
Asat_OT3098_v2_chr4D	38000000	40000000	2000000	0	0.000000
Asat_OT3098_v2_chr4D	40000000	42000000	2000000	0	0.000000
Asat_OT3098_v2_chr4D	42000000	44000000	2000000	0	0.000000
Asat_OT3098_v2_chr4D	44000000	46000000	2000000	0	0.000000
Asat_OT3098_v2_chr4D	46000000	48000000	2000000	0	0.000000
Asat_OT3098_v2_chr4D	48000000	50000000	2000000	0	0.000000
Asat_OT3098_v2_chr4D	50000000	52000000	2000000	0	0.000000
Asat_OT3098_v2_chr4D	52000000	54000000	2000000	0	0.000000
Asat_OT3098_v2_chr4D	54000000	56000000	2000000	0	0.000000
Asat_OT3098_v2_chr4D	56000000	58000000	2000000	0	0.000000
Asat_OT3098_v2_chr4D	58000000	60000000	2000000	0	0.000000
Asat_OT3098_v2_chr4D	60000000	62000000	2000000	0	0.000000
Asat_OT3098_v2_chr4D	62000000	64000000	2000000	0	0.000000
Asat_OT3098_v2_chr4D	64000000	66000000	2000000	0	0.000000
Asat_OT3098_v2_chr4D	66000000	68000000	2000000	0	0.000000
Asat_OT3098_v2_chr4D	68000000	70000000	2000000	0	0.000000
Asat_OT3098_v2_chr4D	70000000	72000000	2000000	0	0.000000
Asat_OT3098_v2_chr4D	72000000	74000000	2000000	0	0.000000
Asat_OT3098_v2_chr4D	74000000	76000000	2000000	0	0.000000
Asat_OT3098_v2_chr4D	76000000	78000000	2000000	0	0.000000
Asat_OT3098_v2_chr4D	78000000	80000000	2000000	0	0.000000
Asat_OT3098_v2_chr4D	80000000	82000000	2000000	0	0.000000
Asat_OT3098_v2_chr4D	82000000	84000000	2000000	0	0.000000
Asat_OT3098_v2_chr4D	84000000	86000000	2000000	0	0.000000
Asat_OT3098_v2_chr4D	86000000	88000000	2000000	0	0.000000
Asat_OT3098_v2_chr4D	88000000	90000000	2000000	0	0.000000
Asat_OT3098_v2_chr4D	90000000	92000000	2000000	0	0.000000
Asat_OT3098_v2_chr4D	92000000	94000000	2000000	0	0.000000
Asat_OT3098_v2_chr4D	94000000	96000000	2000000	0	0.000000
Asat_OT3098_v2_chr4D	96000000	98000000	2000000	0	0.000000
Asat_OT3098_v2_chr4D	98000000	100000000	2000000	0	0.000000
Asat_OT3098_v2_chr4D	100000000	102000000	2000000	0	0.000000
Asat_OT3098_v2_chr4D	102000000	104000000	2000000	0	0.000000
Asat_OT3098_v2_chr4D	104000000	106000000	2000000	0	0.000000
Asat_OT3098_v2_chr4D	106000000	108000000	2000000	0	0.000000
Asat_OT3098_v2_chr4D	108000000	110000000	2000000	0	0.000000
Asat_OT3098_v2_chr4D	110000000	112000000	2000000	0	0.000000
Asat_OT3098_v2_chr4D	112000000	114000000	2000000	0	0.000000
Asat_OT3098_v2_chr4D	114000000	116000000	2000000	0	0.000000
Asat_OT3098_v2_chr4D	116000000	118000000	2000000	0	0.000000
Asat_OT3098_v2_chr4D	118000000	120000000	2000000	0	0.000000
Asat_OT3098_v2_chr4D	120000000	122000000	2000000	0	0.000000
Asat_OT3098_v2_chr4D	122000000	124000000	2000000	0	0.000000
Asat_OT3098_v2_chr4D	124000000	126000000	2000000	0	0.000000
Asat_OT3098_v2_chr4D	126000000	128000000	2000000	0	0.000000
Asat_OT3098_v2_chr4D	128000000	130000000	2000000	0	0.000000
Asat_OT3098_v2_chr4D	130000000	132000000	2000000	0	0.000000
Asat_OT3098_v2_chr4D	132000000	134000000	2000000	0	0.000000
Asat_OT3098_v2_chr4D	134000000	136000000	2000000	0	0.000000
Asat_OT3098_v2_chr4D	136000000	138000000	2000000	0	0.000000
Asat_OT3098_v2_chr4D	138000000	140000000	2000000	0	0.000000
Asat_OT3098_v2_chr4D	140000000	142000000	2000000	0	0.000000
Asat_OT3098_v2_chr4D	142000000	144000000	2000000	0	0.000000
Asat_OT3098_v2_chr4D	144000000	146000000	2000000	0	0.000000
Asat_OT3098_v2_chr4D	146000000	148000000	2000000	0	0.000000
Asat_OT3098_v2_chr4D	148000000	150000000	2000000	0	0.000000
Asat_OT3098_v2_chr4D	150000000	152000000	2000000	0	0.000000
Asat_OT3098_v2_chr4D	152000000	154000000	2000000	0	0.000000
Asat_OT3098_v2_chr4D	154000000	156000000	2000000	0	0.000000
Asat_OT3098_v2_chr4D	156000000	158000000	2000000	0	0.000000
Asat_OT3098_v2_chr4D	158000000	160000000	2000000	0	0.000000
Asat_OT3098_v2_chr4D	160000000	162000000	2000000	0	0.000000
Asat_OT3098_v2_chr4D	162000000	164000000	2000000	0	0.000000
Asat_OT3098_v2_chr4D	164000000	166000000	2000000	0	0.000000
Asat_OT3098_v2_chr4D	166000000	168000000	2000000	0	0.000000
Asat_OT3098_v2_chr4D	168000000	170000000	2000000	0	0.000000
Asat_OT3098_v2_chr4D	170000000	172000000	2000000	0	0.000000
Asat_OT3098_v2_chr4D	172000000	174000000	2000000	0	0.000000
Asat_OT3098_v2_chr4D	174000000	176000000	2000000	0	0.000000
Asat_OT3098_v2_chr4D	176000000	178000000	2000000	0	0.000000
Asat_OT3098_v2_chr4D	178000000	180000000	2000000	0	0.000000
Asat_OT3098_v2_chr4D	180000000	182000000	2000000	0	0.000000
Asat_OT3098_v2_chr4D	182000000	184000000	2000000	0	0.000000
Asat_OT3098_v2_chr4D	184000000	186000000	2000000	0	0.000000
Asat_OT3098_v2_chr4D	186000000	188000000	2000000	0	0.000000
Asat_OT3098_v2_chr4D	188000000	190000000	2000000	0	0.000000
Asat_OT3098_v2_chr4D	190000000	192000000	2000000	0	0.000000
Asat_OT3098_v2_chr4D	192000000	194000000	2000000	0	0.000000
Asat_OT3098_v2_chr4D	194000000	196000000	2000000	0	0.000000
Asat_OT3098_v2_chr4D	196000000	198000000	2000000	0	0.000000
Asat_OT3098_v2_chr4D	198000000	200000000	2000000	0	0.000000
Asat_OT3098_v2_chr4D	200000000	202000000	2000000	0	0.000000
Asat_OT3098_v2_chr4D	202000000	204000000	2000000	0	0.000000
Asat_OT3098_v2_chr4D	204000000	206000000	2000000	0	0.000000
Asat_OT3098_v2_chr4D	206000000	208000000	2000000	0	0.000000
Asat_OT3098_v2_chr4D	208000000	210000000	2000000	0	0.000000
Asat_OT3098_v2_chr4D	210000000	212000000	2000000	0	0.000000
Asat_OT3098_v2_chr4D	212000000	214000000	2000000	0	0.000000
Asat_OT3098_v2_chr4D	214000000	216000000	2000000	0	0.000000
Asat_OT3098_v2_chr4D	216000000	218000000	2000000	0	0.000000
Asat_OT3098_v2_chr4D	218000000	220000000	2000000	0	0.000000
Asat_OT3098_v2_chr4D	220000000	222000000	2000000	0	0.000000
Asat_OT3098_v2_chr4D	222000000	224000000	2000000	0	0.000000
Asat_OT3098_v2_chr4D	224000000	226000000	2000000	0	0.000000
Asat_OT3098_v2_chr4D	226000000	228000000	2000000	0	0.000000
Asat_OT3098_v2_chr4D	228000000	230000000	2000000	0	0.000000
Asat_OT3098_v2_chr4D	230000000	232000000	2000000	0	0.000000
Asat_OT3098_v2_chr4D	232000000	234000000	2000000	0	0.000000
Asat_OT3098_v2_chr4D	234000000	236000000	2000000	0	0.000000
Asat_OT3098_v2_chr4D	236000000	238000000	2000000	0	0.000000
Asat_OT3098_v2_chr4D	238000000	240000000	2000000	0	0.000000
Asat_OT3098_v2_chr4D	240000000	242000000	2000000	0	0.000000
Asat_OT3098_v2_chr4D	242000000	244000000	2000000	0	0.000000
Asat_OT3098_v2_chr4D	244000000	246000000	2000000	0	0.000000
Asat_OT3098_v2_chr4D	246000000	248000000	2000000	0	0.000000
Asat_OT3098_v2_chr4D	248000000	250000000	2000000	0	0.000000
Asat_OT3098_v2_chr4D	250000000	252000000	2000000	0	0.000000
Asat_OT3098_v2_chr4D	252000000	254000000	2000000	0	0.000000
Asat_OT3098_v2_chr4D	254000000	256000000	2000000	0	0.000000
Asat_OT3098_v2_chr4D	256000000	258000000	2000000	0	0.000000
Asat_OT3098_v2_chr4D	258000000	260000000	2000000	0	0.000000
Asat_OT3098_v2_chr4D	260000000	262000000	2000000	0	0.000000
Asat_OT3098_v2_chr4D	262000000	264000000	2000000	0	0.000000
Asat_OT3098_v2_chr4D	264000000	266000000	2000000	0	0.000000
Asat_OT3098_v2_chr4D	266000000	268000000	2000000	0	0.000000
Asat_OT3098_v2_chr4D	268000000	270000000	2000000	0	0.000000
Asat_OT3098_v2_chr4D	270000000	272000000	2000000	0	0.000000
Asat_OT3098_v2_chr4D	272000000	274000000	2000000	0	0.000000
Asat_OT3098_v2_chr4D	274000000	276000000	2000000	0	0.000000
Asat_OT3098_v2_chr4D	276000000	278000000	2000000	0	0.000000
Asat_OT3098_v2_chr4D	278000000	280000000	2000000	0	0.000000
Asat_OT3098_v2_chr4D	280000000	282000000	2000000	0	0.000000
Asat_OT3098_v2_chr4D	282000000	284000000	2000000	0	0.000000
Asat_OT3098_v2_chr4D	284000000	286000000	2000000	0	0.000000
Asat_OT3098_v2_chr4D	286000000	288000000	2000000	0	0.000000
Asat_OT3098_v2_chr4D	288000000	290000000	2000000	0	0.000000
Asat_OT3098_v2_chr4D	290000000	292000000	2000000	0	0.000000
Asat_OT3098_v2_chr4D	292000000	294000000	2000000	0	0.000000
Asat_OT3098_v2_chr4D	294000000	296000000	2000000	0	0.000000
Asat_OT3098_v2_chr4D	296000000	298000000	2000000	0	0.000000
Asat_OT3098_v2_chr4D	298000000	300000000	2000000	0	0.000000
Asat_OT3098_v2_chr4D	300000000	302000000	2000000	0	0.000000
Asat_OT3098_v2_chr4D	302000000	304000000	2000000	0	0.000000
Asat_OT3098_v2_chr4D	304000000	306000000	2000000	0	0.000000
Asat_OT3098_v2_chr4D	306000000	308000000	2000000	0	0.000000
Asat_OT3098_v2_chr4D	308000000	310000000	2000000	0	0.000000
Asat_OT3098_v2_chr4D	310000000	312000000	2000000	0	0.000000
Asat_OT3098_v2_chr4D	312000000	314000000	2000000	0	0.000000
Asat_OT3098_v2_chr4D	314000000	316000000	2000000	0	0.000000
Asat_OT3098_v2_chr4D	316000000	318000000	2000000	0	0.000000
Asat_OT3098_v2_chr4D	318000000	320000000	2000000	0	0.000000
Asat_OT3098_v2_chr4D	320000000	322000000	2000000	0	0.000000
Asat_OT3098_v2_chr4D	322000000	324000000	2000000	0	0.000000
Asat_OT3098_v2_chr4D	324000000	326000000	2000000	0	0.000000
Asat_OT3098_v2_chr4D	326000000	328000000	2000000	0	0.000000
Asat_OT3098_v2_chr4D	328000000	330000000	2000000	0	0.000000
Asat_OT3098_v2_chr4D	330000000	332000000	2000000	0	0.000000
Asat_OT3098_v2_chr4D	332000000	334000000	2000000	0	0.000000
Asat_OT3098_v2_chr4D	334000000	336000000	2000000	0	0.000000
Asat_OT3098_v2_chr4D	336000000	338000000	2000000	0	0.000000
Asat_OT3098_v2_chr4D	338000000	340000000	2000000	0	0.000000
Asat_OT3098_v2_chr4D	340000000	342000000	2000000	0	0.000000
Asat_OT3098_v2_chr4D	342000000	344000000	2000000	0	0.000000
Asat_OT3098_v2_chr4D	344000000	346000000	2000000	0	0.000000
Asat_OT3098_v2_chr4D	346000000	348000000	2000000	0	0.000000
Asat_OT3098_v2_chr4D	348000000	350000000	2000000	0	0.000000
Asat_OT3098_v2_chr4D	350000000	352000000	2000000	0	0.000000
Asat_OT3098_v2_chr4D	352000000	354000000	2000000	0	0.000000
Asat_OT3098_v2_chr4D	354000000	356000000	2000000	0	0.000000
Asat_OT3098_v2_chr4D	356000000	358000000	2000000	0	0.000000
Asat_OT3098_v2_chr4D	358000000	360000000	2000000	0	0.000000
Asat_OT3098_v2_chr4D	360000000	362000000	2000000	0	0.000000
Asat_OT3098_v2_chr4D	362000000	364000000	2000000	0	0.000000
Asat_OT3098_v2_chr4D	364000000	366000000	2000000	0	0.000000
Asat_OT3098_v2_chr4D	366000000	368000000	2000000	0	0.000000
Asat_OT3098_v2_chr4D	368000000	370000000	2000000	0	0.000000
Asat_OT3098_v2_chr4D	370000000	372000000	2000000	0	0.000000
Asat_OT3098_v2_chr4D	372000000	374000000	2000000	0	0.000000
Asat_OT3098_v2_chr4D	374000000	376000000	2000000	0	0.000000
Asat_OT3098_v2_chr4D	376000000	378000000	2000000	0	0.000000
Asat_OT3098_v2_chr4D	378000000	380000000	2000000	0	0.000000
Asat_OT3098_v2_chr4D	380000000	382000000	2000000	0	0.000000
Asat_OT3098_v2_chr4D	382000000	384000000	2000000	0	0.000000
Asat_OT3098_v2_chr4D	384000000	386000000	2000000	0	0.000000
Asat_OT3098_v2_chr4D	386000000	388000000	2000000	0	0.000000
Asat_OT3098_v2_chr4D	388000000	390000000	2000000	0	0.000000
Asat_OT3098_v2_chr4D	390000000	392000000	2000000	0	0.000000
Asat_OT3098_v2_chr4D	392000000	394000000	2000000	0	0.000000
Asat_OT3098_v2_chr4D	394000000	396000000	2000000	0	0.000000
Asat_OT3098_v2_chr4D	396000000	398000000	2000000	0	0.000000
Asat_OT3098_v2_chr4D	398000000	400000000	2000000	0	0.000000
Asat_OT3098_v2_chr4D	400000000	402000000	2000000	0	0.000000
Asat_OT3098_v2_chr4D	402000000	404000000	2000000	0	0.000000
Asat_OT3098_v2_chr4D	404000000	406000000	2000000	0	0.000000
Asat_OT3098_v2_chr4D	406000000	408000000	2000000	0	0.000000
Asat_OT3098_v2_chr4D	408000000	410000000	2000000	0	0.000000
Asat_OT3098_v2_chr4D	410000000	412000000	2000000	0	0.000000
Asat_OT3098_v2_chr4D	412000000	414000000	2000000	0	0.000000
Asat_OT3098_v2_chr4D	414000000	416000000	2000000	0	0.000000
Asat_OT3098_v2_chr4D	416000000	418000000	2000000	0	0.000000
Asat_OT3098_v2_chr4D	418000000	420000000	2000000	0	0.000000
Asat_OT3098_v2_chr4D	420000000	422000000	2000000	0	0.000000
Asat_OT3098_v2_chr4D	422000000	424000000	2000000	0	0.000000
Asat_OT3098_v2_chr4D	424000000	426000000	2000000	0	0.000000
Asat_OT3098_v2_chr4D	426000000	428000000	2000000	0	0.000000
Asat_OT3098_v2_chr4D	428000000	430000000	2000000	0	0.000000
Asat_OT3098_v2_chr4D	430000000	432000000	2000000	0	0.000000
Asat_OT3098_v2_chr4D	432000000	434000000	2000000	0	0.000000
Asat_OT3098_v2_chr4D	434000000	436000000	2000000	0	0.000000
Asat_OT3098_v2_chr4D	436000000	438000000	2000000	0	0.000000
Asat_OT3098_v2_chr4D	438000000	440000000	2000000	0	0.000000
Asat_OT3098_v2_chr4D	440000000	442000000	2000000	0	0.000000
Asat_OT3098_v2_chr4D	442000000	444000000	2000000	0	0.000000
Asat_OT3098_v2_chr4D	444000000	446000000	2000000	0	0.000000
Asat_OT3098_v2_chr4D	446000000	448000000	2000000	0	0.000000
Asat_OT3098_v2_chr4D	448000000	450000000	2000000	0	0.000000
Asat_OT3098_v2_chr4D	450000000	452000000	2000000	0	0.000000
Asat_OT3098_v2_chr4D	452000000	454000000	2000000	0	0.000000
Asat_OT3098_v2_chr4D	454000000	455353809	1353809	0	0.000000
Asat_OT3098_v2_chr5A	0	2000000	2000000	0	0.000000
Asat_OT3098_v2_chr5A	2000000	4000000	2000000	0	0.000000
Asat_OT3098_v2_chr5A	4000000	6000000	2000000	0	0.000000
Asat_OT3098_v2_chr5A	6000000	8000000	2000000	0	0.000000
Asat_OT3098_v2_chr5A	8000000	10000000	2000000	0	0.000000
Asat_OT3098_v2_chr5A	10000000	12000000	2000000	0	0.000000
Asat_OT3098_v2_chr5A	12000000	14000000	2000000	0	0.000000
Asat_OT3098_v2_chr5A	14000000	16000000	2000000	0	0.000000
Asat_OT3098_v2_chr5A	16000000	18000000	2000000	0	0.000000
Asat_OT3098_v2_chr5A	18000000	20000000	2000000	0	0.000000
Asat_OT3098_v2_chr5A	20000000	22000000	2000000	0	0.000000
Asat_OT3098_v2_chr5A	22000000	24000000	2000000	0	0.000000
Asat_OT3098_v2_chr5A	24000000	26000000	2000000	0	0.000000
Asat_OT3098_v2_chr5A	26000000	28000000	2000000	0	0.000000
Asat_OT3098_v2_chr5A	28000000	30000000	2000000	0	0.000000
Asat_OT3098_v2_chr5A	30000000	32000000	2000000	0	0.000000
Asat_OT3098_v2_chr5A	32000000	34000000	2000000	0	0.000000
Asat_OT3098_v2_chr5A	34000000	36000000	2000000	0	0.000000
Asat_OT3098_v2_chr5A	36000000	38000000	2000000	0	0.000000
Asat_OT3098_v2_chr5A	38000000	40000000	2000000	0	0.000000
Asat_OT3098_v2_chr5A	40000000	42000000	2000000	0	0.000000
Asat_OT3098_v2_chr5A	42000000	44000000	2000000	0	0.000000
Asat_OT3098_v2_chr5A	44000000	46000000	2000000	0	0.000000
Asat_OT3098_v2_chr5A	46000000	48000000	2000000	0	0.000000
Asat_OT3098_v2_chr5A	48000000	50000000	2000000	0	0.000000
Asat_OT3098_v2_chr5A	50000000	52000000	2000000	0	0.000000
Asat_OT3098_v2_chr5A	52000000	54000000	2000000	0	0.000000
Asat_OT3098_v2_chr5A	54000000	56000000	2000000	0	0.000000
Asat_OT3098_v2_chr5A	56000000	58000000	2000000	0	0.000000
Asat_OT3098_v2_chr5A	58000000	60000000	2000000	0	0.000000
Asat_OT3098_v2_chr5A	60000000	62000000	2000000	0	0.000000
Asat_OT3098_v2_chr5A	62000000	64000000	2000000	0	0.000000
Asat_OT3098_v2_chr5A	64000000	66000000	2000000	0	0.000000
Asat_OT3098_v2_chr5A	66000000	68000000	2000000	0	0.000000
Asat_OT3098_v2_chr5A	68000000	70000000	2000000	0	0.000000
Asat_OT3098_v2_chr5A	70000000	72000000	2000000	0	0.000000
Asat_OT3098_v2_chr5A	72000000	74000000	2000000	0	0.000000
Asat_OT3098_v2_chr5A	74000000	76000000	2000000	0	0.000000
Asat_OT3098_v2_chr5A	76000000	78000000	2000000	0	0.000000
Asat_OT3098_v2_chr5A	78000000	80000000	2000000	0	0.000000
Asat_OT3098_v2_chr5A	80000000	82000000	2000000	0	0.000000
Asat_OT3098_v2_chr5A	82000000	84000000	2000000	0	0.000000
Asat_OT3098_v2_chr5A	84000000	86000000	2000000	0	0.000000
Asat_OT3098_v2_chr5A	86000000	88000000	2000000	0	0.000000
Asat_OT3098_v2_chr5A	88000000	90000000	2000000	0	0.000000
Asat_OT3098_v2_chr5A	90000000	92000000	2000000	0	0.000000
Asat_OT3098_v2_chr5A	92000000	94000000	2000000	0	0.000000
Asat_OT3098_v2_chr5A	94000000	96000000	2000000	0	0.000000
Asat_OT3098_v2_chr5A	96000000	98000000	2000000	0	0.000000
Asat_OT3098_v2_chr5A	98000000	100000000	2000000	0	0.000000
Asat_OT3098_v2_chr5A	100000000	102000000	2000000	0	0.000000
Asat_OT3098_v2_chr5A	102000000	104000000	2000000	0	0.000000
Asat_OT3098_v2_chr5A	104000000	106000000	2000000	0	0.000000
Asat_OT3098_v2_chr5A	106000000	108000000	2000000	0	0.000000
Asat_OT3098_v2_chr5A	108000000	110000000	2000000	0	0.000000
Asat_OT3098_v2_chr5A	110000000	112000000	2000000	0	0.000000
Asat_OT3098_v2_chr5A	112000000	114000000	2000000	0	0.000000
Asat_OT3098_v2_chr5A	114000000	116000000	2000000	0	0.000000
Asat_OT3098_v2_chr5A	116000000	118000000	2000000	0	0.000000
Asat_OT3098_v2_chr5A	118000000	120000000	2000000	0	0.000000
Asat_OT3098_v2_chr5A	120000000	122000000	2000000	0	0.000000
Asat_OT3098_v2_chr5A	122000000	124000000	2000000	0	0.000000
Asat_OT3098_v2_chr5A	124000000	126000000	2000000	0	0.000000
Asat_OT3098_v2_chr5A	126000000	128000000	2000000	0	0.000000
Asat_OT3098_v2_chr5A	128000000	130000000	2000000	0	0.000000
Asat_OT3098_v2_chr5A	130000000	132000000	2000000	0	0.000000
Asat_OT3098_v2_chr5A	132000000	134000000	2000000	0	0.000000
Asat_OT3098_v2_chr5A	134000000	136000000	2000000	0	0.000000
Asat_OT3098_v2_chr5A	136000000	138000000	2000000	0	0.000000
Asat_OT3098_v2_chr5A	138000000	140000000	2000000	0	0.000000
Asat_OT3098_v2_chr5A	140000000	142000000	2000000	0	0.000000
Asat_OT3098_v2_chr5A	142000000	144000000	2000000	0	0.000000
Asat_OT3098_v2_chr5A	144000000	146000000	2000000	0	0.000000
Asat_OT3098_v2_chr5A	146000000	148000000	2000000	0	0.000000
Asat_OT3098_v2_chr5A	148000000	150000000	2000000	0	0.000000
Asat_OT3098_v2_chr5A	150000000	152000000	2000000	0	0.000000
Asat_OT3098_v2_chr5A	152000000	154000000	2000000	0	0.000000
Asat_OT3098_v2_chr5A	154000000	156000000	2000000	0	0.000000
Asat_OT3098_v2_chr5A	156000000	158000000	2000000	0	0.000000
Asat_OT3098_v2_chr5A	158000000	160000000	2000000	0	0.000000
Asat_OT3098_v2_chr5A	160000000	162000000	2000000	0	0.000000
Asat_OT3098_v2_chr5A	162000000	164000000	2000000	0	0.000000
Asat_OT3098_v2_chr5A	164000000	166000000	2000000	0	0.000000
Asat_OT3098_v2_chr5A	166000000	168000000	2000000	0	0.000000
Asat_OT3098_v2_chr5A	168000000	170000000	2000000	0	0.000000
Asat_OT3098_v2_chr5A	170000000	172000000	2000000	0	0.000000
Asat_OT3098_v2_chr5A	172000000	174000000	2000000	0	0.000000
Asat_OT3098_v2_chr5A	174000000	176000000	2000000	0	0.000000
Asat_OT3098_v2_chr5A	176000000	178000000	2000000	0	0.000000
Asat_OT3098_v2_chr5A	178000000	180000000	2000000	0	0.000000
Asat_OT3098_v2_chr5A	180000000	182000000	2000000	0	0.000000
Asat_OT3098_v2_chr5A	182000000	184000000	2000000	0	0.000000
Asat_OT3098_v2_chr5A	184000000	186000000	2000000	0	0.000000
Asat_OT3098_v2_chr5A	186000000	188000000	2000000	0	0.000000
Asat_OT3098_v2_chr5A	188000000	190000000	2000000	0	0.000000
Asat_OT3098_v2_chr5A	190000000	192000000	2000000	0	0.000000
Asat_OT3098_v2_chr5A	192000000	194000000	2000000	0	0.000000
Asat_OT3098_v2_chr5A	194000000	196000000	2000000	0	0.000000
Asat_OT3098_v2_chr5A	196000000	198000000	2000000	0	0.000000
Asat_OT3098_v2_chr5A	198000000	200000000	2000000	0	0.000000
Asat_OT3098_v2_chr5A	200000000	202000000	2000000	0	0.000000
Asat_OT3098_v2_chr5A	202000000	204000000	2000000	0	0.000000
Asat_OT3098_v2_chr5A	204000000	206000000	2000000	0	0.000000
Asat_OT3098_v2_chr5A	206000000	208000000	2000000	0	0.000000
Asat_OT3098_v2_chr5A	208000000	210000000	2000000	0	0.000000
Asat_OT3098_v2_chr5A	210000000	212000000	2000000	0	0.000000
Asat_OT3098_v2_chr5A	212000000	214000000	2000000	0	0.000000
Asat_OT3098_v2_chr5A	214000000	216000000	2000000	0	0.000000
Asat_OT3098_v2_chr5A	216000000	218000000	2000000	0	0.000000
Asat_OT3098_v2_chr5A	218000000	220000000	2000000	0	0.000000
Asat_OT3098_v2_chr5A	220000000	222000000	2000000	0	0.000000
Asat_OT3098_v2_chr5A	222000000	224000000	2000000	0	0.000000
Asat_OT3098_v2_chr5A	224000000	226000000	2000000	0	0.000000
Asat_OT3098_v2_chr5A	226000000	228000000	2000000	0	0.000000
Asat_OT3098_v2_chr5A	228000000	230000000	2000000	0	0.000000
Asat_OT3098_v2_chr5A	230000000	232000000	2000000	0	0.000000
Asat_OT3098_v2_chr5A	232000000	234000000	2000000	0	0.000000
Asat_OT3098_v2_chr5A	234000000	236000000	2000000	0	0.000000
Asat_OT3098_v2_chr5A	236000000	238000000	2000000	0	0.000000
Asat_OT3098_v2_chr5A	238000000	240000000	2000000	0	0.000000
Asat_OT3098_v2_chr5A	240000000	242000000	2000000	0	0.000000
Asat_OT3098_v2_chr5A	242000000	244000000	2000000	0	0.000000
Asat_OT3098_v2_chr5A	244000000	246000000	2000000	0	0.000000
Asat_OT3098_v2_chr5A	246000000	248000000	2000000	0	0.000000
Asat_OT3098_v2_chr5A	248000000	250000000	2000000	0	0.000000
Asat_OT3098_v2_chr5A	250000000	252000000	2000000	0	0.000000
Asat_OT3098_v2_chr5A	252000000	254000000	2000000	0	0.000000
Asat_OT3098_v2_chr5A	254000000	256000000	2000000	0	0.000000
Asat_OT3098_v2_chr5A	256000000	258000000	2000000	0	0.000000
Asat_OT3098_v2_chr5A	258000000	260000000	2000000	0	0.000000
Asat_OT3098_v2_chr5A	260000000	262000000	2000000	0	0.000000
Asat_OT3098_v2_chr5A	262000000	264000000	2000000	0	0.000000
Asat_OT3098_v2_chr5A	264000000	266000000	2000000	0	0.000000
Asat_OT3098_v2_chr5A	266000000	268000000	2000000	0	0.000000
Asat_OT3098_v2_chr5A	268000000	270000000	2000000	0	0.000000
Asat_OT3098_v2_chr5A	270000000	272000000	2000000	0	0.000000
Asat_OT3098_v2_chr5A	272000000	274000000	2000000	0	0.000000
Asat_OT3098_v2_chr5A	274000000	276000000	2000000	0	0.000000
Asat_OT3098_v2_chr5A	276000000	278000000	2000000	0	0.000000
Asat_OT3098_v2_chr5A	278000000	280000000	2000000	0	0.000000
Asat_OT3098_v2_chr5A	280000000	282000000	2000000	0	0.000000
Asat_OT3098_v2_chr5A	282000000	284000000	2000000	0	0.000000
Asat_OT3098_v2_chr5A	284000000	286000000	2000000	0	0.000000
Asat_OT3098_v2_chr5A	286000000	288000000	2000000	0	0.000000
Asat_OT3098_v2_chr5A	288000000	290000000	2000000	0	0.000000
Asat_OT3098_v2_chr5A	290000000	292000000	2000000	0	0.000000
Asat_OT3098_v2_chr5A	292000000	294000000	2000000	0	0.000000
Asat_OT3098_v2_chr5A	294000000	296000000	2000000	0	0.000000
Asat_OT3098_v2_chr5A	296000000	298000000	2000000	0	0.000000
Asat_OT3098_v2_chr5A	298000000	300000000	2000000	0	0.000000
Asat_OT3098_v2_chr5A	300000000	302000000	2000000	0	0.000000
Asat_OT3098_v2_chr5A	302000000	304000000	2000000	0	0.000000
Asat_OT3098_v2_chr5A	304000000	306000000	2000000	0	0.000000
Asat_OT3098_v2_chr5A	306000000	308000000	2000000	0	0.000000
Asat_OT3098_v2_chr5A	308000000	310000000	2000000	0	0.000000
Asat_OT3098_v2_chr5A	310000000	312000000	2000000	0	0.000000
Asat_OT3098_v2_chr5A	312000000	314000000	2000000	0	0.000000
Asat_OT3098_v2_chr5A	314000000	316000000	2000000	0	0.000000
Asat_OT3098_v2_chr5A	316000000	318000000	2000000	0	0.000000
Asat_OT3098_v2_chr5A	318000000	320000000	2000000	0	0.000000
Asat_OT3098_v2_chr5A	320000000	322000000	2000000	0	0.000000
Asat_OT3098_v2_chr5A	322000000	324000000	2000000	0	0.000000
Asat_OT3098_v2_chr5A	324000000	326000000	2000000	0	0.000000
Asat_OT3098_v2_chr5A	326000000	328000000	2000000	0	0.000000
Asat_OT3098_v2_chr5A	328000000	330000000	2000000	0	0.000000
Asat_OT3098_v2_chr5A	330000000	332000000	2000000	0	0.000000
Asat_OT3098_v2_chr5A	332000000	334000000	2000000	0	0.000000
Asat_OT3098_v2_chr5A	334000000	336000000	2000000	0	0.000000
Asat_OT3098_v2_chr5A	336000000	338000000	2000000	0	0.000000
Asat_OT3098_v2_chr5A	338000000	340000000	2000000	0	0.000000
Asat_OT3098_v2_chr5A	340000000	342000000	2000000	0	0.000000
Asat_OT3098_v2_chr5A	342000000	344000000	2000000	0	0.000000
Asat_OT3098_v2_chr5A	344000000	346000000	2000000	0	0.000000
Asat_OT3098_v2_chr5A	346000000	348000000	2000000	0	0.000000
Asat_OT3098_v2_chr5A	348000000	350000000	2000000	0	0.000000
Asat_OT3098_v2_chr5A	350000000	352000000	2000000	0	0.000000
Asat_OT3098_v2_chr5A	352000000	354000000	2000000	0	0.000000
Asat_OT3098_v2_chr5A	354000000	356000000	2000000	0	0.000000
Asat_OT3098_v2_chr5A	356000000	358000000	2000000	0	0.000000
Asat_OT3098_v2_chr5A	358000000	360000000	2000000	0	0.000000
Asat_OT3098_v2_chr5A	360000000	362000000	2000000	0	0.000000
Asat_OT3098_v2_chr5A	362000000	364000000	2000000	0	0.000000
Asat_OT3098_v2_chr5A	364000000	366000000	2000000	0	0.000000
Asat_OT3098_v2_chr5A	366000000	368000000	2000000	0	0.000000
Asat_OT3098_v2_chr5A	368000000	370000000	2000000	0	0.000000
Asat_OT3098_v2_chr5A	370000000	372000000	2000000	0	0.000000
Asat_OT3098_v2_chr5A	372000000	374000000	2000000	0	0.000000
Asat_OT3098_v2_chr5A	374000000	376000000	2000000	0	0.000000
Asat_OT3098_v2_chr5A	376000000	378000000	2000000	0	0.000000
Asat_OT3098_v2_chr5A	378000000	380000000	2000000	0	0.000000
Asat_OT3098_v2_chr5A	380000000	382000000	2000000	0	0.000000
Asat_OT3098_v2_chr5A	382000000	384000000	2000000	0	0.000000
Asat_OT3098_v2_chr5A	384000000	386000000	2000000	0	0.000000
Asat_OT3098_v2_chr5A	386000000	388000000	2000000	0	0.000000
Asat_OT3098_v2_chr5A	388000000	390000000	2000000	0	0.000000
Asat_OT3098_v2_chr5A	390000000	392000000	2000000	0	0.000000
Asat_OT3098_v2_chr5A	392000000	394000000	2000000	0	0.000000
Asat_OT3098_v2_chr5A	394000000	396000000	2000000	0	0.000000
Asat_OT3098_v2_chr5A	396000000	398000000	2000000	0	0.000000
Asat_OT3098_v2_chr5A	398000000	400000000	2000000	0	0.000000
Asat_OT3098_v2_chr5A	400000000	402000000	2000000	0	0.000000
Asat_OT3098_v2_chr5A	402000000	404000000	2000000	0	0.000000
Asat_OT3098_v2_chr5A	404000000	406000000	2000000	0	0.000000
Asat_OT3098_v2_chr5A	406000000	408000000	2000000	0	0.000000
Asat_OT3098_v2_chr5A	408000000	410000000	2000000	0	0.000000
Asat_OT3098_v2_chr5A	410000000	412000000	2000000	0	0.000000
Asat_OT3098_v2_chr5A	412000000	414000000	2000000	0	0.000000
Asat_OT3098_v2_chr5A	414000000	416000000	2000000	0	0.000000
Asat_OT3098_v2_chr5A	416000000	418000000	2000000	0	0.000000
Asat_OT3098_v2_chr5A	418000000	420000000	2000000	0	0.000000
Asat_OT3098_v2_chr5A	420000000	422000000	2000000	0	0.000000
Asat_OT3098_v2_chr5A	422000000	424000000	2000000	0	0.000000
Asat_OT3098_v2_chr5A	424000000	426000000	2000000	0	0.000000
Asat_OT3098_v2_chr5A	426000000	428000000	2000000	0	0.000000
Asat_OT3098_v2_chr5A	428000000	430000000	2000000	0	0.000000
Asat_OT3098_v2_chr5A	430000000	432000000	2000000	0	0.000000
Asat_OT3098_v2_chr5A	432000000	434000000	2000000	0	0.000000
Asat_OT3098_v2_chr5A	434000000	436000000	2000000	0	0.000000
Asat_OT3098_v2_chr5A	436000000	438000000	2000000	0	0.000000
Asat_OT3098_v2_chr5A	438000000	440000000	2000000	0	0.000000
Asat_OT3098_v2_chr5A	440000000	442000000	2000000	0	0.000000
Asat_OT3098_v2_chr5A	442000000	444000000	2000000	0	0.000000
Asat_OT3098_v2_chr5A	444000000	446000000	2000000	0	0.000000
Asat_OT3098_v2_chr5A	446000000	448000000	2000000	0	0.000000
Asat_OT3098_v2_chr5A	448000000	450000000	2000000	0	0.000000
Asat_OT3098_v2_chr5A	450000000	452000000	2000000	0	0.000000
Asat_OT3098_v2_chr5A	452000000	454000000	2000000	0	0.000000
Asat_OT3098_v2_chr5A	454000000	456000000	2000000	0	0.000000
Asat_OT3098_v2_chr5A	456000000	458000000	2000000	0	0.000000
Asat_OT3098_v2_chr5A	458000000	460000000	2000000	0	0.000000
Asat_OT3098_v2_chr5A	460000000	462000000	2000000	0	0.000000
Asat_OT3098_v2_chr5A	462000000	464000000	2000000	0	0.000000
Asat_OT3098_v2_chr5A	464000000	466000000	2000000	0	0.000000
Asat_OT3098_v2_chr5A	466000000	468000000	2000000	0	0.000000
Asat_OT3098_v2_chr5A	468000000	470000000	2000000	0	0.000000
Asat_OT3098_v2_chr5A	470000000	472000000	2000000	0	0.000000
Asat_OT3098_v2_chr5A	472000000	474000000	2000000	0	0.000000
Asat_OT3098_v2_chr5A	474000000	476000000	2000000	0	0.000000
Asat_OT3098_v2_chr5A	476000000	478000000	2000000	0	0.000000
Asat_OT3098_v2_chr5A	478000000	480000000	2000000	0	0.000000
Asat_OT3098_v2_chr5A	480000000	482000000	2000000	0	0.000000
Asat_OT3098_v2_chr5A	482000000	484000000	2000000	0	0.000000
Asat_OT3098_v2_chr5A	484000000	485323027	1323027	0	0.000000
Asat_OT3098_v2_chr5C	0	2000000	2000000	0	0.000000
Asat_OT3098_v2_chr5C	2000000	4000000	2000000	0	0.000000
Asat_OT3098_v2_chr5C	4000000	6000000	2000000	0	0.000000
Asat_OT3098_v2_chr5C	6000000	8000000	2000000	0	0.000000
Asat_OT3098_v2_chr5C	8000000	10000000	2000000	0	0.000000
Asat_OT3098_v2_chr5C	10000000	12000000	2000000	0	0.000000
Asat_OT3098_v2_chr5C	12000000	14000000	2000000	0	0.000000
Asat_OT3098_v2_chr5C	14000000	16000000	2000000	0	0.000000
Asat_OT3098_v2_chr5C	16000000	18000000	2000000	0	0.000000
Asat_OT3098_v2_chr5C	18000000	20000000	2000000	0	0.000000
Asat_OT3098_v2_chr5C	20000000	22000000	2000000	0	0.000000
Asat_OT3098_v2_chr5C	22000000	24000000	2000000	0	0.000000
Asat_OT3098_v2_chr5C	24000000	26000000	2000000	0	0.000000
Asat_OT3098_v2_chr5C	26000000	28000000	2000000	0	0.000000
Asat_OT3098_v2_chr5C	28000000	30000000	2000000	0	0.000000
Asat_OT3098_v2_chr5C	30000000	32000000	2000000	0	0.000000
Asat_OT3098_v2_chr5C	32000000	34000000	2000000	0	0.000000
Asat_OT3098_v2_chr5C	34000000	36000000	2000000	0	0.000000
Asat_OT3098_v2_chr5C	36000000	38000000	2000000	0	0.000000
Asat_OT3098_v2_chr5C	38000000	40000000	2000000	0	0.000000
Asat_OT3098_v2_chr5C	40000000	42000000	2000000	0	0.000000
Asat_OT3098_v2_chr5C	42000000	44000000	2000000	0	0.000000
Asat_OT3098_v2_chr5C	44000000	46000000	2000000	0	0.000000
Asat_OT3098_v2_chr5C	46000000	48000000	2000000	0	0.000000
Asat_OT3098_v2_chr5C	48000000	50000000	2000000	0	0.000000
Asat_OT3098_v2_chr5C	50000000	52000000	2000000	0	0.000000
Asat_OT3098_v2_chr5C	52000000	54000000	2000000	0	0.000000
Asat_OT3098_v2_chr5C	54000000	56000000	2000000	0	0.000000
Asat_OT3098_v2_chr5C	56000000	58000000	2000000	0	0.000000
Asat_OT3098_v2_chr5C	58000000	60000000	2000000	0	0.000000
Asat_OT3098_v2_chr5C	60000000	62000000	2000000	0	0.000000
Asat_OT3098_v2_chr5C	62000000	64000000	2000000	0	0.000000
Asat_OT3098_v2_chr5C	64000000	66000000	2000000	0	0.000000
Asat_OT3098_v2_chr5C	66000000	68000000	2000000	0	0.000000
Asat_OT3098_v2_chr5C	68000000	70000000	2000000	0	0.000000
Asat_OT3098_v2_chr5C	70000000	72000000	2000000	0	0.000000
Asat_OT3098_v2_chr5C	72000000	74000000	2000000	0	0.000000
Asat_OT3098_v2_chr5C	74000000	76000000	2000000	0	0.000000
Asat_OT3098_v2_chr5C	76000000	78000000	2000000	0	0.000000
Asat_OT3098_v2_chr5C	78000000	80000000	2000000	0	0.000000
Asat_OT3098_v2_chr5C	80000000	82000000	2000000	0	0.000000
Asat_OT3098_v2_chr5C	82000000	84000000	2000000	0	0.000000
Asat_OT3098_v2_chr5C	84000000	86000000	2000000	0	0.000000
Asat_OT3098_v2_chr5C	86000000	88000000	2000000	0	0.000000
Asat_OT3098_v2_chr5C	88000000	90000000	2000000	0	0.000000
Asat_OT3098_v2_chr5C	90000000	92000000	2000000	0	0.000000
Asat_OT3098_v2_chr5C	92000000	94000000	2000000	0	0.000000
Asat_OT3098_v2_chr5C	94000000	96000000	2000000	0	0.000000
Asat_OT3098_v2_chr5C	96000000	98000000	2000000	0	0.000000
Asat_OT3098_v2_chr5C	98000000	100000000	2000000	0	0.000000
Asat_OT3098_v2_chr5C	100000000	102000000	2000000	0	0.000000
Asat_OT3098_v2_chr5C	102000000	104000000	2000000	0	0.000000
Asat_OT3098_v2_chr5C	104000000	106000000	2000000	0	0.000000
Asat_OT3098_v2_chr5C	106000000	108000000	2000000	0	0.000000
Asat_OT3098_v2_chr5C	108000000	110000000	2000000	0	0.000000
Asat_OT3098_v2_chr5C	110000000	112000000	2000000	0	0.000000
Asat_OT3098_v2_chr5C	112000000	114000000	2000000	0	0.000000
Asat_OT3098_v2_chr5C	114000000	116000000	2000000	0	0.000000
Asat_OT3098_v2_chr5C	116000000	118000000	2000000	0	0.000000
Asat_OT3098_v2_chr5C	118000000	120000000	2000000	0	0.000000
Asat_OT3098_v2_chr5C	120000000	122000000	2000000	0	0.000000
Asat_OT3098_v2_chr5C	122000000	124000000	2000000	0	0.000000
Asat_OT3098_v2_chr5C	124000000	126000000	2000000	0	0.000000
Asat_OT3098_v2_chr5C	126000000	128000000	2000000	0	0.000000
Asat_OT3098_v2_chr5C	128000000	130000000	2000000	0	0.000000
Asat_OT3098_v2_chr5C	130000000	132000000	2000000	0	0.000000
Asat_OT3098_v2_chr5C	132000000	134000000	2000000	0	0.000000
Asat_OT3098_v2_chr5C	134000000	136000000	2000000	0	0.000000
Asat_OT3098_v2_chr5C	136000000	138000000	2000000	0	0.000000
Asat_OT3098_v2_chr5C	138000000	140000000	2000000	0	0.000000
Asat_OT3098_v2_chr5C	140000000	142000000	2000000	0	0.000000
Asat_OT3098_v2_chr5C	142000000	144000000	2000000	0	0.000000
Asat_OT3098_v2_chr5C	144000000	146000000	2000000	0	0.000000
Asat_OT3098_v2_chr5C	146000000	148000000	2000000	0	0.000000
Asat_OT3098_v2_chr5C	148000000	150000000	2000000	0	0.000000
Asat_OT3098_v2_chr5C	150000000	152000000	2000000	0	0.000000
Asat_OT3098_v2_chr5C	152000000	154000000	2000000	0	0.000000
Asat_OT3098_v2_chr5C	154000000	156000000	2000000	0	0.000000
Asat_OT3098_v2_chr5C	156000000	158000000	2000000	0	0.000000
Asat_OT3098_v2_chr5C	158000000	160000000	2000000	0	0.000000
Asat_OT3098_v2_chr5C	160000000	162000000	2000000	0	0.000000
Asat_OT3098_v2_chr5C	162000000	164000000	2000000	0	0.000000
Asat_OT3098_v2_chr5C	164000000	166000000	2000000	0	0.000000
Asat_OT3098_v2_chr5C	166000000	168000000	2000000	0	0.000000
Asat_OT3098_v2_chr5C	168000000	170000000	2000000	0	0.000000
Asat_OT3098_v2_chr5C	170000000	172000000	2000000	0	0.000000
Asat_OT3098_v2_chr5C	172000000	174000000	2000000	0	0.000000
Asat_OT3098_v2_chr5C	174000000	176000000	2000000	0	0.000000
Asat_OT3098_v2_chr5C	176000000	178000000	2000000	0	0.000000
Asat_OT3098_v2_chr5C	178000000	180000000	2000000	0	0.000000
Asat_OT3098_v2_chr5C	180000000	182000000	2000000	0	0.000000
Asat_OT3098_v2_chr5C	182000000	184000000	2000000	0	0.000000
Asat_OT3098_v2_chr5C	184000000	186000000	2000000	0	0.000000
Asat_OT3098_v2_chr5C	186000000	188000000	2000000	0	0.000000
Asat_OT3098_v2_chr5C	188000000	190000000	2000000	0	0.000000
Asat_OT3098_v2_chr5C	190000000	192000000	2000000	0	0.000000
Asat_OT3098_v2_chr5C	192000000	194000000	2000000	0	0.000000
Asat_OT3098_v2_chr5C	194000000	196000000	2000000	0	0.000000
Asat_OT3098_v2_chr5C	196000000	198000000	2000000	0	0.000000
Asat_OT3098_v2_chr5C	198000000	200000000	2000000	0	0.000000
Asat_OT3098_v2_chr5C	200000000	202000000	2000000	0	0.000000
Asat_OT3098_v2_chr5C	202000000	204000000	2000000	0	0.000000
Asat_OT3098_v2_chr5C	204000000	206000000	2000000	0	0.000000
Asat_OT3098_v2_chr5C	206000000	208000000	2000000	0	0.000000
Asat_OT3098_v2_chr5C	208000000	210000000	2000000	0	0.000000
Asat_OT3098_v2_chr5C	210000000	212000000	2000000	0	0.000000
Asat_OT3098_v2_chr5C	212000000	214000000	2000000	0	0.000000
Asat_OT3098_v2_chr5C	214000000	216000000	2000000	0	0.000000
Asat_OT3098_v2_chr5C	216000000	218000000	2000000	0	0.000000
Asat_OT3098_v2_chr5C	218000000	220000000	2000000	0	0.000000
Asat_OT3098_v2_chr5C	220000000	222000000	2000000	0	0.000000
Asat_OT3098_v2_chr5C	222000000	224000000	2000000	0	0.000000
Asat_OT3098_v2_chr5C	224000000	226000000	2000000	0	0.000000
Asat_OT3098_v2_chr5C	226000000	228000000	2000000	0	0.000000
Asat_OT3098_v2_chr5C	228000000	230000000	2000000	0	0.000000
Asat_OT3098_v2_chr5C	230000000	232000000	2000000	0	0.000000
Asat_OT3098_v2_chr5C	232000000	234000000	2000000	0	0.000000
Asat_OT3098_v2_chr5C	234000000	236000000	2000000	0	0.000000
Asat_OT3098_v2_chr5C	236000000	238000000	2000000	0	0.000000
Asat_OT3098_v2_chr5C	238000000	240000000	2000000	0	0.000000
Asat_OT3098_v2_chr5C	240000000	242000000	2000000	0	0.000000
Asat_OT3098_v2_chr5C	242000000	244000000	2000000	0	0.000000
Asat_OT3098_v2_chr5C	244000000	246000000	2000000	0	0.000000
Asat_OT3098_v2_chr5C	246000000	248000000	2000000	0	0.000000
Asat_OT3098_v2_chr5C	248000000	250000000	2000000	0	0.000000
Asat_OT3098_v2_chr5C	250000000	252000000	2000000	0	0.000000
Asat_OT3098_v2_chr5C	252000000	254000000	2000000	0	0.000000
Asat_OT3098_v2_chr5C	254000000	256000000	2000000	0	0.000000
Asat_OT3098_v2_chr5C	256000000	258000000	2000000	0	0.000000
Asat_OT3098_v2_chr5C	258000000	260000000	2000000	0	0.000000
Asat_OT3098_v2_chr5C	260000000	262000000	2000000	0	0.000000
Asat_OT3098_v2_chr5C	262000000	264000000	2000000	0	0.000000
Asat_OT3098_v2_chr5C	264000000	266000000	2000000	0	0.000000
Asat_OT3098_v2_chr5C	266000000	268000000	2000000	0	0.000000
Asat_OT3098_v2_chr5C	268000000	270000000	2000000	0	0.000000
Asat_OT3098_v2_chr5C	270000000	272000000	2000000	0	0.000000
Asat_OT3098_v2_chr5C	272000000	274000000	2000000	0	0.000000
Asat_OT3098_v2_chr5C	274000000	276000000	2000000	0	0.000000
Asat_OT3098_v2_chr5C	276000000	278000000	2000000	0	0.000000
Asat_OT3098_v2_chr5C	278000000	280000000	2000000	0	0.000000
Asat_OT3098_v2_chr5C	280000000	282000000	2000000	0	0.000000
Asat_OT3098_v2_chr5C	282000000	284000000	2000000	0	0.000000
Asat_OT3098_v2_chr5C	284000000	286000000	2000000	0	0.000000
Asat_OT3098_v2_chr5C	286000000	288000000	2000000	0	0.000000
Asat_OT3098_v2_chr5C	288000000	290000000	2000000	0	0.000000
Asat_OT3098_v2_chr5C	290000000	292000000	2000000	0	0.000000
Asat_OT3098_v2_chr5C	292000000	294000000	2000000	0	0.000000
Asat_OT3098_v2_chr5C	294000000	296000000	2000000	0	0.000000
Asat_OT3098_v2_chr5C	296000000	298000000	2000000	0	0.000000
Asat_OT3098_v2_chr5C	298000000	300000000	2000000	0	0.000000
Asat_OT3098_v2_chr5C	300000000	302000000	2000000	0	0.000000
Asat_OT3098_v2_chr5C	302000000	304000000	2000000	0	0.000000
Asat_OT3098_v2_chr5C	304000000	306000000	2000000	0	0.000000
Asat_OT3098_v2_chr5C	306000000	308000000	2000000	0	0.000000
Asat_OT3098_v2_chr5C	308000000	310000000	2000000	0	0.000000
Asat_OT3098_v2_chr5C	310000000	312000000	2000000	0	0.000000
Asat_OT3098_v2_chr5C	312000000	314000000	2000000	0	0.000000
Asat_OT3098_v2_chr5C	314000000	316000000	2000000	0	0.000000
Asat_OT3098_v2_chr5C	316000000	318000000	2000000	0	0.000000
Asat_OT3098_v2_chr5C	318000000	320000000	2000000	0	0.000000
Asat_OT3098_v2_chr5C	320000000	322000000	2000000	0	0.000000
Asat_OT3098_v2_chr5C	322000000	324000000	2000000	0	0.000000
Asat_OT3098_v2_chr5C	324000000	326000000	2000000	0	0.000000
Asat_OT3098_v2_chr5C	326000000	328000000	2000000	0	0.000000
Asat_OT3098_v2_chr5C	328000000	330000000	2000000	0	0.000000
Asat_OT3098_v2_chr5C	330000000	332000000	2000000	0	0.000000
Asat_OT3098_v2_chr5C	332000000	334000000	2000000	0	0.000000
Asat_OT3098_v2_chr5C	334000000	336000000	2000000	0	0.000000
Asat_OT3098_v2_chr5C	336000000	338000000	2000000	0	0.000000
Asat_OT3098_v2_chr5C	338000000	340000000	2000000	0	0.000000
Asat_OT3098_v2_chr5C	340000000	342000000	2000000	0	0.000000
Asat_OT3098_v2_chr5C	342000000	344000000	2000000	0	0.000000
Asat_OT3098_v2_chr5C	344000000	346000000	2000000	0	0.000000
Asat_OT3098_v2_chr5C	346000000	348000000	2000000	0	0.000000
Asat_OT3098_v2_chr5C	348000000	350000000	2000000	0	0.000000
Asat_OT3098_v2_chr5C	350000000	352000000	2000000	0	0.000000
Asat_OT3098_v2_chr5C	352000000	354000000	2000000	0	0.000000
Asat_OT3098_v2_chr5C	354000000	356000000	2000000	0	0.000000
Asat_OT3098_v2_chr5C	356000000	358000000	2000000	0	0.000000
Asat_OT3098_v2_chr5C	358000000	360000000	2000000	0	0.000000
Asat_OT3098_v2_chr5C	360000000	362000000	2000000	0	0.000000
Asat_OT3098_v2_chr5C	362000000	364000000	2000000	0	0.000000
Asat_OT3098_v2_chr5C	364000000	366000000	2000000	0	0.000000
Asat_OT3098_v2_chr5C	366000000	368000000	2000000	0	0.000000
Asat_OT3098_v2_chr5C	368000000	370000000	2000000	0	0.000000
Asat_OT3098_v2_chr5C	370000000	372000000	2000000	0	0.000000
Asat_OT3098_v2_chr5C	372000000	374000000	2000000	0	0.000000
Asat_OT3098_v2_chr5C	374000000	376000000	2000000	0	0.000000
Asat_OT3098_v2_chr5C	376000000	378000000	2000000	0	0.000000
Asat_OT3098_v2_chr5C	378000000	380000000	2000000	0	0.000000
Asat_OT3098_v2_chr5C	380000000	382000000	2000000	0	0.000000
Asat_OT3098_v2_chr5C	382000000	384000000	2000000	0	0.000000
Asat_OT3098_v2_chr5C	384000000	386000000	2000000	0	0.000000
Asat_OT3098_v2_chr5C	386000000	388000000	2000000	0	0.000000
Asat_OT3098_v2_chr5C	388000000	390000000	2000000	0	0.000000
Asat_OT3098_v2_chr5C	390000000	392000000	2000000	0	0.000000
Asat_OT3098_v2_chr5C	392000000	394000000	2000000	0	0.000000
Asat_OT3098_v2_chr5C	394000000	396000000	2000000	0	0.000000
Asat_OT3098_v2_chr5C	396000000	398000000	2000000	0	0.000000
Asat_OT3098_v2_chr5C	398000000	400000000	2000000	0	0.000000
Asat_OT3098_v2_chr5C	400000000	402000000	2000000	0	0.000000
Asat_OT3098_v2_chr5C	402000000	404000000	2000000	0	0.000000
Asat_OT3098_v2_chr5C	404000000	406000000	2000000	0	0.000000
Asat_OT3098_v2_chr5C	406000000	408000000	2000000	0	0.000000
Asat_OT3098_v2_chr5C	408000000	410000000	2000000	0	0.000000
Asat_OT3098_v2_chr5C	410000000	412000000	2000000	0	0.000000
Asat_OT3098_v2_chr5C	412000000	414000000	2000000	0	0.000000
Asat_OT3098_v2_chr5C	414000000	416000000	2000000	0	0.000000
Asat_OT3098_v2_chr5C	416000000	418000000	2000000	0	0.000000
Asat_OT3098_v2_chr5C	418000000	420000000	2000000	0	0.000000
Asat_OT3098_v2_chr5C	420000000	422000000	2000000	0	0.000000
Asat_OT3098_v2_chr5C	422000000	424000000	2000000	0	0.000000
Asat_OT3098_v2_chr5C	424000000	426000000	2000000	0	0.000000
Asat_OT3098_v2_chr5C	426000000	428000000	2000000	0	0.000000
Asat_OT3098_v2_chr5C	428000000	430000000	2000000	0	0.000000
Asat_OT3098_v2_chr5C	430000000	432000000	2000000	0	0.000000
Asat_OT3098_v2_chr5C	432000000	434000000	2000000	0	0.000000
Asat_OT3098_v2_chr5C	434000000	436000000	2000000	0	0.000000
Asat_OT3098_v2_chr5C	436000000	438000000	2000000	0	0.000000
Asat_OT3098_v2_chr5C	438000000	440000000	2000000	0	0.000000
Asat_OT3098_v2_chr5C	440000000	442000000	2000000	0	0.000000
Asat_OT3098_v2_chr5C	442000000	444000000	2000000	0	0.000000
Asat_OT3098_v2_chr5C	444000000	446000000	2000000	0	0.000000
Asat_OT3098_v2_chr5C	446000000	448000000	2000000	0	0.000000
Asat_OT3098_v2_chr5C	448000000	450000000	2000000	0	0.000000
Asat_OT3098_v2_chr5C	450000000	452000000	2000000	0	0.000000
Asat_OT3098_v2_chr5C	452000000	454000000	2000000	0	0.000000
Asat_OT3098_v2_chr5C	454000000	456000000	2000000	0	0.000000
Asat_OT3098_v2_chr5C	456000000	458000000	2000000	0	0.000000
Asat_OT3098_v2_chr5C	458000000	460000000	2000000	0	0.000000
Asat_OT3098_v2_chr5C	460000000	462000000	2000000	0	0.000000
Asat_OT3098_v2_chr5C	462000000	464000000	2000000	0	0.000000
Asat_OT3098_v2_chr5C	464000000	466000000	2000000	0	0.000000
Asat_OT3098_v2_chr5C	466000000	468000000	2000000	0	0.000000
Asat_OT3098_v2_chr5C	468000000	470000000	2000000	0	0.000000
Asat_OT3098_v2_chr5C	470000000	472000000	2000000	0	0.000000
Asat_OT3098_v2_chr5C	472000000	474000000	2000000	0	0.000000
Asat_OT3098_v2_chr5C	474000000	476000000	2000000	0	0.000000
Asat_OT3098_v2_chr5C	476000000	478000000	2000000	0	0.000000
Asat_OT3098_v2_chr5C	478000000	480000000	2000000	0	0.000000
Asat_OT3098_v2_chr5C	480000000	482000000	2000000	0	0.000000
Asat_OT3098_v2_chr5C	482000000	484000000	2000000	0	0.000000
Asat_OT3098_v2_chr5C	484000000	486000000	2000000	0	0.000000
Asat_OT3098_v2_chr5C	486000000	488000000	2000000	0	0.000000
Asat_OT3098_v2_chr5C	488000000	490000000	2000000	0	0.000000
Asat_OT3098_v2_chr5C	490000000	492000000	2000000	0	0.000000
Asat_OT3098_v2_chr5C	492000000	494000000	2000000	0	0.000000
Asat_OT3098_v2_chr5C	494000000	496000000	2000000	0	0.000000
Asat_OT3098_v2_chr5C	496000000	498000000	2000000	0	0.000000
Asat_OT3098_v2_chr5C	498000000	500000000	2000000	0	0.000000
Asat_OT3098_v2_chr5C	500000000	502000000	2000000	0	0.000000
Asat_OT3098_v2_chr5C	502000000	504000000	2000000	0	0.000000
Asat_OT3098_v2_chr5C	504000000	506000000	2000000	0	0.000000
Asat_OT3098_v2_chr5C	506000000	508000000	2000000	0	0.000000
Asat_OT3098_v2_chr5C	508000000	510000000	2000000	0	0.000000
Asat_OT3098_v2_chr5C	510000000	512000000	2000000	0	0.000000
Asat_OT3098_v2_chr5C	512000000	514000000	2000000	0	0.000000
Asat_OT3098_v2_chr5C	514000000	516000000	2000000	0	0.000000
Asat_OT3098_v2_chr5C	516000000	518000000	2000000	0	0.000000
Asat_OT3098_v2_chr5C	518000000	520000000	2000000	0	0.000000
Asat_OT3098_v2_chr5C	520000000	522000000	2000000	0	0.000000
Asat_OT3098_v2_chr5C	522000000	524000000	2000000	0	0.000000
Asat_OT3098_v2_chr5C	524000000	526000000	2000000	0	0.000000
Asat_OT3098_v2_chr5C	526000000	528000000	2000000	0	0.000000
Asat_OT3098_v2_chr5C	528000000	530000000	2000000	0	0.000000
Asat_OT3098_v2_chr5C	530000000	532000000	2000000	0	0.000000
Asat_OT3098_v2_chr5C	532000000	534000000	2000000	0	0.000000
Asat_OT3098_v2_chr5C	534000000	536000000	2000000	0	0.000000
Asat_OT3098_v2_chr5C	536000000	538000000	2000000	0	0.000000
Asat_OT3098_v2_chr5C	538000000	540000000	2000000	0	0.000000
Asat_OT3098_v2_chr5C	540000000	542000000	2000000	0	0.000000
Asat_OT3098_v2_chr5C	542000000	544000000	2000000	0	0.000000
Asat_OT3098_v2_chr5C	544000000	546000000	2000000	0	0.000000
Asat_OT3098_v2_chr5C	546000000	548000000	2000000	0	0.000000
Asat_OT3098_v2_chr5C	548000000	550000000	2000000	0	0.000000
Asat_OT3098_v2_chr5C	550000000	552000000	2000000	0	0.000000
Asat_OT3098_v2_chr5C	552000000	554000000	2000000	0	0.000000
Asat_OT3098_v2_chr5C	554000000	556000000	2000000	0	0.000000
Asat_OT3098_v2_chr5C	556000000	558000000	2000000	0	0.000000
Asat_OT3098_v2_chr5C	558000000	560000000	2000000	0	0.000000
Asat_OT3098_v2_chr5C	560000000	562000000	2000000	0	0.000000
Asat_OT3098_v2_chr5C	562000000	564000000	2000000	0	0.000000
Asat_OT3098_v2_chr5C	564000000	566000000	2000000	0	0.000000
Asat_OT3098_v2_chr5C	566000000	568000000	2000000	0	0.000000
Asat_OT3098_v2_chr5C	568000000	570000000	2000000	0	0.000000
Asat_OT3098_v2_chr5C	570000000	572000000	2000000	0	0.000000
Asat_OT3098_v2_chr5C	572000000	574000000	2000000	0	0.000000
Asat_OT3098_v2_chr5C	574000000	576000000	2000000	0	0.000000
Asat_OT3098_v2_chr5C	576000000	578000000	2000000	0	0.000000
Asat_OT3098_v2_chr5C	578000000	580000000	2000000	0	0.000000
Asat_OT3098_v2_chr5C	580000000	582000000	2000000	0	0.000000
Asat_OT3098_v2_chr5C	582000000	584000000	2000000	0	0.000000
Asat_OT3098_v2_chr5C	584000000	586000000	2000000	0	0.000000
Asat_OT3098_v2_chr5C	586000000	588000000	2000000	0	0.000000
Asat_OT3098_v2_chr5C	588000000	590000000	2000000	0	0.000000
Asat_OT3098_v2_chr5C	590000000	592000000	2000000	0	0.000000
Asat_OT3098_v2_chr5C	592000000	594000000	2000000	0	0.000000
Asat_OT3098_v2_chr5C	594000000	596000000	2000000	0	0.000000
Asat_OT3098_v2_chr5C	596000000	598000000	2000000	0	0.000000
Asat_OT3098_v2_chr5C	598000000	600000000	2000000	0	0.000000
Asat_OT3098_v2_chr5C	600000000	602000000	2000000	0	0.000000
Asat_OT3098_v2_chr5C	602000000	604000000	2000000	0	0.000000
Asat_OT3098_v2_chr5C	604000000	606000000	2000000	0	0.000000
Asat_OT3098_v2_chr5C	606000000	608000000	2000000	0	0.000000
Asat_OT3098_v2_chr5C	608000000	610000000	2000000	0	0.000000
Asat_OT3098_v2_chr5C	610000000	612000000	2000000	0	0.000000
Asat_OT3098_v2_chr5C	612000000	613160974	1160974	0	0.000000
Asat_OT3098_v2_chr5D	0	2000000	2000000	0	0.000000
Asat_OT3098_v2_chr5D	2000000	4000000	2000000	0	0.000000
Asat_OT3098_v2_chr5D	4000000	6000000	2000000	0	0.000000
Asat_OT3098_v2_chr5D	6000000	8000000	2000000	0	0.000000
Asat_OT3098_v2_chr5D	8000000	10000000	2000000	0	0.000000
Asat_OT3098_v2_chr5D	10000000	12000000	2000000	0	0.000000
Asat_OT3098_v2_chr5D	12000000	14000000	2000000	0	0.000000
Asat_OT3098_v2_chr5D	14000000	16000000	2000000	0	0.000000
Asat_OT3098_v2_chr5D	16000000	18000000	2000000	0	0.000000
Asat_OT3098_v2_chr5D	18000000	20000000	2000000	0	0.000000
Asat_OT3098_v2_chr5D	20000000	22000000	2000000	0	0.000000
Asat_OT3098_v2_chr5D	22000000	24000000	2000000	0	0.000000
Asat_OT3098_v2_chr5D	24000000	26000000	2000000	0	0.000000
Asat_OT3098_v2_chr5D	26000000	28000000	2000000	0	0.000000
Asat_OT3098_v2_chr5D	28000000	30000000	2000000	0	0.000000
Asat_OT3098_v2_chr5D	30000000	32000000	2000000	0	0.000000
Asat_OT3098_v2_chr5D	32000000	34000000	2000000	0	0.000000
Asat_OT3098_v2_chr5D	34000000	36000000	2000000	0	0.000000
Asat_OT3098_v2_chr5D	36000000	38000000	2000000	0	0.000000
Asat_OT3098_v2_chr5D	38000000	40000000	2000000	0	0.000000
Asat_OT3098_v2_chr5D	40000000	42000000	2000000	0	0.000000
Asat_OT3098_v2_chr5D	42000000	44000000	2000000	0	0.000000
Asat_OT3098_v2_chr5D	44000000	46000000	2000000	0	0.000000
Asat_OT3098_v2_chr5D	46000000	48000000	2000000	0	0.000000
Asat_OT3098_v2_chr5D	48000000	50000000	2000000	0	0.000000
Asat_OT3098_v2_chr5D	50000000	52000000	2000000	0	0.000000
Asat_OT3098_v2_chr5D	52000000	54000000	2000000	0	0.000000
Asat_OT3098_v2_chr5D	54000000	56000000	2000000	0	0.000000
Asat_OT3098_v2_chr5D	56000000	58000000	2000000	0	0.000000
Asat_OT3098_v2_chr5D	58000000	60000000	2000000	0	0.000000
Asat_OT3098_v2_chr5D	60000000	62000000	2000000	0	0.000000
Asat_OT3098_v2_chr5D	62000000	64000000	2000000	0	0.000000
Asat_OT3098_v2_chr5D	64000000	66000000	2000000	0	0.000000
Asat_OT3098_v2_chr5D	66000000	68000000	2000000	0	0.000000
Asat_OT3098_v2_chr5D	68000000	70000000	2000000	0	0.000000
Asat_OT3098_v2_chr5D	70000000	72000000	2000000	0	0.000000
Asat_OT3098_v2_chr5D	72000000	74000000	2000000	0	0.000000
Asat_OT3098_v2_chr5D	74000000	76000000	2000000	0	0.000000
Asat_OT3098_v2_chr5D	76000000	78000000	2000000	0	0.000000
Asat_OT3098_v2_chr5D	78000000	80000000	2000000	0	0.000000
Asat_OT3098_v2_chr5D	80000000	82000000	2000000	0	0.000000
Asat_OT3098_v2_chr5D	82000000	84000000	2000000	0	0.000000
Asat_OT3098_v2_chr5D	84000000	86000000	2000000	0	0.000000
Asat_OT3098_v2_chr5D	86000000	88000000	2000000	0	0.000000
Asat_OT3098_v2_chr5D	88000000	90000000	2000000	0	0.000000
Asat_OT3098_v2_chr5D	90000000	92000000	2000000	0	0.000000
Asat_OT3098_v2_chr5D	92000000	94000000	2000000	0	0.000000
Asat_OT3098_v2_chr5D	94000000	96000000	2000000	0	0.000000
Asat_OT3098_v2_chr5D	96000000	98000000	2000000	0	0.000000
Asat_OT3098_v2_chr5D	98000000	100000000	2000000	0	0.000000
Asat_OT3098_v2_chr5D	100000000	102000000	2000000	0	0.000000
Asat_OT3098_v2_chr5D	102000000	104000000	2000000	0	0.000000
Asat_OT3098_v2_chr5D	104000000	106000000	2000000	0	0.000000
Asat_OT3098_v2_chr5D	106000000	108000000	2000000	0	0.000000
Asat_OT3098_v2_chr5D	108000000	110000000	2000000	0	0.000000
Asat_OT3098_v2_chr5D	110000000	112000000	2000000	0	0.000000
Asat_OT3098_v2_chr5D	112000000	114000000	2000000	0	0.000000
Asat_OT3098_v2_chr5D	114000000	116000000	2000000	0	0.000000
Asat_OT3098_v2_chr5D	116000000	118000000	2000000	0	0.000000
Asat_OT3098_v2_chr5D	118000000	120000000	2000000	0	0.000000
Asat_OT3098_v2_chr5D	120000000	122000000	2000000	0	0.000000
Asat_OT3098_v2_chr5D	122000000	124000000	2000000	0	0.000000
Asat_OT3098_v2_chr5D	124000000	126000000	2000000	0	0.000000
Asat_OT3098_v2_chr5D	126000000	128000000	2000000	0	0.000000
Asat_OT3098_v2_chr5D	128000000	130000000	2000000	0	0.000000
Asat_OT3098_v2_chr5D	130000000	132000000	2000000	0	0.000000
Asat_OT3098_v2_chr5D	132000000	134000000	2000000	0	0.000000
Asat_OT3098_v2_chr5D	134000000	136000000	2000000	0	0.000000
Asat_OT3098_v2_chr5D	136000000	138000000	2000000	0	0.000000
Asat_OT3098_v2_chr5D	138000000	140000000	2000000	0	0.000000
Asat_OT3098_v2_chr5D	140000000	142000000	2000000	0	0.000000
Asat_OT3098_v2_chr5D	142000000	144000000	2000000	0	0.000000
Asat_OT3098_v2_chr5D	144000000	146000000	2000000	0	0.000000
Asat_OT3098_v2_chr5D	146000000	148000000	2000000	0	0.000000
Asat_OT3098_v2_chr5D	148000000	150000000	2000000	0	0.000000
Asat_OT3098_v2_chr5D	150000000	152000000	2000000	0	0.000000
Asat_OT3098_v2_chr5D	152000000	154000000	2000000	0	0.000000
Asat_OT3098_v2_chr5D	154000000	156000000	2000000	0	0.000000
Asat_OT3098_v2_chr5D	156000000	158000000	2000000	0	0.000000
Asat_OT3098_v2_chr5D	158000000	160000000	2000000	0	0.000000
Asat_OT3098_v2_chr5D	160000000	162000000	2000000	0	0.000000
Asat_OT3098_v2_chr5D	162000000	164000000	2000000	0	0.000000
Asat_OT3098_v2_chr5D	164000000	166000000	2000000	0	0.000000
Asat_OT3098_v2_chr5D	166000000	168000000	2000000	0	0.000000
Asat_OT3098_v2_chr5D	168000000	170000000	2000000	0	0.000000
Asat_OT3098_v2_chr5D	170000000	172000000	2000000	0	0.000000
Asat_OT3098_v2_chr5D	172000000	174000000	2000000	0	0.000000
Asat_OT3098_v2_chr5D	174000000	176000000	2000000	0	0.000000
Asat_OT3098_v2_chr5D	176000000	178000000	2000000	0	0.000000
Asat_OT3098_v2_chr5D	178000000	180000000	2000000	0	0.000000
Asat_OT3098_v2_chr5D	180000000	182000000	2000000	0	0.000000
Asat_OT3098_v2_chr5D	182000000	184000000	2000000	0	0.000000
Asat_OT3098_v2_chr5D	184000000	186000000	2000000	0	0.000000
Asat_OT3098_v2_chr5D	186000000	188000000	2000000	0	0.000000
Asat_OT3098_v2_chr5D	188000000	190000000	2000000	0	0.000000
Asat_OT3098_v2_chr5D	190000000	192000000	2000000	0	0.000000
Asat_OT3098_v2_chr5D	192000000	194000000	2000000	0	0.000000
Asat_OT3098_v2_chr5D	194000000	196000000	2000000	0	0.000000
Asat_OT3098_v2_chr5D	196000000	198000000	2000000	0	0.000000
Asat_OT3098_v2_chr5D	198000000	200000000	2000000	0	0.000000
Asat_OT3098_v2_chr5D	200000000	202000000	2000000	0	0.000000
Asat_OT3098_v2_chr5D	202000000	204000000	2000000	0	0.000000
Asat_OT3098_v2_chr5D	204000000	206000000	2000000	0	0.000000
Asat_OT3098_v2_chr5D	206000000	208000000	2000000	0	0.000000
Asat_OT3098_v2_chr5D	208000000	210000000	2000000	0	0.000000
Asat_OT3098_v2_chr5D	210000000	212000000	2000000	0	0.000000
Asat_OT3098_v2_chr5D	212000000	214000000	2000000	0	0.000000
Asat_OT3098_v2_chr5D	214000000	216000000	2000000	0	0.000000
Asat_OT3098_v2_chr5D	216000000	218000000	2000000	0	0.000000
Asat_OT3098_v2_chr5D	218000000	220000000	2000000	0	0.000000
Asat_OT3098_v2_chr5D	220000000	222000000	2000000	0	0.000000
Asat_OT3098_v2_chr5D	222000000	224000000	2000000	0	0.000000
Asat_OT3098_v2_chr5D	224000000	226000000	2000000	0	0.000000
Asat_OT3098_v2_chr5D	226000000	228000000	2000000	0	0.000000
Asat_OT3098_v2_chr5D	228000000	230000000	2000000	0	0.000000
Asat_OT3098_v2_chr5D	230000000	232000000	2000000	0	0.000000
Asat_OT3098_v2_chr5D	232000000	234000000	2000000	0	0.000000
Asat_OT3098_v2_chr5D	234000000	236000000	2000000	0	0.000000
Asat_OT3098_v2_chr5D	236000000	238000000	2000000	0	0.000000
Asat_OT3098_v2_chr5D	238000000	240000000	2000000	0	0.000000
Asat_OT3098_v2_chr5D	240000000	242000000	2000000	0	0.000000
Asat_OT3098_v2_chr5D	242000000	244000000	2000000	0	0.000000
Asat_OT3098_v2_chr5D	244000000	246000000	2000000	0	0.000000
Asat_OT3098_v2_chr5D	246000000	248000000	2000000	0	0.000000
Asat_OT3098_v2_chr5D	248000000	250000000	2000000	0	0.000000
Asat_OT3098_v2_chr5D	250000000	252000000	2000000	0	0.000000
Asat_OT3098_v2_chr5D	252000000	254000000	2000000	0	0.000000
Asat_OT3098_v2_chr5D	254000000	256000000	2000000	0	0.000000
Asat_OT3098_v2_chr5D	256000000	258000000	2000000	0	0.000000
Asat_OT3098_v2_chr5D	258000000	260000000	2000000	0	0.000000
Asat_OT3098_v2_chr5D	260000000	262000000	2000000	0	0.000000
Asat_OT3098_v2_chr5D	262000000	264000000	2000000	0	0.000000
Asat_OT3098_v2_chr5D	264000000	266000000	2000000	0	0.000000
Asat_OT3098_v2_chr5D	266000000	268000000	2000000	0	0.000000
Asat_OT3098_v2_chr5D	268000000	270000000	2000000	0	0.000000
Asat_OT3098_v2_chr5D	270000000	272000000	2000000	0	0.000000
Asat_OT3098_v2_chr5D	272000000	274000000	2000000	0	0.000000
Asat_OT3098_v2_chr5D	274000000	276000000	2000000	0	0.000000
Asat_OT3098_v2_chr5D	276000000	278000000	2000000	0	0.000000
Asat_OT3098_v2_chr5D	278000000	280000000	2000000	0	0.000000
Asat_OT3098_v2_chr5D	280000000	282000000	2000000	0	0.000000
Asat_OT3098_v2_chr5D	282000000	284000000	2000000	0	0.000000
Asat_OT3098_v2_chr5D	284000000	286000000	2000000	0	0.000000
Asat_OT3098_v2_chr5D	286000000	288000000	2000000	0	0.000000
Asat_OT3098_v2_chr5D	288000000	290000000	2000000	0	0.000000
Asat_OT3098_v2_chr5D	290000000	292000000	2000000	0	0.000000
Asat_OT3098_v2_chr5D	292000000	294000000	2000000	0	0.000000
Asat_OT3098_v2_chr5D	294000000	296000000	2000000	0	0.000000
Asat_OT3098_v2_chr5D	296000000	298000000	2000000	0	0.000000
Asat_OT3098_v2_chr5D	298000000	300000000	2000000	0	0.000000
Asat_OT3098_v2_chr5D	300000000	302000000	2000000	0	0.000000
Asat_OT3098_v2_chr5D	302000000	304000000	2000000	0	0.000000
Asat_OT3098_v2_chr5D	304000000	306000000	2000000	0	0.000000
Asat_OT3098_v2_chr5D	306000000	308000000	2000000	0	0.000000
Asat_OT3098_v2_chr5D	308000000	310000000	2000000	0	0.000000
Asat_OT3098_v2_chr5D	310000000	312000000	2000000	0	0.000000
Asat_OT3098_v2_chr5D	312000000	314000000	2000000	0	0.000000
Asat_OT3098_v2_chr5D	314000000	316000000	2000000	0	0.000000
Asat_OT3098_v2_chr5D	316000000	318000000	2000000	0	0.000000
Asat_OT3098_v2_chr5D	318000000	320000000	2000000	0	0.000000
Asat_OT3098_v2_chr5D	320000000	322000000	2000000	0	0.000000
Asat_OT3098_v2_chr5D	322000000	324000000	2000000	0	0.000000
Asat_OT3098_v2_chr5D	324000000	326000000	2000000	0	0.000000
Asat_OT3098_v2_chr5D	326000000	328000000	2000000	0	0.000000
Asat_OT3098_v2_chr5D	328000000	330000000	2000000	0	0.000000
Asat_OT3098_v2_chr5D	330000000	332000000	2000000	0	0.000000
Asat_OT3098_v2_chr5D	332000000	334000000	2000000	0	0.000000
Asat_OT3098_v2_chr5D	334000000	336000000	2000000	0	0.000000
Asat_OT3098_v2_chr5D	336000000	338000000	2000000	0	0.000000
Asat_OT3098_v2_chr5D	338000000	340000000	2000000	0	0.000000
Asat_OT3098_v2_chr5D	340000000	342000000	2000000	0	0.000000
Asat_OT3098_v2_chr5D	342000000	344000000	2000000	0	0.000000
Asat_OT3098_v2_chr5D	344000000	346000000	2000000	0	0.000000
Asat_OT3098_v2_chr5D	346000000	348000000	2000000	0	0.000000
Asat_OT3098_v2_chr5D	348000000	350000000	2000000	0	0.000000
Asat_OT3098_v2_chr5D	350000000	352000000	2000000	0	0.000000
Asat_OT3098_v2_chr5D	352000000	354000000	2000000	0	0.000000
Asat_OT3098_v2_chr5D	354000000	356000000	2000000	0	0.000000
Asat_OT3098_v2_chr5D	356000000	358000000	2000000	0	0.000000
Asat_OT3098_v2_chr5D	358000000	360000000	2000000	0	0.000000
Asat_OT3098_v2_chr5D	360000000	362000000	2000000	0	0.000000
Asat_OT3098_v2_chr5D	362000000	364000000	2000000	0	0.000000
Asat_OT3098_v2_chr5D	364000000	366000000	2000000	0	0.000000
Asat_OT3098_v2_chr5D	366000000	368000000	2000000	0	0.000000
Asat_OT3098_v2_chr5D	368000000	370000000	2000000	0	0.000000
Asat_OT3098_v2_chr5D	370000000	372000000	2000000	0	0.000000
Asat_OT3098_v2_chr5D	372000000	374000000	2000000	0	0.000000
Asat_OT3098_v2_chr5D	374000000	376000000	2000000	0	0.000000
Asat_OT3098_v2_chr5D	376000000	378000000	2000000	0	0.000000
Asat_OT3098_v2_chr5D	378000000	380000000	2000000	0	0.000000
Asat_OT3098_v2_chr5D	380000000	382000000	2000000	0	0.000000
Asat_OT3098_v2_chr5D	382000000	384000000	2000000	0	0.000000
Asat_OT3098_v2_chr5D	384000000	386000000	2000000	0	0.000000
Asat_OT3098_v2_chr5D	386000000	388000000	2000000	0	0.000000
Asat_OT3098_v2_chr5D	388000000	390000000	2000000	0	0.000000
Asat_OT3098_v2_chr5D	390000000	392000000	2000000	0	0.000000
Asat_OT3098_v2_chr5D	392000000	394000000	2000000	0	0.000000
Asat_OT3098_v2_chr5D	394000000	396000000	2000000	0	0.000000
Asat_OT3098_v2_chr5D	396000000	398000000	2000000	0	0.000000
Asat_OT3098_v2_chr5D	398000000	400000000	2000000	0	0.000000
Asat_OT3098_v2_chr5D	400000000	402000000	2000000	0	0.000000
Asat_OT3098_v2_chr5D	402000000	404000000	2000000	0	0.000000
Asat_OT3098_v2_chr5D	404000000	406000000	2000000	0	0.000000
Asat_OT3098_v2_chr5D	406000000	408000000	2000000	0	0.000000
Asat_OT3098_v2_chr5D	408000000	410000000	2000000	0	0.000000
Asat_OT3098_v2_chr5D	410000000	412000000	2000000	0	0.000000
Asat_OT3098_v2_chr5D	412000000	414000000	2000000	0	0.000000
Asat_OT3098_v2_chr5D	414000000	416000000	2000000	0	0.000000
Asat_OT3098_v2_chr5D	416000000	418000000	2000000	0	0.000000
Asat_OT3098_v2_chr5D	418000000	420000000	2000000	0	0.000000
Asat_OT3098_v2_chr5D	420000000	422000000	2000000	0	0.000000
Asat_OT3098_v2_chr5D	422000000	424000000	2000000	0	0.000000
Asat_OT3098_v2_chr5D	424000000	426000000	2000000	0	0.000000
Asat_OT3098_v2_chr5D	426000000	428000000	2000000	0	0.000000
Asat_OT3098_v2_chr5D	428000000	430000000	2000000	0	0.000000
Asat_OT3098_v2_chr5D	430000000	432000000	2000000	0	0.000000
Asat_OT3098_v2_chr5D	432000000	434000000	2000000	0	0.000000
Asat_OT3098_v2_chr5D	434000000	436000000	2000000	0	0.000000
Asat_OT3098_v2_chr5D	436000000	438000000	2000000	0	0.000000
Asat_OT3098_v2_chr5D	438000000	440000000	2000000	0	0.000000
Asat_OT3098_v2_chr5D	440000000	442000000	2000000	0	0.000000
Asat_OT3098_v2_chr5D	442000000	444000000	2000000	0	0.000000
Asat_OT3098_v2_chr5D	444000000	446000000	2000000	0	0.000000
Asat_OT3098_v2_chr5D	446000000	448000000	2000000	0	0.000000
Asat_OT3098_v2_chr5D	448000000	450000000	2000000	0	0.000000
Asat_OT3098_v2_chr5D	450000000	452000000	2000000	0	0.000000
Asat_OT3098_v2_chr5D	452000000	454000000	2000000	0	0.000000
Asat_OT3098_v2_chr5D	454000000	456000000	2000000	0	0.000000
Asat_OT3098_v2_chr5D	456000000	458000000	2000000	0	0.000000
Asat_OT3098_v2_chr5D	458000000	460000000	2000000	0	0.000000
Asat_OT3098_v2_chr5D	460000000	462000000	2000000	0	0.000000
Asat_OT3098_v2_chr5D	462000000	464000000	2000000	0	0.000000
Asat_OT3098_v2_chr5D	464000000	466000000	2000000	0	0.000000
Asat_OT3098_v2_chr5D	466000000	468000000	2000000	0	0.000000
Asat_OT3098_v2_chr5D	468000000	470000000	2000000	0	0.000000
Asat_OT3098_v2_chr5D	470000000	472000000	2000000	0	0.000000
Asat_OT3098_v2_chr5D	472000000	474000000	2000000	0	0.000000
Asat_OT3098_v2_chr5D	474000000	476000000	2000000	0	0.000000
Asat_OT3098_v2_chr5D	476000000	478000000	2000000	0	0.000000
Asat_OT3098_v2_chr5D	478000000	480000000	2000000	0	0.000000
Asat_OT3098_v2_chr5D	480000000	482000000	2000000	0	0.000000
Asat_OT3098_v2_chr5D	482000000	484000000	2000000	0	0.000000
Asat_OT3098_v2_chr5D	484000000	486000000	2000000	0	0.000000
Asat_OT3098_v2_chr5D	486000000	488000000	2000000	0	0.000000
Asat_OT3098_v2_chr5D	488000000	490000000	2000000	0	0.000000
Asat_OT3098_v2_chr5D	490000000	492000000	2000000	0	0.000000
Asat_OT3098_v2_chr5D	492000000	494000000	2000000	0	0.000000
Asat_OT3098_v2_chr5D	494000000	496000000	2000000	0	0.000000
Asat_OT3098_v2_chr5D	496000000	498000000	2000000	0	0.000000
Asat_OT3098_v2_chr5D	498000000	499214392	1214392	0	0.000000
Asat_OT3098_v2_chr6A	0	2000000	2000000	0	0.000000
Asat_OT3098_v2_chr6A	2000000	4000000	2000000	0	0.000000
Asat_OT3098_v2_chr6A	4000000	6000000	2000000	0	0.000000
Asat_OT3098_v2_chr6A	6000000	8000000	2000000	0	0.000000
Asat_OT3098_v2_chr6A	8000000	10000000	2000000	0	0.000000
Asat_OT3098_v2_chr6A	10000000	12000000	2000000	0	0.000000
Asat_OT3098_v2_chr6A	12000000	14000000	2000000	0	0.000000
Asat_OT3098_v2_chr6A	14000000	16000000	2000000	0	0.000000
Asat_OT3098_v2_chr6A	16000000	18000000	2000000	0	0.000000
Asat_OT3098_v2_chr6A	18000000	20000000	2000000	0	0.000000
Asat_OT3098_v2_chr6A	20000000	22000000	2000000	0	0.000000
Asat_OT3098_v2_chr6A	22000000	24000000	2000000	0	0.000000
Asat_OT3098_v2_chr6A	24000000	26000000	2000000	0	0.000000
Asat_OT3098_v2_chr6A	26000000	28000000	2000000	0	0.000000
Asat_OT3098_v2_chr6A	28000000	30000000	2000000	0	0.000000
Asat_OT3098_v2_chr6A	30000000	32000000	2000000	0	0.000000
Asat_OT3098_v2_chr6A	32000000	34000000	2000000	0	0.000000
Asat_OT3098_v2_chr6A	34000000	36000000	2000000	0	0.000000
Asat_OT3098_v2_chr6A	36000000	38000000	2000000	0	0.000000
Asat_OT3098_v2_chr6A	38000000	40000000	2000000	0	0.000000
Asat_OT3098_v2_chr6A	40000000	42000000	2000000	0	0.000000
Asat_OT3098_v2_chr6A	42000000	44000000	2000000	0	0.000000
Asat_OT3098_v2_chr6A	44000000	46000000	2000000	0	0.000000
Asat_OT3098_v2_chr6A	46000000	48000000	2000000	0	0.000000
Asat_OT3098_v2_chr6A	48000000	50000000	2000000	0	0.000000
Asat_OT3098_v2_chr6A	50000000	52000000	2000000	0	0.000000
Asat_OT3098_v2_chr6A	52000000	54000000	2000000	0	0.000000
Asat_OT3098_v2_chr6A	54000000	56000000	2000000	0	0.000000
Asat_OT3098_v2_chr6A	56000000	58000000	2000000	0	0.000000
Asat_OT3098_v2_chr6A	58000000	60000000	2000000	0	0.000000
Asat_OT3098_v2_chr6A	60000000	62000000	2000000	0	0.000000
Asat_OT3098_v2_chr6A	62000000	64000000	2000000	0	0.000000
Asat_OT3098_v2_chr6A	64000000	66000000	2000000	0	0.000000
Asat_OT3098_v2_chr6A	66000000	68000000	2000000	0	0.000000
Asat_OT3098_v2_chr6A	68000000	70000000	2000000	0	0.000000
Asat_OT3098_v2_chr6A	70000000	72000000	2000000	0	0.000000
Asat_OT3098_v2_chr6A	72000000	74000000	2000000	0	0.000000
Asat_OT3098_v2_chr6A	74000000	76000000	2000000	0	0.000000
Asat_OT3098_v2_chr6A	76000000	78000000	2000000	0	0.000000
Asat_OT3098_v2_chr6A	78000000	80000000	2000000	0	0.000000
Asat_OT3098_v2_chr6A	80000000	82000000	2000000	0	0.000000
Asat_OT3098_v2_chr6A	82000000	84000000	2000000	0	0.000000
Asat_OT3098_v2_chr6A	84000000	86000000	2000000	0	0.000000
Asat_OT3098_v2_chr6A	86000000	88000000	2000000	0	0.000000
Asat_OT3098_v2_chr6A	88000000	90000000	2000000	0	0.000000
Asat_OT3098_v2_chr6A	90000000	92000000	2000000	0	0.000000
Asat_OT3098_v2_chr6A	92000000	94000000	2000000	0	0.000000
Asat_OT3098_v2_chr6A	94000000	96000000	2000000	0	0.000000
Asat_OT3098_v2_chr6A	96000000	98000000	2000000	0	0.000000
Asat_OT3098_v2_chr6A	98000000	100000000	2000000	0	0.000000
Asat_OT3098_v2_chr6A	100000000	102000000	2000000	0	0.000000
Asat_OT3098_v2_chr6A	102000000	104000000	2000000	0	0.000000
Asat_OT3098_v2_chr6A	104000000	106000000	2000000	0	0.000000
Asat_OT3098_v2_chr6A	106000000	108000000	2000000	0	0.000000
Asat_OT3098_v2_chr6A	108000000	110000000	2000000	0	0.000000
Asat_OT3098_v2_chr6A	110000000	112000000	2000000	0	0.000000
Asat_OT3098_v2_chr6A	112000000	114000000	2000000	0	0.000000
Asat_OT3098_v2_chr6A	114000000	116000000	2000000	0	0.000000
Asat_OT3098_v2_chr6A	116000000	118000000	2000000	0	0.000000
Asat_OT3098_v2_chr6A	118000000	120000000	2000000	0	0.000000
Asat_OT3098_v2_chr6A	120000000	122000000	2000000	0	0.000000
Asat_OT3098_v2_chr6A	122000000	124000000	2000000	0	0.000000
Asat_OT3098_v2_chr6A	124000000	126000000	2000000	0	0.000000
Asat_OT3098_v2_chr6A	126000000	128000000	2000000	0	0.000000
Asat_OT3098_v2_chr6A	128000000	130000000	2000000	0	0.000000
Asat_OT3098_v2_chr6A	130000000	132000000	2000000	0	0.000000
Asat_OT3098_v2_chr6A	132000000	134000000	2000000	0	0.000000
Asat_OT3098_v2_chr6A	134000000	136000000	2000000	0	0.000000
Asat_OT3098_v2_chr6A	136000000	138000000	2000000	0	0.000000
Asat_OT3098_v2_chr6A	138000000	140000000	2000000	0	0.000000
Asat_OT3098_v2_chr6A	140000000	142000000	2000000	0	0.000000
Asat_OT3098_v2_chr6A	142000000	144000000	2000000	0	0.000000
Asat_OT3098_v2_chr6A	144000000	146000000	2000000	0	0.000000
Asat_OT3098_v2_chr6A	146000000	148000000	2000000	0	0.000000
Asat_OT3098_v2_chr6A	148000000	150000000	2000000	0	0.000000
Asat_OT3098_v2_chr6A	150000000	152000000	2000000	0	0.000000
Asat_OT3098_v2_chr6A	152000000	154000000	2000000	0	0.000000
Asat_OT3098_v2_chr6A	154000000	156000000	2000000	0	0.000000
Asat_OT3098_v2_chr6A	156000000	158000000	2000000	0	0.000000
Asat_OT3098_v2_chr6A	158000000	160000000	2000000	0	0.000000
Asat_OT3098_v2_chr6A	160000000	162000000	2000000	0	0.000000
Asat_OT3098_v2_chr6A	162000000	164000000	2000000	0	0.000000
Asat_OT3098_v2_chr6A	164000000	166000000	2000000	0	0.000000
Asat_OT3098_v2_chr6A	166000000	168000000	2000000	0	0.000000
Asat_OT3098_v2_chr6A	168000000	170000000	2000000	0	0.000000
Asat_OT3098_v2_chr6A	170000000	172000000	2000000	0	0.000000
Asat_OT3098_v2_chr6A	172000000	174000000	2000000	0	0.000000
Asat_OT3098_v2_chr6A	174000000	176000000	2000000	0	0.000000
Asat_OT3098_v2_chr6A	176000000	178000000	2000000	0	0.000000
Asat_OT3098_v2_chr6A	178000000	180000000	2000000	0	0.000000
Asat_OT3098_v2_chr6A	180000000	182000000	2000000	0	0.000000
Asat_OT3098_v2_chr6A	182000000	184000000	2000000	0	0.000000
Asat_OT3098_v2_chr6A	184000000	186000000	2000000	0	0.000000
Asat_OT3098_v2_chr6A	186000000	188000000	2000000	0	0.000000
Asat_OT3098_v2_chr6A	188000000	190000000	2000000	0	0.000000
Asat_OT3098_v2_chr6A	190000000	192000000	2000000	0	0.000000
Asat_OT3098_v2_chr6A	192000000	194000000	2000000	0	0.000000
Asat_OT3098_v2_chr6A	194000000	196000000	2000000	0	0.000000
Asat_OT3098_v2_chr6A	196000000	198000000	2000000	0	0.000000
Asat_OT3098_v2_chr6A	198000000	200000000	2000000	0	0.000000
Asat_OT3098_v2_chr6A	200000000	202000000	2000000	0	0.000000
Asat_OT3098_v2_chr6A	202000000	204000000	2000000	0	0.000000
Asat_OT3098_v2_chr6A	204000000	206000000	2000000	0	0.000000
Asat_OT3098_v2_chr6A	206000000	208000000	2000000	0	0.000000
Asat_OT3098_v2_chr6A	208000000	210000000	2000000	0	0.000000
Asat_OT3098_v2_chr6A	210000000	212000000	2000000	0	0.000000
Asat_OT3098_v2_chr6A	212000000	214000000	2000000	0	0.000000
Asat_OT3098_v2_chr6A	214000000	216000000	2000000	0	0.000000
Asat_OT3098_v2_chr6A	216000000	218000000	2000000	0	0.000000
Asat_OT3098_v2_chr6A	218000000	220000000	2000000	0	0.000000
Asat_OT3098_v2_chr6A	220000000	222000000	2000000	0	0.000000
Asat_OT3098_v2_chr6A	222000000	224000000	2000000	0	0.000000
Asat_OT3098_v2_chr6A	224000000	226000000	2000000	0	0.000000
Asat_OT3098_v2_chr6A	226000000	228000000	2000000	0	0.000000
Asat_OT3098_v2_chr6A	228000000	230000000	2000000	0	0.000000
Asat_OT3098_v2_chr6A	230000000	232000000	2000000	0	0.000000
Asat_OT3098_v2_chr6A	232000000	234000000	2000000	0	0.000000
Asat_OT3098_v2_chr6A	234000000	236000000	2000000	0	0.000000
Asat_OT3098_v2_chr6A	236000000	238000000	2000000	0	0.000000
Asat_OT3098_v2_chr6A	238000000	240000000	2000000	0	0.000000
Asat_OT3098_v2_chr6A	240000000	242000000	2000000	0	0.000000
Asat_OT3098_v2_chr6A	242000000	244000000	2000000	0	0.000000
Asat_OT3098_v2_chr6A	244000000	246000000	2000000	0	0.000000
Asat_OT3098_v2_chr6A	246000000	248000000	2000000	0	0.000000
Asat_OT3098_v2_chr6A	248000000	250000000	2000000	0	0.000000
Asat_OT3098_v2_chr6A	250000000	252000000	2000000	0	0.000000
Asat_OT3098_v2_chr6A	252000000	254000000	2000000	0	0.000000
Asat_OT3098_v2_chr6A	254000000	256000000	2000000	0	0.000000
Asat_OT3098_v2_chr6A	256000000	258000000	2000000	0	0.000000
Asat_OT3098_v2_chr6A	258000000	260000000	2000000	0	0.000000
Asat_OT3098_v2_chr6A	260000000	262000000	2000000	0	0.000000
Asat_OT3098_v2_chr6A	262000000	264000000	2000000	0	0.000000
Asat_OT3098_v2_chr6A	264000000	266000000	2000000	0	0.000000
Asat_OT3098_v2_chr6A	266000000	268000000	2000000	0	0.000000
Asat_OT3098_v2_chr6A	268000000	270000000	2000000	0	0.000000
Asat_OT3098_v2_chr6A	270000000	272000000	2000000	0	0.000000
Asat_OT3098_v2_chr6A	272000000	274000000	2000000	0	0.000000
Asat_OT3098_v2_chr6A	274000000	276000000	2000000	0	0.000000
Asat_OT3098_v2_chr6A	276000000	278000000	2000000	0	0.000000
Asat_OT3098_v2_chr6A	278000000	280000000	2000000	0	0.000000
Asat_OT3098_v2_chr6A	280000000	282000000	2000000	0	0.000000
Asat_OT3098_v2_chr6A	282000000	284000000	2000000	0	0.000000
Asat_OT3098_v2_chr6A	284000000	286000000	2000000	0	0.000000
Asat_OT3098_v2_chr6A	286000000	288000000	2000000	0	0.000000
Asat_OT3098_v2_chr6A	288000000	290000000	2000000	0	0.000000
Asat_OT3098_v2_chr6A	290000000	292000000	2000000	0	0.000000
Asat_OT3098_v2_chr6A	292000000	294000000	2000000	0	0.000000
Asat_OT3098_v2_chr6A	294000000	296000000	2000000	0	0.000000
Asat_OT3098_v2_chr6A	296000000	298000000	2000000	0	0.000000
Asat_OT3098_v2_chr6A	298000000	300000000	2000000	0	0.000000
Asat_OT3098_v2_chr6A	300000000	302000000	2000000	0	0.000000
Asat_OT3098_v2_chr6A	302000000	304000000	2000000	0	0.000000
Asat_OT3098_v2_chr6A	304000000	306000000	2000000	0	0.000000
Asat_OT3098_v2_chr6A	306000000	308000000	2000000	0	0.000000
Asat_OT3098_v2_chr6A	308000000	310000000	2000000	0	0.000000
Asat_OT3098_v2_chr6A	310000000	312000000	2000000	0	0.000000
Asat_OT3098_v2_chr6A	312000000	314000000	2000000	0	0.000000
Asat_OT3098_v2_chr6A	314000000	316000000	2000000	0	0.000000
Asat_OT3098_v2_chr6A	316000000	318000000	2000000	0	0.000000
Asat_OT3098_v2_chr6A	318000000	320000000	2000000	0	0.000000
Asat_OT3098_v2_chr6A	320000000	322000000	2000000	0	0.000000
Asat_OT3098_v2_chr6A	322000000	324000000	2000000	0	0.000000
Asat_OT3098_v2_chr6A	324000000	326000000	2000000	0	0.000000
Asat_OT3098_v2_chr6A	326000000	328000000	2000000	0	0.000000
Asat_OT3098_v2_chr6A	328000000	330000000	2000000	0	0.000000
Asat_OT3098_v2_chr6A	330000000	332000000	2000000	0	0.000000
Asat_OT3098_v2_chr6A	332000000	334000000	2000000	0	0.000000
Asat_OT3098_v2_chr6A	334000000	336000000	2000000	0	0.000000
Asat_OT3098_v2_chr6A	336000000	338000000	2000000	0	0.000000
Asat_OT3098_v2_chr6A	338000000	340000000	2000000	0	0.000000
Asat_OT3098_v2_chr6A	340000000	342000000	2000000	0	0.000000
Asat_OT3098_v2_chr6A	342000000	344000000	2000000	0	0.000000
Asat_OT3098_v2_chr6A	344000000	346000000	2000000	0	0.000000
Asat_OT3098_v2_chr6A	346000000	348000000	2000000	0	0.000000
Asat_OT3098_v2_chr6A	348000000	350000000	2000000	0	0.000000
Asat_OT3098_v2_chr6A	350000000	352000000	2000000	0	0.000000
Asat_OT3098_v2_chr6A	352000000	354000000	2000000	0	0.000000
Asat_OT3098_v2_chr6A	354000000	356000000	2000000	0	0.000000
Asat_OT3098_v2_chr6A	356000000	358000000	2000000	0	0.000000
Asat_OT3098_v2_chr6A	358000000	360000000	2000000	0	0.000000
Asat_OT3098_v2_chr6A	360000000	362000000	2000000	0	0.000000
Asat_OT3098_v2_chr6A	362000000	364000000	2000000	0	0.000000
Asat_OT3098_v2_chr6A	364000000	366000000	2000000	0	0.000000
Asat_OT3098_v2_chr6A	366000000	368000000	2000000	0	0.000000
Asat_OT3098_v2_chr6A	368000000	370000000	2000000	0	0.000000
Asat_OT3098_v2_chr6A	370000000	372000000	2000000	0	0.000000
Asat_OT3098_v2_chr6A	372000000	374000000	2000000	0	0.000000
Asat_OT3098_v2_chr6A	374000000	376000000	2000000	0	0.000000
Asat_OT3098_v2_chr6A	376000000	378000000	2000000	0	0.000000
Asat_OT3098_v2_chr6A	378000000	380000000	2000000	0	0.000000
Asat_OT3098_v2_chr6A	380000000	382000000	2000000	0	0.000000
Asat_OT3098_v2_chr6A	382000000	384000000	2000000	0	0.000000
Asat_OT3098_v2_chr6A	384000000	386000000	2000000	0	0.000000
Asat_OT3098_v2_chr6A	386000000	388000000	2000000	0	0.000000
Asat_OT3098_v2_chr6A	388000000	390000000	2000000	0	0.000000
Asat_OT3098_v2_chr6A	390000000	392000000	2000000	0	0.000000
Asat_OT3098_v2_chr6A	392000000	394000000	2000000	0	0.000000
Asat_OT3098_v2_chr6A	394000000	396000000	2000000	0	0.000000
Asat_OT3098_v2_chr6A	396000000	398000000	2000000	0	0.000000
Asat_OT3098_v2_chr6A	398000000	400000000	2000000	0	0.000000
Asat_OT3098_v2_chr6A	400000000	402000000	2000000	0	0.000000
Asat_OT3098_v2_chr6A	402000000	404000000	2000000	0	0.000000
Asat_OT3098_v2_chr6A	404000000	406000000	2000000	0	0.000000
Asat_OT3098_v2_chr6A	406000000	408000000	2000000	0	0.000000
Asat_OT3098_v2_chr6A	408000000	410000000	2000000	0	0.000000
Asat_OT3098_v2_chr6A	410000000	412000000	2000000	0	0.000000
Asat_OT3098_v2_chr6A	412000000	414000000	2000000	0	0.000000
Asat_OT3098_v2_chr6A	414000000	416000000	2000000	0	0.000000
Asat_OT3098_v2_chr6A	416000000	418000000	2000000	0	0.000000
Asat_OT3098_v2_chr6A	418000000	420000000	2000000	0	0.000000
Asat_OT3098_v2_chr6A	420000000	422000000	2000000	0	0.000000
Asat_OT3098_v2_chr6A	422000000	424000000	2000000	0	0.000000
Asat_OT3098_v2_chr6A	424000000	426000000	2000000	0	0.000000
Asat_OT3098_v2_chr6A	426000000	428000000	2000000	0	0.000000
Asat_OT3098_v2_chr6A	428000000	430000000	2000000	0	0.000000
Asat_OT3098_v2_chr6A	430000000	432000000	2000000	0	0.000000
Asat_OT3098_v2_chr6A	432000000	434000000	2000000	0	0.000000
Asat_OT3098_v2_chr6A	434000000	436000000	2000000	0	0.000000
Asat_OT3098_v2_chr6A	436000000	438000000	2000000	0	0.000000
Asat_OT3098_v2_chr6A	438000000	440000000	2000000	0	0.000000
Asat_OT3098_v2_chr6A	440000000	442000000	2000000	0	0.000000
Asat_OT3098_v2_chr6A	442000000	444000000	2000000	0	0.000000
Asat_OT3098_v2_chr6A	444000000	446000000	2000000	0	0.000000
Asat_OT3098_v2_chr6A	446000000	448000000	2000000	0	0.000000
Asat_OT3098_v2_chr6A	448000000	448461343	461343	0	0.000000
Asat_OT3098_v2_chr6C	0	2000000	2000000	0	0.000000
Asat_OT3098_v2_chr6C	2000000	4000000	2000000	0	0.000000
Asat_OT3098_v2_chr6C	4000000	6000000	2000000	0	0.000000
Asat_OT3098_v2_chr6C	6000000	8000000	2000000	0	0.000000
Asat_OT3098_v2_chr6C	8000000	10000000	2000000	0	0.000000
Asat_OT3098_v2_chr6C	10000000	12000000	2000000	0	0.000000
Asat_OT3098_v2_chr6C	12000000	14000000	2000000	0	0.000000
Asat_OT3098_v2_chr6C	14000000	16000000	2000000	0	0.000000
Asat_OT3098_v2_chr6C	16000000	18000000	2000000	0	0.000000
Asat_OT3098_v2_chr6C	18000000	20000000	2000000	0	0.000000
Asat_OT3098_v2_chr6C	20000000	22000000	2000000	0	0.000000
Asat_OT3098_v2_chr6C	22000000	24000000	2000000	0	0.000000
Asat_OT3098_v2_chr6C	24000000	26000000	2000000	0	0.000000
Asat_OT3098_v2_chr6C	26000000	28000000	2000000	0	0.000000
Asat_OT3098_v2_chr6C	28000000	30000000	2000000	0	0.000000
Asat_OT3098_v2_chr6C	30000000	32000000	2000000	0	0.000000
Asat_OT3098_v2_chr6C	32000000	34000000	2000000	0	0.000000
Asat_OT3098_v2_chr6C	34000000	36000000	2000000	0	0.000000
Asat_OT3098_v2_chr6C	36000000	38000000	2000000	0	0.000000
Asat_OT3098_v2_chr6C	38000000	40000000	2000000	0	0.000000
Asat_OT3098_v2_chr6C	40000000	42000000	2000000	0	0.000000
Asat_OT3098_v2_chr6C	42000000	44000000	2000000	0	0.000000
Asat_OT3098_v2_chr6C	44000000	46000000	2000000	0	0.000000
Asat_OT3098_v2_chr6C	46000000	48000000	2000000	0	0.000000
Asat_OT3098_v2_chr6C	48000000	50000000	2000000	0	0.000000
Asat_OT3098_v2_chr6C	50000000	52000000	2000000	0	0.000000
Asat_OT3098_v2_chr6C	52000000	54000000	2000000	0	0.000000
Asat_OT3098_v2_chr6C	54000000	56000000	2000000	0	0.000000
Asat_OT3098_v2_chr6C	56000000	58000000	2000000	0	0.000000
Asat_OT3098_v2_chr6C	58000000	60000000	2000000	0	0.000000
Asat_OT3098_v2_chr6C	60000000	62000000	2000000	0	0.000000
Asat_OT3098_v2_chr6C	62000000	64000000	2000000	0	0.000000
Asat_OT3098_v2_chr6C	64000000	66000000	2000000	0	0.000000
Asat_OT3098_v2_chr6C	66000000	68000000	2000000	0	0.000000
Asat_OT3098_v2_chr6C	68000000	70000000	2000000	0	0.000000
Asat_OT3098_v2_chr6C	70000000	72000000	2000000	0	0.000000
Asat_OT3098_v2_chr6C	72000000	74000000	2000000	0	0.000000
Asat_OT3098_v2_chr6C	74000000	76000000	2000000	0	0.000000
Asat_OT3098_v2_chr6C	76000000	78000000	2000000	0	0.000000
Asat_OT3098_v2_chr6C	78000000	80000000	2000000	0	0.000000
Asat_OT3098_v2_chr6C	80000000	82000000	2000000	0	0.000000
Asat_OT3098_v2_chr6C	82000000	84000000	2000000	0	0.000000
Asat_OT3098_v2_chr6C	84000000	86000000	2000000	0	0.000000
Asat_OT3098_v2_chr6C	86000000	88000000	2000000	0	0.000000
Asat_OT3098_v2_chr6C	88000000	90000000	2000000	0	0.000000
Asat_OT3098_v2_chr6C	90000000	92000000	2000000	0	0.000000
Asat_OT3098_v2_chr6C	92000000	94000000	2000000	0	0.000000
Asat_OT3098_v2_chr6C	94000000	96000000	2000000	0	0.000000
Asat_OT3098_v2_chr6C	96000000	98000000	2000000	0	0.000000
Asat_OT3098_v2_chr6C	98000000	100000000	2000000	0	0.000000
Asat_OT3098_v2_chr6C	100000000	102000000	2000000	0	0.000000
Asat_OT3098_v2_chr6C	102000000	104000000	2000000	0	0.000000
Asat_OT3098_v2_chr6C	104000000	106000000	2000000	0	0.000000
Asat_OT3098_v2_chr6C	106000000	108000000	2000000	0	0.000000
Asat_OT3098_v2_chr6C	108000000	110000000	2000000	0	0.000000
Asat_OT3098_v2_chr6C	110000000	112000000	2000000	0	0.000000
Asat_OT3098_v2_chr6C	112000000	114000000	2000000	0	0.000000
Asat_OT3098_v2_chr6C	114000000	116000000	2000000	0	0.000000
Asat_OT3098_v2_chr6C	116000000	118000000	2000000	0	0.000000
Asat_OT3098_v2_chr6C	118000000	120000000	2000000	0	0.000000
Asat_OT3098_v2_chr6C	120000000	122000000	2000000	0	0.000000
Asat_OT3098_v2_chr6C	122000000	124000000	2000000	0	0.000000
Asat_OT3098_v2_chr6C	124000000	126000000	2000000	0	0.000000
Asat_OT3098_v2_chr6C	126000000	128000000	2000000	0	0.000000
Asat_OT3098_v2_chr6C	128000000	130000000	2000000	0	0.000000
Asat_OT3098_v2_chr6C	130000000	132000000	2000000	0	0.000000
Asat_OT3098_v2_chr6C	132000000	134000000	2000000	0	0.000000
Asat_OT3098_v2_chr6C	134000000	136000000	2000000	0	0.000000
Asat_OT3098_v2_chr6C	136000000	138000000	2000000	0	0.000000
Asat_OT3098_v2_chr6C	138000000	140000000	2000000	0	0.000000
Asat_OT3098_v2_chr6C	140000000	142000000	2000000	0	0.000000
Asat_OT3098_v2_chr6C	142000000	144000000	2000000	0	0.000000
Asat_OT3098_v2_chr6C	144000000	146000000	2000000	0	0.000000
Asat_OT3098_v2_chr6C	146000000	148000000	2000000	0	0.000000
Asat_OT3098_v2_chr6C	148000000	150000000	2000000	0	0.000000
Asat_OT3098_v2_chr6C	150000000	152000000	2000000	0	0.000000
Asat_OT3098_v2_chr6C	152000000	154000000	2000000	0	0.000000
Asat_OT3098_v2_chr6C	154000000	156000000	2000000	0	0.000000
Asat_OT3098_v2_chr6C	156000000	158000000	2000000	0	0.000000
Asat_OT3098_v2_chr6C	158000000	160000000	2000000	0	0.000000
Asat_OT3098_v2_chr6C	160000000	162000000	2000000	0	0.000000
Asat_OT3098_v2_chr6C	162000000	164000000	2000000	0	0.000000
Asat_OT3098_v2_chr6C	164000000	166000000	2000000	0	0.000000
Asat_OT3098_v2_chr6C	166000000	168000000	2000000	0	0.000000
Asat_OT3098_v2_chr6C	168000000	170000000	2000000	0	0.000000
Asat_OT3098_v2_chr6C	170000000	172000000	2000000	0	0.000000
Asat_OT3098_v2_chr6C	172000000	174000000	2000000	0	0.000000
Asat_OT3098_v2_chr6C	174000000	176000000	2000000	0	0.000000
Asat_OT3098_v2_chr6C	176000000	178000000	2000000	0	0.000000
Asat_OT3098_v2_chr6C	178000000	180000000	2000000	0	0.000000
Asat_OT3098_v2_chr6C	180000000	182000000	2000000	0	0.000000
Asat_OT3098_v2_chr6C	182000000	184000000	2000000	0	0.000000
Asat_OT3098_v2_chr6C	184000000	186000000	2000000	0	0.000000
Asat_OT3098_v2_chr6C	186000000	188000000	2000000	0	0.000000
Asat_OT3098_v2_chr6C	188000000	190000000	2000000	0	0.000000
Asat_OT3098_v2_chr6C	190000000	192000000	2000000	0	0.000000
Asat_OT3098_v2_chr6C	192000000	194000000	2000000	0	0.000000
Asat_OT3098_v2_chr6C	194000000	196000000	2000000	0	0.000000
Asat_OT3098_v2_chr6C	196000000	198000000	2000000	0	0.000000
Asat_OT3098_v2_chr6C	198000000	200000000	2000000	0	0.000000
Asat_OT3098_v2_chr6C	200000000	202000000	2000000	0	0.000000
Asat_OT3098_v2_chr6C	202000000	204000000	2000000	0	0.000000
Asat_OT3098_v2_chr6C	204000000	206000000	2000000	0	0.000000
Asat_OT3098_v2_chr6C	206000000	208000000	2000000	0	0.000000
Asat_OT3098_v2_chr6C	208000000	210000000	2000000	0	0.000000
Asat_OT3098_v2_chr6C	210000000	212000000	2000000	0	0.000000
Asat_OT3098_v2_chr6C	212000000	214000000	2000000	0	0.000000
Asat_OT3098_v2_chr6C	214000000	216000000	2000000	0	0.000000
Asat_OT3098_v2_chr6C	216000000	218000000	2000000	0	0.000000
Asat_OT3098_v2_chr6C	218000000	220000000	2000000	0	0.000000
Asat_OT3098_v2_chr6C	220000000	222000000	2000000	0	0.000000
Asat_OT3098_v2_chr6C	222000000	224000000	2000000	0	0.000000
Asat_OT3098_v2_chr6C	224000000	226000000	2000000	0	0.000000
Asat_OT3098_v2_chr6C	226000000	228000000	2000000	0	0.000000
Asat_OT3098_v2_chr6C	228000000	230000000	2000000	0	0.000000
Asat_OT3098_v2_chr6C	230000000	232000000	2000000	0	0.000000
Asat_OT3098_v2_chr6C	232000000	234000000	2000000	0	0.000000
Asat_OT3098_v2_chr6C	234000000	236000000	2000000	0	0.000000
Asat_OT3098_v2_chr6C	236000000	238000000	2000000	0	0.000000
Asat_OT3098_v2_chr6C	238000000	240000000	2000000	0	0.000000
Asat_OT3098_v2_chr6C	240000000	242000000	2000000	0	0.000000
Asat_OT3098_v2_chr6C	242000000	244000000	2000000	0	0.000000
Asat_OT3098_v2_chr6C	244000000	246000000	2000000	0	0.000000
Asat_OT3098_v2_chr6C	246000000	248000000	2000000	0	0.000000
Asat_OT3098_v2_chr6C	248000000	250000000	2000000	0	0.000000
Asat_OT3098_v2_chr6C	250000000	252000000	2000000	0	0.000000
Asat_OT3098_v2_chr6C	252000000	254000000	2000000	0	0.000000
Asat_OT3098_v2_chr6C	254000000	256000000	2000000	0	0.000000
Asat_OT3098_v2_chr6C	256000000	258000000	2000000	0	0.000000
Asat_OT3098_v2_chr6C	258000000	260000000	2000000	0	0.000000
Asat_OT3098_v2_chr6C	260000000	262000000	2000000	0	0.000000
Asat_OT3098_v2_chr6C	262000000	264000000	2000000	0	0.000000
Asat_OT3098_v2_chr6C	264000000	266000000	2000000	0	0.000000
Asat_OT3098_v2_chr6C	266000000	268000000	2000000	0	0.000000
Asat_OT3098_v2_chr6C	268000000	270000000	2000000	0	0.000000
Asat_OT3098_v2_chr6C	270000000	272000000	2000000	0	0.000000
Asat_OT3098_v2_chr6C	272000000	274000000	2000000	0	0.000000
Asat_OT3098_v2_chr6C	274000000	276000000	2000000	0	0.000000
Asat_OT3098_v2_chr6C	276000000	278000000	2000000	0	0.000000
Asat_OT3098_v2_chr6C	278000000	280000000	2000000	0	0.000000
Asat_OT3098_v2_chr6C	280000000	282000000	2000000	0	0.000000
Asat_OT3098_v2_chr6C	282000000	284000000	2000000	0	0.000000
Asat_OT3098_v2_chr6C	284000000	286000000	2000000	0	0.000000
Asat_OT3098_v2_chr6C	286000000	288000000	2000000	0	0.000000
Asat_OT3098_v2_chr6C	288000000	290000000	2000000	0	0.000000
Asat_OT3098_v2_chr6C	290000000	292000000	2000000	0	0.000000
Asat_OT3098_v2_chr6C	292000000	294000000	2000000	0	0.000000
Asat_OT3098_v2_chr6C	294000000	296000000	2000000	0	0.000000
Asat_OT3098_v2_chr6C	296000000	298000000	2000000	0	0.000000
Asat_OT3098_v2_chr6C	298000000	300000000	2000000	0	0.000000
Asat_OT3098_v2_chr6C	300000000	302000000	2000000	0	0.000000
Asat_OT3098_v2_chr6C	302000000	304000000	2000000	0	0.000000
Asat_OT3098_v2_chr6C	304000000	306000000	2000000	0	0.000000
Asat_OT3098_v2_chr6C	306000000	308000000	2000000	0	0.000000
Asat_OT3098_v2_chr6C	308000000	310000000	2000000	0	0.000000
Asat_OT3098_v2_chr6C	310000000	312000000	2000000	0	0.000000
Asat_OT3098_v2_chr6C	312000000	314000000	2000000	0	0.000000
Asat_OT3098_v2_chr6C	314000000	316000000	2000000	0	0.000000
Asat_OT3098_v2_chr6C	316000000	318000000	2000000	0	0.000000
Asat_OT3098_v2_chr6C	318000000	320000000	2000000	0	0.000000
Asat_OT3098_v2_chr6C	320000000	322000000	2000000	0	0.000000
Asat_OT3098_v2_chr6C	322000000	324000000	2000000	0	0.000000
Asat_OT3098_v2_chr6C	324000000	326000000	2000000	0	0.000000
Asat_OT3098_v2_chr6C	326000000	328000000	2000000	0	0.000000
Asat_OT3098_v2_chr6C	328000000	330000000	2000000	0	0.000000
Asat_OT3098_v2_chr6C	330000000	332000000	2000000	0	0.000000
Asat_OT3098_v2_chr6C	332000000	334000000	2000000	0	0.000000
Asat_OT3098_v2_chr6C	334000000	336000000	2000000	0	0.000000
Asat_OT3098_v2_chr6C	336000000	338000000	2000000	0	0.000000
Asat_OT3098_v2_chr6C	338000000	340000000	2000000	0	0.000000
Asat_OT3098_v2_chr6C	340000000	342000000	2000000	0	0.000000
Asat_OT3098_v2_chr6C	342000000	344000000	2000000	0	0.000000
Asat_OT3098_v2_chr6C	344000000	346000000	2000000	0	0.000000
Asat_OT3098_v2_chr6C	346000000	348000000	2000000	0	0.000000
Asat_OT3098_v2_chr6C	348000000	350000000	2000000	0	0.000000
Asat_OT3098_v2_chr6C	350000000	352000000	2000000	0	0.000000
Asat_OT3098_v2_chr6C	352000000	354000000	2000000	0	0.000000
Asat_OT3098_v2_chr6C	354000000	356000000	2000000	0	0.000000
Asat_OT3098_v2_chr6C	356000000	358000000	2000000	0	0.000000
Asat_OT3098_v2_chr6C	358000000	360000000	2000000	0	0.000000
Asat_OT3098_v2_chr6C	360000000	362000000	2000000	0	0.000000
Asat_OT3098_v2_chr6C	362000000	364000000	2000000	0	0.000000
Asat_OT3098_v2_chr6C	364000000	366000000	2000000	0	0.000000
Asat_OT3098_v2_chr6C	366000000	368000000	2000000	0	0.000000
Asat_OT3098_v2_chr6C	368000000	370000000	2000000	0	0.000000
Asat_OT3098_v2_chr6C	370000000	372000000	2000000	0	0.000000
Asat_OT3098_v2_chr6C	372000000	374000000	2000000	0	0.000000
Asat_OT3098_v2_chr6C	374000000	376000000	2000000	0	0.000000
Asat_OT3098_v2_chr6C	376000000	378000000	2000000	0	0.000000
Asat_OT3098_v2_chr6C	378000000	380000000	2000000	0	0.000000
Asat_OT3098_v2_chr6C	380000000	382000000	2000000	0	0.000000
Asat_OT3098_v2_chr6C	382000000	384000000	2000000	0	0.000000
Asat_OT3098_v2_chr6C	384000000	386000000	2000000	0	0.000000
Asat_OT3098_v2_chr6C	386000000	388000000	2000000	0	0.000000
Asat_OT3098_v2_chr6C	388000000	390000000	2000000	0	0.000000
Asat_OT3098_v2_chr6C	390000000	392000000	2000000	0	0.000000
Asat_OT3098_v2_chr6C	392000000	394000000	2000000	0	0.000000
Asat_OT3098_v2_chr6C	394000000	396000000	2000000	0	0.000000
Asat_OT3098_v2_chr6C	396000000	398000000	2000000	0	0.000000
Asat_OT3098_v2_chr6C	398000000	400000000	2000000	0	0.000000
Asat_OT3098_v2_chr6C	400000000	402000000	2000000	0	0.000000
Asat_OT3098_v2_chr6C	402000000	404000000	2000000	0	0.000000
Asat_OT3098_v2_chr6C	404000000	406000000	2000000	0	0.000000
Asat_OT3098_v2_chr6C	406000000	408000000	2000000	0	0.000000
Asat_OT3098_v2_chr6C	408000000	410000000	2000000	0	0.000000
Asat_OT3098_v2_chr6C	410000000	412000000	2000000	0	0.000000
Asat_OT3098_v2_chr6C	412000000	414000000	2000000	0	0.000000
Asat_OT3098_v2_chr6C	414000000	416000000	2000000	0	0.000000
Asat_OT3098_v2_chr6C	416000000	418000000	2000000	0	0.000000
Asat_OT3098_v2_chr6C	418000000	420000000	2000000	0	0.000000
Asat_OT3098_v2_chr6C	420000000	422000000	2000000	0	0.000000
Asat_OT3098_v2_chr6C	422000000	424000000	2000000	0	0.000000
Asat_OT3098_v2_chr6C	424000000	426000000	2000000	0	0.000000
Asat_OT3098_v2_chr6C	426000000	428000000	2000000	0	0.000000
Asat_OT3098_v2_chr6C	428000000	430000000	2000000	0	0.000000
Asat_OT3098_v2_chr6C	430000000	432000000	2000000	0	0.000000
Asat_OT3098_v2_chr6C	432000000	434000000	2000000	0	0.000000
Asat_OT3098_v2_chr6C	434000000	436000000	2000000	0	0.000000
Asat_OT3098_v2_chr6C	436000000	438000000	2000000	0	0.000000
Asat_OT3098_v2_chr6C	438000000	440000000	2000000	0	0.000000
Asat_OT3098_v2_chr6C	440000000	442000000	2000000	0	0.000000
Asat_OT3098_v2_chr6C	442000000	444000000	2000000	0	0.000000
Asat_OT3098_v2_chr6C	444000000	446000000	2000000	0	0.000000
Asat_OT3098_v2_chr6C	446000000	448000000	2000000	0	0.000000
Asat_OT3098_v2_chr6C	448000000	450000000	2000000	0	0.000000
Asat_OT3098_v2_chr6C	450000000	452000000	2000000	0	0.000000
Asat_OT3098_v2_chr6C	452000000	454000000	2000000	0	0.000000
Asat_OT3098_v2_chr6C	454000000	456000000	2000000	0	0.000000
Asat_OT3098_v2_chr6C	456000000	458000000	2000000	0	0.000000
Asat_OT3098_v2_chr6C	458000000	460000000	2000000	0	0.000000
Asat_OT3098_v2_chr6C	460000000	462000000	2000000	0	0.000000
Asat_OT3098_v2_chr6C	462000000	464000000	2000000	0	0.000000
Asat_OT3098_v2_chr6C	464000000	466000000	2000000	0	0.000000
Asat_OT3098_v2_chr6C	466000000	468000000	2000000	0	0.000000
Asat_OT3098_v2_chr6C	468000000	470000000	2000000	0	0.000000
Asat_OT3098_v2_chr6C	470000000	472000000	2000000	0	0.000000
Asat_OT3098_v2_chr6C	472000000	474000000	2000000	0	0.000000
Asat_OT3098_v2_chr6C	474000000	476000000	2000000	0	0.000000
Asat_OT3098_v2_chr6C	476000000	478000000	2000000	0	0.000000
Asat_OT3098_v2_chr6C	478000000	480000000	2000000	0	0.000000
Asat_OT3098_v2_chr6C	480000000	482000000	2000000	0	0.000000
Asat_OT3098_v2_chr6C	482000000	484000000	2000000	0	0.000000
Asat_OT3098_v2_chr6C	484000000	486000000	2000000	0	0.000000
Asat_OT3098_v2_chr6C	486000000	488000000	2000000	0	0.000000
Asat_OT3098_v2_chr6C	488000000	490000000	2000000	0	0.000000
Asat_OT3098_v2_chr6C	490000000	492000000	2000000	0	0.000000
Asat_OT3098_v2_chr6C	492000000	494000000	2000000	0	0.000000
Asat_OT3098_v2_chr6C	494000000	496000000	2000000	0	0.000000
Asat_OT3098_v2_chr6C	496000000	498000000	2000000	0	0.000000
Asat_OT3098_v2_chr6C	498000000	500000000	2000000	0	0.000000
Asat_OT3098_v2_chr6C	500000000	502000000	2000000	0	0.000000
Asat_OT3098_v2_chr6C	502000000	504000000	2000000	0	0.000000
Asat_OT3098_v2_chr6C	504000000	506000000	2000000	0	0.000000
Asat_OT3098_v2_chr6C	506000000	508000000	2000000	0	0.000000
Asat_OT3098_v2_chr6C	508000000	510000000	2000000	0	0.000000
Asat_OT3098_v2_chr6C	510000000	512000000	2000000	0	0.000000
Asat_OT3098_v2_chr6C	512000000	514000000	2000000	0	0.000000
Asat_OT3098_v2_chr6C	514000000	516000000	2000000	0	0.000000
Asat_OT3098_v2_chr6C	516000000	518000000	2000000	0	0.000000
Asat_OT3098_v2_chr6C	518000000	520000000	2000000	0	0.000000
Asat_OT3098_v2_chr6C	520000000	522000000	2000000	0	0.000000
Asat_OT3098_v2_chr6C	522000000	524000000	2000000	0	0.000000
Asat_OT3098_v2_chr6C	524000000	526000000	2000000	0	0.000000
Asat_OT3098_v2_chr6C	526000000	528000000	2000000	0	0.000000
Asat_OT3098_v2_chr6C	528000000	530000000	2000000	0	0.000000
Asat_OT3098_v2_chr6C	530000000	532000000	2000000	0	0.000000
Asat_OT3098_v2_chr6C	532000000	534000000	2000000	0	0.000000
Asat_OT3098_v2_chr6C	534000000	536000000	2000000	0	0.000000
Asat_OT3098_v2_chr6C	536000000	538000000	2000000	0	0.000000
Asat_OT3098_v2_chr6C	538000000	540000000	2000000	0	0.000000
Asat_OT3098_v2_chr6C	540000000	542000000	2000000	0	0.000000
Asat_OT3098_v2_chr6C	542000000	544000000	2000000	0	0.000000
Asat_OT3098_v2_chr6C	544000000	546000000	2000000	0	0.000000
Asat_OT3098_v2_chr6C	546000000	548000000	2000000	0	0.000000
Asat_OT3098_v2_chr6C	548000000	550000000	2000000	0	0.000000
Asat_OT3098_v2_chr6C	550000000	552000000	2000000	0	0.000000
Asat_OT3098_v2_chr6C	552000000	554000000	2000000	0	0.000000
Asat_OT3098_v2_chr6C	554000000	556000000	2000000	0	0.000000
Asat_OT3098_v2_chr6C	556000000	558000000	2000000	0	0.000000
Asat_OT3098_v2_chr6C	558000000	560000000	2000000	0	0.000000
Asat_OT3098_v2_chr6C	560000000	562000000	2000000	0	0.000000
Asat_OT3098_v2_chr6C	562000000	564000000	2000000	0	0.000000
Asat_OT3098_v2_chr6C	564000000	566000000	2000000	0	0.000000
Asat_OT3098_v2_chr6C	566000000	568000000	2000000	0	0.000000
Asat_OT3098_v2_chr6C	568000000	570000000	2000000	0	0.000000
Asat_OT3098_v2_chr6C	570000000	572000000	2000000	0	0.000000
Asat_OT3098_v2_chr6C	572000000	574000000	2000000	0	0.000000
Asat_OT3098_v2_chr6C	574000000	576000000	2000000	0	0.000000
Asat_OT3098_v2_chr6C	576000000	578000000	2000000	0	0.000000
Asat_OT3098_v2_chr6C	578000000	580000000	2000000	0	0.000000
Asat_OT3098_v2_chr6C	580000000	582000000	2000000	0	0.000000
Asat_OT3098_v2_chr6C	582000000	584000000	2000000	0	0.000000
Asat_OT3098_v2_chr6C	584000000	586000000	2000000	0	0.000000
Asat_OT3098_v2_chr6C	586000000	588000000	2000000	0	0.000000
Asat_OT3098_v2_chr6C	588000000	590000000	2000000	0	0.000000
Asat_OT3098_v2_chr6C	590000000	592000000	2000000	0	0.000000
Asat_OT3098_v2_chr6C	592000000	594000000	2000000	0	0.000000
Asat_OT3098_v2_chr6C	594000000	596000000	2000000	0	0.000000
Asat_OT3098_v2_chr6C	596000000	598000000	2000000	0	0.000000
Asat_OT3098_v2_chr6C	598000000	600000000	2000000	0	0.000000
Asat_OT3098_v2_chr6C	600000000	602000000	2000000	0	0.000000
Asat_OT3098_v2_chr6C	602000000	604000000	2000000	0	0.000000
Asat_OT3098_v2_chr6C	604000000	606000000	2000000	0	0.000000
Asat_OT3098_v2_chr6C	606000000	608000000	2000000	0	0.000000
Asat_OT3098_v2_chr6C	608000000	610000000	2000000	0	0.000000
Asat_OT3098_v2_chr6C	610000000	612000000	2000000	0	0.000000
Asat_OT3098_v2_chr6C	612000000	614000000	2000000	0	0.000000
Asat_OT3098_v2_chr6C	614000000	616000000	2000000	0	0.000000
Asat_OT3098_v2_chr6C	616000000	618000000	2000000	0	0.000000
Asat_OT3098_v2_chr6C	618000000	620000000	2000000	0	0.000000
Asat_OT3098_v2_chr6C	620000000	622000000	2000000	0	0.000000
Asat_OT3098_v2_chr6C	622000000	624000000	2000000	0	0.000000
Asat_OT3098_v2_chr6C	624000000	626000000	2000000	0	0.000000
Asat_OT3098_v2_chr6C	626000000	626220839	220839	0	0.000000
Asat_OT3098_v2_chr6D	0	2000000	2000000	0	0.000000
Asat_OT3098_v2_chr6D	2000000	4000000	2000000	0	0.000000
Asat_OT3098_v2_chr6D	4000000	6000000	2000000	0	0.000000
Asat_OT3098_v2_chr6D	6000000	8000000	2000000	0	0.000000
Asat_OT3098_v2_chr6D	8000000	10000000	2000000	0	0.000000
Asat_OT3098_v2_chr6D	10000000	12000000	2000000	0	0.000000
Asat_OT3098_v2_chr6D	12000000	14000000	2000000	0	0.000000
Asat_OT3098_v2_chr6D	14000000	16000000	2000000	0	0.000000
Asat_OT3098_v2_chr6D	16000000	18000000	2000000	0	0.000000
Asat_OT3098_v2_chr6D	18000000	20000000	2000000	0	0.000000
Asat_OT3098_v2_chr6D	20000000	22000000	2000000	0	0.000000
Asat_OT3098_v2_chr6D	22000000	24000000	2000000	0	0.000000
Asat_OT3098_v2_chr6D	24000000	26000000	2000000	0	0.000000
Asat_OT3098_v2_chr6D	26000000	28000000	2000000	0	0.000000
Asat_OT3098_v2_chr6D	28000000	30000000	2000000	0	0.000000
Asat_OT3098_v2_chr6D	30000000	32000000	2000000	0	0.000000
Asat_OT3098_v2_chr6D	32000000	34000000	2000000	0	0.000000
Asat_OT3098_v2_chr6D	34000000	36000000	2000000	0	0.000000
Asat_OT3098_v2_chr6D	36000000	38000000	2000000	0	0.000000
Asat_OT3098_v2_chr6D	38000000	40000000	2000000	0	0.000000
Asat_OT3098_v2_chr6D	40000000	42000000	2000000	0	0.000000
Asat_OT3098_v2_chr6D	42000000	44000000	2000000	0	0.000000
Asat_OT3098_v2_chr6D	44000000	46000000	2000000	0	0.000000
Asat_OT3098_v2_chr6D	46000000	48000000	2000000	0	0.000000
Asat_OT3098_v2_chr6D	48000000	50000000	2000000	0	0.000000
Asat_OT3098_v2_chr6D	50000000	52000000	2000000	0	0.000000
Asat_OT3098_v2_chr6D	52000000	54000000	2000000	0	0.000000
Asat_OT3098_v2_chr6D	54000000	56000000	2000000	0	0.000000
Asat_OT3098_v2_chr6D	56000000	58000000	2000000	0	0.000000
Asat_OT3098_v2_chr6D	58000000	60000000	2000000	0	0.000000
Asat_OT3098_v2_chr6D	60000000	62000000	2000000	0	0.000000
Asat_OT3098_v2_chr6D	62000000	64000000	2000000	0	0.000000
Asat_OT3098_v2_chr6D	64000000	66000000	2000000	0	0.000000
Asat_OT3098_v2_chr6D	66000000	68000000	2000000	0	0.000000
Asat_OT3098_v2_chr6D	68000000	70000000	2000000	0	0.000000
Asat_OT3098_v2_chr6D	70000000	72000000	2000000	0	0.000000
Asat_OT3098_v2_chr6D	72000000	74000000	2000000	0	0.000000
Asat_OT3098_v2_chr6D	74000000	76000000	2000000	0	0.000000
Asat_OT3098_v2_chr6D	76000000	78000000	2000000	0	0.000000
Asat_OT3098_v2_chr6D	78000000	80000000	2000000	0	0.000000
Asat_OT3098_v2_chr6D	80000000	82000000	2000000	0	0.000000
Asat_OT3098_v2_chr6D	82000000	84000000	2000000	0	0.000000
Asat_OT3098_v2_chr6D	84000000	86000000	2000000	0	0.000000
Asat_OT3098_v2_chr6D	86000000	88000000	2000000	0	0.000000
Asat_OT3098_v2_chr6D	88000000	90000000	2000000	0	0.000000
Asat_OT3098_v2_chr6D	90000000	92000000	2000000	0	0.000000
Asat_OT3098_v2_chr6D	92000000	94000000	2000000	0	0.000000
Asat_OT3098_v2_chr6D	94000000	96000000	2000000	0	0.000000
Asat_OT3098_v2_chr6D	96000000	98000000	2000000	0	0.000000
Asat_OT3098_v2_chr6D	98000000	100000000	2000000	0	0.000000
Asat_OT3098_v2_chr6D	100000000	102000000	2000000	0	0.000000
Asat_OT3098_v2_chr6D	102000000	104000000	2000000	0	0.000000
Asat_OT3098_v2_chr6D	104000000	106000000	2000000	0	0.000000
Asat_OT3098_v2_chr6D	106000000	108000000	2000000	0	0.000000
Asat_OT3098_v2_chr6D	108000000	110000000	2000000	0	0.000000
Asat_OT3098_v2_chr6D	110000000	112000000	2000000	0	0.000000
Asat_OT3098_v2_chr6D	112000000	114000000	2000000	0	0.000000
Asat_OT3098_v2_chr6D	114000000	116000000	2000000	0	0.000000
Asat_OT3098_v2_chr6D	116000000	118000000	2000000	0	0.000000
Asat_OT3098_v2_chr6D	118000000	120000000	2000000	0	0.000000
Asat_OT3098_v2_chr6D	120000000	122000000	2000000	0	0.000000
Asat_OT3098_v2_chr6D	122000000	124000000	2000000	0	0.000000
Asat_OT3098_v2_chr6D	124000000	126000000	2000000	0	0.000000
Asat_OT3098_v2_chr6D	126000000	128000000	2000000	0	0.000000
Asat_OT3098_v2_chr6D	128000000	130000000	2000000	0	0.000000
Asat_OT3098_v2_chr6D	130000000	132000000	2000000	0	0.000000
Asat_OT3098_v2_chr6D	132000000	134000000	2000000	0	0.000000
Asat_OT3098_v2_chr6D	134000000	136000000	2000000	0	0.000000
Asat_OT3098_v2_chr6D	136000000	138000000	2000000	0	0.000000
Asat_OT3098_v2_chr6D	138000000	140000000	2000000	0	0.000000
Asat_OT3098_v2_chr6D	140000000	142000000	2000000	0	0.000000
Asat_OT3098_v2_chr6D	142000000	144000000	2000000	0	0.000000
Asat_OT3098_v2_chr6D	144000000	146000000	2000000	0	0.000000
Asat_OT3098_v2_chr6D	146000000	148000000	2000000	0	0.000000
Asat_OT3098_v2_chr6D	148000000	150000000	2000000	0	0.000000
Asat_OT3098_v2_chr6D	150000000	152000000	2000000	0	0.000000
Asat_OT3098_v2_chr6D	152000000	154000000	2000000	0	0.000000
Asat_OT3098_v2_chr6D	154000000	156000000	2000000	0	0.000000
Asat_OT3098_v2_chr6D	156000000	158000000	2000000	0	0.000000
Asat_OT3098_v2_chr6D	158000000	160000000	2000000	0	0.000000
Asat_OT3098_v2_chr6D	160000000	162000000	2000000	0	0.000000
Asat_OT3098_v2_chr6D	162000000	164000000	2000000	0	0.000000
Asat_OT3098_v2_chr6D	164000000	166000000	2000000	0	0.000000
Asat_OT3098_v2_chr6D	166000000	168000000	2000000	0	0.000000
Asat_OT3098_v2_chr6D	168000000	170000000	2000000	0	0.000000
Asat_OT3098_v2_chr6D	170000000	172000000	2000000	0	0.000000
Asat_OT3098_v2_chr6D	172000000	174000000	2000000	0	0.000000
Asat_OT3098_v2_chr6D	174000000	176000000	2000000	0	0.000000
Asat_OT3098_v2_chr6D	176000000	178000000	2000000	0	0.000000
Asat_OT3098_v2_chr6D	178000000	180000000	2000000	0	0.000000
Asat_OT3098_v2_chr6D	180000000	182000000	2000000	0	0.000000
Asat_OT3098_v2_chr6D	182000000	184000000	2000000	0	0.000000
Asat_OT3098_v2_chr6D	184000000	186000000	2000000	0	0.000000
Asat_OT3098_v2_chr6D	186000000	188000000	2000000	0	0.000000
Asat_OT3098_v2_chr6D	188000000	190000000	2000000	0	0.000000
Asat_OT3098_v2_chr6D	190000000	192000000	2000000	0	0.000000
Asat_OT3098_v2_chr6D	192000000	194000000	2000000	0	0.000000
Asat_OT3098_v2_chr6D	194000000	196000000	2000000	0	0.000000
Asat_OT3098_v2_chr6D	196000000	198000000	2000000	0	0.000000
Asat_OT3098_v2_chr6D	198000000	200000000	2000000	0	0.000000
Asat_OT3098_v2_chr6D	200000000	202000000	2000000	0	0.000000
Asat_OT3098_v2_chr6D	202000000	204000000	2000000	0	0.000000
Asat_OT3098_v2_chr6D	204000000	206000000	2000000	0	0.000000
Asat_OT3098_v2_chr6D	206000000	208000000	2000000	0	0.000000
Asat_OT3098_v2_chr6D	208000000	210000000	2000000	0	0.000000
Asat_OT3098_v2_chr6D	210000000	212000000	2000000	0	0.000000
Asat_OT3098_v2_chr6D	212000000	214000000	2000000	0	0.000000
Asat_OT3098_v2_chr6D	214000000	216000000	2000000	0	0.000000
Asat_OT3098_v2_chr6D	216000000	218000000	2000000	0	0.000000
Asat_OT3098_v2_chr6D	218000000	220000000	2000000	0	0.000000
Asat_OT3098_v2_chr6D	220000000	222000000	2000000	0	0.000000
Asat_OT3098_v2_chr6D	222000000	224000000	2000000	0	0.000000
Asat_OT3098_v2_chr6D	224000000	226000000	2000000	0	0.000000
Asat_OT3098_v2_chr6D	226000000	228000000	2000000	0	0.000000
Asat_OT3098_v2_chr6D	228000000	230000000	2000000	0	0.000000
Asat_OT3098_v2_chr6D	230000000	232000000	2000000	0	0.000000
Asat_OT3098_v2_chr6D	232000000	234000000	2000000	0	0.000000
Asat_OT3098_v2_chr6D	234000000	236000000	2000000	0	0.000000
Asat_OT3098_v2_chr6D	236000000	238000000	2000000	0	0.000000
Asat_OT3098_v2_chr6D	238000000	240000000	2000000	0	0.000000
Asat_OT3098_v2_chr6D	240000000	242000000	2000000	0	0.000000
Asat_OT3098_v2_chr6D	242000000	244000000	2000000	0	0.000000
Asat_OT3098_v2_chr6D	244000000	246000000	2000000	0	0.000000
Asat_OT3098_v2_chr6D	246000000	248000000	2000000	0	0.000000
Asat_OT3098_v2_chr6D	248000000	250000000	2000000	0	0.000000
Asat_OT3098_v2_chr6D	250000000	252000000	2000000	0	0.000000
Asat_OT3098_v2_chr6D	252000000	254000000	2000000	0	0.000000
Asat_OT3098_v2_chr6D	254000000	256000000	2000000	0	0.000000
Asat_OT3098_v2_chr6D	256000000	258000000	2000000	0	0.000000
Asat_OT3098_v2_chr6D	258000000	260000000	2000000	0	0.000000
Asat_OT3098_v2_chr6D	260000000	262000000	2000000	0	0.000000
Asat_OT3098_v2_chr6D	262000000	264000000	2000000	0	0.000000
Asat_OT3098_v2_chr6D	264000000	266000000	2000000	0	0.000000
Asat_OT3098_v2_chr6D	266000000	268000000	2000000	0	0.000000
Asat_OT3098_v2_chr6D	268000000	270000000	2000000	0	0.000000
Asat_OT3098_v2_chr6D	270000000	272000000	2000000	0	0.000000
Asat_OT3098_v2_chr6D	272000000	274000000	2000000	0	0.000000
Asat_OT3098_v2_chr6D	274000000	276000000	2000000	0	0.000000
Asat_OT3098_v2_chr6D	276000000	278000000	2000000	0	0.000000
Asat_OT3098_v2_chr6D	278000000	280000000	2000000	0	0.000000
Asat_OT3098_v2_chr6D	280000000	282000000	2000000	0	0.000000
Asat_OT3098_v2_chr6D	282000000	284000000	2000000	0	0.000000
Asat_OT3098_v2_chr6D	284000000	286000000	2000000	0	0.000000
Asat_OT3098_v2_chr6D	286000000	288000000	2000000	0	0.000000
Asat_OT3098_v2_chr6D	288000000	290000000	2000000	0	0.000000
Asat_OT3098_v2_chr6D	290000000	292000000	2000000	0	0.000000
Asat_OT3098_v2_chr6D	292000000	294000000	2000000	0	0.000000
Asat_OT3098_v2_chr6D	294000000	296000000	2000000	0	0.000000
Asat_OT3098_v2_chr6D	296000000	298000000	2000000	0	0.000000
Asat_OT3098_v2_chr6D	298000000	298028472	28472	0	0.000000
Asat_OT3098_v2_chr7A	0	2000000	2000000	0	0.000000
Asat_OT3098_v2_chr7A	2000000	4000000	2000000	0	0.000000
Asat_OT3098_v2_chr7A	4000000	6000000	2000000	0	0.000000
Asat_OT3098_v2_chr7A	6000000	8000000	2000000	0	0.000000
Asat_OT3098_v2_chr7A	8000000	10000000	2000000	0	0.000000
Asat_OT3098_v2_chr7A	10000000	12000000	2000000	0	0.000000
Asat_OT3098_v2_chr7A	12000000	14000000	2000000	0	0.000000
Asat_OT3098_v2_chr7A	14000000	16000000	2000000	0	0.000000
Asat_OT3098_v2_chr7A	16000000	18000000	2000000	0	0.000000
Asat_OT3098_v2_chr7A	18000000	20000000	2000000	0	0.000000
Asat_OT3098_v2_chr7A	20000000	22000000	2000000	0	0.000000
Asat_OT3098_v2_chr7A	22000000	24000000	2000000	0	0.000000
Asat_OT3098_v2_chr7A	24000000	26000000	2000000	0	0.000000
Asat_OT3098_v2_chr7A	26000000	28000000	2000000	0	0.000000
Asat_OT3098_v2_chr7A	28000000	30000000	2000000	0	0.000000
Asat_OT3098_v2_chr7A	30000000	32000000	2000000	0	0.000000
Asat_OT3098_v2_chr7A	32000000	34000000	2000000	0	0.000000
Asat_OT3098_v2_chr7A	34000000	36000000	2000000	0	0.000000
Asat_OT3098_v2_chr7A	36000000	38000000	2000000	0	0.000000
Asat_OT3098_v2_chr7A	38000000	40000000	2000000	0	0.000000
Asat_OT3098_v2_chr7A	40000000	42000000	2000000	0	0.000000
Asat_OT3098_v2_chr7A	42000000	44000000	2000000	0	0.000000
Asat_OT3098_v2_chr7A	44000000	46000000	2000000	0	0.000000
Asat_OT3098_v2_chr7A	46000000	48000000	2000000	0	0.000000
Asat_OT3098_v2_chr7A	48000000	50000000	2000000	0	0.000000
Asat_OT3098_v2_chr7A	50000000	52000000	2000000	0	0.000000
Asat_OT3098_v2_chr7A	52000000	54000000	2000000	0	0.000000
Asat_OT3098_v2_chr7A	54000000	56000000	2000000	0	0.000000
Asat_OT3098_v2_chr7A	56000000	58000000	2000000	0	0.000000
Asat_OT3098_v2_chr7A	58000000	60000000	2000000	0	0.000000
Asat_OT3098_v2_chr7A	60000000	62000000	2000000	0	0.000000
Asat_OT3098_v2_chr7A	62000000	64000000	2000000	0	0.000000
Asat_OT3098_v2_chr7A	64000000	66000000	2000000	0	0.000000
Asat_OT3098_v2_chr7A	66000000	68000000	2000000	0	0.000000
Asat_OT3098_v2_chr7A	68000000	70000000	2000000	0	0.000000
Asat_OT3098_v2_chr7A	70000000	72000000	2000000	0	0.000000
Asat_OT3098_v2_chr7A	72000000	74000000	2000000	0	0.000000
Asat_OT3098_v2_chr7A	74000000	76000000	2000000	0	0.000000
Asat_OT3098_v2_chr7A	76000000	78000000	2000000	0	0.000000
Asat_OT3098_v2_chr7A	78000000	80000000	2000000	0	0.000000
Asat_OT3098_v2_chr7A	80000000	82000000	2000000	0	0.000000
Asat_OT3098_v2_chr7A	82000000	84000000	2000000	0	0.000000
Asat_OT3098_v2_chr7A	84000000	86000000	2000000	0	0.000000
Asat_OT3098_v2_chr7A	86000000	88000000	2000000	0	0.000000
Asat_OT3098_v2_chr7A	88000000	90000000	2000000	0	0.000000
Asat_OT3098_v2_chr7A	90000000	92000000	2000000	0	0.000000
Asat_OT3098_v2_chr7A	92000000	94000000	2000000	0	0.000000
Asat_OT3098_v2_chr7A	94000000	96000000	2000000	0	0.000000
Asat_OT3098_v2_chr7A	96000000	98000000	2000000	0	0.000000
Asat_OT3098_v2_chr7A	98000000	100000000	2000000	0	0.000000
Asat_OT3098_v2_chr7A	100000000	102000000	2000000	0	0.000000
Asat_OT3098_v2_chr7A	102000000	104000000	2000000	0	0.000000
Asat_OT3098_v2_chr7A	104000000	106000000	2000000	0	0.000000
Asat_OT3098_v2_chr7A	106000000	108000000	2000000	0	0.000000
Asat_OT3098_v2_chr7A	108000000	110000000	2000000	0	0.000000
Asat_OT3098_v2_chr7A	110000000	112000000	2000000	0	0.000000
Asat_OT3098_v2_chr7A	112000000	114000000	2000000	0	0.000000
Asat_OT3098_v2_chr7A	114000000	116000000	2000000	0	0.000000
Asat_OT3098_v2_chr7A	116000000	118000000	2000000	0	0.000000
Asat_OT3098_v2_chr7A	118000000	120000000	2000000	0	0.000000
Asat_OT3098_v2_chr7A	120000000	122000000	2000000	0	0.000000
Asat_OT3098_v2_chr7A	122000000	124000000	2000000	0	0.000000
Asat_OT3098_v2_chr7A	124000000	126000000	2000000	0	0.000000
Asat_OT3098_v2_chr7A	126000000	128000000	2000000	0	0.000000
Asat_OT3098_v2_chr7A	128000000	130000000	2000000	0	0.000000
Asat_OT3098_v2_chr7A	130000000	132000000	2000000	0	0.000000
Asat_OT3098_v2_chr7A	132000000	134000000	2000000	0	0.000000
Asat_OT3098_v2_chr7A	134000000	136000000	2000000	0	0.000000
Asat_OT3098_v2_chr7A	136000000	138000000	2000000	0	0.000000
Asat_OT3098_v2_chr7A	138000000	140000000	2000000	0	0.000000
Asat_OT3098_v2_chr7A	140000000	142000000	2000000	0	0.000000
Asat_OT3098_v2_chr7A	142000000	144000000	2000000	0	0.000000
Asat_OT3098_v2_chr7A	144000000	146000000	2000000	0	0.000000
Asat_OT3098_v2_chr7A	146000000	148000000	2000000	0	0.000000
Asat_OT3098_v2_chr7A	148000000	150000000	2000000	0	0.000000
Asat_OT3098_v2_chr7A	150000000	152000000	2000000	0	0.000000
Asat_OT3098_v2_chr7A	152000000	154000000	2000000	0	0.000000
Asat_OT3098_v2_chr7A	154000000	156000000	2000000	0	0.000000
Asat_OT3098_v2_chr7A	156000000	158000000	2000000	0	0.000000
Asat_OT3098_v2_chr7A	158000000	160000000	2000000	0	0.000000
Asat_OT3098_v2_chr7A	160000000	162000000	2000000	0	0.000000
Asat_OT3098_v2_chr7A	162000000	164000000	2000000	0	0.000000
Asat_OT3098_v2_chr7A	164000000	166000000	2000000	0	0.000000
Asat_OT3098_v2_chr7A	166000000	168000000	2000000	0	0.000000
Asat_OT3098_v2_chr7A	168000000	170000000	2000000	0	0.000000
Asat_OT3098_v2_chr7A	170000000	172000000	2000000	0	0.000000
Asat_OT3098_v2_chr7A	172000000	174000000	2000000	0	0.000000
Asat_OT3098_v2_chr7A	174000000	176000000	2000000	0	0.000000
Asat_OT3098_v2_chr7A	176000000	178000000	2000000	0	0.000000
Asat_OT3098_v2_chr7A	178000000	180000000	2000000	0	0.000000
Asat_OT3098_v2_chr7A	180000000	182000000	2000000	0	0.000000
Asat_OT3098_v2_chr7A	182000000	184000000	2000000	0	0.000000
Asat_OT3098_v2_chr7A	184000000	186000000	2000000	0	0.000000
Asat_OT3098_v2_chr7A	186000000	188000000	2000000	0	0.000000
Asat_OT3098_v2_chr7A	188000000	190000000	2000000	0	0.000000
Asat_OT3098_v2_chr7A	190000000	192000000	2000000	0	0.000000
Asat_OT3098_v2_chr7A	192000000	194000000	2000000	0	0.000000
Asat_OT3098_v2_chr7A	194000000	196000000	2000000	0	0.000000
Asat_OT3098_v2_chr7A	196000000	198000000	2000000	0	0.000000
Asat_OT3098_v2_chr7A	198000000	200000000	2000000	0	0.000000
Asat_OT3098_v2_chr7A	200000000	202000000	2000000	0	0.000000
Asat_OT3098_v2_chr7A	202000000	204000000	2000000	0	0.000000
Asat_OT3098_v2_chr7A	204000000	206000000	2000000	0	0.000000
Asat_OT3098_v2_chr7A	206000000	208000000	2000000	0	0.000000
Asat_OT3098_v2_chr7A	208000000	210000000	2000000	0	0.000000
Asat_OT3098_v2_chr7A	210000000	212000000	2000000	0	0.000000
Asat_OT3098_v2_chr7A	212000000	214000000	2000000	0	0.000000
Asat_OT3098_v2_chr7A	214000000	216000000	2000000	0	0.000000
Asat_OT3098_v2_chr7A	216000000	218000000	2000000	0	0.000000
Asat_OT3098_v2_chr7A	218000000	220000000	2000000	0	0.000000
Asat_OT3098_v2_chr7A	220000000	222000000	2000000	0	0.000000
Asat_OT3098_v2_chr7A	222000000	224000000	2000000	0	0.000000
Asat_OT3098_v2_chr7A	224000000	226000000	2000000	0	0.000000
Asat_OT3098_v2_chr7A	226000000	228000000	2000000	0	0.000000
Asat_OT3098_v2_chr7A	228000000	230000000	2000000	0	0.000000
Asat_OT3098_v2_chr7A	230000000	232000000	2000000	0	0.000000
Asat_OT3098_v2_chr7A	232000000	234000000	2000000	0	0.000000
Asat_OT3098_v2_chr7A	234000000	236000000	2000000	0	0.000000
Asat_OT3098_v2_chr7A	236000000	238000000	2000000	0	0.000000
Asat_OT3098_v2_chr7A	238000000	240000000	2000000	0	0.000000
Asat_OT3098_v2_chr7A	240000000	242000000	2000000	0	0.000000
Asat_OT3098_v2_chr7A	242000000	244000000	2000000	0	0.000000
Asat_OT3098_v2_chr7A	244000000	246000000	2000000	0	0.000000
Asat_OT3098_v2_chr7A	246000000	248000000	2000000	0	0.000000
Asat_OT3098_v2_chr7A	248000000	250000000	2000000	0	0.000000
Asat_OT3098_v2_chr7A	250000000	252000000	2000000	0	0.000000
Asat_OT3098_v2_chr7A	252000000	254000000	2000000	0	0.000000
Asat_OT3098_v2_chr7A	254000000	256000000	2000000	0	0.000000
Asat_OT3098_v2_chr7A	256000000	258000000	2000000	0	0.000000
Asat_OT3098_v2_chr7A	258000000	260000000	2000000	0	0.000000
Asat_OT3098_v2_chr7A	260000000	262000000	2000000	0	0.000000
Asat_OT3098_v2_chr7A	262000000	264000000	2000000	0	0.000000
Asat_OT3098_v2_chr7A	264000000	266000000	2000000	0	0.000000
Asat_OT3098_v2_chr7A	266000000	268000000	2000000	0	0.000000
Asat_OT3098_v2_chr7A	268000000	270000000	2000000	0	0.000000
Asat_OT3098_v2_chr7A	270000000	272000000	2000000	0	0.000000
Asat_OT3098_v2_chr7A	272000000	274000000	2000000	0	0.000000
Asat_OT3098_v2_chr7A	274000000	276000000	2000000	0	0.000000
Asat_OT3098_v2_chr7A	276000000	278000000	2000000	0	0.000000
Asat_OT3098_v2_chr7A	278000000	280000000	2000000	0	0.000000
Asat_OT3098_v2_chr7A	280000000	282000000	2000000	0	0.000000
Asat_OT3098_v2_chr7A	282000000	284000000	2000000	0	0.000000
Asat_OT3098_v2_chr7A	284000000	286000000	2000000	0	0.000000
Asat_OT3098_v2_chr7A	286000000	288000000	2000000	0	0.000000
Asat_OT3098_v2_chr7A	288000000	290000000	2000000	0	0.000000
Asat_OT3098_v2_chr7A	290000000	292000000	2000000	0	0.000000
Asat_OT3098_v2_chr7A	292000000	294000000	2000000	0	0.000000
Asat_OT3098_v2_chr7A	294000000	296000000	2000000	0	0.000000
Asat_OT3098_v2_chr7A	296000000	298000000	2000000	0	0.000000
Asat_OT3098_v2_chr7A	298000000	300000000	2000000	0	0.000000
Asat_OT3098_v2_chr7A	300000000	302000000	2000000	0	0.000000
Asat_OT3098_v2_chr7A	302000000	304000000	2000000	0	0.000000
Asat_OT3098_v2_chr7A	304000000	306000000	2000000	0	0.000000
Asat_OT3098_v2_chr7A	306000000	308000000	2000000	0	0.000000
Asat_OT3098_v2_chr7A	308000000	310000000	2000000	0	0.000000
Asat_OT3098_v2_chr7A	310000000	312000000	2000000	0	0.000000
Asat_OT3098_v2_chr7A	312000000	314000000	2000000	0	0.000000
Asat_OT3098_v2_chr7A	314000000	316000000	2000000	0	0.000000
Asat_OT3098_v2_chr7A	316000000	318000000	2000000	0	0.000000
Asat_OT3098_v2_chr7A	318000000	320000000	2000000	0	0.000000
Asat_OT3098_v2_chr7A	320000000	322000000	2000000	0	0.000000
Asat_OT3098_v2_chr7A	322000000	324000000	2000000	0	0.000000
Asat_OT3098_v2_chr7A	324000000	326000000	2000000	0	0.000000
Asat_OT3098_v2_chr7A	326000000	328000000	2000000	0	0.000000
Asat_OT3098_v2_chr7A	328000000	330000000	2000000	0	0.000000
Asat_OT3098_v2_chr7A	330000000	332000000	2000000	0	0.000000
Asat_OT3098_v2_chr7A	332000000	334000000	2000000	0	0.000000
Asat_OT3098_v2_chr7A	334000000	336000000	2000000	0	0.000000
Asat_OT3098_v2_chr7A	336000000	338000000	2000000	0	0.000000
Asat_OT3098_v2_chr7A	338000000	340000000	2000000	0	0.000000
Asat_OT3098_v2_chr7A	340000000	342000000	2000000	0	0.000000
Asat_OT3098_v2_chr7A	342000000	344000000	2000000	0	0.000000
Asat_OT3098_v2_chr7A	344000000	346000000	2000000	0	0.000000
Asat_OT3098_v2_chr7A	346000000	348000000	2000000	0	0.000000
Asat_OT3098_v2_chr7A	348000000	350000000	2000000	0	0.000000
Asat_OT3098_v2_chr7A	350000000	352000000	2000000	0	0.000000
Asat_OT3098_v2_chr7A	352000000	354000000	2000000	0	0.000000
Asat_OT3098_v2_chr7A	354000000	356000000	2000000	0	0.000000
Asat_OT3098_v2_chr7A	356000000	358000000	2000000	0	0.000000
Asat_OT3098_v2_chr7A	358000000	360000000	2000000	0	0.000000
Asat_OT3098_v2_chr7A	360000000	362000000	2000000	0	0.000000
Asat_OT3098_v2_chr7A	362000000	364000000	2000000	0	0.000000
Asat_OT3098_v2_chr7A	364000000	366000000	2000000	0	0.000000
Asat_OT3098_v2_chr7A	366000000	368000000	2000000	0	0.000000
Asat_OT3098_v2_chr7A	368000000	370000000	2000000	0	0.000000
Asat_OT3098_v2_chr7A	370000000	372000000	2000000	0	0.000000
Asat_OT3098_v2_chr7A	372000000	374000000	2000000	0	0.000000
Asat_OT3098_v2_chr7A	374000000	376000000	2000000	0	0.000000
Asat_OT3098_v2_chr7A	376000000	378000000	2000000	0	0.000000
Asat_OT3098_v2_chr7A	378000000	380000000	2000000	0	0.000000
Asat_OT3098_v2_chr7A	380000000	382000000	2000000	0	0.000000
Asat_OT3098_v2_chr7A	382000000	384000000	2000000	0	0.000000
Asat_OT3098_v2_chr7A	384000000	386000000	2000000	0	0.000000
Asat_OT3098_v2_chr7A	386000000	388000000	2000000	0	0.000000
Asat_OT3098_v2_chr7A	388000000	390000000	2000000	0	0.000000
Asat_OT3098_v2_chr7A	390000000	392000000	2000000	0	0.000000
Asat_OT3098_v2_chr7A	392000000	394000000	2000000	0	0.000000
Asat_OT3098_v2_chr7A	394000000	396000000	2000000	0	0.000000
Asat_OT3098_v2_chr7A	396000000	398000000	2000000	0	0.000000
Asat_OT3098_v2_chr7A	398000000	400000000	2000000	0	0.000000
Asat_OT3098_v2_chr7A	400000000	402000000	2000000	0	0.000000
Asat_OT3098_v2_chr7A	402000000	404000000	2000000	0	0.000000
Asat_OT3098_v2_chr7A	404000000	406000000	2000000	0	0.000000
Asat_OT3098_v2_chr7A	406000000	408000000	2000000	0	0.000000
Asat_OT3098_v2_chr7A	408000000	410000000	2000000	0	0.000000
Asat_OT3098_v2_chr7A	410000000	412000000	2000000	0	0.000000
Asat_OT3098_v2_chr7A	412000000	414000000	2000000	0	0.000000
Asat_OT3098_v2_chr7A	414000000	416000000	2000000	0	0.000000
Asat_OT3098_v2_chr7A	416000000	418000000	2000000	0	0.000000
Asat_OT3098_v2_chr7A	418000000	420000000	2000000	0	0.000000
Asat_OT3098_v2_chr7A	420000000	422000000	2000000	0	0.000000
Asat_OT3098_v2_chr7A	422000000	424000000	2000000	0	0.000000
Asat_OT3098_v2_chr7A	424000000	426000000	2000000	0	0.000000
Asat_OT3098_v2_chr7A	426000000	428000000	2000000	0	0.000000
Asat_OT3098_v2_chr7A	428000000	430000000	2000000	0	0.000000
Asat_OT3098_v2_chr7A	430000000	432000000	2000000	0	0.000000
Asat_OT3098_v2_chr7A	432000000	434000000	2000000	0	0.000000
Asat_OT3098_v2_chr7A	434000000	436000000	2000000	0	0.000000
Asat_OT3098_v2_chr7A	436000000	438000000	2000000	0	0.000000
Asat_OT3098_v2_chr7A	438000000	440000000	2000000	0	0.000000
Asat_OT3098_v2_chr7A	440000000	442000000	2000000	0	0.000000
Asat_OT3098_v2_chr7A	442000000	444000000	2000000	0	0.000000
Asat_OT3098_v2_chr7A	444000000	446000000	2000000	0	0.000000
Asat_OT3098_v2_chr7A	446000000	448000000	2000000	0	0.000000
Asat_OT3098_v2_chr7A	448000000	450000000	2000000	0	0.000000
Asat_OT3098_v2_chr7A	450000000	452000000	2000000	0	0.000000
Asat_OT3098_v2_chr7A	452000000	454000000	2000000	0	0.000000
Asat_OT3098_v2_chr7A	454000000	456000000	2000000	0	0.000000
Asat_OT3098_v2_chr7A	456000000	458000000	2000000	0	0.000000
Asat_OT3098_v2_chr7A	458000000	460000000	2000000	0	0.000000
Asat_OT3098_v2_chr7A	460000000	462000000	2000000	0	0.000000
Asat_OT3098_v2_chr7A	462000000	464000000	2000000	0	0.000000
Asat_OT3098_v2_chr7A	464000000	466000000	2000000	0	0.000000
Asat_OT3098_v2_chr7A	466000000	468000000	2000000	0	0.000000
Asat_OT3098_v2_chr7A	468000000	470000000	2000000	0	0.000000
Asat_OT3098_v2_chr7A	470000000	472000000	2000000	0	0.000000
Asat_OT3098_v2_chr7A	472000000	474000000	2000000	0	0.000000
Asat_OT3098_v2_chr7A	474000000	476000000	2000000	0	0.000000
Asat_OT3098_v2_chr7A	476000000	478000000	2000000	0	0.000000
Asat_OT3098_v2_chr7A	478000000	480000000	2000000	0	0.000000
Asat_OT3098_v2_chr7A	480000000	482000000	2000000	0	0.000000
Asat_OT3098_v2_chr7A	482000000	484000000	2000000	0	0.000000
Asat_OT3098_v2_chr7A	484000000	486000000	2000000	0	0.000000
Asat_OT3098_v2_chr7A	486000000	488000000	2000000	0	0.000000
Asat_OT3098_v2_chr7A	488000000	490000000	2000000	0	0.000000
Asat_OT3098_v2_chr7A	490000000	492000000	2000000	0	0.000000
Asat_OT3098_v2_chr7A	492000000	493511962	1511962	0	0.000000
Asat_OT3098_v2_chr7C	0	2000000	2000000	0	0.000000
Asat_OT3098_v2_chr7C	2000000	4000000	2000000	0	0.000000
Asat_OT3098_v2_chr7C	4000000	6000000	2000000	0	0.000000
Asat_OT3098_v2_chr7C	6000000	8000000	2000000	0	0.000000
Asat_OT3098_v2_chr7C	8000000	10000000	2000000	0	0.000000
Asat_OT3098_v2_chr7C	10000000	12000000	2000000	0	0.000000
Asat_OT3098_v2_chr7C	12000000	14000000	2000000	0	0.000000
Asat_OT3098_v2_chr7C	14000000	16000000	2000000	0	0.000000
Asat_OT3098_v2_chr7C	16000000	18000000	2000000	0	0.000000
Asat_OT3098_v2_chr7C	18000000	20000000	2000000	0	0.000000
Asat_OT3098_v2_chr7C	20000000	22000000	2000000	0	0.000000
Asat_OT3098_v2_chr7C	22000000	24000000	2000000	0	0.000000
Asat_OT3098_v2_chr7C	24000000	26000000	2000000	0	0.000000
Asat_OT3098_v2_chr7C	26000000	28000000	2000000	0	0.000000
Asat_OT3098_v2_chr7C	28000000	30000000	2000000	0	0.000000
Asat_OT3098_v2_chr7C	30000000	32000000	2000000	0	0.000000
Asat_OT3098_v2_chr7C	32000000	34000000	2000000	0	0.000000
Asat_OT3098_v2_chr7C	34000000	36000000	2000000	0	0.000000
Asat_OT3098_v2_chr7C	36000000	38000000	2000000	0	0.000000
Asat_OT3098_v2_chr7C	38000000	40000000	2000000	0	0.000000
Asat_OT3098_v2_chr7C	40000000	42000000	2000000	0	0.000000
Asat_OT3098_v2_chr7C	42000000	44000000	2000000	0	0.000000
Asat_OT3098_v2_chr7C	44000000	46000000	2000000	0	0.000000
Asat_OT3098_v2_chr7C	46000000	48000000	2000000	0	0.000000
Asat_OT3098_v2_chr7C	48000000	50000000	2000000	0	0.000000
Asat_OT3098_v2_chr7C	50000000	52000000	2000000	0	0.000000
Asat_OT3098_v2_chr7C	52000000	54000000	2000000	0	0.000000
Asat_OT3098_v2_chr7C	54000000	56000000	2000000	0	0.000000
Asat_OT3098_v2_chr7C	56000000	58000000	2000000	0	0.000000
Asat_OT3098_v2_chr7C	58000000	60000000	2000000	0	0.000000
Asat_OT3098_v2_chr7C	60000000	62000000	2000000	0	0.000000
Asat_OT3098_v2_chr7C	62000000	64000000	2000000	0	0.000000
Asat_OT3098_v2_chr7C	64000000	66000000	2000000	0	0.000000
Asat_OT3098_v2_chr7C	66000000	68000000	2000000	0	0.000000
Asat_OT3098_v2_chr7C	68000000	70000000	2000000	0	0.000000
Asat_OT3098_v2_chr7C	70000000	72000000	2000000	0	0.000000
Asat_OT3098_v2_chr7C	72000000	74000000	2000000	0	0.000000
Asat_OT3098_v2_chr7C	74000000	76000000	2000000	0	0.000000
Asat_OT3098_v2_chr7C	76000000	78000000	2000000	0	0.000000
Asat_OT3098_v2_chr7C	78000000	80000000	2000000	0	0.000000
Asat_OT3098_v2_chr7C	80000000	82000000	2000000	0	0.000000
Asat_OT3098_v2_chr7C	82000000	84000000	2000000	0	0.000000
Asat_OT3098_v2_chr7C	84000000	86000000	2000000	0	0.000000
Asat_OT3098_v2_chr7C	86000000	88000000	2000000	0	0.000000
Asat_OT3098_v2_chr7C	88000000	90000000	2000000	0	0.000000
Asat_OT3098_v2_chr7C	90000000	92000000	2000000	0	0.000000
Asat_OT3098_v2_chr7C	92000000	94000000	2000000	0	0.000000
Asat_OT3098_v2_chr7C	94000000	96000000	2000000	0	0.000000
Asat_OT3098_v2_chr7C	96000000	98000000	2000000	0	0.000000
Asat_OT3098_v2_chr7C	98000000	100000000	2000000	0	0.000000
Asat_OT3098_v2_chr7C	100000000	102000000	2000000	0	0.000000
Asat_OT3098_v2_chr7C	102000000	104000000	2000000	0	0.000000
Asat_OT3098_v2_chr7C	104000000	106000000	2000000	0	0.000000
Asat_OT3098_v2_chr7C	106000000	108000000	2000000	0	0.000000
Asat_OT3098_v2_chr7C	108000000	110000000	2000000	0	0.000000
Asat_OT3098_v2_chr7C	110000000	112000000	2000000	0	0.000000
Asat_OT3098_v2_chr7C	112000000	114000000	2000000	0	0.000000
Asat_OT3098_v2_chr7C	114000000	116000000	2000000	0	0.000000
Asat_OT3098_v2_chr7C	116000000	118000000	2000000	0	0.000000
Asat_OT3098_v2_chr7C	118000000	120000000	2000000	0	0.000000
Asat_OT3098_v2_chr7C	120000000	122000000	2000000	0	0.000000
Asat_OT3098_v2_chr7C	122000000	124000000	2000000	0	0.000000
Asat_OT3098_v2_chr7C	124000000	126000000	2000000	0	0.000000
Asat_OT3098_v2_chr7C	126000000	128000000	2000000	0	0.000000
Asat_OT3098_v2_chr7C	128000000	130000000	2000000	0	0.000000
Asat_OT3098_v2_chr7C	130000000	132000000	2000000	0	0.000000
Asat_OT3098_v2_chr7C	132000000	134000000	2000000	0	0.000000
Asat_OT3098_v2_chr7C	134000000	136000000	2000000	0	0.000000
Asat_OT3098_v2_chr7C	136000000	138000000	2000000	0	0.000000
Asat_OT3098_v2_chr7C	138000000	140000000	2000000	0	0.000000
Asat_OT3098_v2_chr7C	140000000	142000000	2000000	0	0.000000
Asat_OT3098_v2_chr7C	142000000	144000000	2000000	0	0.000000
Asat_OT3098_v2_chr7C	144000000	146000000	2000000	0	0.000000
Asat_OT3098_v2_chr7C	146000000	148000000	2000000	0	0.000000
Asat_OT3098_v2_chr7C	148000000	150000000	2000000	0	0.000000
Asat_OT3098_v2_chr7C	150000000	152000000	2000000	0	0.000000
Asat_OT3098_v2_chr7C	152000000	154000000	2000000	0	0.000000
Asat_OT3098_v2_chr7C	154000000	156000000	2000000	0	0.000000
Asat_OT3098_v2_chr7C	156000000	158000000	2000000	0	0.000000
Asat_OT3098_v2_chr7C	158000000	160000000	2000000	0	0.000000
Asat_OT3098_v2_chr7C	160000000	162000000	2000000	0	0.000000
Asat_OT3098_v2_chr7C	162000000	164000000	2000000	0	0.000000
Asat_OT3098_v2_chr7C	164000000	166000000	2000000	0	0.000000
Asat_OT3098_v2_chr7C	166000000	168000000	2000000	0	0.000000
Asat_OT3098_v2_chr7C	168000000	170000000	2000000	0	0.000000
Asat_OT3098_v2_chr7C	170000000	172000000	2000000	0	0.000000
Asat_OT3098_v2_chr7C	172000000	174000000	2000000	0	0.000000
Asat_OT3098_v2_chr7C	174000000	176000000	2000000	0	0.000000
Asat_OT3098_v2_chr7C	176000000	178000000	2000000	0	0.000000
Asat_OT3098_v2_chr7C	178000000	180000000	2000000	0	0.000000
Asat_OT3098_v2_chr7C	180000000	182000000	2000000	0	0.000000
Asat_OT3098_v2_chr7C	182000000	184000000	2000000	0	0.000000
Asat_OT3098_v2_chr7C	184000000	186000000	2000000	0	0.000000
Asat_OT3098_v2_chr7C	186000000	188000000	2000000	0	0.000000
Asat_OT3098_v2_chr7C	188000000	190000000	2000000	0	0.000000
Asat_OT3098_v2_chr7C	190000000	192000000	2000000	0	0.000000
Asat_OT3098_v2_chr7C	192000000	194000000	2000000	0	0.000000
Asat_OT3098_v2_chr7C	194000000	196000000	2000000	0	0.000000
Asat_OT3098_v2_chr7C	196000000	198000000	2000000	0	0.000000
Asat_OT3098_v2_chr7C	198000000	200000000	2000000	0	0.000000
Asat_OT3098_v2_chr7C	200000000	202000000	2000000	0	0.000000
Asat_OT3098_v2_chr7C	202000000	204000000	2000000	0	0.000000
Asat_OT3098_v2_chr7C	204000000	206000000	2000000	0	0.000000
Asat_OT3098_v2_chr7C	206000000	208000000	2000000	0	0.000000
Asat_OT3098_v2_chr7C	208000000	210000000	2000000	0	0.000000
Asat_OT3098_v2_chr7C	210000000	212000000	2000000	0	0.000000
Asat_OT3098_v2_chr7C	212000000	214000000	2000000	0	0.000000
Asat_OT3098_v2_chr7C	214000000	216000000	2000000	0	0.000000
Asat_OT3098_v2_chr7C	216000000	218000000	2000000	0	0.000000
Asat_OT3098_v2_chr7C	218000000	220000000	2000000	0	0.000000
Asat_OT3098_v2_chr7C	220000000	222000000	2000000	0	0.000000
Asat_OT3098_v2_chr7C	222000000	224000000	2000000	0	0.000000
Asat_OT3098_v2_chr7C	224000000	226000000	2000000	0	0.000000
Asat_OT3098_v2_chr7C	226000000	228000000	2000000	0	0.000000
Asat_OT3098_v2_chr7C	228000000	230000000	2000000	0	0.000000
Asat_OT3098_v2_chr7C	230000000	232000000	2000000	0	0.000000
Asat_OT3098_v2_chr7C	232000000	234000000	2000000	0	0.000000
Asat_OT3098_v2_chr7C	234000000	236000000	2000000	0	0.000000
Asat_OT3098_v2_chr7C	236000000	238000000	2000000	0	0.000000
Asat_OT3098_v2_chr7C	238000000	240000000	2000000	0	0.000000
Asat_OT3098_v2_chr7C	240000000	242000000	2000000	0	0.000000
Asat_OT3098_v2_chr7C	242000000	244000000	2000000	0	0.000000
Asat_OT3098_v2_chr7C	244000000	246000000	2000000	0	0.000000
Asat_OT3098_v2_chr7C	246000000	248000000	2000000	0	0.000000
Asat_OT3098_v2_chr7C	248000000	250000000	2000000	0	0.000000
Asat_OT3098_v2_chr7C	250000000	252000000	2000000	0	0.000000
Asat_OT3098_v2_chr7C	252000000	254000000	2000000	0	0.000000
Asat_OT3098_v2_chr7C	254000000	256000000	2000000	0	0.000000
Asat_OT3098_v2_chr7C	256000000	258000000	2000000	0	0.000000
Asat_OT3098_v2_chr7C	258000000	260000000	2000000	0	0.000000
Asat_OT3098_v2_chr7C	260000000	262000000	2000000	0	0.000000
Asat_OT3098_v2_chr7C	262000000	264000000	2000000	0	0.000000
Asat_OT3098_v2_chr7C	264000000	266000000	2000000	0	0.000000
Asat_OT3098_v2_chr7C	266000000	268000000	2000000	0	0.000000
Asat_OT3098_v2_chr7C	268000000	270000000	2000000	0	0.000000
Asat_OT3098_v2_chr7C	270000000	272000000	2000000	0	0.000000
Asat_OT3098_v2_chr7C	272000000	274000000	2000000	0	0.000000
Asat_OT3098_v2_chr7C	274000000	276000000	2000000	0	0.000000
Asat_OT3098_v2_chr7C	276000000	278000000	2000000	0	0.000000
Asat_OT3098_v2_chr7C	278000000	280000000	2000000	0	0.000000
Asat_OT3098_v2_chr7C	280000000	282000000	2000000	0	0.000000
Asat_OT3098_v2_chr7C	282000000	284000000	2000000	0	0.000000
Asat_OT3098_v2_chr7C	284000000	286000000	2000000	0	0.000000
Asat_OT3098_v2_chr7C	286000000	288000000	2000000	0	0.000000
Asat_OT3098_v2_chr7C	288000000	290000000	2000000	0	0.000000
Asat_OT3098_v2_chr7C	290000000	292000000	2000000	0	0.000000
Asat_OT3098_v2_chr7C	292000000	294000000	2000000	0	0.000000
Asat_OT3098_v2_chr7C	294000000	296000000	2000000	0	0.000000
Asat_OT3098_v2_chr7C	296000000	298000000	2000000	0	0.000000
Asat_OT3098_v2_chr7C	298000000	300000000	2000000	0	0.000000
Asat_OT3098_v2_chr7C	300000000	302000000	2000000	0	0.000000
Asat_OT3098_v2_chr7C	302000000	304000000	2000000	0	0.000000
Asat_OT3098_v2_chr7C	304000000	306000000	2000000	0	0.000000
Asat_OT3098_v2_chr7C	306000000	308000000	2000000	0	0.000000
Asat_OT3098_v2_chr7C	308000000	310000000	2000000	0	0.000000
Asat_OT3098_v2_chr7C	310000000	312000000	2000000	0	0.000000
Asat_OT3098_v2_chr7C	312000000	314000000	2000000	0	0.000000
Asat_OT3098_v2_chr7C	314000000	316000000	2000000	0	0.000000
Asat_OT3098_v2_chr7C	316000000	318000000	2000000	0	0.000000
Asat_OT3098_v2_chr7C	318000000	320000000	2000000	0	0.000000
Asat_OT3098_v2_chr7C	320000000	322000000	2000000	0	0.000000
Asat_OT3098_v2_chr7C	322000000	324000000	2000000	0	0.000000
Asat_OT3098_v2_chr7C	324000000	326000000	2000000	0	0.000000
Asat_OT3098_v2_chr7C	326000000	328000000	2000000	0	0.000000
Asat_OT3098_v2_chr7C	328000000	330000000	2000000	0	0.000000
Asat_OT3098_v2_chr7C	330000000	332000000	2000000	0	0.000000
Asat_OT3098_v2_chr7C	332000000	334000000	2000000	0	0.000000
Asat_OT3098_v2_chr7C	334000000	336000000	2000000	0	0.000000
Asat_OT3098_v2_chr7C	336000000	338000000	2000000	0	0.000000
Asat_OT3098_v2_chr7C	338000000	340000000	2000000	0	0.000000
Asat_OT3098_v2_chr7C	340000000	342000000	2000000	0	0.000000
Asat_OT3098_v2_chr7C	342000000	344000000	2000000	0	0.000000
Asat_OT3098_v2_chr7C	344000000	346000000	2000000	0	0.000000
Asat_OT3098_v2_chr7C	346000000	348000000	2000000	0	0.000000
Asat_OT3098_v2_chr7C	348000000	350000000	2000000	0	0.000000
Asat_OT3098_v2_chr7C	350000000	352000000	2000000	0	0.000000
Asat_OT3098_v2_chr7C	352000000	354000000	2000000	0	0.000000
Asat_OT3098_v2_chr7C	354000000	356000000	2000000	0	0.000000
Asat_OT3098_v2_chr7C	356000000	358000000	2000000	0	0.000000
Asat_OT3098_v2_chr7C	358000000	360000000	2000000	0	0.000000
Asat_OT3098_v2_chr7C	360000000	362000000	2000000	0	0.000000
Asat_OT3098_v2_chr7C	362000000	364000000	2000000	0	0.000000
Asat_OT3098_v2_chr7C	364000000	366000000	2000000	0	0.000000
Asat_OT3098_v2_chr7C	366000000	368000000	2000000	0	0.000000
Asat_OT3098_v2_chr7C	368000000	370000000	2000000	0	0.000000
Asat_OT3098_v2_chr7C	370000000	372000000	2000000	0	0.000000
Asat_OT3098_v2_chr7C	372000000	374000000	2000000	0	0.000000
Asat_OT3098_v2_chr7C	374000000	376000000	2000000	0	0.000000
Asat_OT3098_v2_chr7C	376000000	378000000	2000000	0	0.000000
Asat_OT3098_v2_chr7C	378000000	380000000	2000000	0	0.000000
Asat_OT3098_v2_chr7C	380000000	382000000	2000000	0	0.000000
Asat_OT3098_v2_chr7C	382000000	384000000	2000000	0	0.000000
Asat_OT3098_v2_chr7C	384000000	386000000	2000000	0	0.000000
Asat_OT3098_v2_chr7C	386000000	388000000	2000000	0	0.000000
Asat_OT3098_v2_chr7C	388000000	390000000	2000000	0	0.000000
Asat_OT3098_v2_chr7C	390000000	392000000	2000000	0	0.000000
Asat_OT3098_v2_chr7C	392000000	394000000	2000000	0	0.000000
Asat_OT3098_v2_chr7C	394000000	396000000	2000000	0	0.000000
Asat_OT3098_v2_chr7C	396000000	398000000	2000000	0	0.000000
Asat_OT3098_v2_chr7C	398000000	400000000	2000000	0	0.000000
Asat_OT3098_v2_chr7C	400000000	402000000	2000000	0	0.000000
Asat_OT3098_v2_chr7C	402000000	404000000	2000000	0	0.000000
Asat_OT3098_v2_chr7C	404000000	406000000	2000000	0	0.000000
Asat_OT3098_v2_chr7C	406000000	408000000	2000000	0	0.000000
Asat_OT3098_v2_chr7C	408000000	410000000	2000000	0	0.000000
Asat_OT3098_v2_chr7C	410000000	412000000	2000000	0	0.000000
Asat_OT3098_v2_chr7C	412000000	414000000	2000000	0	0.000000
Asat_OT3098_v2_chr7C	414000000	416000000	2000000	0	0.000000
Asat_OT3098_v2_chr7C	416000000	418000000	2000000	0	0.000000
Asat_OT3098_v2_chr7C	418000000	420000000	2000000	0	0.000000
Asat_OT3098_v2_chr7C	420000000	422000000	2000000	0	0.000000
Asat_OT3098_v2_chr7C	422000000	424000000	2000000	0	0.000000
Asat_OT3098_v2_chr7C	424000000	426000000	2000000	0	0.000000
Asat_OT3098_v2_chr7C	426000000	428000000	2000000	0	0.000000
Asat_OT3098_v2_chr7C	428000000	430000000	2000000	0	0.000000
Asat_OT3098_v2_chr7C	430000000	432000000	2000000	0	0.000000
Asat_OT3098_v2_chr7C	432000000	434000000	2000000	0	0.000000
Asat_OT3098_v2_chr7C	434000000	436000000	2000000	0	0.000000
Asat_OT3098_v2_chr7C	436000000	438000000	2000000	0	0.000000
Asat_OT3098_v2_chr7C	438000000	440000000	2000000	0	0.000000
Asat_OT3098_v2_chr7C	440000000	442000000	2000000	0	0.000000
Asat_OT3098_v2_chr7C	442000000	444000000	2000000	0	0.000000
Asat_OT3098_v2_chr7C	444000000	446000000	2000000	0	0.000000
Asat_OT3098_v2_chr7C	446000000	448000000	2000000	0	0.000000
Asat_OT3098_v2_chr7C	448000000	450000000	2000000	0	0.000000
Asat_OT3098_v2_chr7C	450000000	452000000	2000000	0	0.000000
Asat_OT3098_v2_chr7C	452000000	454000000	2000000	0	0.000000
Asat_OT3098_v2_chr7C	454000000	456000000	2000000	0	0.000000
Asat_OT3098_v2_chr7C	456000000	458000000	2000000	0	0.000000
Asat_OT3098_v2_chr7C	458000000	460000000	2000000	0	0.000000
Asat_OT3098_v2_chr7C	460000000	462000000	2000000	0	0.000000
Asat_OT3098_v2_chr7C	462000000	464000000	2000000	0	0.000000
Asat_OT3098_v2_chr7C	464000000	466000000	2000000	0	0.000000
Asat_OT3098_v2_chr7C	466000000	468000000	2000000	0	0.000000
Asat_OT3098_v2_chr7C	468000000	470000000	2000000	0	0.000000
Asat_OT3098_v2_chr7C	470000000	472000000	2000000	0	0.000000
Asat_OT3098_v2_chr7C	472000000	474000000	2000000	0	0.000000
Asat_OT3098_v2_chr7C	474000000	476000000	2000000	0	0.000000
Asat_OT3098_v2_chr7C	476000000	478000000	2000000	0	0.000000
Asat_OT3098_v2_chr7C	478000000	480000000	2000000	0	0.000000
Asat_OT3098_v2_chr7C	480000000	482000000	2000000	0	0.000000
Asat_OT3098_v2_chr7C	482000000	484000000	2000000	0	0.000000
Asat_OT3098_v2_chr7C	484000000	486000000	2000000	0	0.000000
Asat_OT3098_v2_chr7C	486000000	488000000	2000000	0	0.000000
Asat_OT3098_v2_chr7C	488000000	490000000	2000000	0	0.000000
Asat_OT3098_v2_chr7C	490000000	492000000	2000000	0	0.000000
Asat_OT3098_v2_chr7C	492000000	494000000	2000000	0	0.000000
Asat_OT3098_v2_chr7C	494000000	496000000	2000000	0	0.000000
Asat_OT3098_v2_chr7C	496000000	498000000	2000000	0	0.000000
Asat_OT3098_v2_chr7C	498000000	500000000	2000000	0	0.000000
Asat_OT3098_v2_chr7C	500000000	502000000	2000000	0	0.000000
Asat_OT3098_v2_chr7C	502000000	504000000	2000000	0	0.000000
Asat_OT3098_v2_chr7C	504000000	506000000	2000000	0	0.000000
Asat_OT3098_v2_chr7C	506000000	508000000	2000000	0	0.000000
Asat_OT3098_v2_chr7C	508000000	510000000	2000000	0	0.000000
Asat_OT3098_v2_chr7C	510000000	512000000	2000000	0	0.000000
Asat_OT3098_v2_chr7C	512000000	514000000	2000000	0	0.000000
Asat_OT3098_v2_chr7C	514000000	516000000	2000000	0	0.000000
Asat_OT3098_v2_chr7C	516000000	518000000	2000000	0	0.000000
Asat_OT3098_v2_chr7C	518000000	520000000	2000000	0	0.000000
Asat_OT3098_v2_chr7C	520000000	522000000	2000000	0	0.000000
Asat_OT3098_v2_chr7C	522000000	524000000	2000000	0	0.000000
Asat_OT3098_v2_chr7C	524000000	526000000	2000000	0	0.000000
Asat_OT3098_v2_chr7C	526000000	528000000	2000000	0	0.000000
Asat_OT3098_v2_chr7C	528000000	530000000	2000000	0	0.000000
Asat_OT3098_v2_chr7C	530000000	532000000	2000000	0	0.000000
Asat_OT3098_v2_chr7C	532000000	534000000	2000000	0	0.000000
Asat_OT3098_v2_chr7C	534000000	536000000	2000000	0	0.000000
Asat_OT3098_v2_chr7C	536000000	538000000	2000000	0	0.000000
Asat_OT3098_v2_chr7C	538000000	540000000	2000000	0	0.000000
Asat_OT3098_v2_chr7C	540000000	542000000	2000000	0	0.000000
Asat_OT3098_v2_chr7C	542000000	544000000	2000000	0	0.000000
Asat_OT3098_v2_chr7C	544000000	546000000	2000000	0	0.000000
Asat_OT3098_v2_chr7C	546000000	548000000	2000000	0	0.000000
Asat_OT3098_v2_chr7C	548000000	550000000	2000000	0	0.000000
Asat_OT3098_v2_chr7C	550000000	551718542	1718542	0	0.000000
Asat_OT3098_v2_chr7D	0	2000000	2000000	0	0.000000
Asat_OT3098_v2_chr7D	2000000	4000000	2000000	0	0.000000
Asat_OT3098_v2_chr7D	4000000	6000000	2000000	0	0.000000
Asat_OT3098_v2_chr7D	6000000	8000000	2000000	0	0.000000
Asat_OT3098_v2_chr7D	8000000	10000000	2000000	0	0.000000
Asat_OT3098_v2_chr7D	10000000	12000000	2000000	0	0.000000
Asat_OT3098_v2_chr7D	12000000	14000000	2000000	0	0.000000
Asat_OT3098_v2_chr7D	14000000	16000000	2000000	0	0.000000
Asat_OT3098_v2_chr7D	16000000	18000000	2000000	0	0.000000
Asat_OT3098_v2_chr7D	18000000	20000000	2000000	0	0.000000
Asat_OT3098_v2_chr7D	20000000	22000000	2000000	0	0.000000
Asat_OT3098_v2_chr7D	22000000	24000000	2000000	0	0.000000
Asat_OT3098_v2_chr7D	24000000	26000000	2000000	0	0.000000
Asat_OT3098_v2_chr7D	26000000	28000000	2000000	0	0.000000
Asat_OT3098_v2_chr7D	28000000	30000000	2000000	0	0.000000
Asat_OT3098_v2_chr7D	30000000	32000000	2000000	0	0.000000
Asat_OT3098_v2_chr7D	32000000	34000000	2000000	0	0.000000
Asat_OT3098_v2_chr7D	34000000	36000000	2000000	0	0.000000
Asat_OT3098_v2_chr7D	36000000	38000000	2000000	0	0.000000
Asat_OT3098_v2_chr7D	38000000	40000000	2000000	0	0.000000
Asat_OT3098_v2_chr7D	40000000	42000000	2000000	0	0.000000
Asat_OT3098_v2_chr7D	42000000	44000000	2000000	0	0.000000
Asat_OT3098_v2_chr7D	44000000	46000000	2000000	0	0.000000
Asat_OT3098_v2_chr7D	46000000	48000000	2000000	0	0.000000
Asat_OT3098_v2_chr7D	48000000	50000000	2000000	0	0.000000
Asat_OT3098_v2_chr7D	50000000	52000000	2000000	0	0.000000
Asat_OT3098_v2_chr7D	52000000	54000000	2000000	0	0.000000
Asat_OT3098_v2_chr7D	54000000	56000000	2000000	0	0.000000
Asat_OT3098_v2_chr7D	56000000	58000000	2000000	0	0.000000
Asat_OT3098_v2_chr7D	58000000	60000000	2000000	0	0.000000
Asat_OT3098_v2_chr7D	60000000	62000000	2000000	0	0.000000
Asat_OT3098_v2_chr7D	62000000	64000000	2000000	0	0.000000
Asat_OT3098_v2_chr7D	64000000	66000000	2000000	0	0.000000
Asat_OT3098_v2_chr7D	66000000	68000000	2000000	0	0.000000
Asat_OT3098_v2_chr7D	68000000	70000000	2000000	0	0.000000
Asat_OT3098_v2_chr7D	70000000	72000000	2000000	0	0.000000
Asat_OT3098_v2_chr7D	72000000	74000000	2000000	0	0.000000
Asat_OT3098_v2_chr7D	74000000	76000000	2000000	0	0.000000
Asat_OT3098_v2_chr7D	76000000	78000000	2000000	0	0.000000
Asat_OT3098_v2_chr7D	78000000	80000000	2000000	0	0.000000
Asat_OT3098_v2_chr7D	80000000	82000000	2000000	0	0.000000
Asat_OT3098_v2_chr7D	82000000	84000000	2000000	0	0.000000
Asat_OT3098_v2_chr7D	84000000	86000000	2000000	0	0.000000
Asat_OT3098_v2_chr7D	86000000	88000000	2000000	0	0.000000
Asat_OT3098_v2_chr7D	88000000	90000000	2000000	0	0.000000
Asat_OT3098_v2_chr7D	90000000	92000000	2000000	0	0.000000
Asat_OT3098_v2_chr7D	92000000	94000000	2000000	0	0.000000
Asat_OT3098_v2_chr7D	94000000	96000000	2000000	0	0.000000
Asat_OT3098_v2_chr7D	96000000	98000000	2000000	0	0.000000
Asat_OT3098_v2_chr7D	98000000	100000000	2000000	0	0.000000
Asat_OT3098_v2_chr7D	100000000	102000000	2000000	0	0.000000
Asat_OT3098_v2_chr7D	102000000	104000000	2000000	0	0.000000
Asat_OT3098_v2_chr7D	104000000	106000000	2000000	0	0.000000
Asat_OT3098_v2_chr7D	106000000	108000000	2000000	0	0.000000
Asat_OT3098_v2_chr7D	108000000	110000000	2000000	0	0.000000
Asat_OT3098_v2_chr7D	110000000	112000000	2000000	0	0.000000
Asat_OT3098_v2_chr7D	112000000	114000000	2000000	0	0.000000
Asat_OT3098_v2_chr7D	114000000	116000000	2000000	0	0.000000
Asat_OT3098_v2_chr7D	116000000	118000000	2000000	0	0.000000
Asat_OT3098_v2_chr7D	118000000	120000000	2000000	0	0.000000
Asat_OT3098_v2_chr7D	120000000	122000000	2000000	0	0.000000
Asat_OT3098_v2_chr7D	122000000	124000000	2000000	0	0.000000
Asat_OT3098_v2_chr7D	124000000	126000000	2000000	0	0.000000
Asat_OT3098_v2_chr7D	126000000	128000000	2000000	0	0.000000
Asat_OT3098_v2_chr7D	128000000	130000000	2000000	0	0.000000
Asat_OT3098_v2_chr7D	130000000	132000000	2000000	0	0.000000
Asat_OT3098_v2_chr7D	132000000	134000000	2000000	0	0.000000
Asat_OT3098_v2_chr7D	134000000	136000000	2000000	0	0.000000
Asat_OT3098_v2_chr7D	136000000	138000000	2000000	0	0.000000
Asat_OT3098_v2_chr7D	138000000	140000000	2000000	0	0.000000
Asat_OT3098_v2_chr7D	140000000	142000000	2000000	0	0.000000
Asat_OT3098_v2_chr7D	142000000	144000000	2000000	0	0.000000
Asat_OT3098_v2_chr7D	144000000	146000000	2000000	0	0.000000
Asat_OT3098_v2_chr7D	146000000	148000000	2000000	0	0.000000
Asat_OT3098_v2_chr7D	148000000	150000000	2000000	0	0.000000
Asat_OT3098_v2_chr7D	150000000	152000000	2000000	0	0.000000
Asat_OT3098_v2_chr7D	152000000	154000000	2000000	0	0.000000
Asat_OT3098_v2_chr7D	154000000	156000000	2000000	0	0.000000
Asat_OT3098_v2_chr7D	156000000	158000000	2000000	0	0.000000
Asat_OT3098_v2_chr7D	158000000	160000000	2000000	0	0.000000
Asat_OT3098_v2_chr7D	160000000	162000000	2000000	0	0.000000
Asat_OT3098_v2_chr7D	162000000	164000000	2000000	0	0.000000
Asat_OT3098_v2_chr7D	164000000	166000000	2000000	0	0.000000
Asat_OT3098_v2_chr7D	166000000	168000000	2000000	0	0.000000
Asat_OT3098_v2_chr7D	168000000	170000000	2000000	0	0.000000
Asat_OT3098_v2_chr7D	170000000	172000000	2000000	0	0.000000
Asat_OT3098_v2_chr7D	172000000	174000000	2000000	0	0.000000
Asat_OT3098_v2_chr7D	174000000	176000000	2000000	0	0.000000
Asat_OT3098_v2_chr7D	176000000	178000000	2000000	0	0.000000
Asat_OT3098_v2_chr7D	178000000	180000000	2000000	0	0.000000
Asat_OT3098_v2_chr7D	180000000	182000000	2000000	0	0.000000
Asat_OT3098_v2_chr7D	182000000	184000000	2000000	0	0.000000
Asat_OT3098_v2_chr7D	184000000	186000000	2000000	0	0.000000
Asat_OT3098_v2_chr7D	186000000	188000000	2000000	0	0.000000
Asat_OT3098_v2_chr7D	188000000	190000000	2000000	0	0.000000
Asat_OT3098_v2_chr7D	190000000	192000000	2000000	0	0.000000
Asat_OT3098_v2_chr7D	192000000	194000000	2000000	0	0.000000
Asat_OT3098_v2_chr7D	194000000	196000000	2000000	0	0.000000
Asat_OT3098_v2_chr7D	196000000	198000000	2000000	0	0.000000
Asat_OT3098_v2_chr7D	198000000	200000000	2000000	0	0.000000
Asat_OT3098_v2_chr7D	200000000	202000000	2000000	0	0.000000
Asat_OT3098_v2_chr7D	202000000	204000000	2000000	0	0.000000
Asat_OT3098_v2_chr7D	204000000	206000000	2000000	0	0.000000
Asat_OT3098_v2_chr7D	206000000	208000000	2000000	0	0.000000
Asat_OT3098_v2_chr7D	208000000	210000000	2000000	0	0.000000
Asat_OT3098_v2_chr7D	210000000	212000000	2000000	0	0.000000
Asat_OT3098_v2_chr7D	212000000	214000000	2000000	0	0.000000
Asat_OT3098_v2_chr7D	214000000	216000000	2000000	0	0.000000
Asat_OT3098_v2_chr7D	216000000	218000000	2000000	0	0.000000
Asat_OT3098_v2_chr7D	218000000	220000000	2000000	0	0.000000
Asat_OT3098_v2_chr7D	220000000	222000000	2000000	0	0.000000
Asat_OT3098_v2_chr7D	222000000	224000000	2000000	0	0.000000
Asat_OT3098_v2_chr7D	224000000	226000000	2000000	0	0.000000
Asat_OT3098_v2_chr7D	226000000	228000000	2000000	0	0.000000
Asat_OT3098_v2_chr7D	228000000	230000000	2000000	0	0.000000
Asat_OT3098_v2_chr7D	230000000	232000000	2000000	0	0.000000
Asat_OT3098_v2_chr7D	232000000	234000000	2000000	0	0.000000
Asat_OT3098_v2_chr7D	234000000	236000000	2000000	0	0.000000
Asat_OT3098_v2_chr7D	236000000	238000000	2000000	0	0.000000
Asat_OT3098_v2_chr7D	238000000	240000000	2000000	0	0.000000
Asat_OT3098_v2_chr7D	240000000	242000000	2000000	0	0.000000
Asat_OT3098_v2_chr7D	242000000	244000000	2000000	0	0.000000
Asat_OT3098_v2_chr7D	244000000	246000000	2000000	0	0.000000
Asat_OT3098_v2_chr7D	246000000	248000000	2000000	0	0.000000
Asat_OT3098_v2_chr7D	248000000	250000000	2000000	0	0.000000
Asat_OT3098_v2_chr7D	250000000	252000000	2000000	0	0.000000
Asat_OT3098_v2_chr7D	252000000	254000000	2000000	0	0.000000
Asat_OT3098_v2_chr7D	254000000	256000000	2000000	0	0.000000
Asat_OT3098_v2_chr7D	256000000	258000000	2000000	0	0.000000
Asat_OT3098_v2_chr7D	258000000	260000000	2000000	0	0.000000
Asat_OT3098_v2_chr7D	260000000	262000000	2000000	0	0.000000
Asat_OT3098_v2_chr7D	262000000	264000000	2000000	0	0.000000
Asat_OT3098_v2_chr7D	264000000	266000000	2000000	0	0.000000
Asat_OT3098_v2_chr7D	266000000	268000000	2000000	0	0.000000
Asat_OT3098_v2_chr7D	268000000	270000000	2000000	0	0.000000
Asat_OT3098_v2_chr7D	270000000	272000000	2000000	0	0.000000
Asat_OT3098_v2_chr7D	272000000	274000000	2000000	0	0.000000
Asat_OT3098_v2_chr7D	274000000	276000000	2000000	0	0.000000
Asat_OT3098_v2_chr7D	276000000	278000000	2000000	0	0.000000
Asat_OT3098_v2_chr7D	278000000	280000000	2000000	0	0.000000
Asat_OT3098_v2_chr7D	280000000	282000000	2000000	0	0.000000
Asat_OT3098_v2_chr7D	282000000	284000000	2000000	0	0.000000
Asat_OT3098_v2_chr7D	284000000	286000000	2000000	0	0.000000
Asat_OT3098_v2_chr7D	286000000	288000000	2000000	0	0.000000
Asat_OT3098_v2_chr7D	288000000	290000000	2000000	0	0.000000
Asat_OT3098_v2_chr7D	290000000	292000000	2000000	0	0.000000
Asat_OT3098_v2_chr7D	292000000	294000000	2000000	0	0.000000
Asat_OT3098_v2_chr7D	294000000	296000000	2000000	0	0.000000
Asat_OT3098_v2_chr7D	296000000	298000000	2000000	0	0.000000
Asat_OT3098_v2_chr7D	298000000	300000000	2000000	0	0.000000
Asat_OT3098_v2_chr7D	300000000	302000000	2000000	0	0.000000
Asat_OT3098_v2_chr7D	302000000	304000000	2000000	0	0.000000
Asat_OT3098_v2_chr7D	304000000	306000000	2000000	0	0.000000
Asat_OT3098_v2_chr7D	306000000	308000000	2000000	0	0.000000
Asat_OT3098_v2_chr7D	308000000	310000000	2000000	0	0.000000
Asat_OT3098_v2_chr7D	310000000	312000000	2000000	0	0.000000
Asat_OT3098_v2_chr7D	312000000	314000000	2000000	0	0.000000
Asat_OT3098_v2_chr7D	314000000	316000000	2000000	0	0.000000
Asat_OT3098_v2_chr7D	316000000	318000000	2000000	0	0.000000
Asat_OT3098_v2_chr7D	318000000	320000000	2000000	0	0.000000
Asat_OT3098_v2_chr7D	320000000	322000000	2000000	0	0.000000
Asat_OT3098_v2_chr7D	322000000	324000000	2000000	0	0.000000
Asat_OT3098_v2_chr7D	324000000	326000000	2000000	0	0.000000
Asat_OT3098_v2_chr7D	326000000	328000000	2000000	0	0.000000
Asat_OT3098_v2_chr7D	328000000	330000000	2000000	0	0.000000
Asat_OT3098_v2_chr7D	330000000	332000000	2000000	0	0.000000
Asat_OT3098_v2_chr7D	332000000	334000000	2000000	0	0.000000
Asat_OT3098_v2_chr7D	334000000	336000000	2000000	0	0.000000
Asat_OT3098_v2_chr7D	336000000	338000000	2000000	0	0.000000
Asat_OT3098_v2_chr7D	338000000	340000000	2000000	0	0.000000
Asat_OT3098_v2_chr7D	340000000	342000000	2000000	0	0.000000
Asat_OT3098_v2_chr7D	342000000	344000000	2000000	0	0.000000
Asat_OT3098_v2_chr7D	344000000	346000000	2000000	0	0.000000
Asat_OT3098_v2_chr7D	346000000	348000000	2000000	0	0.000000
Asat_OT3098_v2_chr7D	348000000	350000000	2000000	0	0.000000
Asat_OT3098_v2_chr7D	350000000	352000000	2000000	0	0.000000
Asat_OT3098_v2_chr7D	352000000	354000000	2000000	0	0.000000
Asat_OT3098_v2_chr7D	354000000	356000000	2000000	0	0.000000
Asat_OT3098_v2_chr7D	356000000	358000000	2000000	0	0.000000
Asat_OT3098_v2_chr7D	358000000	360000000	2000000	0	0.000000
Asat_OT3098_v2_chr7D	360000000	362000000	2000000	0	0.000000
Asat_OT3098_v2_chr7D	362000000	364000000	2000000	0	0.000000
Asat_OT3098_v2_chr7D	364000000	366000000	2000000	0	0.000000
Asat_OT3098_v2_chr7D	366000000	368000000	2000000	0	0.000000
Asat_OT3098_v2_chr7D	368000000	370000000	2000000	0	0.000000
Asat_OT3098_v2_chr7D	370000000	372000000	2000000	0	0.000000
Asat_OT3098_v2_chr7D	372000000	374000000	2000000	0	0.000000
Asat_OT3098_v2_chr7D	374000000	376000000	2000000	0	0.000000
Asat_OT3098_v2_chr7D	376000000	378000000	2000000	0	0.000000
Asat_OT3098_v2_chr7D	378000000	380000000	2000000	0	0.000000
Asat_OT3098_v2_chr7D	380000000	382000000	2000000	0	0.000000
Asat_OT3098_v2_chr7D	382000000	384000000	2000000	0	0.000000
Asat_OT3098_v2_chr7D	384000000	386000000	2000000	0	0.000000
Asat_OT3098_v2_chr7D	386000000	388000000	2000000	0	0.000000
Asat_OT3098_v2_chr7D	388000000	390000000	2000000	0	0.000000
Asat_OT3098_v2_chr7D	390000000	392000000	2000000	0	0.000000
Asat_OT3098_v2_chr7D	392000000	394000000	2000000	0	0.000000
Asat_OT3098_v2_chr7D	394000000	396000000	2000000	0	0.000000
Asat_OT3098_v2_chr7D	396000000	398000000	2000000	0	0.000000
Asat_OT3098_v2_chr7D	398000000	400000000	2000000	0	0.000000
Asat_OT3098_v2_chr7D	400000000	402000000	2000000	0	0.000000
Asat_OT3098_v2_chr7D	402000000	404000000	2000000	0	0.000000
Asat_OT3098_v2_chr7D	404000000	406000000	2000000	0	0.000000
Asat_OT3098_v2_chr7D	406000000	408000000	2000000	0	0.000000
Asat_OT3098_v2_chr7D	408000000	410000000	2000000	0	0.000000
Asat_OT3098_v2_chr7D	410000000	412000000	2000000	0	0.000000
Asat_OT3098_v2_chr7D	412000000	414000000	2000000	0	0.000000
Asat_OT3098_v2_chr7D	414000000	416000000	2000000	0	0.000000
Asat_OT3098_v2_chr7D	416000000	418000000	2000000	0	0.000000
Asat_OT3098_v2_chr7D	418000000	420000000	2000000	0	0.000000
Asat_OT3098_v2_chr7D	420000000	422000000	2000000	0	0.000000
Asat_OT3098_v2_chr7D	422000000	424000000	2000000	0	0.000000
Asat_OT3098_v2_chr7D	424000000	426000000	2000000	0	0.000000
Asat_OT3098_v2_chr7D	426000000	428000000	2000000	0	0.000000
Asat_OT3098_v2_chr7D	428000000	430000000	2000000	0	0.000000
Asat_OT3098_v2_chr7D	430000000	432000000	2000000	0	0.000000
Asat_OT3098_v2_chr7D	432000000	434000000	2000000	0	0.000000
Asat_OT3098_v2_chr7D	434000000	436000000	2000000	0	0.000000
Asat_OT3098_v2_chr7D	436000000	438000000	2000000	0	0.000000
Asat_OT3098_v2_chr7D	438000000	440000000	2000000	0	0.000000
Asat_OT3098_v2_chr7D	440000000	442000000	2000000	0	0.000000
Asat_OT3098_v2_chr7D	442000000	444000000	2000000	0	0.000000
Asat_OT3098_v2_chr7D	444000000	446000000	2000000	0	0.000000
Asat_OT3098_v2_chr7D	446000000	448000000	2000000	0	0.000000
Asat_OT3098_v2_chr7D	448000000	450000000	2000000	0	0.000000
Asat_OT3098_v2_chr7D	450000000	452000000	2000000	0	0.000000
Asat_OT3098_v2_chr7D	452000000	454000000	2000000	0	0.000000
Asat_OT3098_v2_chr7D	454000000	456000000	2000000	0	0.000000
Asat_OT3098_v2_chr7D	456000000	458000000	2000000	0	0.000000
Asat_OT3098_v2_chr7D	458000000	460000000	2000000	0	0.000000
Asat_OT3098_v2_chr7D	460000000	462000000	2000000	0	0.000000
Asat_OT3098_v2_chr7D	462000000	464000000	2000000	0	0.000000
Asat_OT3098_v2_chr7D	464000000	466000000	2000000	0	0.000000
Asat_OT3098_v2_chr7D	466000000	468000000	2000000	0	0.000000
Asat_OT3098_v2_chr7D	468000000	470000000	2000000	0	0.000000
Asat_OT3098_v2_chr7D	470000000	472000000	2000000	0	0.000000
Asat_OT3098_v2_chr7D	472000000	474000000	2000000	0	0.000000
Asat_OT3098_v2_chr7D	474000000	476000000	2000000	0	0.000000
Asat_OT3098_v2_chr7D	476000000	478000000	2000000	0	0.000000
Asat_OT3098_v2_chr7D	478000000	480000000	2000000	0	0.000000
Asat_OT3098_v2_chr7D	480000000	482000000	2000000	0	0.000000
Asat_OT3098_v2_chr7D	482000000	484000000	2000000	0	0.000000
Asat_OT3098_v2_chr7D	484000000	486000000	2000000	0	0.000000
Asat_OT3098_v2_chr7D	486000000	488000000	2000000	0	0.000000
Asat_OT3098_v2_chr7D	488000000	490000000	2000000	0	0.000000
Asat_OT3098_v2_chr7D	490000000	492000000	2000000	0	0.000000
Asat_OT3098_v2_chr7D	492000000	494000000	2000000	0	0.000000
Asat_OT3098_v2_chr7D	494000000	496000000	2000000	0	0.000000
Asat_OT3098_v2_chr7D	496000000	498000000	2000000	0	0.000000
Asat_OT3098_v2_chr7D	498000000	500000000	2000000	0	0.000000
Asat_OT3098_v2_chr7D	500000000	502000000	2000000	0	0.000000
Asat_OT3098_v2_chr7D	502000000	504000000	2000000	0	0.000000
Asat_OT3098_v2_chr7D	504000000	506000000	2000000	0	0.000000
Asat_OT3098_v2_chr7D	506000000	508000000	2000000	0	0.000000
Asat_OT3098_v2_chr7D	508000000	510000000	2000000	0	0.000000
Asat_OT3098_v2_chr7D	510000000	512000000	2000000	0	0.000000
Asat_OT3098_v2_chr7D	512000000	514000000	2000000	0	0.000000
Asat_OT3098_v2_chr7D	514000000	516000000	2000000	0	0.000000
Asat_OT3098_v2_chr7D	516000000	518000000	2000000	0	0.000000
Asat_OT3098_v2_chr7D	518000000	520000000	2000000	0	0.000000
Asat_OT3098_v2_chr7D	520000000	522000000	2000000	0	0.000000
Asat_OT3098_v2_chr7D	522000000	524000000	2000000	0	0.000000
Asat_OT3098_v2_chr7D	524000000	526000000	2000000	0	0.000000
Asat_OT3098_v2_chr7D	526000000	528000000	2000000	0	0.000000
Asat_OT3098_v2_chr7D	528000000	528225653	225653	0	0.000000
