Asat_OT3098_v2_chr1A	0	2000000	2000000	0	0.000000
Asat_OT3098_v2_chr1A	2000000	4000000	2000000	10359	0.005180
Asat_OT3098_v2_chr1A	4000000	6000000	2000000	53601	0.026801
Asat_OT3098_v2_chr1A	6000000	8000000	2000000	22304	0.011152
Asat_OT3098_v2_chr1A	8000000	10000000	2000000	17058	0.008529
Asat_OT3098_v2_chr1A	10000000	12000000	2000000	15541	0.007770
Asat_OT3098_v2_chr1A	12000000	14000000	2000000	14899	0.007450
Asat_OT3098_v2_chr1A	14000000	16000000	2000000	19034	0.009517
Asat_OT3098_v2_chr1A	16000000	18000000	2000000	0	0.000000
Asat_OT3098_v2_chr1A	18000000	20000000	2000000	25703	0.012852
Asat_OT3098_v2_chr1A	20000000	22000000	2000000	43185	0.021593
Asat_OT3098_v2_chr1A	22000000	24000000	2000000	7298	0.003649
Asat_OT3098_v2_chr1A	24000000	26000000	2000000	20947	0.010474
Asat_OT3098_v2_chr1A	26000000	28000000	2000000	14621	0.007311
Asat_OT3098_v2_chr1A	28000000	30000000	2000000	27353	0.013676
Asat_OT3098_v2_chr1A	30000000	32000000	2000000	57859	0.028930
Asat_OT3098_v2_chr1A	32000000	34000000	2000000	3469	0.001734
Asat_OT3098_v2_chr1A	34000000	36000000	2000000	11368	0.005684
Asat_OT3098_v2_chr1A	36000000	38000000	2000000	65043	0.032522
Asat_OT3098_v2_chr1A	38000000	40000000	2000000	12871	0.006436
Asat_OT3098_v2_chr1A	40000000	42000000	2000000	46551	0.023276
Asat_OT3098_v2_chr1A	42000000	44000000	2000000	15100	0.007550
Asat_OT3098_v2_chr1A	44000000	46000000	2000000	10175	0.005088
Asat_OT3098_v2_chr1A	46000000	48000000	2000000	4874	0.002437
Asat_OT3098_v2_chr1A	48000000	50000000	2000000	2313	0.001156
Asat_OT3098_v2_chr1A	50000000	52000000	2000000	14703	0.007352
Asat_OT3098_v2_chr1A	52000000	54000000	2000000	16473	0.008237
Asat_OT3098_v2_chr1A	54000000	56000000	2000000	28504	0.014252
Asat_OT3098_v2_chr1A	56000000	58000000	2000000	20909	0.010455
Asat_OT3098_v2_chr1A	58000000	60000000	2000000	16381	0.008190
Asat_OT3098_v2_chr1A	60000000	62000000	2000000	68691	0.034346
Asat_OT3098_v2_chr1A	62000000	64000000	2000000	11167	0.005583
Asat_OT3098_v2_chr1A	64000000	66000000	2000000	31284	0.015642
Asat_OT3098_v2_chr1A	66000000	68000000	2000000	48625	0.024313
Asat_OT3098_v2_chr1A	68000000	70000000	2000000	19472	0.009736
Asat_OT3098_v2_chr1A	70000000	72000000	2000000	38619	0.019310
Asat_OT3098_v2_chr1A	72000000	74000000	2000000	32366	0.016183
Asat_OT3098_v2_chr1A	74000000	76000000	2000000	19991	0.009995
Asat_OT3098_v2_chr1A	76000000	78000000	2000000	31687	0.015843
Asat_OT3098_v2_chr1A	78000000	80000000	2000000	46535	0.023267
Asat_OT3098_v2_chr1A	80000000	82000000	2000000	19571	0.009786
Asat_OT3098_v2_chr1A	82000000	84000000	2000000	7398	0.003699
Asat_OT3098_v2_chr1A	84000000	86000000	2000000	36042	0.018021
Asat_OT3098_v2_chr1A	86000000	88000000	2000000	24599	0.012299
Asat_OT3098_v2_chr1A	88000000	90000000	2000000	62879	0.031440
Asat_OT3098_v2_chr1A	90000000	92000000	2000000	64732	0.032366
Asat_OT3098_v2_chr1A	92000000	94000000	2000000	36663	0.018332
Asat_OT3098_v2_chr1A	94000000	96000000	2000000	24085	0.012042
Asat_OT3098_v2_chr1A	96000000	98000000	2000000	19999	0.009999
Asat_OT3098_v2_chr1A	98000000	100000000	2000000	11928	0.005964
Asat_OT3098_v2_chr1A	100000000	102000000	2000000	20766	0.010383
Asat_OT3098_v2_chr1A	102000000	104000000	2000000	15465	0.007732
Asat_OT3098_v2_chr1A	104000000	106000000	2000000	28967	0.014483
Asat_OT3098_v2_chr1A	106000000	108000000	2000000	31087	0.015544
Asat_OT3098_v2_chr1A	108000000	110000000	2000000	53773	0.026887
Asat_OT3098_v2_chr1A	110000000	112000000	2000000	29938	0.014969
Asat_OT3098_v2_chr1A	112000000	114000000	2000000	28385	0.014193
Asat_OT3098_v2_chr1A	114000000	116000000	2000000	50906	0.025453
Asat_OT3098_v2_chr1A	116000000	118000000	2000000	18078	0.009039
Asat_OT3098_v2_chr1A	118000000	120000000	2000000	4139	0.002070
Asat_OT3098_v2_chr1A	120000000	122000000	2000000	51644	0.025822
Asat_OT3098_v2_chr1A	122000000	124000000	2000000	55532	0.027766
Asat_OT3098_v2_chr1A	124000000	126000000	2000000	24301	0.012150
Asat_OT3098_v2_chr1A	126000000	128000000	2000000	66302	0.033151
Asat_OT3098_v2_chr1A	128000000	130000000	2000000	21478	0.010739
Asat_OT3098_v2_chr1A	130000000	132000000	2000000	34422	0.017211
Asat_OT3098_v2_chr1A	132000000	134000000	2000000	27600	0.013800
Asat_OT3098_v2_chr1A	134000000	136000000	2000000	15532	0.007766
Asat_OT3098_v2_chr1A	136000000	138000000	2000000	63461	0.031731
Asat_OT3098_v2_chr1A	138000000	140000000	2000000	16278	0.008139
Asat_OT3098_v2_chr1A	140000000	142000000	2000000	34235	0.017118
Asat_OT3098_v2_chr1A	142000000	144000000	2000000	22386	0.011193
Asat_OT3098_v2_chr1A	144000000	146000000	2000000	19382	0.009691
Asat_OT3098_v2_chr1A	146000000	148000000	2000000	54184	0.027092
Asat_OT3098_v2_chr1A	148000000	150000000	2000000	28089	0.014044
Asat_OT3098_v2_chr1A	150000000	152000000	2000000	13834	0.006917
Asat_OT3098_v2_chr1A	152000000	154000000	2000000	8483	0.004241
Asat_OT3098_v2_chr1A	154000000	156000000	2000000	24161	0.012080
Asat_OT3098_v2_chr1A	156000000	158000000	2000000	18106	0.009053
Asat_OT3098_v2_chr1A	158000000	160000000	2000000	60891	0.030446
Asat_OT3098_v2_chr1A	160000000	162000000	2000000	54300	0.027150
Asat_OT3098_v2_chr1A	162000000	164000000	2000000	20815	0.010408
Asat_OT3098_v2_chr1A	164000000	166000000	2000000	54842	0.027421
Asat_OT3098_v2_chr1A	166000000	168000000	2000000	10722	0.005361
Asat_OT3098_v2_chr1A	168000000	170000000	2000000	19302	0.009651
Asat_OT3098_v2_chr1A	170000000	172000000	2000000	16044	0.008022
Asat_OT3098_v2_chr1A	172000000	174000000	2000000	28763	0.014382
Asat_OT3098_v2_chr1A	174000000	176000000	2000000	40322	0.020161
Asat_OT3098_v2_chr1A	176000000	178000000	2000000	54887	0.027443
Asat_OT3098_v2_chr1A	178000000	180000000	2000000	53277	0.026638
Asat_OT3098_v2_chr1A	180000000	182000000	2000000	12506	0.006253
Asat_OT3098_v2_chr1A	182000000	184000000	2000000	15206	0.007603
Asat_OT3098_v2_chr1A	184000000	186000000	2000000	37218	0.018609
Asat_OT3098_v2_chr1A	186000000	188000000	2000000	40373	0.020186
Asat_OT3098_v2_chr1A	188000000	190000000	2000000	30405	0.015203
Asat_OT3098_v2_chr1A	190000000	192000000	2000000	7102	0.003551
Asat_OT3098_v2_chr1A	192000000	194000000	2000000	19388	0.009694
Asat_OT3098_v2_chr1A	194000000	196000000	2000000	18265	0.009132
Asat_OT3098_v2_chr1A	196000000	198000000	2000000	4610	0.002305
Asat_OT3098_v2_chr1A	198000000	200000000	2000000	49726	0.024863
Asat_OT3098_v2_chr1A	200000000	202000000	2000000	15805	0.007902
Asat_OT3098_v2_chr1A	202000000	204000000	2000000	25383	0.012691
Asat_OT3098_v2_chr1A	204000000	206000000	2000000	34808	0.017404
Asat_OT3098_v2_chr1A	206000000	208000000	2000000	33435	0.016717
Asat_OT3098_v2_chr1A	208000000	210000000	2000000	24547	0.012273
Asat_OT3098_v2_chr1A	210000000	212000000	2000000	7148	0.003574
Asat_OT3098_v2_chr1A	212000000	214000000	2000000	30129	0.015064
Asat_OT3098_v2_chr1A	214000000	216000000	2000000	26740	0.013370
Asat_OT3098_v2_chr1A	216000000	218000000	2000000	7734	0.003867
Asat_OT3098_v2_chr1A	218000000	220000000	2000000	29516	0.014758
Asat_OT3098_v2_chr1A	220000000	222000000	2000000	4853	0.002426
Asat_OT3098_v2_chr1A	222000000	224000000	2000000	0	0.000000
Asat_OT3098_v2_chr1A	224000000	226000000	2000000	20085	0.010042
Asat_OT3098_v2_chr1A	226000000	228000000	2000000	17226	0.008613
Asat_OT3098_v2_chr1A	228000000	230000000	2000000	39222	0.019611
Asat_OT3098_v2_chr1A	230000000	232000000	2000000	1870	0.000935
Asat_OT3098_v2_chr1A	232000000	234000000	2000000	60266	0.030133
Asat_OT3098_v2_chr1A	234000000	236000000	2000000	45062	0.022531
Asat_OT3098_v2_chr1A	236000000	238000000	2000000	23139	0.011569
Asat_OT3098_v2_chr1A	238000000	240000000	2000000	23911	0.011956
Asat_OT3098_v2_chr1A	240000000	242000000	2000000	23438	0.011719
Asat_OT3098_v2_chr1A	242000000	244000000	2000000	4961	0.002481
Asat_OT3098_v2_chr1A	244000000	246000000	2000000	26087	0.013043
Asat_OT3098_v2_chr1A	246000000	248000000	2000000	31886	0.015943
Asat_OT3098_v2_chr1A	248000000	250000000	2000000	10455	0.005228
Asat_OT3098_v2_chr1A	250000000	252000000	2000000	15290	0.007645
Asat_OT3098_v2_chr1A	252000000	254000000	2000000	12576	0.006288
Asat_OT3098_v2_chr1A	254000000	256000000	2000000	31707	0.015853
Asat_OT3098_v2_chr1A	256000000	258000000	2000000	4882	0.002441
Asat_OT3098_v2_chr1A	258000000	260000000	2000000	14270	0.007135
Asat_OT3098_v2_chr1A	260000000	262000000	2000000	16917	0.008459
Asat_OT3098_v2_chr1A	262000000	264000000	2000000	17447	0.008724
Asat_OT3098_v2_chr1A	264000000	266000000	2000000	49296	0.024648
Asat_OT3098_v2_chr1A	266000000	268000000	2000000	39780	0.019890
Asat_OT3098_v2_chr1A	268000000	270000000	2000000	24092	0.012046
Asat_OT3098_v2_chr1A	270000000	272000000	2000000	9836	0.004918
Asat_OT3098_v2_chr1A	272000000	274000000	2000000	89114	0.044557
Asat_OT3098_v2_chr1A	274000000	276000000	2000000	21055	0.010528
Asat_OT3098_v2_chr1A	276000000	278000000	2000000	41924	0.020962
Asat_OT3098_v2_chr1A	278000000	280000000	2000000	12587	0.006293
Asat_OT3098_v2_chr1A	280000000	282000000	2000000	3519	0.001759
Asat_OT3098_v2_chr1A	282000000	284000000	2000000	13944	0.006972
Asat_OT3098_v2_chr1A	284000000	286000000	2000000	5633	0.002816
Asat_OT3098_v2_chr1A	286000000	288000000	2000000	7283	0.003642
Asat_OT3098_v2_chr1A	288000000	290000000	2000000	10240	0.005120
Asat_OT3098_v2_chr1A	290000000	292000000	2000000	26291	0.013145
Asat_OT3098_v2_chr1A	292000000	294000000	2000000	26344	0.013172
Asat_OT3098_v2_chr1A	294000000	296000000	2000000	27934	0.013967
Asat_OT3098_v2_chr1A	296000000	298000000	2000000	1486	0.000743
Asat_OT3098_v2_chr1A	298000000	300000000	2000000	16443	0.008221
Asat_OT3098_v2_chr1A	300000000	302000000	2000000	0	0.000000
Asat_OT3098_v2_chr1A	302000000	304000000	2000000	33221	0.016611
Asat_OT3098_v2_chr1A	304000000	306000000	2000000	0	0.000000
Asat_OT3098_v2_chr1A	306000000	308000000	2000000	12477	0.006239
Asat_OT3098_v2_chr1A	308000000	310000000	2000000	35375	0.017687
Asat_OT3098_v2_chr1A	310000000	312000000	2000000	11041	0.005521
Asat_OT3098_v2_chr1A	312000000	314000000	2000000	23545	0.011772
Asat_OT3098_v2_chr1A	314000000	316000000	2000000	2420	0.001210
Asat_OT3098_v2_chr1A	316000000	318000000	2000000	13409	0.006705
Asat_OT3098_v2_chr1A	318000000	320000000	2000000	17732	0.008866
Asat_OT3098_v2_chr1A	320000000	322000000	2000000	27430	0.013715
Asat_OT3098_v2_chr1A	322000000	324000000	2000000	16120	0.008060
Asat_OT3098_v2_chr1A	324000000	326000000	2000000	20576	0.010288
Asat_OT3098_v2_chr1A	326000000	328000000	2000000	11650	0.005825
Asat_OT3098_v2_chr1A	328000000	330000000	2000000	22937	0.011468
Asat_OT3098_v2_chr1A	330000000	332000000	2000000	25209	0.012604
Asat_OT3098_v2_chr1A	332000000	334000000	2000000	30145	0.015073
Asat_OT3098_v2_chr1A	334000000	336000000	2000000	2422	0.001211
Asat_OT3098_v2_chr1A	336000000	338000000	2000000	19424	0.009712
Asat_OT3098_v2_chr1A	338000000	340000000	2000000	0	0.000000
Asat_OT3098_v2_chr1A	340000000	342000000	2000000	13072	0.006536
Asat_OT3098_v2_chr1A	342000000	344000000	2000000	9649	0.004824
Asat_OT3098_v2_chr1A	344000000	346000000	2000000	16349	0.008174
Asat_OT3098_v2_chr1A	346000000	348000000	2000000	34314	0.017157
Asat_OT3098_v2_chr1A	348000000	350000000	2000000	24253	0.012127
Asat_OT3098_v2_chr1A	350000000	352000000	2000000	0	0.000000
Asat_OT3098_v2_chr1A	352000000	354000000	2000000	10052	0.005026
Asat_OT3098_v2_chr1A	354000000	356000000	2000000	3814	0.001907
Asat_OT3098_v2_chr1A	356000000	358000000	2000000	19263	0.009631
Asat_OT3098_v2_chr1A	358000000	360000000	2000000	13118	0.006559
Asat_OT3098_v2_chr1A	360000000	362000000	2000000	29545	0.014772
Asat_OT3098_v2_chr1A	362000000	364000000	2000000	26317	0.013159
Asat_OT3098_v2_chr1A	364000000	366000000	2000000	2419	0.001210
Asat_OT3098_v2_chr1A	366000000	368000000	2000000	8158	0.004079
Asat_OT3098_v2_chr1A	368000000	370000000	2000000	15485	0.007743
Asat_OT3098_v2_chr1A	370000000	372000000	2000000	76889	0.038444
Asat_OT3098_v2_chr1A	372000000	374000000	2000000	18566	0.009283
Asat_OT3098_v2_chr1A	374000000	376000000	2000000	0	0.000000
Asat_OT3098_v2_chr1A	376000000	378000000	2000000	14359	0.007180
Asat_OT3098_v2_chr1A	378000000	380000000	2000000	0	0.000000
Asat_OT3098_v2_chr1A	380000000	382000000	2000000	11964	0.005982
Asat_OT3098_v2_chr1A	382000000	384000000	2000000	2425	0.001213
Asat_OT3098_v2_chr1A	384000000	386000000	2000000	10299	0.005150
Asat_OT3098_v2_chr1A	386000000	388000000	2000000	4611	0.002305
Asat_OT3098_v2_chr1A	388000000	390000000	2000000	12905	0.006452
Asat_OT3098_v2_chr1A	390000000	392000000	2000000	18483	0.009241
Asat_OT3098_v2_chr1A	392000000	394000000	2000000	4836	0.002418
Asat_OT3098_v2_chr1A	394000000	396000000	2000000	12894	0.006447
Asat_OT3098_v2_chr1A	396000000	398000000	2000000	32882	0.016441
Asat_OT3098_v2_chr1A	398000000	400000000	2000000	12955	0.006477
Asat_OT3098_v2_chr1A	400000000	402000000	2000000	0	0.000000
Asat_OT3098_v2_chr1A	402000000	404000000	2000000	11665	0.005833
Asat_OT3098_v2_chr1A	404000000	406000000	2000000	22492	0.011246
Asat_OT3098_v2_chr1A	406000000	408000000	2000000	4615	0.002308
Asat_OT3098_v2_chr1A	408000000	410000000	2000000	16238	0.008119
Asat_OT3098_v2_chr1A	410000000	412000000	2000000	10945	0.005472
Asat_OT3098_v2_chr1A	412000000	414000000	2000000	0	0.000000
Asat_OT3098_v2_chr1A	414000000	416000000	2000000	13137	0.006568
Asat_OT3098_v2_chr1A	416000000	418000000	2000000	0	0.000000
Asat_OT3098_v2_chr1A	418000000	420000000	2000000	3016	0.001508
Asat_OT3098_v2_chr1A	420000000	422000000	2000000	9069	0.004535
Asat_OT3098_v2_chr1A	422000000	424000000	2000000	0	0.000000
Asat_OT3098_v2_chr1A	424000000	426000000	2000000	9167	0.004583
Asat_OT3098_v2_chr1A	426000000	428000000	2000000	23707	0.011853
Asat_OT3098_v2_chr1A	428000000	430000000	2000000	21886	0.010943
Asat_OT3098_v2_chr1A	430000000	432000000	2000000	38657	0.019328
Asat_OT3098_v2_chr1A	432000000	434000000	2000000	12320	0.006160
Asat_OT3098_v2_chr1A	434000000	436000000	2000000	25724	0.012862
Asat_OT3098_v2_chr1A	436000000	438000000	2000000	56495	0.028247
Asat_OT3098_v2_chr1A	438000000	440000000	2000000	7665	0.003832
Asat_OT3098_v2_chr1A	440000000	442000000	2000000	16255	0.008127
Asat_OT3098_v2_chr1A	442000000	444000000	2000000	15031	0.007515
Asat_OT3098_v2_chr1A	444000000	446000000	2000000	39935	0.019967
Asat_OT3098_v2_chr1A	446000000	448000000	2000000	19826	0.009913
Asat_OT3098_v2_chr1A	448000000	450000000	2000000	14169	0.007084
Asat_OT3098_v2_chr1A	450000000	452000000	2000000	29193	0.014597
Asat_OT3098_v2_chr1A	452000000	454000000	2000000	46037	0.023019
Asat_OT3098_v2_chr1A	454000000	456000000	2000000	28250	0.014125
Asat_OT3098_v2_chr1A	456000000	458000000	2000000	45048	0.022524
Asat_OT3098_v2_chr1A	458000000	460000000	2000000	22339	0.011170
Asat_OT3098_v2_chr1A	460000000	462000000	2000000	24485	0.012242
Asat_OT3098_v2_chr1A	462000000	464000000	2000000	9863	0.004932
Asat_OT3098_v2_chr1A	464000000	466000000	2000000	19540	0.009770
Asat_OT3098_v2_chr1A	466000000	468000000	2000000	20091	0.010046
Asat_OT3098_v2_chr1A	468000000	470000000	2000000	6809	0.003404
Asat_OT3098_v2_chr1A	470000000	472000000	2000000	24290	0.012145
Asat_OT3098_v2_chr1A	472000000	474000000	2000000	7768	0.003884
Asat_OT3098_v2_chr1A	474000000	476000000	2000000	32678	0.016339
Asat_OT3098_v2_chr1A	476000000	478000000	2000000	10571	0.005286
Asat_OT3098_v2_chr1A	478000000	480000000	2000000	20017	0.010009
Asat_OT3098_v2_chr1A	480000000	482000000	2000000	13324	0.006662
Asat_OT3098_v2_chr1A	482000000	484000000	2000000	0	0.000000
Asat_OT3098_v2_chr1A	484000000	486000000	2000000	13006	0.006503
Asat_OT3098_v2_chr1A	486000000	488000000	2000000	35047	0.017524
Asat_OT3098_v2_chr1A	488000000	490000000	2000000	3604	0.001802
Asat_OT3098_v2_chr1A	490000000	492000000	2000000	23907	0.011954
Asat_OT3098_v2_chr1A	492000000	494000000	2000000	1181	0.000590
Asat_OT3098_v2_chr1A	494000000	496000000	2000000	0	0.000000
Asat_OT3098_v2_chr1A	496000000	498000000	2000000	21148	0.010574
Asat_OT3098_v2_chr1A	498000000	500000000	2000000	8692	0.004346
Asat_OT3098_v2_chr1A	500000000	502000000	2000000	3546	0.001773
Asat_OT3098_v2_chr1A	502000000	504000000	2000000	17581	0.008790
Asat_OT3098_v2_chr1A	504000000	506000000	2000000	0	0.000000
Asat_OT3098_v2_chr1A	506000000	508000000	2000000	24619	0.012309
Asat_OT3098_v2_chr1A	508000000	510000000	2000000	3612	0.001806
Asat_OT3098_v2_chr1A	510000000	512000000	2000000	8475	0.004237
Asat_OT3098_v2_chr1A	512000000	514000000	2000000	12145	0.006072
Asat_OT3098_v2_chr1A	514000000	516000000	2000000	17416	0.008708
Asat_OT3098_v2_chr1A	516000000	518000000	2000000	7634	0.003817
Asat_OT3098_v2_chr1A	518000000	520000000	2000000	34769	0.017385
Asat_OT3098_v2_chr1A	520000000	522000000	2000000	16733	0.008367
Asat_OT3098_v2_chr1A	522000000	524000000	2000000	23421	0.011711
Asat_OT3098_v2_chr1A	524000000	526000000	2000000	25463	0.012731
Asat_OT3098_v2_chr1A	526000000	528000000	2000000	13095	0.006548
Asat_OT3098_v2_chr1A	528000000	530000000	2000000	44377	0.022188
Asat_OT3098_v2_chr1A	530000000	532000000	2000000	24442	0.012221
Asat_OT3098_v2_chr1A	532000000	534000000	2000000	38543	0.019272
Asat_OT3098_v2_chr1A	534000000	536000000	2000000	40336	0.020168
Asat_OT3098_v2_chr1A	536000000	538000000	2000000	14902	0.007451
Asat_OT3098_v2_chr1A	538000000	540000000	2000000	6908	0.003454
Asat_OT3098_v2_chr1A	540000000	540897063	897063	0	0.000000
Asat_OT3098_v2_chr1C	0	2000000	2000000	0	0.000000
Asat_OT3098_v2_chr1C	2000000	4000000	2000000	0	0.000000
Asat_OT3098_v2_chr1C	4000000	6000000	2000000	0	0.000000
Asat_OT3098_v2_chr1C	6000000	8000000	2000000	5320	0.002660
Asat_OT3098_v2_chr1C	8000000	10000000	2000000	0	0.000000
Asat_OT3098_v2_chr1C	10000000	12000000	2000000	4740	0.002370
Asat_OT3098_v2_chr1C	12000000	14000000	2000000	4674	0.002337
Asat_OT3098_v2_chr1C	14000000	16000000	2000000	9996	0.004998
Asat_OT3098_v2_chr1C	16000000	18000000	2000000	8004	0.004002
Asat_OT3098_v2_chr1C	18000000	20000000	2000000	10385	0.005193
Asat_OT3098_v2_chr1C	20000000	22000000	2000000	8593	0.004296
Asat_OT3098_v2_chr1C	22000000	24000000	2000000	0	0.000000
Asat_OT3098_v2_chr1C	24000000	26000000	2000000	0	0.000000
Asat_OT3098_v2_chr1C	26000000	28000000	2000000	55625	0.027813
Asat_OT3098_v2_chr1C	28000000	30000000	2000000	4761	0.002380
Asat_OT3098_v2_chr1C	30000000	32000000	2000000	8196	0.004098
Asat_OT3098_v2_chr1C	32000000	34000000	2000000	0	0.000000
Asat_OT3098_v2_chr1C	34000000	36000000	2000000	18996	0.009498
Asat_OT3098_v2_chr1C	36000000	38000000	2000000	19713	0.009857
Asat_OT3098_v2_chr1C	38000000	40000000	2000000	8345	0.004172
Asat_OT3098_v2_chr1C	40000000	42000000	2000000	3941	0.001971
Asat_OT3098_v2_chr1C	42000000	44000000	2000000	19393	0.009697
Asat_OT3098_v2_chr1C	44000000	46000000	2000000	27974	0.013987
Asat_OT3098_v2_chr1C	46000000	48000000	2000000	24889	0.012445
Asat_OT3098_v2_chr1C	48000000	50000000	2000000	32566	0.016283
Asat_OT3098_v2_chr1C	50000000	52000000	2000000	12663	0.006332
Asat_OT3098_v2_chr1C	52000000	54000000	2000000	53875	0.026937
Asat_OT3098_v2_chr1C	54000000	56000000	2000000	22658	0.011329
Asat_OT3098_v2_chr1C	56000000	58000000	2000000	18321	0.009161
Asat_OT3098_v2_chr1C	58000000	60000000	2000000	54519	0.027259
Asat_OT3098_v2_chr1C	60000000	62000000	2000000	62211	0.031106
Asat_OT3098_v2_chr1C	62000000	64000000	2000000	45125	0.022562
Asat_OT3098_v2_chr1C	64000000	66000000	2000000	34133	0.017066
Asat_OT3098_v2_chr1C	66000000	68000000	2000000	29819	0.014909
Asat_OT3098_v2_chr1C	68000000	70000000	2000000	25263	0.012632
Asat_OT3098_v2_chr1C	70000000	72000000	2000000	41460	0.020730
Asat_OT3098_v2_chr1C	72000000	74000000	2000000	32378	0.016189
Asat_OT3098_v2_chr1C	74000000	76000000	2000000	49626	0.024813
Asat_OT3098_v2_chr1C	76000000	78000000	2000000	68457	0.034229
Asat_OT3098_v2_chr1C	78000000	80000000	2000000	47232	0.023616
Asat_OT3098_v2_chr1C	80000000	82000000	2000000	59884	0.029942
Asat_OT3098_v2_chr1C	82000000	84000000	2000000	16258	0.008129
Asat_OT3098_v2_chr1C	84000000	86000000	2000000	73640	0.036820
Asat_OT3098_v2_chr1C	86000000	88000000	2000000	50686	0.025343
Asat_OT3098_v2_chr1C	88000000	90000000	2000000	70834	0.035417
Asat_OT3098_v2_chr1C	90000000	92000000	2000000	54525	0.027262
Asat_OT3098_v2_chr1C	92000000	94000000	2000000	27099	0.013550
Asat_OT3098_v2_chr1C	94000000	96000000	2000000	55170	0.027585
Asat_OT3098_v2_chr1C	96000000	98000000	2000000	73800	0.036900
Asat_OT3098_v2_chr1C	98000000	100000000	2000000	33200	0.016600
Asat_OT3098_v2_chr1C	100000000	102000000	2000000	104918	0.052459
Asat_OT3098_v2_chr1C	102000000	104000000	2000000	48959	0.024480
Asat_OT3098_v2_chr1C	104000000	106000000	2000000	83206	0.041603
Asat_OT3098_v2_chr1C	106000000	108000000	2000000	26451	0.013225
Asat_OT3098_v2_chr1C	108000000	110000000	2000000	43779	0.021889
Asat_OT3098_v2_chr1C	110000000	112000000	2000000	84382	0.042191
Asat_OT3098_v2_chr1C	112000000	114000000	2000000	43164	0.021582
Asat_OT3098_v2_chr1C	114000000	116000000	2000000	45528	0.022764
Asat_OT3098_v2_chr1C	116000000	118000000	2000000	25010	0.012505
Asat_OT3098_v2_chr1C	118000000	120000000	2000000	30310	0.015155
Asat_OT3098_v2_chr1C	120000000	122000000	2000000	21219	0.010609
Asat_OT3098_v2_chr1C	122000000	124000000	2000000	25923	0.012962
Asat_OT3098_v2_chr1C	124000000	126000000	2000000	30760	0.015380
Asat_OT3098_v2_chr1C	126000000	128000000	2000000	42048	0.021024
Asat_OT3098_v2_chr1C	128000000	130000000	2000000	105015	0.052507
Asat_OT3098_v2_chr1C	130000000	132000000	2000000	58652	0.029326
Asat_OT3098_v2_chr1C	132000000	134000000	2000000	22736	0.011368
Asat_OT3098_v2_chr1C	134000000	136000000	2000000	42035	0.021018
Asat_OT3098_v2_chr1C	136000000	138000000	2000000	70019	0.035009
Asat_OT3098_v2_chr1C	138000000	140000000	2000000	19419	0.009709
Asat_OT3098_v2_chr1C	140000000	142000000	2000000	30100	0.015050
Asat_OT3098_v2_chr1C	142000000	144000000	2000000	67165	0.033583
Asat_OT3098_v2_chr1C	144000000	146000000	2000000	46500	0.023250
Asat_OT3098_v2_chr1C	146000000	148000000	2000000	57796	0.028898
Asat_OT3098_v2_chr1C	148000000	150000000	2000000	74020	0.037010
Asat_OT3098_v2_chr1C	150000000	152000000	2000000	43379	0.021690
Asat_OT3098_v2_chr1C	152000000	154000000	2000000	52760	0.026380
Asat_OT3098_v2_chr1C	154000000	156000000	2000000	34528	0.017264
Asat_OT3098_v2_chr1C	156000000	158000000	2000000	58219	0.029109
Asat_OT3098_v2_chr1C	158000000	160000000	2000000	74615	0.037308
Asat_OT3098_v2_chr1C	160000000	162000000	2000000	48126	0.024063
Asat_OT3098_v2_chr1C	162000000	164000000	2000000	59009	0.029504
Asat_OT3098_v2_chr1C	164000000	166000000	2000000	42070	0.021035
Asat_OT3098_v2_chr1C	166000000	168000000	2000000	70394	0.035197
Asat_OT3098_v2_chr1C	168000000	170000000	2000000	61199	0.030600
Asat_OT3098_v2_chr1C	170000000	172000000	2000000	61079	0.030540
Asat_OT3098_v2_chr1C	172000000	174000000	2000000	69998	0.034999
Asat_OT3098_v2_chr1C	174000000	176000000	2000000	46713	0.023356
Asat_OT3098_v2_chr1C	176000000	178000000	2000000	12051	0.006025
Asat_OT3098_v2_chr1C	178000000	180000000	2000000	69078	0.034539
Asat_OT3098_v2_chr1C	180000000	182000000	2000000	53874	0.026937
Asat_OT3098_v2_chr1C	182000000	184000000	2000000	39765	0.019883
Asat_OT3098_v2_chr1C	184000000	186000000	2000000	50939	0.025469
Asat_OT3098_v2_chr1C	186000000	188000000	2000000	34355	0.017177
Asat_OT3098_v2_chr1C	188000000	190000000	2000000	38682	0.019341
Asat_OT3098_v2_chr1C	190000000	192000000	2000000	82580	0.041290
Asat_OT3098_v2_chr1C	192000000	194000000	2000000	48099	0.024050
Asat_OT3098_v2_chr1C	194000000	196000000	2000000	80621	0.040310
Asat_OT3098_v2_chr1C	196000000	198000000	2000000	0	0.000000
Asat_OT3098_v2_chr1C	198000000	200000000	2000000	24871	0.012436
Asat_OT3098_v2_chr1C	200000000	202000000	2000000	79221	0.039610
Asat_OT3098_v2_chr1C	202000000	204000000	2000000	58887	0.029444
Asat_OT3098_v2_chr1C	204000000	206000000	2000000	82283	0.041141
Asat_OT3098_v2_chr1C	206000000	208000000	2000000	63736	0.031868
Asat_OT3098_v2_chr1C	208000000	210000000	2000000	79325	0.039663
Asat_OT3098_v2_chr1C	210000000	212000000	2000000	14714	0.007357
Asat_OT3098_v2_chr1C	212000000	214000000	2000000	49226	0.024613
Asat_OT3098_v2_chr1C	214000000	216000000	2000000	48001	0.024001
Asat_OT3098_v2_chr1C	216000000	218000000	2000000	38819	0.019409
Asat_OT3098_v2_chr1C	218000000	220000000	2000000	59344	0.029672
Asat_OT3098_v2_chr1C	220000000	222000000	2000000	69709	0.034854
Asat_OT3098_v2_chr1C	222000000	224000000	2000000	20980	0.010490
Asat_OT3098_v2_chr1C	224000000	226000000	2000000	86370	0.043185
Asat_OT3098_v2_chr1C	226000000	228000000	2000000	114324	0.057162
Asat_OT3098_v2_chr1C	228000000	230000000	2000000	86743	0.043372
Asat_OT3098_v2_chr1C	230000000	232000000	2000000	43912	0.021956
Asat_OT3098_v2_chr1C	232000000	234000000	2000000	56326	0.028163
Asat_OT3098_v2_chr1C	234000000	236000000	2000000	54956	0.027478
Asat_OT3098_v2_chr1C	236000000	238000000	2000000	90232	0.045116
Asat_OT3098_v2_chr1C	238000000	240000000	2000000	55759	0.027880
Asat_OT3098_v2_chr1C	240000000	242000000	2000000	93845	0.046922
Asat_OT3098_v2_chr1C	242000000	244000000	2000000	46092	0.023046
Asat_OT3098_v2_chr1C	244000000	246000000	2000000	48878	0.024439
Asat_OT3098_v2_chr1C	246000000	248000000	2000000	112892	0.056446
Asat_OT3098_v2_chr1C	248000000	250000000	2000000	37244	0.018622
Asat_OT3098_v2_chr1C	250000000	252000000	2000000	67613	0.033807
Asat_OT3098_v2_chr1C	252000000	254000000	2000000	78496	0.039248
Asat_OT3098_v2_chr1C	254000000	256000000	2000000	103880	0.051940
Asat_OT3098_v2_chr1C	256000000	258000000	2000000	76917	0.038458
Asat_OT3098_v2_chr1C	258000000	260000000	2000000	56318	0.028159
Asat_OT3098_v2_chr1C	260000000	262000000	2000000	64669	0.032335
Asat_OT3098_v2_chr1C	262000000	264000000	2000000	75004	0.037502
Asat_OT3098_v2_chr1C	264000000	266000000	2000000	80637	0.040319
Asat_OT3098_v2_chr1C	266000000	268000000	2000000	48199	0.024099
Asat_OT3098_v2_chr1C	268000000	270000000	2000000	58318	0.029159
Asat_OT3098_v2_chr1C	270000000	272000000	2000000	72266	0.036133
Asat_OT3098_v2_chr1C	272000000	274000000	2000000	55671	0.027835
Asat_OT3098_v2_chr1C	274000000	276000000	2000000	28520	0.014260
Asat_OT3098_v2_chr1C	276000000	278000000	2000000	50240	0.025120
Asat_OT3098_v2_chr1C	278000000	280000000	2000000	40459	0.020230
Asat_OT3098_v2_chr1C	280000000	282000000	2000000	78193	0.039096
Asat_OT3098_v2_chr1C	282000000	284000000	2000000	62017	0.031009
Asat_OT3098_v2_chr1C	284000000	286000000	2000000	58090	0.029045
Asat_OT3098_v2_chr1C	286000000	288000000	2000000	122517	0.061259
Asat_OT3098_v2_chr1C	288000000	290000000	2000000	50621	0.025310
Asat_OT3098_v2_chr1C	290000000	292000000	2000000	78283	0.039142
Asat_OT3098_v2_chr1C	292000000	294000000	2000000	56790	0.028395
Asat_OT3098_v2_chr1C	294000000	296000000	2000000	32624	0.016312
Asat_OT3098_v2_chr1C	296000000	298000000	2000000	28024	0.014012
Asat_OT3098_v2_chr1C	298000000	300000000	2000000	32300	0.016150
Asat_OT3098_v2_chr1C	300000000	302000000	2000000	88692	0.044346
Asat_OT3098_v2_chr1C	302000000	304000000	2000000	41206	0.020603
Asat_OT3098_v2_chr1C	304000000	306000000	2000000	80306	0.040153
Asat_OT3098_v2_chr1C	306000000	308000000	2000000	45120	0.022560
Asat_OT3098_v2_chr1C	308000000	310000000	2000000	32741	0.016370
Asat_OT3098_v2_chr1C	310000000	312000000	2000000	51232	0.025616
Asat_OT3098_v2_chr1C	312000000	314000000	2000000	54813	0.027407
Asat_OT3098_v2_chr1C	314000000	316000000	2000000	32037	0.016019
Asat_OT3098_v2_chr1C	316000000	318000000	2000000	49260	0.024630
Asat_OT3098_v2_chr1C	318000000	320000000	2000000	72570	0.036285
Asat_OT3098_v2_chr1C	320000000	322000000	2000000	47139	0.023570
Asat_OT3098_v2_chr1C	322000000	324000000	2000000	40044	0.020022
Asat_OT3098_v2_chr1C	324000000	326000000	2000000	10729	0.005365
Asat_OT3098_v2_chr1C	326000000	328000000	2000000	68351	0.034175
Asat_OT3098_v2_chr1C	328000000	330000000	2000000	62007	0.031003
Asat_OT3098_v2_chr1C	330000000	332000000	2000000	27689	0.013844
Asat_OT3098_v2_chr1C	332000000	334000000	2000000	45837	0.022919
Asat_OT3098_v2_chr1C	334000000	336000000	2000000	60754	0.030377
Asat_OT3098_v2_chr1C	336000000	338000000	2000000	6448	0.003224
Asat_OT3098_v2_chr1C	338000000	340000000	2000000	50818	0.025409
Asat_OT3098_v2_chr1C	340000000	342000000	2000000	50230	0.025115
Asat_OT3098_v2_chr1C	342000000	344000000	2000000	43026	0.021513
Asat_OT3098_v2_chr1C	344000000	346000000	2000000	51056	0.025528
Asat_OT3098_v2_chr1C	346000000	348000000	2000000	55703	0.027852
Asat_OT3098_v2_chr1C	348000000	350000000	2000000	68207	0.034104
Asat_OT3098_v2_chr1C	350000000	352000000	2000000	32521	0.016261
Asat_OT3098_v2_chr1C	352000000	354000000	2000000	20214	0.010107
Asat_OT3098_v2_chr1C	354000000	356000000	2000000	33192	0.016596
Asat_OT3098_v2_chr1C	356000000	358000000	2000000	27074	0.013537
Asat_OT3098_v2_chr1C	358000000	360000000	2000000	38406	0.019203
Asat_OT3098_v2_chr1C	360000000	362000000	2000000	22038	0.011019
Asat_OT3098_v2_chr1C	362000000	364000000	2000000	35930	0.017965
Asat_OT3098_v2_chr1C	364000000	366000000	2000000	73146	0.036573
Asat_OT3098_v2_chr1C	366000000	368000000	2000000	28772	0.014386
Asat_OT3098_v2_chr1C	368000000	370000000	2000000	10260	0.005130
Asat_OT3098_v2_chr1C	370000000	372000000	2000000	16722	0.008361
Asat_OT3098_v2_chr1C	372000000	374000000	2000000	44149	0.022075
Asat_OT3098_v2_chr1C	374000000	376000000	2000000	68291	0.034146
Asat_OT3098_v2_chr1C	376000000	378000000	2000000	11554	0.005777
Asat_OT3098_v2_chr1C	378000000	380000000	2000000	43280	0.021640
Asat_OT3098_v2_chr1C	380000000	382000000	2000000	43499	0.021750
Asat_OT3098_v2_chr1C	382000000	384000000	2000000	35077	0.017538
Asat_OT3098_v2_chr1C	384000000	386000000	2000000	17640	0.008820
Asat_OT3098_v2_chr1C	386000000	388000000	2000000	31091	0.015546
Asat_OT3098_v2_chr1C	388000000	390000000	2000000	33774	0.016887
Asat_OT3098_v2_chr1C	390000000	392000000	2000000	46727	0.023363
Asat_OT3098_v2_chr1C	392000000	394000000	2000000	15358	0.007679
Asat_OT3098_v2_chr1C	394000000	396000000	2000000	13061	0.006530
Asat_OT3098_v2_chr1C	396000000	398000000	2000000	28724	0.014362
Asat_OT3098_v2_chr1C	398000000	400000000	2000000	15310	0.007655
Asat_OT3098_v2_chr1C	400000000	402000000	2000000	24909	0.012455
Asat_OT3098_v2_chr1C	402000000	404000000	2000000	16717	0.008358
Asat_OT3098_v2_chr1C	404000000	406000000	2000000	0	0.000000
Asat_OT3098_v2_chr1C	406000000	408000000	2000000	15689	0.007845
Asat_OT3098_v2_chr1C	408000000	410000000	2000000	11675	0.005837
Asat_OT3098_v2_chr1C	410000000	412000000	2000000	8646	0.004323
Asat_OT3098_v2_chr1C	412000000	414000000	2000000	16434	0.008217
Asat_OT3098_v2_chr1C	414000000	416000000	2000000	61681	0.030840
Asat_OT3098_v2_chr1C	416000000	418000000	2000000	37768	0.018884
Asat_OT3098_v2_chr1C	418000000	420000000	2000000	2607	0.001303
Asat_OT3098_v2_chr1C	420000000	422000000	2000000	22974	0.011487
Asat_OT3098_v2_chr1C	422000000	424000000	2000000	5113	0.002557
Asat_OT3098_v2_chr1C	424000000	426000000	2000000	22284	0.011142
Asat_OT3098_v2_chr1C	426000000	428000000	2000000	27018	0.013509
Asat_OT3098_v2_chr1C	428000000	430000000	2000000	15531	0.007765
Asat_OT3098_v2_chr1C	430000000	432000000	2000000	26048	0.013024
Asat_OT3098_v2_chr1C	432000000	434000000	2000000	31090	0.015545
Asat_OT3098_v2_chr1C	434000000	436000000	2000000	0	0.000000
Asat_OT3098_v2_chr1C	436000000	438000000	2000000	14617	0.007308
Asat_OT3098_v2_chr1C	438000000	440000000	2000000	6524	0.003262
Asat_OT3098_v2_chr1C	440000000	442000000	2000000	20469	0.010235
Asat_OT3098_v2_chr1C	442000000	444000000	2000000	7972	0.003986
Asat_OT3098_v2_chr1C	444000000	446000000	2000000	4704	0.002352
Asat_OT3098_v2_chr1C	446000000	448000000	2000000	65443	0.032722
Asat_OT3098_v2_chr1C	448000000	450000000	2000000	40102	0.020051
Asat_OT3098_v2_chr1C	450000000	452000000	2000000	10131	0.005065
Asat_OT3098_v2_chr1C	452000000	454000000	2000000	20954	0.010477
Asat_OT3098_v2_chr1C	454000000	456000000	2000000	17440	0.008720
Asat_OT3098_v2_chr1C	456000000	458000000	2000000	48636	0.024318
Asat_OT3098_v2_chr1C	458000000	460000000	2000000	28376	0.014188
Asat_OT3098_v2_chr1C	460000000	462000000	2000000	0	0.000000
Asat_OT3098_v2_chr1C	462000000	462796039	796039	0	0.000000
Asat_OT3098_v2_chr1D	0	2000000	2000000	21144	0.010572
Asat_OT3098_v2_chr1D	2000000	4000000	2000000	12888	0.006444
Asat_OT3098_v2_chr1D	4000000	6000000	2000000	0	0.000000
Asat_OT3098_v2_chr1D	6000000	8000000	2000000	6805	0.003403
Asat_OT3098_v2_chr1D	8000000	10000000	2000000	0	0.000000
Asat_OT3098_v2_chr1D	10000000	12000000	2000000	4729	0.002364
Asat_OT3098_v2_chr1D	12000000	14000000	2000000	17810	0.008905
Asat_OT3098_v2_chr1D	14000000	16000000	2000000	0	0.000000
Asat_OT3098_v2_chr1D	16000000	18000000	2000000	13070	0.006535
Asat_OT3098_v2_chr1D	18000000	20000000	2000000	30713	0.015357
Asat_OT3098_v2_chr1D	20000000	22000000	2000000	29892	0.014946
Asat_OT3098_v2_chr1D	22000000	24000000	2000000	13857	0.006928
Asat_OT3098_v2_chr1D	24000000	26000000	2000000	15383	0.007692
Asat_OT3098_v2_chr1D	26000000	28000000	2000000	30102	0.015051
Asat_OT3098_v2_chr1D	28000000	30000000	2000000	3642	0.001821
Asat_OT3098_v2_chr1D	30000000	32000000	2000000	25932	0.012966
Asat_OT3098_v2_chr1D	32000000	34000000	2000000	6775	0.003387
Asat_OT3098_v2_chr1D	34000000	36000000	2000000	23674	0.011837
Asat_OT3098_v2_chr1D	36000000	38000000	2000000	9446	0.004723
Asat_OT3098_v2_chr1D	38000000	40000000	2000000	13386	0.006693
Asat_OT3098_v2_chr1D	40000000	42000000	2000000	22194	0.011097
Asat_OT3098_v2_chr1D	42000000	44000000	2000000	28356	0.014178
Asat_OT3098_v2_chr1D	44000000	46000000	2000000	24614	0.012307
Asat_OT3098_v2_chr1D	46000000	48000000	2000000	42764	0.021382
Asat_OT3098_v2_chr1D	48000000	50000000	2000000	22334	0.011167
Asat_OT3098_v2_chr1D	50000000	52000000	2000000	25351	0.012675
Asat_OT3098_v2_chr1D	52000000	54000000	2000000	24703	0.012351
Asat_OT3098_v2_chr1D	54000000	56000000	2000000	15245	0.007622
Asat_OT3098_v2_chr1D	56000000	58000000	2000000	67826	0.033913
Asat_OT3098_v2_chr1D	58000000	60000000	2000000	13382	0.006691
Asat_OT3098_v2_chr1D	60000000	62000000	2000000	70643	0.035321
Asat_OT3098_v2_chr1D	62000000	64000000	2000000	55045	0.027522
Asat_OT3098_v2_chr1D	64000000	66000000	2000000	10820	0.005410
Asat_OT3098_v2_chr1D	66000000	68000000	2000000	46800	0.023400
Asat_OT3098_v2_chr1D	68000000	70000000	2000000	36683	0.018342
Asat_OT3098_v2_chr1D	70000000	72000000	2000000	39511	0.019755
Asat_OT3098_v2_chr1D	72000000	74000000	2000000	11839	0.005920
Asat_OT3098_v2_chr1D	74000000	76000000	2000000	31986	0.015993
Asat_OT3098_v2_chr1D	76000000	78000000	2000000	24125	0.012063
Asat_OT3098_v2_chr1D	78000000	80000000	2000000	12000	0.006000
Asat_OT3098_v2_chr1D	80000000	82000000	2000000	19125	0.009562
Asat_OT3098_v2_chr1D	82000000	84000000	2000000	54135	0.027068
Asat_OT3098_v2_chr1D	84000000	86000000	2000000	23482	0.011741
Asat_OT3098_v2_chr1D	86000000	88000000	2000000	79446	0.039723
Asat_OT3098_v2_chr1D	88000000	90000000	2000000	21711	0.010856
Asat_OT3098_v2_chr1D	90000000	92000000	2000000	40293	0.020147
Asat_OT3098_v2_chr1D	92000000	94000000	2000000	16712	0.008356
Asat_OT3098_v2_chr1D	94000000	96000000	2000000	0	0.000000
Asat_OT3098_v2_chr1D	96000000	98000000	2000000	36319	0.018159
Asat_OT3098_v2_chr1D	98000000	100000000	2000000	52346	0.026173
Asat_OT3098_v2_chr1D	100000000	102000000	2000000	6162	0.003081
Asat_OT3098_v2_chr1D	102000000	104000000	2000000	32523	0.016262
Asat_OT3098_v2_chr1D	104000000	106000000	2000000	51291	0.025646
Asat_OT3098_v2_chr1D	106000000	108000000	2000000	12882	0.006441
Asat_OT3098_v2_chr1D	108000000	110000000	2000000	15037	0.007519
Asat_OT3098_v2_chr1D	110000000	112000000	2000000	28097	0.014049
Asat_OT3098_v2_chr1D	112000000	114000000	2000000	6464	0.003232
Asat_OT3098_v2_chr1D	114000000	116000000	2000000	22820	0.011410
Asat_OT3098_v2_chr1D	116000000	118000000	2000000	29962	0.014981
Asat_OT3098_v2_chr1D	118000000	120000000	2000000	22600	0.011300
Asat_OT3098_v2_chr1D	120000000	122000000	2000000	18722	0.009361
Asat_OT3098_v2_chr1D	122000000	124000000	2000000	49946	0.024973
Asat_OT3098_v2_chr1D	124000000	126000000	2000000	31598	0.015799
Asat_OT3098_v2_chr1D	126000000	128000000	2000000	43031	0.021515
Asat_OT3098_v2_chr1D	128000000	130000000	2000000	47499	0.023749
Asat_OT3098_v2_chr1D	130000000	132000000	2000000	29536	0.014768
Asat_OT3098_v2_chr1D	132000000	134000000	2000000	34256	0.017128
Asat_OT3098_v2_chr1D	134000000	136000000	2000000	22783	0.011392
Asat_OT3098_v2_chr1D	136000000	138000000	2000000	45736	0.022868
Asat_OT3098_v2_chr1D	138000000	140000000	2000000	47115	0.023557
Asat_OT3098_v2_chr1D	140000000	142000000	2000000	19581	0.009791
Asat_OT3098_v2_chr1D	142000000	144000000	2000000	43124	0.021562
Asat_OT3098_v2_chr1D	144000000	146000000	2000000	49974	0.024987
Asat_OT3098_v2_chr1D	146000000	148000000	2000000	5033	0.002517
Asat_OT3098_v2_chr1D	148000000	150000000	2000000	10091	0.005045
Asat_OT3098_v2_chr1D	150000000	152000000	2000000	22758	0.011379
Asat_OT3098_v2_chr1D	152000000	154000000	2000000	57654	0.028827
Asat_OT3098_v2_chr1D	154000000	156000000	2000000	42553	0.021277
Asat_OT3098_v2_chr1D	156000000	158000000	2000000	20610	0.010305
Asat_OT3098_v2_chr1D	158000000	160000000	2000000	49426	0.024713
Asat_OT3098_v2_chr1D	160000000	162000000	2000000	29010	0.014505
Asat_OT3098_v2_chr1D	162000000	164000000	2000000	19744	0.009872
Asat_OT3098_v2_chr1D	164000000	166000000	2000000	36641	0.018320
Asat_OT3098_v2_chr1D	166000000	168000000	2000000	34804	0.017402
Asat_OT3098_v2_chr1D	168000000	170000000	2000000	9682	0.004841
Asat_OT3098_v2_chr1D	170000000	172000000	2000000	51633	0.025816
Asat_OT3098_v2_chr1D	172000000	174000000	2000000	16770	0.008385
Asat_OT3098_v2_chr1D	174000000	176000000	2000000	51179	0.025590
Asat_OT3098_v2_chr1D	176000000	178000000	2000000	46989	0.023495
Asat_OT3098_v2_chr1D	178000000	180000000	2000000	16869	0.008434
Asat_OT3098_v2_chr1D	180000000	182000000	2000000	22602	0.011301
Asat_OT3098_v2_chr1D	182000000	184000000	2000000	44032	0.022016
Asat_OT3098_v2_chr1D	184000000	186000000	2000000	37351	0.018676
Asat_OT3098_v2_chr1D	186000000	188000000	2000000	19999	0.009999
Asat_OT3098_v2_chr1D	188000000	190000000	2000000	26804	0.013402
Asat_OT3098_v2_chr1D	190000000	192000000	2000000	18849	0.009425
Asat_OT3098_v2_chr1D	192000000	194000000	2000000	43925	0.021962
Asat_OT3098_v2_chr1D	194000000	196000000	2000000	10453	0.005227
Asat_OT3098_v2_chr1D	196000000	198000000	2000000	18308	0.009154
Asat_OT3098_v2_chr1D	198000000	200000000	2000000	41558	0.020779
Asat_OT3098_v2_chr1D	200000000	202000000	2000000	47431	0.023716
Asat_OT3098_v2_chr1D	202000000	204000000	2000000	30440	0.015220
Asat_OT3098_v2_chr1D	204000000	206000000	2000000	42999	0.021500
Asat_OT3098_v2_chr1D	206000000	208000000	2000000	7330	0.003665
Asat_OT3098_v2_chr1D	208000000	210000000	2000000	15121	0.007561
Asat_OT3098_v2_chr1D	210000000	212000000	2000000	4771	0.002386
Asat_OT3098_v2_chr1D	212000000	214000000	2000000	49833	0.024917
Asat_OT3098_v2_chr1D	214000000	216000000	2000000	29584	0.014792
Asat_OT3098_v2_chr1D	216000000	218000000	2000000	49581	0.024791
Asat_OT3098_v2_chr1D	218000000	220000000	2000000	28697	0.014349
Asat_OT3098_v2_chr1D	220000000	222000000	2000000	4735	0.002367
Asat_OT3098_v2_chr1D	222000000	224000000	2000000	16513	0.008256
Asat_OT3098_v2_chr1D	224000000	226000000	2000000	43815	0.021907
Asat_OT3098_v2_chr1D	226000000	228000000	2000000	21740	0.010870
Asat_OT3098_v2_chr1D	228000000	230000000	2000000	14937	0.007469
Asat_OT3098_v2_chr1D	230000000	232000000	2000000	57187	0.028594
Asat_OT3098_v2_chr1D	232000000	234000000	2000000	13465	0.006732
Asat_OT3098_v2_chr1D	234000000	236000000	2000000	24077	0.012039
Asat_OT3098_v2_chr1D	236000000	238000000	2000000	60032	0.030016
Asat_OT3098_v2_chr1D	238000000	240000000	2000000	2553	0.001277
Asat_OT3098_v2_chr1D	240000000	242000000	2000000	28052	0.014026
Asat_OT3098_v2_chr1D	242000000	244000000	2000000	24247	0.012124
Asat_OT3098_v2_chr1D	244000000	246000000	2000000	19520	0.009760
Asat_OT3098_v2_chr1D	246000000	248000000	2000000	19464	0.009732
Asat_OT3098_v2_chr1D	248000000	250000000	2000000	0	0.000000
Asat_OT3098_v2_chr1D	250000000	252000000	2000000	10024	0.005012
Asat_OT3098_v2_chr1D	252000000	254000000	2000000	0	0.000000
Asat_OT3098_v2_chr1D	254000000	256000000	2000000	21513	0.010757
Asat_OT3098_v2_chr1D	256000000	258000000	2000000	13510	0.006755
Asat_OT3098_v2_chr1D	258000000	260000000	2000000	27478	0.013739
Asat_OT3098_v2_chr1D	260000000	262000000	2000000	25954	0.012977
Asat_OT3098_v2_chr1D	262000000	264000000	2000000	12739	0.006370
Asat_OT3098_v2_chr1D	264000000	266000000	2000000	50490	0.025245
Asat_OT3098_v2_chr1D	266000000	268000000	2000000	25727	0.012863
Asat_OT3098_v2_chr1D	268000000	270000000	2000000	9333	0.004666
Asat_OT3098_v2_chr1D	270000000	272000000	2000000	13633	0.006816
Asat_OT3098_v2_chr1D	272000000	274000000	2000000	6481	0.003240
Asat_OT3098_v2_chr1D	274000000	276000000	2000000	11983	0.005992
Asat_OT3098_v2_chr1D	276000000	278000000	2000000	14105	0.007052
Asat_OT3098_v2_chr1D	278000000	280000000	2000000	0	0.000000
Asat_OT3098_v2_chr1D	280000000	282000000	2000000	16745	0.008372
Asat_OT3098_v2_chr1D	282000000	284000000	2000000	13726	0.006863
Asat_OT3098_v2_chr1D	284000000	286000000	2000000	28573	0.014287
Asat_OT3098_v2_chr1D	286000000	288000000	2000000	9349	0.004674
Asat_OT3098_v2_chr1D	288000000	290000000	2000000	6660	0.003330
Asat_OT3098_v2_chr1D	290000000	292000000	2000000	8463	0.004232
Asat_OT3098_v2_chr1D	292000000	294000000	2000000	6059	0.003030
Asat_OT3098_v2_chr1D	294000000	296000000	2000000	8843	0.004422
Asat_OT3098_v2_chr1D	296000000	298000000	2000000	12226	0.006113
Asat_OT3098_v2_chr1D	298000000	300000000	2000000	6741	0.003370
Asat_OT3098_v2_chr1D	300000000	302000000	2000000	0	0.000000
Asat_OT3098_v2_chr1D	302000000	304000000	2000000	18437	0.009218
Asat_OT3098_v2_chr1D	304000000	306000000	2000000	0	0.000000
Asat_OT3098_v2_chr1D	306000000	308000000	2000000	5838	0.002919
Asat_OT3098_v2_chr1D	308000000	310000000	2000000	14864	0.007432
Asat_OT3098_v2_chr1D	310000000	312000000	2000000	0	0.000000
Asat_OT3098_v2_chr1D	312000000	314000000	2000000	11896	0.005948
Asat_OT3098_v2_chr1D	314000000	316000000	2000000	2515	0.001257
Asat_OT3098_v2_chr1D	316000000	318000000	2000000	0	0.000000
Asat_OT3098_v2_chr1D	318000000	320000000	2000000	26193	0.013097
Asat_OT3098_v2_chr1D	320000000	322000000	2000000	12620	0.006310
Asat_OT3098_v2_chr1D	322000000	324000000	2000000	3663	0.001832
Asat_OT3098_v2_chr1D	324000000	326000000	2000000	10156	0.005078
Asat_OT3098_v2_chr1D	326000000	328000000	2000000	0	0.000000
Asat_OT3098_v2_chr1D	328000000	330000000	2000000	3693	0.001847
Asat_OT3098_v2_chr1D	330000000	332000000	2000000	14831	0.007416
Asat_OT3098_v2_chr1D	332000000	334000000	2000000	0	0.000000
Asat_OT3098_v2_chr1D	334000000	336000000	2000000	19074	0.009537
Asat_OT3098_v2_chr1D	336000000	338000000	2000000	0	0.000000
Asat_OT3098_v2_chr1D	338000000	340000000	2000000	0	0.000000
Asat_OT3098_v2_chr1D	340000000	342000000	2000000	13467	0.006733
Asat_OT3098_v2_chr1D	342000000	344000000	2000000	0	0.000000
Asat_OT3098_v2_chr1D	344000000	346000000	2000000	9585	0.004792
Asat_OT3098_v2_chr1D	346000000	348000000	2000000	18072	0.009036
Asat_OT3098_v2_chr1D	348000000	350000000	2000000	9657	0.004829
Asat_OT3098_v2_chr1D	350000000	352000000	2000000	0	0.000000
Asat_OT3098_v2_chr1D	352000000	354000000	2000000	0	0.000000
Asat_OT3098_v2_chr1D	354000000	356000000	2000000	6612	0.003306
Asat_OT3098_v2_chr1D	356000000	358000000	2000000	12088	0.006044
Asat_OT3098_v2_chr1D	358000000	360000000	2000000	0	0.000000
Asat_OT3098_v2_chr1D	360000000	362000000	2000000	7778	0.003889
Asat_OT3098_v2_chr1D	362000000	364000000	2000000	2704	0.001352
Asat_OT3098_v2_chr1D	364000000	366000000	2000000	4715	0.002357
Asat_OT3098_v2_chr1D	366000000	368000000	2000000	3726	0.001863
Asat_OT3098_v2_chr1D	368000000	370000000	2000000	0	0.000000
Asat_OT3098_v2_chr1D	370000000	372000000	2000000	26531	0.013265
Asat_OT3098_v2_chr1D	372000000	374000000	2000000	10727	0.005364
Asat_OT3098_v2_chr1D	374000000	376000000	2000000	0	0.000000
Asat_OT3098_v2_chr1D	376000000	378000000	2000000	3686	0.001843
Asat_OT3098_v2_chr1D	378000000	380000000	2000000	15180	0.007590
Asat_OT3098_v2_chr1D	380000000	382000000	2000000	3647	0.001824
Asat_OT3098_v2_chr1D	382000000	384000000	2000000	4677	0.002338
Asat_OT3098_v2_chr1D	384000000	386000000	2000000	0	0.000000
Asat_OT3098_v2_chr1D	386000000	388000000	2000000	0	0.000000
Asat_OT3098_v2_chr1D	388000000	390000000	2000000	0	0.000000
Asat_OT3098_v2_chr1D	390000000	392000000	2000000	0	0.000000
Asat_OT3098_v2_chr1D	392000000	394000000	2000000	7642	0.003821
Asat_OT3098_v2_chr1D	394000000	396000000	2000000	0	0.000000
Asat_OT3098_v2_chr1D	396000000	398000000	2000000	9848	0.004924
Asat_OT3098_v2_chr1D	398000000	400000000	2000000	7625	0.003812
Asat_OT3098_v2_chr1D	400000000	402000000	2000000	0	0.000000
Asat_OT3098_v2_chr1D	402000000	404000000	2000000	3620	0.001810
Asat_OT3098_v2_chr1D	404000000	406000000	2000000	0	0.000000
Asat_OT3098_v2_chr1D	406000000	408000000	2000000	3944	0.001972
Asat_OT3098_v2_chr1D	408000000	410000000	2000000	6420	0.003210
Asat_OT3098_v2_chr1D	410000000	412000000	2000000	0	0.000000
Asat_OT3098_v2_chr1D	412000000	414000000	2000000	13543	0.006771
Asat_OT3098_v2_chr1D	414000000	416000000	2000000	0	0.000000
Asat_OT3098_v2_chr1D	416000000	418000000	2000000	10565	0.005282
Asat_OT3098_v2_chr1D	418000000	420000000	2000000	13306	0.006653
Asat_OT3098_v2_chr1D	420000000	422000000	2000000	8039	0.004019
Asat_OT3098_v2_chr1D	422000000	424000000	2000000	11478	0.005739
Asat_OT3098_v2_chr1D	424000000	426000000	2000000	2710	0.001355
Asat_OT3098_v2_chr1D	426000000	428000000	2000000	8672	0.004336
Asat_OT3098_v2_chr1D	428000000	430000000	2000000	8229	0.004115
Asat_OT3098_v2_chr1D	430000000	432000000	2000000	0	0.000000
Asat_OT3098_v2_chr1D	432000000	434000000	2000000	0	0.000000
Asat_OT3098_v2_chr1D	434000000	436000000	2000000	11854	0.005927
Asat_OT3098_v2_chr1D	436000000	438000000	2000000	0	0.000000
Asat_OT3098_v2_chr1D	438000000	440000000	2000000	13909	0.006954
Asat_OT3098_v2_chr1D	440000000	442000000	2000000	0	0.000000
Asat_OT3098_v2_chr1D	442000000	444000000	2000000	1783	0.000892
Asat_OT3098_v2_chr1D	444000000	446000000	2000000	7321	0.003661
Asat_OT3098_v2_chr1D	446000000	448000000	2000000	5626	0.002813
Asat_OT3098_v2_chr1D	448000000	450000000	2000000	15535	0.007768
Asat_OT3098_v2_chr1D	450000000	452000000	2000000	0	0.000000
Asat_OT3098_v2_chr1D	452000000	454000000	2000000	13548	0.006774
Asat_OT3098_v2_chr1D	454000000	456000000	2000000	0	0.000000
Asat_OT3098_v2_chr1D	456000000	458000000	2000000	0	0.000000
Asat_OT3098_v2_chr1D	458000000	460000000	2000000	25678	0.012839
Asat_OT3098_v2_chr1D	460000000	462000000	2000000	2441	0.001221
Asat_OT3098_v2_chr1D	462000000	464000000	2000000	9433	0.004717
Asat_OT3098_v2_chr1D	464000000	466000000	2000000	0	0.000000
Asat_OT3098_v2_chr1D	466000000	468000000	2000000	2175	0.001087
Asat_OT3098_v2_chr1D	468000000	470000000	2000000	10312	0.005156
Asat_OT3098_v2_chr1D	470000000	472000000	2000000	0	0.000000
Asat_OT3098_v2_chr1D	472000000	474000000	2000000	4794	0.002397
Asat_OT3098_v2_chr1D	474000000	476000000	2000000	18328	0.009164
Asat_OT3098_v2_chr1D	476000000	478000000	2000000	7573	0.003786
Asat_OT3098_v2_chr1D	478000000	480000000	2000000	0	0.000000
Asat_OT3098_v2_chr1D	480000000	482000000	2000000	32535	0.016268
Asat_OT3098_v2_chr1D	482000000	484000000	2000000	18461	0.009231
Asat_OT3098_v2_chr1D	484000000	484215583	215583	0	0.000000
Asat_OT3098_v2_chr2A	0	2000000	2000000	9200	0.004600
Asat_OT3098_v2_chr2A	2000000	4000000	2000000	26544	0.013272
Asat_OT3098_v2_chr2A	4000000	6000000	2000000	6072	0.003036
Asat_OT3098_v2_chr2A	6000000	8000000	2000000	4595	0.002298
Asat_OT3098_v2_chr2A	8000000	10000000	2000000	21457	0.010729
Asat_OT3098_v2_chr2A	10000000	12000000	2000000	2318	0.001159
Asat_OT3098_v2_chr2A	12000000	14000000	2000000	4680	0.002340
Asat_OT3098_v2_chr2A	14000000	16000000	2000000	5019	0.002510
Asat_OT3098_v2_chr2A	16000000	18000000	2000000	19247	0.009624
Asat_OT3098_v2_chr2A	18000000	20000000	2000000	13393	0.006697
Asat_OT3098_v2_chr2A	20000000	22000000	2000000	28369	0.014184
Asat_OT3098_v2_chr2A	22000000	24000000	2000000	12093	0.006046
Asat_OT3098_v2_chr2A	24000000	26000000	2000000	33656	0.016828
Asat_OT3098_v2_chr2A	26000000	28000000	2000000	28792	0.014396
Asat_OT3098_v2_chr2A	28000000	30000000	2000000	10549	0.005274
Asat_OT3098_v2_chr2A	30000000	32000000	2000000	15499	0.007750
Asat_OT3098_v2_chr2A	32000000	34000000	2000000	13015	0.006508
Asat_OT3098_v2_chr2A	34000000	36000000	2000000	22924	0.011462
Asat_OT3098_v2_chr2A	36000000	38000000	2000000	23772	0.011886
Asat_OT3098_v2_chr2A	38000000	40000000	2000000	26926	0.013463
Asat_OT3098_v2_chr2A	40000000	42000000	2000000	6128	0.003064
Asat_OT3098_v2_chr2A	42000000	44000000	2000000	14579	0.007289
Asat_OT3098_v2_chr2A	44000000	46000000	2000000	2498	0.001249
Asat_OT3098_v2_chr2A	46000000	48000000	2000000	14817	0.007409
Asat_OT3098_v2_chr2A	48000000	50000000	2000000	6570	0.003285
Asat_OT3098_v2_chr2A	50000000	52000000	2000000	36538	0.018269
Asat_OT3098_v2_chr2A	52000000	54000000	2000000	40670	0.020335
Asat_OT3098_v2_chr2A	54000000	56000000	2000000	6591	0.003295
Asat_OT3098_v2_chr2A	56000000	58000000	2000000	49038	0.024519
Asat_OT3098_v2_chr2A	58000000	60000000	2000000	40690	0.020345
Asat_OT3098_v2_chr2A	60000000	62000000	2000000	13151	0.006575
Asat_OT3098_v2_chr2A	62000000	64000000	2000000	14879	0.007439
Asat_OT3098_v2_chr2A	64000000	66000000	2000000	9537	0.004769
Asat_OT3098_v2_chr2A	66000000	68000000	2000000	15686	0.007843
Asat_OT3098_v2_chr2A	68000000	70000000	2000000	2295	0.001148
Asat_OT3098_v2_chr2A	70000000	72000000	2000000	17063	0.008531
Asat_OT3098_v2_chr2A	72000000	74000000	2000000	41078	0.020539
Asat_OT3098_v2_chr2A	74000000	76000000	2000000	24525	0.012263
Asat_OT3098_v2_chr2A	76000000	78000000	2000000	25253	0.012627
Asat_OT3098_v2_chr2A	78000000	80000000	2000000	1606	0.000803
Asat_OT3098_v2_chr2A	80000000	82000000	2000000	21305	0.010653
Asat_OT3098_v2_chr2A	82000000	84000000	2000000	0	0.000000
Asat_OT3098_v2_chr2A	84000000	86000000	2000000	30771	0.015385
Asat_OT3098_v2_chr2A	86000000	88000000	2000000	23874	0.011937
Asat_OT3098_v2_chr2A	88000000	90000000	2000000	28489	0.014245
Asat_OT3098_v2_chr2A	90000000	92000000	2000000	20888	0.010444
Asat_OT3098_v2_chr2A	92000000	94000000	2000000	37920	0.018960
Asat_OT3098_v2_chr2A	94000000	96000000	2000000	28053	0.014027
Asat_OT3098_v2_chr2A	96000000	98000000	2000000	36385	0.018193
Asat_OT3098_v2_chr2A	98000000	100000000	2000000	9137	0.004568
Asat_OT3098_v2_chr2A	100000000	102000000	2000000	19830	0.009915
Asat_OT3098_v2_chr2A	102000000	104000000	2000000	23976	0.011988
Asat_OT3098_v2_chr2A	104000000	106000000	2000000	6436	0.003218
Asat_OT3098_v2_chr2A	106000000	108000000	2000000	6040	0.003020
Asat_OT3098_v2_chr2A	108000000	110000000	2000000	18749	0.009374
Asat_OT3098_v2_chr2A	110000000	112000000	2000000	63678	0.031839
Asat_OT3098_v2_chr2A	112000000	114000000	2000000	21192	0.010596
Asat_OT3098_v2_chr2A	114000000	116000000	2000000	29374	0.014687
Asat_OT3098_v2_chr2A	116000000	118000000	2000000	35600	0.017800
Asat_OT3098_v2_chr2A	118000000	120000000	2000000	23204	0.011602
Asat_OT3098_v2_chr2A	120000000	122000000	2000000	37130	0.018565
Asat_OT3098_v2_chr2A	122000000	124000000	2000000	30592	0.015296
Asat_OT3098_v2_chr2A	124000000	126000000	2000000	38375	0.019187
Asat_OT3098_v2_chr2A	126000000	128000000	2000000	18286	0.009143
Asat_OT3098_v2_chr2A	128000000	130000000	2000000	31543	0.015772
Asat_OT3098_v2_chr2A	130000000	132000000	2000000	47330	0.023665
Asat_OT3098_v2_chr2A	132000000	134000000	2000000	46398	0.023199
Asat_OT3098_v2_chr2A	134000000	136000000	2000000	31934	0.015967
Asat_OT3098_v2_chr2A	136000000	138000000	2000000	19937	0.009968
Asat_OT3098_v2_chr2A	138000000	140000000	2000000	26565	0.013282
Asat_OT3098_v2_chr2A	140000000	142000000	2000000	27014	0.013507
Asat_OT3098_v2_chr2A	142000000	144000000	2000000	21762	0.010881
Asat_OT3098_v2_chr2A	144000000	146000000	2000000	27711	0.013855
Asat_OT3098_v2_chr2A	146000000	148000000	2000000	25629	0.012814
Asat_OT3098_v2_chr2A	148000000	150000000	2000000	34323	0.017161
Asat_OT3098_v2_chr2A	150000000	152000000	2000000	39024	0.019512
Asat_OT3098_v2_chr2A	152000000	154000000	2000000	52044	0.026022
Asat_OT3098_v2_chr2A	154000000	156000000	2000000	7577	0.003789
Asat_OT3098_v2_chr2A	156000000	158000000	2000000	33437	0.016719
Asat_OT3098_v2_chr2A	158000000	160000000	2000000	9542	0.004771
Asat_OT3098_v2_chr2A	160000000	162000000	2000000	66514	0.033257
Asat_OT3098_v2_chr2A	162000000	164000000	2000000	32392	0.016196
Asat_OT3098_v2_chr2A	164000000	166000000	2000000	74513	0.037256
Asat_OT3098_v2_chr2A	166000000	168000000	2000000	54391	0.027196
Asat_OT3098_v2_chr2A	168000000	170000000	2000000	22337	0.011168
Asat_OT3098_v2_chr2A	170000000	172000000	2000000	75515	0.037757
Asat_OT3098_v2_chr2A	172000000	174000000	2000000	19296	0.009648
Asat_OT3098_v2_chr2A	174000000	176000000	2000000	71704	0.035852
Asat_OT3098_v2_chr2A	176000000	178000000	2000000	49552	0.024776
Asat_OT3098_v2_chr2A	178000000	180000000	2000000	20980	0.010490
Asat_OT3098_v2_chr2A	180000000	182000000	2000000	48896	0.024448
Asat_OT3098_v2_chr2A	182000000	184000000	2000000	23167	0.011584
Asat_OT3098_v2_chr2A	184000000	186000000	2000000	53682	0.026841
Asat_OT3098_v2_chr2A	186000000	188000000	2000000	15444	0.007722
Asat_OT3098_v2_chr2A	188000000	190000000	2000000	38306	0.019153
Asat_OT3098_v2_chr2A	190000000	192000000	2000000	8683	0.004341
Asat_OT3098_v2_chr2A	192000000	194000000	2000000	40867	0.020434
Asat_OT3098_v2_chr2A	194000000	196000000	2000000	17191	0.008596
Asat_OT3098_v2_chr2A	196000000	198000000	2000000	13019	0.006509
Asat_OT3098_v2_chr2A	198000000	200000000	2000000	68509	0.034255
Asat_OT3098_v2_chr2A	200000000	202000000	2000000	23256	0.011628
Asat_OT3098_v2_chr2A	202000000	204000000	2000000	32415	0.016207
Asat_OT3098_v2_chr2A	204000000	206000000	2000000	55728	0.027864
Asat_OT3098_v2_chr2A	206000000	208000000	2000000	20438	0.010219
Asat_OT3098_v2_chr2A	208000000	210000000	2000000	50882	0.025441
Asat_OT3098_v2_chr2A	210000000	212000000	2000000	0	0.000000
Asat_OT3098_v2_chr2A	212000000	214000000	2000000	13750	0.006875
Asat_OT3098_v2_chr2A	214000000	216000000	2000000	35870	0.017935
Asat_OT3098_v2_chr2A	216000000	218000000	2000000	43887	0.021944
Asat_OT3098_v2_chr2A	218000000	220000000	2000000	4894	0.002447
Asat_OT3098_v2_chr2A	220000000	222000000	2000000	17626	0.008813
Asat_OT3098_v2_chr2A	222000000	224000000	2000000	25737	0.012868
Asat_OT3098_v2_chr2A	224000000	226000000	2000000	29311	0.014656
Asat_OT3098_v2_chr2A	226000000	228000000	2000000	23792	0.011896
Asat_OT3098_v2_chr2A	228000000	230000000	2000000	37176	0.018588
Asat_OT3098_v2_chr2A	230000000	232000000	2000000	20346	0.010173
Asat_OT3098_v2_chr2A	232000000	234000000	2000000	36597	0.018298
Asat_OT3098_v2_chr2A	234000000	236000000	2000000	5020	0.002510
Asat_OT3098_v2_chr2A	236000000	238000000	2000000	10330	0.005165
Asat_OT3098_v2_chr2A	238000000	240000000	2000000	18760	0.009380
Asat_OT3098_v2_chr2A	240000000	242000000	2000000	14893	0.007446
Asat_OT3098_v2_chr2A	242000000	244000000	2000000	19774	0.009887
Asat_OT3098_v2_chr2A	244000000	246000000	2000000	20622	0.010311
Asat_OT3098_v2_chr2A	246000000	248000000	2000000	7554	0.003777
Asat_OT3098_v2_chr2A	248000000	250000000	2000000	12697	0.006348
Asat_OT3098_v2_chr2A	250000000	252000000	2000000	34449	0.017225
Asat_OT3098_v2_chr2A	252000000	254000000	2000000	10599	0.005300
Asat_OT3098_v2_chr2A	254000000	256000000	2000000	14594	0.007297
Asat_OT3098_v2_chr2A	256000000	258000000	2000000	17790	0.008895
Asat_OT3098_v2_chr2A	258000000	260000000	2000000	19629	0.009815
Asat_OT3098_v2_chr2A	260000000	262000000	2000000	8501	0.004250
Asat_OT3098_v2_chr2A	262000000	264000000	2000000	18575	0.009288
Asat_OT3098_v2_chr2A	264000000	266000000	2000000	3654	0.001827
Asat_OT3098_v2_chr2A	266000000	268000000	2000000	44362	0.022181
Asat_OT3098_v2_chr2A	268000000	270000000	2000000	17373	0.008686
Asat_OT3098_v2_chr2A	270000000	272000000	2000000	3138	0.001569
Asat_OT3098_v2_chr2A	272000000	274000000	2000000	5993	0.002997
Asat_OT3098_v2_chr2A	274000000	276000000	2000000	2308	0.001154
Asat_OT3098_v2_chr2A	276000000	278000000	2000000	17055	0.008528
Asat_OT3098_v2_chr2A	278000000	280000000	2000000	0	0.000000
Asat_OT3098_v2_chr2A	280000000	282000000	2000000	4890	0.002445
Asat_OT3098_v2_chr2A	282000000	284000000	2000000	2305	0.001153
Asat_OT3098_v2_chr2A	284000000	286000000	2000000	9598	0.004799
Asat_OT3098_v2_chr2A	286000000	288000000	2000000	24046	0.012023
Asat_OT3098_v2_chr2A	288000000	290000000	2000000	14280	0.007140
Asat_OT3098_v2_chr2A	290000000	292000000	2000000	4843	0.002422
Asat_OT3098_v2_chr2A	292000000	294000000	2000000	0	0.000000
Asat_OT3098_v2_chr2A	294000000	296000000	2000000	0	0.000000
Asat_OT3098_v2_chr2A	296000000	298000000	2000000	24140	0.012070
Asat_OT3098_v2_chr2A	298000000	300000000	2000000	12763	0.006382
Asat_OT3098_v2_chr2A	300000000	302000000	2000000	0	0.000000
Asat_OT3098_v2_chr2A	302000000	304000000	2000000	7370	0.003685
Asat_OT3098_v2_chr2A	304000000	306000000	2000000	0	0.000000
Asat_OT3098_v2_chr2A	306000000	308000000	2000000	9269	0.004634
Asat_OT3098_v2_chr2A	308000000	310000000	2000000	12917	0.006458
Asat_OT3098_v2_chr2A	310000000	312000000	2000000	9406	0.004703
Asat_OT3098_v2_chr2A	312000000	314000000	2000000	13527	0.006764
Asat_OT3098_v2_chr2A	314000000	316000000	2000000	10744	0.005372
Asat_OT3098_v2_chr2A	316000000	318000000	2000000	4826	0.002413
Asat_OT3098_v2_chr2A	318000000	320000000	2000000	12819	0.006410
Asat_OT3098_v2_chr2A	320000000	322000000	2000000	2421	0.001210
Asat_OT3098_v2_chr2A	322000000	324000000	2000000	0	0.000000
Asat_OT3098_v2_chr2A	324000000	326000000	2000000	30404	0.015202
Asat_OT3098_v2_chr2A	326000000	328000000	2000000	8054	0.004027
Asat_OT3098_v2_chr2A	328000000	330000000	2000000	24194	0.012097
Asat_OT3098_v2_chr2A	330000000	332000000	2000000	10538	0.005269
Asat_OT3098_v2_chr2A	332000000	334000000	2000000	20022	0.010011
Asat_OT3098_v2_chr2A	334000000	336000000	2000000	4709	0.002354
Asat_OT3098_v2_chr2A	336000000	338000000	2000000	19145	0.009572
Asat_OT3098_v2_chr2A	338000000	340000000	2000000	12837	0.006418
Asat_OT3098_v2_chr2A	340000000	342000000	2000000	48751	0.024376
Asat_OT3098_v2_chr2A	342000000	344000000	2000000	11930	0.005965
Asat_OT3098_v2_chr2A	344000000	346000000	2000000	4904	0.002452
Asat_OT3098_v2_chr2A	346000000	348000000	2000000	8505	0.004253
Asat_OT3098_v2_chr2A	348000000	350000000	2000000	0	0.000000
Asat_OT3098_v2_chr2A	350000000	352000000	2000000	12997	0.006498
Asat_OT3098_v2_chr2A	352000000	354000000	2000000	5490	0.002745
Asat_OT3098_v2_chr2A	354000000	356000000	2000000	5029	0.002514
Asat_OT3098_v2_chr2A	356000000	358000000	2000000	8321	0.004161
Asat_OT3098_v2_chr2A	358000000	360000000	2000000	22361	0.011180
Asat_OT3098_v2_chr2A	360000000	362000000	2000000	16177	0.008089
Asat_OT3098_v2_chr2A	362000000	364000000	2000000	5805	0.002903
Asat_OT3098_v2_chr2A	364000000	366000000	2000000	9680	0.004840
Asat_OT3098_v2_chr2A	366000000	368000000	2000000	0	0.000000
Asat_OT3098_v2_chr2A	368000000	370000000	2000000	7132	0.003566
Asat_OT3098_v2_chr2A	370000000	372000000	2000000	0	0.000000
Asat_OT3098_v2_chr2A	372000000	374000000	2000000	14457	0.007228
Asat_OT3098_v2_chr2A	374000000	376000000	2000000	4599	0.002299
Asat_OT3098_v2_chr2A	376000000	378000000	2000000	28245	0.014122
Asat_OT3098_v2_chr2A	378000000	380000000	2000000	0	0.000000
Asat_OT3098_v2_chr2A	380000000	382000000	2000000	9190	0.004595
Asat_OT3098_v2_chr2A	382000000	384000000	2000000	28167	0.014084
Asat_OT3098_v2_chr2A	384000000	386000000	2000000	5276	0.002638
Asat_OT3098_v2_chr2A	386000000	388000000	2000000	10362	0.005181
Asat_OT3098_v2_chr2A	388000000	390000000	2000000	43459	0.021729
Asat_OT3098_v2_chr2A	390000000	392000000	2000000	6474	0.003237
Asat_OT3098_v2_chr2A	392000000	394000000	2000000	18707	0.009354
Asat_OT3098_v2_chr2A	394000000	396000000	2000000	5216	0.002608
Asat_OT3098_v2_chr2A	396000000	398000000	2000000	10466	0.005233
Asat_OT3098_v2_chr2A	398000000	400000000	2000000	0	0.000000
Asat_OT3098_v2_chr2A	400000000	402000000	2000000	3636	0.001818
Asat_OT3098_v2_chr2A	402000000	404000000	2000000	27113	0.013557
Asat_OT3098_v2_chr2A	404000000	406000000	2000000	2438	0.001219
Asat_OT3098_v2_chr2A	406000000	408000000	2000000	2418	0.001209
Asat_OT3098_v2_chr2A	408000000	410000000	2000000	22352	0.011176
Asat_OT3098_v2_chr2A	410000000	412000000	2000000	19757	0.009879
Asat_OT3098_v2_chr2A	412000000	414000000	2000000	0	0.000000
Asat_OT3098_v2_chr2A	414000000	416000000	2000000	15444	0.007722
Asat_OT3098_v2_chr2A	416000000	418000000	2000000	0	0.000000
Asat_OT3098_v2_chr2A	418000000	420000000	2000000	2282	0.001141
Asat_OT3098_v2_chr2A	420000000	422000000	2000000	10985	0.005492
Asat_OT3098_v2_chr2A	422000000	424000000	2000000	17482	0.008741
Asat_OT3098_v2_chr2A	424000000	426000000	2000000	13251	0.006626
Asat_OT3098_v2_chr2A	426000000	428000000	2000000	11544	0.005772
Asat_OT3098_v2_chr2A	428000000	430000000	2000000	4574	0.002287
Asat_OT3098_v2_chr2A	430000000	432000000	2000000	12924	0.006462
Asat_OT3098_v2_chr2A	432000000	434000000	2000000	2307	0.001154
Asat_OT3098_v2_chr2A	434000000	436000000	2000000	2425	0.001213
Asat_OT3098_v2_chr2A	436000000	438000000	2000000	21140	0.010570
Asat_OT3098_v2_chr2A	438000000	440000000	2000000	0	0.000000
Asat_OT3098_v2_chr2A	440000000	442000000	2000000	25290	0.012645
Asat_OT3098_v2_chr2A	442000000	444000000	2000000	9888	0.004944
Asat_OT3098_v2_chr2A	444000000	446000000	2000000	0	0.000000
Asat_OT3098_v2_chr2A	446000000	448000000	2000000	25069	0.012535
Asat_OT3098_v2_chr2A	448000000	449127287	1127287	0	0.000000
Asat_OT3098_v2_chr2C	0	2000000	2000000	4666	0.002333
Asat_OT3098_v2_chr2C	2000000	4000000	2000000	18458	0.009229
Asat_OT3098_v2_chr2C	4000000	6000000	2000000	42602	0.021301
Asat_OT3098_v2_chr2C	6000000	8000000	2000000	23305	0.011652
Asat_OT3098_v2_chr2C	8000000	10000000	2000000	17459	0.008729
Asat_OT3098_v2_chr2C	10000000	12000000	2000000	13893	0.006947
Asat_OT3098_v2_chr2C	12000000	14000000	2000000	28694	0.014347
Asat_OT3098_v2_chr2C	14000000	16000000	2000000	7981	0.003991
Asat_OT3098_v2_chr2C	16000000	18000000	2000000	22933	0.011466
Asat_OT3098_v2_chr2C	18000000	20000000	2000000	11660	0.005830
Asat_OT3098_v2_chr2C	20000000	22000000	2000000	13344	0.006672
Asat_OT3098_v2_chr2C	22000000	24000000	2000000	25534	0.012767
Asat_OT3098_v2_chr2C	24000000	26000000	2000000	25489	0.012745
Asat_OT3098_v2_chr2C	26000000	28000000	2000000	15566	0.007783
Asat_OT3098_v2_chr2C	28000000	30000000	2000000	25118	0.012559
Asat_OT3098_v2_chr2C	30000000	32000000	2000000	21090	0.010545
Asat_OT3098_v2_chr2C	32000000	34000000	2000000	34107	0.017053
Asat_OT3098_v2_chr2C	34000000	36000000	2000000	26341	0.013170
Asat_OT3098_v2_chr2C	36000000	38000000	2000000	40407	0.020203
Asat_OT3098_v2_chr2C	38000000	40000000	2000000	19786	0.009893
Asat_OT3098_v2_chr2C	40000000	42000000	2000000	45001	0.022500
Asat_OT3098_v2_chr2C	42000000	44000000	2000000	41922	0.020961
Asat_OT3098_v2_chr2C	44000000	46000000	2000000	4658	0.002329
Asat_OT3098_v2_chr2C	46000000	48000000	2000000	16859	0.008429
Asat_OT3098_v2_chr2C	48000000	50000000	2000000	21409	0.010705
Asat_OT3098_v2_chr2C	50000000	52000000	2000000	19420	0.009710
Asat_OT3098_v2_chr2C	52000000	54000000	2000000	60849	0.030425
Asat_OT3098_v2_chr2C	54000000	56000000	2000000	33846	0.016923
Asat_OT3098_v2_chr2C	56000000	58000000	2000000	20040	0.010020
Asat_OT3098_v2_chr2C	58000000	60000000	2000000	23222	0.011611
Asat_OT3098_v2_chr2C	60000000	62000000	2000000	37190	0.018595
Asat_OT3098_v2_chr2C	62000000	64000000	2000000	28586	0.014293
Asat_OT3098_v2_chr2C	64000000	66000000	2000000	0	0.000000
Asat_OT3098_v2_chr2C	66000000	68000000	2000000	27778	0.013889
Asat_OT3098_v2_chr2C	68000000	70000000	2000000	56199	0.028099
Asat_OT3098_v2_chr2C	70000000	72000000	2000000	19593	0.009796
Asat_OT3098_v2_chr2C	72000000	74000000	2000000	38723	0.019362
Asat_OT3098_v2_chr2C	74000000	76000000	2000000	34938	0.017469
Asat_OT3098_v2_chr2C	76000000	78000000	2000000	51066	0.025533
Asat_OT3098_v2_chr2C	78000000	80000000	2000000	57382	0.028691
Asat_OT3098_v2_chr2C	80000000	82000000	2000000	39669	0.019835
Asat_OT3098_v2_chr2C	82000000	84000000	2000000	39231	0.019616
Asat_OT3098_v2_chr2C	84000000	86000000	2000000	29070	0.014535
Asat_OT3098_v2_chr2C	86000000	88000000	2000000	31526	0.015763
Asat_OT3098_v2_chr2C	88000000	90000000	2000000	50779	0.025389
Asat_OT3098_v2_chr2C	90000000	92000000	2000000	46046	0.023023
Asat_OT3098_v2_chr2C	92000000	94000000	2000000	58346	0.029173
Asat_OT3098_v2_chr2C	94000000	96000000	2000000	63896	0.031948
Asat_OT3098_v2_chr2C	96000000	98000000	2000000	17986	0.008993
Asat_OT3098_v2_chr2C	98000000	100000000	2000000	16664	0.008332
Asat_OT3098_v2_chr2C	100000000	102000000	2000000	14866	0.007433
Asat_OT3098_v2_chr2C	102000000	104000000	2000000	8753	0.004377
Asat_OT3098_v2_chr2C	104000000	106000000	2000000	8121	0.004060
Asat_OT3098_v2_chr2C	106000000	108000000	2000000	23862	0.011931
Asat_OT3098_v2_chr2C	108000000	110000000	2000000	48667	0.024334
Asat_OT3098_v2_chr2C	110000000	112000000	2000000	55611	0.027806
Asat_OT3098_v2_chr2C	112000000	114000000	2000000	25068	0.012534
Asat_OT3098_v2_chr2C	114000000	116000000	2000000	55602	0.027801
Asat_OT3098_v2_chr2C	116000000	118000000	2000000	93572	0.046786
Asat_OT3098_v2_chr2C	118000000	120000000	2000000	31977	0.015988
Asat_OT3098_v2_chr2C	120000000	122000000	2000000	50863	0.025431
Asat_OT3098_v2_chr2C	122000000	124000000	2000000	18183	0.009092
Asat_OT3098_v2_chr2C	124000000	126000000	2000000	45027	0.022513
Asat_OT3098_v2_chr2C	126000000	128000000	2000000	40771	0.020386
Asat_OT3098_v2_chr2C	128000000	130000000	2000000	20968	0.010484
Asat_OT3098_v2_chr2C	130000000	132000000	2000000	52852	0.026426
Asat_OT3098_v2_chr2C	132000000	134000000	2000000	67655	0.033828
Asat_OT3098_v2_chr2C	134000000	136000000	2000000	23052	0.011526
Asat_OT3098_v2_chr2C	136000000	138000000	2000000	13867	0.006934
Asat_OT3098_v2_chr2C	138000000	140000000	2000000	24948	0.012474
Asat_OT3098_v2_chr2C	140000000	142000000	2000000	13239	0.006620
Asat_OT3098_v2_chr2C	142000000	144000000	2000000	30635	0.015317
Asat_OT3098_v2_chr2C	144000000	146000000	2000000	35174	0.017587
Asat_OT3098_v2_chr2C	146000000	148000000	2000000	41935	0.020968
Asat_OT3098_v2_chr2C	148000000	150000000	2000000	13057	0.006528
Asat_OT3098_v2_chr2C	150000000	152000000	2000000	47964	0.023982
Asat_OT3098_v2_chr2C	152000000	154000000	2000000	66135	0.033067
Asat_OT3098_v2_chr2C	154000000	156000000	2000000	29513	0.014757
Asat_OT3098_v2_chr2C	156000000	158000000	2000000	21151	0.010575
Asat_OT3098_v2_chr2C	158000000	160000000	2000000	22684	0.011342
Asat_OT3098_v2_chr2C	160000000	162000000	2000000	36972	0.018486
Asat_OT3098_v2_chr2C	162000000	164000000	2000000	42020	0.021010
Asat_OT3098_v2_chr2C	164000000	166000000	2000000	31765	0.015883
Asat_OT3098_v2_chr2C	166000000	168000000	2000000	28812	0.014406
Asat_OT3098_v2_chr2C	168000000	170000000	2000000	14983	0.007491
Asat_OT3098_v2_chr2C	170000000	172000000	2000000	36122	0.018061
Asat_OT3098_v2_chr2C	172000000	174000000	2000000	43319	0.021660
Asat_OT3098_v2_chr2C	174000000	176000000	2000000	22303	0.011151
Asat_OT3098_v2_chr2C	176000000	178000000	2000000	64416	0.032208
Asat_OT3098_v2_chr2C	178000000	180000000	2000000	21004	0.010502
Asat_OT3098_v2_chr2C	180000000	182000000	2000000	25563	0.012781
Asat_OT3098_v2_chr2C	182000000	184000000	2000000	19216	0.009608
Asat_OT3098_v2_chr2C	184000000	186000000	2000000	42995	0.021497
Asat_OT3098_v2_chr2C	186000000	188000000	2000000	12382	0.006191
Asat_OT3098_v2_chr2C	188000000	190000000	2000000	38826	0.019413
Asat_OT3098_v2_chr2C	190000000	192000000	2000000	92107	0.046053
Asat_OT3098_v2_chr2C	192000000	194000000	2000000	86599	0.043299
Asat_OT3098_v2_chr2C	194000000	196000000	2000000	36396	0.018198
Asat_OT3098_v2_chr2C	196000000	198000000	2000000	37000	0.018500
Asat_OT3098_v2_chr2C	198000000	200000000	2000000	81001	0.040501
Asat_OT3098_v2_chr2C	200000000	202000000	2000000	28806	0.014403
Asat_OT3098_v2_chr2C	202000000	204000000	2000000	92934	0.046467
Asat_OT3098_v2_chr2C	204000000	206000000	2000000	89969	0.044984
Asat_OT3098_v2_chr2C	206000000	208000000	2000000	40588	0.020294
Asat_OT3098_v2_chr2C	208000000	210000000	2000000	58811	0.029406
Asat_OT3098_v2_chr2C	210000000	212000000	2000000	49348	0.024674
Asat_OT3098_v2_chr2C	212000000	214000000	2000000	72490	0.036245
Asat_OT3098_v2_chr2C	214000000	216000000	2000000	58461	0.029230
Asat_OT3098_v2_chr2C	216000000	218000000	2000000	39659	0.019829
Asat_OT3098_v2_chr2C	218000000	220000000	2000000	70088	0.035044
Asat_OT3098_v2_chr2C	220000000	222000000	2000000	26524	0.013262
Asat_OT3098_v2_chr2C	222000000	224000000	2000000	24412	0.012206
Asat_OT3098_v2_chr2C	224000000	226000000	2000000	13402	0.006701
Asat_OT3098_v2_chr2C	226000000	228000000	2000000	33388	0.016694
Asat_OT3098_v2_chr2C	228000000	230000000	2000000	41232	0.020616
Asat_OT3098_v2_chr2C	230000000	232000000	2000000	93927	0.046963
Asat_OT3098_v2_chr2C	232000000	234000000	2000000	72552	0.036276
Asat_OT3098_v2_chr2C	234000000	236000000	2000000	44349	0.022174
Asat_OT3098_v2_chr2C	236000000	238000000	2000000	49168	0.024584
Asat_OT3098_v2_chr2C	238000000	240000000	2000000	83858	0.041929
Asat_OT3098_v2_chr2C	240000000	242000000	2000000	107186	0.053593
Asat_OT3098_v2_chr2C	242000000	244000000	2000000	57321	0.028660
Asat_OT3098_v2_chr2C	244000000	246000000	2000000	26639	0.013319
Asat_OT3098_v2_chr2C	246000000	248000000	2000000	19934	0.009967
Asat_OT3098_v2_chr2C	248000000	250000000	2000000	2660	0.001330
Asat_OT3098_v2_chr2C	250000000	252000000	2000000	23693	0.011846
Asat_OT3098_v2_chr2C	252000000	254000000	2000000	47871	0.023935
Asat_OT3098_v2_chr2C	254000000	256000000	2000000	35506	0.017753
Asat_OT3098_v2_chr2C	256000000	258000000	2000000	49987	0.024993
Asat_OT3098_v2_chr2C	258000000	260000000	2000000	61423	0.030711
Asat_OT3098_v2_chr2C	260000000	262000000	2000000	43468	0.021734
Asat_OT3098_v2_chr2C	262000000	264000000	2000000	63674	0.031837
Asat_OT3098_v2_chr2C	264000000	266000000	2000000	37151	0.018576
Asat_OT3098_v2_chr2C	266000000	268000000	2000000	51714	0.025857
Asat_OT3098_v2_chr2C	268000000	270000000	2000000	32615	0.016307
Asat_OT3098_v2_chr2C	270000000	272000000	2000000	64160	0.032080
Asat_OT3098_v2_chr2C	272000000	274000000	2000000	51675	0.025837
Asat_OT3098_v2_chr2C	274000000	276000000	2000000	50678	0.025339
Asat_OT3098_v2_chr2C	276000000	278000000	2000000	54705	0.027352
Asat_OT3098_v2_chr2C	278000000	280000000	2000000	69317	0.034659
Asat_OT3098_v2_chr2C	280000000	282000000	2000000	20343	0.010171
Asat_OT3098_v2_chr2C	282000000	284000000	2000000	42826	0.021413
Asat_OT3098_v2_chr2C	284000000	286000000	2000000	112121	0.056060
Asat_OT3098_v2_chr2C	286000000	288000000	2000000	65407	0.032704
Asat_OT3098_v2_chr2C	288000000	290000000	2000000	59773	0.029886
Asat_OT3098_v2_chr2C	290000000	292000000	2000000	35945	0.017972
Asat_OT3098_v2_chr2C	292000000	294000000	2000000	51946	0.025973
Asat_OT3098_v2_chr2C	294000000	296000000	2000000	71666	0.035833
Asat_OT3098_v2_chr2C	296000000	298000000	2000000	67714	0.033857
Asat_OT3098_v2_chr2C	298000000	300000000	2000000	48513	0.024257
Asat_OT3098_v2_chr2C	300000000	302000000	2000000	47113	0.023557
Asat_OT3098_v2_chr2C	302000000	304000000	2000000	35385	0.017692
Asat_OT3098_v2_chr2C	304000000	306000000	2000000	56817	0.028408
Asat_OT3098_v2_chr2C	306000000	308000000	2000000	54406	0.027203
Asat_OT3098_v2_chr2C	308000000	310000000	2000000	31148	0.015574
Asat_OT3098_v2_chr2C	310000000	312000000	2000000	65938	0.032969
Asat_OT3098_v2_chr2C	312000000	314000000	2000000	40842	0.020421
Asat_OT3098_v2_chr2C	314000000	316000000	2000000	38471	0.019235
Asat_OT3098_v2_chr2C	316000000	318000000	2000000	72763	0.036381
Asat_OT3098_v2_chr2C	318000000	320000000	2000000	32698	0.016349
Asat_OT3098_v2_chr2C	320000000	322000000	2000000	36046	0.018023
Asat_OT3098_v2_chr2C	322000000	324000000	2000000	73219	0.036610
Asat_OT3098_v2_chr2C	324000000	326000000	2000000	26941	0.013470
Asat_OT3098_v2_chr2C	326000000	328000000	2000000	51197	0.025598
Asat_OT3098_v2_chr2C	328000000	330000000	2000000	26520	0.013260
Asat_OT3098_v2_chr2C	330000000	332000000	2000000	50005	0.025003
Asat_OT3098_v2_chr2C	332000000	334000000	2000000	36719	0.018360
Asat_OT3098_v2_chr2C	334000000	336000000	2000000	46485	0.023242
Asat_OT3098_v2_chr2C	336000000	338000000	2000000	43352	0.021676
Asat_OT3098_v2_chr2C	338000000	340000000	2000000	68738	0.034369
Asat_OT3098_v2_chr2C	340000000	342000000	2000000	42881	0.021441
Asat_OT3098_v2_chr2C	342000000	344000000	2000000	11785	0.005893
Asat_OT3098_v2_chr2C	344000000	346000000	2000000	47435	0.023717
Asat_OT3098_v2_chr2C	346000000	348000000	2000000	12561	0.006280
Asat_OT3098_v2_chr2C	348000000	350000000	2000000	12157	0.006078
Asat_OT3098_v2_chr2C	350000000	352000000	2000000	14000	0.007000
Asat_OT3098_v2_chr2C	352000000	354000000	2000000	75236	0.037618
Asat_OT3098_v2_chr2C	354000000	356000000	2000000	0	0.000000
Asat_OT3098_v2_chr2C	356000000	358000000	2000000	29692	0.014846
Asat_OT3098_v2_chr2C	358000000	360000000	2000000	19822	0.009911
Asat_OT3098_v2_chr2C	360000000	362000000	2000000	12885	0.006443
Asat_OT3098_v2_chr2C	362000000	364000000	2000000	35147	0.017573
Asat_OT3098_v2_chr2C	364000000	366000000	2000000	27587	0.013794
Asat_OT3098_v2_chr2C	366000000	368000000	2000000	52643	0.026322
Asat_OT3098_v2_chr2C	368000000	370000000	2000000	7796	0.003898
Asat_OT3098_v2_chr2C	370000000	372000000	2000000	37050	0.018525
Asat_OT3098_v2_chr2C	372000000	374000000	2000000	38767	0.019384
Asat_OT3098_v2_chr2C	374000000	376000000	2000000	71117	0.035558
Asat_OT3098_v2_chr2C	376000000	378000000	2000000	11959	0.005979
Asat_OT3098_v2_chr2C	378000000	380000000	2000000	26071	0.013036
Asat_OT3098_v2_chr2C	380000000	382000000	2000000	16243	0.008122
Asat_OT3098_v2_chr2C	382000000	384000000	2000000	19686	0.009843
Asat_OT3098_v2_chr2C	384000000	386000000	2000000	39216	0.019608
Asat_OT3098_v2_chr2C	386000000	388000000	2000000	17955	0.008977
Asat_OT3098_v2_chr2C	388000000	390000000	2000000	55855	0.027928
Asat_OT3098_v2_chr2C	390000000	392000000	2000000	3285	0.001643
Asat_OT3098_v2_chr2C	392000000	394000000	2000000	18721	0.009361
Asat_OT3098_v2_chr2C	394000000	396000000	2000000	16302	0.008151
Asat_OT3098_v2_chr2C	396000000	398000000	2000000	42421	0.021211
Asat_OT3098_v2_chr2C	398000000	400000000	2000000	16551	0.008275
Asat_OT3098_v2_chr2C	400000000	402000000	2000000	18514	0.009257
Asat_OT3098_v2_chr2C	402000000	404000000	2000000	55252	0.027626
Asat_OT3098_v2_chr2C	404000000	406000000	2000000	18393	0.009196
Asat_OT3098_v2_chr2C	406000000	408000000	2000000	25991	0.012996
Asat_OT3098_v2_chr2C	408000000	410000000	2000000	36975	0.018488
Asat_OT3098_v2_chr2C	410000000	412000000	2000000	10734	0.005367
Asat_OT3098_v2_chr2C	412000000	414000000	2000000	20148	0.010074
Asat_OT3098_v2_chr2C	414000000	416000000	2000000	11058	0.005529
Asat_OT3098_v2_chr2C	416000000	418000000	2000000	9416	0.004708
Asat_OT3098_v2_chr2C	418000000	420000000	2000000	2272	0.001136
Asat_OT3098_v2_chr2C	420000000	422000000	2000000	9034	0.004517
Asat_OT3098_v2_chr2C	422000000	424000000	2000000	35021	0.017510
Asat_OT3098_v2_chr2C	424000000	426000000	2000000	10770	0.005385
Asat_OT3098_v2_chr2C	426000000	428000000	2000000	12296	0.006148
Asat_OT3098_v2_chr2C	428000000	430000000	2000000	29805	0.014903
Asat_OT3098_v2_chr2C	430000000	432000000	2000000	48978	0.024489
Asat_OT3098_v2_chr2C	432000000	434000000	2000000	16240	0.008120
Asat_OT3098_v2_chr2C	434000000	436000000	2000000	7672	0.003836
Asat_OT3098_v2_chr2C	436000000	438000000	2000000	17337	0.008669
Asat_OT3098_v2_chr2C	438000000	440000000	2000000	16733	0.008367
Asat_OT3098_v2_chr2C	440000000	442000000	2000000	34533	0.017267
Asat_OT3098_v2_chr2C	442000000	444000000	2000000	35715	0.017857
Asat_OT3098_v2_chr2C	444000000	446000000	2000000	20140	0.010070
Asat_OT3098_v2_chr2C	446000000	448000000	2000000	34924	0.017462
Asat_OT3098_v2_chr2C	448000000	450000000	2000000	5935	0.002968
Asat_OT3098_v2_chr2C	450000000	452000000	2000000	21532	0.010766
Asat_OT3098_v2_chr2C	452000000	454000000	2000000	10652	0.005326
Asat_OT3098_v2_chr2C	454000000	456000000	2000000	43012	0.021506
Asat_OT3098_v2_chr2C	456000000	458000000	2000000	6218	0.003109
Asat_OT3098_v2_chr2C	458000000	460000000	2000000	13252	0.006626
Asat_OT3098_v2_chr2C	460000000	462000000	2000000	4779	0.002390
Asat_OT3098_v2_chr2C	462000000	464000000	2000000	31580	0.015790
Asat_OT3098_v2_chr2C	464000000	466000000	2000000	20450	0.010225
Asat_OT3098_v2_chr2C	466000000	468000000	2000000	20372	0.010186
Asat_OT3098_v2_chr2C	468000000	470000000	2000000	26943	0.013472
Asat_OT3098_v2_chr2C	470000000	472000000	2000000	9625	0.004812
Asat_OT3098_v2_chr2C	472000000	474000000	2000000	0	0.000000
Asat_OT3098_v2_chr2C	474000000	476000000	2000000	0	0.000000
Asat_OT3098_v2_chr2C	476000000	478000000	2000000	10426	0.005213
Asat_OT3098_v2_chr2C	478000000	480000000	2000000	9486	0.004743
Asat_OT3098_v2_chr2C	480000000	482000000	2000000	0	0.000000
Asat_OT3098_v2_chr2C	482000000	484000000	2000000	31621	0.015811
Asat_OT3098_v2_chr2C	484000000	486000000	2000000	29121	0.014561
Asat_OT3098_v2_chr2C	486000000	488000000	2000000	17498	0.008749
Asat_OT3098_v2_chr2C	488000000	490000000	2000000	8495	0.004248
Asat_OT3098_v2_chr2C	490000000	492000000	2000000	44305	0.022152
Asat_OT3098_v2_chr2C	492000000	494000000	2000000	0	0.000000
Asat_OT3098_v2_chr2C	494000000	496000000	2000000	2688	0.001344
Asat_OT3098_v2_chr2C	496000000	498000000	2000000	15736	0.007868
Asat_OT3098_v2_chr2C	498000000	500000000	2000000	7572	0.003786
Asat_OT3098_v2_chr2C	500000000	502000000	2000000	13617	0.006809
Asat_OT3098_v2_chr2C	502000000	504000000	2000000	33643	0.016821
Asat_OT3098_v2_chr2C	504000000	506000000	2000000	27696	0.013848
Asat_OT3098_v2_chr2C	506000000	508000000	2000000	18781	0.009390
Asat_OT3098_v2_chr2C	508000000	510000000	2000000	25827	0.012913
Asat_OT3098_v2_chr2C	510000000	512000000	2000000	7802	0.003901
Asat_OT3098_v2_chr2C	512000000	514000000	2000000	1106	0.000553
Asat_OT3098_v2_chr2C	514000000	516000000	2000000	6010	0.003005
Asat_OT3098_v2_chr2C	516000000	518000000	2000000	16849	0.008424
Asat_OT3098_v2_chr2C	518000000	520000000	2000000	20684	0.010342
Asat_OT3098_v2_chr2C	520000000	522000000	2000000	24971	0.012486
Asat_OT3098_v2_chr2C	522000000	524000000	2000000	0	0.000000
Asat_OT3098_v2_chr2C	524000000	526000000	2000000	16045	0.008023
Asat_OT3098_v2_chr2C	526000000	528000000	2000000	7567	0.003783
Asat_OT3098_v2_chr2C	528000000	530000000	2000000	8076	0.004038
Asat_OT3098_v2_chr2C	530000000	532000000	2000000	12735	0.006367
Asat_OT3098_v2_chr2C	532000000	534000000	2000000	21528	0.010764
Asat_OT3098_v2_chr2C	534000000	536000000	2000000	17824	0.008912
Asat_OT3098_v2_chr2C	536000000	538000000	2000000	5051	0.002525
Asat_OT3098_v2_chr2C	538000000	540000000	2000000	37212	0.018606
Asat_OT3098_v2_chr2C	540000000	542000000	2000000	14657	0.007328
Asat_OT3098_v2_chr2C	542000000	544000000	2000000	15807	0.007904
Asat_OT3098_v2_chr2C	544000000	546000000	2000000	0	0.000000
Asat_OT3098_v2_chr2C	546000000	548000000	2000000	22561	0.011281
Asat_OT3098_v2_chr2C	548000000	550000000	2000000	3392	0.001696
Asat_OT3098_v2_chr2C	550000000	552000000	2000000	2556	0.001278
Asat_OT3098_v2_chr2C	552000000	554000000	2000000	4589	0.002295
Asat_OT3098_v2_chr2C	554000000	556000000	2000000	26738	0.013369
Asat_OT3098_v2_chr2C	556000000	558000000	2000000	28105	0.014053
Asat_OT3098_v2_chr2C	558000000	560000000	2000000	18133	0.009066
Asat_OT3098_v2_chr2C	560000000	562000000	2000000	14431	0.007215
Asat_OT3098_v2_chr2C	562000000	564000000	2000000	15480	0.007740
Asat_OT3098_v2_chr2C	564000000	566000000	2000000	21189	0.010594
Asat_OT3098_v2_chr2C	566000000	568000000	2000000	0	0.000000
Asat_OT3098_v2_chr2C	568000000	570000000	2000000	26558	0.013279
Asat_OT3098_v2_chr2C	570000000	572000000	2000000	20674	0.010337
Asat_OT3098_v2_chr2C	572000000	574000000	2000000	61557	0.030779
Asat_OT3098_v2_chr2C	574000000	576000000	2000000	70581	0.035291
Asat_OT3098_v2_chr2C	576000000	578000000	2000000	33163	0.016581
Asat_OT3098_v2_chr2C	578000000	580000000	2000000	24166	0.012083
Asat_OT3098_v2_chr2C	580000000	582000000	2000000	24551	0.012275
Asat_OT3098_v2_chr2C	582000000	584000000	2000000	7821	0.003910
Asat_OT3098_v2_chr2C	584000000	586000000	2000000	9170	0.004585
Asat_OT3098_v2_chr2C	586000000	588000000	2000000	13480	0.006740
Asat_OT3098_v2_chr2C	588000000	589118817	1118817	0	0.000000
Asat_OT3098_v2_chr2D	0	2000000	2000000	0	0.000000
Asat_OT3098_v2_chr2D	2000000	4000000	2000000	14870	0.007435
Asat_OT3098_v2_chr2D	4000000	6000000	2000000	16022	0.008011
Asat_OT3098_v2_chr2D	6000000	8000000	2000000	0	0.000000
Asat_OT3098_v2_chr2D	8000000	10000000	2000000	19845	0.009923
Asat_OT3098_v2_chr2D	10000000	12000000	2000000	7529	0.003765
Asat_OT3098_v2_chr2D	12000000	14000000	2000000	12106	0.006053
Asat_OT3098_v2_chr2D	14000000	16000000	2000000	8657	0.004328
Asat_OT3098_v2_chr2D	16000000	18000000	2000000	10903	0.005451
Asat_OT3098_v2_chr2D	18000000	20000000	2000000	18261	0.009130
Asat_OT3098_v2_chr2D	20000000	22000000	2000000	10554	0.005277
Asat_OT3098_v2_chr2D	22000000	24000000	2000000	20783	0.010391
Asat_OT3098_v2_chr2D	24000000	26000000	2000000	12635	0.006318
Asat_OT3098_v2_chr2D	26000000	28000000	2000000	23311	0.011655
Asat_OT3098_v2_chr2D	28000000	30000000	2000000	0	0.000000
Asat_OT3098_v2_chr2D	30000000	32000000	2000000	3805	0.001902
Asat_OT3098_v2_chr2D	32000000	34000000	2000000	9720	0.004860
Asat_OT3098_v2_chr2D	34000000	36000000	2000000	21439	0.010719
Asat_OT3098_v2_chr2D	36000000	38000000	2000000	24050	0.012025
Asat_OT3098_v2_chr2D	38000000	40000000	2000000	23313	0.011657
Asat_OT3098_v2_chr2D	40000000	42000000	2000000	21404	0.010702
Asat_OT3098_v2_chr2D	42000000	44000000	2000000	19893	0.009947
Asat_OT3098_v2_chr2D	44000000	46000000	2000000	5003	0.002501
Asat_OT3098_v2_chr2D	46000000	48000000	2000000	0	0.000000
Asat_OT3098_v2_chr2D	48000000	50000000	2000000	29213	0.014606
Asat_OT3098_v2_chr2D	50000000	52000000	2000000	1438	0.000719
Asat_OT3098_v2_chr2D	52000000	54000000	2000000	0	0.000000
Asat_OT3098_v2_chr2D	54000000	56000000	2000000	11641	0.005821
Asat_OT3098_v2_chr2D	56000000	58000000	2000000	0	0.000000
Asat_OT3098_v2_chr2D	58000000	60000000	2000000	20236	0.010118
Asat_OT3098_v2_chr2D	60000000	62000000	2000000	22653	0.011326
Asat_OT3098_v2_chr2D	62000000	64000000	2000000	24511	0.012256
Asat_OT3098_v2_chr2D	64000000	66000000	2000000	2047	0.001024
Asat_OT3098_v2_chr2D	66000000	68000000	2000000	19556	0.009778
Asat_OT3098_v2_chr2D	68000000	70000000	2000000	9765	0.004882
Asat_OT3098_v2_chr2D	70000000	72000000	2000000	34073	0.017036
Asat_OT3098_v2_chr2D	72000000	74000000	2000000	27573	0.013787
Asat_OT3098_v2_chr2D	74000000	76000000	2000000	6188	0.003094
Asat_OT3098_v2_chr2D	76000000	78000000	2000000	0	0.000000
Asat_OT3098_v2_chr2D	78000000	80000000	2000000	15192	0.007596
Asat_OT3098_v2_chr2D	80000000	82000000	2000000	2465	0.001233
Asat_OT3098_v2_chr2D	82000000	84000000	2000000	13635	0.006817
Asat_OT3098_v2_chr2D	84000000	86000000	2000000	13755	0.006877
Asat_OT3098_v2_chr2D	86000000	88000000	2000000	14013	0.007006
Asat_OT3098_v2_chr2D	88000000	90000000	2000000	11490	0.005745
Asat_OT3098_v2_chr2D	90000000	92000000	2000000	13782	0.006891
Asat_OT3098_v2_chr2D	92000000	94000000	2000000	12579	0.006289
Asat_OT3098_v2_chr2D	94000000	96000000	2000000	14557	0.007279
Asat_OT3098_v2_chr2D	96000000	98000000	2000000	9502	0.004751
Asat_OT3098_v2_chr2D	98000000	100000000	2000000	14113	0.007057
Asat_OT3098_v2_chr2D	100000000	102000000	2000000	0	0.000000
Asat_OT3098_v2_chr2D	102000000	104000000	2000000	7265	0.003632
Asat_OT3098_v2_chr2D	104000000	106000000	2000000	10406	0.005203
Asat_OT3098_v2_chr2D	106000000	108000000	2000000	11506	0.005753
Asat_OT3098_v2_chr2D	108000000	110000000	2000000	9738	0.004869
Asat_OT3098_v2_chr2D	110000000	112000000	2000000	14858	0.007429
Asat_OT3098_v2_chr2D	112000000	114000000	2000000	0	0.000000
Asat_OT3098_v2_chr2D	114000000	116000000	2000000	21294	0.010647
Asat_OT3098_v2_chr2D	116000000	118000000	2000000	28869	0.014434
Asat_OT3098_v2_chr2D	118000000	120000000	2000000	36532	0.018266
Asat_OT3098_v2_chr2D	120000000	122000000	2000000	45843	0.022922
Asat_OT3098_v2_chr2D	122000000	124000000	2000000	31201	0.015600
Asat_OT3098_v2_chr2D	124000000	126000000	2000000	1209	0.000605
Asat_OT3098_v2_chr2D	126000000	128000000	2000000	0	0.000000
Asat_OT3098_v2_chr2D	128000000	130000000	2000000	4708	0.002354
Asat_OT3098_v2_chr2D	130000000	132000000	2000000	10727	0.005364
Asat_OT3098_v2_chr2D	132000000	134000000	2000000	0	0.000000
Asat_OT3098_v2_chr2D	134000000	136000000	2000000	0	0.000000
Asat_OT3098_v2_chr2D	136000000	138000000	2000000	14113	0.007057
Asat_OT3098_v2_chr2D	138000000	140000000	2000000	7630	0.003815
Asat_OT3098_v2_chr2D	140000000	142000000	2000000	0	0.000000
Asat_OT3098_v2_chr2D	142000000	144000000	2000000	0	0.000000
Asat_OT3098_v2_chr2D	144000000	146000000	2000000	5496	0.002748
Asat_OT3098_v2_chr2D	146000000	148000000	2000000	1932	0.000966
Asat_OT3098_v2_chr2D	148000000	150000000	2000000	0	0.000000
Asat_OT3098_v2_chr2D	150000000	152000000	2000000	21040	0.010520
Asat_OT3098_v2_chr2D	152000000	154000000	2000000	0	0.000000
Asat_OT3098_v2_chr2D	154000000	156000000	2000000	0	0.000000
Asat_OT3098_v2_chr2D	156000000	158000000	2000000	4127	0.002063
Asat_OT3098_v2_chr2D	158000000	160000000	2000000	9949	0.004974
Asat_OT3098_v2_chr2D	160000000	162000000	2000000	0	0.000000
Asat_OT3098_v2_chr2D	162000000	164000000	2000000	8893	0.004446
Asat_OT3098_v2_chr2D	164000000	166000000	2000000	9487	0.004744
Asat_OT3098_v2_chr2D	166000000	168000000	2000000	0	0.000000
Asat_OT3098_v2_chr2D	168000000	170000000	2000000	0	0.000000
Asat_OT3098_v2_chr2D	170000000	172000000	2000000	4887	0.002443
Asat_OT3098_v2_chr2D	172000000	174000000	2000000	0	0.000000
Asat_OT3098_v2_chr2D	174000000	176000000	2000000	0	0.000000
Asat_OT3098_v2_chr2D	176000000	178000000	2000000	0	0.000000
Asat_OT3098_v2_chr2D	178000000	180000000	2000000	13739	0.006869
Asat_OT3098_v2_chr2D	180000000	182000000	2000000	23855	0.011928
Asat_OT3098_v2_chr2D	182000000	184000000	2000000	2669	0.001334
Asat_OT3098_v2_chr2D	184000000	186000000	2000000	0	0.000000
Asat_OT3098_v2_chr2D	186000000	188000000	2000000	3653	0.001826
Asat_OT3098_v2_chr2D	188000000	190000000	2000000	0	0.000000
Asat_OT3098_v2_chr2D	190000000	192000000	2000000	0	0.000000
Asat_OT3098_v2_chr2D	192000000	194000000	2000000	1807	0.000904
Asat_OT3098_v2_chr2D	194000000	196000000	2000000	0	0.000000
Asat_OT3098_v2_chr2D	196000000	198000000	2000000	7107	0.003553
Asat_OT3098_v2_chr2D	198000000	200000000	2000000	13055	0.006528
Asat_OT3098_v2_chr2D	200000000	202000000	2000000	0	0.000000
Asat_OT3098_v2_chr2D	202000000	204000000	2000000	0	0.000000
Asat_OT3098_v2_chr2D	204000000	206000000	2000000	7310	0.003655
Asat_OT3098_v2_chr2D	206000000	208000000	2000000	22868	0.011434
Asat_OT3098_v2_chr2D	208000000	210000000	2000000	13246	0.006623
Asat_OT3098_v2_chr2D	210000000	212000000	2000000	13928	0.006964
Asat_OT3098_v2_chr2D	212000000	214000000	2000000	11978	0.005989
Asat_OT3098_v2_chr2D	214000000	216000000	2000000	23911	0.011956
Asat_OT3098_v2_chr2D	216000000	218000000	2000000	4831	0.002416
Asat_OT3098_v2_chr2D	218000000	220000000	2000000	43738	0.021869
Asat_OT3098_v2_chr2D	220000000	222000000	2000000	18505	0.009253
Asat_OT3098_v2_chr2D	222000000	224000000	2000000	26999	0.013499
Asat_OT3098_v2_chr2D	224000000	226000000	2000000	11346	0.005673
Asat_OT3098_v2_chr2D	226000000	228000000	2000000	6765	0.003383
Asat_OT3098_v2_chr2D	228000000	230000000	2000000	15862	0.007931
Asat_OT3098_v2_chr2D	230000000	232000000	2000000	37673	0.018836
Asat_OT3098_v2_chr2D	232000000	234000000	2000000	20476	0.010238
Asat_OT3098_v2_chr2D	234000000	236000000	2000000	14834	0.007417
Asat_OT3098_v2_chr2D	236000000	238000000	2000000	9429	0.004714
Asat_OT3098_v2_chr2D	238000000	240000000	2000000	12381	0.006190
Asat_OT3098_v2_chr2D	240000000	242000000	2000000	38382	0.019191
Asat_OT3098_v2_chr2D	242000000	244000000	2000000	4672	0.002336
Asat_OT3098_v2_chr2D	244000000	246000000	2000000	25689	0.012845
Asat_OT3098_v2_chr2D	246000000	248000000	2000000	37324	0.018662
Asat_OT3098_v2_chr2D	248000000	250000000	2000000	23102	0.011551
Asat_OT3098_v2_chr2D	250000000	252000000	2000000	22603	0.011302
Asat_OT3098_v2_chr2D	252000000	254000000	2000000	45090	0.022545
Asat_OT3098_v2_chr2D	254000000	256000000	2000000	6718	0.003359
Asat_OT3098_v2_chr2D	256000000	258000000	2000000	18622	0.009311
Asat_OT3098_v2_chr2D	258000000	260000000	2000000	32944	0.016472
Asat_OT3098_v2_chr2D	260000000	262000000	2000000	40532	0.020266
Asat_OT3098_v2_chr2D	262000000	264000000	2000000	33454	0.016727
Asat_OT3098_v2_chr2D	264000000	266000000	2000000	31710	0.015855
Asat_OT3098_v2_chr2D	266000000	268000000	2000000	24369	0.012184
Asat_OT3098_v2_chr2D	268000000	270000000	2000000	16779	0.008389
Asat_OT3098_v2_chr2D	270000000	272000000	2000000	21395	0.010698
Asat_OT3098_v2_chr2D	272000000	274000000	2000000	10964	0.005482
Asat_OT3098_v2_chr2D	274000000	276000000	2000000	26350	0.013175
Asat_OT3098_v2_chr2D	276000000	278000000	2000000	13043	0.006522
Asat_OT3098_v2_chr2D	278000000	280000000	2000000	13649	0.006824
Asat_OT3098_v2_chr2D	280000000	282000000	2000000	48103	0.024051
Asat_OT3098_v2_chr2D	282000000	284000000	2000000	63585	0.031793
Asat_OT3098_v2_chr2D	284000000	286000000	2000000	24458	0.012229
Asat_OT3098_v2_chr2D	286000000	288000000	2000000	61481	0.030741
Asat_OT3098_v2_chr2D	288000000	290000000	2000000	47577	0.023789
Asat_OT3098_v2_chr2D	290000000	292000000	2000000	35650	0.017825
Asat_OT3098_v2_chr2D	292000000	294000000	2000000	21138	0.010569
Asat_OT3098_v2_chr2D	294000000	296000000	2000000	29238	0.014619
Asat_OT3098_v2_chr2D	296000000	298000000	2000000	22941	0.011470
Asat_OT3098_v2_chr2D	298000000	300000000	2000000	51083	0.025542
Asat_OT3098_v2_chr2D	300000000	302000000	2000000	30258	0.015129
Asat_OT3098_v2_chr2D	302000000	304000000	2000000	25803	0.012901
Asat_OT3098_v2_chr2D	304000000	306000000	2000000	26704	0.013352
Asat_OT3098_v2_chr2D	306000000	308000000	2000000	35030	0.017515
Asat_OT3098_v2_chr2D	308000000	310000000	2000000	46644	0.023322
Asat_OT3098_v2_chr2D	310000000	312000000	2000000	62105	0.031053
Asat_OT3098_v2_chr2D	312000000	314000000	2000000	15725	0.007862
Asat_OT3098_v2_chr2D	314000000	316000000	2000000	17635	0.008818
Asat_OT3098_v2_chr2D	316000000	318000000	2000000	45671	0.022836
Asat_OT3098_v2_chr2D	318000000	320000000	2000000	0	0.000000
Asat_OT3098_v2_chr2D	320000000	322000000	2000000	35308	0.017654
Asat_OT3098_v2_chr2D	322000000	324000000	2000000	35420	0.017710
Asat_OT3098_v2_chr2D	324000000	326000000	2000000	28651	0.014325
Asat_OT3098_v2_chr2D	326000000	328000000	2000000	85520	0.042760
Asat_OT3098_v2_chr2D	328000000	330000000	2000000	12490	0.006245
Asat_OT3098_v2_chr2D	330000000	332000000	2000000	22306	0.011153
Asat_OT3098_v2_chr2D	332000000	334000000	2000000	32885	0.016442
Asat_OT3098_v2_chr2D	334000000	336000000	2000000	61727	0.030863
Asat_OT3098_v2_chr2D	336000000	338000000	2000000	24087	0.012044
Asat_OT3098_v2_chr2D	338000000	340000000	2000000	59165	0.029583
Asat_OT3098_v2_chr2D	340000000	342000000	2000000	27989	0.013994
Asat_OT3098_v2_chr2D	342000000	344000000	2000000	50440	0.025220
Asat_OT3098_v2_chr2D	344000000	346000000	2000000	36727	0.018364
Asat_OT3098_v2_chr2D	346000000	348000000	2000000	22153	0.011076
Asat_OT3098_v2_chr2D	348000000	350000000	2000000	29857	0.014929
Asat_OT3098_v2_chr2D	350000000	352000000	2000000	34514	0.017257
Asat_OT3098_v2_chr2D	352000000	354000000	2000000	53556	0.026778
Asat_OT3098_v2_chr2D	354000000	356000000	2000000	49193	0.024597
Asat_OT3098_v2_chr2D	356000000	358000000	2000000	54769	0.027384
Asat_OT3098_v2_chr2D	358000000	360000000	2000000	56041	0.028021
Asat_OT3098_v2_chr2D	360000000	362000000	2000000	83375	0.041688
Asat_OT3098_v2_chr2D	362000000	364000000	2000000	45374	0.022687
Asat_OT3098_v2_chr2D	364000000	366000000	2000000	52807	0.026403
Asat_OT3098_v2_chr2D	366000000	368000000	2000000	41700	0.020850
Asat_OT3098_v2_chr2D	368000000	370000000	2000000	11880	0.005940
Asat_OT3098_v2_chr2D	370000000	372000000	2000000	0	0.000000
Asat_OT3098_v2_chr2D	372000000	374000000	2000000	71326	0.035663
Asat_OT3098_v2_chr2D	374000000	376000000	2000000	32571	0.016286
Asat_OT3098_v2_chr2D	376000000	378000000	2000000	35334	0.017667
Asat_OT3098_v2_chr2D	378000000	380000000	2000000	28964	0.014482
Asat_OT3098_v2_chr2D	380000000	382000000	2000000	29062	0.014531
Asat_OT3098_v2_chr2D	382000000	384000000	2000000	20747	0.010374
Asat_OT3098_v2_chr2D	384000000	386000000	2000000	23995	0.011997
Asat_OT3098_v2_chr2D	386000000	388000000	2000000	29652	0.014826
Asat_OT3098_v2_chr2D	388000000	390000000	2000000	37721	0.018860
Asat_OT3098_v2_chr2D	390000000	392000000	2000000	22214	0.011107
Asat_OT3098_v2_chr2D	392000000	394000000	2000000	26227	0.013114
Asat_OT3098_v2_chr2D	394000000	396000000	2000000	34225	0.017112
Asat_OT3098_v2_chr2D	396000000	398000000	2000000	23114	0.011557
Asat_OT3098_v2_chr2D	398000000	400000000	2000000	39396	0.019698
Asat_OT3098_v2_chr2D	400000000	402000000	2000000	43072	0.021536
Asat_OT3098_v2_chr2D	402000000	404000000	2000000	45655	0.022828
Asat_OT3098_v2_chr2D	404000000	406000000	2000000	18231	0.009116
Asat_OT3098_v2_chr2D	406000000	408000000	2000000	18505	0.009253
Asat_OT3098_v2_chr2D	408000000	410000000	2000000	79199	0.039600
Asat_OT3098_v2_chr2D	410000000	412000000	2000000	21886	0.010943
Asat_OT3098_v2_chr2D	412000000	414000000	2000000	53196	0.026598
Asat_OT3098_v2_chr2D	414000000	416000000	2000000	35781	0.017891
Asat_OT3098_v2_chr2D	416000000	418000000	2000000	8492	0.004246
Asat_OT3098_v2_chr2D	418000000	420000000	2000000	35687	0.017844
Asat_OT3098_v2_chr2D	420000000	422000000	2000000	25683	0.012842
Asat_OT3098_v2_chr2D	422000000	424000000	2000000	35528	0.017764
Asat_OT3098_v2_chr2D	424000000	426000000	2000000	0	0.000000
Asat_OT3098_v2_chr2D	426000000	428000000	2000000	49408	0.024704
Asat_OT3098_v2_chr2D	428000000	430000000	2000000	88685	0.044342
Asat_OT3098_v2_chr2D	430000000	432000000	2000000	74705	0.037352
Asat_OT3098_v2_chr2D	432000000	434000000	2000000	15933	0.007966
Asat_OT3098_v2_chr2D	434000000	436000000	2000000	2703	0.001352
Asat_OT3098_v2_chr2D	436000000	438000000	2000000	51612	0.025806
Asat_OT3098_v2_chr2D	438000000	440000000	2000000	23818	0.011909
Asat_OT3098_v2_chr2D	440000000	442000000	2000000	20082	0.010041
Asat_OT3098_v2_chr2D	442000000	444000000	2000000	30433	0.015217
Asat_OT3098_v2_chr2D	444000000	446000000	2000000	33547	0.016774
Asat_OT3098_v2_chr2D	446000000	448000000	2000000	3550	0.001775
Asat_OT3098_v2_chr2D	448000000	450000000	2000000	18586	0.009293
Asat_OT3098_v2_chr2D	450000000	452000000	2000000	30209	0.015104
Asat_OT3098_v2_chr2D	452000000	454000000	2000000	14684	0.007342
Asat_OT3098_v2_chr2D	454000000	456000000	2000000	4876	0.002438
Asat_OT3098_v2_chr2D	456000000	458000000	2000000	20553	0.010276
Asat_OT3098_v2_chr2D	458000000	460000000	2000000	24762	0.012381
Asat_OT3098_v2_chr2D	460000000	462000000	2000000	37411	0.018705
Asat_OT3098_v2_chr2D	462000000	464000000	2000000	32816	0.016408
Asat_OT3098_v2_chr2D	464000000	466000000	2000000	0	0.000000
Asat_OT3098_v2_chr2D	466000000	468000000	2000000	4721	0.002361
Asat_OT3098_v2_chr2D	468000000	470000000	2000000	38184	0.019092
Asat_OT3098_v2_chr2D	470000000	472000000	2000000	11781	0.005890
Asat_OT3098_v2_chr2D	472000000	474000000	2000000	35916	0.017958
Asat_OT3098_v2_chr2D	474000000	476000000	2000000	23681	0.011841
Asat_OT3098_v2_chr2D	476000000	478000000	2000000	12946	0.006473
Asat_OT3098_v2_chr2D	478000000	480000000	2000000	7207	0.003603
Asat_OT3098_v2_chr2D	480000000	482000000	2000000	19863	0.009931
Asat_OT3098_v2_chr2D	482000000	484000000	2000000	11813	0.005907
Asat_OT3098_v2_chr2D	484000000	486000000	2000000	22331	0.011166
Asat_OT3098_v2_chr2D	486000000	488000000	2000000	22326	0.011163
Asat_OT3098_v2_chr2D	488000000	490000000	2000000	8268	0.004134
Asat_OT3098_v2_chr2D	490000000	492000000	2000000	39419	0.019710
Asat_OT3098_v2_chr2D	492000000	494000000	2000000	8776	0.004388
Asat_OT3098_v2_chr2D	494000000	496000000	2000000	15673	0.007836
Asat_OT3098_v2_chr2D	496000000	498000000	2000000	8180	0.004090
Asat_OT3098_v2_chr2D	498000000	500000000	2000000	9674	0.004837
Asat_OT3098_v2_chr2D	500000000	502000000	2000000	26941	0.013470
Asat_OT3098_v2_chr2D	502000000	504000000	2000000	47207	0.023603
Asat_OT3098_v2_chr2D	504000000	506000000	2000000	13142	0.006571
Asat_OT3098_v2_chr2D	506000000	508000000	2000000	12913	0.006457
Asat_OT3098_v2_chr2D	508000000	510000000	2000000	4719	0.002360
Asat_OT3098_v2_chr2D	510000000	512000000	2000000	29383	0.014691
Asat_OT3098_v2_chr2D	512000000	514000000	2000000	0	0.000000
Asat_OT3098_v2_chr2D	514000000	516000000	2000000	0	0.000000
Asat_OT3098_v2_chr2D	516000000	518000000	2000000	9815	0.004908
Asat_OT3098_v2_chr2D	518000000	520000000	2000000	2699	0.001350
Asat_OT3098_v2_chr2D	520000000	522000000	2000000	17591	0.008795
Asat_OT3098_v2_chr2D	522000000	524000000	2000000	10874	0.005437
Asat_OT3098_v2_chr2D	524000000	526000000	2000000	4708	0.002354
Asat_OT3098_v2_chr2D	526000000	528000000	2000000	22527	0.011263
Asat_OT3098_v2_chr2D	528000000	530000000	2000000	0	0.000000
Asat_OT3098_v2_chr2D	530000000	532000000	2000000	10385	0.005193
Asat_OT3098_v2_chr2D	532000000	532103454	103454	0	0.000000
Asat_OT3098_v2_chr3A	0	2000000	2000000	23654	0.011827
Asat_OT3098_v2_chr3A	2000000	4000000	2000000	26293	0.013147
Asat_OT3098_v2_chr3A	4000000	6000000	2000000	27072	0.013536
Asat_OT3098_v2_chr3A	6000000	8000000	2000000	0	0.000000
Asat_OT3098_v2_chr3A	8000000	10000000	2000000	8202	0.004101
Asat_OT3098_v2_chr3A	10000000	12000000	2000000	14285	0.007143
Asat_OT3098_v2_chr3A	12000000	14000000	2000000	43117	0.021559
Asat_OT3098_v2_chr3A	14000000	16000000	2000000	4722	0.002361
Asat_OT3098_v2_chr3A	16000000	18000000	2000000	0	0.000000
Asat_OT3098_v2_chr3A	18000000	20000000	2000000	25066	0.012533
Asat_OT3098_v2_chr3A	20000000	22000000	2000000	18352	0.009176
Asat_OT3098_v2_chr3A	22000000	24000000	2000000	2289	0.001144
Asat_OT3098_v2_chr3A	24000000	26000000	2000000	4244	0.002122
Asat_OT3098_v2_chr3A	26000000	28000000	2000000	15843	0.007921
Asat_OT3098_v2_chr3A	28000000	30000000	2000000	0	0.000000
Asat_OT3098_v2_chr3A	30000000	32000000	2000000	19589	0.009794
Asat_OT3098_v2_chr3A	32000000	34000000	2000000	2481	0.001241
Asat_OT3098_v2_chr3A	34000000	36000000	2000000	4746	0.002373
Asat_OT3098_v2_chr3A	36000000	38000000	2000000	0	0.000000
Asat_OT3098_v2_chr3A	38000000	40000000	2000000	0	0.000000
Asat_OT3098_v2_chr3A	40000000	42000000	2000000	17093	0.008547
Asat_OT3098_v2_chr3A	42000000	44000000	2000000	0	0.000000
Asat_OT3098_v2_chr3A	44000000	46000000	2000000	4850	0.002425
Asat_OT3098_v2_chr3A	46000000	48000000	2000000	18183	0.009092
Asat_OT3098_v2_chr3A	48000000	50000000	2000000	7214	0.003607
Asat_OT3098_v2_chr3A	50000000	52000000	2000000	8384	0.004192
Asat_OT3098_v2_chr3A	52000000	54000000	2000000	29360	0.014680
Asat_OT3098_v2_chr3A	54000000	56000000	2000000	0	0.000000
Asat_OT3098_v2_chr3A	56000000	58000000	2000000	29944	0.014972
Asat_OT3098_v2_chr3A	58000000	60000000	2000000	23283	0.011642
Asat_OT3098_v2_chr3A	60000000	62000000	2000000	18733	0.009366
Asat_OT3098_v2_chr3A	62000000	64000000	2000000	24045	0.012023
Asat_OT3098_v2_chr3A	64000000	66000000	2000000	14870	0.007435
Asat_OT3098_v2_chr3A	66000000	68000000	2000000	2679	0.001339
Asat_OT3098_v2_chr3A	68000000	70000000	2000000	14408	0.007204
Asat_OT3098_v2_chr3A	70000000	72000000	2000000	2289	0.001144
Asat_OT3098_v2_chr3A	72000000	74000000	2000000	2449	0.001224
Asat_OT3098_v2_chr3A	74000000	76000000	2000000	17759	0.008880
Asat_OT3098_v2_chr3A	76000000	78000000	2000000	4598	0.002299
Asat_OT3098_v2_chr3A	78000000	80000000	2000000	50480	0.025240
Asat_OT3098_v2_chr3A	80000000	82000000	2000000	22720	0.011360
Asat_OT3098_v2_chr3A	82000000	84000000	2000000	11564	0.005782
Asat_OT3098_v2_chr3A	84000000	86000000	2000000	45859	0.022929
Asat_OT3098_v2_chr3A	86000000	88000000	2000000	13233	0.006616
Asat_OT3098_v2_chr3A	88000000	90000000	2000000	56639	0.028320
Asat_OT3098_v2_chr3A	90000000	92000000	2000000	71779	0.035889
Asat_OT3098_v2_chr3A	92000000	94000000	2000000	13104	0.006552
Asat_OT3098_v2_chr3A	94000000	96000000	2000000	18342	0.009171
Asat_OT3098_v2_chr3A	96000000	98000000	2000000	5169	0.002584
Asat_OT3098_v2_chr3A	98000000	100000000	2000000	17080	0.008540
Asat_OT3098_v2_chr3A	100000000	102000000	2000000	20786	0.010393
Asat_OT3098_v2_chr3A	102000000	104000000	2000000	51790	0.025895
Asat_OT3098_v2_chr3A	104000000	106000000	2000000	15398	0.007699
Asat_OT3098_v2_chr3A	106000000	108000000	2000000	17419	0.008710
Asat_OT3098_v2_chr3A	108000000	110000000	2000000	42972	0.021486
Asat_OT3098_v2_chr3A	110000000	112000000	2000000	0	0.000000
Asat_OT3098_v2_chr3A	112000000	114000000	2000000	33725	0.016862
Asat_OT3098_v2_chr3A	114000000	116000000	2000000	16861	0.008431
Asat_OT3098_v2_chr3A	116000000	118000000	2000000	27496	0.013748
Asat_OT3098_v2_chr3A	118000000	120000000	2000000	28984	0.014492
Asat_OT3098_v2_chr3A	120000000	122000000	2000000	22654	0.011327
Asat_OT3098_v2_chr3A	122000000	124000000	2000000	30930	0.015465
Asat_OT3098_v2_chr3A	124000000	126000000	2000000	36639	0.018319
Asat_OT3098_v2_chr3A	126000000	128000000	2000000	31058	0.015529
Asat_OT3098_v2_chr3A	128000000	130000000	2000000	0	0.000000
Asat_OT3098_v2_chr3A	130000000	132000000	2000000	11784	0.005892
Asat_OT3098_v2_chr3A	132000000	134000000	2000000	0	0.000000
Asat_OT3098_v2_chr3A	134000000	136000000	2000000	2304	0.001152
Asat_OT3098_v2_chr3A	136000000	138000000	2000000	19092	0.009546
Asat_OT3098_v2_chr3A	138000000	140000000	2000000	21925	0.010963
Asat_OT3098_v2_chr3A	140000000	142000000	2000000	0	0.000000
Asat_OT3098_v2_chr3A	142000000	144000000	2000000	15408	0.007704
Asat_OT3098_v2_chr3A	144000000	146000000	2000000	7882	0.003941
Asat_OT3098_v2_chr3A	146000000	148000000	2000000	26109	0.013055
Asat_OT3098_v2_chr3A	148000000	150000000	2000000	40198	0.020099
Asat_OT3098_v2_chr3A	150000000	152000000	2000000	29969	0.014984
Asat_OT3098_v2_chr3A	152000000	154000000	2000000	19480	0.009740
Asat_OT3098_v2_chr3A	154000000	156000000	2000000	4866	0.002433
Asat_OT3098_v2_chr3A	156000000	158000000	2000000	40927	0.020463
Asat_OT3098_v2_chr3A	158000000	160000000	2000000	15208	0.007604
Asat_OT3098_v2_chr3A	160000000	162000000	2000000	13121	0.006561
Asat_OT3098_v2_chr3A	162000000	164000000	2000000	13049	0.006524
Asat_OT3098_v2_chr3A	164000000	166000000	2000000	0	0.000000
Asat_OT3098_v2_chr3A	166000000	168000000	2000000	17749	0.008875
Asat_OT3098_v2_chr3A	168000000	170000000	2000000	27641	0.013820
Asat_OT3098_v2_chr3A	170000000	172000000	2000000	18142	0.009071
Asat_OT3098_v2_chr3A	172000000	174000000	2000000	33645	0.016823
Asat_OT3098_v2_chr3A	174000000	176000000	2000000	36523	0.018261
Asat_OT3098_v2_chr3A	176000000	178000000	2000000	49200	0.024600
Asat_OT3098_v2_chr3A	178000000	180000000	2000000	28186	0.014093
Asat_OT3098_v2_chr3A	180000000	182000000	2000000	0	0.000000
Asat_OT3098_v2_chr3A	182000000	184000000	2000000	25599	0.012800
Asat_OT3098_v2_chr3A	184000000	186000000	2000000	0	0.000000
Asat_OT3098_v2_chr3A	186000000	188000000	2000000	8697	0.004348
Asat_OT3098_v2_chr3A	188000000	190000000	2000000	23836	0.011918
Asat_OT3098_v2_chr3A	190000000	192000000	2000000	28707	0.014353
Asat_OT3098_v2_chr3A	192000000	194000000	2000000	27527	0.013763
Asat_OT3098_v2_chr3A	194000000	196000000	2000000	15994	0.007997
Asat_OT3098_v2_chr3A	196000000	198000000	2000000	46716	0.023358
Asat_OT3098_v2_chr3A	198000000	200000000	2000000	10296	0.005148
Asat_OT3098_v2_chr3A	200000000	202000000	2000000	16344	0.008172
Asat_OT3098_v2_chr3A	202000000	204000000	2000000	5260	0.002630
Asat_OT3098_v2_chr3A	204000000	206000000	2000000	27505	0.013753
Asat_OT3098_v2_chr3A	206000000	208000000	2000000	4639	0.002319
Asat_OT3098_v2_chr3A	208000000	210000000	2000000	19224	0.009612
Asat_OT3098_v2_chr3A	210000000	212000000	2000000	22620	0.011310
Asat_OT3098_v2_chr3A	212000000	214000000	2000000	21930	0.010965
Asat_OT3098_v2_chr3A	214000000	216000000	2000000	4072	0.002036
Asat_OT3098_v2_chr3A	216000000	218000000	2000000	9840	0.004920
Asat_OT3098_v2_chr3A	218000000	220000000	2000000	0	0.000000
Asat_OT3098_v2_chr3A	220000000	222000000	2000000	31537	0.015769
Asat_OT3098_v2_chr3A	222000000	224000000	2000000	12937	0.006469
Asat_OT3098_v2_chr3A	224000000	226000000	2000000	47000	0.023500
Asat_OT3098_v2_chr3A	226000000	228000000	2000000	14109	0.007055
Asat_OT3098_v2_chr3A	228000000	230000000	2000000	30526	0.015263
Asat_OT3098_v2_chr3A	230000000	232000000	2000000	11500	0.005750
Asat_OT3098_v2_chr3A	232000000	234000000	2000000	19412	0.009706
Asat_OT3098_v2_chr3A	234000000	236000000	2000000	17052	0.008526
Asat_OT3098_v2_chr3A	236000000	238000000	2000000	2826	0.001413
Asat_OT3098_v2_chr3A	238000000	240000000	2000000	0	0.000000
Asat_OT3098_v2_chr3A	240000000	242000000	2000000	0	0.000000
Asat_OT3098_v2_chr3A	242000000	244000000	2000000	39213	0.019606
Asat_OT3098_v2_chr3A	244000000	246000000	2000000	14340	0.007170
Asat_OT3098_v2_chr3A	246000000	248000000	2000000	9342	0.004671
Asat_OT3098_v2_chr3A	248000000	250000000	2000000	34653	0.017327
Asat_OT3098_v2_chr3A	250000000	252000000	2000000	36645	0.018322
Asat_OT3098_v2_chr3A	252000000	254000000	2000000	41615	0.020807
Asat_OT3098_v2_chr3A	254000000	256000000	2000000	10002	0.005001
Asat_OT3098_v2_chr3A	256000000	258000000	2000000	26165	0.013083
Asat_OT3098_v2_chr3A	258000000	260000000	2000000	26555	0.013277
Asat_OT3098_v2_chr3A	260000000	262000000	2000000	0	0.000000
Asat_OT3098_v2_chr3A	262000000	264000000	2000000	27870	0.013935
Asat_OT3098_v2_chr3A	264000000	266000000	2000000	51313	0.025656
Asat_OT3098_v2_chr3A	266000000	268000000	2000000	23143	0.011572
Asat_OT3098_v2_chr3A	268000000	270000000	2000000	8975	0.004488
Asat_OT3098_v2_chr3A	270000000	272000000	2000000	10653	0.005326
Asat_OT3098_v2_chr3A	272000000	274000000	2000000	11706	0.005853
Asat_OT3098_v2_chr3A	274000000	276000000	2000000	11673	0.005836
Asat_OT3098_v2_chr3A	276000000	278000000	2000000	25783	0.012892
Asat_OT3098_v2_chr3A	278000000	280000000	2000000	28214	0.014107
Asat_OT3098_v2_chr3A	280000000	282000000	2000000	14182	0.007091
Asat_OT3098_v2_chr3A	282000000	284000000	2000000	31206	0.015603
Asat_OT3098_v2_chr3A	284000000	286000000	2000000	29371	0.014686
Asat_OT3098_v2_chr3A	286000000	288000000	2000000	2295	0.001148
Asat_OT3098_v2_chr3A	288000000	290000000	2000000	29105	0.014552
Asat_OT3098_v2_chr3A	290000000	292000000	2000000	36545	0.018273
Asat_OT3098_v2_chr3A	292000000	294000000	2000000	36388	0.018194
Asat_OT3098_v2_chr3A	294000000	296000000	2000000	6084	0.003042
Asat_OT3098_v2_chr3A	296000000	298000000	2000000	21720	0.010860
Asat_OT3098_v2_chr3A	298000000	300000000	2000000	55528	0.027764
Asat_OT3098_v2_chr3A	300000000	302000000	2000000	0	0.000000
Asat_OT3098_v2_chr3A	302000000	304000000	2000000	17724	0.008862
Asat_OT3098_v2_chr3A	304000000	306000000	2000000	24572	0.012286
Asat_OT3098_v2_chr3A	306000000	308000000	2000000	46016	0.023008
Asat_OT3098_v2_chr3A	308000000	310000000	2000000	21111	0.010556
Asat_OT3098_v2_chr3A	310000000	312000000	2000000	25258	0.012629
Asat_OT3098_v2_chr3A	312000000	314000000	2000000	25588	0.012794
Asat_OT3098_v2_chr3A	314000000	316000000	2000000	21994	0.010997
Asat_OT3098_v2_chr3A	316000000	318000000	2000000	58822	0.029411
Asat_OT3098_v2_chr3A	318000000	320000000	2000000	0	0.000000
Asat_OT3098_v2_chr3A	320000000	322000000	2000000	17140	0.008570
Asat_OT3098_v2_chr3A	322000000	324000000	2000000	16618	0.008309
Asat_OT3098_v2_chr3A	324000000	326000000	2000000	20841	0.010420
Asat_OT3098_v2_chr3A	326000000	328000000	2000000	21986	0.010993
Asat_OT3098_v2_chr3A	328000000	330000000	2000000	0	0.000000
Asat_OT3098_v2_chr3A	330000000	332000000	2000000	3698	0.001849
Asat_OT3098_v2_chr3A	332000000	334000000	2000000	56301	0.028150
Asat_OT3098_v2_chr3A	334000000	336000000	2000000	47037	0.023519
Asat_OT3098_v2_chr3A	336000000	338000000	2000000	20681	0.010341
Asat_OT3098_v2_chr3A	338000000	340000000	2000000	28465	0.014233
Asat_OT3098_v2_chr3A	340000000	342000000	2000000	0	0.000000
Asat_OT3098_v2_chr3A	342000000	344000000	2000000	42812	0.021406
Asat_OT3098_v2_chr3A	344000000	346000000	2000000	16779	0.008389
Asat_OT3098_v2_chr3A	346000000	348000000	2000000	53138	0.026569
Asat_OT3098_v2_chr3A	348000000	350000000	2000000	20869	0.010434
Asat_OT3098_v2_chr3A	350000000	352000000	2000000	18783	0.009392
Asat_OT3098_v2_chr3A	352000000	354000000	2000000	2452	0.001226
Asat_OT3098_v2_chr3A	354000000	356000000	2000000	17334	0.008667
Asat_OT3098_v2_chr3A	356000000	358000000	2000000	33051	0.016525
Asat_OT3098_v2_chr3A	358000000	360000000	2000000	0	0.000000
Asat_OT3098_v2_chr3A	360000000	362000000	2000000	10533	0.005267
Asat_OT3098_v2_chr3A	362000000	364000000	2000000	31285	0.015643
Asat_OT3098_v2_chr3A	364000000	366000000	2000000	8576	0.004288
Asat_OT3098_v2_chr3A	366000000	368000000	2000000	10743	0.005372
Asat_OT3098_v2_chr3A	368000000	370000000	2000000	0	0.000000
Asat_OT3098_v2_chr3A	370000000	372000000	2000000	31080	0.015540
Asat_OT3098_v2_chr3A	372000000	374000000	2000000	0	0.000000
Asat_OT3098_v2_chr3A	374000000	376000000	2000000	6946	0.003473
Asat_OT3098_v2_chr3A	376000000	378000000	2000000	36189	0.018094
Asat_OT3098_v2_chr3A	378000000	380000000	2000000	19953	0.009976
Asat_OT3098_v2_chr3A	380000000	382000000	2000000	27325	0.013662
Asat_OT3098_v2_chr3A	382000000	384000000	2000000	0	0.000000
Asat_OT3098_v2_chr3A	384000000	386000000	2000000	11448	0.005724
Asat_OT3098_v2_chr3A	386000000	388000000	2000000	29460	0.014730
Asat_OT3098_v2_chr3A	388000000	390000000	2000000	0	0.000000
Asat_OT3098_v2_chr3A	390000000	392000000	2000000	40418	0.020209
Asat_OT3098_v2_chr3A	392000000	394000000	2000000	31476	0.015738
Asat_OT3098_v2_chr3A	394000000	396000000	2000000	13909	0.006954
Asat_OT3098_v2_chr3A	396000000	398000000	2000000	28768	0.014384
Asat_OT3098_v2_chr3A	398000000	400000000	2000000	0	0.000000
Asat_OT3098_v2_chr3A	400000000	402000000	2000000	20139	0.010070
Asat_OT3098_v2_chr3A	402000000	404000000	2000000	19981	0.009990
Asat_OT3098_v2_chr3A	404000000	406000000	2000000	4817	0.002409
Asat_OT3098_v2_chr3A	406000000	408000000	2000000	16377	0.008188
Asat_OT3098_v2_chr3A	408000000	410000000	2000000	17649	0.008825
Asat_OT3098_v2_chr3A	410000000	412000000	2000000	24092	0.012046
Asat_OT3098_v2_chr3A	412000000	414000000	2000000	0	0.000000
Asat_OT3098_v2_chr3A	414000000	416000000	2000000	13290	0.006645
Asat_OT3098_v2_chr3A	416000000	418000000	2000000	0	0.000000
Asat_OT3098_v2_chr3A	418000000	420000000	2000000	3634	0.001817
Asat_OT3098_v2_chr3A	420000000	422000000	2000000	22374	0.011187
Asat_OT3098_v2_chr3A	422000000	424000000	2000000	2304	0.001152
Asat_OT3098_v2_chr3A	424000000	425675180	1675180	10527	0.006284
Asat_OT3098_v2_chr3C	0	2000000	2000000	11976	0.005988
Asat_OT3098_v2_chr3C	2000000	4000000	2000000	6677	0.003338
Asat_OT3098_v2_chr3C	4000000	6000000	2000000	3146	0.001573
Asat_OT3098_v2_chr3C	6000000	8000000	2000000	6276	0.003138
Asat_OT3098_v2_chr3C	8000000	10000000	2000000	12234	0.006117
Asat_OT3098_v2_chr3C	10000000	12000000	2000000	17671	0.008835
Asat_OT3098_v2_chr3C	12000000	14000000	2000000	16875	0.008438
Asat_OT3098_v2_chr3C	14000000	16000000	2000000	0	0.000000
Asat_OT3098_v2_chr3C	16000000	18000000	2000000	0	0.000000
Asat_OT3098_v2_chr3C	18000000	20000000	2000000	40220	0.020110
Asat_OT3098_v2_chr3C	20000000	22000000	2000000	23125	0.011562
Asat_OT3098_v2_chr3C	22000000	24000000	2000000	16387	0.008193
Asat_OT3098_v2_chr3C	24000000	26000000	2000000	33121	0.016560
Asat_OT3098_v2_chr3C	26000000	28000000	2000000	6542	0.003271
Asat_OT3098_v2_chr3C	28000000	30000000	2000000	4135	0.002067
Asat_OT3098_v2_chr3C	30000000	32000000	2000000	14102	0.007051
Asat_OT3098_v2_chr3C	32000000	34000000	2000000	18290	0.009145
Asat_OT3098_v2_chr3C	34000000	36000000	2000000	25537	0.012769
Asat_OT3098_v2_chr3C	36000000	38000000	2000000	16132	0.008066
Asat_OT3098_v2_chr3C	38000000	40000000	2000000	15826	0.007913
Asat_OT3098_v2_chr3C	40000000	42000000	2000000	5759	0.002880
Asat_OT3098_v2_chr3C	42000000	44000000	2000000	1813	0.000906
Asat_OT3098_v2_chr3C	44000000	46000000	2000000	11190	0.005595
Asat_OT3098_v2_chr3C	46000000	48000000	2000000	32048	0.016024
Asat_OT3098_v2_chr3C	48000000	50000000	2000000	29899	0.014949
Asat_OT3098_v2_chr3C	50000000	52000000	2000000	9554	0.004777
Asat_OT3098_v2_chr3C	52000000	54000000	2000000	4716	0.002358
Asat_OT3098_v2_chr3C	54000000	56000000	2000000	17066	0.008533
Asat_OT3098_v2_chr3C	56000000	58000000	2000000	12971	0.006485
Asat_OT3098_v2_chr3C	58000000	60000000	2000000	4704	0.002352
Asat_OT3098_v2_chr3C	60000000	62000000	2000000	23300	0.011650
Asat_OT3098_v2_chr3C	62000000	64000000	2000000	28151	0.014075
Asat_OT3098_v2_chr3C	64000000	66000000	2000000	28566	0.014283
Asat_OT3098_v2_chr3C	66000000	68000000	2000000	24567	0.012283
Asat_OT3098_v2_chr3C	68000000	70000000	2000000	17391	0.008696
Asat_OT3098_v2_chr3C	70000000	72000000	2000000	41203	0.020601
Asat_OT3098_v2_chr3C	72000000	74000000	2000000	15972	0.007986
Asat_OT3098_v2_chr3C	74000000	76000000	2000000	32332	0.016166
Asat_OT3098_v2_chr3C	76000000	78000000	2000000	19451	0.009725
Asat_OT3098_v2_chr3C	78000000	80000000	2000000	19904	0.009952
Asat_OT3098_v2_chr3C	80000000	82000000	2000000	25764	0.012882
Asat_OT3098_v2_chr3C	82000000	84000000	2000000	42980	0.021490
Asat_OT3098_v2_chr3C	84000000	86000000	2000000	41077	0.020539
Asat_OT3098_v2_chr3C	86000000	88000000	2000000	22093	0.011047
Asat_OT3098_v2_chr3C	88000000	90000000	2000000	22435	0.011218
Asat_OT3098_v2_chr3C	90000000	92000000	2000000	57118	0.028559
Asat_OT3098_v2_chr3C	92000000	94000000	2000000	71100	0.035550
Asat_OT3098_v2_chr3C	94000000	96000000	2000000	61482	0.030741
Asat_OT3098_v2_chr3C	96000000	98000000	2000000	49334	0.024667
Asat_OT3098_v2_chr3C	98000000	100000000	2000000	75786	0.037893
Asat_OT3098_v2_chr3C	100000000	102000000	2000000	19829	0.009914
Asat_OT3098_v2_chr3C	102000000	104000000	2000000	17252	0.008626
Asat_OT3098_v2_chr3C	104000000	106000000	2000000	19829	0.009914
Asat_OT3098_v2_chr3C	106000000	108000000	2000000	45909	0.022954
Asat_OT3098_v2_chr3C	108000000	110000000	2000000	29770	0.014885
Asat_OT3098_v2_chr3C	110000000	112000000	2000000	31951	0.015976
Asat_OT3098_v2_chr3C	112000000	114000000	2000000	13049	0.006524
Asat_OT3098_v2_chr3C	114000000	116000000	2000000	52928	0.026464
Asat_OT3098_v2_chr3C	116000000	118000000	2000000	37666	0.018833
Asat_OT3098_v2_chr3C	118000000	120000000	2000000	26582	0.013291
Asat_OT3098_v2_chr3C	120000000	122000000	2000000	18416	0.009208
Asat_OT3098_v2_chr3C	122000000	124000000	2000000	53915	0.026957
Asat_OT3098_v2_chr3C	124000000	126000000	2000000	48259	0.024130
Asat_OT3098_v2_chr3C	126000000	128000000	2000000	25155	0.012578
Asat_OT3098_v2_chr3C	128000000	130000000	2000000	15024	0.007512
Asat_OT3098_v2_chr3C	130000000	132000000	2000000	35303	0.017652
Asat_OT3098_v2_chr3C	132000000	134000000	2000000	42595	0.021298
Asat_OT3098_v2_chr3C	134000000	136000000	2000000	12755	0.006378
Asat_OT3098_v2_chr3C	136000000	138000000	2000000	35098	0.017549
Asat_OT3098_v2_chr3C	138000000	140000000	2000000	12563	0.006281
Asat_OT3098_v2_chr3C	140000000	142000000	2000000	30449	0.015225
Asat_OT3098_v2_chr3C	142000000	144000000	2000000	68769	0.034384
Asat_OT3098_v2_chr3C	144000000	146000000	2000000	51776	0.025888
Asat_OT3098_v2_chr3C	146000000	148000000	2000000	27322	0.013661
Asat_OT3098_v2_chr3C	148000000	150000000	2000000	21441	0.010721
Asat_OT3098_v2_chr3C	150000000	152000000	2000000	58021	0.029011
Asat_OT3098_v2_chr3C	152000000	154000000	2000000	47303	0.023651
Asat_OT3098_v2_chr3C	154000000	156000000	2000000	40337	0.020168
Asat_OT3098_v2_chr3C	156000000	158000000	2000000	29105	0.014552
Asat_OT3098_v2_chr3C	158000000	160000000	2000000	18452	0.009226
Asat_OT3098_v2_chr3C	160000000	162000000	2000000	51461	0.025730
Asat_OT3098_v2_chr3C	162000000	164000000	2000000	12870	0.006435
Asat_OT3098_v2_chr3C	164000000	166000000	2000000	21973	0.010986
Asat_OT3098_v2_chr3C	166000000	168000000	2000000	44150	0.022075
Asat_OT3098_v2_chr3C	168000000	170000000	2000000	28355	0.014178
Asat_OT3098_v2_chr3C	170000000	172000000	2000000	47788	0.023894
Asat_OT3098_v2_chr3C	172000000	174000000	2000000	57850	0.028925
Asat_OT3098_v2_chr3C	174000000	176000000	2000000	14791	0.007396
Asat_OT3098_v2_chr3C	176000000	178000000	2000000	52828	0.026414
Asat_OT3098_v2_chr3C	178000000	180000000	2000000	27554	0.013777
Asat_OT3098_v2_chr3C	180000000	182000000	2000000	58642	0.029321
Asat_OT3098_v2_chr3C	182000000	184000000	2000000	22231	0.011116
Asat_OT3098_v2_chr3C	184000000	186000000	2000000	58103	0.029052
Asat_OT3098_v2_chr3C	186000000	188000000	2000000	34597	0.017299
Asat_OT3098_v2_chr3C	188000000	190000000	2000000	50695	0.025347
Asat_OT3098_v2_chr3C	190000000	192000000	2000000	72236	0.036118
Asat_OT3098_v2_chr3C	192000000	194000000	2000000	51285	0.025642
Asat_OT3098_v2_chr3C	194000000	196000000	2000000	63376	0.031688
Asat_OT3098_v2_chr3C	196000000	198000000	2000000	38033	0.019016
Asat_OT3098_v2_chr3C	198000000	200000000	2000000	79291	0.039646
Asat_OT3098_v2_chr3C	200000000	202000000	2000000	39118	0.019559
Asat_OT3098_v2_chr3C	202000000	204000000	2000000	72767	0.036383
Asat_OT3098_v2_chr3C	204000000	206000000	2000000	49802	0.024901
Asat_OT3098_v2_chr3C	206000000	208000000	2000000	23091	0.011546
Asat_OT3098_v2_chr3C	208000000	210000000	2000000	75552	0.037776
Asat_OT3098_v2_chr3C	210000000	212000000	2000000	74384	0.037192
Asat_OT3098_v2_chr3C	212000000	214000000	2000000	75534	0.037767
Asat_OT3098_v2_chr3C	214000000	216000000	2000000	58797	0.029399
Asat_OT3098_v2_chr3C	216000000	218000000	2000000	34807	0.017403
Asat_OT3098_v2_chr3C	218000000	220000000	2000000	27869	0.013935
Asat_OT3098_v2_chr3C	220000000	222000000	2000000	26255	0.013128
Asat_OT3098_v2_chr3C	222000000	224000000	2000000	39140	0.019570
Asat_OT3098_v2_chr3C	224000000	226000000	2000000	37722	0.018861
Asat_OT3098_v2_chr3C	226000000	228000000	2000000	75571	0.037785
Asat_OT3098_v2_chr3C	228000000	230000000	2000000	29056	0.014528
Asat_OT3098_v2_chr3C	230000000	232000000	2000000	57999	0.029000
Asat_OT3098_v2_chr3C	232000000	234000000	2000000	49486	0.024743
Asat_OT3098_v2_chr3C	234000000	236000000	2000000	102534	0.051267
Asat_OT3098_v2_chr3C	236000000	238000000	2000000	52508	0.026254
Asat_OT3098_v2_chr3C	238000000	240000000	2000000	13305	0.006653
Asat_OT3098_v2_chr3C	240000000	242000000	2000000	18077	0.009038
Asat_OT3098_v2_chr3C	242000000	244000000	2000000	50326	0.025163
Asat_OT3098_v2_chr3C	244000000	246000000	2000000	55512	0.027756
Asat_OT3098_v2_chr3C	246000000	248000000	2000000	107541	0.053770
Asat_OT3098_v2_chr3C	248000000	250000000	2000000	51999	0.025999
Asat_OT3098_v2_chr3C	250000000	252000000	2000000	2732	0.001366
Asat_OT3098_v2_chr3C	252000000	254000000	2000000	40938	0.020469
Asat_OT3098_v2_chr3C	254000000	256000000	2000000	56896	0.028448
Asat_OT3098_v2_chr3C	256000000	258000000	2000000	58806	0.029403
Asat_OT3098_v2_chr3C	258000000	260000000	2000000	71800	0.035900
Asat_OT3098_v2_chr3C	260000000	262000000	2000000	54357	0.027179
Asat_OT3098_v2_chr3C	262000000	264000000	2000000	68378	0.034189
Asat_OT3098_v2_chr3C	264000000	266000000	2000000	26059	0.013029
Asat_OT3098_v2_chr3C	266000000	268000000	2000000	43232	0.021616
Asat_OT3098_v2_chr3C	268000000	270000000	2000000	69810	0.034905
Asat_OT3098_v2_chr3C	270000000	272000000	2000000	49413	0.024706
Asat_OT3098_v2_chr3C	272000000	274000000	2000000	79115	0.039558
Asat_OT3098_v2_chr3C	274000000	276000000	2000000	66216	0.033108
Asat_OT3098_v2_chr3C	276000000	278000000	2000000	48100	0.024050
Asat_OT3098_v2_chr3C	278000000	280000000	2000000	52336	0.026168
Asat_OT3098_v2_chr3C	280000000	282000000	2000000	36230	0.018115
Asat_OT3098_v2_chr3C	282000000	284000000	2000000	39572	0.019786
Asat_OT3098_v2_chr3C	284000000	286000000	2000000	50795	0.025397
Asat_OT3098_v2_chr3C	286000000	288000000	2000000	149910	0.074955
Asat_OT3098_v2_chr3C	288000000	290000000	2000000	48135	0.024067
Asat_OT3098_v2_chr3C	290000000	292000000	2000000	48743	0.024372
Asat_OT3098_v2_chr3C	292000000	294000000	2000000	48834	0.024417
Asat_OT3098_v2_chr3C	294000000	296000000	2000000	35118	0.017559
Asat_OT3098_v2_chr3C	296000000	298000000	2000000	86201	0.043100
Asat_OT3098_v2_chr3C	298000000	300000000	2000000	73033	0.036517
Asat_OT3098_v2_chr3C	300000000	302000000	2000000	53637	0.026818
Asat_OT3098_v2_chr3C	302000000	304000000	2000000	106049	0.053025
Asat_OT3098_v2_chr3C	304000000	306000000	2000000	50464	0.025232
Asat_OT3098_v2_chr3C	306000000	308000000	2000000	38282	0.019141
Asat_OT3098_v2_chr3C	308000000	310000000	2000000	77531	0.038766
Asat_OT3098_v2_chr3C	310000000	312000000	2000000	84035	0.042017
Asat_OT3098_v2_chr3C	312000000	314000000	2000000	62395	0.031197
Asat_OT3098_v2_chr3C	314000000	316000000	2000000	45719	0.022860
Asat_OT3098_v2_chr3C	316000000	318000000	2000000	107330	0.053665
Asat_OT3098_v2_chr3C	318000000	320000000	2000000	41220	0.020610
Asat_OT3098_v2_chr3C	320000000	322000000	2000000	52952	0.026476
Asat_OT3098_v2_chr3C	322000000	324000000	2000000	14004	0.007002
Asat_OT3098_v2_chr3C	324000000	326000000	2000000	96985	0.048493
Asat_OT3098_v2_chr3C	326000000	328000000	2000000	54359	0.027179
Asat_OT3098_v2_chr3C	328000000	330000000	2000000	67105	0.033552
Asat_OT3098_v2_chr3C	330000000	332000000	2000000	28183	0.014091
Asat_OT3098_v2_chr3C	332000000	334000000	2000000	48075	0.024037
Asat_OT3098_v2_chr3C	334000000	336000000	2000000	96291	0.048146
Asat_OT3098_v2_chr3C	336000000	338000000	2000000	53518	0.026759
Asat_OT3098_v2_chr3C	338000000	340000000	2000000	52621	0.026311
Asat_OT3098_v2_chr3C	340000000	342000000	2000000	87493	0.043747
Asat_OT3098_v2_chr3C	342000000	344000000	2000000	53001	0.026500
Asat_OT3098_v2_chr3C	344000000	346000000	2000000	44138	0.022069
Asat_OT3098_v2_chr3C	346000000	348000000	2000000	31880	0.015940
Asat_OT3098_v2_chr3C	348000000	350000000	2000000	52967	0.026484
Asat_OT3098_v2_chr3C	350000000	352000000	2000000	44928	0.022464
Asat_OT3098_v2_chr3C	352000000	354000000	2000000	52406	0.026203
Asat_OT3098_v2_chr3C	354000000	356000000	2000000	45260	0.022630
Asat_OT3098_v2_chr3C	356000000	358000000	2000000	47958	0.023979
Asat_OT3098_v2_chr3C	358000000	360000000	2000000	40377	0.020189
Asat_OT3098_v2_chr3C	360000000	362000000	2000000	42774	0.021387
Asat_OT3098_v2_chr3C	362000000	364000000	2000000	31496	0.015748
Asat_OT3098_v2_chr3C	364000000	366000000	2000000	29247	0.014623
Asat_OT3098_v2_chr3C	366000000	368000000	2000000	47550	0.023775
Asat_OT3098_v2_chr3C	368000000	370000000	2000000	43836	0.021918
Asat_OT3098_v2_chr3C	370000000	372000000	2000000	16471	0.008235
Asat_OT3098_v2_chr3C	372000000	374000000	2000000	85225	0.042612
Asat_OT3098_v2_chr3C	374000000	376000000	2000000	12903	0.006451
Asat_OT3098_v2_chr3C	376000000	378000000	2000000	27697	0.013848
Asat_OT3098_v2_chr3C	378000000	380000000	2000000	48967	0.024483
Asat_OT3098_v2_chr3C	380000000	382000000	2000000	35984	0.017992
Asat_OT3098_v2_chr3C	382000000	384000000	2000000	26666	0.013333
Asat_OT3098_v2_chr3C	384000000	386000000	2000000	36378	0.018189
Asat_OT3098_v2_chr3C	386000000	388000000	2000000	20405	0.010202
Asat_OT3098_v2_chr3C	388000000	390000000	2000000	18668	0.009334
Asat_OT3098_v2_chr3C	390000000	392000000	2000000	43296	0.021648
Asat_OT3098_v2_chr3C	392000000	394000000	2000000	62255	0.031127
Asat_OT3098_v2_chr3C	394000000	396000000	2000000	54399	0.027200
Asat_OT3098_v2_chr3C	396000000	398000000	2000000	14691	0.007345
Asat_OT3098_v2_chr3C	398000000	400000000	2000000	33265	0.016633
Asat_OT3098_v2_chr3C	400000000	402000000	2000000	70269	0.035134
Asat_OT3098_v2_chr3C	402000000	404000000	2000000	26310	0.013155
Asat_OT3098_v2_chr3C	404000000	406000000	2000000	106513	0.053256
Asat_OT3098_v2_chr3C	406000000	408000000	2000000	38331	0.019165
Asat_OT3098_v2_chr3C	408000000	410000000	2000000	53318	0.026659
Asat_OT3098_v2_chr3C	410000000	412000000	2000000	51415	0.025708
Asat_OT3098_v2_chr3C	412000000	414000000	2000000	46517	0.023259
Asat_OT3098_v2_chr3C	414000000	416000000	2000000	57271	0.028636
Asat_OT3098_v2_chr3C	416000000	418000000	2000000	16804	0.008402
Asat_OT3098_v2_chr3C	418000000	420000000	2000000	40162	0.020081
Asat_OT3098_v2_chr3C	420000000	422000000	2000000	66129	0.033064
Asat_OT3098_v2_chr3C	422000000	424000000	2000000	37371	0.018686
Asat_OT3098_v2_chr3C	424000000	426000000	2000000	43724	0.021862
Asat_OT3098_v2_chr3C	426000000	428000000	2000000	90050	0.045025
Asat_OT3098_v2_chr3C	428000000	430000000	2000000	40744	0.020372
Asat_OT3098_v2_chr3C	430000000	432000000	2000000	9021	0.004510
Asat_OT3098_v2_chr3C	432000000	434000000	2000000	62248	0.031124
Asat_OT3098_v2_chr3C	434000000	436000000	2000000	18928	0.009464
Asat_OT3098_v2_chr3C	436000000	438000000	2000000	18351	0.009175
Asat_OT3098_v2_chr3C	438000000	440000000	2000000	23508	0.011754
Asat_OT3098_v2_chr3C	440000000	442000000	2000000	17280	0.008640
Asat_OT3098_v2_chr3C	442000000	444000000	2000000	67096	0.033548
Asat_OT3098_v2_chr3C	444000000	446000000	2000000	25361	0.012681
Asat_OT3098_v2_chr3C	446000000	448000000	2000000	56750	0.028375
Asat_OT3098_v2_chr3C	448000000	450000000	2000000	15798	0.007899
Asat_OT3098_v2_chr3C	450000000	452000000	2000000	32634	0.016317
Asat_OT3098_v2_chr3C	452000000	454000000	2000000	43145	0.021573
Asat_OT3098_v2_chr3C	454000000	456000000	2000000	26654	0.013327
Asat_OT3098_v2_chr3C	456000000	458000000	2000000	10073	0.005037
Asat_OT3098_v2_chr3C	458000000	460000000	2000000	63499	0.031749
Asat_OT3098_v2_chr3C	460000000	462000000	2000000	2307	0.001154
Asat_OT3098_v2_chr3C	462000000	464000000	2000000	40537	0.020268
Asat_OT3098_v2_chr3C	464000000	466000000	2000000	11562	0.005781
Asat_OT3098_v2_chr3C	466000000	468000000	2000000	52699	0.026350
Asat_OT3098_v2_chr3C	468000000	470000000	2000000	25600	0.012800
Asat_OT3098_v2_chr3C	470000000	472000000	2000000	23627	0.011813
Asat_OT3098_v2_chr3C	472000000	474000000	2000000	35831	0.017916
Asat_OT3098_v2_chr3C	474000000	476000000	2000000	25293	0.012646
Asat_OT3098_v2_chr3C	476000000	478000000	2000000	31886	0.015943
Asat_OT3098_v2_chr3C	478000000	480000000	2000000	40087	0.020043
Asat_OT3098_v2_chr3C	480000000	482000000	2000000	55604	0.027802
Asat_OT3098_v2_chr3C	482000000	484000000	2000000	15219	0.007609
Asat_OT3098_v2_chr3C	484000000	486000000	2000000	31436	0.015718
Asat_OT3098_v2_chr3C	486000000	488000000	2000000	70256	0.035128
Asat_OT3098_v2_chr3C	488000000	490000000	2000000	5011	0.002505
Asat_OT3098_v2_chr3C	490000000	492000000	2000000	39966	0.019983
Asat_OT3098_v2_chr3C	492000000	494000000	2000000	36507	0.018253
Asat_OT3098_v2_chr3C	494000000	496000000	2000000	74043	0.037021
Asat_OT3098_v2_chr3C	496000000	498000000	2000000	0	0.000000
Asat_OT3098_v2_chr3C	498000000	500000000	2000000	4749	0.002374
Asat_OT3098_v2_chr3C	500000000	502000000	2000000	19848	0.009924
Asat_OT3098_v2_chr3C	502000000	504000000	2000000	49286	0.024643
Asat_OT3098_v2_chr3C	504000000	506000000	2000000	14360	0.007180
Asat_OT3098_v2_chr3C	506000000	508000000	2000000	27230	0.013615
Asat_OT3098_v2_chr3C	508000000	510000000	2000000	22533	0.011267
Asat_OT3098_v2_chr3C	510000000	512000000	2000000	15663	0.007831
Asat_OT3098_v2_chr3C	512000000	514000000	2000000	27271	0.013636
Asat_OT3098_v2_chr3C	514000000	516000000	2000000	13144	0.006572
Asat_OT3098_v2_chr3C	516000000	518000000	2000000	28874	0.014437
Asat_OT3098_v2_chr3C	518000000	520000000	2000000	42233	0.021116
Asat_OT3098_v2_chr3C	520000000	522000000	2000000	33751	0.016876
Asat_OT3098_v2_chr3C	522000000	524000000	2000000	37247	0.018624
Asat_OT3098_v2_chr3C	524000000	526000000	2000000	3586	0.001793
Asat_OT3098_v2_chr3C	526000000	528000000	2000000	4066	0.002033
Asat_OT3098_v2_chr3C	528000000	530000000	2000000	7496	0.003748
Asat_OT3098_v2_chr3C	530000000	532000000	2000000	9312	0.004656
Asat_OT3098_v2_chr3C	532000000	534000000	2000000	14286	0.007143
Asat_OT3098_v2_chr3C	534000000	536000000	2000000	13160	0.006580
Asat_OT3098_v2_chr3C	536000000	538000000	2000000	14330	0.007165
Asat_OT3098_v2_chr3C	538000000	540000000	2000000	11398	0.005699
Asat_OT3098_v2_chr3C	540000000	542000000	2000000	17085	0.008542
Asat_OT3098_v2_chr3C	542000000	544000000	2000000	2225	0.001112
Asat_OT3098_v2_chr3C	544000000	546000000	2000000	3071	0.001535
Asat_OT3098_v2_chr3C	546000000	548000000	2000000	0	0.000000
Asat_OT3098_v2_chr3C	548000000	550000000	2000000	2615	0.001308
Asat_OT3098_v2_chr3C	550000000	552000000	2000000	7447	0.003723
Asat_OT3098_v2_chr3C	552000000	554000000	2000000	20969	0.010485
Asat_OT3098_v2_chr3C	554000000	556000000	2000000	18781	0.009390
Asat_OT3098_v2_chr3C	556000000	558000000	2000000	38868	0.019434
Asat_OT3098_v2_chr3C	558000000	560000000	2000000	24890	0.012445
Asat_OT3098_v2_chr3C	560000000	562000000	2000000	27945	0.013973
Asat_OT3098_v2_chr3C	562000000	564000000	2000000	13619	0.006809
Asat_OT3098_v2_chr3C	564000000	566000000	2000000	13652	0.006826
Asat_OT3098_v2_chr3C	566000000	568000000	2000000	13000	0.006500
Asat_OT3098_v2_chr3C	568000000	570000000	2000000	19746	0.009873
Asat_OT3098_v2_chr3C	570000000	572000000	2000000	19142	0.009571
Asat_OT3098_v2_chr3C	572000000	574000000	2000000	9548	0.004774
Asat_OT3098_v2_chr3C	574000000	576000000	2000000	16817	0.008408
Asat_OT3098_v2_chr3C	576000000	578000000	2000000	3530	0.001765
Asat_OT3098_v2_chr3C	578000000	580000000	2000000	28087	0.014044
Asat_OT3098_v2_chr3C	580000000	582000000	2000000	9490	0.004745
Asat_OT3098_v2_chr3C	582000000	584000000	2000000	5783	0.002891
Asat_OT3098_v2_chr3C	584000000	586000000	2000000	12551	0.006275
Asat_OT3098_v2_chr3C	586000000	588000000	2000000	0	0.000000
Asat_OT3098_v2_chr3C	588000000	590000000	2000000	27397	0.013699
Asat_OT3098_v2_chr3C	590000000	592000000	2000000	1966	0.000983
Asat_OT3098_v2_chr3C	592000000	594000000	2000000	16899	0.008450
Asat_OT3098_v2_chr3C	594000000	596000000	2000000	12646	0.006323
Asat_OT3098_v2_chr3C	596000000	598000000	2000000	9998	0.004999
Asat_OT3098_v2_chr3C	598000000	600000000	2000000	25479	0.012740
Asat_OT3098_v2_chr3C	600000000	602000000	2000000	13255	0.006627
Asat_OT3098_v2_chr3C	602000000	604000000	2000000	23374	0.011687
Asat_OT3098_v2_chr3C	604000000	606000000	2000000	6373	0.003187
Asat_OT3098_v2_chr3C	606000000	608000000	2000000	13395	0.006698
Asat_OT3098_v2_chr3C	608000000	610000000	2000000	17043	0.008521
Asat_OT3098_v2_chr3C	610000000	612000000	2000000	14854	0.007427
Asat_OT3098_v2_chr3C	612000000	614000000	2000000	12189	0.006095
Asat_OT3098_v2_chr3C	614000000	616000000	2000000	11578	0.005789
Asat_OT3098_v2_chr3C	616000000	618000000	2000000	0	0.000000
Asat_OT3098_v2_chr3C	618000000	620000000	2000000	27487	0.013744
Asat_OT3098_v2_chr3C	620000000	622000000	2000000	10950	0.005475
Asat_OT3098_v2_chr3C	622000000	624000000	2000000	30058	0.015029
Asat_OT3098_v2_chr3C	624000000	626000000	2000000	10160	0.005080
Asat_OT3098_v2_chr3C	626000000	628000000	2000000	33836	0.016918
Asat_OT3098_v2_chr3C	628000000	630000000	2000000	14897	0.007449
Asat_OT3098_v2_chr3C	630000000	632000000	2000000	41375	0.020688
Asat_OT3098_v2_chr3C	632000000	634000000	2000000	15496	0.007748
Asat_OT3098_v2_chr3C	634000000	636000000	2000000	29977	0.014989
Asat_OT3098_v2_chr3C	636000000	638000000	2000000	23211	0.011605
Asat_OT3098_v2_chr3C	638000000	638425132	425132	0	0.000000
Asat_OT3098_v2_chr3D	0	2000000	2000000	26624	0.013312
Asat_OT3098_v2_chr3D	2000000	4000000	2000000	0	0.000000
Asat_OT3098_v2_chr3D	4000000	6000000	2000000	14710	0.007355
Asat_OT3098_v2_chr3D	6000000	8000000	2000000	4757	0.002378
Asat_OT3098_v2_chr3D	8000000	10000000	2000000	4738	0.002369
Asat_OT3098_v2_chr3D	10000000	12000000	2000000	8166	0.004083
Asat_OT3098_v2_chr3D	12000000	14000000	2000000	16385	0.008193
Asat_OT3098_v2_chr3D	14000000	16000000	2000000	4707	0.002354
Asat_OT3098_v2_chr3D	16000000	18000000	2000000	8292	0.004146
Asat_OT3098_v2_chr3D	18000000	20000000	2000000	6943	0.003472
Asat_OT3098_v2_chr3D	20000000	22000000	2000000	0	0.000000
Asat_OT3098_v2_chr3D	22000000	24000000	2000000	0	0.000000
Asat_OT3098_v2_chr3D	24000000	26000000	2000000	12333	0.006167
Asat_OT3098_v2_chr3D	26000000	28000000	2000000	20185	0.010093
Asat_OT3098_v2_chr3D	28000000	30000000	2000000	27271	0.013636
Asat_OT3098_v2_chr3D	30000000	32000000	2000000	10572	0.005286
Asat_OT3098_v2_chr3D	32000000	34000000	2000000	43561	0.021781
Asat_OT3098_v2_chr3D	34000000	36000000	2000000	15864	0.007932
Asat_OT3098_v2_chr3D	36000000	38000000	2000000	28869	0.014434
Asat_OT3098_v2_chr3D	38000000	40000000	2000000	39091	0.019546
Asat_OT3098_v2_chr3D	40000000	42000000	2000000	29978	0.014989
Asat_OT3098_v2_chr3D	42000000	44000000	2000000	21856	0.010928
Asat_OT3098_v2_chr3D	44000000	46000000	2000000	23223	0.011612
Asat_OT3098_v2_chr3D	46000000	48000000	2000000	17259	0.008630
Asat_OT3098_v2_chr3D	48000000	50000000	2000000	15234	0.007617
Asat_OT3098_v2_chr3D	50000000	52000000	2000000	33306	0.016653
Asat_OT3098_v2_chr3D	52000000	54000000	2000000	16337	0.008169
Asat_OT3098_v2_chr3D	54000000	56000000	2000000	25362	0.012681
Asat_OT3098_v2_chr3D	56000000	58000000	2000000	33885	0.016942
Asat_OT3098_v2_chr3D	58000000	60000000	2000000	19552	0.009776
Asat_OT3098_v2_chr3D	60000000	62000000	2000000	42742	0.021371
Asat_OT3098_v2_chr3D	62000000	64000000	2000000	47754	0.023877
Asat_OT3098_v2_chr3D	64000000	66000000	2000000	21175	0.010587
Asat_OT3098_v2_chr3D	66000000	68000000	2000000	2867	0.001434
Asat_OT3098_v2_chr3D	68000000	70000000	2000000	13443	0.006722
Asat_OT3098_v2_chr3D	70000000	72000000	2000000	18524	0.009262
Asat_OT3098_v2_chr3D	72000000	74000000	2000000	8281	0.004141
Asat_OT3098_v2_chr3D	74000000	76000000	2000000	9984	0.004992
Asat_OT3098_v2_chr3D	76000000	78000000	2000000	0	0.000000
Asat_OT3098_v2_chr3D	78000000	80000000	2000000	0	0.000000
Asat_OT3098_v2_chr3D	80000000	82000000	2000000	40497	0.020248
Asat_OT3098_v2_chr3D	82000000	84000000	2000000	40015	0.020008
Asat_OT3098_v2_chr3D	84000000	86000000	2000000	13893	0.006947
Asat_OT3098_v2_chr3D	86000000	88000000	2000000	19652	0.009826
Asat_OT3098_v2_chr3D	88000000	90000000	2000000	45155	0.022578
Asat_OT3098_v2_chr3D	90000000	92000000	2000000	36977	0.018489
Asat_OT3098_v2_chr3D	92000000	94000000	2000000	48033	0.024016
Asat_OT3098_v2_chr3D	94000000	96000000	2000000	18896	0.009448
Asat_OT3098_v2_chr3D	96000000	98000000	2000000	71910	0.035955
Asat_OT3098_v2_chr3D	98000000	100000000	2000000	33976	0.016988
Asat_OT3098_v2_chr3D	100000000	102000000	2000000	46895	0.023447
Asat_OT3098_v2_chr3D	102000000	104000000	2000000	13282	0.006641
Asat_OT3098_v2_chr3D	104000000	106000000	2000000	15266	0.007633
Asat_OT3098_v2_chr3D	106000000	108000000	2000000	38532	0.019266
Asat_OT3098_v2_chr3D	108000000	110000000	2000000	16967	0.008483
Asat_OT3098_v2_chr3D	110000000	112000000	2000000	18985	0.009492
Asat_OT3098_v2_chr3D	112000000	114000000	2000000	58440	0.029220
Asat_OT3098_v2_chr3D	114000000	116000000	2000000	6453	0.003227
Asat_OT3098_v2_chr3D	116000000	118000000	2000000	15007	0.007503
Asat_OT3098_v2_chr3D	118000000	120000000	2000000	34314	0.017157
Asat_OT3098_v2_chr3D	120000000	122000000	2000000	20472	0.010236
Asat_OT3098_v2_chr3D	122000000	124000000	2000000	50920	0.025460
Asat_OT3098_v2_chr3D	124000000	126000000	2000000	14433	0.007216
Asat_OT3098_v2_chr3D	126000000	128000000	2000000	11224	0.005612
Asat_OT3098_v2_chr3D	128000000	130000000	2000000	25419	0.012710
Asat_OT3098_v2_chr3D	130000000	132000000	2000000	33099	0.016550
Asat_OT3098_v2_chr3D	132000000	134000000	2000000	19522	0.009761
Asat_OT3098_v2_chr3D	134000000	136000000	2000000	11399	0.005699
Asat_OT3098_v2_chr3D	136000000	138000000	2000000	45417	0.022708
Asat_OT3098_v2_chr3D	138000000	140000000	2000000	34655	0.017327
Asat_OT3098_v2_chr3D	140000000	142000000	2000000	0	0.000000
Asat_OT3098_v2_chr3D	142000000	144000000	2000000	66640	0.033320
Asat_OT3098_v2_chr3D	144000000	146000000	2000000	35112	0.017556
Asat_OT3098_v2_chr3D	146000000	148000000	2000000	38469	0.019235
Asat_OT3098_v2_chr3D	148000000	150000000	2000000	26784	0.013392
Asat_OT3098_v2_chr3D	150000000	152000000	2000000	17377	0.008689
Asat_OT3098_v2_chr3D	152000000	154000000	2000000	47849	0.023925
Asat_OT3098_v2_chr3D	154000000	156000000	2000000	37395	0.018697
Asat_OT3098_v2_chr3D	156000000	158000000	2000000	21526	0.010763
Asat_OT3098_v2_chr3D	158000000	160000000	2000000	37199	0.018600
Asat_OT3098_v2_chr3D	160000000	162000000	2000000	23722	0.011861
Asat_OT3098_v2_chr3D	162000000	164000000	2000000	32068	0.016034
Asat_OT3098_v2_chr3D	164000000	166000000	2000000	26380	0.013190
Asat_OT3098_v2_chr3D	166000000	168000000	2000000	61340	0.030670
Asat_OT3098_v2_chr3D	168000000	170000000	2000000	17363	0.008681
Asat_OT3098_v2_chr3D	170000000	172000000	2000000	67728	0.033864
Asat_OT3098_v2_chr3D	172000000	174000000	2000000	39542	0.019771
Asat_OT3098_v2_chr3D	174000000	176000000	2000000	35693	0.017847
Asat_OT3098_v2_chr3D	176000000	178000000	2000000	18805	0.009402
Asat_OT3098_v2_chr3D	178000000	180000000	2000000	42437	0.021219
Asat_OT3098_v2_chr3D	180000000	182000000	2000000	29933	0.014967
Asat_OT3098_v2_chr3D	182000000	184000000	2000000	55332	0.027666
Asat_OT3098_v2_chr3D	184000000	186000000	2000000	25368	0.012684
Asat_OT3098_v2_chr3D	186000000	188000000	2000000	18629	0.009314
Asat_OT3098_v2_chr3D	188000000	190000000	2000000	61981	0.030991
Asat_OT3098_v2_chr3D	190000000	192000000	2000000	15465	0.007732
Asat_OT3098_v2_chr3D	192000000	194000000	2000000	45346	0.022673
Asat_OT3098_v2_chr3D	194000000	196000000	2000000	13726	0.006863
Asat_OT3098_v2_chr3D	196000000	198000000	2000000	9504	0.004752
Asat_OT3098_v2_chr3D	198000000	200000000	2000000	30017	0.015008
Asat_OT3098_v2_chr3D	200000000	202000000	2000000	21100	0.010550
Asat_OT3098_v2_chr3D	202000000	204000000	2000000	11340	0.005670
Asat_OT3098_v2_chr3D	204000000	206000000	2000000	0	0.000000
Asat_OT3098_v2_chr3D	206000000	208000000	2000000	14610	0.007305
Asat_OT3098_v2_chr3D	208000000	210000000	2000000	27184	0.013592
Asat_OT3098_v2_chr3D	210000000	212000000	2000000	13318	0.006659
Asat_OT3098_v2_chr3D	212000000	214000000	2000000	36228	0.018114
Asat_OT3098_v2_chr3D	214000000	216000000	2000000	17362	0.008681
Asat_OT3098_v2_chr3D	216000000	218000000	2000000	74589	0.037295
Asat_OT3098_v2_chr3D	218000000	220000000	2000000	15296	0.007648
Asat_OT3098_v2_chr3D	220000000	222000000	2000000	10548	0.005274
Asat_OT3098_v2_chr3D	222000000	224000000	2000000	41825	0.020913
Asat_OT3098_v2_chr3D	224000000	226000000	2000000	47945	0.023973
Asat_OT3098_v2_chr3D	226000000	228000000	2000000	22072	0.011036
Asat_OT3098_v2_chr3D	228000000	230000000	2000000	19180	0.009590
Asat_OT3098_v2_chr3D	230000000	232000000	2000000	25828	0.012914
Asat_OT3098_v2_chr3D	232000000	234000000	2000000	17424	0.008712
Asat_OT3098_v2_chr3D	234000000	236000000	2000000	47092	0.023546
Asat_OT3098_v2_chr3D	236000000	238000000	2000000	37653	0.018826
Asat_OT3098_v2_chr3D	238000000	240000000	2000000	78027	0.039013
Asat_OT3098_v2_chr3D	240000000	242000000	2000000	21735	0.010868
Asat_OT3098_v2_chr3D	242000000	244000000	2000000	55182	0.027591
Asat_OT3098_v2_chr3D	244000000	246000000	2000000	54361	0.027180
Asat_OT3098_v2_chr3D	246000000	248000000	2000000	9418	0.004709
Asat_OT3098_v2_chr3D	248000000	250000000	2000000	61953	0.030977
Asat_OT3098_v2_chr3D	250000000	252000000	2000000	27337	0.013669
Asat_OT3098_v2_chr3D	252000000	254000000	2000000	19376	0.009688
Asat_OT3098_v2_chr3D	254000000	256000000	2000000	39553	0.019776
Asat_OT3098_v2_chr3D	256000000	258000000	2000000	3630	0.001815
Asat_OT3098_v2_chr3D	258000000	260000000	2000000	38539	0.019269
Asat_OT3098_v2_chr3D	260000000	262000000	2000000	30598	0.015299
Asat_OT3098_v2_chr3D	262000000	264000000	2000000	4653	0.002327
Asat_OT3098_v2_chr3D	264000000	266000000	2000000	14317	0.007158
Asat_OT3098_v2_chr3D	266000000	268000000	2000000	40927	0.020463
Asat_OT3098_v2_chr3D	268000000	270000000	2000000	20911	0.010455
Asat_OT3098_v2_chr3D	270000000	272000000	2000000	33258	0.016629
Asat_OT3098_v2_chr3D	272000000	274000000	2000000	49297	0.024649
Asat_OT3098_v2_chr3D	274000000	276000000	2000000	59391	0.029695
Asat_OT3098_v2_chr3D	276000000	278000000	2000000	39221	0.019610
Asat_OT3098_v2_chr3D	278000000	280000000	2000000	47722	0.023861
Asat_OT3098_v2_chr3D	280000000	282000000	2000000	52995	0.026498
Asat_OT3098_v2_chr3D	282000000	284000000	2000000	47023	0.023512
Asat_OT3098_v2_chr3D	284000000	286000000	2000000	17276	0.008638
Asat_OT3098_v2_chr3D	286000000	288000000	2000000	13440	0.006720
Asat_OT3098_v2_chr3D	288000000	290000000	2000000	13316	0.006658
Asat_OT3098_v2_chr3D	290000000	292000000	2000000	11567	0.005783
Asat_OT3098_v2_chr3D	292000000	294000000	2000000	23719	0.011860
Asat_OT3098_v2_chr3D	294000000	296000000	2000000	61509	0.030755
Asat_OT3098_v2_chr3D	296000000	298000000	2000000	20756	0.010378
Asat_OT3098_v2_chr3D	298000000	300000000	2000000	36480	0.018240
Asat_OT3098_v2_chr3D	300000000	302000000	2000000	25757	0.012878
Asat_OT3098_v2_chr3D	302000000	304000000	2000000	19906	0.009953
Asat_OT3098_v2_chr3D	304000000	306000000	2000000	24308	0.012154
Asat_OT3098_v2_chr3D	306000000	308000000	2000000	17551	0.008776
Asat_OT3098_v2_chr3D	308000000	310000000	2000000	45299	0.022649
Asat_OT3098_v2_chr3D	310000000	312000000	2000000	6926	0.003463
Asat_OT3098_v2_chr3D	312000000	314000000	2000000	42363	0.021181
Asat_OT3098_v2_chr3D	314000000	316000000	2000000	37171	0.018586
Asat_OT3098_v2_chr3D	316000000	318000000	2000000	11613	0.005807
Asat_OT3098_v2_chr3D	318000000	320000000	2000000	17083	0.008542
Asat_OT3098_v2_chr3D	320000000	322000000	2000000	3991	0.001995
Asat_OT3098_v2_chr3D	322000000	324000000	2000000	14526	0.007263
Asat_OT3098_v2_chr3D	324000000	326000000	2000000	20432	0.010216
Asat_OT3098_v2_chr3D	326000000	328000000	2000000	0	0.000000
Asat_OT3098_v2_chr3D	328000000	330000000	2000000	33893	0.016946
Asat_OT3098_v2_chr3D	330000000	332000000	2000000	17982	0.008991
Asat_OT3098_v2_chr3D	332000000	334000000	2000000	20393	0.010197
Asat_OT3098_v2_chr3D	334000000	336000000	2000000	23577	0.011789
Asat_OT3098_v2_chr3D	336000000	338000000	2000000	11865	0.005933
Asat_OT3098_v2_chr3D	338000000	340000000	2000000	36490	0.018245
Asat_OT3098_v2_chr3D	340000000	342000000	2000000	27803	0.013902
Asat_OT3098_v2_chr3D	342000000	344000000	2000000	17088	0.008544
Asat_OT3098_v2_chr3D	344000000	346000000	2000000	0	0.000000
Asat_OT3098_v2_chr3D	346000000	348000000	2000000	11103	0.005552
Asat_OT3098_v2_chr3D	348000000	350000000	2000000	4755	0.002377
Asat_OT3098_v2_chr3D	350000000	352000000	2000000	30193	0.015097
Asat_OT3098_v2_chr3D	352000000	354000000	2000000	0	0.000000
Asat_OT3098_v2_chr3D	354000000	356000000	2000000	0	0.000000
Asat_OT3098_v2_chr3D	356000000	358000000	2000000	0	0.000000
Asat_OT3098_v2_chr3D	358000000	360000000	2000000	0	0.000000
Asat_OT3098_v2_chr3D	360000000	362000000	2000000	22308	0.011154
Asat_OT3098_v2_chr3D	362000000	364000000	2000000	11836	0.005918
Asat_OT3098_v2_chr3D	364000000	366000000	2000000	45046	0.022523
Asat_OT3098_v2_chr3D	366000000	368000000	2000000	9386	0.004693
Asat_OT3098_v2_chr3D	368000000	370000000	2000000	18013	0.009007
Asat_OT3098_v2_chr3D	370000000	372000000	2000000	4725	0.002363
Asat_OT3098_v2_chr3D	372000000	374000000	2000000	2326	0.001163
Asat_OT3098_v2_chr3D	374000000	376000000	2000000	20773	0.010386
Asat_OT3098_v2_chr3D	376000000	378000000	2000000	17467	0.008733
Asat_OT3098_v2_chr3D	378000000	380000000	2000000	11693	0.005847
Asat_OT3098_v2_chr3D	380000000	382000000	2000000	0	0.000000
Asat_OT3098_v2_chr3D	382000000	384000000	2000000	7595	0.003798
Asat_OT3098_v2_chr3D	384000000	386000000	2000000	12550	0.006275
Asat_OT3098_v2_chr3D	386000000	388000000	2000000	0	0.000000
Asat_OT3098_v2_chr3D	388000000	390000000	2000000	0	0.000000
Asat_OT3098_v2_chr3D	390000000	392000000	2000000	14598	0.007299
Asat_OT3098_v2_chr3D	392000000	394000000	2000000	24433	0.012216
Asat_OT3098_v2_chr3D	394000000	396000000	2000000	11144	0.005572
Asat_OT3098_v2_chr3D	396000000	398000000	2000000	7338	0.003669
Asat_OT3098_v2_chr3D	398000000	400000000	2000000	48066	0.024033
Asat_OT3098_v2_chr3D	400000000	402000000	2000000	38888	0.019444
Asat_OT3098_v2_chr3D	402000000	404000000	2000000	0	0.000000
Asat_OT3098_v2_chr3D	404000000	406000000	2000000	8938	0.004469
Asat_OT3098_v2_chr3D	406000000	408000000	2000000	14254	0.007127
Asat_OT3098_v2_chr3D	408000000	410000000	2000000	7915	0.003958
Asat_OT3098_v2_chr3D	410000000	412000000	2000000	29116	0.014558
Asat_OT3098_v2_chr3D	412000000	414000000	2000000	37590	0.018795
Asat_OT3098_v2_chr3D	414000000	416000000	2000000	34513	0.017257
Asat_OT3098_v2_chr3D	416000000	418000000	2000000	20790	0.010395
Asat_OT3098_v2_chr3D	418000000	420000000	2000000	5260	0.002630
Asat_OT3098_v2_chr3D	420000000	422000000	2000000	15037	0.007519
Asat_OT3098_v2_chr3D	422000000	424000000	2000000	25771	0.012885
Asat_OT3098_v2_chr3D	424000000	426000000	2000000	24058	0.012029
Asat_OT3098_v2_chr3D	426000000	428000000	2000000	21163	0.010582
Asat_OT3098_v2_chr3D	428000000	430000000	2000000	23205	0.011602
Asat_OT3098_v2_chr3D	430000000	432000000	2000000	39425	0.019713
Asat_OT3098_v2_chr3D	432000000	434000000	2000000	17948	0.008974
Asat_OT3098_v2_chr3D	434000000	436000000	2000000	28424	0.014212
Asat_OT3098_v2_chr3D	436000000	438000000	2000000	10030	0.005015
Asat_OT3098_v2_chr3D	438000000	440000000	2000000	74517	0.037258
Asat_OT3098_v2_chr3D	440000000	442000000	2000000	27071	0.013536
Asat_OT3098_v2_chr3D	442000000	444000000	2000000	9377	0.004688
Asat_OT3098_v2_chr3D	444000000	446000000	2000000	25082	0.012541
Asat_OT3098_v2_chr3D	446000000	448000000	2000000	3669	0.001834
Asat_OT3098_v2_chr3D	448000000	450000000	2000000	25270	0.012635
Asat_OT3098_v2_chr3D	450000000	452000000	2000000	12727	0.006364
Asat_OT3098_v2_chr3D	452000000	454000000	2000000	11943	0.005972
Asat_OT3098_v2_chr3D	454000000	456000000	2000000	1023	0.000512
Asat_OT3098_v2_chr3D	456000000	458000000	2000000	32205	0.016102
Asat_OT3098_v2_chr3D	458000000	460000000	2000000	25444	0.012722
Asat_OT3098_v2_chr3D	460000000	462000000	2000000	15104	0.007552
Asat_OT3098_v2_chr3D	462000000	464000000	2000000	11762	0.005881
Asat_OT3098_v2_chr3D	464000000	466000000	2000000	23881	0.011940
Asat_OT3098_v2_chr3D	466000000	468000000	2000000	2122	0.001061
Asat_OT3098_v2_chr3D	468000000	470000000	2000000	21417	0.010708
Asat_OT3098_v2_chr3D	470000000	472000000	2000000	11559	0.005779
Asat_OT3098_v2_chr3D	472000000	474000000	2000000	0	0.000000
Asat_OT3098_v2_chr3D	474000000	476000000	2000000	0	0.000000
Asat_OT3098_v2_chr3D	476000000	478000000	2000000	5984	0.002992
Asat_OT3098_v2_chr3D	478000000	480000000	2000000	20610	0.010305
Asat_OT3098_v2_chr3D	480000000	480949782	949782	3230	0.003401
Asat_OT3098_v2_chr4A	0	2000000	2000000	0	0.000000
Asat_OT3098_v2_chr4A	2000000	4000000	2000000	5349	0.002674
Asat_OT3098_v2_chr4A	4000000	6000000	2000000	27807	0.013903
Asat_OT3098_v2_chr4A	6000000	8000000	2000000	0	0.000000
Asat_OT3098_v2_chr4A	8000000	10000000	2000000	13199	0.006600
Asat_OT3098_v2_chr4A	10000000	12000000	2000000	26342	0.013171
Asat_OT3098_v2_chr4A	12000000	14000000	2000000	22919	0.011459
Asat_OT3098_v2_chr4A	14000000	16000000	2000000	28879	0.014439
Asat_OT3098_v2_chr4A	16000000	18000000	2000000	58686	0.029343
Asat_OT3098_v2_chr4A	18000000	20000000	2000000	10928	0.005464
Asat_OT3098_v2_chr4A	20000000	22000000	2000000	2683	0.001342
Asat_OT3098_v2_chr4A	22000000	24000000	2000000	16871	0.008436
Asat_OT3098_v2_chr4A	24000000	26000000	2000000	22681	0.011340
Asat_OT3098_v2_chr4A	26000000	28000000	2000000	24870	0.012435
Asat_OT3098_v2_chr4A	28000000	30000000	2000000	36740	0.018370
Asat_OT3098_v2_chr4A	30000000	32000000	2000000	14439	0.007220
Asat_OT3098_v2_chr4A	32000000	34000000	2000000	8193	0.004097
Asat_OT3098_v2_chr4A	34000000	36000000	2000000	55990	0.027995
Asat_OT3098_v2_chr4A	36000000	38000000	2000000	46121	0.023061
Asat_OT3098_v2_chr4A	38000000	40000000	2000000	10465	0.005233
Asat_OT3098_v2_chr4A	40000000	42000000	2000000	28852	0.014426
Asat_OT3098_v2_chr4A	42000000	44000000	2000000	8269	0.004135
Asat_OT3098_v2_chr4A	44000000	46000000	2000000	8334	0.004167
Asat_OT3098_v2_chr4A	46000000	48000000	2000000	11942	0.005971
Asat_OT3098_v2_chr4A	48000000	50000000	2000000	44409	0.022204
Asat_OT3098_v2_chr4A	50000000	52000000	2000000	0	0.000000
Asat_OT3098_v2_chr4A	52000000	54000000	2000000	10439	0.005220
Asat_OT3098_v2_chr4A	54000000	56000000	2000000	9784	0.004892
Asat_OT3098_v2_chr4A	56000000	58000000	2000000	33926	0.016963
Asat_OT3098_v2_chr4A	58000000	60000000	2000000	49896	0.024948
Asat_OT3098_v2_chr4A	60000000	62000000	2000000	34667	0.017334
Asat_OT3098_v2_chr4A	62000000	64000000	2000000	8257	0.004129
Asat_OT3098_v2_chr4A	64000000	66000000	2000000	18308	0.009154
Asat_OT3098_v2_chr4A	66000000	68000000	2000000	33435	0.016717
Asat_OT3098_v2_chr4A	68000000	70000000	2000000	10765	0.005383
Asat_OT3098_v2_chr4A	70000000	72000000	2000000	11049	0.005524
Asat_OT3098_v2_chr4A	72000000	74000000	2000000	8393	0.004196
Asat_OT3098_v2_chr4A	74000000	76000000	2000000	43643	0.021822
Asat_OT3098_v2_chr4A	76000000	78000000	2000000	16596	0.008298
Asat_OT3098_v2_chr4A	78000000	80000000	2000000	16760	0.008380
Asat_OT3098_v2_chr4A	80000000	82000000	2000000	39826	0.019913
Asat_OT3098_v2_chr4A	82000000	84000000	2000000	6558	0.003279
Asat_OT3098_v2_chr4A	84000000	86000000	2000000	15400	0.007700
Asat_OT3098_v2_chr4A	86000000	88000000	2000000	12133	0.006066
Asat_OT3098_v2_chr4A	88000000	90000000	2000000	9594	0.004797
Asat_OT3098_v2_chr4A	90000000	92000000	2000000	0	0.000000
Asat_OT3098_v2_chr4A	92000000	94000000	2000000	12609	0.006305
Asat_OT3098_v2_chr4A	94000000	96000000	2000000	15342	0.007671
Asat_OT3098_v2_chr4A	96000000	98000000	2000000	23224	0.011612
Asat_OT3098_v2_chr4A	98000000	100000000	2000000	29066	0.014533
Asat_OT3098_v2_chr4A	100000000	102000000	2000000	6126	0.003063
Asat_OT3098_v2_chr4A	102000000	104000000	2000000	35043	0.017521
Asat_OT3098_v2_chr4A	104000000	106000000	2000000	25262	0.012631
Asat_OT3098_v2_chr4A	106000000	108000000	2000000	20481	0.010240
Asat_OT3098_v2_chr4A	108000000	110000000	2000000	36977	0.018489
Asat_OT3098_v2_chr4A	110000000	112000000	2000000	2303	0.001151
Asat_OT3098_v2_chr4A	112000000	114000000	2000000	22461	0.011230
Asat_OT3098_v2_chr4A	114000000	116000000	2000000	46122	0.023061
Asat_OT3098_v2_chr4A	116000000	118000000	2000000	3718	0.001859
Asat_OT3098_v2_chr4A	118000000	120000000	2000000	30388	0.015194
Asat_OT3098_v2_chr4A	120000000	122000000	2000000	7389	0.003694
Asat_OT3098_v2_chr4A	122000000	124000000	2000000	9425	0.004712
Asat_OT3098_v2_chr4A	124000000	126000000	2000000	36085	0.018042
Asat_OT3098_v2_chr4A	126000000	128000000	2000000	20632	0.010316
Asat_OT3098_v2_chr4A	128000000	130000000	2000000	20341	0.010171
Asat_OT3098_v2_chr4A	130000000	132000000	2000000	10553	0.005276
Asat_OT3098_v2_chr4A	132000000	134000000	2000000	15510	0.007755
Asat_OT3098_v2_chr4A	134000000	136000000	2000000	8512	0.004256
Asat_OT3098_v2_chr4A	136000000	138000000	2000000	13816	0.006908
Asat_OT3098_v2_chr4A	138000000	140000000	2000000	9798	0.004899
Asat_OT3098_v2_chr4A	140000000	142000000	2000000	12562	0.006281
Asat_OT3098_v2_chr4A	142000000	144000000	2000000	36614	0.018307
Asat_OT3098_v2_chr4A	144000000	146000000	2000000	2305	0.001153
Asat_OT3098_v2_chr4A	146000000	148000000	2000000	28101	0.014051
Asat_OT3098_v2_chr4A	148000000	150000000	2000000	24733	0.012367
Asat_OT3098_v2_chr4A	150000000	152000000	2000000	13178	0.006589
Asat_OT3098_v2_chr4A	152000000	154000000	2000000	4840	0.002420
Asat_OT3098_v2_chr4A	154000000	156000000	2000000	12053	0.006026
Asat_OT3098_v2_chr4A	156000000	158000000	2000000	18060	0.009030
Asat_OT3098_v2_chr4A	158000000	160000000	2000000	5394	0.002697
Asat_OT3098_v2_chr4A	160000000	162000000	2000000	18945	0.009473
Asat_OT3098_v2_chr4A	162000000	164000000	2000000	14275	0.007137
Asat_OT3098_v2_chr4A	164000000	166000000	2000000	7156	0.003578
Asat_OT3098_v2_chr4A	166000000	168000000	2000000	31718	0.015859
Asat_OT3098_v2_chr4A	168000000	170000000	2000000	9725	0.004862
Asat_OT3098_v2_chr4A	170000000	172000000	2000000	22366	0.011183
Asat_OT3098_v2_chr4A	172000000	174000000	2000000	34824	0.017412
Asat_OT3098_v2_chr4A	174000000	176000000	2000000	12938	0.006469
Asat_OT3098_v2_chr4A	176000000	178000000	2000000	0	0.000000
Asat_OT3098_v2_chr4A	178000000	180000000	2000000	4892	0.002446
Asat_OT3098_v2_chr4A	180000000	182000000	2000000	0	0.000000
Asat_OT3098_v2_chr4A	182000000	184000000	2000000	14515	0.007258
Asat_OT3098_v2_chr4A	184000000	186000000	2000000	14190	0.007095
Asat_OT3098_v2_chr4A	186000000	188000000	2000000	10327	0.005163
Asat_OT3098_v2_chr4A	188000000	190000000	2000000	12213	0.006106
Asat_OT3098_v2_chr4A	190000000	192000000	2000000	4834	0.002417
Asat_OT3098_v2_chr4A	192000000	194000000	2000000	24301	0.012150
Asat_OT3098_v2_chr4A	194000000	196000000	2000000	18648	0.009324
Asat_OT3098_v2_chr4A	196000000	198000000	2000000	24724	0.012362
Asat_OT3098_v2_chr4A	198000000	200000000	2000000	12799	0.006399
Asat_OT3098_v2_chr4A	200000000	202000000	2000000	4233	0.002116
Asat_OT3098_v2_chr4A	202000000	204000000	2000000	9324	0.004662
Asat_OT3098_v2_chr4A	204000000	206000000	2000000	14839	0.007419
Asat_OT3098_v2_chr4A	206000000	208000000	2000000	6741	0.003370
Asat_OT3098_v2_chr4A	208000000	210000000	2000000	26325	0.013163
Asat_OT3098_v2_chr4A	210000000	212000000	2000000	26237	0.013118
Asat_OT3098_v2_chr4A	212000000	214000000	2000000	5135	0.002567
Asat_OT3098_v2_chr4A	214000000	216000000	2000000	27241	0.013621
Asat_OT3098_v2_chr4A	216000000	218000000	2000000	2455	0.001228
Asat_OT3098_v2_chr4A	218000000	220000000	2000000	0	0.000000
Asat_OT3098_v2_chr4A	220000000	222000000	2000000	12877	0.006438
Asat_OT3098_v2_chr4A	222000000	224000000	2000000	25657	0.012828
Asat_OT3098_v2_chr4A	224000000	226000000	2000000	19770	0.009885
Asat_OT3098_v2_chr4A	226000000	228000000	2000000	18100	0.009050
Asat_OT3098_v2_chr4A	228000000	230000000	2000000	10984	0.005492
Asat_OT3098_v2_chr4A	230000000	232000000	2000000	20191	0.010096
Asat_OT3098_v2_chr4A	232000000	234000000	2000000	2297	0.001148
Asat_OT3098_v2_chr4A	234000000	236000000	2000000	0	0.000000
Asat_OT3098_v2_chr4A	236000000	238000000	2000000	18116	0.009058
Asat_OT3098_v2_chr4A	238000000	240000000	2000000	4593	0.002296
Asat_OT3098_v2_chr4A	240000000	242000000	2000000	0	0.000000
Asat_OT3098_v2_chr4A	242000000	244000000	2000000	12357	0.006178
Asat_OT3098_v2_chr4A	244000000	246000000	2000000	21688	0.010844
Asat_OT3098_v2_chr4A	246000000	248000000	2000000	0	0.000000
Asat_OT3098_v2_chr4A	248000000	250000000	2000000	26177	0.013088
Asat_OT3098_v2_chr4A	250000000	252000000	2000000	10160	0.005080
Asat_OT3098_v2_chr4A	252000000	254000000	2000000	7309	0.003655
Asat_OT3098_v2_chr4A	254000000	256000000	2000000	51798	0.025899
Asat_OT3098_v2_chr4A	256000000	258000000	2000000	17499	0.008750
Asat_OT3098_v2_chr4A	258000000	260000000	2000000	33459	0.016730
Asat_OT3098_v2_chr4A	260000000	262000000	2000000	5621	0.002811
Asat_OT3098_v2_chr4A	262000000	264000000	2000000	13401	0.006700
Asat_OT3098_v2_chr4A	264000000	266000000	2000000	18590	0.009295
Asat_OT3098_v2_chr4A	266000000	268000000	2000000	5754	0.002877
Asat_OT3098_v2_chr4A	268000000	270000000	2000000	16857	0.008429
Asat_OT3098_v2_chr4A	270000000	272000000	2000000	28258	0.014129
Asat_OT3098_v2_chr4A	272000000	274000000	2000000	8149	0.004074
Asat_OT3098_v2_chr4A	274000000	276000000	2000000	0	0.000000
Asat_OT3098_v2_chr4A	276000000	278000000	2000000	33870	0.016935
Asat_OT3098_v2_chr4A	278000000	280000000	2000000	7023	0.003511
Asat_OT3098_v2_chr4A	280000000	282000000	2000000	6940	0.003470
Asat_OT3098_v2_chr4A	282000000	284000000	2000000	20219	0.010110
Asat_OT3098_v2_chr4A	284000000	286000000	2000000	0	0.000000
Asat_OT3098_v2_chr4A	286000000	288000000	2000000	18491	0.009246
Asat_OT3098_v2_chr4A	288000000	290000000	2000000	0	0.000000
Asat_OT3098_v2_chr4A	290000000	292000000	2000000	10545	0.005273
Asat_OT3098_v2_chr4A	292000000	294000000	2000000	12730	0.006365
Asat_OT3098_v2_chr4A	294000000	296000000	2000000	28459	0.014230
Asat_OT3098_v2_chr4A	296000000	298000000	2000000	10060	0.005030
Asat_OT3098_v2_chr4A	298000000	300000000	2000000	4816	0.002408
Asat_OT3098_v2_chr4A	300000000	302000000	2000000	18048	0.009024
Asat_OT3098_v2_chr4A	302000000	304000000	2000000	29928	0.014964
Asat_OT3098_v2_chr4A	304000000	306000000	2000000	16650	0.008325
Asat_OT3098_v2_chr4A	306000000	308000000	2000000	8458	0.004229
Asat_OT3098_v2_chr4A	308000000	310000000	2000000	6990	0.003495
Asat_OT3098_v2_chr4A	310000000	312000000	2000000	10291	0.005145
Asat_OT3098_v2_chr4A	312000000	314000000	2000000	13051	0.006526
Asat_OT3098_v2_chr4A	314000000	316000000	2000000	10313	0.005156
Asat_OT3098_v2_chr4A	316000000	318000000	2000000	7356	0.003678
Asat_OT3098_v2_chr4A	318000000	320000000	2000000	23180	0.011590
Asat_OT3098_v2_chr4A	320000000	322000000	2000000	0	0.000000
Asat_OT3098_v2_chr4A	322000000	324000000	2000000	6481	0.003240
Asat_OT3098_v2_chr4A	324000000	326000000	2000000	9472	0.004736
Asat_OT3098_v2_chr4A	326000000	328000000	2000000	40130	0.020065
Asat_OT3098_v2_chr4A	328000000	330000000	2000000	26812	0.013406
Asat_OT3098_v2_chr4A	330000000	332000000	2000000	4598	0.002299
Asat_OT3098_v2_chr4A	332000000	334000000	2000000	4952	0.002476
Asat_OT3098_v2_chr4A	334000000	336000000	2000000	2300	0.001150
Asat_OT3098_v2_chr4A	336000000	338000000	2000000	34360	0.017180
Asat_OT3098_v2_chr4A	338000000	340000000	2000000	2081	0.001040
Asat_OT3098_v2_chr4A	340000000	342000000	2000000	20964	0.010482
Asat_OT3098_v2_chr4A	342000000	344000000	2000000	0	0.000000
Asat_OT3098_v2_chr4A	344000000	346000000	2000000	8518	0.004259
Asat_OT3098_v2_chr4A	346000000	348000000	2000000	0	0.000000
Asat_OT3098_v2_chr4A	348000000	350000000	2000000	9514	0.004757
Asat_OT3098_v2_chr4A	350000000	352000000	2000000	12629	0.006314
Asat_OT3098_v2_chr4A	352000000	354000000	2000000	4642	0.002321
Asat_OT3098_v2_chr4A	354000000	356000000	2000000	36316	0.018158
Asat_OT3098_v2_chr4A	356000000	358000000	2000000	13385	0.006692
Asat_OT3098_v2_chr4A	358000000	360000000	2000000	41309	0.020654
Asat_OT3098_v2_chr4A	360000000	362000000	2000000	0	0.000000
Asat_OT3098_v2_chr4A	362000000	364000000	2000000	20333	0.010167
Asat_OT3098_v2_chr4A	364000000	366000000	2000000	0	0.000000
Asat_OT3098_v2_chr4A	366000000	368000000	2000000	0	0.000000
Asat_OT3098_v2_chr4A	368000000	370000000	2000000	14741	0.007371
Asat_OT3098_v2_chr4A	370000000	372000000	2000000	12741	0.006371
Asat_OT3098_v2_chr4A	372000000	374000000	2000000	2416	0.001208
Asat_OT3098_v2_chr4A	374000000	376000000	2000000	4900	0.002450
Asat_OT3098_v2_chr4A	376000000	378000000	2000000	14127	0.007064
Asat_OT3098_v2_chr4A	378000000	380000000	2000000	29070	0.014535
Asat_OT3098_v2_chr4A	380000000	382000000	2000000	10376	0.005188
Asat_OT3098_v2_chr4A	382000000	384000000	2000000	2569	0.001285
Asat_OT3098_v2_chr4A	384000000	386000000	2000000	39605	0.019803
Asat_OT3098_v2_chr4A	386000000	388000000	2000000	5554	0.002777
Asat_OT3098_v2_chr4A	388000000	390000000	2000000	13327	0.006664
Asat_OT3098_v2_chr4A	390000000	392000000	2000000	17384	0.008692
Asat_OT3098_v2_chr4A	392000000	394000000	2000000	13035	0.006517
Asat_OT3098_v2_chr4A	394000000	396000000	2000000	40850	0.020425
Asat_OT3098_v2_chr4A	396000000	398000000	2000000	19935	0.009968
Asat_OT3098_v2_chr4A	398000000	400000000	2000000	0	0.000000
Asat_OT3098_v2_chr4A	400000000	402000000	2000000	3349	0.001674
Asat_OT3098_v2_chr4A	402000000	404000000	2000000	0	0.000000
Asat_OT3098_v2_chr4A	404000000	406000000	2000000	14904	0.007452
Asat_OT3098_v2_chr4A	406000000	408000000	2000000	9812	0.004906
Asat_OT3098_v2_chr4A	408000000	410000000	2000000	2655	0.001327
Asat_OT3098_v2_chr4A	410000000	412000000	2000000	5758	0.002879
Asat_OT3098_v2_chr4A	412000000	414000000	2000000	0	0.000000
Asat_OT3098_v2_chr4A	414000000	416000000	2000000	18909	0.009454
Asat_OT3098_v2_chr4A	416000000	418000000	2000000	0	0.000000
Asat_OT3098_v2_chr4A	418000000	420000000	2000000	3692	0.001846
Asat_OT3098_v2_chr4A	420000000	422000000	2000000	7062	0.003531
Asat_OT3098_v2_chr4A	422000000	424000000	2000000	14033	0.007017
Asat_OT3098_v2_chr4A	424000000	426000000	2000000	0	0.000000
Asat_OT3098_v2_chr4A	426000000	428000000	2000000	12387	0.006194
Asat_OT3098_v2_chr4A	428000000	430000000	2000000	12817	0.006409
Asat_OT3098_v2_chr4A	430000000	432000000	2000000	14089	0.007045
Asat_OT3098_v2_chr4A	432000000	434000000	2000000	2420	0.001210
Asat_OT3098_v2_chr4A	434000000	436000000	2000000	22049	0.011024
Asat_OT3098_v2_chr4A	436000000	438000000	2000000	17549	0.008774
Asat_OT3098_v2_chr4A	438000000	440000000	2000000	15879	0.007940
Asat_OT3098_v2_chr4A	440000000	442000000	2000000	0	0.000000
Asat_OT3098_v2_chr4A	442000000	444000000	2000000	2856	0.001428
Asat_OT3098_v2_chr4A	444000000	446000000	2000000	8473	0.004236
Asat_OT3098_v2_chr4A	446000000	448000000	2000000	39117	0.019558
Asat_OT3098_v2_chr4A	448000000	450000000	2000000	20638	0.010319
Asat_OT3098_v2_chr4A	450000000	452000000	2000000	0	0.000000
Asat_OT3098_v2_chr4A	452000000	454000000	2000000	8981	0.004490
Asat_OT3098_v2_chr4A	454000000	456000000	2000000	7026	0.003513
Asat_OT3098_v2_chr4A	456000000	458000000	2000000	30675	0.015338
Asat_OT3098_v2_chr4A	458000000	460000000	2000000	0	0.000000
Asat_OT3098_v2_chr4A	460000000	462000000	2000000	0	0.000000
Asat_OT3098_v2_chr4A	462000000	463192880	1192880	0	0.000000
Asat_OT3098_v2_chr4C	0	2000000	2000000	56149	0.028074
Asat_OT3098_v2_chr4C	2000000	4000000	2000000	11305	0.005653
Asat_OT3098_v2_chr4C	4000000	6000000	2000000	37773	0.018887
Asat_OT3098_v2_chr4C	6000000	8000000	2000000	0	0.000000
Asat_OT3098_v2_chr4C	8000000	10000000	2000000	10291	0.005145
Asat_OT3098_v2_chr4C	10000000	12000000	2000000	0	0.000000
Asat_OT3098_v2_chr4C	12000000	14000000	2000000	10342	0.005171
Asat_OT3098_v2_chr4C	14000000	16000000	2000000	0	0.000000
Asat_OT3098_v2_chr4C	16000000	18000000	2000000	27161	0.013581
Asat_OT3098_v2_chr4C	18000000	20000000	2000000	19568	0.009784
Asat_OT3098_v2_chr4C	20000000	22000000	2000000	0	0.000000
Asat_OT3098_v2_chr4C	22000000	24000000	2000000	7160	0.003580
Asat_OT3098_v2_chr4C	24000000	26000000	2000000	0	0.000000
Asat_OT3098_v2_chr4C	26000000	28000000	2000000	19455	0.009728
Asat_OT3098_v2_chr4C	28000000	30000000	2000000	2315	0.001157
Asat_OT3098_v2_chr4C	30000000	32000000	2000000	4739	0.002370
Asat_OT3098_v2_chr4C	32000000	34000000	2000000	0	0.000000
Asat_OT3098_v2_chr4C	34000000	36000000	2000000	4670	0.002335
Asat_OT3098_v2_chr4C	36000000	38000000	2000000	0	0.000000
Asat_OT3098_v2_chr4C	38000000	40000000	2000000	0	0.000000
Asat_OT3098_v2_chr4C	40000000	42000000	2000000	0	0.000000
Asat_OT3098_v2_chr4C	42000000	44000000	2000000	0	0.000000
Asat_OT3098_v2_chr4C	44000000	46000000	2000000	3675	0.001837
Asat_OT3098_v2_chr4C	46000000	48000000	2000000	3643	0.001821
Asat_OT3098_v2_chr4C	48000000	50000000	2000000	6849	0.003425
Asat_OT3098_v2_chr4C	50000000	52000000	2000000	9325	0.004662
Asat_OT3098_v2_chr4C	52000000	54000000	2000000	0	0.000000
Asat_OT3098_v2_chr4C	54000000	56000000	2000000	0	0.000000
Asat_OT3098_v2_chr4C	56000000	58000000	2000000	10932	0.005466
Asat_OT3098_v2_chr4C	58000000	60000000	2000000	10142	0.005071
Asat_OT3098_v2_chr4C	60000000	62000000	2000000	3492	0.001746
Asat_OT3098_v2_chr4C	62000000	64000000	2000000	33737	0.016869
Asat_OT3098_v2_chr4C	64000000	66000000	2000000	18978	0.009489
Asat_OT3098_v2_chr4C	66000000	68000000	2000000	33788	0.016894
Asat_OT3098_v2_chr4C	68000000	70000000	2000000	7177	0.003589
Asat_OT3098_v2_chr4C	70000000	72000000	2000000	2701	0.001350
Asat_OT3098_v2_chr4C	72000000	74000000	2000000	5311	0.002655
Asat_OT3098_v2_chr4C	74000000	76000000	2000000	0	0.000000
Asat_OT3098_v2_chr4C	76000000	78000000	2000000	17033	0.008516
Asat_OT3098_v2_chr4C	78000000	80000000	2000000	22259	0.011130
Asat_OT3098_v2_chr4C	80000000	82000000	2000000	7311	0.003655
Asat_OT3098_v2_chr4C	82000000	84000000	2000000	1769	0.000884
Asat_OT3098_v2_chr4C	84000000	86000000	2000000	9989	0.004994
Asat_OT3098_v2_chr4C	86000000	88000000	2000000	0	0.000000
Asat_OT3098_v2_chr4C	88000000	90000000	2000000	20606	0.010303
Asat_OT3098_v2_chr4C	90000000	92000000	2000000	21977	0.010989
Asat_OT3098_v2_chr4C	92000000	94000000	2000000	18516	0.009258
Asat_OT3098_v2_chr4C	94000000	96000000	2000000	16734	0.008367
Asat_OT3098_v2_chr4C	96000000	98000000	2000000	6615	0.003308
Asat_OT3098_v2_chr4C	98000000	100000000	2000000	16447	0.008223
Asat_OT3098_v2_chr4C	100000000	102000000	2000000	16249	0.008124
Asat_OT3098_v2_chr4C	102000000	104000000	2000000	7656	0.003828
Asat_OT3098_v2_chr4C	104000000	106000000	2000000	15740	0.007870
Asat_OT3098_v2_chr4C	106000000	108000000	2000000	8451	0.004226
Asat_OT3098_v2_chr4C	108000000	110000000	2000000	8784	0.004392
Asat_OT3098_v2_chr4C	110000000	112000000	2000000	19391	0.009695
Asat_OT3098_v2_chr4C	112000000	114000000	2000000	10049	0.005025
Asat_OT3098_v2_chr4C	114000000	116000000	2000000	28444	0.014222
Asat_OT3098_v2_chr4C	116000000	118000000	2000000	19976	0.009988
Asat_OT3098_v2_chr4C	118000000	120000000	2000000	0	0.000000
Asat_OT3098_v2_chr4C	120000000	122000000	2000000	0	0.000000
Asat_OT3098_v2_chr4C	122000000	124000000	2000000	14696	0.007348
Asat_OT3098_v2_chr4C	124000000	126000000	2000000	29620	0.014810
Asat_OT3098_v2_chr4C	126000000	128000000	2000000	14792	0.007396
Asat_OT3098_v2_chr4C	128000000	130000000	2000000	6348	0.003174
Asat_OT3098_v2_chr4C	130000000	132000000	2000000	0	0.000000
Asat_OT3098_v2_chr4C	132000000	134000000	2000000	13514	0.006757
Asat_OT3098_v2_chr4C	134000000	136000000	2000000	0	0.000000
Asat_OT3098_v2_chr4C	136000000	138000000	2000000	28392	0.014196
Asat_OT3098_v2_chr4C	138000000	140000000	2000000	39878	0.019939
Asat_OT3098_v2_chr4C	140000000	142000000	2000000	21268	0.010634
Asat_OT3098_v2_chr4C	142000000	144000000	2000000	5816	0.002908
Asat_OT3098_v2_chr4C	144000000	146000000	2000000	18216	0.009108
Asat_OT3098_v2_chr4C	146000000	148000000	2000000	2045	0.001022
Asat_OT3098_v2_chr4C	148000000	150000000	2000000	16240	0.008120
Asat_OT3098_v2_chr4C	150000000	152000000	2000000	21601	0.010800
Asat_OT3098_v2_chr4C	152000000	154000000	2000000	20675	0.010337
Asat_OT3098_v2_chr4C	154000000	156000000	2000000	19296	0.009648
Asat_OT3098_v2_chr4C	156000000	158000000	2000000	3520	0.001760
Asat_OT3098_v2_chr4C	158000000	160000000	2000000	28110	0.014055
Asat_OT3098_v2_chr4C	160000000	162000000	2000000	19860	0.009930
Asat_OT3098_v2_chr4C	162000000	164000000	2000000	27332	0.013666
Asat_OT3098_v2_chr4C	164000000	166000000	2000000	54888	0.027444
Asat_OT3098_v2_chr4C	166000000	168000000	2000000	35781	0.017891
Asat_OT3098_v2_chr4C	168000000	170000000	2000000	28362	0.014181
Asat_OT3098_v2_chr4C	170000000	172000000	2000000	53794	0.026897
Asat_OT3098_v2_chr4C	172000000	174000000	2000000	68760	0.034380
Asat_OT3098_v2_chr4C	174000000	176000000	2000000	20479	0.010240
Asat_OT3098_v2_chr4C	176000000	178000000	2000000	33560	0.016780
Asat_OT3098_v2_chr4C	178000000	180000000	2000000	11642	0.005821
Asat_OT3098_v2_chr4C	180000000	182000000	2000000	79249	0.039624
Asat_OT3098_v2_chr4C	182000000	184000000	2000000	62067	0.031033
Asat_OT3098_v2_chr4C	184000000	186000000	2000000	26970	0.013485
Asat_OT3098_v2_chr4C	186000000	188000000	2000000	37517	0.018759
Asat_OT3098_v2_chr4C	188000000	190000000	2000000	29685	0.014842
Asat_OT3098_v2_chr4C	190000000	192000000	2000000	22799	0.011399
Asat_OT3098_v2_chr4C	192000000	194000000	2000000	42324	0.021162
Asat_OT3098_v2_chr4C	194000000	196000000	2000000	27795	0.013898
Asat_OT3098_v2_chr4C	196000000	198000000	2000000	86150	0.043075
Asat_OT3098_v2_chr4C	198000000	200000000	2000000	32580	0.016290
Asat_OT3098_v2_chr4C	200000000	202000000	2000000	22636	0.011318
Asat_OT3098_v2_chr4C	202000000	204000000	2000000	66603	0.033301
Asat_OT3098_v2_chr4C	204000000	206000000	2000000	44080	0.022040
Asat_OT3098_v2_chr4C	206000000	208000000	2000000	43695	0.021847
Asat_OT3098_v2_chr4C	208000000	210000000	2000000	27664	0.013832
Asat_OT3098_v2_chr4C	210000000	212000000	2000000	32859	0.016429
Asat_OT3098_v2_chr4C	212000000	214000000	2000000	50972	0.025486
Asat_OT3098_v2_chr4C	214000000	216000000	2000000	33620	0.016810
Asat_OT3098_v2_chr4C	216000000	218000000	2000000	15550	0.007775
Asat_OT3098_v2_chr4C	218000000	220000000	2000000	15931	0.007966
Asat_OT3098_v2_chr4C	220000000	222000000	2000000	13588	0.006794
Asat_OT3098_v2_chr4C	222000000	224000000	2000000	63065	0.031532
Asat_OT3098_v2_chr4C	224000000	226000000	2000000	46063	0.023031
Asat_OT3098_v2_chr4C	226000000	228000000	2000000	32616	0.016308
Asat_OT3098_v2_chr4C	228000000	230000000	2000000	30147	0.015074
Asat_OT3098_v2_chr4C	230000000	232000000	2000000	15636	0.007818
Asat_OT3098_v2_chr4C	232000000	234000000	2000000	49203	0.024601
Asat_OT3098_v2_chr4C	234000000	236000000	2000000	28733	0.014367
Asat_OT3098_v2_chr4C	236000000	238000000	2000000	26592	0.013296
Asat_OT3098_v2_chr4C	238000000	240000000	2000000	86646	0.043323
Asat_OT3098_v2_chr4C	240000000	242000000	2000000	70795	0.035397
Asat_OT3098_v2_chr4C	242000000	244000000	2000000	37003	0.018502
Asat_OT3098_v2_chr4C	244000000	246000000	2000000	19960	0.009980
Asat_OT3098_v2_chr4C	246000000	248000000	2000000	36779	0.018389
Asat_OT3098_v2_chr4C	248000000	250000000	2000000	25396	0.012698
Asat_OT3098_v2_chr4C	250000000	252000000	2000000	53680	0.026840
Asat_OT3098_v2_chr4C	252000000	254000000	2000000	24674	0.012337
Asat_OT3098_v2_chr4C	254000000	256000000	2000000	26204	0.013102
Asat_OT3098_v2_chr4C	256000000	258000000	2000000	6945	0.003472
Asat_OT3098_v2_chr4C	258000000	260000000	2000000	45211	0.022606
Asat_OT3098_v2_chr4C	260000000	262000000	2000000	10915	0.005457
Asat_OT3098_v2_chr4C	262000000	264000000	2000000	77744	0.038872
Asat_OT3098_v2_chr4C	264000000	266000000	2000000	30982	0.015491
Asat_OT3098_v2_chr4C	266000000	268000000	2000000	39014	0.019507
Asat_OT3098_v2_chr4C	268000000	270000000	2000000	44636	0.022318
Asat_OT3098_v2_chr4C	270000000	272000000	2000000	82159	0.041079
Asat_OT3098_v2_chr4C	272000000	274000000	2000000	86082	0.043041
Asat_OT3098_v2_chr4C	274000000	276000000	2000000	55407	0.027703
Asat_OT3098_v2_chr4C	276000000	278000000	2000000	22032	0.011016
Asat_OT3098_v2_chr4C	278000000	280000000	2000000	41413	0.020706
Asat_OT3098_v2_chr4C	280000000	282000000	2000000	60438	0.030219
Asat_OT3098_v2_chr4C	282000000	284000000	2000000	70432	0.035216
Asat_OT3098_v2_chr4C	284000000	286000000	2000000	35971	0.017986
Asat_OT3098_v2_chr4C	286000000	288000000	2000000	48591	0.024296
Asat_OT3098_v2_chr4C	288000000	290000000	2000000	68443	0.034222
Asat_OT3098_v2_chr4C	290000000	292000000	2000000	44884	0.022442
Asat_OT3098_v2_chr4C	292000000	294000000	2000000	12912	0.006456
Asat_OT3098_v2_chr4C	294000000	296000000	2000000	74522	0.037261
Asat_OT3098_v2_chr4C	296000000	298000000	2000000	42324	0.021162
Asat_OT3098_v2_chr4C	298000000	300000000	2000000	60040	0.030020
Asat_OT3098_v2_chr4C	300000000	302000000	2000000	34061	0.017031
Asat_OT3098_v2_chr4C	302000000	304000000	2000000	47507	0.023754
Asat_OT3098_v2_chr4C	304000000	306000000	2000000	34453	0.017226
Asat_OT3098_v2_chr4C	306000000	308000000	2000000	56964	0.028482
Asat_OT3098_v2_chr4C	308000000	310000000	2000000	62057	0.031029
Asat_OT3098_v2_chr4C	310000000	312000000	2000000	48235	0.024118
Asat_OT3098_v2_chr4C	312000000	314000000	2000000	73435	0.036718
Asat_OT3098_v2_chr4C	314000000	316000000	2000000	50513	0.025257
Asat_OT3098_v2_chr4C	316000000	318000000	2000000	40217	0.020109
Asat_OT3098_v2_chr4C	318000000	320000000	2000000	52597	0.026298
Asat_OT3098_v2_chr4C	320000000	322000000	2000000	42297	0.021149
Asat_OT3098_v2_chr4C	322000000	324000000	2000000	50026	0.025013
Asat_OT3098_v2_chr4C	324000000	326000000	2000000	31615	0.015807
Asat_OT3098_v2_chr4C	326000000	328000000	2000000	58411	0.029205
Asat_OT3098_v2_chr4C	328000000	330000000	2000000	58254	0.029127
Asat_OT3098_v2_chr4C	330000000	332000000	2000000	58598	0.029299
Asat_OT3098_v2_chr4C	332000000	334000000	2000000	30348	0.015174
Asat_OT3098_v2_chr4C	334000000	336000000	2000000	24684	0.012342
Asat_OT3098_v2_chr4C	336000000	338000000	2000000	34736	0.017368
Asat_OT3098_v2_chr4C	338000000	340000000	2000000	47366	0.023683
Asat_OT3098_v2_chr4C	340000000	342000000	2000000	83142	0.041571
Asat_OT3098_v2_chr4C	342000000	344000000	2000000	66792	0.033396
Asat_OT3098_v2_chr4C	344000000	346000000	2000000	75074	0.037537
Asat_OT3098_v2_chr4C	346000000	348000000	2000000	91587	0.045794
Asat_OT3098_v2_chr4C	348000000	350000000	2000000	108085	0.054043
Asat_OT3098_v2_chr4C	350000000	352000000	2000000	84526	0.042263
Asat_OT3098_v2_chr4C	352000000	354000000	2000000	69436	0.034718
Asat_OT3098_v2_chr4C	354000000	356000000	2000000	62841	0.031420
Asat_OT3098_v2_chr4C	356000000	358000000	2000000	48100	0.024050
Asat_OT3098_v2_chr4C	358000000	360000000	2000000	82328	0.041164
Asat_OT3098_v2_chr4C	360000000	362000000	2000000	64949	0.032475
Asat_OT3098_v2_chr4C	362000000	364000000	2000000	34330	0.017165
Asat_OT3098_v2_chr4C	364000000	366000000	2000000	24295	0.012148
Asat_OT3098_v2_chr4C	366000000	368000000	2000000	25842	0.012921
Asat_OT3098_v2_chr4C	368000000	370000000	2000000	26494	0.013247
Asat_OT3098_v2_chr4C	370000000	372000000	2000000	38259	0.019130
Asat_OT3098_v2_chr4C	372000000	374000000	2000000	71802	0.035901
Asat_OT3098_v2_chr4C	374000000	376000000	2000000	63031	0.031516
Asat_OT3098_v2_chr4C	376000000	378000000	2000000	29758	0.014879
Asat_OT3098_v2_chr4C	378000000	380000000	2000000	69315	0.034658
Asat_OT3098_v2_chr4C	380000000	382000000	2000000	38670	0.019335
Asat_OT3098_v2_chr4C	382000000	384000000	2000000	84427	0.042214
Asat_OT3098_v2_chr4C	384000000	386000000	2000000	72643	0.036321
Asat_OT3098_v2_chr4C	386000000	388000000	2000000	58042	0.029021
Asat_OT3098_v2_chr4C	388000000	390000000	2000000	71938	0.035969
Asat_OT3098_v2_chr4C	390000000	392000000	2000000	91229	0.045615
Asat_OT3098_v2_chr4C	392000000	394000000	2000000	48817	0.024408
Asat_OT3098_v2_chr4C	394000000	396000000	2000000	47180	0.023590
Asat_OT3098_v2_chr4C	396000000	398000000	2000000	31180	0.015590
Asat_OT3098_v2_chr4C	398000000	400000000	2000000	63694	0.031847
Asat_OT3098_v2_chr4C	400000000	402000000	2000000	99719	0.049860
Asat_OT3098_v2_chr4C	402000000	404000000	2000000	28378	0.014189
Asat_OT3098_v2_chr4C	404000000	406000000	2000000	18609	0.009305
Asat_OT3098_v2_chr4C	406000000	408000000	2000000	29519	0.014760
Asat_OT3098_v2_chr4C	408000000	410000000	2000000	53576	0.026788
Asat_OT3098_v2_chr4C	410000000	412000000	2000000	39591	0.019796
Asat_OT3098_v2_chr4C	412000000	414000000	2000000	34454	0.017227
Asat_OT3098_v2_chr4C	414000000	416000000	2000000	60440	0.030220
Asat_OT3098_v2_chr4C	416000000	418000000	2000000	26434	0.013217
Asat_OT3098_v2_chr4C	418000000	420000000	2000000	98217	0.049108
Asat_OT3098_v2_chr4C	420000000	422000000	2000000	62259	0.031130
Asat_OT3098_v2_chr4C	422000000	424000000	2000000	33948	0.016974
Asat_OT3098_v2_chr4C	424000000	426000000	2000000	40985	0.020493
Asat_OT3098_v2_chr4C	426000000	428000000	2000000	74996	0.037498
Asat_OT3098_v2_chr4C	428000000	430000000	2000000	88549	0.044275
Asat_OT3098_v2_chr4C	430000000	432000000	2000000	62777	0.031388
Asat_OT3098_v2_chr4C	432000000	434000000	2000000	70906	0.035453
Asat_OT3098_v2_chr4C	434000000	436000000	2000000	47929	0.023964
Asat_OT3098_v2_chr4C	436000000	438000000	2000000	76745	0.038372
Asat_OT3098_v2_chr4C	438000000	440000000	2000000	37798	0.018899
Asat_OT3098_v2_chr4C	440000000	442000000	2000000	101751	0.050875
Asat_OT3098_v2_chr4C	442000000	444000000	2000000	74359	0.037179
Asat_OT3098_v2_chr4C	444000000	446000000	2000000	45190	0.022595
Asat_OT3098_v2_chr4C	446000000	448000000	2000000	29225	0.014613
Asat_OT3098_v2_chr4C	448000000	450000000	2000000	23571	0.011786
Asat_OT3098_v2_chr4C	450000000	452000000	2000000	29045	0.014523
Asat_OT3098_v2_chr4C	452000000	454000000	2000000	59128	0.029564
Asat_OT3098_v2_chr4C	454000000	456000000	2000000	32329	0.016164
Asat_OT3098_v2_chr4C	456000000	458000000	2000000	49249	0.024625
Asat_OT3098_v2_chr4C	458000000	460000000	2000000	59082	0.029541
Asat_OT3098_v2_chr4C	460000000	462000000	2000000	53640	0.026820
Asat_OT3098_v2_chr4C	462000000	464000000	2000000	59851	0.029926
Asat_OT3098_v2_chr4C	464000000	466000000	2000000	68706	0.034353
Asat_OT3098_v2_chr4C	466000000	468000000	2000000	45942	0.022971
Asat_OT3098_v2_chr4C	468000000	470000000	2000000	14276	0.007138
Asat_OT3098_v2_chr4C	470000000	472000000	2000000	63887	0.031943
Asat_OT3098_v2_chr4C	472000000	474000000	2000000	39921	0.019960
Asat_OT3098_v2_chr4C	474000000	476000000	2000000	30505	0.015253
Asat_OT3098_v2_chr4C	476000000	478000000	2000000	83413	0.041707
Asat_OT3098_v2_chr4C	478000000	480000000	2000000	21491	0.010745
Asat_OT3098_v2_chr4C	480000000	482000000	2000000	83724	0.041862
Asat_OT3098_v2_chr4C	482000000	484000000	2000000	61044	0.030522
Asat_OT3098_v2_chr4C	484000000	486000000	2000000	69363	0.034681
Asat_OT3098_v2_chr4C	486000000	488000000	2000000	54670	0.027335
Asat_OT3098_v2_chr4C	488000000	490000000	2000000	20470	0.010235
Asat_OT3098_v2_chr4C	490000000	492000000	2000000	30395	0.015197
Asat_OT3098_v2_chr4C	492000000	494000000	2000000	43059	0.021530
Asat_OT3098_v2_chr4C	494000000	496000000	2000000	58152	0.029076
Asat_OT3098_v2_chr4C	496000000	498000000	2000000	37523	0.018762
Asat_OT3098_v2_chr4C	498000000	500000000	2000000	25917	0.012958
Asat_OT3098_v2_chr4C	500000000	502000000	2000000	23093	0.011546
Asat_OT3098_v2_chr4C	502000000	504000000	2000000	51998	0.025999
Asat_OT3098_v2_chr4C	504000000	506000000	2000000	95711	0.047856
Asat_OT3098_v2_chr4C	506000000	508000000	2000000	21535	0.010767
Asat_OT3098_v2_chr4C	508000000	510000000	2000000	29555	0.014778
Asat_OT3098_v2_chr4C	510000000	512000000	2000000	37312	0.018656
Asat_OT3098_v2_chr4C	512000000	514000000	2000000	38257	0.019128
Asat_OT3098_v2_chr4C	514000000	516000000	2000000	33673	0.016837
Asat_OT3098_v2_chr4C	516000000	518000000	2000000	10704	0.005352
Asat_OT3098_v2_chr4C	518000000	520000000	2000000	37943	0.018971
Asat_OT3098_v2_chr4C	520000000	522000000	2000000	8004	0.004002
Asat_OT3098_v2_chr4C	522000000	524000000	2000000	56445	0.028223
Asat_OT3098_v2_chr4C	524000000	526000000	2000000	65758	0.032879
Asat_OT3098_v2_chr4C	526000000	528000000	2000000	78599	0.039300
Asat_OT3098_v2_chr4C	528000000	530000000	2000000	25032	0.012516
Asat_OT3098_v2_chr4C	530000000	532000000	2000000	48354	0.024177
Asat_OT3098_v2_chr4C	532000000	534000000	2000000	31038	0.015519
Asat_OT3098_v2_chr4C	534000000	536000000	2000000	57668	0.028834
Asat_OT3098_v2_chr4C	536000000	538000000	2000000	44690	0.022345
Asat_OT3098_v2_chr4C	538000000	540000000	2000000	48333	0.024167
Asat_OT3098_v2_chr4C	540000000	542000000	2000000	75597	0.037798
Asat_OT3098_v2_chr4C	542000000	544000000	2000000	39037	0.019519
Asat_OT3098_v2_chr4C	544000000	546000000	2000000	20232	0.010116
Asat_OT3098_v2_chr4C	546000000	548000000	2000000	24565	0.012283
Asat_OT3098_v2_chr4C	548000000	550000000	2000000	47809	0.023904
Asat_OT3098_v2_chr4C	550000000	552000000	2000000	47551	0.023776
Asat_OT3098_v2_chr4C	552000000	554000000	2000000	25871	0.012936
Asat_OT3098_v2_chr4C	554000000	556000000	2000000	14914	0.007457
Asat_OT3098_v2_chr4C	556000000	558000000	2000000	22180	0.011090
Asat_OT3098_v2_chr4C	558000000	560000000	2000000	77677	0.038838
Asat_OT3098_v2_chr4C	560000000	562000000	2000000	32422	0.016211
Asat_OT3098_v2_chr4C	562000000	564000000	2000000	33884	0.016942
Asat_OT3098_v2_chr4C	564000000	566000000	2000000	47673	0.023837
Asat_OT3098_v2_chr4C	566000000	568000000	2000000	40483	0.020241
Asat_OT3098_v2_chr4C	568000000	570000000	2000000	54341	0.027171
Asat_OT3098_v2_chr4C	570000000	572000000	2000000	31783	0.015891
Asat_OT3098_v2_chr4C	572000000	574000000	2000000	41927	0.020963
Asat_OT3098_v2_chr4C	574000000	576000000	2000000	25269	0.012634
Asat_OT3098_v2_chr4C	576000000	578000000	2000000	13540	0.006770
Asat_OT3098_v2_chr4C	578000000	580000000	2000000	26572	0.013286
Asat_OT3098_v2_chr4C	580000000	582000000	2000000	18289	0.009144
Asat_OT3098_v2_chr4C	582000000	584000000	2000000	23307	0.011654
Asat_OT3098_v2_chr4C	584000000	586000000	2000000	36442	0.018221
Asat_OT3098_v2_chr4C	586000000	588000000	2000000	23084	0.011542
Asat_OT3098_v2_chr4C	588000000	590000000	2000000	30925	0.015463
Asat_OT3098_v2_chr4C	590000000	592000000	2000000	18123	0.009062
Asat_OT3098_v2_chr4C	592000000	594000000	2000000	17730	0.008865
Asat_OT3098_v2_chr4C	594000000	596000000	2000000	22832	0.011416
Asat_OT3098_v2_chr4C	596000000	598000000	2000000	15013	0.007507
Asat_OT3098_v2_chr4C	598000000	600000000	2000000	28640	0.014320
Asat_OT3098_v2_chr4C	600000000	602000000	2000000	54588	0.027294
Asat_OT3098_v2_chr4C	602000000	604000000	2000000	12265	0.006132
Asat_OT3098_v2_chr4C	604000000	606000000	2000000	29779	0.014889
Asat_OT3098_v2_chr4C	606000000	608000000	2000000	74159	0.037080
Asat_OT3098_v2_chr4C	608000000	610000000	2000000	24165	0.012082
Asat_OT3098_v2_chr4C	610000000	612000000	2000000	13623	0.006811
Asat_OT3098_v2_chr4C	612000000	614000000	2000000	24223	0.012112
Asat_OT3098_v2_chr4C	614000000	616000000	2000000	25480	0.012740
Asat_OT3098_v2_chr4C	616000000	618000000	2000000	29161	0.014580
Asat_OT3098_v2_chr4C	618000000	620000000	2000000	0	0.000000
Asat_OT3098_v2_chr4C	620000000	622000000	2000000	22734	0.011367
Asat_OT3098_v2_chr4C	622000000	624000000	2000000	46721	0.023360
Asat_OT3098_v2_chr4C	624000000	626000000	2000000	10460	0.005230
Asat_OT3098_v2_chr4C	626000000	628000000	2000000	20981	0.010490
Asat_OT3098_v2_chr4C	628000000	630000000	2000000	27320	0.013660
Asat_OT3098_v2_chr4C	630000000	632000000	2000000	32407	0.016203
Asat_OT3098_v2_chr4C	632000000	634000000	2000000	37137	0.018569
Asat_OT3098_v2_chr4C	634000000	636000000	2000000	5387	0.002694
Asat_OT3098_v2_chr4C	636000000	638000000	2000000	78877	0.039439
Asat_OT3098_v2_chr4C	638000000	640000000	2000000	32149	0.016074
Asat_OT3098_v2_chr4C	640000000	642000000	2000000	56637	0.028318
Asat_OT3098_v2_chr4C	642000000	644000000	2000000	6975	0.003488
Asat_OT3098_v2_chr4C	644000000	646000000	2000000	44953	0.022476
Asat_OT3098_v2_chr4C	646000000	648000000	2000000	33859	0.016930
Asat_OT3098_v2_chr4C	648000000	650000000	2000000	24640	0.012320
Asat_OT3098_v2_chr4C	650000000	652000000	2000000	0	0.000000
Asat_OT3098_v2_chr4C	652000000	654000000	2000000	0	0.000000
Asat_OT3098_v2_chr4C	654000000	656000000	2000000	2806	0.001403
Asat_OT3098_v2_chr4C	656000000	658000000	2000000	7113	0.003557
Asat_OT3098_v2_chr4C	658000000	660000000	2000000	0	0.000000
Asat_OT3098_v2_chr4C	660000000	662000000	2000000	24016	0.012008
Asat_OT3098_v2_chr4C	662000000	664000000	2000000	20416	0.010208
Asat_OT3098_v2_chr4C	664000000	666000000	2000000	16135	0.008068
Asat_OT3098_v2_chr4C	666000000	668000000	2000000	23737	0.011869
Asat_OT3098_v2_chr4C	668000000	670000000	2000000	17411	0.008705
Asat_OT3098_v2_chr4C	670000000	672000000	2000000	2524	0.001262
Asat_OT3098_v2_chr4C	672000000	674000000	2000000	41097	0.020549
Asat_OT3098_v2_chr4C	674000000	676000000	2000000	43662	0.021831
Asat_OT3098_v2_chr4C	676000000	678000000	2000000	7150	0.003575
Asat_OT3098_v2_chr4C	678000000	680000000	2000000	30854	0.015427
Asat_OT3098_v2_chr4C	680000000	682000000	2000000	136974	0.068487
Asat_OT3098_v2_chr4C	682000000	684000000	2000000	44407	0.022204
Asat_OT3098_v2_chr4C	684000000	686000000	2000000	23184	0.011592
Asat_OT3098_v2_chr4C	686000000	688000000	2000000	12965	0.006483
Asat_OT3098_v2_chr4C	688000000	690000000	2000000	17650	0.008825
Asat_OT3098_v2_chr4C	690000000	692000000	2000000	35358	0.017679
Asat_OT3098_v2_chr4C	692000000	694000000	2000000	2621	0.001311
Asat_OT3098_v2_chr4C	694000000	696000000	2000000	11022	0.005511
Asat_OT3098_v2_chr4C	696000000	698000000	2000000	2658	0.001329
Asat_OT3098_v2_chr4C	698000000	700000000	2000000	36665	0.018333
Asat_OT3098_v2_chr4C	700000000	702000000	2000000	21170	0.010585
Asat_OT3098_v2_chr4C	702000000	704000000	2000000	50215	0.025108
Asat_OT3098_v2_chr4C	704000000	706000000	2000000	12462	0.006231
Asat_OT3098_v2_chr4C	706000000	708000000	2000000	27572	0.013786
Asat_OT3098_v2_chr4C	708000000	710000000	2000000	25403	0.012701
Asat_OT3098_v2_chr4C	710000000	712000000	2000000	4876	0.002438
Asat_OT3098_v2_chr4C	712000000	714000000	2000000	4876	0.002438
Asat_OT3098_v2_chr4C	714000000	716000000	2000000	20141	0.010070
Asat_OT3098_v2_chr4C	716000000	716105986	105986	0	0.000000
Asat_OT3098_v2_chr4D	0	2000000	2000000	21519	0.010759
Asat_OT3098_v2_chr4D	2000000	4000000	2000000	0	0.000000
Asat_OT3098_v2_chr4D	4000000	6000000	2000000	10302	0.005151
Asat_OT3098_v2_chr4D	6000000	8000000	2000000	2259	0.001130
Asat_OT3098_v2_chr4D	8000000	10000000	2000000	34266	0.017133
Asat_OT3098_v2_chr4D	10000000	12000000	2000000	44529	0.022264
Asat_OT3098_v2_chr4D	12000000	14000000	2000000	26921	0.013461
Asat_OT3098_v2_chr4D	14000000	16000000	2000000	20809	0.010405
Asat_OT3098_v2_chr4D	16000000	18000000	2000000	19424	0.009712
Asat_OT3098_v2_chr4D	18000000	20000000	2000000	6324	0.003162
Asat_OT3098_v2_chr4D	20000000	22000000	2000000	10762	0.005381
Asat_OT3098_v2_chr4D	22000000	24000000	2000000	54038	0.027019
Asat_OT3098_v2_chr4D	24000000	26000000	2000000	6975	0.003488
Asat_OT3098_v2_chr4D	26000000	28000000	2000000	18102	0.009051
Asat_OT3098_v2_chr4D	28000000	30000000	2000000	0	0.000000
Asat_OT3098_v2_chr4D	30000000	32000000	2000000	40162	0.020081
Asat_OT3098_v2_chr4D	32000000	34000000	2000000	27838	0.013919
Asat_OT3098_v2_chr4D	34000000	36000000	2000000	0	0.000000
Asat_OT3098_v2_chr4D	36000000	38000000	2000000	16241	0.008120
Asat_OT3098_v2_chr4D	38000000	40000000	2000000	49749	0.024875
Asat_OT3098_v2_chr4D	40000000	42000000	2000000	34089	0.017045
Asat_OT3098_v2_chr4D	42000000	44000000	2000000	20536	0.010268
Asat_OT3098_v2_chr4D	44000000	46000000	2000000	11587	0.005794
Asat_OT3098_v2_chr4D	46000000	48000000	2000000	22830	0.011415
Asat_OT3098_v2_chr4D	48000000	50000000	2000000	29550	0.014775
Asat_OT3098_v2_chr4D	50000000	52000000	2000000	0	0.000000
Asat_OT3098_v2_chr4D	52000000	54000000	2000000	2972	0.001486
Asat_OT3098_v2_chr4D	54000000	56000000	2000000	32224	0.016112
Asat_OT3098_v2_chr4D	56000000	58000000	2000000	14872	0.007436
Asat_OT3098_v2_chr4D	58000000	60000000	2000000	6091	0.003046
Asat_OT3098_v2_chr4D	60000000	62000000	2000000	22093	0.011047
Asat_OT3098_v2_chr4D	62000000	64000000	2000000	25990	0.012995
Asat_OT3098_v2_chr4D	64000000	66000000	2000000	12120	0.006060
Asat_OT3098_v2_chr4D	66000000	68000000	2000000	27468	0.013734
Asat_OT3098_v2_chr4D	68000000	70000000	2000000	87474	0.043737
Asat_OT3098_v2_chr4D	70000000	72000000	2000000	4135	0.002067
Asat_OT3098_v2_chr4D	72000000	74000000	2000000	20826	0.010413
Asat_OT3098_v2_chr4D	74000000	76000000	2000000	35692	0.017846
Asat_OT3098_v2_chr4D	76000000	78000000	2000000	8492	0.004246
Asat_OT3098_v2_chr4D	78000000	80000000	2000000	30819	0.015409
Asat_OT3098_v2_chr4D	80000000	82000000	2000000	30626	0.015313
Asat_OT3098_v2_chr4D	82000000	84000000	2000000	30586	0.015293
Asat_OT3098_v2_chr4D	84000000	86000000	2000000	45775	0.022888
Asat_OT3098_v2_chr4D	86000000	88000000	2000000	8932	0.004466
Asat_OT3098_v2_chr4D	88000000	90000000	2000000	30236	0.015118
Asat_OT3098_v2_chr4D	90000000	92000000	2000000	26527	0.013263
Asat_OT3098_v2_chr4D	92000000	94000000	2000000	26251	0.013126
Asat_OT3098_v2_chr4D	94000000	96000000	2000000	35380	0.017690
Asat_OT3098_v2_chr4D	96000000	98000000	2000000	63130	0.031565
Asat_OT3098_v2_chr4D	98000000	100000000	2000000	23232	0.011616
Asat_OT3098_v2_chr4D	100000000	102000000	2000000	12420	0.006210
Asat_OT3098_v2_chr4D	102000000	104000000	2000000	50961	0.025480
Asat_OT3098_v2_chr4D	104000000	106000000	2000000	17878	0.008939
Asat_OT3098_v2_chr4D	106000000	108000000	2000000	50316	0.025158
Asat_OT3098_v2_chr4D	108000000	110000000	2000000	6996	0.003498
Asat_OT3098_v2_chr4D	110000000	112000000	2000000	16340	0.008170
Asat_OT3098_v2_chr4D	112000000	114000000	2000000	54566	0.027283
Asat_OT3098_v2_chr4D	114000000	116000000	2000000	37058	0.018529
Asat_OT3098_v2_chr4D	116000000	118000000	2000000	39369	0.019685
Asat_OT3098_v2_chr4D	118000000	120000000	2000000	9951	0.004975
Asat_OT3098_v2_chr4D	120000000	122000000	2000000	14866	0.007433
Asat_OT3098_v2_chr4D	122000000	124000000	2000000	20347	0.010174
Asat_OT3098_v2_chr4D	124000000	126000000	2000000	54778	0.027389
Asat_OT3098_v2_chr4D	126000000	128000000	2000000	38043	0.019022
Asat_OT3098_v2_chr4D	128000000	130000000	2000000	52462	0.026231
Asat_OT3098_v2_chr4D	130000000	132000000	2000000	42004	0.021002
Asat_OT3098_v2_chr4D	132000000	134000000	2000000	26969	0.013484
Asat_OT3098_v2_chr4D	134000000	136000000	2000000	44655	0.022328
Asat_OT3098_v2_chr4D	136000000	138000000	2000000	23314	0.011657
Asat_OT3098_v2_chr4D	138000000	140000000	2000000	16923	0.008462
Asat_OT3098_v2_chr4D	140000000	142000000	2000000	25206	0.012603
Asat_OT3098_v2_chr4D	142000000	144000000	2000000	36300	0.018150
Asat_OT3098_v2_chr4D	144000000	146000000	2000000	24373	0.012186
Asat_OT3098_v2_chr4D	146000000	148000000	2000000	23027	0.011513
Asat_OT3098_v2_chr4D	148000000	150000000	2000000	11964	0.005982
Asat_OT3098_v2_chr4D	150000000	152000000	2000000	19067	0.009534
Asat_OT3098_v2_chr4D	152000000	154000000	2000000	55683	0.027842
Asat_OT3098_v2_chr4D	154000000	156000000	2000000	11826	0.005913
Asat_OT3098_v2_chr4D	156000000	158000000	2000000	9646	0.004823
Asat_OT3098_v2_chr4D	158000000	160000000	2000000	9053	0.004527
Asat_OT3098_v2_chr4D	160000000	162000000	2000000	47350	0.023675
Asat_OT3098_v2_chr4D	162000000	164000000	2000000	67679	0.033840
Asat_OT3098_v2_chr4D	164000000	166000000	2000000	12554	0.006277
Asat_OT3098_v2_chr4D	166000000	168000000	2000000	33093	0.016546
Asat_OT3098_v2_chr4D	168000000	170000000	2000000	30432	0.015216
Asat_OT3098_v2_chr4D	170000000	172000000	2000000	11479	0.005739
Asat_OT3098_v2_chr4D	172000000	174000000	2000000	33411	0.016706
Asat_OT3098_v2_chr4D	174000000	176000000	2000000	34246	0.017123
Asat_OT3098_v2_chr4D	176000000	178000000	2000000	11913	0.005956
Asat_OT3098_v2_chr4D	178000000	180000000	2000000	9894	0.004947
Asat_OT3098_v2_chr4D	180000000	182000000	2000000	24546	0.012273
Asat_OT3098_v2_chr4D	182000000	184000000	2000000	17373	0.008686
Asat_OT3098_v2_chr4D	184000000	186000000	2000000	24348	0.012174
Asat_OT3098_v2_chr4D	186000000	188000000	2000000	36783	0.018392
Asat_OT3098_v2_chr4D	188000000	190000000	2000000	41382	0.020691
Asat_OT3098_v2_chr4D	190000000	192000000	2000000	38994	0.019497
Asat_OT3098_v2_chr4D	192000000	194000000	2000000	23731	0.011865
Asat_OT3098_v2_chr4D	194000000	196000000	2000000	18584	0.009292
Asat_OT3098_v2_chr4D	196000000	198000000	2000000	34740	0.017370
Asat_OT3098_v2_chr4D	198000000	200000000	2000000	27076	0.013538
Asat_OT3098_v2_chr4D	200000000	202000000	2000000	16899	0.008450
Asat_OT3098_v2_chr4D	202000000	204000000	2000000	8773	0.004386
Asat_OT3098_v2_chr4D	204000000	206000000	2000000	13392	0.006696
Asat_OT3098_v2_chr4D	206000000	208000000	2000000	42233	0.021116
Asat_OT3098_v2_chr4D	208000000	210000000	2000000	28998	0.014499
Asat_OT3098_v2_chr4D	210000000	212000000	2000000	3746	0.001873
Asat_OT3098_v2_chr4D	212000000	214000000	2000000	32366	0.016183
Asat_OT3098_v2_chr4D	214000000	216000000	2000000	0	0.000000
Asat_OT3098_v2_chr4D	216000000	218000000	2000000	4692	0.002346
Asat_OT3098_v2_chr4D	218000000	220000000	2000000	52821	0.026410
Asat_OT3098_v2_chr4D	220000000	222000000	2000000	44861	0.022430
Asat_OT3098_v2_chr4D	222000000	224000000	2000000	7704	0.003852
Asat_OT3098_v2_chr4D	224000000	226000000	2000000	10108	0.005054
Asat_OT3098_v2_chr4D	226000000	228000000	2000000	18614	0.009307
Asat_OT3098_v2_chr4D	228000000	230000000	2000000	21762	0.010881
Asat_OT3098_v2_chr4D	230000000	232000000	2000000	10135	0.005067
Asat_OT3098_v2_chr4D	232000000	234000000	2000000	5739	0.002870
Asat_OT3098_v2_chr4D	234000000	236000000	2000000	19448	0.009724
Asat_OT3098_v2_chr4D	236000000	238000000	2000000	0	0.000000
Asat_OT3098_v2_chr4D	238000000	240000000	2000000	19720	0.009860
Asat_OT3098_v2_chr4D	240000000	242000000	2000000	9516	0.004758
Asat_OT3098_v2_chr4D	242000000	244000000	2000000	35281	0.017640
Asat_OT3098_v2_chr4D	244000000	246000000	2000000	10649	0.005325
Asat_OT3098_v2_chr4D	246000000	248000000	2000000	7459	0.003730
Asat_OT3098_v2_chr4D	248000000	250000000	2000000	14005	0.007003
Asat_OT3098_v2_chr4D	250000000	252000000	2000000	31307	0.015654
Asat_OT3098_v2_chr4D	252000000	254000000	2000000	0	0.000000
Asat_OT3098_v2_chr4D	254000000	256000000	2000000	24478	0.012239
Asat_OT3098_v2_chr4D	256000000	258000000	2000000	11565	0.005783
Asat_OT3098_v2_chr4D	258000000	260000000	2000000	16327	0.008164
Asat_OT3098_v2_chr4D	260000000	262000000	2000000	8374	0.004187
Asat_OT3098_v2_chr4D	262000000	264000000	2000000	0	0.000000
Asat_OT3098_v2_chr4D	264000000	266000000	2000000	9894	0.004947
Asat_OT3098_v2_chr4D	266000000	268000000	2000000	10655	0.005327
Asat_OT3098_v2_chr4D	268000000	270000000	2000000	0	0.000000
Asat_OT3098_v2_chr4D	270000000	272000000	2000000	4744	0.002372
Asat_OT3098_v2_chr4D	272000000	274000000	2000000	0	0.000000
Asat_OT3098_v2_chr4D	274000000	276000000	2000000	0	0.000000
Asat_OT3098_v2_chr4D	276000000	278000000	2000000	17054	0.008527
Asat_OT3098_v2_chr4D	278000000	280000000	2000000	15602	0.007801
Asat_OT3098_v2_chr4D	280000000	282000000	2000000	0	0.000000
Asat_OT3098_v2_chr4D	282000000	284000000	2000000	4051	0.002025
Asat_OT3098_v2_chr4D	284000000	286000000	2000000	0	0.000000
Asat_OT3098_v2_chr4D	286000000	288000000	2000000	23879	0.011940
Asat_OT3098_v2_chr4D	288000000	290000000	2000000	21600	0.010800
Asat_OT3098_v2_chr4D	290000000	292000000	2000000	2318	0.001159
Asat_OT3098_v2_chr4D	292000000	294000000	2000000	10054	0.005027
Asat_OT3098_v2_chr4D	294000000	296000000	2000000	0	0.000000
Asat_OT3098_v2_chr4D	296000000	298000000	2000000	1169	0.000584
Asat_OT3098_v2_chr4D	298000000	300000000	2000000	5728	0.002864
Asat_OT3098_v2_chr4D	300000000	302000000	2000000	8560	0.004280
Asat_OT3098_v2_chr4D	302000000	304000000	2000000	4753	0.002377
Asat_OT3098_v2_chr4D	304000000	306000000	2000000	10090	0.005045
Asat_OT3098_v2_chr4D	306000000	308000000	2000000	4729	0.002364
Asat_OT3098_v2_chr4D	308000000	310000000	2000000	24067	0.012034
Asat_OT3098_v2_chr4D	310000000	312000000	2000000	8033	0.004017
Asat_OT3098_v2_chr4D	312000000	314000000	2000000	9627	0.004814
Asat_OT3098_v2_chr4D	314000000	316000000	2000000	0	0.000000
Asat_OT3098_v2_chr4D	316000000	318000000	2000000	4341	0.002171
Asat_OT3098_v2_chr4D	318000000	320000000	2000000	0	0.000000
Asat_OT3098_v2_chr4D	320000000	322000000	2000000	2726	0.001363
Asat_OT3098_v2_chr4D	322000000	324000000	2000000	23558	0.011779
Asat_OT3098_v2_chr4D	324000000	326000000	2000000	8379	0.004189
Asat_OT3098_v2_chr4D	326000000	328000000	2000000	25245	0.012623
Asat_OT3098_v2_chr4D	328000000	330000000	2000000	19515	0.009758
Asat_OT3098_v2_chr4D	330000000	332000000	2000000	4734	0.002367
Asat_OT3098_v2_chr4D	332000000	334000000	2000000	4653	0.002327
Asat_OT3098_v2_chr4D	334000000	336000000	2000000	9845	0.004922
Asat_OT3098_v2_chr4D	336000000	338000000	2000000	0	0.000000
Asat_OT3098_v2_chr4D	338000000	340000000	2000000	6660	0.003330
Asat_OT3098_v2_chr4D	340000000	342000000	2000000	6538	0.003269
Asat_OT3098_v2_chr4D	342000000	344000000	2000000	0	0.000000
Asat_OT3098_v2_chr4D	344000000	346000000	2000000	0	0.000000
Asat_OT3098_v2_chr4D	346000000	348000000	2000000	0	0.000000
Asat_OT3098_v2_chr4D	348000000	350000000	2000000	0	0.000000
Asat_OT3098_v2_chr4D	350000000	352000000	2000000	0	0.000000
Asat_OT3098_v2_chr4D	352000000	354000000	2000000	0	0.000000
Asat_OT3098_v2_chr4D	354000000	356000000	2000000	4700	0.002350
Asat_OT3098_v2_chr4D	356000000	358000000	2000000	26693	0.013347
Asat_OT3098_v2_chr4D	358000000	360000000	2000000	0	0.000000
Asat_OT3098_v2_chr4D	360000000	362000000	2000000	11160	0.005580
Asat_OT3098_v2_chr4D	362000000	364000000	2000000	3683	0.001842
Asat_OT3098_v2_chr4D	364000000	366000000	2000000	0	0.000000
Asat_OT3098_v2_chr4D	366000000	368000000	2000000	2995	0.001497
Asat_OT3098_v2_chr4D	368000000	370000000	2000000	12425	0.006213
Asat_OT3098_v2_chr4D	370000000	372000000	2000000	4706	0.002353
Asat_OT3098_v2_chr4D	372000000	374000000	2000000	0	0.000000
Asat_OT3098_v2_chr4D	374000000	376000000	2000000	6911	0.003455
Asat_OT3098_v2_chr4D	376000000	378000000	2000000	16152	0.008076
Asat_OT3098_v2_chr4D	378000000	380000000	2000000	23287	0.011643
Asat_OT3098_v2_chr4D	380000000	382000000	2000000	0	0.000000
Asat_OT3098_v2_chr4D	382000000	384000000	2000000	0	0.000000
Asat_OT3098_v2_chr4D	384000000	386000000	2000000	3540	0.001770
Asat_OT3098_v2_chr4D	386000000	388000000	2000000	0	0.000000
Asat_OT3098_v2_chr4D	388000000	390000000	2000000	13081	0.006541
Asat_OT3098_v2_chr4D	390000000	392000000	2000000	0	0.000000
Asat_OT3098_v2_chr4D	392000000	394000000	2000000	27233	0.013617
Asat_OT3098_v2_chr4D	394000000	396000000	2000000	2575	0.001288
Asat_OT3098_v2_chr4D	396000000	398000000	2000000	6640	0.003320
Asat_OT3098_v2_chr4D	398000000	400000000	2000000	0	0.000000
Asat_OT3098_v2_chr4D	400000000	402000000	2000000	0	0.000000
Asat_OT3098_v2_chr4D	402000000	404000000	2000000	0	0.000000
Asat_OT3098_v2_chr4D	404000000	406000000	2000000	7242	0.003621
Asat_OT3098_v2_chr4D	406000000	408000000	2000000	3782	0.001891
Asat_OT3098_v2_chr4D	408000000	410000000	2000000	0	0.000000
Asat_OT3098_v2_chr4D	410000000	412000000	2000000	8881	0.004441
Asat_OT3098_v2_chr4D	412000000	414000000	2000000	7638	0.003819
Asat_OT3098_v2_chr4D	414000000	416000000	2000000	17738	0.008869
Asat_OT3098_v2_chr4D	416000000	418000000	2000000	24915	0.012457
Asat_OT3098_v2_chr4D	418000000	420000000	2000000	35192	0.017596
Asat_OT3098_v2_chr4D	420000000	422000000	2000000	7442	0.003721
Asat_OT3098_v2_chr4D	422000000	424000000	2000000	18506	0.009253
Asat_OT3098_v2_chr4D	424000000	426000000	2000000	17922	0.008961
Asat_OT3098_v2_chr4D	426000000	428000000	2000000	31413	0.015707
Asat_OT3098_v2_chr4D	428000000	430000000	2000000	13350	0.006675
Asat_OT3098_v2_chr4D	430000000	432000000	2000000	24285	0.012143
Asat_OT3098_v2_chr4D	432000000	434000000	2000000	5693	0.002847
Asat_OT3098_v2_chr4D	434000000	436000000	2000000	41406	0.020703
Asat_OT3098_v2_chr4D	436000000	438000000	2000000	6723	0.003361
Asat_OT3098_v2_chr4D	438000000	440000000	2000000	4084	0.002042
Asat_OT3098_v2_chr4D	440000000	442000000	2000000	16237	0.008119
Asat_OT3098_v2_chr4D	442000000	444000000	2000000	2572	0.001286
Asat_OT3098_v2_chr4D	444000000	446000000	2000000	18072	0.009036
Asat_OT3098_v2_chr4D	446000000	448000000	2000000	13824	0.006912
Asat_OT3098_v2_chr4D	448000000	450000000	2000000	0	0.000000
Asat_OT3098_v2_chr4D	450000000	452000000	2000000	26076	0.013038
Asat_OT3098_v2_chr4D	452000000	454000000	2000000	9980	0.004990
Asat_OT3098_v2_chr4D	454000000	455353809	1353809	0	0.000000
Asat_OT3098_v2_chr5A	0	2000000	2000000	0	0.000000
Asat_OT3098_v2_chr5A	2000000	4000000	2000000	0	0.000000
Asat_OT3098_v2_chr5A	4000000	6000000	2000000	8141	0.004071
Asat_OT3098_v2_chr5A	6000000	8000000	2000000	0	0.000000
Asat_OT3098_v2_chr5A	8000000	10000000	2000000	11866	0.005933
Asat_OT3098_v2_chr5A	10000000	12000000	2000000	0	0.000000
Asat_OT3098_v2_chr5A	12000000	14000000	2000000	41818	0.020909
Asat_OT3098_v2_chr5A	14000000	16000000	2000000	20173	0.010086
Asat_OT3098_v2_chr5A	16000000	18000000	2000000	8027	0.004013
Asat_OT3098_v2_chr5A	18000000	20000000	2000000	7697	0.003848
Asat_OT3098_v2_chr5A	20000000	22000000	2000000	0	0.000000
Asat_OT3098_v2_chr5A	22000000	24000000	2000000	5441	0.002720
Asat_OT3098_v2_chr5A	24000000	26000000	2000000	24507	0.012254
Asat_OT3098_v2_chr5A	26000000	28000000	2000000	0	0.000000
Asat_OT3098_v2_chr5A	28000000	30000000	2000000	12464	0.006232
Asat_OT3098_v2_chr5A	30000000	32000000	2000000	29003	0.014502
Asat_OT3098_v2_chr5A	32000000	34000000	2000000	11509	0.005755
Asat_OT3098_v2_chr5A	34000000	36000000	2000000	33102	0.016551
Asat_OT3098_v2_chr5A	36000000	38000000	2000000	21481	0.010741
Asat_OT3098_v2_chr5A	38000000	40000000	2000000	0	0.000000
Asat_OT3098_v2_chr5A	40000000	42000000	2000000	12045	0.006023
Asat_OT3098_v2_chr5A	42000000	44000000	2000000	10536	0.005268
Asat_OT3098_v2_chr5A	44000000	46000000	2000000	15785	0.007893
Asat_OT3098_v2_chr5A	46000000	48000000	2000000	3664	0.001832
Asat_OT3098_v2_chr5A	48000000	50000000	2000000	8094	0.004047
Asat_OT3098_v2_chr5A	50000000	52000000	2000000	9177	0.004588
Asat_OT3098_v2_chr5A	52000000	54000000	2000000	10862	0.005431
Asat_OT3098_v2_chr5A	54000000	56000000	2000000	3583	0.001791
Asat_OT3098_v2_chr5A	56000000	58000000	2000000	6087	0.003044
Asat_OT3098_v2_chr5A	58000000	60000000	2000000	0	0.000000
Asat_OT3098_v2_chr5A	60000000	62000000	2000000	30410	0.015205
Asat_OT3098_v2_chr5A	62000000	64000000	2000000	7121	0.003560
Asat_OT3098_v2_chr5A	64000000	66000000	2000000	10379	0.005189
Asat_OT3098_v2_chr5A	66000000	68000000	2000000	20402	0.010201
Asat_OT3098_v2_chr5A	68000000	70000000	2000000	6036	0.003018
Asat_OT3098_v2_chr5A	70000000	72000000	2000000	16157	0.008079
Asat_OT3098_v2_chr5A	72000000	74000000	2000000	6656	0.003328
Asat_OT3098_v2_chr5A	74000000	76000000	2000000	10637	0.005319
Asat_OT3098_v2_chr5A	76000000	78000000	2000000	9792	0.004896
Asat_OT3098_v2_chr5A	78000000	80000000	2000000	55306	0.027653
Asat_OT3098_v2_chr5A	80000000	82000000	2000000	7682	0.003841
Asat_OT3098_v2_chr5A	82000000	84000000	2000000	12734	0.006367
Asat_OT3098_v2_chr5A	84000000	86000000	2000000	6978	0.003489
Asat_OT3098_v2_chr5A	86000000	88000000	2000000	25771	0.012885
Asat_OT3098_v2_chr5A	88000000	90000000	2000000	11523	0.005762
Asat_OT3098_v2_chr5A	90000000	92000000	2000000	13125	0.006562
Asat_OT3098_v2_chr5A	92000000	94000000	2000000	6443	0.003221
Asat_OT3098_v2_chr5A	94000000	96000000	2000000	8392	0.004196
Asat_OT3098_v2_chr5A	96000000	98000000	2000000	36088	0.018044
Asat_OT3098_v2_chr5A	98000000	100000000	2000000	51668	0.025834
Asat_OT3098_v2_chr5A	100000000	102000000	2000000	7738	0.003869
Asat_OT3098_v2_chr5A	102000000	104000000	2000000	10300	0.005150
Asat_OT3098_v2_chr5A	104000000	106000000	2000000	10870	0.005435
Asat_OT3098_v2_chr5A	106000000	108000000	2000000	28204	0.014102
Asat_OT3098_v2_chr5A	108000000	110000000	2000000	7187	0.003593
Asat_OT3098_v2_chr5A	110000000	112000000	2000000	3575	0.001788
Asat_OT3098_v2_chr5A	112000000	114000000	2000000	0	0.000000
Asat_OT3098_v2_chr5A	114000000	116000000	2000000	46178	0.023089
Asat_OT3098_v2_chr5A	116000000	118000000	2000000	31927	0.015963
Asat_OT3098_v2_chr5A	118000000	120000000	2000000	15884	0.007942
Asat_OT3098_v2_chr5A	120000000	122000000	2000000	4846	0.002423
Asat_OT3098_v2_chr5A	122000000	124000000	2000000	12782	0.006391
Asat_OT3098_v2_chr5A	124000000	126000000	2000000	12933	0.006467
Asat_OT3098_v2_chr5A	126000000	128000000	2000000	29478	0.014739
Asat_OT3098_v2_chr5A	128000000	130000000	2000000	11694	0.005847
Asat_OT3098_v2_chr5A	130000000	132000000	2000000	2308	0.001154
Asat_OT3098_v2_chr5A	132000000	134000000	2000000	24135	0.012068
Asat_OT3098_v2_chr5A	134000000	136000000	2000000	31583	0.015791
Asat_OT3098_v2_chr5A	136000000	138000000	2000000	7326	0.003663
Asat_OT3098_v2_chr5A	138000000	140000000	2000000	29659	0.014830
Asat_OT3098_v2_chr5A	140000000	142000000	2000000	22073	0.011036
Asat_OT3098_v2_chr5A	142000000	144000000	2000000	31273	0.015637
Asat_OT3098_v2_chr5A	144000000	146000000	2000000	7386	0.003693
Asat_OT3098_v2_chr5A	146000000	148000000	2000000	33848	0.016924
Asat_OT3098_v2_chr5A	148000000	150000000	2000000	5877	0.002939
Asat_OT3098_v2_chr5A	150000000	152000000	2000000	5807	0.002903
Asat_OT3098_v2_chr5A	152000000	154000000	2000000	31353	0.015676
Asat_OT3098_v2_chr5A	154000000	156000000	2000000	12012	0.006006
Asat_OT3098_v2_chr5A	156000000	158000000	2000000	19681	0.009841
Asat_OT3098_v2_chr5A	158000000	160000000	2000000	30372	0.015186
Asat_OT3098_v2_chr5A	160000000	162000000	2000000	10305	0.005152
Asat_OT3098_v2_chr5A	162000000	164000000	2000000	0	0.000000
Asat_OT3098_v2_chr5A	164000000	166000000	2000000	25936	0.012968
Asat_OT3098_v2_chr5A	166000000	168000000	2000000	16128	0.008064
Asat_OT3098_v2_chr5A	168000000	170000000	2000000	28797	0.014398
Asat_OT3098_v2_chr5A	170000000	172000000	2000000	13297	0.006648
Asat_OT3098_v2_chr5A	172000000	174000000	2000000	21466	0.010733
Asat_OT3098_v2_chr5A	174000000	176000000	2000000	21935	0.010967
Asat_OT3098_v2_chr5A	176000000	178000000	2000000	29851	0.014925
Asat_OT3098_v2_chr5A	178000000	180000000	2000000	54923	0.027461
Asat_OT3098_v2_chr5A	180000000	182000000	2000000	11807	0.005903
Asat_OT3098_v2_chr5A	182000000	184000000	2000000	34870	0.017435
Asat_OT3098_v2_chr5A	184000000	186000000	2000000	7137	0.003569
Asat_OT3098_v2_chr5A	186000000	188000000	2000000	78174	0.039087
Asat_OT3098_v2_chr5A	188000000	190000000	2000000	29471	0.014736
Asat_OT3098_v2_chr5A	190000000	192000000	2000000	38833	0.019416
Asat_OT3098_v2_chr5A	192000000	194000000	2000000	12134	0.006067
Asat_OT3098_v2_chr5A	194000000	196000000	2000000	45579	0.022790
Asat_OT3098_v2_chr5A	196000000	198000000	2000000	23117	0.011558
Asat_OT3098_v2_chr5A	198000000	200000000	2000000	18460	0.009230
Asat_OT3098_v2_chr5A	200000000	202000000	2000000	31862	0.015931
Asat_OT3098_v2_chr5A	202000000	204000000	2000000	14527	0.007263
Asat_OT3098_v2_chr5A	204000000	206000000	2000000	47501	0.023751
Asat_OT3098_v2_chr5A	206000000	208000000	2000000	18955	0.009477
Asat_OT3098_v2_chr5A	208000000	210000000	2000000	26381	0.013191
Asat_OT3098_v2_chr5A	210000000	212000000	2000000	44924	0.022462
Asat_OT3098_v2_chr5A	212000000	214000000	2000000	42008	0.021004
Asat_OT3098_v2_chr5A	214000000	216000000	2000000	4336	0.002168
Asat_OT3098_v2_chr5A	216000000	218000000	2000000	2437	0.001218
Asat_OT3098_v2_chr5A	218000000	220000000	2000000	4321	0.002161
Asat_OT3098_v2_chr5A	220000000	222000000	2000000	0	0.000000
Asat_OT3098_v2_chr5A	222000000	224000000	2000000	7607	0.003804
Asat_OT3098_v2_chr5A	224000000	226000000	2000000	9603	0.004802
Asat_OT3098_v2_chr5A	226000000	228000000	2000000	15588	0.007794
Asat_OT3098_v2_chr5A	228000000	230000000	2000000	26171	0.013085
Asat_OT3098_v2_chr5A	230000000	232000000	2000000	52974	0.026487
Asat_OT3098_v2_chr5A	232000000	234000000	2000000	2148	0.001074
Asat_OT3098_v2_chr5A	234000000	236000000	2000000	51040	0.025520
Asat_OT3098_v2_chr5A	236000000	238000000	2000000	26839	0.013419
Asat_OT3098_v2_chr5A	238000000	240000000	2000000	17346	0.008673
Asat_OT3098_v2_chr5A	240000000	242000000	2000000	17738	0.008869
Asat_OT3098_v2_chr5A	242000000	244000000	2000000	36183	0.018091
Asat_OT3098_v2_chr5A	244000000	246000000	2000000	15228	0.007614
Asat_OT3098_v2_chr5A	246000000	248000000	2000000	35634	0.017817
Asat_OT3098_v2_chr5A	248000000	250000000	2000000	23387	0.011694
Asat_OT3098_v2_chr5A	250000000	252000000	2000000	13778	0.006889
Asat_OT3098_v2_chr5A	252000000	254000000	2000000	27567	0.013784
Asat_OT3098_v2_chr5A	254000000	256000000	2000000	10084	0.005042
Asat_OT3098_v2_chr5A	256000000	258000000	2000000	30003	0.015001
Asat_OT3098_v2_chr5A	258000000	260000000	2000000	19169	0.009584
Asat_OT3098_v2_chr5A	260000000	262000000	2000000	87385	0.043693
Asat_OT3098_v2_chr5A	262000000	264000000	2000000	20027	0.010013
Asat_OT3098_v2_chr5A	264000000	266000000	2000000	27272	0.013636
Asat_OT3098_v2_chr5A	266000000	268000000	2000000	25856	0.012928
Asat_OT3098_v2_chr5A	268000000	270000000	2000000	20116	0.010058
Asat_OT3098_v2_chr5A	270000000	272000000	2000000	26146	0.013073
Asat_OT3098_v2_chr5A	272000000	274000000	2000000	36765	0.018382
Asat_OT3098_v2_chr5A	274000000	276000000	2000000	12754	0.006377
Asat_OT3098_v2_chr5A	276000000	278000000	2000000	15825	0.007912
Asat_OT3098_v2_chr5A	278000000	280000000	2000000	25286	0.012643
Asat_OT3098_v2_chr5A	280000000	282000000	2000000	21912	0.010956
Asat_OT3098_v2_chr5A	282000000	284000000	2000000	44702	0.022351
Asat_OT3098_v2_chr5A	284000000	286000000	2000000	19091	0.009546
Asat_OT3098_v2_chr5A	286000000	288000000	2000000	49860	0.024930
Asat_OT3098_v2_chr5A	288000000	290000000	2000000	34532	0.017266
Asat_OT3098_v2_chr5A	290000000	292000000	2000000	64457	0.032229
Asat_OT3098_v2_chr5A	292000000	294000000	2000000	24809	0.012405
Asat_OT3098_v2_chr5A	294000000	296000000	2000000	12421	0.006210
Asat_OT3098_v2_chr5A	296000000	298000000	2000000	53778	0.026889
Asat_OT3098_v2_chr5A	298000000	300000000	2000000	11967	0.005984
Asat_OT3098_v2_chr5A	300000000	302000000	2000000	17391	0.008696
Asat_OT3098_v2_chr5A	302000000	304000000	2000000	3270	0.001635
Asat_OT3098_v2_chr5A	304000000	306000000	2000000	0	0.000000
Asat_OT3098_v2_chr5A	306000000	308000000	2000000	43828	0.021914
Asat_OT3098_v2_chr5A	308000000	310000000	2000000	20675	0.010337
Asat_OT3098_v2_chr5A	310000000	312000000	2000000	22993	0.011496
Asat_OT3098_v2_chr5A	312000000	314000000	2000000	14082	0.007041
Asat_OT3098_v2_chr5A	314000000	316000000	2000000	34616	0.017308
Asat_OT3098_v2_chr5A	316000000	318000000	2000000	3653	0.001826
Asat_OT3098_v2_chr5A	318000000	320000000	2000000	16753	0.008377
Asat_OT3098_v2_chr5A	320000000	322000000	2000000	27424	0.013712
Asat_OT3098_v2_chr5A	322000000	324000000	2000000	3600	0.001800
Asat_OT3098_v2_chr5A	324000000	326000000	2000000	13899	0.006949
Asat_OT3098_v2_chr5A	326000000	328000000	2000000	14525	0.007262
Asat_OT3098_v2_chr5A	328000000	330000000	2000000	9487	0.004744
Asat_OT3098_v2_chr5A	330000000	332000000	2000000	5795	0.002897
Asat_OT3098_v2_chr5A	332000000	334000000	2000000	15368	0.007684
Asat_OT3098_v2_chr5A	334000000	336000000	2000000	4850	0.002425
Asat_OT3098_v2_chr5A	336000000	338000000	2000000	23193	0.011596
Asat_OT3098_v2_chr5A	338000000	340000000	2000000	35761	0.017881
Asat_OT3098_v2_chr5A	340000000	342000000	2000000	0	0.000000
Asat_OT3098_v2_chr5A	342000000	344000000	2000000	21523	0.010762
Asat_OT3098_v2_chr5A	344000000	346000000	2000000	6618	0.003309
Asat_OT3098_v2_chr5A	346000000	348000000	2000000	22568	0.011284
Asat_OT3098_v2_chr5A	348000000	350000000	2000000	13009	0.006504
Asat_OT3098_v2_chr5A	350000000	352000000	2000000	27315	0.013657
Asat_OT3098_v2_chr5A	352000000	354000000	2000000	14309	0.007155
Asat_OT3098_v2_chr5A	354000000	356000000	2000000	15312	0.007656
Asat_OT3098_v2_chr5A	356000000	358000000	2000000	15195	0.007598
Asat_OT3098_v2_chr5A	358000000	360000000	2000000	0	0.000000
Asat_OT3098_v2_chr5A	360000000	362000000	2000000	17369	0.008684
Asat_OT3098_v2_chr5A	362000000	364000000	2000000	0	0.000000
Asat_OT3098_v2_chr5A	364000000	366000000	2000000	17004	0.008502
Asat_OT3098_v2_chr5A	366000000	368000000	2000000	29083	0.014542
Asat_OT3098_v2_chr5A	368000000	370000000	2000000	0	0.000000
Asat_OT3098_v2_chr5A	370000000	372000000	2000000	2432	0.001216
Asat_OT3098_v2_chr5A	372000000	374000000	2000000	6884	0.003442
Asat_OT3098_v2_chr5A	374000000	376000000	2000000	23365	0.011683
Asat_OT3098_v2_chr5A	376000000	378000000	2000000	14078	0.007039
Asat_OT3098_v2_chr5A	378000000	380000000	2000000	6019	0.003010
Asat_OT3098_v2_chr5A	380000000	382000000	2000000	2455	0.001228
Asat_OT3098_v2_chr5A	382000000	384000000	2000000	2446	0.001223
Asat_OT3098_v2_chr5A	384000000	386000000	2000000	13672	0.006836
Asat_OT3098_v2_chr5A	386000000	388000000	2000000	0	0.000000
Asat_OT3098_v2_chr5A	388000000	390000000	2000000	0	0.000000
Asat_OT3098_v2_chr5A	390000000	392000000	2000000	23174	0.011587
Asat_OT3098_v2_chr5A	392000000	394000000	2000000	4888	0.002444
Asat_OT3098_v2_chr5A	394000000	396000000	2000000	2285	0.001143
Asat_OT3098_v2_chr5A	396000000	398000000	2000000	26783	0.013392
Asat_OT3098_v2_chr5A	398000000	400000000	2000000	25780	0.012890
Asat_OT3098_v2_chr5A	400000000	402000000	2000000	11225	0.005613
Asat_OT3098_v2_chr5A	402000000	404000000	2000000	3662	0.001831
Asat_OT3098_v2_chr5A	404000000	406000000	2000000	23025	0.011513
Asat_OT3098_v2_chr5A	406000000	408000000	2000000	38583	0.019291
Asat_OT3098_v2_chr5A	408000000	410000000	2000000	0	0.000000
Asat_OT3098_v2_chr5A	410000000	412000000	2000000	18280	0.009140
Asat_OT3098_v2_chr5A	412000000	414000000	2000000	22449	0.011225
Asat_OT3098_v2_chr5A	414000000	416000000	2000000	19359	0.009680
Asat_OT3098_v2_chr5A	416000000	418000000	2000000	7694	0.003847
Asat_OT3098_v2_chr5A	418000000	420000000	2000000	15827	0.007914
Asat_OT3098_v2_chr5A	420000000	422000000	2000000	0	0.000000
Asat_OT3098_v2_chr5A	422000000	424000000	2000000	18869	0.009435
Asat_OT3098_v2_chr5A	424000000	426000000	2000000	39798	0.019899
Asat_OT3098_v2_chr5A	426000000	428000000	2000000	21853	0.010927
Asat_OT3098_v2_chr5A	428000000	430000000	2000000	0	0.000000
Asat_OT3098_v2_chr5A	430000000	432000000	2000000	2418	0.001209
Asat_OT3098_v2_chr5A	432000000	434000000	2000000	4846	0.002423
Asat_OT3098_v2_chr5A	434000000	436000000	2000000	32254	0.016127
Asat_OT3098_v2_chr5A	436000000	438000000	2000000	25904	0.012952
Asat_OT3098_v2_chr5A	438000000	440000000	2000000	41127	0.020563
Asat_OT3098_v2_chr5A	440000000	442000000	2000000	8111	0.004056
Asat_OT3098_v2_chr5A	442000000	444000000	2000000	15400	0.007700
Asat_OT3098_v2_chr5A	444000000	446000000	2000000	4066	0.002033
Asat_OT3098_v2_chr5A	446000000	448000000	2000000	0	0.000000
Asat_OT3098_v2_chr5A	448000000	450000000	2000000	2418	0.001209
Asat_OT3098_v2_chr5A	450000000	452000000	2000000	0	0.000000
Asat_OT3098_v2_chr5A	452000000	454000000	2000000	16961	0.008481
Asat_OT3098_v2_chr5A	454000000	456000000	2000000	33800	0.016900
Asat_OT3098_v2_chr5A	456000000	458000000	2000000	10794	0.005397
Asat_OT3098_v2_chr5A	458000000	460000000	2000000	0	0.000000
Asat_OT3098_v2_chr5A	460000000	462000000	2000000	4824	0.002412
Asat_OT3098_v2_chr5A	462000000	464000000	2000000	30783	0.015392
Asat_OT3098_v2_chr5A	464000000	466000000	2000000	4582	0.002291
Asat_OT3098_v2_chr5A	466000000	468000000	2000000	4836	0.002418
Asat_OT3098_v2_chr5A	468000000	470000000	2000000	2308	0.001154
Asat_OT3098_v2_chr5A	470000000	472000000	2000000	2433	0.001216
Asat_OT3098_v2_chr5A	472000000	474000000	2000000	2291	0.001146
Asat_OT3098_v2_chr5A	474000000	476000000	2000000	10337	0.005169
Asat_OT3098_v2_chr5A	476000000	478000000	2000000	11609	0.005804
Asat_OT3098_v2_chr5A	478000000	480000000	2000000	40622	0.020311
Asat_OT3098_v2_chr5A	480000000	482000000	2000000	0	0.000000
Asat_OT3098_v2_chr5A	482000000	484000000	2000000	22967	0.011484
Asat_OT3098_v2_chr5A	484000000	485323027	1323027	8403	0.006351
Asat_OT3098_v2_chr5C	0	2000000	2000000	10919	0.005459
Asat_OT3098_v2_chr5C	2000000	4000000	2000000	9841	0.004921
Asat_OT3098_v2_chr5C	4000000	6000000	2000000	10273	0.005136
Asat_OT3098_v2_chr5C	6000000	8000000	2000000	28982	0.014491
Asat_OT3098_v2_chr5C	8000000	10000000	2000000	13830	0.006915
Asat_OT3098_v2_chr5C	10000000	12000000	2000000	39682	0.019841
Asat_OT3098_v2_chr5C	12000000	14000000	2000000	17754	0.008877
Asat_OT3098_v2_chr5C	14000000	16000000	2000000	12356	0.006178
Asat_OT3098_v2_chr5C	16000000	18000000	2000000	6012	0.003006
Asat_OT3098_v2_chr5C	18000000	20000000	2000000	2426	0.001213
Asat_OT3098_v2_chr5C	20000000	22000000	2000000	9520	0.004760
Asat_OT3098_v2_chr5C	22000000	24000000	2000000	29563	0.014781
Asat_OT3098_v2_chr5C	24000000	26000000	2000000	9404	0.004702
Asat_OT3098_v2_chr5C	26000000	28000000	2000000	14706	0.007353
Asat_OT3098_v2_chr5C	28000000	30000000	2000000	32788	0.016394
Asat_OT3098_v2_chr5C	30000000	32000000	2000000	44665	0.022333
Asat_OT3098_v2_chr5C	32000000	34000000	2000000	15617	0.007809
Asat_OT3098_v2_chr5C	34000000	36000000	2000000	6591	0.003295
Asat_OT3098_v2_chr5C	36000000	38000000	2000000	4729	0.002364
Asat_OT3098_v2_chr5C	38000000	40000000	2000000	17778	0.008889
Asat_OT3098_v2_chr5C	40000000	42000000	2000000	18801	0.009400
Asat_OT3098_v2_chr5C	42000000	44000000	2000000	15408	0.007704
Asat_OT3098_v2_chr5C	44000000	46000000	2000000	23587	0.011794
Asat_OT3098_v2_chr5C	46000000	48000000	2000000	35530	0.017765
Asat_OT3098_v2_chr5C	48000000	50000000	2000000	34371	0.017185
Asat_OT3098_v2_chr5C	50000000	52000000	2000000	25740	0.012870
Asat_OT3098_v2_chr5C	52000000	54000000	2000000	69253	0.034626
Asat_OT3098_v2_chr5C	54000000	56000000	2000000	4671	0.002335
Asat_OT3098_v2_chr5C	56000000	58000000	2000000	29236	0.014618
Asat_OT3098_v2_chr5C	58000000	60000000	2000000	2283	0.001141
Asat_OT3098_v2_chr5C	60000000	62000000	2000000	29232	0.014616
Asat_OT3098_v2_chr5C	62000000	64000000	2000000	18806	0.009403
Asat_OT3098_v2_chr5C	64000000	66000000	2000000	15122	0.007561
Asat_OT3098_v2_chr5C	66000000	68000000	2000000	22047	0.011024
Asat_OT3098_v2_chr5C	68000000	70000000	2000000	35612	0.017806
Asat_OT3098_v2_chr5C	70000000	72000000	2000000	30080	0.015040
Asat_OT3098_v2_chr5C	72000000	74000000	2000000	31882	0.015941
Asat_OT3098_v2_chr5C	74000000	76000000	2000000	26637	0.013319
Asat_OT3098_v2_chr5C	76000000	78000000	2000000	63305	0.031653
Asat_OT3098_v2_chr5C	78000000	80000000	2000000	33083	0.016542
Asat_OT3098_v2_chr5C	80000000	82000000	2000000	0	0.000000
Asat_OT3098_v2_chr5C	82000000	84000000	2000000	0	0.000000
Asat_OT3098_v2_chr5C	84000000	86000000	2000000	21801	0.010901
Asat_OT3098_v2_chr5C	86000000	88000000	2000000	9471	0.004736
Asat_OT3098_v2_chr5C	88000000	90000000	2000000	50887	0.025444
Asat_OT3098_v2_chr5C	90000000	92000000	2000000	19109	0.009555
Asat_OT3098_v2_chr5C	92000000	94000000	2000000	41705	0.020852
Asat_OT3098_v2_chr5C	94000000	96000000	2000000	41406	0.020703
Asat_OT3098_v2_chr5C	96000000	98000000	2000000	31557	0.015779
Asat_OT3098_v2_chr5C	98000000	100000000	2000000	46775	0.023387
Asat_OT3098_v2_chr5C	100000000	102000000	2000000	30077	0.015038
Asat_OT3098_v2_chr5C	102000000	104000000	2000000	71886	0.035943
Asat_OT3098_v2_chr5C	104000000	106000000	2000000	43890	0.021945
Asat_OT3098_v2_chr5C	106000000	108000000	2000000	14450	0.007225
Asat_OT3098_v2_chr5C	108000000	110000000	2000000	40874	0.020437
Asat_OT3098_v2_chr5C	110000000	112000000	2000000	18883	0.009442
Asat_OT3098_v2_chr5C	112000000	114000000	2000000	54369	0.027185
Asat_OT3098_v2_chr5C	114000000	116000000	2000000	36000	0.018000
Asat_OT3098_v2_chr5C	116000000	118000000	2000000	43599	0.021799
Asat_OT3098_v2_chr5C	118000000	120000000	2000000	26683	0.013341
Asat_OT3098_v2_chr5C	120000000	122000000	2000000	39966	0.019983
Asat_OT3098_v2_chr5C	122000000	124000000	2000000	62952	0.031476
Asat_OT3098_v2_chr5C	124000000	126000000	2000000	73271	0.036636
Asat_OT3098_v2_chr5C	126000000	128000000	2000000	19311	0.009655
Asat_OT3098_v2_chr5C	128000000	130000000	2000000	20596	0.010298
Asat_OT3098_v2_chr5C	130000000	132000000	2000000	41341	0.020671
Asat_OT3098_v2_chr5C	132000000	134000000	2000000	35773	0.017886
Asat_OT3098_v2_chr5C	134000000	136000000	2000000	45479	0.022739
Asat_OT3098_v2_chr5C	136000000	138000000	2000000	57157	0.028578
Asat_OT3098_v2_chr5C	138000000	140000000	2000000	62113	0.031057
Asat_OT3098_v2_chr5C	140000000	142000000	2000000	79475	0.039738
Asat_OT3098_v2_chr5C	142000000	144000000	2000000	36993	0.018496
Asat_OT3098_v2_chr5C	144000000	146000000	2000000	56314	0.028157
Asat_OT3098_v2_chr5C	146000000	148000000	2000000	52183	0.026092
Asat_OT3098_v2_chr5C	148000000	150000000	2000000	40145	0.020073
Asat_OT3098_v2_chr5C	150000000	152000000	2000000	21807	0.010903
Asat_OT3098_v2_chr5C	152000000	154000000	2000000	57217	0.028608
Asat_OT3098_v2_chr5C	154000000	156000000	2000000	30487	0.015244
Asat_OT3098_v2_chr5C	156000000	158000000	2000000	38156	0.019078
Asat_OT3098_v2_chr5C	158000000	160000000	2000000	9291	0.004646
Asat_OT3098_v2_chr5C	160000000	162000000	2000000	15681	0.007841
Asat_OT3098_v2_chr5C	162000000	164000000	2000000	71385	0.035693
Asat_OT3098_v2_chr5C	164000000	166000000	2000000	22290	0.011145
Asat_OT3098_v2_chr5C	166000000	168000000	2000000	20636	0.010318
Asat_OT3098_v2_chr5C	168000000	170000000	2000000	31087	0.015544
Asat_OT3098_v2_chr5C	170000000	172000000	2000000	47098	0.023549
Asat_OT3098_v2_chr5C	172000000	174000000	2000000	23123	0.011562
Asat_OT3098_v2_chr5C	174000000	176000000	2000000	55047	0.027523
Asat_OT3098_v2_chr5C	176000000	178000000	2000000	35327	0.017663
Asat_OT3098_v2_chr5C	178000000	180000000	2000000	38345	0.019172
Asat_OT3098_v2_chr5C	180000000	182000000	2000000	27401	0.013700
Asat_OT3098_v2_chr5C	182000000	184000000	2000000	31903	0.015952
Asat_OT3098_v2_chr5C	184000000	186000000	2000000	23620	0.011810
Asat_OT3098_v2_chr5C	186000000	188000000	2000000	55537	0.027769
Asat_OT3098_v2_chr5C	188000000	190000000	2000000	58557	0.029278
Asat_OT3098_v2_chr5C	190000000	192000000	2000000	35737	0.017868
Asat_OT3098_v2_chr5C	192000000	194000000	2000000	60796	0.030398
Asat_OT3098_v2_chr5C	194000000	196000000	2000000	48445	0.024223
Asat_OT3098_v2_chr5C	196000000	198000000	2000000	102808	0.051404
Asat_OT3098_v2_chr5C	198000000	200000000	2000000	63058	0.031529
Asat_OT3098_v2_chr5C	200000000	202000000	2000000	42067	0.021034
Asat_OT3098_v2_chr5C	202000000	204000000	2000000	95814	0.047907
Asat_OT3098_v2_chr5C	204000000	206000000	2000000	83356	0.041678
Asat_OT3098_v2_chr5C	206000000	208000000	2000000	31846	0.015923
Asat_OT3098_v2_chr5C	208000000	210000000	2000000	42709	0.021354
Asat_OT3098_v2_chr5C	210000000	212000000	2000000	49268	0.024634
Asat_OT3098_v2_chr5C	212000000	214000000	2000000	48845	0.024422
Asat_OT3098_v2_chr5C	214000000	216000000	2000000	71613	0.035806
Asat_OT3098_v2_chr5C	216000000	218000000	2000000	57928	0.028964
Asat_OT3098_v2_chr5C	218000000	220000000	2000000	31955	0.015977
Asat_OT3098_v2_chr5C	220000000	222000000	2000000	78723	0.039362
Asat_OT3098_v2_chr5C	222000000	224000000	2000000	91309	0.045655
Asat_OT3098_v2_chr5C	224000000	226000000	2000000	84422	0.042211
Asat_OT3098_v2_chr5C	226000000	228000000	2000000	89270	0.044635
Asat_OT3098_v2_chr5C	228000000	230000000	2000000	76183	0.038092
Asat_OT3098_v2_chr5C	230000000	232000000	2000000	78951	0.039475
Asat_OT3098_v2_chr5C	232000000	234000000	2000000	80519	0.040259
Asat_OT3098_v2_chr5C	234000000	236000000	2000000	115620	0.057810
Asat_OT3098_v2_chr5C	236000000	238000000	2000000	67411	0.033705
Asat_OT3098_v2_chr5C	238000000	240000000	2000000	55385	0.027692
Asat_OT3098_v2_chr5C	240000000	242000000	2000000	72645	0.036323
Asat_OT3098_v2_chr5C	242000000	244000000	2000000	87935	0.043967
Asat_OT3098_v2_chr5C	244000000	246000000	2000000	79191	0.039595
Asat_OT3098_v2_chr5C	246000000	248000000	2000000	10926	0.005463
Asat_OT3098_v2_chr5C	248000000	250000000	2000000	41136	0.020568
Asat_OT3098_v2_chr5C	250000000	252000000	2000000	58700	0.029350
Asat_OT3098_v2_chr5C	252000000	254000000	2000000	26272	0.013136
Asat_OT3098_v2_chr5C	254000000	256000000	2000000	38646	0.019323
Asat_OT3098_v2_chr5C	256000000	258000000	2000000	52253	0.026127
Asat_OT3098_v2_chr5C	258000000	260000000	2000000	15503	0.007751
Asat_OT3098_v2_chr5C	260000000	262000000	2000000	61406	0.030703
Asat_OT3098_v2_chr5C	262000000	264000000	2000000	66414	0.033207
Asat_OT3098_v2_chr5C	264000000	266000000	2000000	66460	0.033230
Asat_OT3098_v2_chr5C	266000000	268000000	2000000	85029	0.042514
Asat_OT3098_v2_chr5C	268000000	270000000	2000000	77028	0.038514
Asat_OT3098_v2_chr5C	270000000	272000000	2000000	80556	0.040278
Asat_OT3098_v2_chr5C	272000000	274000000	2000000	56479	0.028240
Asat_OT3098_v2_chr5C	274000000	276000000	2000000	108596	0.054298
Asat_OT3098_v2_chr5C	276000000	278000000	2000000	84728	0.042364
Asat_OT3098_v2_chr5C	278000000	280000000	2000000	136907	0.068454
Asat_OT3098_v2_chr5C	280000000	282000000	2000000	62411	0.031206
Asat_OT3098_v2_chr5C	282000000	284000000	2000000	84083	0.042042
Asat_OT3098_v2_chr5C	284000000	286000000	2000000	97063	0.048531
Asat_OT3098_v2_chr5C	286000000	288000000	2000000	13206	0.006603
Asat_OT3098_v2_chr5C	288000000	290000000	2000000	93896	0.046948
Asat_OT3098_v2_chr5C	290000000	292000000	2000000	79075	0.039538
Asat_OT3098_v2_chr5C	292000000	294000000	2000000	110005	0.055003
Asat_OT3098_v2_chr5C	294000000	296000000	2000000	114893	0.057446
Asat_OT3098_v2_chr5C	296000000	298000000	2000000	94600	0.047300
Asat_OT3098_v2_chr5C	298000000	300000000	2000000	104172	0.052086
Asat_OT3098_v2_chr5C	300000000	302000000	2000000	113985	0.056993
Asat_OT3098_v2_chr5C	302000000	304000000	2000000	120358	0.060179
Asat_OT3098_v2_chr5C	304000000	306000000	2000000	29264	0.014632
Asat_OT3098_v2_chr5C	306000000	308000000	2000000	60343	0.030172
Asat_OT3098_v2_chr5C	308000000	310000000	2000000	75312	0.037656
Asat_OT3098_v2_chr5C	310000000	312000000	2000000	24502	0.012251
Asat_OT3098_v2_chr5C	312000000	314000000	2000000	82871	0.041436
Asat_OT3098_v2_chr5C	314000000	316000000	2000000	37959	0.018979
Asat_OT3098_v2_chr5C	316000000	318000000	2000000	37584	0.018792
Asat_OT3098_v2_chr5C	318000000	320000000	2000000	78355	0.039177
Asat_OT3098_v2_chr5C	320000000	322000000	2000000	88041	0.044020
Asat_OT3098_v2_chr5C	322000000	324000000	2000000	91772	0.045886
Asat_OT3098_v2_chr5C	324000000	326000000	2000000	45211	0.022606
Asat_OT3098_v2_chr5C	326000000	328000000	2000000	77737	0.038869
Asat_OT3098_v2_chr5C	328000000	330000000	2000000	46414	0.023207
Asat_OT3098_v2_chr5C	330000000	332000000	2000000	11905	0.005953
Asat_OT3098_v2_chr5C	332000000	334000000	2000000	52440	0.026220
Asat_OT3098_v2_chr5C	334000000	336000000	2000000	39736	0.019868
Asat_OT3098_v2_chr5C	336000000	338000000	2000000	40215	0.020108
Asat_OT3098_v2_chr5C	338000000	340000000	2000000	24197	0.012098
Asat_OT3098_v2_chr5C	340000000	342000000	2000000	29326	0.014663
Asat_OT3098_v2_chr5C	342000000	344000000	2000000	30233	0.015116
Asat_OT3098_v2_chr5C	344000000	346000000	2000000	25813	0.012906
Asat_OT3098_v2_chr5C	346000000	348000000	2000000	68048	0.034024
Asat_OT3098_v2_chr5C	348000000	350000000	2000000	12621	0.006311
Asat_OT3098_v2_chr5C	350000000	352000000	2000000	15769	0.007884
Asat_OT3098_v2_chr5C	352000000	354000000	2000000	28132	0.014066
Asat_OT3098_v2_chr5C	354000000	356000000	2000000	30339	0.015170
Asat_OT3098_v2_chr5C	356000000	358000000	2000000	53142	0.026571
Asat_OT3098_v2_chr5C	358000000	360000000	2000000	20996	0.010498
Asat_OT3098_v2_chr5C	360000000	362000000	2000000	51167	0.025583
Asat_OT3098_v2_chr5C	362000000	364000000	2000000	7178	0.003589
Asat_OT3098_v2_chr5C	364000000	366000000	2000000	19559	0.009779
Asat_OT3098_v2_chr5C	366000000	368000000	2000000	33566	0.016783
Asat_OT3098_v2_chr5C	368000000	370000000	2000000	38656	0.019328
Asat_OT3098_v2_chr5C	370000000	372000000	2000000	24936	0.012468
Asat_OT3098_v2_chr5C	372000000	374000000	2000000	17381	0.008691
Asat_OT3098_v2_chr5C	374000000	376000000	2000000	34828	0.017414
Asat_OT3098_v2_chr5C	376000000	378000000	2000000	26048	0.013024
Asat_OT3098_v2_chr5C	378000000	380000000	2000000	27264	0.013632
Asat_OT3098_v2_chr5C	380000000	382000000	2000000	35115	0.017558
Asat_OT3098_v2_chr5C	382000000	384000000	2000000	51380	0.025690
Asat_OT3098_v2_chr5C	384000000	386000000	2000000	64990	0.032495
Asat_OT3098_v2_chr5C	386000000	388000000	2000000	34437	0.017219
Asat_OT3098_v2_chr5C	388000000	390000000	2000000	48871	0.024435
Asat_OT3098_v2_chr5C	390000000	392000000	2000000	11567	0.005783
Asat_OT3098_v2_chr5C	392000000	394000000	2000000	51690	0.025845
Asat_OT3098_v2_chr5C	394000000	396000000	2000000	0	0.000000
Asat_OT3098_v2_chr5C	396000000	398000000	2000000	50805	0.025403
Asat_OT3098_v2_chr5C	398000000	400000000	2000000	45179	0.022589
Asat_OT3098_v2_chr5C	400000000	402000000	2000000	7636	0.003818
Asat_OT3098_v2_chr5C	402000000	404000000	2000000	0	0.000000
Asat_OT3098_v2_chr5C	404000000	406000000	2000000	13344	0.006672
Asat_OT3098_v2_chr5C	406000000	408000000	2000000	11415	0.005707
Asat_OT3098_v2_chr5C	408000000	410000000	2000000	5480	0.002740
Asat_OT3098_v2_chr5C	410000000	412000000	2000000	38804	0.019402
Asat_OT3098_v2_chr5C	412000000	414000000	2000000	19655	0.009827
Asat_OT3098_v2_chr5C	414000000	416000000	2000000	3392	0.001696
Asat_OT3098_v2_chr5C	416000000	418000000	2000000	4764	0.002382
Asat_OT3098_v2_chr5C	418000000	420000000	2000000	12292	0.006146
Asat_OT3098_v2_chr5C	420000000	422000000	2000000	27242	0.013621
Asat_OT3098_v2_chr5C	422000000	424000000	2000000	25784	0.012892
Asat_OT3098_v2_chr5C	424000000	426000000	2000000	55129	0.027564
Asat_OT3098_v2_chr5C	426000000	428000000	2000000	44423	0.022211
Asat_OT3098_v2_chr5C	428000000	430000000	2000000	26522	0.013261
Asat_OT3098_v2_chr5C	430000000	432000000	2000000	21967	0.010984
Asat_OT3098_v2_chr5C	432000000	434000000	2000000	12811	0.006405
Asat_OT3098_v2_chr5C	434000000	436000000	2000000	25560	0.012780
Asat_OT3098_v2_chr5C	436000000	438000000	2000000	4193	0.002096
Asat_OT3098_v2_chr5C	438000000	440000000	2000000	29026	0.014513
Asat_OT3098_v2_chr5C	440000000	442000000	2000000	16279	0.008139
Asat_OT3098_v2_chr5C	442000000	444000000	2000000	37360	0.018680
Asat_OT3098_v2_chr5C	444000000	446000000	2000000	20954	0.010477
Asat_OT3098_v2_chr5C	446000000	448000000	2000000	13797	0.006899
Asat_OT3098_v2_chr5C	448000000	450000000	2000000	29546	0.014773
Asat_OT3098_v2_chr5C	450000000	452000000	2000000	34908	0.017454
Asat_OT3098_v2_chr5C	452000000	454000000	2000000	36780	0.018390
Asat_OT3098_v2_chr5C	454000000	456000000	2000000	23367	0.011683
Asat_OT3098_v2_chr5C	456000000	458000000	2000000	20580	0.010290
Asat_OT3098_v2_chr5C	458000000	460000000	2000000	0	0.000000
Asat_OT3098_v2_chr5C	460000000	462000000	2000000	17720	0.008860
Asat_OT3098_v2_chr5C	462000000	464000000	2000000	48842	0.024421
Asat_OT3098_v2_chr5C	464000000	466000000	2000000	28498	0.014249
Asat_OT3098_v2_chr5C	466000000	468000000	2000000	13310	0.006655
Asat_OT3098_v2_chr5C	468000000	470000000	2000000	4516	0.002258
Asat_OT3098_v2_chr5C	470000000	472000000	2000000	53866	0.026933
Asat_OT3098_v2_chr5C	472000000	474000000	2000000	21425	0.010712
Asat_OT3098_v2_chr5C	474000000	476000000	2000000	40852	0.020426
Asat_OT3098_v2_chr5C	476000000	478000000	2000000	35847	0.017923
Asat_OT3098_v2_chr5C	478000000	480000000	2000000	0	0.000000
Asat_OT3098_v2_chr5C	480000000	482000000	2000000	59770	0.029885
Asat_OT3098_v2_chr5C	482000000	484000000	2000000	0	0.000000
Asat_OT3098_v2_chr5C	484000000	486000000	2000000	55313	0.027657
Asat_OT3098_v2_chr5C	486000000	488000000	2000000	7053	0.003527
Asat_OT3098_v2_chr5C	488000000	490000000	2000000	20113	0.010056
Asat_OT3098_v2_chr5C	490000000	492000000	2000000	50994	0.025497
Asat_OT3098_v2_chr5C	492000000	494000000	2000000	20465	0.010233
Asat_OT3098_v2_chr5C	494000000	496000000	2000000	1406	0.000703
Asat_OT3098_v2_chr5C	496000000	498000000	2000000	0	0.000000
Asat_OT3098_v2_chr5C	498000000	500000000	2000000	26519	0.013260
Asat_OT3098_v2_chr5C	500000000	502000000	2000000	28937	0.014469
Asat_OT3098_v2_chr5C	502000000	504000000	2000000	3668	0.001834
Asat_OT3098_v2_chr5C	504000000	506000000	2000000	51975	0.025988
Asat_OT3098_v2_chr5C	506000000	508000000	2000000	26823	0.013411
Asat_OT3098_v2_chr5C	508000000	510000000	2000000	13101	0.006550
Asat_OT3098_v2_chr5C	510000000	512000000	2000000	37332	0.018666
Asat_OT3098_v2_chr5C	512000000	514000000	2000000	4990	0.002495
Asat_OT3098_v2_chr5C	514000000	516000000	2000000	27975	0.013987
Asat_OT3098_v2_chr5C	516000000	518000000	2000000	0	0.000000
Asat_OT3098_v2_chr5C	518000000	520000000	2000000	16433	0.008216
Asat_OT3098_v2_chr5C	520000000	522000000	2000000	7040	0.003520
Asat_OT3098_v2_chr5C	522000000	524000000	2000000	4707	0.002354
Asat_OT3098_v2_chr5C	524000000	526000000	2000000	13396	0.006698
Asat_OT3098_v2_chr5C	526000000	528000000	2000000	4773	0.002387
Asat_OT3098_v2_chr5C	528000000	530000000	2000000	5030	0.002515
Asat_OT3098_v2_chr5C	530000000	532000000	2000000	6417	0.003208
Asat_OT3098_v2_chr5C	532000000	534000000	2000000	16613	0.008306
Asat_OT3098_v2_chr5C	534000000	536000000	2000000	11158	0.005579
Asat_OT3098_v2_chr5C	536000000	538000000	2000000	27014	0.013507
Asat_OT3098_v2_chr5C	538000000	540000000	2000000	13302	0.006651
Asat_OT3098_v2_chr5C	540000000	542000000	2000000	43770	0.021885
Asat_OT3098_v2_chr5C	542000000	544000000	2000000	9300	0.004650
Asat_OT3098_v2_chr5C	544000000	546000000	2000000	13011	0.006505
Asat_OT3098_v2_chr5C	546000000	548000000	2000000	13728	0.006864
Asat_OT3098_v2_chr5C	548000000	550000000	2000000	3591	0.001796
Asat_OT3098_v2_chr5C	550000000	552000000	2000000	15600	0.007800
Asat_OT3098_v2_chr5C	552000000	554000000	2000000	15054	0.007527
Asat_OT3098_v2_chr5C	554000000	556000000	2000000	4318	0.002159
Asat_OT3098_v2_chr5C	556000000	558000000	2000000	19696	0.009848
Asat_OT3098_v2_chr5C	558000000	560000000	2000000	5756	0.002878
Asat_OT3098_v2_chr5C	560000000	562000000	2000000	8751	0.004376
Asat_OT3098_v2_chr5C	562000000	564000000	2000000	13637	0.006818
Asat_OT3098_v2_chr5C	564000000	566000000	2000000	0	0.000000
Asat_OT3098_v2_chr5C	566000000	568000000	2000000	3662	0.001831
Asat_OT3098_v2_chr5C	568000000	570000000	2000000	15057	0.007528
Asat_OT3098_v2_chr5C	570000000	572000000	2000000	30130	0.015065
Asat_OT3098_v2_chr5C	572000000	574000000	2000000	16194	0.008097
Asat_OT3098_v2_chr5C	574000000	576000000	2000000	3644	0.001822
Asat_OT3098_v2_chr5C	576000000	578000000	2000000	22562	0.011281
Asat_OT3098_v2_chr5C	578000000	580000000	2000000	27343	0.013671
Asat_OT3098_v2_chr5C	580000000	582000000	2000000	11234	0.005617
Asat_OT3098_v2_chr5C	582000000	584000000	2000000	0	0.000000
Asat_OT3098_v2_chr5C	584000000	586000000	2000000	17052	0.008526
Asat_OT3098_v2_chr5C	586000000	588000000	2000000	19409	0.009704
Asat_OT3098_v2_chr5C	588000000	590000000	2000000	24410	0.012205
Asat_OT3098_v2_chr5C	590000000	592000000	2000000	28175	0.014087
Asat_OT3098_v2_chr5C	592000000	594000000	2000000	0	0.000000
Asat_OT3098_v2_chr5C	594000000	596000000	2000000	0	0.000000
Asat_OT3098_v2_chr5C	596000000	598000000	2000000	1792	0.000896
Asat_OT3098_v2_chr5C	598000000	600000000	2000000	3573	0.001786
Asat_OT3098_v2_chr5C	600000000	602000000	2000000	13590	0.006795
Asat_OT3098_v2_chr5C	602000000	604000000	2000000	28216	0.014108
Asat_OT3098_v2_chr5C	604000000	606000000	2000000	1941	0.000971
Asat_OT3098_v2_chr5C	606000000	608000000	2000000	0	0.000000
Asat_OT3098_v2_chr5C	608000000	610000000	2000000	5453	0.002727
Asat_OT3098_v2_chr5C	610000000	612000000	2000000	0	0.000000
Asat_OT3098_v2_chr5C	612000000	613160974	1160974	6176	0.005320
Asat_OT3098_v2_chr5D	0	2000000	2000000	0	0.000000
Asat_OT3098_v2_chr5D	2000000	4000000	2000000	0	0.000000
Asat_OT3098_v2_chr5D	4000000	6000000	2000000	9595	0.004797
Asat_OT3098_v2_chr5D	6000000	8000000	2000000	9406	0.004703
Asat_OT3098_v2_chr5D	8000000	10000000	2000000	16282	0.008141
Asat_OT3098_v2_chr5D	10000000	12000000	2000000	11260	0.005630
Asat_OT3098_v2_chr5D	12000000	14000000	2000000	5674	0.002837
Asat_OT3098_v2_chr5D	14000000	16000000	2000000	0	0.000000
Asat_OT3098_v2_chr5D	16000000	18000000	2000000	22583	0.011291
Asat_OT3098_v2_chr5D	18000000	20000000	2000000	0	0.000000
Asat_OT3098_v2_chr5D	20000000	22000000	2000000	4703	0.002351
Asat_OT3098_v2_chr5D	22000000	24000000	2000000	19143	0.009572
Asat_OT3098_v2_chr5D	24000000	26000000	2000000	17246	0.008623
Asat_OT3098_v2_chr5D	26000000	28000000	2000000	10169	0.005084
Asat_OT3098_v2_chr5D	28000000	30000000	2000000	2829	0.001414
Asat_OT3098_v2_chr5D	30000000	32000000	2000000	0	0.000000
Asat_OT3098_v2_chr5D	32000000	34000000	2000000	0	0.000000
Asat_OT3098_v2_chr5D	34000000	36000000	2000000	5758	0.002879
Asat_OT3098_v2_chr5D	36000000	38000000	2000000	8392	0.004196
Asat_OT3098_v2_chr5D	38000000	40000000	2000000	16033	0.008016
Asat_OT3098_v2_chr5D	40000000	42000000	2000000	2704	0.001352
Asat_OT3098_v2_chr5D	42000000	44000000	2000000	19968	0.009984
Asat_OT3098_v2_chr5D	44000000	46000000	2000000	13554	0.006777
Asat_OT3098_v2_chr5D	46000000	48000000	2000000	6709	0.003354
Asat_OT3098_v2_chr5D	48000000	50000000	2000000	0	0.000000
Asat_OT3098_v2_chr5D	50000000	52000000	2000000	33450	0.016725
Asat_OT3098_v2_chr5D	52000000	54000000	2000000	23385	0.011692
Asat_OT3098_v2_chr5D	54000000	56000000	2000000	8939	0.004470
Asat_OT3098_v2_chr5D	56000000	58000000	2000000	12529	0.006265
Asat_OT3098_v2_chr5D	58000000	60000000	2000000	18252	0.009126
Asat_OT3098_v2_chr5D	60000000	62000000	2000000	28397	0.014198
Asat_OT3098_v2_chr5D	62000000	64000000	2000000	8402	0.004201
Asat_OT3098_v2_chr5D	64000000	66000000	2000000	33738	0.016869
Asat_OT3098_v2_chr5D	66000000	68000000	2000000	2671	0.001336
Asat_OT3098_v2_chr5D	68000000	70000000	2000000	8045	0.004023
Asat_OT3098_v2_chr5D	70000000	72000000	2000000	3926	0.001963
Asat_OT3098_v2_chr5D	72000000	74000000	2000000	19971	0.009985
Asat_OT3098_v2_chr5D	74000000	76000000	2000000	9686	0.004843
Asat_OT3098_v2_chr5D	76000000	78000000	2000000	0	0.000000
Asat_OT3098_v2_chr5D	78000000	80000000	2000000	22439	0.011220
Asat_OT3098_v2_chr5D	80000000	82000000	2000000	0	0.000000
Asat_OT3098_v2_chr5D	82000000	84000000	2000000	73880	0.036940
Asat_OT3098_v2_chr5D	84000000	86000000	2000000	20503	0.010252
Asat_OT3098_v2_chr5D	86000000	88000000	2000000	12629	0.006314
Asat_OT3098_v2_chr5D	88000000	90000000	2000000	46395	0.023197
Asat_OT3098_v2_chr5D	90000000	92000000	2000000	2700	0.001350
Asat_OT3098_v2_chr5D	92000000	94000000	2000000	10408	0.005204
Asat_OT3098_v2_chr5D	94000000	96000000	2000000	13301	0.006651
Asat_OT3098_v2_chr5D	96000000	98000000	2000000	16538	0.008269
Asat_OT3098_v2_chr5D	98000000	100000000	2000000	28919	0.014460
Asat_OT3098_v2_chr5D	100000000	102000000	2000000	34311	0.017156
Asat_OT3098_v2_chr5D	102000000	104000000	2000000	32944	0.016472
Asat_OT3098_v2_chr5D	104000000	106000000	2000000	0	0.000000
Asat_OT3098_v2_chr5D	106000000	108000000	2000000	30704	0.015352
Asat_OT3098_v2_chr5D	108000000	110000000	2000000	7179	0.003589
Asat_OT3098_v2_chr5D	110000000	112000000	2000000	73380	0.036690
Asat_OT3098_v2_chr5D	112000000	114000000	2000000	17097	0.008549
Asat_OT3098_v2_chr5D	114000000	116000000	2000000	16264	0.008132
Asat_OT3098_v2_chr5D	116000000	118000000	2000000	60183	0.030092
Asat_OT3098_v2_chr5D	118000000	120000000	2000000	50583	0.025292
Asat_OT3098_v2_chr5D	120000000	122000000	2000000	55021	0.027511
Asat_OT3098_v2_chr5D	122000000	124000000	2000000	53312	0.026656
Asat_OT3098_v2_chr5D	124000000	126000000	2000000	41406	0.020703
Asat_OT3098_v2_chr5D	126000000	128000000	2000000	63351	0.031676
Asat_OT3098_v2_chr5D	128000000	130000000	2000000	48513	0.024257
Asat_OT3098_v2_chr5D	130000000	132000000	2000000	36177	0.018089
Asat_OT3098_v2_chr5D	132000000	134000000	2000000	52738	0.026369
Asat_OT3098_v2_chr5D	134000000	136000000	2000000	97797	0.048898
Asat_OT3098_v2_chr5D	136000000	138000000	2000000	69978	0.034989
Asat_OT3098_v2_chr5D	138000000	140000000	2000000	38181	0.019090
Asat_OT3098_v2_chr5D	140000000	142000000	2000000	51118	0.025559
Asat_OT3098_v2_chr5D	142000000	144000000	2000000	30961	0.015480
Asat_OT3098_v2_chr5D	144000000	146000000	2000000	28049	0.014025
Asat_OT3098_v2_chr5D	146000000	148000000	2000000	57746	0.028873
Asat_OT3098_v2_chr5D	148000000	150000000	2000000	74745	0.037373
Asat_OT3098_v2_chr5D	150000000	152000000	2000000	1532	0.000766
Asat_OT3098_v2_chr5D	152000000	154000000	2000000	46721	0.023360
Asat_OT3098_v2_chr5D	154000000	156000000	2000000	15230	0.007615
Asat_OT3098_v2_chr5D	156000000	158000000	2000000	8474	0.004237
Asat_OT3098_v2_chr5D	158000000	160000000	2000000	17346	0.008673
Asat_OT3098_v2_chr5D	160000000	162000000	2000000	14048	0.007024
Asat_OT3098_v2_chr5D	162000000	164000000	2000000	42817	0.021409
Asat_OT3098_v2_chr5D	164000000	166000000	2000000	53415	0.026707
Asat_OT3098_v2_chr5D	166000000	168000000	2000000	23592	0.011796
Asat_OT3098_v2_chr5D	168000000	170000000	2000000	16525	0.008263
Asat_OT3098_v2_chr5D	170000000	172000000	2000000	53482	0.026741
Asat_OT3098_v2_chr5D	172000000	174000000	2000000	7543	0.003772
Asat_OT3098_v2_chr5D	174000000	176000000	2000000	42378	0.021189
Asat_OT3098_v2_chr5D	176000000	178000000	2000000	30509	0.015255
Asat_OT3098_v2_chr5D	178000000	180000000	2000000	8539	0.004269
Asat_OT3098_v2_chr5D	180000000	182000000	2000000	7408	0.003704
Asat_OT3098_v2_chr5D	182000000	184000000	2000000	43222	0.021611
Asat_OT3098_v2_chr5D	184000000	186000000	2000000	38189	0.019095
Asat_OT3098_v2_chr5D	186000000	188000000	2000000	61016	0.030508
Asat_OT3098_v2_chr5D	188000000	190000000	2000000	0	0.000000
Asat_OT3098_v2_chr5D	190000000	192000000	2000000	9880	0.004940
Asat_OT3098_v2_chr5D	192000000	194000000	2000000	13041	0.006521
Asat_OT3098_v2_chr5D	194000000	196000000	2000000	36585	0.018292
Asat_OT3098_v2_chr5D	196000000	198000000	2000000	56766	0.028383
Asat_OT3098_v2_chr5D	198000000	200000000	2000000	64543	0.032272
Asat_OT3098_v2_chr5D	200000000	202000000	2000000	55711	0.027855
Asat_OT3098_v2_chr5D	202000000	204000000	2000000	13080	0.006540
Asat_OT3098_v2_chr5D	204000000	206000000	2000000	19328	0.009664
Asat_OT3098_v2_chr5D	206000000	208000000	2000000	12854	0.006427
Asat_OT3098_v2_chr5D	208000000	210000000	2000000	56757	0.028379
Asat_OT3098_v2_chr5D	210000000	212000000	2000000	34525	0.017263
Asat_OT3098_v2_chr5D	212000000	214000000	2000000	20402	0.010201
Asat_OT3098_v2_chr5D	214000000	216000000	2000000	16639	0.008320
Asat_OT3098_v2_chr5D	216000000	218000000	2000000	33673	0.016837
Asat_OT3098_v2_chr5D	218000000	220000000	2000000	40022	0.020011
Asat_OT3098_v2_chr5D	220000000	222000000	2000000	4603	0.002302
Asat_OT3098_v2_chr5D	222000000	224000000	2000000	11871	0.005935
Asat_OT3098_v2_chr5D	224000000	226000000	2000000	6340	0.003170
Asat_OT3098_v2_chr5D	226000000	228000000	2000000	24533	0.012266
Asat_OT3098_v2_chr5D	228000000	230000000	2000000	28096	0.014048
Asat_OT3098_v2_chr5D	230000000	232000000	2000000	31749	0.015874
Asat_OT3098_v2_chr5D	232000000	234000000	2000000	38584	0.019292
Asat_OT3098_v2_chr5D	234000000	236000000	2000000	42432	0.021216
Asat_OT3098_v2_chr5D	236000000	238000000	2000000	68239	0.034119
Asat_OT3098_v2_chr5D	238000000	240000000	2000000	28925	0.014462
Asat_OT3098_v2_chr5D	240000000	242000000	2000000	10389	0.005195
Asat_OT3098_v2_chr5D	242000000	244000000	2000000	51425	0.025712
Asat_OT3098_v2_chr5D	244000000	246000000	2000000	45414	0.022707
Asat_OT3098_v2_chr5D	246000000	248000000	2000000	4738	0.002369
Asat_OT3098_v2_chr5D	248000000	250000000	2000000	37132	0.018566
Asat_OT3098_v2_chr5D	250000000	252000000	2000000	57907	0.028954
Asat_OT3098_v2_chr5D	252000000	254000000	2000000	22591	0.011295
Asat_OT3098_v2_chr5D	254000000	256000000	2000000	30370	0.015185
Asat_OT3098_v2_chr5D	256000000	258000000	2000000	4725	0.002363
Asat_OT3098_v2_chr5D	258000000	260000000	2000000	14038	0.007019
Asat_OT3098_v2_chr5D	260000000	262000000	2000000	17797	0.008899
Asat_OT3098_v2_chr5D	262000000	264000000	2000000	21584	0.010792
Asat_OT3098_v2_chr5D	264000000	266000000	2000000	32653	0.016327
Asat_OT3098_v2_chr5D	266000000	268000000	2000000	62560	0.031280
Asat_OT3098_v2_chr5D	268000000	270000000	2000000	43215	0.021608
Asat_OT3098_v2_chr5D	270000000	272000000	2000000	30254	0.015127
Asat_OT3098_v2_chr5D	272000000	274000000	2000000	94787	0.047393
Asat_OT3098_v2_chr5D	274000000	276000000	2000000	47990	0.023995
Asat_OT3098_v2_chr5D	276000000	278000000	2000000	43138	0.021569
Asat_OT3098_v2_chr5D	278000000	280000000	2000000	58984	0.029492
Asat_OT3098_v2_chr5D	280000000	282000000	2000000	11199	0.005600
Asat_OT3098_v2_chr5D	282000000	284000000	2000000	37243	0.018621
Asat_OT3098_v2_chr5D	284000000	286000000	2000000	52754	0.026377
Asat_OT3098_v2_chr5D	286000000	288000000	2000000	13991	0.006995
Asat_OT3098_v2_chr5D	288000000	290000000	2000000	8521	0.004261
Asat_OT3098_v2_chr5D	290000000	292000000	2000000	35038	0.017519
Asat_OT3098_v2_chr5D	292000000	294000000	2000000	18354	0.009177
Asat_OT3098_v2_chr5D	294000000	296000000	2000000	36434	0.018217
Asat_OT3098_v2_chr5D	296000000	298000000	2000000	20388	0.010194
Asat_OT3098_v2_chr5D	298000000	300000000	2000000	0	0.000000
Asat_OT3098_v2_chr5D	300000000	302000000	2000000	0	0.000000
Asat_OT3098_v2_chr5D	302000000	304000000	2000000	15551	0.007776
Asat_OT3098_v2_chr5D	304000000	306000000	2000000	15869	0.007935
Asat_OT3098_v2_chr5D	306000000	308000000	2000000	12903	0.006451
Asat_OT3098_v2_chr5D	308000000	310000000	2000000	21531	0.010766
Asat_OT3098_v2_chr5D	310000000	312000000	2000000	30884	0.015442
Asat_OT3098_v2_chr5D	312000000	314000000	2000000	30617	0.015308
Asat_OT3098_v2_chr5D	314000000	316000000	2000000	6535	0.003268
Asat_OT3098_v2_chr5D	316000000	318000000	2000000	53197	0.026599
Asat_OT3098_v2_chr5D	318000000	320000000	2000000	7511	0.003756
Asat_OT3098_v2_chr5D	320000000	322000000	2000000	25464	0.012732
Asat_OT3098_v2_chr5D	322000000	324000000	2000000	15927	0.007964
Asat_OT3098_v2_chr5D	324000000	326000000	2000000	0	0.000000
Asat_OT3098_v2_chr5D	326000000	328000000	2000000	17619	0.008809
Asat_OT3098_v2_chr5D	328000000	330000000	2000000	0	0.000000
Asat_OT3098_v2_chr5D	330000000	332000000	2000000	18626	0.009313
Asat_OT3098_v2_chr5D	332000000	334000000	2000000	0	0.000000
Asat_OT3098_v2_chr5D	334000000	336000000	2000000	7261	0.003631
Asat_OT3098_v2_chr5D	336000000	338000000	2000000	13184	0.006592
Asat_OT3098_v2_chr5D	338000000	340000000	2000000	28312	0.014156
Asat_OT3098_v2_chr5D	340000000	342000000	2000000	27239	0.013619
Asat_OT3098_v2_chr5D	342000000	344000000	2000000	0	0.000000
Asat_OT3098_v2_chr5D	344000000	346000000	2000000	0	0.000000
Asat_OT3098_v2_chr5D	346000000	348000000	2000000	0	0.000000
Asat_OT3098_v2_chr5D	348000000	350000000	2000000	9907	0.004953
Asat_OT3098_v2_chr5D	350000000	352000000	2000000	13087	0.006543
Asat_OT3098_v2_chr5D	352000000	354000000	2000000	14902	0.007451
Asat_OT3098_v2_chr5D	354000000	356000000	2000000	23080	0.011540
Asat_OT3098_v2_chr5D	356000000	358000000	2000000	22561	0.011281
Asat_OT3098_v2_chr5D	358000000	360000000	2000000	0	0.000000
Asat_OT3098_v2_chr5D	360000000	362000000	2000000	0	0.000000
Asat_OT3098_v2_chr5D	362000000	364000000	2000000	4759	0.002380
Asat_OT3098_v2_chr5D	364000000	366000000	2000000	0	0.000000
Asat_OT3098_v2_chr5D	366000000	368000000	2000000	1543	0.000772
Asat_OT3098_v2_chr5D	368000000	370000000	2000000	19006	0.009503
Asat_OT3098_v2_chr5D	370000000	372000000	2000000	0	0.000000
Asat_OT3098_v2_chr5D	372000000	374000000	2000000	4745	0.002373
Asat_OT3098_v2_chr5D	374000000	376000000	2000000	0	0.000000
Asat_OT3098_v2_chr5D	376000000	378000000	2000000	0	0.000000
Asat_OT3098_v2_chr5D	378000000	380000000	2000000	7224	0.003612
Asat_OT3098_v2_chr5D	380000000	382000000	2000000	4752	0.002376
Asat_OT3098_v2_chr5D	382000000	384000000	2000000	0	0.000000
Asat_OT3098_v2_chr5D	384000000	386000000	2000000	10618	0.005309
Asat_OT3098_v2_chr5D	386000000	388000000	2000000	14332	0.007166
Asat_OT3098_v2_chr5D	388000000	390000000	2000000	0	0.000000
Asat_OT3098_v2_chr5D	390000000	392000000	2000000	6212	0.003106
Asat_OT3098_v2_chr5D	392000000	394000000	2000000	0	0.000000
Asat_OT3098_v2_chr5D	394000000	396000000	2000000	0	0.000000
Asat_OT3098_v2_chr5D	396000000	398000000	2000000	2728	0.001364
Asat_OT3098_v2_chr5D	398000000	400000000	2000000	7001	0.003501
Asat_OT3098_v2_chr5D	400000000	402000000	2000000	10091	0.005045
Asat_OT3098_v2_chr5D	402000000	404000000	2000000	0	0.000000
Asat_OT3098_v2_chr5D	404000000	406000000	2000000	19493	0.009746
Asat_OT3098_v2_chr5D	406000000	408000000	2000000	0	0.000000
Asat_OT3098_v2_chr5D	408000000	410000000	2000000	0	0.000000
Asat_OT3098_v2_chr5D	410000000	412000000	2000000	4715	0.002357
Asat_OT3098_v2_chr5D	412000000	414000000	2000000	7304	0.003652
Asat_OT3098_v2_chr5D	414000000	416000000	2000000	0	0.000000
Asat_OT3098_v2_chr5D	416000000	418000000	2000000	38507	0.019253
Asat_OT3098_v2_chr5D	418000000	420000000	2000000	4739	0.002370
Asat_OT3098_v2_chr5D	420000000	422000000	2000000	4729	0.002364
Asat_OT3098_v2_chr5D	422000000	424000000	2000000	0	0.000000
Asat_OT3098_v2_chr5D	424000000	426000000	2000000	8056	0.004028
Asat_OT3098_v2_chr5D	426000000	428000000	2000000	0	0.000000
Asat_OT3098_v2_chr5D	428000000	430000000	2000000	12461	0.006230
Asat_OT3098_v2_chr5D	430000000	432000000	2000000	66302	0.033151
Asat_OT3098_v2_chr5D	432000000	434000000	2000000	40737	0.020369
Asat_OT3098_v2_chr5D	434000000	436000000	2000000	0	0.000000
Asat_OT3098_v2_chr5D	436000000	438000000	2000000	4728	0.002364
Asat_OT3098_v2_chr5D	438000000	440000000	2000000	11047	0.005523
Asat_OT3098_v2_chr5D	440000000	442000000	2000000	45210	0.022605
Asat_OT3098_v2_chr5D	442000000	444000000	2000000	0	0.000000
Asat_OT3098_v2_chr5D	444000000	446000000	2000000	6090	0.003045
Asat_OT3098_v2_chr5D	446000000	448000000	2000000	15071	0.007535
Asat_OT3098_v2_chr5D	448000000	450000000	2000000	26841	0.013421
Asat_OT3098_v2_chr5D	450000000	452000000	2000000	3595	0.001798
Asat_OT3098_v2_chr5D	452000000	454000000	2000000	5401	0.002701
Asat_OT3098_v2_chr5D	454000000	456000000	2000000	11326	0.005663
Asat_OT3098_v2_chr5D	456000000	458000000	2000000	36325	0.018163
Asat_OT3098_v2_chr5D	458000000	460000000	2000000	27576	0.013788
Asat_OT3098_v2_chr5D	460000000	462000000	2000000	13137	0.006568
Asat_OT3098_v2_chr5D	462000000	464000000	2000000	7214	0.003607
Asat_OT3098_v2_chr5D	464000000	466000000	2000000	0	0.000000
Asat_OT3098_v2_chr5D	466000000	468000000	2000000	2706	0.001353
Asat_OT3098_v2_chr5D	468000000	470000000	2000000	0	0.000000
Asat_OT3098_v2_chr5D	470000000	472000000	2000000	13866	0.006933
Asat_OT3098_v2_chr5D	472000000	474000000	2000000	38239	0.019120
Asat_OT3098_v2_chr5D	474000000	476000000	2000000	18658	0.009329
Asat_OT3098_v2_chr5D	476000000	478000000	2000000	10880	0.005440
Asat_OT3098_v2_chr5D	478000000	480000000	2000000	31894	0.015947
Asat_OT3098_v2_chr5D	480000000	482000000	2000000	0	0.000000
Asat_OT3098_v2_chr5D	482000000	484000000	2000000	15115	0.007557
Asat_OT3098_v2_chr5D	484000000	486000000	2000000	4615	0.002308
Asat_OT3098_v2_chr5D	486000000	488000000	2000000	32662	0.016331
Asat_OT3098_v2_chr5D	488000000	490000000	2000000	35446	0.017723
Asat_OT3098_v2_chr5D	490000000	492000000	2000000	31765	0.015883
Asat_OT3098_v2_chr5D	492000000	494000000	2000000	0	0.000000
Asat_OT3098_v2_chr5D	494000000	496000000	2000000	19824	0.009912
Asat_OT3098_v2_chr5D	496000000	498000000	2000000	0	0.000000
Asat_OT3098_v2_chr5D	498000000	499214392	1214392	9923	0.008171
Asat_OT3098_v2_chr6A	0	2000000	2000000	0	0.000000
Asat_OT3098_v2_chr6A	2000000	4000000	2000000	14970	0.007485
Asat_OT3098_v2_chr6A	4000000	6000000	2000000	7017	0.003508
Asat_OT3098_v2_chr6A	6000000	8000000	2000000	7896	0.003948
Asat_OT3098_v2_chr6A	8000000	10000000	2000000	2306	0.001153
Asat_OT3098_v2_chr6A	10000000	12000000	2000000	0	0.000000
Asat_OT3098_v2_chr6A	12000000	14000000	2000000	0	0.000000
Asat_OT3098_v2_chr6A	14000000	16000000	2000000	4835	0.002417
Asat_OT3098_v2_chr6A	16000000	18000000	2000000	5791	0.002896
Asat_OT3098_v2_chr6A	18000000	20000000	2000000	7430	0.003715
Asat_OT3098_v2_chr6A	20000000	22000000	2000000	14001	0.007000
Asat_OT3098_v2_chr6A	22000000	24000000	2000000	18735	0.009368
Asat_OT3098_v2_chr6A	24000000	26000000	2000000	2702	0.001351
Asat_OT3098_v2_chr6A	26000000	28000000	2000000	9293	0.004646
Asat_OT3098_v2_chr6A	28000000	30000000	2000000	27941	0.013971
Asat_OT3098_v2_chr6A	30000000	32000000	2000000	34261	0.017130
Asat_OT3098_v2_chr6A	32000000	34000000	2000000	30591	0.015296
Asat_OT3098_v2_chr6A	34000000	36000000	2000000	21821	0.010911
Asat_OT3098_v2_chr6A	36000000	38000000	2000000	18786	0.009393
Asat_OT3098_v2_chr6A	38000000	40000000	2000000	0	0.000000
Asat_OT3098_v2_chr6A	40000000	42000000	2000000	46821	0.023411
Asat_OT3098_v2_chr6A	42000000	44000000	2000000	23723	0.011862
Asat_OT3098_v2_chr6A	44000000	46000000	2000000	6280	0.003140
Asat_OT3098_v2_chr6A	46000000	48000000	2000000	29983	0.014991
Asat_OT3098_v2_chr6A	48000000	50000000	2000000	18519	0.009260
Asat_OT3098_v2_chr6A	50000000	52000000	2000000	22785	0.011392
Asat_OT3098_v2_chr6A	52000000	54000000	2000000	12525	0.006262
Asat_OT3098_v2_chr6A	54000000	56000000	2000000	11028	0.005514
Asat_OT3098_v2_chr6A	56000000	58000000	2000000	14031	0.007016
Asat_OT3098_v2_chr6A	58000000	60000000	2000000	27921	0.013961
Asat_OT3098_v2_chr6A	60000000	62000000	2000000	25812	0.012906
Asat_OT3098_v2_chr6A	62000000	64000000	2000000	36381	0.018190
Asat_OT3098_v2_chr6A	64000000	66000000	2000000	7553	0.003776
Asat_OT3098_v2_chr6A	66000000	68000000	2000000	17753	0.008877
Asat_OT3098_v2_chr6A	68000000	70000000	2000000	16745	0.008372
Asat_OT3098_v2_chr6A	70000000	72000000	2000000	23634	0.011817
Asat_OT3098_v2_chr6A	72000000	74000000	2000000	23871	0.011935
Asat_OT3098_v2_chr6A	74000000	76000000	2000000	31887	0.015943
Asat_OT3098_v2_chr6A	76000000	78000000	2000000	30414	0.015207
Asat_OT3098_v2_chr6A	78000000	80000000	2000000	8393	0.004196
Asat_OT3098_v2_chr6A	80000000	82000000	2000000	27746	0.013873
Asat_OT3098_v2_chr6A	82000000	84000000	2000000	31621	0.015811
Asat_OT3098_v2_chr6A	84000000	86000000	2000000	10995	0.005497
Asat_OT3098_v2_chr6A	86000000	88000000	2000000	29920	0.014960
Asat_OT3098_v2_chr6A	88000000	90000000	2000000	26839	0.013419
Asat_OT3098_v2_chr6A	90000000	92000000	2000000	29114	0.014557
Asat_OT3098_v2_chr6A	92000000	94000000	2000000	16607	0.008304
Asat_OT3098_v2_chr6A	94000000	96000000	2000000	38507	0.019253
Asat_OT3098_v2_chr6A	96000000	98000000	2000000	12868	0.006434
Asat_OT3098_v2_chr6A	98000000	100000000	2000000	10820	0.005410
Asat_OT3098_v2_chr6A	100000000	102000000	2000000	46301	0.023151
Asat_OT3098_v2_chr6A	102000000	104000000	2000000	10906	0.005453
Asat_OT3098_v2_chr6A	104000000	106000000	2000000	0	0.000000
Asat_OT3098_v2_chr6A	106000000	108000000	2000000	51130	0.025565
Asat_OT3098_v2_chr6A	108000000	110000000	2000000	18755	0.009378
Asat_OT3098_v2_chr6A	110000000	112000000	2000000	21482	0.010741
Asat_OT3098_v2_chr6A	112000000	114000000	2000000	39121	0.019561
Asat_OT3098_v2_chr6A	114000000	116000000	2000000	18755	0.009378
Asat_OT3098_v2_chr6A	116000000	118000000	2000000	0	0.000000
Asat_OT3098_v2_chr6A	118000000	120000000	2000000	4741	0.002371
Asat_OT3098_v2_chr6A	120000000	122000000	2000000	15261	0.007631
Asat_OT3098_v2_chr6A	122000000	124000000	2000000	31502	0.015751
Asat_OT3098_v2_chr6A	124000000	126000000	2000000	22894	0.011447
Asat_OT3098_v2_chr6A	126000000	128000000	2000000	31875	0.015938
Asat_OT3098_v2_chr6A	128000000	130000000	2000000	44354	0.022177
Asat_OT3098_v2_chr6A	130000000	132000000	2000000	15411	0.007705
Asat_OT3098_v2_chr6A	132000000	134000000	2000000	21229	0.010615
Asat_OT3098_v2_chr6A	134000000	136000000	2000000	2665	0.001332
Asat_OT3098_v2_chr6A	136000000	138000000	2000000	14484	0.007242
Asat_OT3098_v2_chr6A	138000000	140000000	2000000	2310	0.001155
Asat_OT3098_v2_chr6A	140000000	142000000	2000000	15199	0.007600
Asat_OT3098_v2_chr6A	142000000	144000000	2000000	17707	0.008854
Asat_OT3098_v2_chr6A	144000000	146000000	2000000	59408	0.029704
Asat_OT3098_v2_chr6A	146000000	148000000	2000000	22186	0.011093
Asat_OT3098_v2_chr6A	148000000	150000000	2000000	10623	0.005312
Asat_OT3098_v2_chr6A	150000000	152000000	2000000	13641	0.006821
Asat_OT3098_v2_chr6A	152000000	154000000	2000000	36975	0.018488
Asat_OT3098_v2_chr6A	154000000	156000000	2000000	28528	0.014264
Asat_OT3098_v2_chr6A	156000000	158000000	2000000	21627	0.010814
Asat_OT3098_v2_chr6A	158000000	160000000	2000000	26636	0.013318
Asat_OT3098_v2_chr6A	160000000	162000000	2000000	19382	0.009691
Asat_OT3098_v2_chr6A	162000000	164000000	2000000	42481	0.021240
Asat_OT3098_v2_chr6A	164000000	166000000	2000000	12671	0.006335
Asat_OT3098_v2_chr6A	166000000	168000000	2000000	7602	0.003801
Asat_OT3098_v2_chr6A	168000000	170000000	2000000	17000	0.008500
Asat_OT3098_v2_chr6A	170000000	172000000	2000000	61314	0.030657
Asat_OT3098_v2_chr6A	172000000	174000000	2000000	4055	0.002027
Asat_OT3098_v2_chr6A	174000000	176000000	2000000	37262	0.018631
Asat_OT3098_v2_chr6A	176000000	178000000	2000000	14623	0.007312
Asat_OT3098_v2_chr6A	178000000	180000000	2000000	38556	0.019278
Asat_OT3098_v2_chr6A	180000000	182000000	2000000	23381	0.011690
Asat_OT3098_v2_chr6A	182000000	184000000	2000000	13567	0.006783
Asat_OT3098_v2_chr6A	184000000	186000000	2000000	40340	0.020170
Asat_OT3098_v2_chr6A	186000000	188000000	2000000	61877	0.030939
Asat_OT3098_v2_chr6A	188000000	190000000	2000000	28520	0.014260
Asat_OT3098_v2_chr6A	190000000	192000000	2000000	58937	0.029469
Asat_OT3098_v2_chr6A	192000000	194000000	2000000	47144	0.023572
Asat_OT3098_v2_chr6A	194000000	196000000	2000000	62889	0.031445
Asat_OT3098_v2_chr6A	196000000	198000000	2000000	27506	0.013753
Asat_OT3098_v2_chr6A	198000000	200000000	2000000	12590	0.006295
Asat_OT3098_v2_chr6A	200000000	202000000	2000000	11610	0.005805
Asat_OT3098_v2_chr6A	202000000	204000000	2000000	25295	0.012648
Asat_OT3098_v2_chr6A	204000000	206000000	2000000	3706	0.001853
Asat_OT3098_v2_chr6A	206000000	208000000	2000000	36798	0.018399
Asat_OT3098_v2_chr6A	208000000	210000000	2000000	26463	0.013232
Asat_OT3098_v2_chr6A	210000000	212000000	2000000	8173	0.004086
Asat_OT3098_v2_chr6A	212000000	214000000	2000000	27910	0.013955
Asat_OT3098_v2_chr6A	214000000	216000000	2000000	7076	0.003538
Asat_OT3098_v2_chr6A	216000000	218000000	2000000	2968	0.001484
Asat_OT3098_v2_chr6A	218000000	220000000	2000000	0	0.000000
Asat_OT3098_v2_chr6A	220000000	222000000	2000000	8562	0.004281
Asat_OT3098_v2_chr6A	222000000	224000000	2000000	40205	0.020102
Asat_OT3098_v2_chr6A	224000000	226000000	2000000	3765	0.001883
Asat_OT3098_v2_chr6A	226000000	228000000	2000000	4620	0.002310
Asat_OT3098_v2_chr6A	228000000	230000000	2000000	17962	0.008981
Asat_OT3098_v2_chr6A	230000000	232000000	2000000	38670	0.019335
Asat_OT3098_v2_chr6A	232000000	234000000	2000000	10931	0.005465
Asat_OT3098_v2_chr6A	234000000	236000000	2000000	26130	0.013065
Asat_OT3098_v2_chr6A	236000000	238000000	2000000	16257	0.008129
Asat_OT3098_v2_chr6A	238000000	240000000	2000000	2303	0.001151
Asat_OT3098_v2_chr6A	240000000	242000000	2000000	10056	0.005028
Asat_OT3098_v2_chr6A	242000000	244000000	2000000	15573	0.007787
Asat_OT3098_v2_chr6A	244000000	246000000	2000000	28476	0.014238
Asat_OT3098_v2_chr6A	246000000	248000000	2000000	17002	0.008501
Asat_OT3098_v2_chr6A	248000000	250000000	2000000	15695	0.007848
Asat_OT3098_v2_chr6A	250000000	252000000	2000000	47447	0.023724
Asat_OT3098_v2_chr6A	252000000	254000000	2000000	30841	0.015421
Asat_OT3098_v2_chr6A	254000000	256000000	2000000	23602	0.011801
Asat_OT3098_v2_chr6A	256000000	258000000	2000000	0	0.000000
Asat_OT3098_v2_chr6A	258000000	260000000	2000000	15640	0.007820
Asat_OT3098_v2_chr6A	260000000	262000000	2000000	4891	0.002446
Asat_OT3098_v2_chr6A	262000000	264000000	2000000	7197	0.003599
Asat_OT3098_v2_chr6A	264000000	266000000	2000000	0	0.000000
Asat_OT3098_v2_chr6A	266000000	268000000	2000000	11247	0.005624
Asat_OT3098_v2_chr6A	268000000	270000000	2000000	22239	0.011119
Asat_OT3098_v2_chr6A	270000000	272000000	2000000	29802	0.014901
Asat_OT3098_v2_chr6A	272000000	274000000	2000000	9378	0.004689
Asat_OT3098_v2_chr6A	274000000	276000000	2000000	10305	0.005152
Asat_OT3098_v2_chr6A	276000000	278000000	2000000	7277	0.003638
Asat_OT3098_v2_chr6A	278000000	280000000	2000000	22382	0.011191
Asat_OT3098_v2_chr6A	280000000	282000000	2000000	0	0.000000
Asat_OT3098_v2_chr6A	282000000	284000000	2000000	11217	0.005608
Asat_OT3098_v2_chr6A	284000000	286000000	2000000	12888	0.006444
Asat_OT3098_v2_chr6A	286000000	288000000	2000000	22274	0.011137
Asat_OT3098_v2_chr6A	288000000	290000000	2000000	12432	0.006216
Asat_OT3098_v2_chr6A	290000000	292000000	2000000	5433	0.002717
Asat_OT3098_v2_chr6A	292000000	294000000	2000000	3618	0.001809
Asat_OT3098_v2_chr6A	294000000	296000000	2000000	10449	0.005224
Asat_OT3098_v2_chr6A	296000000	298000000	2000000	7466	0.003733
Asat_OT3098_v2_chr6A	298000000	300000000	2000000	13093	0.006547
Asat_OT3098_v2_chr6A	300000000	302000000	2000000	18204	0.009102
Asat_OT3098_v2_chr6A	302000000	304000000	2000000	17030	0.008515
Asat_OT3098_v2_chr6A	304000000	306000000	2000000	0	0.000000
Asat_OT3098_v2_chr6A	306000000	308000000	2000000	12319	0.006160
Asat_OT3098_v2_chr6A	308000000	310000000	2000000	7390	0.003695
Asat_OT3098_v2_chr6A	310000000	312000000	2000000	7090	0.003545
Asat_OT3098_v2_chr6A	312000000	314000000	2000000	18317	0.009158
Asat_OT3098_v2_chr6A	314000000	316000000	2000000	0	0.000000
Asat_OT3098_v2_chr6A	316000000	318000000	2000000	4906	0.002453
Asat_OT3098_v2_chr6A	318000000	320000000	2000000	36603	0.018301
Asat_OT3098_v2_chr6A	320000000	322000000	2000000	11552	0.005776
Asat_OT3098_v2_chr6A	322000000	324000000	2000000	0	0.000000
Asat_OT3098_v2_chr6A	324000000	326000000	2000000	4011	0.002005
Asat_OT3098_v2_chr6A	326000000	328000000	2000000	29217	0.014608
Asat_OT3098_v2_chr6A	328000000	330000000	2000000	6969	0.003485
Asat_OT3098_v2_chr6A	330000000	332000000	2000000	21767	0.010884
Asat_OT3098_v2_chr6A	332000000	334000000	2000000	35588	0.017794
Asat_OT3098_v2_chr6A	334000000	336000000	2000000	13883	0.006941
Asat_OT3098_v2_chr6A	336000000	338000000	2000000	30986	0.015493
Asat_OT3098_v2_chr6A	338000000	340000000	2000000	9589	0.004795
Asat_OT3098_v2_chr6A	340000000	342000000	2000000	10603	0.005301
Asat_OT3098_v2_chr6A	342000000	344000000	2000000	4631	0.002315
Asat_OT3098_v2_chr6A	344000000	346000000	2000000	22637	0.011319
Asat_OT3098_v2_chr6A	346000000	348000000	2000000	14626	0.007313
Asat_OT3098_v2_chr6A	348000000	350000000	2000000	4743	0.002371
Asat_OT3098_v2_chr6A	350000000	352000000	2000000	20144	0.010072
Asat_OT3098_v2_chr6A	352000000	354000000	2000000	2117	0.001058
Asat_OT3098_v2_chr6A	354000000	356000000	2000000	0	0.000000
Asat_OT3098_v2_chr6A	356000000	358000000	2000000	22882	0.011441
Asat_OT3098_v2_chr6A	358000000	360000000	2000000	15418	0.007709
Asat_OT3098_v2_chr6A	360000000	362000000	2000000	0	0.000000
Asat_OT3098_v2_chr6A	362000000	364000000	2000000	0	0.000000
Asat_OT3098_v2_chr6A	364000000	366000000	2000000	5023	0.002511
Asat_OT3098_v2_chr6A	366000000	368000000	2000000	9919	0.004960
Asat_OT3098_v2_chr6A	368000000	370000000	2000000	36120	0.018060
Asat_OT3098_v2_chr6A	370000000	372000000	2000000	11032	0.005516
Asat_OT3098_v2_chr6A	372000000	374000000	2000000	0	0.000000
Asat_OT3098_v2_chr6A	374000000	376000000	2000000	19517	0.009758
Asat_OT3098_v2_chr6A	376000000	378000000	2000000	2703	0.001352
Asat_OT3098_v2_chr6A	378000000	380000000	2000000	0	0.000000
Asat_OT3098_v2_chr6A	380000000	382000000	2000000	0	0.000000
Asat_OT3098_v2_chr6A	382000000	384000000	2000000	0	0.000000
Asat_OT3098_v2_chr6A	384000000	386000000	2000000	2439	0.001220
Asat_OT3098_v2_chr6A	386000000	388000000	2000000	0	0.000000
Asat_OT3098_v2_chr6A	388000000	390000000	2000000	1454	0.000727
Asat_OT3098_v2_chr6A	390000000	392000000	2000000	19708	0.009854
Asat_OT3098_v2_chr6A	392000000	394000000	2000000	2437	0.001218
Asat_OT3098_v2_chr6A	394000000	396000000	2000000	2307	0.001154
Asat_OT3098_v2_chr6A	396000000	398000000	2000000	10330	0.005165
Asat_OT3098_v2_chr6A	398000000	400000000	2000000	18003	0.009002
Asat_OT3098_v2_chr6A	400000000	402000000	2000000	18822	0.009411
Asat_OT3098_v2_chr6A	402000000	404000000	2000000	0	0.000000
Asat_OT3098_v2_chr6A	404000000	406000000	2000000	2206	0.001103
Asat_OT3098_v2_chr6A	406000000	408000000	2000000	32338	0.016169
Asat_OT3098_v2_chr6A	408000000	410000000	2000000	26821	0.013411
Asat_OT3098_v2_chr6A	410000000	412000000	2000000	6994	0.003497
Asat_OT3098_v2_chr6A	412000000	414000000	2000000	14024	0.007012
Asat_OT3098_v2_chr6A	414000000	416000000	2000000	19649	0.009824
Asat_OT3098_v2_chr6A	416000000	418000000	2000000	0	0.000000
Asat_OT3098_v2_chr6A	418000000	420000000	2000000	2307	0.001154
Asat_OT3098_v2_chr6A	420000000	422000000	2000000	0	0.000000
Asat_OT3098_v2_chr6A	422000000	424000000	2000000	3383	0.001692
Asat_OT3098_v2_chr6A	424000000	426000000	2000000	4666	0.002333
Asat_OT3098_v2_chr6A	426000000	428000000	2000000	19093	0.009546
Asat_OT3098_v2_chr6A	428000000	430000000	2000000	11061	0.005530
Asat_OT3098_v2_chr6A	430000000	432000000	2000000	0	0.000000
Asat_OT3098_v2_chr6A	432000000	434000000	2000000	17326	0.008663
Asat_OT3098_v2_chr6A	434000000	436000000	2000000	5605	0.002802
Asat_OT3098_v2_chr6A	436000000	438000000	2000000	12931	0.006465
Asat_OT3098_v2_chr6A	438000000	440000000	2000000	31561	0.015780
Asat_OT3098_v2_chr6A	440000000	442000000	2000000	17169	0.008585
Asat_OT3098_v2_chr6A	442000000	444000000	2000000	24270	0.012135
Asat_OT3098_v2_chr6A	444000000	446000000	2000000	0	0.000000
Asat_OT3098_v2_chr6A	446000000	448000000	2000000	9488	0.004744
Asat_OT3098_v2_chr6A	448000000	448461343	461343	0	0.000000
Asat_OT3098_v2_chr6C	0	2000000	2000000	14546	0.007273
Asat_OT3098_v2_chr6C	2000000	4000000	2000000	65747	0.032873
Asat_OT3098_v2_chr6C	4000000	6000000	2000000	12090	0.006045
Asat_OT3098_v2_chr6C	6000000	8000000	2000000	12716	0.006358
Asat_OT3098_v2_chr6C	8000000	10000000	2000000	18640	0.009320
Asat_OT3098_v2_chr6C	10000000	12000000	2000000	8775	0.004387
Asat_OT3098_v2_chr6C	12000000	14000000	2000000	26366	0.013183
Asat_OT3098_v2_chr6C	14000000	16000000	2000000	11214	0.005607
Asat_OT3098_v2_chr6C	16000000	18000000	2000000	20570	0.010285
Asat_OT3098_v2_chr6C	18000000	20000000	2000000	14179	0.007090
Asat_OT3098_v2_chr6C	20000000	22000000	2000000	15920	0.007960
Asat_OT3098_v2_chr6C	22000000	24000000	2000000	20005	0.010002
Asat_OT3098_v2_chr6C	24000000	26000000	2000000	0	0.000000
Asat_OT3098_v2_chr6C	26000000	28000000	2000000	0	0.000000
Asat_OT3098_v2_chr6C	28000000	30000000	2000000	14812	0.007406
Asat_OT3098_v2_chr6C	30000000	32000000	2000000	20091	0.010046
Asat_OT3098_v2_chr6C	32000000	34000000	2000000	19684	0.009842
Asat_OT3098_v2_chr6C	34000000	36000000	2000000	11722	0.005861
Asat_OT3098_v2_chr6C	36000000	38000000	2000000	0	0.000000
Asat_OT3098_v2_chr6C	38000000	40000000	2000000	7781	0.003890
Asat_OT3098_v2_chr6C	40000000	42000000	2000000	22879	0.011440
Asat_OT3098_v2_chr6C	42000000	44000000	2000000	26322	0.013161
Asat_OT3098_v2_chr6C	44000000	46000000	2000000	0	0.000000
Asat_OT3098_v2_chr6C	46000000	48000000	2000000	16598	0.008299
Asat_OT3098_v2_chr6C	48000000	50000000	2000000	6182	0.003091
Asat_OT3098_v2_chr6C	50000000	52000000	2000000	12964	0.006482
Asat_OT3098_v2_chr6C	52000000	54000000	2000000	13392	0.006696
Asat_OT3098_v2_chr6C	54000000	56000000	2000000	0	0.000000
Asat_OT3098_v2_chr6C	56000000	58000000	2000000	5630	0.002815
Asat_OT3098_v2_chr6C	58000000	60000000	2000000	18316	0.009158
Asat_OT3098_v2_chr6C	60000000	62000000	2000000	25389	0.012694
Asat_OT3098_v2_chr6C	62000000	64000000	2000000	12270	0.006135
Asat_OT3098_v2_chr6C	64000000	66000000	2000000	21891	0.010946
Asat_OT3098_v2_chr6C	66000000	68000000	2000000	32462	0.016231
Asat_OT3098_v2_chr6C	68000000	70000000	2000000	13591	0.006796
Asat_OT3098_v2_chr6C	70000000	72000000	2000000	0	0.000000
Asat_OT3098_v2_chr6C	72000000	74000000	2000000	6846	0.003423
Asat_OT3098_v2_chr6C	74000000	76000000	2000000	30118	0.015059
Asat_OT3098_v2_chr6C	76000000	78000000	2000000	8918	0.004459
Asat_OT3098_v2_chr6C	78000000	80000000	2000000	6863	0.003432
Asat_OT3098_v2_chr6C	80000000	82000000	2000000	21256	0.010628
Asat_OT3098_v2_chr6C	82000000	84000000	2000000	0	0.000000
Asat_OT3098_v2_chr6C	84000000	86000000	2000000	16503	0.008252
Asat_OT3098_v2_chr6C	86000000	88000000	2000000	7079	0.003540
Asat_OT3098_v2_chr6C	88000000	90000000	2000000	60941	0.030471
Asat_OT3098_v2_chr6C	90000000	92000000	2000000	22186	0.011093
Asat_OT3098_v2_chr6C	92000000	94000000	2000000	49940	0.024970
Asat_OT3098_v2_chr6C	94000000	96000000	2000000	0	0.000000
Asat_OT3098_v2_chr6C	96000000	98000000	2000000	8463	0.004232
Asat_OT3098_v2_chr6C	98000000	100000000	2000000	4817	0.002409
Asat_OT3098_v2_chr6C	100000000	102000000	2000000	91618	0.045809
Asat_OT3098_v2_chr6C	102000000	104000000	2000000	6231	0.003116
Asat_OT3098_v2_chr6C	104000000	106000000	2000000	15048	0.007524
Asat_OT3098_v2_chr6C	106000000	108000000	2000000	16069	0.008034
Asat_OT3098_v2_chr6C	108000000	110000000	2000000	20254	0.010127
Asat_OT3098_v2_chr6C	110000000	112000000	2000000	19009	0.009505
Asat_OT3098_v2_chr6C	112000000	114000000	2000000	23648	0.011824
Asat_OT3098_v2_chr6C	114000000	116000000	2000000	3408	0.001704
Asat_OT3098_v2_chr6C	116000000	118000000	2000000	20103	0.010051
Asat_OT3098_v2_chr6C	118000000	120000000	2000000	3764	0.001882
Asat_OT3098_v2_chr6C	120000000	122000000	2000000	0	0.000000
Asat_OT3098_v2_chr6C	122000000	124000000	2000000	2383	0.001192
Asat_OT3098_v2_chr6C	124000000	126000000	2000000	15090	0.007545
Asat_OT3098_v2_chr6C	126000000	128000000	2000000	1832	0.000916
Asat_OT3098_v2_chr6C	128000000	130000000	2000000	16846	0.008423
Asat_OT3098_v2_chr6C	130000000	132000000	2000000	25277	0.012639
Asat_OT3098_v2_chr6C	132000000	134000000	2000000	31609	0.015804
Asat_OT3098_v2_chr6C	134000000	136000000	2000000	47648	0.023824
Asat_OT3098_v2_chr6C	136000000	138000000	2000000	18350	0.009175
Asat_OT3098_v2_chr6C	138000000	140000000	2000000	5044	0.002522
Asat_OT3098_v2_chr6C	140000000	142000000	2000000	0	0.000000
Asat_OT3098_v2_chr6C	142000000	144000000	2000000	22760	0.011380
Asat_OT3098_v2_chr6C	144000000	146000000	2000000	0	0.000000
Asat_OT3098_v2_chr6C	146000000	148000000	2000000	25615	0.012807
Asat_OT3098_v2_chr6C	148000000	150000000	2000000	39721	0.019860
Asat_OT3098_v2_chr6C	150000000	152000000	2000000	31389	0.015695
Asat_OT3098_v2_chr6C	152000000	154000000	2000000	27941	0.013971
Asat_OT3098_v2_chr6C	154000000	156000000	2000000	4744	0.002372
Asat_OT3098_v2_chr6C	156000000	158000000	2000000	13039	0.006520
Asat_OT3098_v2_chr6C	158000000	160000000	2000000	31904	0.015952
Asat_OT3098_v2_chr6C	160000000	162000000	2000000	0	0.000000
Asat_OT3098_v2_chr6C	162000000	164000000	2000000	20257	0.010129
Asat_OT3098_v2_chr6C	164000000	166000000	2000000	40484	0.020242
Asat_OT3098_v2_chr6C	166000000	168000000	2000000	19876	0.009938
Asat_OT3098_v2_chr6C	168000000	170000000	2000000	22034	0.011017
Asat_OT3098_v2_chr6C	170000000	172000000	2000000	9526	0.004763
Asat_OT3098_v2_chr6C	172000000	174000000	2000000	2366	0.001183
Asat_OT3098_v2_chr6C	174000000	176000000	2000000	0	0.000000
Asat_OT3098_v2_chr6C	176000000	178000000	2000000	12830	0.006415
Asat_OT3098_v2_chr6C	178000000	180000000	2000000	11380	0.005690
Asat_OT3098_v2_chr6C	180000000	182000000	2000000	18581	0.009291
Asat_OT3098_v2_chr6C	182000000	184000000	2000000	11955	0.005978
Asat_OT3098_v2_chr6C	184000000	186000000	2000000	29597	0.014798
Asat_OT3098_v2_chr6C	186000000	188000000	2000000	22894	0.011447
Asat_OT3098_v2_chr6C	188000000	190000000	2000000	25521	0.012760
Asat_OT3098_v2_chr6C	190000000	192000000	2000000	20473	0.010237
Asat_OT3098_v2_chr6C	192000000	194000000	2000000	10815	0.005407
Asat_OT3098_v2_chr6C	194000000	196000000	2000000	0	0.000000
Asat_OT3098_v2_chr6C	196000000	198000000	2000000	1752	0.000876
Asat_OT3098_v2_chr6C	198000000	200000000	2000000	19723	0.009862
Asat_OT3098_v2_chr6C	200000000	202000000	2000000	63136	0.031568
Asat_OT3098_v2_chr6C	202000000	204000000	2000000	0	0.000000
Asat_OT3098_v2_chr6C	204000000	206000000	2000000	49918	0.024959
Asat_OT3098_v2_chr6C	206000000	208000000	2000000	42723	0.021361
Asat_OT3098_v2_chr6C	208000000	210000000	2000000	2622	0.001311
Asat_OT3098_v2_chr6C	210000000	212000000	2000000	6720	0.003360
Asat_OT3098_v2_chr6C	212000000	214000000	2000000	79831	0.039915
Asat_OT3098_v2_chr6C	214000000	216000000	2000000	32110	0.016055
Asat_OT3098_v2_chr6C	216000000	218000000	2000000	30217	0.015109
Asat_OT3098_v2_chr6C	218000000	220000000	2000000	12572	0.006286
Asat_OT3098_v2_chr6C	220000000	222000000	2000000	50398	0.025199
Asat_OT3098_v2_chr6C	222000000	224000000	2000000	25850	0.012925
Asat_OT3098_v2_chr6C	224000000	226000000	2000000	5798	0.002899
Asat_OT3098_v2_chr6C	226000000	228000000	2000000	21631	0.010816
Asat_OT3098_v2_chr6C	228000000	230000000	2000000	4295	0.002148
Asat_OT3098_v2_chr6C	230000000	232000000	2000000	25804	0.012902
Asat_OT3098_v2_chr6C	232000000	234000000	2000000	32898	0.016449
Asat_OT3098_v2_chr6C	234000000	236000000	2000000	63178	0.031589
Asat_OT3098_v2_chr6C	236000000	238000000	2000000	43002	0.021501
Asat_OT3098_v2_chr6C	238000000	240000000	2000000	30458	0.015229
Asat_OT3098_v2_chr6C	240000000	242000000	2000000	14084	0.007042
Asat_OT3098_v2_chr6C	242000000	244000000	2000000	41124	0.020562
Asat_OT3098_v2_chr6C	244000000	246000000	2000000	26997	0.013499
Asat_OT3098_v2_chr6C	246000000	248000000	2000000	27532	0.013766
Asat_OT3098_v2_chr6C	248000000	250000000	2000000	37430	0.018715
Asat_OT3098_v2_chr6C	250000000	252000000	2000000	32465	0.016233
Asat_OT3098_v2_chr6C	252000000	254000000	2000000	16025	0.008013
Asat_OT3098_v2_chr6C	254000000	256000000	2000000	44741	0.022371
Asat_OT3098_v2_chr6C	256000000	258000000	2000000	0	0.000000
Asat_OT3098_v2_chr6C	258000000	260000000	2000000	16452	0.008226
Asat_OT3098_v2_chr6C	260000000	262000000	2000000	21264	0.010632
Asat_OT3098_v2_chr6C	262000000	264000000	2000000	12776	0.006388
Asat_OT3098_v2_chr6C	264000000	266000000	2000000	38200	0.019100
Asat_OT3098_v2_chr6C	266000000	268000000	2000000	22132	0.011066
Asat_OT3098_v2_chr6C	268000000	270000000	2000000	42060	0.021030
Asat_OT3098_v2_chr6C	270000000	272000000	2000000	51877	0.025938
Asat_OT3098_v2_chr6C	272000000	274000000	2000000	22500	0.011250
Asat_OT3098_v2_chr6C	274000000	276000000	2000000	9518	0.004759
Asat_OT3098_v2_chr6C	276000000	278000000	2000000	12121	0.006060
Asat_OT3098_v2_chr6C	278000000	280000000	2000000	49620	0.024810
Asat_OT3098_v2_chr6C	280000000	282000000	2000000	32163	0.016081
Asat_OT3098_v2_chr6C	282000000	284000000	2000000	29834	0.014917
Asat_OT3098_v2_chr6C	284000000	286000000	2000000	58585	0.029292
Asat_OT3098_v2_chr6C	286000000	288000000	2000000	63685	0.031843
Asat_OT3098_v2_chr6C	288000000	290000000	2000000	23087	0.011543
Asat_OT3098_v2_chr6C	290000000	292000000	2000000	29077	0.014538
Asat_OT3098_v2_chr6C	292000000	294000000	2000000	57292	0.028646
Asat_OT3098_v2_chr6C	294000000	296000000	2000000	33039	0.016519
Asat_OT3098_v2_chr6C	296000000	298000000	2000000	4310	0.002155
Asat_OT3098_v2_chr6C	298000000	300000000	2000000	45598	0.022799
Asat_OT3098_v2_chr6C	300000000	302000000	2000000	16581	0.008290
Asat_OT3098_v2_chr6C	302000000	304000000	2000000	43299	0.021649
Asat_OT3098_v2_chr6C	304000000	306000000	2000000	24049	0.012025
Asat_OT3098_v2_chr6C	306000000	308000000	2000000	63963	0.031982
Asat_OT3098_v2_chr6C	308000000	310000000	2000000	53768	0.026884
Asat_OT3098_v2_chr6C	310000000	312000000	2000000	51926	0.025963
Asat_OT3098_v2_chr6C	312000000	314000000	2000000	25966	0.012983
Asat_OT3098_v2_chr6C	314000000	316000000	2000000	65434	0.032717
Asat_OT3098_v2_chr6C	316000000	318000000	2000000	10907	0.005454
Asat_OT3098_v2_chr6C	318000000	320000000	2000000	2688	0.001344
Asat_OT3098_v2_chr6C	320000000	322000000	2000000	49373	0.024687
Asat_OT3098_v2_chr6C	322000000	324000000	2000000	31594	0.015797
Asat_OT3098_v2_chr6C	324000000	326000000	2000000	46691	0.023346
Asat_OT3098_v2_chr6C	326000000	328000000	2000000	88840	0.044420
Asat_OT3098_v2_chr6C	328000000	330000000	2000000	73275	0.036638
Asat_OT3098_v2_chr6C	330000000	332000000	2000000	9246	0.004623
Asat_OT3098_v2_chr6C	332000000	334000000	2000000	128505	0.064253
Asat_OT3098_v2_chr6C	334000000	336000000	2000000	57645	0.028823
Asat_OT3098_v2_chr6C	336000000	338000000	2000000	42294	0.021147
Asat_OT3098_v2_chr6C	338000000	340000000	2000000	25570	0.012785
Asat_OT3098_v2_chr6C	340000000	342000000	2000000	53559	0.026780
Asat_OT3098_v2_chr6C	342000000	344000000	2000000	71088	0.035544
Asat_OT3098_v2_chr6C	344000000	346000000	2000000	52225	0.026113
Asat_OT3098_v2_chr6C	346000000	348000000	2000000	47222	0.023611
Asat_OT3098_v2_chr6C	348000000	350000000	2000000	30966	0.015483
Asat_OT3098_v2_chr6C	350000000	352000000	2000000	33390	0.016695
Asat_OT3098_v2_chr6C	352000000	354000000	2000000	67502	0.033751
Asat_OT3098_v2_chr6C	354000000	356000000	2000000	40628	0.020314
Asat_OT3098_v2_chr6C	356000000	358000000	2000000	86698	0.043349
Asat_OT3098_v2_chr6C	358000000	360000000	2000000	62851	0.031426
Asat_OT3098_v2_chr6C	360000000	362000000	2000000	99860	0.049930
Asat_OT3098_v2_chr6C	362000000	364000000	2000000	61637	0.030818
Asat_OT3098_v2_chr6C	364000000	366000000	2000000	101730	0.050865
Asat_OT3098_v2_chr6C	366000000	368000000	2000000	54768	0.027384
Asat_OT3098_v2_chr6C	368000000	370000000	2000000	63517	0.031759
Asat_OT3098_v2_chr6C	370000000	372000000	2000000	29933	0.014967
Asat_OT3098_v2_chr6C	372000000	374000000	2000000	114943	0.057472
Asat_OT3098_v2_chr6C	374000000	376000000	2000000	77990	0.038995
Asat_OT3098_v2_chr6C	376000000	378000000	2000000	60824	0.030412
Asat_OT3098_v2_chr6C	378000000	380000000	2000000	28074	0.014037
Asat_OT3098_v2_chr6C	380000000	382000000	2000000	46809	0.023405
Asat_OT3098_v2_chr6C	382000000	384000000	2000000	40086	0.020043
Asat_OT3098_v2_chr6C	384000000	386000000	2000000	48137	0.024068
Asat_OT3098_v2_chr6C	386000000	388000000	2000000	50618	0.025309
Asat_OT3098_v2_chr6C	388000000	390000000	2000000	26762	0.013381
Asat_OT3098_v2_chr6C	390000000	392000000	2000000	18939	0.009470
Asat_OT3098_v2_chr6C	392000000	394000000	2000000	27824	0.013912
Asat_OT3098_v2_chr6C	394000000	396000000	2000000	26184	0.013092
Asat_OT3098_v2_chr6C	396000000	398000000	2000000	88414	0.044207
Asat_OT3098_v2_chr6C	398000000	400000000	2000000	77307	0.038654
Asat_OT3098_v2_chr6C	400000000	402000000	2000000	51950	0.025975
Asat_OT3098_v2_chr6C	402000000	404000000	2000000	78434	0.039217
Asat_OT3098_v2_chr6C	404000000	406000000	2000000	40353	0.020176
Asat_OT3098_v2_chr6C	406000000	408000000	2000000	55522	0.027761
Asat_OT3098_v2_chr6C	408000000	410000000	2000000	47139	0.023570
Asat_OT3098_v2_chr6C	410000000	412000000	2000000	24381	0.012190
Asat_OT3098_v2_chr6C	412000000	414000000	2000000	59049	0.029524
Asat_OT3098_v2_chr6C	414000000	416000000	2000000	28543	0.014271
Asat_OT3098_v2_chr6C	416000000	418000000	2000000	32028	0.016014
Asat_OT3098_v2_chr6C	418000000	420000000	2000000	50152	0.025076
Asat_OT3098_v2_chr6C	420000000	422000000	2000000	37898	0.018949
Asat_OT3098_v2_chr6C	422000000	424000000	2000000	34162	0.017081
Asat_OT3098_v2_chr6C	424000000	426000000	2000000	54532	0.027266
Asat_OT3098_v2_chr6C	426000000	428000000	2000000	52335	0.026167
Asat_OT3098_v2_chr6C	428000000	430000000	2000000	91892	0.045946
Asat_OT3098_v2_chr6C	430000000	432000000	2000000	26836	0.013418
Asat_OT3098_v2_chr6C	432000000	434000000	2000000	15504	0.007752
Asat_OT3098_v2_chr6C	434000000	436000000	2000000	31894	0.015947
Asat_OT3098_v2_chr6C	436000000	438000000	2000000	33811	0.016906
Asat_OT3098_v2_chr6C	438000000	440000000	2000000	54093	0.027047
Asat_OT3098_v2_chr6C	440000000	442000000	2000000	76265	0.038132
Asat_OT3098_v2_chr6C	442000000	444000000	2000000	64948	0.032474
Asat_OT3098_v2_chr6C	444000000	446000000	2000000	74089	0.037045
Asat_OT3098_v2_chr6C	446000000	448000000	2000000	52436	0.026218
Asat_OT3098_v2_chr6C	448000000	450000000	2000000	63104	0.031552
Asat_OT3098_v2_chr6C	450000000	452000000	2000000	56339	0.028170
Asat_OT3098_v2_chr6C	452000000	454000000	2000000	35168	0.017584
Asat_OT3098_v2_chr6C	454000000	456000000	2000000	22890	0.011445
Asat_OT3098_v2_chr6C	456000000	458000000	2000000	33123	0.016561
Asat_OT3098_v2_chr6C	458000000	460000000	2000000	52440	0.026220
Asat_OT3098_v2_chr6C	460000000	462000000	2000000	6161	0.003080
Asat_OT3098_v2_chr6C	462000000	464000000	2000000	47781	0.023890
Asat_OT3098_v2_chr6C	464000000	466000000	2000000	17169	0.008585
Asat_OT3098_v2_chr6C	466000000	468000000	2000000	20944	0.010472
Asat_OT3098_v2_chr6C	468000000	470000000	2000000	27276	0.013638
Asat_OT3098_v2_chr6C	470000000	472000000	2000000	24011	0.012006
Asat_OT3098_v2_chr6C	472000000	474000000	2000000	37063	0.018531
Asat_OT3098_v2_chr6C	474000000	476000000	2000000	60364	0.030182
Asat_OT3098_v2_chr6C	476000000	478000000	2000000	38696	0.019348
Asat_OT3098_v2_chr6C	478000000	480000000	2000000	44735	0.022367
Asat_OT3098_v2_chr6C	480000000	482000000	2000000	31911	0.015956
Asat_OT3098_v2_chr6C	482000000	484000000	2000000	70776	0.035388
Asat_OT3098_v2_chr6C	484000000	486000000	2000000	25841	0.012920
Asat_OT3098_v2_chr6C	486000000	488000000	2000000	27756	0.013878
Asat_OT3098_v2_chr6C	488000000	490000000	2000000	0	0.000000
Asat_OT3098_v2_chr6C	490000000	492000000	2000000	21752	0.010876
Asat_OT3098_v2_chr6C	492000000	494000000	2000000	26526	0.013263
Asat_OT3098_v2_chr6C	494000000	496000000	2000000	19074	0.009537
Asat_OT3098_v2_chr6C	496000000	498000000	2000000	38890	0.019445
Asat_OT3098_v2_chr6C	498000000	500000000	2000000	10408	0.005204
Asat_OT3098_v2_chr6C	500000000	502000000	2000000	28793	0.014396
Asat_OT3098_v2_chr6C	502000000	504000000	2000000	7372	0.003686
Asat_OT3098_v2_chr6C	504000000	506000000	2000000	33564	0.016782
Asat_OT3098_v2_chr6C	506000000	508000000	2000000	54305	0.027152
Asat_OT3098_v2_chr6C	508000000	510000000	2000000	28480	0.014240
Asat_OT3098_v2_chr6C	510000000	512000000	2000000	37056	0.018528
Asat_OT3098_v2_chr6C	512000000	514000000	2000000	17858	0.008929
Asat_OT3098_v2_chr6C	514000000	516000000	2000000	53479	0.026739
Asat_OT3098_v2_chr6C	516000000	518000000	2000000	36609	0.018305
Asat_OT3098_v2_chr6C	518000000	520000000	2000000	9238	0.004619
Asat_OT3098_v2_chr6C	520000000	522000000	2000000	31420	0.015710
Asat_OT3098_v2_chr6C	522000000	524000000	2000000	40862	0.020431
Asat_OT3098_v2_chr6C	524000000	526000000	2000000	26663	0.013331
Asat_OT3098_v2_chr6C	526000000	528000000	2000000	16670	0.008335
Asat_OT3098_v2_chr6C	528000000	530000000	2000000	46865	0.023432
Asat_OT3098_v2_chr6C	530000000	532000000	2000000	12345	0.006173
Asat_OT3098_v2_chr6C	532000000	534000000	2000000	24188	0.012094
Asat_OT3098_v2_chr6C	534000000	536000000	2000000	50166	0.025083
Asat_OT3098_v2_chr6C	536000000	538000000	2000000	16752	0.008376
Asat_OT3098_v2_chr6C	538000000	540000000	2000000	24715	0.012358
Asat_OT3098_v2_chr6C	540000000	542000000	2000000	20405	0.010202
Asat_OT3098_v2_chr6C	542000000	544000000	2000000	30669	0.015334
Asat_OT3098_v2_chr6C	544000000	546000000	2000000	25190	0.012595
Asat_OT3098_v2_chr6C	546000000	548000000	2000000	31784	0.015892
Asat_OT3098_v2_chr6C	548000000	550000000	2000000	31738	0.015869
Asat_OT3098_v2_chr6C	550000000	552000000	2000000	75390	0.037695
Asat_OT3098_v2_chr6C	552000000	554000000	2000000	23530	0.011765
Asat_OT3098_v2_chr6C	554000000	556000000	2000000	18623	0.009312
Asat_OT3098_v2_chr6C	556000000	558000000	2000000	28570	0.014285
Asat_OT3098_v2_chr6C	558000000	560000000	2000000	13939	0.006970
Asat_OT3098_v2_chr6C	560000000	562000000	2000000	14870	0.007435
Asat_OT3098_v2_chr6C	562000000	564000000	2000000	14898	0.007449
Asat_OT3098_v2_chr6C	564000000	566000000	2000000	45630	0.022815
Asat_OT3098_v2_chr6C	566000000	568000000	2000000	9720	0.004860
Asat_OT3098_v2_chr6C	568000000	570000000	2000000	46804	0.023402
Asat_OT3098_v2_chr6C	570000000	572000000	2000000	4989	0.002495
Asat_OT3098_v2_chr6C	572000000	574000000	2000000	18413	0.009206
Asat_OT3098_v2_chr6C	574000000	576000000	2000000	61359	0.030679
Asat_OT3098_v2_chr6C	576000000	578000000	2000000	8803	0.004402
Asat_OT3098_v2_chr6C	578000000	580000000	2000000	19394	0.009697
Asat_OT3098_v2_chr6C	580000000	582000000	2000000	25343	0.012672
Asat_OT3098_v2_chr6C	582000000	584000000	2000000	16725	0.008363
Asat_OT3098_v2_chr6C	584000000	586000000	2000000	16624	0.008312
Asat_OT3098_v2_chr6C	586000000	588000000	2000000	19905	0.009952
Asat_OT3098_v2_chr6C	588000000	590000000	2000000	50102	0.025051
Asat_OT3098_v2_chr6C	590000000	592000000	2000000	2630	0.001315
Asat_OT3098_v2_chr6C	592000000	594000000	2000000	5515	0.002757
Asat_OT3098_v2_chr6C	594000000	596000000	2000000	17186	0.008593
Asat_OT3098_v2_chr6C	596000000	598000000	2000000	15119	0.007560
Asat_OT3098_v2_chr6C	598000000	600000000	2000000	9226	0.004613
Asat_OT3098_v2_chr6C	600000000	602000000	2000000	16511	0.008256
Asat_OT3098_v2_chr6C	602000000	604000000	2000000	46429	0.023214
Asat_OT3098_v2_chr6C	604000000	606000000	2000000	33111	0.016556
Asat_OT3098_v2_chr6C	606000000	608000000	2000000	4630	0.002315
Asat_OT3098_v2_chr6C	608000000	610000000	2000000	18526	0.009263
Asat_OT3098_v2_chr6C	610000000	612000000	2000000	5953	0.002976
Asat_OT3098_v2_chr6C	612000000	614000000	2000000	32136	0.016068
Asat_OT3098_v2_chr6C	614000000	616000000	2000000	27908	0.013954
Asat_OT3098_v2_chr6C	616000000	618000000	2000000	14780	0.007390
Asat_OT3098_v2_chr6C	618000000	620000000	2000000	14230	0.007115
Asat_OT3098_v2_chr6C	620000000	622000000	2000000	13429	0.006714
Asat_OT3098_v2_chr6C	622000000	624000000	2000000	5233	0.002616
Asat_OT3098_v2_chr6C	624000000	626000000	2000000	18962	0.009481
Asat_OT3098_v2_chr6C	626000000	626220839	220839	9519	0.043104
Asat_OT3098_v2_chr6D	0	2000000	2000000	0	0.000000
Asat_OT3098_v2_chr6D	2000000	4000000	2000000	33063	0.016532
Asat_OT3098_v2_chr6D	4000000	6000000	2000000	26791	0.013395
Asat_OT3098_v2_chr6D	6000000	8000000	2000000	4678	0.002339
Asat_OT3098_v2_chr6D	8000000	10000000	2000000	19591	0.009796
Asat_OT3098_v2_chr6D	10000000	12000000	2000000	17671	0.008835
Asat_OT3098_v2_chr6D	12000000	14000000	2000000	26250	0.013125
Asat_OT3098_v2_chr6D	14000000	16000000	2000000	9660	0.004830
Asat_OT3098_v2_chr6D	16000000	18000000	2000000	12612	0.006306
Asat_OT3098_v2_chr6D	18000000	20000000	2000000	27569	0.013784
Asat_OT3098_v2_chr6D	20000000	22000000	2000000	32204	0.016102
Asat_OT3098_v2_chr6D	22000000	24000000	2000000	52049	0.026024
Asat_OT3098_v2_chr6D	24000000	26000000	2000000	29068	0.014534
Asat_OT3098_v2_chr6D	26000000	28000000	2000000	32914	0.016457
Asat_OT3098_v2_chr6D	28000000	30000000	2000000	15273	0.007637
Asat_OT3098_v2_chr6D	30000000	32000000	2000000	0	0.000000
Asat_OT3098_v2_chr6D	32000000	34000000	2000000	10141	0.005071
Asat_OT3098_v2_chr6D	34000000	36000000	2000000	15965	0.007983
Asat_OT3098_v2_chr6D	36000000	38000000	2000000	18113	0.009057
Asat_OT3098_v2_chr6D	38000000	40000000	2000000	22868	0.011434
Asat_OT3098_v2_chr6D	40000000	42000000	2000000	53535	0.026767
Asat_OT3098_v2_chr6D	42000000	44000000	2000000	48561	0.024280
Asat_OT3098_v2_chr6D	44000000	46000000	2000000	46634	0.023317
Asat_OT3098_v2_chr6D	46000000	48000000	2000000	43090	0.021545
Asat_OT3098_v2_chr6D	48000000	50000000	2000000	28605	0.014302
Asat_OT3098_v2_chr6D	50000000	52000000	2000000	66866	0.033433
Asat_OT3098_v2_chr6D	52000000	54000000	2000000	52262	0.026131
Asat_OT3098_v2_chr6D	54000000	56000000	2000000	11915	0.005958
Asat_OT3098_v2_chr6D	56000000	58000000	2000000	22211	0.011106
Asat_OT3098_v2_chr6D	58000000	60000000	2000000	29604	0.014802
Asat_OT3098_v2_chr6D	60000000	62000000	2000000	29072	0.014536
Asat_OT3098_v2_chr6D	62000000	64000000	2000000	11235	0.005618
Asat_OT3098_v2_chr6D	64000000	66000000	2000000	14148	0.007074
Asat_OT3098_v2_chr6D	66000000	68000000	2000000	30144	0.015072
Asat_OT3098_v2_chr6D	68000000	70000000	2000000	32425	0.016213
Asat_OT3098_v2_chr6D	70000000	72000000	2000000	53251	0.026625
Asat_OT3098_v2_chr6D	72000000	74000000	2000000	4718	0.002359
Asat_OT3098_v2_chr6D	74000000	76000000	2000000	33026	0.016513
Asat_OT3098_v2_chr6D	76000000	78000000	2000000	13802	0.006901
Asat_OT3098_v2_chr6D	78000000	80000000	2000000	14384	0.007192
Asat_OT3098_v2_chr6D	80000000	82000000	2000000	44690	0.022345
Asat_OT3098_v2_chr6D	82000000	84000000	2000000	47290	0.023645
Asat_OT3098_v2_chr6D	84000000	86000000	2000000	28390	0.014195
Asat_OT3098_v2_chr6D	86000000	88000000	2000000	22338	0.011169
Asat_OT3098_v2_chr6D	88000000	90000000	2000000	38232	0.019116
Asat_OT3098_v2_chr6D	90000000	92000000	2000000	33552	0.016776
Asat_OT3098_v2_chr6D	92000000	94000000	2000000	14753	0.007377
Asat_OT3098_v2_chr6D	94000000	96000000	2000000	27626	0.013813
Asat_OT3098_v2_chr6D	96000000	98000000	2000000	25665	0.012833
Asat_OT3098_v2_chr6D	98000000	100000000	2000000	11848	0.005924
Asat_OT3098_v2_chr6D	100000000	102000000	2000000	0	0.000000
Asat_OT3098_v2_chr6D	102000000	104000000	2000000	53072	0.026536
Asat_OT3098_v2_chr6D	104000000	106000000	2000000	46201	0.023100
Asat_OT3098_v2_chr6D	106000000	108000000	2000000	38013	0.019006
Asat_OT3098_v2_chr6D	108000000	110000000	2000000	39558	0.019779
Asat_OT3098_v2_chr6D	110000000	112000000	2000000	18689	0.009345
Asat_OT3098_v2_chr6D	112000000	114000000	2000000	28664	0.014332
Asat_OT3098_v2_chr6D	114000000	116000000	2000000	26440	0.013220
Asat_OT3098_v2_chr6D	116000000	118000000	2000000	9341	0.004671
Asat_OT3098_v2_chr6D	118000000	120000000	2000000	43049	0.021524
Asat_OT3098_v2_chr6D	120000000	122000000	2000000	23595	0.011798
Asat_OT3098_v2_chr6D	122000000	124000000	2000000	10899	0.005450
Asat_OT3098_v2_chr6D	124000000	126000000	2000000	0	0.000000
Asat_OT3098_v2_chr6D	126000000	128000000	2000000	17775	0.008887
Asat_OT3098_v2_chr6D	128000000	130000000	2000000	47859	0.023929
Asat_OT3098_v2_chr6D	130000000	132000000	2000000	78572	0.039286
Asat_OT3098_v2_chr6D	132000000	134000000	2000000	33945	0.016973
Asat_OT3098_v2_chr6D	134000000	136000000	2000000	49530	0.024765
Asat_OT3098_v2_chr6D	136000000	138000000	2000000	28277	0.014139
Asat_OT3098_v2_chr6D	138000000	140000000	2000000	15237	0.007619
Asat_OT3098_v2_chr6D	140000000	142000000	2000000	50471	0.025236
Asat_OT3098_v2_chr6D	142000000	144000000	2000000	24035	0.012018
Asat_OT3098_v2_chr6D	144000000	146000000	2000000	3447	0.001723
Asat_OT3098_v2_chr6D	146000000	148000000	2000000	79212	0.039606
Asat_OT3098_v2_chr6D	148000000	150000000	2000000	19138	0.009569
Asat_OT3098_v2_chr6D	150000000	152000000	2000000	19928	0.009964
Asat_OT3098_v2_chr6D	152000000	154000000	2000000	52964	0.026482
Asat_OT3098_v2_chr6D	154000000	156000000	2000000	22510	0.011255
Asat_OT3098_v2_chr6D	156000000	158000000	2000000	36259	0.018129
Asat_OT3098_v2_chr6D	158000000	160000000	2000000	57414	0.028707
Asat_OT3098_v2_chr6D	160000000	162000000	2000000	19099	0.009550
Asat_OT3098_v2_chr6D	162000000	164000000	2000000	38094	0.019047
Asat_OT3098_v2_chr6D	164000000	166000000	2000000	12370	0.006185
Asat_OT3098_v2_chr6D	166000000	168000000	2000000	20547	0.010273
Asat_OT3098_v2_chr6D	168000000	170000000	2000000	33843	0.016921
Asat_OT3098_v2_chr6D	170000000	172000000	2000000	12142	0.006071
Asat_OT3098_v2_chr6D	172000000	174000000	2000000	31808	0.015904
Asat_OT3098_v2_chr6D	174000000	176000000	2000000	30859	0.015430
Asat_OT3098_v2_chr6D	176000000	178000000	2000000	8067	0.004033
Asat_OT3098_v2_chr6D	178000000	180000000	2000000	24321	0.012160
Asat_OT3098_v2_chr6D	180000000	182000000	2000000	53145	0.026572
Asat_OT3098_v2_chr6D	182000000	184000000	2000000	4708	0.002354
Asat_OT3098_v2_chr6D	184000000	186000000	2000000	15280	0.007640
Asat_OT3098_v2_chr6D	186000000	188000000	2000000	20723	0.010361
Asat_OT3098_v2_chr6D	188000000	190000000	2000000	23370	0.011685
Asat_OT3098_v2_chr6D	190000000	192000000	2000000	14525	0.007262
Asat_OT3098_v2_chr6D	192000000	194000000	2000000	17044	0.008522
Asat_OT3098_v2_chr6D	194000000	196000000	2000000	20527	0.010264
Asat_OT3098_v2_chr6D	196000000	198000000	2000000	7337	0.003668
Asat_OT3098_v2_chr6D	198000000	200000000	2000000	9353	0.004677
Asat_OT3098_v2_chr6D	200000000	202000000	2000000	10058	0.005029
Asat_OT3098_v2_chr6D	202000000	204000000	2000000	18116	0.009058
Asat_OT3098_v2_chr6D	204000000	206000000	2000000	18494	0.009247
Asat_OT3098_v2_chr6D	206000000	208000000	2000000	34363	0.017181
Asat_OT3098_v2_chr6D	208000000	210000000	2000000	18220	0.009110
Asat_OT3098_v2_chr6D	210000000	212000000	2000000	0	0.000000
Asat_OT3098_v2_chr6D	212000000	214000000	2000000	8547	0.004274
Asat_OT3098_v2_chr6D	214000000	216000000	2000000	21456	0.010728
Asat_OT3098_v2_chr6D	216000000	218000000	2000000	10338	0.005169
Asat_OT3098_v2_chr6D	218000000	220000000	2000000	9130	0.004565
Asat_OT3098_v2_chr6D	220000000	222000000	2000000	9418	0.004709
Asat_OT3098_v2_chr6D	222000000	224000000	2000000	0	0.000000
Asat_OT3098_v2_chr6D	224000000	226000000	2000000	6123	0.003061
Asat_OT3098_v2_chr6D	226000000	228000000	2000000	17182	0.008591
Asat_OT3098_v2_chr6D	228000000	230000000	2000000	2708	0.001354
Asat_OT3098_v2_chr6D	230000000	232000000	2000000	38794	0.019397
Asat_OT3098_v2_chr6D	232000000	234000000	2000000	3575	0.001788
Asat_OT3098_v2_chr6D	234000000	236000000	2000000	24473	0.012237
Asat_OT3098_v2_chr6D	236000000	238000000	2000000	14843	0.007422
Asat_OT3098_v2_chr6D	238000000	240000000	2000000	9196	0.004598
Asat_OT3098_v2_chr6D	240000000	242000000	2000000	30718	0.015359
Asat_OT3098_v2_chr6D	242000000	244000000	2000000	9744	0.004872
Asat_OT3098_v2_chr6D	244000000	246000000	2000000	2709	0.001355
Asat_OT3098_v2_chr6D	246000000	248000000	2000000	6543	0.003272
Asat_OT3098_v2_chr6D	248000000	250000000	2000000	3872	0.001936
Asat_OT3098_v2_chr6D	250000000	252000000	2000000	22467	0.011234
Asat_OT3098_v2_chr6D	252000000	254000000	2000000	7239	0.003619
Asat_OT3098_v2_chr6D	254000000	256000000	2000000	0	0.000000
Asat_OT3098_v2_chr6D	256000000	258000000	2000000	9490	0.004745
Asat_OT3098_v2_chr6D	258000000	260000000	2000000	8892	0.004446
Asat_OT3098_v2_chr6D	260000000	262000000	2000000	14143	0.007071
Asat_OT3098_v2_chr6D	262000000	264000000	2000000	0	0.000000
Asat_OT3098_v2_chr6D	264000000	266000000	2000000	27815	0.013907
Asat_OT3098_v2_chr6D	266000000	268000000	2000000	7205	0.003602
Asat_OT3098_v2_chr6D	268000000	270000000	2000000	9380	0.004690
Asat_OT3098_v2_chr6D	270000000	272000000	2000000	0	0.000000
Asat_OT3098_v2_chr6D	272000000	274000000	2000000	0	0.000000
Asat_OT3098_v2_chr6D	274000000	276000000	2000000	0	0.000000
Asat_OT3098_v2_chr6D	276000000	278000000	2000000	0	0.000000
Asat_OT3098_v2_chr6D	278000000	280000000	2000000	11297	0.005648
Asat_OT3098_v2_chr6D	280000000	282000000	2000000	7885	0.003942
Asat_OT3098_v2_chr6D	282000000	284000000	2000000	0	0.000000
Asat_OT3098_v2_chr6D	284000000	286000000	2000000	9314	0.004657
Asat_OT3098_v2_chr6D	286000000	288000000	2000000	0	0.000000
Asat_OT3098_v2_chr6D	288000000	290000000	2000000	0	0.000000
Asat_OT3098_v2_chr6D	290000000	292000000	2000000	5631	0.002815
Asat_OT3098_v2_chr6D	292000000	294000000	2000000	0	0.000000
Asat_OT3098_v2_chr6D	294000000	296000000	2000000	22564	0.011282
Asat_OT3098_v2_chr6D	296000000	298000000	2000000	8450	0.004225
Asat_OT3098_v2_chr6D	298000000	298028472	28472	0	0.000000
Asat_OT3098_v2_chr7A	0	2000000	2000000	0	0.000000
Asat_OT3098_v2_chr7A	2000000	4000000	2000000	4857	0.002429
Asat_OT3098_v2_chr7A	4000000	6000000	2000000	0	0.000000
Asat_OT3098_v2_chr7A	6000000	8000000	2000000	26967	0.013484
Asat_OT3098_v2_chr7A	8000000	10000000	2000000	6194	0.003097
Asat_OT3098_v2_chr7A	10000000	12000000	2000000	23001	0.011501
Asat_OT3098_v2_chr7A	12000000	14000000	2000000	0	0.000000
Asat_OT3098_v2_chr7A	14000000	16000000	2000000	9431	0.004716
Asat_OT3098_v2_chr7A	16000000	18000000	2000000	21128	0.010564
Asat_OT3098_v2_chr7A	18000000	20000000	2000000	14992	0.007496
Asat_OT3098_v2_chr7A	20000000	22000000	2000000	25805	0.012903
Asat_OT3098_v2_chr7A	22000000	24000000	2000000	24542	0.012271
Asat_OT3098_v2_chr7A	24000000	26000000	2000000	11116	0.005558
Asat_OT3098_v2_chr7A	26000000	28000000	2000000	4692	0.002346
Asat_OT3098_v2_chr7A	28000000	30000000	2000000	21417	0.010708
Asat_OT3098_v2_chr7A	30000000	32000000	2000000	10969	0.005484
Asat_OT3098_v2_chr7A	32000000	34000000	2000000	10882	0.005441
Asat_OT3098_v2_chr7A	34000000	36000000	2000000	44251	0.022125
Asat_OT3098_v2_chr7A	36000000	38000000	2000000	4879	0.002439
Asat_OT3098_v2_chr7A	38000000	40000000	2000000	3650	0.001825
Asat_OT3098_v2_chr7A	40000000	42000000	2000000	6991	0.003495
Asat_OT3098_v2_chr7A	42000000	44000000	2000000	32594	0.016297
Asat_OT3098_v2_chr7A	44000000	46000000	2000000	8767	0.004384
Asat_OT3098_v2_chr7A	46000000	48000000	2000000	5110	0.002555
Asat_OT3098_v2_chr7A	48000000	50000000	2000000	9601	0.004801
Asat_OT3098_v2_chr7A	50000000	52000000	2000000	0	0.000000
Asat_OT3098_v2_chr7A	52000000	54000000	2000000	10312	0.005156
Asat_OT3098_v2_chr7A	54000000	56000000	2000000	19922	0.009961
Asat_OT3098_v2_chr7A	56000000	58000000	2000000	0	0.000000
Asat_OT3098_v2_chr7A	58000000	60000000	2000000	0	0.000000
Asat_OT3098_v2_chr7A	60000000	62000000	2000000	0	0.000000
Asat_OT3098_v2_chr7A	62000000	64000000	2000000	7663	0.003831
Asat_OT3098_v2_chr7A	64000000	66000000	2000000	0	0.000000
Asat_OT3098_v2_chr7A	66000000	68000000	2000000	0	0.000000
Asat_OT3098_v2_chr7A	68000000	70000000	2000000	15147	0.007574
Asat_OT3098_v2_chr7A	70000000	72000000	2000000	4600	0.002300
Asat_OT3098_v2_chr7A	72000000	74000000	2000000	21521	0.010760
Asat_OT3098_v2_chr7A	74000000	76000000	2000000	9229	0.004614
Asat_OT3098_v2_chr7A	76000000	78000000	2000000	6920	0.003460
Asat_OT3098_v2_chr7A	78000000	80000000	2000000	0	0.000000
Asat_OT3098_v2_chr7A	80000000	82000000	2000000	10260	0.005130
Asat_OT3098_v2_chr7A	82000000	84000000	2000000	0	0.000000
Asat_OT3098_v2_chr7A	84000000	86000000	2000000	23592	0.011796
Asat_OT3098_v2_chr7A	86000000	88000000	2000000	0	0.000000
Asat_OT3098_v2_chr7A	88000000	90000000	2000000	6887	0.003443
Asat_OT3098_v2_chr7A	90000000	92000000	2000000	11157	0.005579
Asat_OT3098_v2_chr7A	92000000	94000000	2000000	21689	0.010844
Asat_OT3098_v2_chr7A	94000000	96000000	2000000	0	0.000000
Asat_OT3098_v2_chr7A	96000000	98000000	2000000	30634	0.015317
Asat_OT3098_v2_chr7A	98000000	100000000	2000000	13221	0.006611
Asat_OT3098_v2_chr7A	100000000	102000000	2000000	11797	0.005899
Asat_OT3098_v2_chr7A	102000000	104000000	2000000	0	0.000000
Asat_OT3098_v2_chr7A	104000000	106000000	2000000	0	0.000000
Asat_OT3098_v2_chr7A	106000000	108000000	2000000	7526	0.003763
Asat_OT3098_v2_chr7A	108000000	110000000	2000000	3701	0.001850
Asat_OT3098_v2_chr7A	110000000	112000000	2000000	2316	0.001158
Asat_OT3098_v2_chr7A	112000000	114000000	2000000	4861	0.002430
Asat_OT3098_v2_chr7A	114000000	116000000	2000000	0	0.000000
Asat_OT3098_v2_chr7A	116000000	118000000	2000000	7123	0.003561
Asat_OT3098_v2_chr7A	118000000	120000000	2000000	21092	0.010546
Asat_OT3098_v2_chr7A	120000000	122000000	2000000	4843	0.002422
Asat_OT3098_v2_chr7A	122000000	124000000	2000000	7293	0.003647
Asat_OT3098_v2_chr7A	124000000	126000000	2000000	2304	0.001152
Asat_OT3098_v2_chr7A	126000000	128000000	2000000	8292	0.004146
Asat_OT3098_v2_chr7A	128000000	130000000	2000000	19445	0.009723
Asat_OT3098_v2_chr7A	130000000	132000000	2000000	16617	0.008308
Asat_OT3098_v2_chr7A	132000000	134000000	2000000	48725	0.024362
Asat_OT3098_v2_chr7A	134000000	136000000	2000000	13834	0.006917
Asat_OT3098_v2_chr7A	136000000	138000000	2000000	1918	0.000959
Asat_OT3098_v2_chr7A	138000000	140000000	2000000	13817	0.006908
Asat_OT3098_v2_chr7A	140000000	142000000	2000000	14441	0.007221
Asat_OT3098_v2_chr7A	142000000	144000000	2000000	0	0.000000
Asat_OT3098_v2_chr7A	144000000	146000000	2000000	0	0.000000
Asat_OT3098_v2_chr7A	146000000	148000000	2000000	29869	0.014934
Asat_OT3098_v2_chr7A	148000000	150000000	2000000	1076	0.000538
Asat_OT3098_v2_chr7A	150000000	152000000	2000000	29396	0.014698
Asat_OT3098_v2_chr7A	152000000	154000000	2000000	0	0.000000
Asat_OT3098_v2_chr7A	154000000	156000000	2000000	25217	0.012608
Asat_OT3098_v2_chr7A	156000000	158000000	2000000	14725	0.007363
Asat_OT3098_v2_chr7A	158000000	160000000	2000000	0	0.000000
Asat_OT3098_v2_chr7A	160000000	162000000	2000000	27253	0.013626
Asat_OT3098_v2_chr7A	162000000	164000000	2000000	0	0.000000
Asat_OT3098_v2_chr7A	164000000	166000000	2000000	14623	0.007312
Asat_OT3098_v2_chr7A	166000000	168000000	2000000	42705	0.021352
Asat_OT3098_v2_chr7A	168000000	170000000	2000000	13322	0.006661
Asat_OT3098_v2_chr7A	170000000	172000000	2000000	13646	0.006823
Asat_OT3098_v2_chr7A	172000000	174000000	2000000	21355	0.010677
Asat_OT3098_v2_chr7A	174000000	176000000	2000000	7824	0.003912
Asat_OT3098_v2_chr7A	176000000	178000000	2000000	33302	0.016651
Asat_OT3098_v2_chr7A	178000000	180000000	2000000	31533	0.015766
Asat_OT3098_v2_chr7A	180000000	182000000	2000000	29368	0.014684
Asat_OT3098_v2_chr7A	182000000	184000000	2000000	14255	0.007128
Asat_OT3098_v2_chr7A	184000000	186000000	2000000	7970	0.003985
Asat_OT3098_v2_chr7A	186000000	188000000	2000000	8047	0.004024
Asat_OT3098_v2_chr7A	188000000	190000000	2000000	13120	0.006560
Asat_OT3098_v2_chr7A	190000000	192000000	2000000	2308	0.001154
Asat_OT3098_v2_chr7A	192000000	194000000	2000000	18964	0.009482
Asat_OT3098_v2_chr7A	194000000	196000000	2000000	7136	0.003568
Asat_OT3098_v2_chr7A	196000000	198000000	2000000	2417	0.001208
Asat_OT3098_v2_chr7A	198000000	200000000	2000000	9812	0.004906
Asat_OT3098_v2_chr7A	200000000	202000000	2000000	1817	0.000909
Asat_OT3098_v2_chr7A	202000000	204000000	2000000	2295	0.001148
Asat_OT3098_v2_chr7A	204000000	206000000	2000000	18848	0.009424
Asat_OT3098_v2_chr7A	206000000	208000000	2000000	25572	0.012786
Asat_OT3098_v2_chr7A	208000000	210000000	2000000	0	0.000000
Asat_OT3098_v2_chr7A	210000000	212000000	2000000	8250	0.004125
Asat_OT3098_v2_chr7A	212000000	214000000	2000000	13473	0.006737
Asat_OT3098_v2_chr7A	214000000	216000000	2000000	0	0.000000
Asat_OT3098_v2_chr7A	216000000	218000000	2000000	24607	0.012304
Asat_OT3098_v2_chr7A	218000000	220000000	2000000	14137	0.007069
Asat_OT3098_v2_chr7A	220000000	222000000	2000000	22086	0.011043
Asat_OT3098_v2_chr7A	222000000	224000000	2000000	31802	0.015901
Asat_OT3098_v2_chr7A	224000000	226000000	2000000	9802	0.004901
Asat_OT3098_v2_chr7A	226000000	228000000	2000000	15281	0.007640
Asat_OT3098_v2_chr7A	228000000	230000000	2000000	13214	0.006607
Asat_OT3098_v2_chr7A	230000000	232000000	2000000	26718	0.013359
Asat_OT3098_v2_chr7A	232000000	234000000	2000000	5750	0.002875
Asat_OT3098_v2_chr7A	234000000	236000000	2000000	28367	0.014183
Asat_OT3098_v2_chr7A	236000000	238000000	2000000	9874	0.004937
Asat_OT3098_v2_chr7A	238000000	240000000	2000000	63102	0.031551
Asat_OT3098_v2_chr7A	240000000	242000000	2000000	9562	0.004781
Asat_OT3098_v2_chr7A	242000000	244000000	2000000	18750	0.009375
Asat_OT3098_v2_chr7A	244000000	246000000	2000000	8020	0.004010
Asat_OT3098_v2_chr7A	246000000	248000000	2000000	17254	0.008627
Asat_OT3098_v2_chr7A	248000000	250000000	2000000	42086	0.021043
Asat_OT3098_v2_chr7A	250000000	252000000	2000000	6694	0.003347
Asat_OT3098_v2_chr7A	252000000	254000000	2000000	17784	0.008892
Asat_OT3098_v2_chr7A	254000000	256000000	2000000	1044	0.000522
Asat_OT3098_v2_chr7A	256000000	258000000	2000000	26015	0.013007
Asat_OT3098_v2_chr7A	258000000	260000000	2000000	50497	0.025249
Asat_OT3098_v2_chr7A	260000000	262000000	2000000	10593	0.005296
Asat_OT3098_v2_chr7A	262000000	264000000	2000000	12003	0.006001
Asat_OT3098_v2_chr7A	264000000	266000000	2000000	4852	0.002426
Asat_OT3098_v2_chr7A	266000000	268000000	2000000	33860	0.016930
Asat_OT3098_v2_chr7A	268000000	270000000	2000000	50952	0.025476
Asat_OT3098_v2_chr7A	270000000	272000000	2000000	23178	0.011589
Asat_OT3098_v2_chr7A	272000000	274000000	2000000	22949	0.011475
Asat_OT3098_v2_chr7A	274000000	276000000	2000000	27904	0.013952
Asat_OT3098_v2_chr7A	276000000	278000000	2000000	2660	0.001330
Asat_OT3098_v2_chr7A	278000000	280000000	2000000	25147	0.012573
Asat_OT3098_v2_chr7A	280000000	282000000	2000000	7813	0.003907
Asat_OT3098_v2_chr7A	282000000	284000000	2000000	20399	0.010200
Asat_OT3098_v2_chr7A	284000000	286000000	2000000	4590	0.002295
Asat_OT3098_v2_chr7A	286000000	288000000	2000000	7521	0.003760
Asat_OT3098_v2_chr7A	288000000	290000000	2000000	34789	0.017395
Asat_OT3098_v2_chr7A	290000000	292000000	2000000	17054	0.008527
Asat_OT3098_v2_chr7A	292000000	294000000	2000000	18660	0.009330
Asat_OT3098_v2_chr7A	294000000	296000000	2000000	28936	0.014468
Asat_OT3098_v2_chr7A	296000000	298000000	2000000	17870	0.008935
Asat_OT3098_v2_chr7A	298000000	300000000	2000000	25823	0.012911
Asat_OT3098_v2_chr7A	300000000	302000000	2000000	4885	0.002442
Asat_OT3098_v2_chr7A	302000000	304000000	2000000	14547	0.007273
Asat_OT3098_v2_chr7A	304000000	306000000	2000000	8145	0.004072
Asat_OT3098_v2_chr7A	306000000	308000000	2000000	12190	0.006095
Asat_OT3098_v2_chr7A	308000000	310000000	2000000	22966	0.011483
Asat_OT3098_v2_chr7A	310000000	312000000	2000000	15066	0.007533
Asat_OT3098_v2_chr7A	312000000	314000000	2000000	26221	0.013111
Asat_OT3098_v2_chr7A	314000000	316000000	2000000	37517	0.018759
Asat_OT3098_v2_chr7A	316000000	318000000	2000000	36603	0.018301
Asat_OT3098_v2_chr7A	318000000	320000000	2000000	8777	0.004389
Asat_OT3098_v2_chr7A	320000000	322000000	2000000	13051	0.006526
Asat_OT3098_v2_chr7A	322000000	324000000	2000000	10314	0.005157
Asat_OT3098_v2_chr7A	324000000	326000000	2000000	22435	0.011218
Asat_OT3098_v2_chr7A	326000000	328000000	2000000	0	0.000000
Asat_OT3098_v2_chr7A	328000000	330000000	2000000	22285	0.011142
Asat_OT3098_v2_chr7A	330000000	332000000	2000000	28881	0.014441
Asat_OT3098_v2_chr7A	332000000	334000000	2000000	20615	0.010308
Asat_OT3098_v2_chr7A	334000000	336000000	2000000	64370	0.032185
Asat_OT3098_v2_chr7A	336000000	338000000	2000000	16173	0.008086
Asat_OT3098_v2_chr7A	338000000	340000000	2000000	37932	0.018966
Asat_OT3098_v2_chr7A	340000000	342000000	2000000	21912	0.010956
Asat_OT3098_v2_chr7A	342000000	344000000	2000000	19910	0.009955
Asat_OT3098_v2_chr7A	344000000	346000000	2000000	3151	0.001576
Asat_OT3098_v2_chr7A	346000000	348000000	2000000	0	0.000000
Asat_OT3098_v2_chr7A	348000000	350000000	2000000	30351	0.015175
Asat_OT3098_v2_chr7A	350000000	352000000	2000000	18065	0.009033
Asat_OT3098_v2_chr7A	352000000	354000000	2000000	24489	0.012245
Asat_OT3098_v2_chr7A	354000000	356000000	2000000	8491	0.004246
Asat_OT3098_v2_chr7A	356000000	358000000	2000000	0	0.000000
Asat_OT3098_v2_chr7A	358000000	360000000	2000000	14210	0.007105
Asat_OT3098_v2_chr7A	360000000	362000000	2000000	1246	0.000623
Asat_OT3098_v2_chr7A	362000000	364000000	2000000	14529	0.007265
Asat_OT3098_v2_chr7A	364000000	366000000	2000000	11983	0.005992
Asat_OT3098_v2_chr7A	366000000	368000000	2000000	24509	0.012254
Asat_OT3098_v2_chr7A	368000000	370000000	2000000	2495	0.001247
Asat_OT3098_v2_chr7A	370000000	372000000	2000000	1135	0.000567
Asat_OT3098_v2_chr7A	372000000	374000000	2000000	0	0.000000
Asat_OT3098_v2_chr7A	374000000	376000000	2000000	1182	0.000591
Asat_OT3098_v2_chr7A	376000000	378000000	2000000	26861	0.013430
Asat_OT3098_v2_chr7A	378000000	380000000	2000000	24914	0.012457
Asat_OT3098_v2_chr7A	380000000	382000000	2000000	24257	0.012129
Asat_OT3098_v2_chr7A	382000000	384000000	2000000	30666	0.015333
Asat_OT3098_v2_chr7A	384000000	386000000	2000000	37319	0.018659
Asat_OT3098_v2_chr7A	386000000	388000000	2000000	12552	0.006276
Asat_OT3098_v2_chr7A	388000000	390000000	2000000	19581	0.009791
Asat_OT3098_v2_chr7A	390000000	392000000	2000000	20020	0.010010
Asat_OT3098_v2_chr7A	392000000	394000000	2000000	17609	0.008804
Asat_OT3098_v2_chr7A	394000000	396000000	2000000	22212	0.011106
Asat_OT3098_v2_chr7A	396000000	398000000	2000000	0	0.000000
Asat_OT3098_v2_chr7A	398000000	400000000	2000000	30974	0.015487
Asat_OT3098_v2_chr7A	400000000	402000000	2000000	44413	0.022207
Asat_OT3098_v2_chr7A	402000000	404000000	2000000	42992	0.021496
Asat_OT3098_v2_chr7A	404000000	406000000	2000000	2303	0.001151
Asat_OT3098_v2_chr7A	406000000	408000000	2000000	24648	0.012324
Asat_OT3098_v2_chr7A	408000000	410000000	2000000	27355	0.013678
Asat_OT3098_v2_chr7A	410000000	412000000	2000000	7965	0.003982
Asat_OT3098_v2_chr7A	412000000	414000000	2000000	14781	0.007391
Asat_OT3098_v2_chr7A	414000000	416000000	2000000	28860	0.014430
Asat_OT3098_v2_chr7A	416000000	418000000	2000000	45329	0.022665
Asat_OT3098_v2_chr7A	418000000	420000000	2000000	18502	0.009251
Asat_OT3098_v2_chr7A	420000000	422000000	2000000	10329	0.005164
Asat_OT3098_v2_chr7A	422000000	424000000	2000000	10608	0.005304
Asat_OT3098_v2_chr7A	424000000	426000000	2000000	6465	0.003233
Asat_OT3098_v2_chr7A	426000000	428000000	2000000	0	0.000000
Asat_OT3098_v2_chr7A	428000000	430000000	2000000	23907	0.011954
Asat_OT3098_v2_chr7A	430000000	432000000	2000000	14600	0.007300
Asat_OT3098_v2_chr7A	432000000	434000000	2000000	20712	0.010356
Asat_OT3098_v2_chr7A	434000000	436000000	2000000	19338	0.009669
Asat_OT3098_v2_chr7A	436000000	438000000	2000000	34639	0.017320
Asat_OT3098_v2_chr7A	438000000	440000000	2000000	10227	0.005113
Asat_OT3098_v2_chr7A	440000000	442000000	2000000	31559	0.015779
Asat_OT3098_v2_chr7A	442000000	444000000	2000000	0	0.000000
Asat_OT3098_v2_chr7A	444000000	446000000	2000000	7244	0.003622
Asat_OT3098_v2_chr7A	446000000	448000000	2000000	18671	0.009336
Asat_OT3098_v2_chr7A	448000000	450000000	2000000	16671	0.008335
Asat_OT3098_v2_chr7A	450000000	452000000	2000000	40039	0.020019
Asat_OT3098_v2_chr7A	452000000	454000000	2000000	21367	0.010684
Asat_OT3098_v2_chr7A	454000000	456000000	2000000	2701	0.001350
Asat_OT3098_v2_chr7A	456000000	458000000	2000000	4627	0.002314
Asat_OT3098_v2_chr7A	458000000	460000000	2000000	10587	0.005293
Asat_OT3098_v2_chr7A	460000000	462000000	2000000	14145	0.007072
Asat_OT3098_v2_chr7A	462000000	464000000	2000000	11906	0.005953
Asat_OT3098_v2_chr7A	464000000	466000000	2000000	7314	0.003657
Asat_OT3098_v2_chr7A	466000000	468000000	2000000	0	0.000000
Asat_OT3098_v2_chr7A	468000000	470000000	2000000	28729	0.014365
Asat_OT3098_v2_chr7A	470000000	472000000	2000000	12010	0.006005
Asat_OT3098_v2_chr7A	472000000	474000000	2000000	39931	0.019966
Asat_OT3098_v2_chr7A	474000000	476000000	2000000	50620	0.025310
Asat_OT3098_v2_chr7A	476000000	478000000	2000000	11648	0.005824
Asat_OT3098_v2_chr7A	478000000	480000000	2000000	19109	0.009555
Asat_OT3098_v2_chr7A	480000000	482000000	2000000	5756	0.002878
Asat_OT3098_v2_chr7A	482000000	484000000	2000000	27523	0.013761
Asat_OT3098_v2_chr7A	484000000	486000000	2000000	0	0.000000
Asat_OT3098_v2_chr7A	486000000	488000000	2000000	10706	0.005353
Asat_OT3098_v2_chr7A	488000000	490000000	2000000	0	0.000000
Asat_OT3098_v2_chr7A	490000000	492000000	2000000	4905	0.002452
Asat_OT3098_v2_chr7A	492000000	493511962	1511962	0	0.000000
Asat_OT3098_v2_chr7C	0	2000000	2000000	17929	0.008965
Asat_OT3098_v2_chr7C	2000000	4000000	2000000	20715	0.010358
Asat_OT3098_v2_chr7C	4000000	6000000	2000000	9123	0.004561
Asat_OT3098_v2_chr7C	6000000	8000000	2000000	28446	0.014223
Asat_OT3098_v2_chr7C	8000000	10000000	2000000	2630	0.001315
Asat_OT3098_v2_chr7C	10000000	12000000	2000000	42157	0.021079
Asat_OT3098_v2_chr7C	12000000	14000000	2000000	25250	0.012625
Asat_OT3098_v2_chr7C	14000000	16000000	2000000	0	0.000000
Asat_OT3098_v2_chr7C	16000000	18000000	2000000	115473	0.057737
Asat_OT3098_v2_chr7C	18000000	20000000	2000000	4363	0.002181
Asat_OT3098_v2_chr7C	20000000	22000000	2000000	27329	0.013664
Asat_OT3098_v2_chr7C	22000000	24000000	2000000	14804	0.007402
Asat_OT3098_v2_chr7C	24000000	26000000	2000000	22077	0.011038
Asat_OT3098_v2_chr7C	26000000	28000000	2000000	33300	0.016650
Asat_OT3098_v2_chr7C	28000000	30000000	2000000	19283	0.009642
Asat_OT3098_v2_chr7C	30000000	32000000	2000000	14023	0.007012
Asat_OT3098_v2_chr7C	32000000	34000000	2000000	8219	0.004110
Asat_OT3098_v2_chr7C	34000000	36000000	2000000	9926	0.004963
Asat_OT3098_v2_chr7C	36000000	38000000	2000000	0	0.000000
Asat_OT3098_v2_chr7C	38000000	40000000	2000000	22734	0.011367
Asat_OT3098_v2_chr7C	40000000	42000000	2000000	36510	0.018255
Asat_OT3098_v2_chr7C	42000000	44000000	2000000	11250	0.005625
Asat_OT3098_v2_chr7C	44000000	46000000	2000000	9623	0.004811
Asat_OT3098_v2_chr7C	46000000	48000000	2000000	27706	0.013853
Asat_OT3098_v2_chr7C	48000000	50000000	2000000	19287	0.009643
Asat_OT3098_v2_chr7C	50000000	52000000	2000000	18921	0.009461
Asat_OT3098_v2_chr7C	52000000	54000000	2000000	22186	0.011093
Asat_OT3098_v2_chr7C	54000000	56000000	2000000	31099	0.015550
Asat_OT3098_v2_chr7C	56000000	58000000	2000000	21920	0.010960
Asat_OT3098_v2_chr7C	58000000	60000000	2000000	0	0.000000
Asat_OT3098_v2_chr7C	60000000	62000000	2000000	14098	0.007049
Asat_OT3098_v2_chr7C	62000000	64000000	2000000	28867	0.014434
Asat_OT3098_v2_chr7C	64000000	66000000	2000000	27447	0.013723
Asat_OT3098_v2_chr7C	66000000	68000000	2000000	8681	0.004340
Asat_OT3098_v2_chr7C	68000000	70000000	2000000	24450	0.012225
Asat_OT3098_v2_chr7C	70000000	72000000	2000000	27162	0.013581
Asat_OT3098_v2_chr7C	72000000	74000000	2000000	2282	0.001141
Asat_OT3098_v2_chr7C	74000000	76000000	2000000	14868	0.007434
Asat_OT3098_v2_chr7C	76000000	78000000	2000000	16742	0.008371
Asat_OT3098_v2_chr7C	78000000	80000000	2000000	7430	0.003715
Asat_OT3098_v2_chr7C	80000000	82000000	2000000	26524	0.013262
Asat_OT3098_v2_chr7C	82000000	84000000	2000000	13130	0.006565
Asat_OT3098_v2_chr7C	84000000	86000000	2000000	36424	0.018212
Asat_OT3098_v2_chr7C	86000000	88000000	2000000	13235	0.006618
Asat_OT3098_v2_chr7C	88000000	90000000	2000000	4769	0.002384
Asat_OT3098_v2_chr7C	90000000	92000000	2000000	3962	0.001981
Asat_OT3098_v2_chr7C	92000000	94000000	2000000	28552	0.014276
Asat_OT3098_v2_chr7C	94000000	96000000	2000000	9405	0.004703
Asat_OT3098_v2_chr7C	96000000	98000000	2000000	12971	0.006485
Asat_OT3098_v2_chr7C	98000000	100000000	2000000	18391	0.009196
Asat_OT3098_v2_chr7C	100000000	102000000	2000000	20497	0.010249
Asat_OT3098_v2_chr7C	102000000	104000000	2000000	25961	0.012981
Asat_OT3098_v2_chr7C	104000000	106000000	2000000	20236	0.010118
Asat_OT3098_v2_chr7C	106000000	108000000	2000000	34083	0.017042
Asat_OT3098_v2_chr7C	108000000	110000000	2000000	42211	0.021105
Asat_OT3098_v2_chr7C	110000000	112000000	2000000	22259	0.011130
Asat_OT3098_v2_chr7C	112000000	114000000	2000000	10134	0.005067
Asat_OT3098_v2_chr7C	114000000	116000000	2000000	20041	0.010020
Asat_OT3098_v2_chr7C	116000000	118000000	2000000	45103	0.022551
Asat_OT3098_v2_chr7C	118000000	120000000	2000000	13194	0.006597
Asat_OT3098_v2_chr7C	120000000	122000000	2000000	7321	0.003661
Asat_OT3098_v2_chr7C	122000000	124000000	2000000	40730	0.020365
Asat_OT3098_v2_chr7C	124000000	126000000	2000000	7137	0.003569
Asat_OT3098_v2_chr7C	126000000	128000000	2000000	53970	0.026985
Asat_OT3098_v2_chr7C	128000000	130000000	2000000	0	0.000000
Asat_OT3098_v2_chr7C	130000000	132000000	2000000	0	0.000000
Asat_OT3098_v2_chr7C	132000000	134000000	2000000	0	0.000000
Asat_OT3098_v2_chr7C	134000000	136000000	2000000	47332	0.023666
Asat_OT3098_v2_chr7C	136000000	138000000	2000000	12521	0.006260
Asat_OT3098_v2_chr7C	138000000	140000000	2000000	18484	0.009242
Asat_OT3098_v2_chr7C	140000000	142000000	2000000	44607	0.022304
Asat_OT3098_v2_chr7C	142000000	144000000	2000000	31380	0.015690
Asat_OT3098_v2_chr7C	144000000	146000000	2000000	58566	0.029283
Asat_OT3098_v2_chr7C	146000000	148000000	2000000	13466	0.006733
Asat_OT3098_v2_chr7C	148000000	150000000	2000000	29796	0.014898
Asat_OT3098_v2_chr7C	150000000	152000000	2000000	0	0.000000
Asat_OT3098_v2_chr7C	152000000	154000000	2000000	30399	0.015199
Asat_OT3098_v2_chr7C	154000000	156000000	2000000	10507	0.005254
Asat_OT3098_v2_chr7C	156000000	158000000	2000000	40399	0.020199
Asat_OT3098_v2_chr7C	158000000	160000000	2000000	22191	0.011095
Asat_OT3098_v2_chr7C	160000000	162000000	2000000	62822	0.031411
Asat_OT3098_v2_chr7C	162000000	164000000	2000000	17889	0.008944
Asat_OT3098_v2_chr7C	164000000	166000000	2000000	19718	0.009859
Asat_OT3098_v2_chr7C	166000000	168000000	2000000	22033	0.011017
Asat_OT3098_v2_chr7C	168000000	170000000	2000000	49468	0.024734
Asat_OT3098_v2_chr7C	170000000	172000000	2000000	12823	0.006411
Asat_OT3098_v2_chr7C	172000000	174000000	2000000	34352	0.017176
Asat_OT3098_v2_chr7C	174000000	176000000	2000000	17840	0.008920
Asat_OT3098_v2_chr7C	176000000	178000000	2000000	32924	0.016462
Asat_OT3098_v2_chr7C	178000000	180000000	2000000	10565	0.005282
Asat_OT3098_v2_chr7C	180000000	182000000	2000000	16933	0.008467
Asat_OT3098_v2_chr7C	182000000	184000000	2000000	46187	0.023093
Asat_OT3098_v2_chr7C	184000000	186000000	2000000	0	0.000000
Asat_OT3098_v2_chr7C	186000000	188000000	2000000	36614	0.018307
Asat_OT3098_v2_chr7C	188000000	190000000	2000000	40305	0.020153
Asat_OT3098_v2_chr7C	190000000	192000000	2000000	58329	0.029164
Asat_OT3098_v2_chr7C	192000000	194000000	2000000	42735	0.021368
Asat_OT3098_v2_chr7C	194000000	196000000	2000000	41528	0.020764
Asat_OT3098_v2_chr7C	196000000	198000000	2000000	41185	0.020592
Asat_OT3098_v2_chr7C	198000000	200000000	2000000	17241	0.008620
Asat_OT3098_v2_chr7C	200000000	202000000	2000000	35786	0.017893
Asat_OT3098_v2_chr7C	202000000	204000000	2000000	57339	0.028670
Asat_OT3098_v2_chr7C	204000000	206000000	2000000	24124	0.012062
Asat_OT3098_v2_chr7C	206000000	208000000	2000000	78501	0.039251
Asat_OT3098_v2_chr7C	208000000	210000000	2000000	78847	0.039424
Asat_OT3098_v2_chr7C	210000000	212000000	2000000	35863	0.017931
Asat_OT3098_v2_chr7C	212000000	214000000	2000000	64381	0.032190
Asat_OT3098_v2_chr7C	214000000	216000000	2000000	35508	0.017754
Asat_OT3098_v2_chr7C	216000000	218000000	2000000	26514	0.013257
Asat_OT3098_v2_chr7C	218000000	220000000	2000000	31764	0.015882
Asat_OT3098_v2_chr7C	220000000	222000000	2000000	53901	0.026950
Asat_OT3098_v2_chr7C	222000000	224000000	2000000	41290	0.020645
Asat_OT3098_v2_chr7C	224000000	226000000	2000000	15154	0.007577
Asat_OT3098_v2_chr7C	226000000	228000000	2000000	47706	0.023853
Asat_OT3098_v2_chr7C	228000000	230000000	2000000	23928	0.011964
Asat_OT3098_v2_chr7C	230000000	232000000	2000000	57733	0.028866
Asat_OT3098_v2_chr7C	232000000	234000000	2000000	36177	0.018089
Asat_OT3098_v2_chr7C	234000000	236000000	2000000	52628	0.026314
Asat_OT3098_v2_chr7C	236000000	238000000	2000000	29990	0.014995
Asat_OT3098_v2_chr7C	238000000	240000000	2000000	23152	0.011576
Asat_OT3098_v2_chr7C	240000000	242000000	2000000	87721	0.043860
Asat_OT3098_v2_chr7C	242000000	244000000	2000000	65266	0.032633
Asat_OT3098_v2_chr7C	244000000	246000000	2000000	49359	0.024680
Asat_OT3098_v2_chr7C	246000000	248000000	2000000	62354	0.031177
Asat_OT3098_v2_chr7C	248000000	250000000	2000000	98781	0.049390
Asat_OT3098_v2_chr7C	250000000	252000000	2000000	30019	0.015010
Asat_OT3098_v2_chr7C	252000000	254000000	2000000	45030	0.022515
Asat_OT3098_v2_chr7C	254000000	256000000	2000000	61808	0.030904
Asat_OT3098_v2_chr7C	256000000	258000000	2000000	74850	0.037425
Asat_OT3098_v2_chr7C	258000000	260000000	2000000	56270	0.028135
Asat_OT3098_v2_chr7C	260000000	262000000	2000000	33660	0.016830
Asat_OT3098_v2_chr7C	262000000	264000000	2000000	44864	0.022432
Asat_OT3098_v2_chr7C	264000000	266000000	2000000	78278	0.039139
Asat_OT3098_v2_chr7C	266000000	268000000	2000000	67056	0.033528
Asat_OT3098_v2_chr7C	268000000	270000000	2000000	34501	0.017250
Asat_OT3098_v2_chr7C	270000000	272000000	2000000	37919	0.018960
Asat_OT3098_v2_chr7C	272000000	274000000	2000000	65635	0.032817
Asat_OT3098_v2_chr7C	274000000	276000000	2000000	37991	0.018995
Asat_OT3098_v2_chr7C	276000000	278000000	2000000	26078	0.013039
Asat_OT3098_v2_chr7C	278000000	280000000	2000000	92658	0.046329
Asat_OT3098_v2_chr7C	280000000	282000000	2000000	79694	0.039847
Asat_OT3098_v2_chr7C	282000000	284000000	2000000	51585	0.025792
Asat_OT3098_v2_chr7C	284000000	286000000	2000000	34506	0.017253
Asat_OT3098_v2_chr7C	286000000	288000000	2000000	21653	0.010826
Asat_OT3098_v2_chr7C	288000000	290000000	2000000	47173	0.023586
Asat_OT3098_v2_chr7C	290000000	292000000	2000000	41376	0.020688
Asat_OT3098_v2_chr7C	292000000	294000000	2000000	34961	0.017480
Asat_OT3098_v2_chr7C	294000000	296000000	2000000	22994	0.011497
Asat_OT3098_v2_chr7C	296000000	298000000	2000000	65482	0.032741
Asat_OT3098_v2_chr7C	298000000	300000000	2000000	39018	0.019509
Asat_OT3098_v2_chr7C	300000000	302000000	2000000	43378	0.021689
Asat_OT3098_v2_chr7C	302000000	304000000	2000000	82831	0.041416
Asat_OT3098_v2_chr7C	304000000	306000000	2000000	20378	0.010189
Asat_OT3098_v2_chr7C	306000000	308000000	2000000	36336	0.018168
Asat_OT3098_v2_chr7C	308000000	310000000	2000000	41424	0.020712
Asat_OT3098_v2_chr7C	310000000	312000000	2000000	39571	0.019786
Asat_OT3098_v2_chr7C	312000000	314000000	2000000	61459	0.030729
Asat_OT3098_v2_chr7C	314000000	316000000	2000000	57518	0.028759
Asat_OT3098_v2_chr7C	316000000	318000000	2000000	39634	0.019817
Asat_OT3098_v2_chr7C	318000000	320000000	2000000	41619	0.020810
Asat_OT3098_v2_chr7C	320000000	322000000	2000000	54075	0.027037
Asat_OT3098_v2_chr7C	322000000	324000000	2000000	78889	0.039445
Asat_OT3098_v2_chr7C	324000000	326000000	2000000	52065	0.026033
Asat_OT3098_v2_chr7C	326000000	328000000	2000000	33205	0.016602
Asat_OT3098_v2_chr7C	328000000	330000000	2000000	39951	0.019976
Asat_OT3098_v2_chr7C	330000000	332000000	2000000	22731	0.011366
Asat_OT3098_v2_chr7C	332000000	334000000	2000000	29994	0.014997
Asat_OT3098_v2_chr7C	334000000	336000000	2000000	9261	0.004631
Asat_OT3098_v2_chr7C	336000000	338000000	2000000	65854	0.032927
Asat_OT3098_v2_chr7C	338000000	340000000	2000000	21308	0.010654
Asat_OT3098_v2_chr7C	340000000	342000000	2000000	37658	0.018829
Asat_OT3098_v2_chr7C	342000000	344000000	2000000	66029	0.033015
Asat_OT3098_v2_chr7C	344000000	346000000	2000000	51944	0.025972
Asat_OT3098_v2_chr7C	346000000	348000000	2000000	53149	0.026575
Asat_OT3098_v2_chr7C	348000000	350000000	2000000	94926	0.047463
Asat_OT3098_v2_chr7C	350000000	352000000	2000000	75056	0.037528
Asat_OT3098_v2_chr7C	352000000	354000000	2000000	76130	0.038065
Asat_OT3098_v2_chr7C	354000000	356000000	2000000	40734	0.020367
Asat_OT3098_v2_chr7C	356000000	358000000	2000000	48487	0.024244
Asat_OT3098_v2_chr7C	358000000	360000000	2000000	58940	0.029470
Asat_OT3098_v2_chr7C	360000000	362000000	2000000	56495	0.028247
Asat_OT3098_v2_chr7C	362000000	364000000	2000000	34513	0.017257
Asat_OT3098_v2_chr7C	364000000	366000000	2000000	70347	0.035174
Asat_OT3098_v2_chr7C	366000000	368000000	2000000	30160	0.015080
Asat_OT3098_v2_chr7C	368000000	370000000	2000000	50699	0.025350
Asat_OT3098_v2_chr7C	370000000	372000000	2000000	47422	0.023711
Asat_OT3098_v2_chr7C	372000000	374000000	2000000	4812	0.002406
Asat_OT3098_v2_chr7C	374000000	376000000	2000000	28739	0.014370
Asat_OT3098_v2_chr7C	376000000	378000000	2000000	13512	0.006756
Asat_OT3098_v2_chr7C	378000000	380000000	2000000	41133	0.020567
Asat_OT3098_v2_chr7C	380000000	382000000	2000000	80049	0.040024
Asat_OT3098_v2_chr7C	382000000	384000000	2000000	35445	0.017722
Asat_OT3098_v2_chr7C	384000000	386000000	2000000	35589	0.017795
Asat_OT3098_v2_chr7C	386000000	388000000	2000000	26163	0.013081
Asat_OT3098_v2_chr7C	388000000	390000000	2000000	38614	0.019307
Asat_OT3098_v2_chr7C	390000000	392000000	2000000	46027	0.023013
Asat_OT3098_v2_chr7C	392000000	394000000	2000000	28774	0.014387
Asat_OT3098_v2_chr7C	394000000	396000000	2000000	23960	0.011980
Asat_OT3098_v2_chr7C	396000000	398000000	2000000	29839	0.014920
Asat_OT3098_v2_chr7C	398000000	400000000	2000000	43784	0.021892
Asat_OT3098_v2_chr7C	400000000	402000000	2000000	31563	0.015782
Asat_OT3098_v2_chr7C	402000000	404000000	2000000	15577	0.007789
Asat_OT3098_v2_chr7C	404000000	406000000	2000000	32079	0.016040
Asat_OT3098_v2_chr7C	406000000	408000000	2000000	36023	0.018011
Asat_OT3098_v2_chr7C	408000000	410000000	2000000	12540	0.006270
Asat_OT3098_v2_chr7C	410000000	412000000	2000000	41336	0.020668
Asat_OT3098_v2_chr7C	412000000	414000000	2000000	38635	0.019318
Asat_OT3098_v2_chr7C	414000000	416000000	2000000	34764	0.017382
Asat_OT3098_v2_chr7C	416000000	418000000	2000000	37913	0.018957
Asat_OT3098_v2_chr7C	418000000	420000000	2000000	63820	0.031910
Asat_OT3098_v2_chr7C	420000000	422000000	2000000	53960	0.026980
Asat_OT3098_v2_chr7C	422000000	424000000	2000000	65263	0.032632
Asat_OT3098_v2_chr7C	424000000	426000000	2000000	11868	0.005934
Asat_OT3098_v2_chr7C	426000000	428000000	2000000	11284	0.005642
Asat_OT3098_v2_chr7C	428000000	430000000	2000000	64305	0.032153
Asat_OT3098_v2_chr7C	430000000	432000000	2000000	77598	0.038799
Asat_OT3098_v2_chr7C	432000000	434000000	2000000	42383	0.021191
Asat_OT3098_v2_chr7C	434000000	436000000	2000000	29256	0.014628
Asat_OT3098_v2_chr7C	436000000	438000000	2000000	55059	0.027529
Asat_OT3098_v2_chr7C	438000000	440000000	2000000	20395	0.010197
Asat_OT3098_v2_chr7C	440000000	442000000	2000000	27956	0.013978
Asat_OT3098_v2_chr7C	442000000	444000000	2000000	39796	0.019898
Asat_OT3098_v2_chr7C	444000000	446000000	2000000	13127	0.006563
Asat_OT3098_v2_chr7C	446000000	448000000	2000000	70580	0.035290
Asat_OT3098_v2_chr7C	448000000	450000000	2000000	24218	0.012109
Asat_OT3098_v2_chr7C	450000000	452000000	2000000	3912	0.001956
Asat_OT3098_v2_chr7C	452000000	454000000	2000000	19963	0.009982
Asat_OT3098_v2_chr7C	454000000	456000000	2000000	11308	0.005654
Asat_OT3098_v2_chr7C	456000000	458000000	2000000	22477	0.011239
Asat_OT3098_v2_chr7C	458000000	460000000	2000000	18715	0.009357
Asat_OT3098_v2_chr7C	460000000	462000000	2000000	86773	0.043387
Asat_OT3098_v2_chr7C	462000000	464000000	2000000	20715	0.010358
Asat_OT3098_v2_chr7C	464000000	466000000	2000000	28289	0.014145
Asat_OT3098_v2_chr7C	466000000	468000000	2000000	21608	0.010804
Asat_OT3098_v2_chr7C	468000000	470000000	2000000	33841	0.016921
Asat_OT3098_v2_chr7C	470000000	472000000	2000000	90403	0.045201
Asat_OT3098_v2_chr7C	472000000	474000000	2000000	18835	0.009418
Asat_OT3098_v2_chr7C	474000000	476000000	2000000	54397	0.027199
Asat_OT3098_v2_chr7C	476000000	478000000	2000000	18590	0.009295
Asat_OT3098_v2_chr7C	478000000	480000000	2000000	21034	0.010517
Asat_OT3098_v2_chr7C	480000000	482000000	2000000	20704	0.010352
Asat_OT3098_v2_chr7C	482000000	484000000	2000000	21144	0.010572
Asat_OT3098_v2_chr7C	484000000	486000000	2000000	26717	0.013359
Asat_OT3098_v2_chr7C	486000000	488000000	2000000	38129	0.019065
Asat_OT3098_v2_chr7C	488000000	490000000	2000000	35218	0.017609
Asat_OT3098_v2_chr7C	490000000	492000000	2000000	55381	0.027690
Asat_OT3098_v2_chr7C	492000000	494000000	2000000	12105	0.006052
Asat_OT3098_v2_chr7C	494000000	496000000	2000000	45237	0.022618
Asat_OT3098_v2_chr7C	496000000	498000000	2000000	30077	0.015038
Asat_OT3098_v2_chr7C	498000000	500000000	2000000	17413	0.008707
Asat_OT3098_v2_chr7C	500000000	502000000	2000000	15513	0.007757
Asat_OT3098_v2_chr7C	502000000	504000000	2000000	59068	0.029534
Asat_OT3098_v2_chr7C	504000000	506000000	2000000	32317	0.016158
Asat_OT3098_v2_chr7C	506000000	508000000	2000000	12892	0.006446
Asat_OT3098_v2_chr7C	508000000	510000000	2000000	33295	0.016647
Asat_OT3098_v2_chr7C	510000000	512000000	2000000	30748	0.015374
Asat_OT3098_v2_chr7C	512000000	514000000	2000000	51592	0.025796
Asat_OT3098_v2_chr7C	514000000	516000000	2000000	11969	0.005985
Asat_OT3098_v2_chr7C	516000000	518000000	2000000	3645	0.001822
Asat_OT3098_v2_chr7C	518000000	520000000	2000000	43676	0.021838
Asat_OT3098_v2_chr7C	520000000	522000000	2000000	48471	0.024236
Asat_OT3098_v2_chr7C	522000000	524000000	2000000	46629	0.023314
Asat_OT3098_v2_chr7C	524000000	526000000	2000000	13079	0.006540
Asat_OT3098_v2_chr7C	526000000	528000000	2000000	41454	0.020727
Asat_OT3098_v2_chr7C	528000000	530000000	2000000	31483	0.015741
Asat_OT3098_v2_chr7C	530000000	532000000	2000000	14217	0.007109
Asat_OT3098_v2_chr7C	532000000	534000000	2000000	24231	0.012115
Asat_OT3098_v2_chr7C	534000000	536000000	2000000	19532	0.009766
Asat_OT3098_v2_chr7C	536000000	538000000	2000000	16496	0.008248
Asat_OT3098_v2_chr7C	538000000	540000000	2000000	42322	0.021161
Asat_OT3098_v2_chr7C	540000000	542000000	2000000	6821	0.003410
Asat_OT3098_v2_chr7C	542000000	544000000	2000000	4142	0.002071
Asat_OT3098_v2_chr7C	544000000	546000000	2000000	2406	0.001203
Asat_OT3098_v2_chr7C	546000000	548000000	2000000	21689	0.010844
Asat_OT3098_v2_chr7C	548000000	550000000	2000000	11965	0.005982
Asat_OT3098_v2_chr7C	550000000	551718542	1718542	0	0.000000
Asat_OT3098_v2_chr7D	0	2000000	2000000	0	0.000000
Asat_OT3098_v2_chr7D	2000000	4000000	2000000	0	0.000000
Asat_OT3098_v2_chr7D	4000000	6000000	2000000	0	0.000000
Asat_OT3098_v2_chr7D	6000000	8000000	2000000	10038	0.005019
Asat_OT3098_v2_chr7D	8000000	10000000	2000000	8635	0.004318
Asat_OT3098_v2_chr7D	10000000	12000000	2000000	3577	0.001788
Asat_OT3098_v2_chr7D	12000000	14000000	2000000	18460	0.009230
Asat_OT3098_v2_chr7D	14000000	16000000	2000000	0	0.000000
Asat_OT3098_v2_chr7D	16000000	18000000	2000000	0	0.000000
Asat_OT3098_v2_chr7D	18000000	20000000	2000000	0	0.000000
Asat_OT3098_v2_chr7D	20000000	22000000	2000000	20011	0.010006
Asat_OT3098_v2_chr7D	22000000	24000000	2000000	22817	0.011409
Asat_OT3098_v2_chr7D	24000000	26000000	2000000	0	0.000000
Asat_OT3098_v2_chr7D	26000000	28000000	2000000	9480	0.004740
Asat_OT3098_v2_chr7D	28000000	30000000	2000000	0	0.000000
Asat_OT3098_v2_chr7D	30000000	32000000	2000000	7741	0.003870
Asat_OT3098_v2_chr7D	32000000	34000000	2000000	13004	0.006502
Asat_OT3098_v2_chr7D	34000000	36000000	2000000	15698	0.007849
Asat_OT3098_v2_chr7D	36000000	38000000	2000000	0	0.000000
Asat_OT3098_v2_chr7D	38000000	40000000	2000000	14952	0.007476
Asat_OT3098_v2_chr7D	40000000	42000000	2000000	0	0.000000
Asat_OT3098_v2_chr7D	42000000	44000000	2000000	3892	0.001946
Asat_OT3098_v2_chr7D	44000000	46000000	2000000	20672	0.010336
Asat_OT3098_v2_chr7D	46000000	48000000	2000000	7465	0.003733
Asat_OT3098_v2_chr7D	48000000	50000000	2000000	7545	0.003772
Asat_OT3098_v2_chr7D	50000000	52000000	2000000	15501	0.007750
Asat_OT3098_v2_chr7D	52000000	54000000	2000000	9454	0.004727
Asat_OT3098_v2_chr7D	54000000	56000000	2000000	0	0.000000
Asat_OT3098_v2_chr7D	56000000	58000000	2000000	19510	0.009755
Asat_OT3098_v2_chr7D	58000000	60000000	2000000	7560	0.003780
Asat_OT3098_v2_chr7D	60000000	62000000	2000000	23820	0.011910
Asat_OT3098_v2_chr7D	62000000	64000000	2000000	5877	0.002939
Asat_OT3098_v2_chr7D	64000000	66000000	2000000	1037	0.000518
Asat_OT3098_v2_chr7D	66000000	68000000	2000000	37897	0.018949
Asat_OT3098_v2_chr7D	68000000	70000000	2000000	9480	0.004740
Asat_OT3098_v2_chr7D	70000000	72000000	2000000	43066	0.021533
Asat_OT3098_v2_chr7D	72000000	74000000	2000000	10277	0.005138
Asat_OT3098_v2_chr7D	74000000	76000000	2000000	20477	0.010238
Asat_OT3098_v2_chr7D	76000000	78000000	2000000	4647	0.002324
Asat_OT3098_v2_chr7D	78000000	80000000	2000000	18733	0.009366
Asat_OT3098_v2_chr7D	80000000	82000000	2000000	23072	0.011536
Asat_OT3098_v2_chr7D	82000000	84000000	2000000	12177	0.006089
Asat_OT3098_v2_chr7D	84000000	86000000	2000000	0	0.000000
Asat_OT3098_v2_chr7D	86000000	88000000	2000000	24390	0.012195
Asat_OT3098_v2_chr7D	88000000	90000000	2000000	7679	0.003840
Asat_OT3098_v2_chr7D	90000000	92000000	2000000	0	0.000000
Asat_OT3098_v2_chr7D	92000000	94000000	2000000	14510	0.007255
Asat_OT3098_v2_chr7D	94000000	96000000	2000000	17210	0.008605
Asat_OT3098_v2_chr7D	96000000	98000000	2000000	0	0.000000
Asat_OT3098_v2_chr7D	98000000	100000000	2000000	6535	0.003268
Asat_OT3098_v2_chr7D	100000000	102000000	2000000	9461	0.004731
Asat_OT3098_v2_chr7D	102000000	104000000	2000000	30860	0.015430
Asat_OT3098_v2_chr7D	104000000	106000000	2000000	33678	0.016839
Asat_OT3098_v2_chr7D	106000000	108000000	2000000	34097	0.017049
Asat_OT3098_v2_chr7D	108000000	110000000	2000000	9401	0.004700
Asat_OT3098_v2_chr7D	110000000	112000000	2000000	30879	0.015440
Asat_OT3098_v2_chr7D	112000000	114000000	2000000	32549	0.016275
Asat_OT3098_v2_chr7D	114000000	116000000	2000000	26683	0.013341
Asat_OT3098_v2_chr7D	116000000	118000000	2000000	65046	0.032523
Asat_OT3098_v2_chr7D	118000000	120000000	2000000	51476	0.025738
Asat_OT3098_v2_chr7D	120000000	122000000	2000000	37047	0.018523
Asat_OT3098_v2_chr7D	122000000	124000000	2000000	35873	0.017937
Asat_OT3098_v2_chr7D	124000000	126000000	2000000	10700	0.005350
Asat_OT3098_v2_chr7D	126000000	128000000	2000000	54916	0.027458
Asat_OT3098_v2_chr7D	128000000	130000000	2000000	10562	0.005281
Asat_OT3098_v2_chr7D	130000000	132000000	2000000	55648	0.027824
Asat_OT3098_v2_chr7D	132000000	134000000	2000000	29434	0.014717
Asat_OT3098_v2_chr7D	134000000	136000000	2000000	41045	0.020522
Asat_OT3098_v2_chr7D	136000000	138000000	2000000	7111	0.003556
Asat_OT3098_v2_chr7D	138000000	140000000	2000000	31894	0.015947
Asat_OT3098_v2_chr7D	140000000	142000000	2000000	20305	0.010153
Asat_OT3098_v2_chr7D	142000000	144000000	2000000	63061	0.031531
Asat_OT3098_v2_chr7D	144000000	146000000	2000000	52219	0.026110
Asat_OT3098_v2_chr7D	146000000	148000000	2000000	51710	0.025855
Asat_OT3098_v2_chr7D	148000000	150000000	2000000	13811	0.006906
Asat_OT3098_v2_chr7D	150000000	152000000	2000000	44092	0.022046
Asat_OT3098_v2_chr7D	152000000	154000000	2000000	19685	0.009843
Asat_OT3098_v2_chr7D	154000000	156000000	2000000	40707	0.020354
Asat_OT3098_v2_chr7D	156000000	158000000	2000000	59844	0.029922
Asat_OT3098_v2_chr7D	158000000	160000000	2000000	37272	0.018636
Asat_OT3098_v2_chr7D	160000000	162000000	2000000	40150	0.020075
Asat_OT3098_v2_chr7D	162000000	164000000	2000000	20636	0.010318
Asat_OT3098_v2_chr7D	164000000	166000000	2000000	27164	0.013582
Asat_OT3098_v2_chr7D	166000000	168000000	2000000	7539	0.003769
Asat_OT3098_v2_chr7D	168000000	170000000	2000000	9405	0.004703
Asat_OT3098_v2_chr7D	170000000	172000000	2000000	11651	0.005825
Asat_OT3098_v2_chr7D	172000000	174000000	2000000	27044	0.013522
Asat_OT3098_v2_chr7D	174000000	176000000	2000000	22212	0.011106
Asat_OT3098_v2_chr7D	176000000	178000000	2000000	9822	0.004911
Asat_OT3098_v2_chr7D	178000000	180000000	2000000	43684	0.021842
Asat_OT3098_v2_chr7D	180000000	182000000	2000000	43431	0.021715
Asat_OT3098_v2_chr7D	182000000	184000000	2000000	0	0.000000
Asat_OT3098_v2_chr7D	184000000	186000000	2000000	18603	0.009302
Asat_OT3098_v2_chr7D	186000000	188000000	2000000	18377	0.009189
Asat_OT3098_v2_chr7D	188000000	190000000	2000000	34973	0.017486
Asat_OT3098_v2_chr7D	190000000	192000000	2000000	28803	0.014401
Asat_OT3098_v2_chr7D	192000000	194000000	2000000	8934	0.004467
Asat_OT3098_v2_chr7D	194000000	196000000	2000000	20089	0.010044
Asat_OT3098_v2_chr7D	196000000	198000000	2000000	4829	0.002414
Asat_OT3098_v2_chr7D	198000000	200000000	2000000	49277	0.024639
Asat_OT3098_v2_chr7D	200000000	202000000	2000000	50896	0.025448
Asat_OT3098_v2_chr7D	202000000	204000000	2000000	9455	0.004727
Asat_OT3098_v2_chr7D	204000000	206000000	2000000	27604	0.013802
Asat_OT3098_v2_chr7D	206000000	208000000	2000000	2501	0.001251
Asat_OT3098_v2_chr7D	208000000	210000000	2000000	29261	0.014630
Asat_OT3098_v2_chr7D	210000000	212000000	2000000	64820	0.032410
Asat_OT3098_v2_chr7D	212000000	214000000	2000000	26051	0.013026
Asat_OT3098_v2_chr7D	214000000	216000000	2000000	27156	0.013578
Asat_OT3098_v2_chr7D	216000000	218000000	2000000	19718	0.009859
Asat_OT3098_v2_chr7D	218000000	220000000	2000000	56999	0.028500
Asat_OT3098_v2_chr7D	220000000	222000000	2000000	16873	0.008436
Asat_OT3098_v2_chr7D	222000000	224000000	2000000	14012	0.007006
Asat_OT3098_v2_chr7D	224000000	226000000	2000000	0	0.000000
Asat_OT3098_v2_chr7D	226000000	228000000	2000000	10377	0.005189
Asat_OT3098_v2_chr7D	228000000	230000000	2000000	4999	0.002499
Asat_OT3098_v2_chr7D	230000000	232000000	2000000	15266	0.007633
Asat_OT3098_v2_chr7D	232000000	234000000	2000000	21641	0.010821
Asat_OT3098_v2_chr7D	234000000	236000000	2000000	44530	0.022265
Asat_OT3098_v2_chr7D	236000000	238000000	2000000	43480	0.021740
Asat_OT3098_v2_chr7D	238000000	240000000	2000000	11027	0.005514
Asat_OT3098_v2_chr7D	240000000	242000000	2000000	10193	0.005097
Asat_OT3098_v2_chr7D	242000000	244000000	2000000	0	0.000000
Asat_OT3098_v2_chr7D	244000000	246000000	2000000	16245	0.008122
Asat_OT3098_v2_chr7D	246000000	248000000	2000000	30874	0.015437
Asat_OT3098_v2_chr7D	248000000	250000000	2000000	41074	0.020537
Asat_OT3098_v2_chr7D	250000000	252000000	2000000	19436	0.009718
Asat_OT3098_v2_chr7D	252000000	254000000	2000000	12379	0.006189
Asat_OT3098_v2_chr7D	254000000	256000000	2000000	32960	0.016480
Asat_OT3098_v2_chr7D	256000000	258000000	2000000	49542	0.024771
Asat_OT3098_v2_chr7D	258000000	260000000	2000000	40714	0.020357
Asat_OT3098_v2_chr7D	260000000	262000000	2000000	35805	0.017902
Asat_OT3098_v2_chr7D	262000000	264000000	2000000	26594	0.013297
Asat_OT3098_v2_chr7D	264000000	266000000	2000000	9732	0.004866
Asat_OT3098_v2_chr7D	266000000	268000000	2000000	15316	0.007658
Asat_OT3098_v2_chr7D	268000000	270000000	2000000	24815	0.012408
Asat_OT3098_v2_chr7D	270000000	272000000	2000000	24486	0.012243
Asat_OT3098_v2_chr7D	272000000	274000000	2000000	1138	0.000569
Asat_OT3098_v2_chr7D	274000000	276000000	2000000	38247	0.019124
Asat_OT3098_v2_chr7D	276000000	278000000	2000000	21950	0.010975
Asat_OT3098_v2_chr7D	278000000	280000000	2000000	16492	0.008246
Asat_OT3098_v2_chr7D	280000000	282000000	2000000	12997	0.006498
Asat_OT3098_v2_chr7D	282000000	284000000	2000000	9313	0.004657
Asat_OT3098_v2_chr7D	284000000	286000000	2000000	19545	0.009772
Asat_OT3098_v2_chr7D	286000000	288000000	2000000	60355	0.030177
Asat_OT3098_v2_chr7D	288000000	290000000	2000000	26600	0.013300
Asat_OT3098_v2_chr7D	290000000	292000000	2000000	10501	0.005250
Asat_OT3098_v2_chr7D	292000000	294000000	2000000	18160	0.009080
Asat_OT3098_v2_chr7D	294000000	296000000	2000000	13596	0.006798
Asat_OT3098_v2_chr7D	296000000	298000000	2000000	38110	0.019055
Asat_OT3098_v2_chr7D	298000000	300000000	2000000	14107	0.007053
Asat_OT3098_v2_chr7D	300000000	302000000	2000000	9879	0.004940
Asat_OT3098_v2_chr7D	302000000	304000000	2000000	18583	0.009291
Asat_OT3098_v2_chr7D	304000000	306000000	2000000	13045	0.006522
Asat_OT3098_v2_chr7D	306000000	308000000	2000000	31806	0.015903
Asat_OT3098_v2_chr7D	308000000	310000000	2000000	38061	0.019030
Asat_OT3098_v2_chr7D	310000000	312000000	2000000	21538	0.010769
Asat_OT3098_v2_chr7D	312000000	314000000	2000000	13088	0.006544
Asat_OT3098_v2_chr7D	314000000	316000000	2000000	22134	0.011067
Asat_OT3098_v2_chr7D	316000000	318000000	2000000	18169	0.009085
Asat_OT3098_v2_chr7D	318000000	320000000	2000000	23967	0.011983
Asat_OT3098_v2_chr7D	320000000	322000000	2000000	20746	0.010373
Asat_OT3098_v2_chr7D	322000000	324000000	2000000	0	0.000000
Asat_OT3098_v2_chr7D	324000000	326000000	2000000	15962	0.007981
Asat_OT3098_v2_chr7D	326000000	328000000	2000000	18985	0.009492
Asat_OT3098_v2_chr7D	328000000	330000000	2000000	3895	0.001948
Asat_OT3098_v2_chr7D	330000000	332000000	2000000	18145	0.009073
Asat_OT3098_v2_chr7D	332000000	334000000	2000000	5820	0.002910
Asat_OT3098_v2_chr7D	334000000	336000000	2000000	22784	0.011392
Asat_OT3098_v2_chr7D	336000000	338000000	2000000	29331	0.014665
Asat_OT3098_v2_chr7D	338000000	340000000	2000000	19629	0.009815
Asat_OT3098_v2_chr7D	340000000	342000000	2000000	11694	0.005847
Asat_OT3098_v2_chr7D	342000000	344000000	2000000	4721	0.002361
Asat_OT3098_v2_chr7D	344000000	346000000	2000000	29308	0.014654
Asat_OT3098_v2_chr7D	346000000	348000000	2000000	28051	0.014025
Asat_OT3098_v2_chr7D	348000000	350000000	2000000	34164	0.017082
Asat_OT3098_v2_chr7D	350000000	352000000	2000000	14816	0.007408
Asat_OT3098_v2_chr7D	352000000	354000000	2000000	29031	0.014516
Asat_OT3098_v2_chr7D	354000000	356000000	2000000	11845	0.005922
Asat_OT3098_v2_chr7D	356000000	358000000	2000000	33320	0.016660
Asat_OT3098_v2_chr7D	358000000	360000000	2000000	8804	0.004402
Asat_OT3098_v2_chr7D	360000000	362000000	2000000	41706	0.020853
Asat_OT3098_v2_chr7D	362000000	364000000	2000000	18165	0.009083
Asat_OT3098_v2_chr7D	364000000	366000000	2000000	55178	0.027589
Asat_OT3098_v2_chr7D	366000000	368000000	2000000	0	0.000000
Asat_OT3098_v2_chr7D	368000000	370000000	2000000	4762	0.002381
Asat_OT3098_v2_chr7D	370000000	372000000	2000000	28889	0.014445
Asat_OT3098_v2_chr7D	372000000	374000000	2000000	4112	0.002056
Asat_OT3098_v2_chr7D	374000000	376000000	2000000	35780	0.017890
Asat_OT3098_v2_chr7D	376000000	378000000	2000000	31589	0.015794
Asat_OT3098_v2_chr7D	378000000	380000000	2000000	14735	0.007367
Asat_OT3098_v2_chr7D	380000000	382000000	2000000	9456	0.004728
Asat_OT3098_v2_chr7D	382000000	384000000	2000000	10000	0.005000
Asat_OT3098_v2_chr7D	384000000	386000000	2000000	35690	0.017845
Asat_OT3098_v2_chr7D	386000000	388000000	2000000	0	0.000000
Asat_OT3098_v2_chr7D	388000000	390000000	2000000	10006	0.005003
Asat_OT3098_v2_chr7D	390000000	392000000	2000000	6320	0.003160
Asat_OT3098_v2_chr7D	392000000	394000000	2000000	11165	0.005582
Asat_OT3098_v2_chr7D	394000000	396000000	2000000	19015	0.009508
Asat_OT3098_v2_chr7D	396000000	398000000	2000000	13661	0.006830
Asat_OT3098_v2_chr7D	398000000	400000000	2000000	28977	0.014488
Asat_OT3098_v2_chr7D	400000000	402000000	2000000	37278	0.018639
Asat_OT3098_v2_chr7D	402000000	404000000	2000000	16463	0.008231
Asat_OT3098_v2_chr7D	404000000	406000000	2000000	0	0.000000
Asat_OT3098_v2_chr7D	406000000	408000000	2000000	4359	0.002180
Asat_OT3098_v2_chr7D	408000000	410000000	2000000	4653	0.002327
Asat_OT3098_v2_chr7D	410000000	412000000	2000000	0	0.000000
Asat_OT3098_v2_chr7D	412000000	414000000	2000000	0	0.000000
Asat_OT3098_v2_chr7D	414000000	416000000	2000000	5525	0.002763
Asat_OT3098_v2_chr7D	416000000	418000000	2000000	7665	0.003832
Asat_OT3098_v2_chr7D	418000000	420000000	2000000	23100	0.011550
Asat_OT3098_v2_chr7D	420000000	422000000	2000000	0	0.000000
Asat_OT3098_v2_chr7D	422000000	424000000	2000000	31089	0.015544
Asat_OT3098_v2_chr7D	424000000	426000000	2000000	2319	0.001159
Asat_OT3098_v2_chr7D	426000000	428000000	2000000	0	0.000000
Asat_OT3098_v2_chr7D	428000000	430000000	2000000	24168	0.012084
Asat_OT3098_v2_chr7D	430000000	432000000	2000000	0	0.000000
Asat_OT3098_v2_chr7D	432000000	434000000	2000000	7162	0.003581
Asat_OT3098_v2_chr7D	434000000	436000000	2000000	16363	0.008181
Asat_OT3098_v2_chr7D	436000000	438000000	2000000	0	0.000000
Asat_OT3098_v2_chr7D	438000000	440000000	2000000	0	0.000000
Asat_OT3098_v2_chr7D	440000000	442000000	2000000	0	0.000000
Asat_OT3098_v2_chr7D	442000000	444000000	2000000	0	0.000000
Asat_OT3098_v2_chr7D	444000000	446000000	2000000	12905	0.006452
Asat_OT3098_v2_chr7D	446000000	448000000	2000000	19933	0.009966
Asat_OT3098_v2_chr7D	448000000	450000000	2000000	51608	0.025804
Asat_OT3098_v2_chr7D	450000000	452000000	2000000	24836	0.012418
Asat_OT3098_v2_chr7D	452000000	454000000	2000000	9864	0.004932
Asat_OT3098_v2_chr7D	454000000	456000000	2000000	0	0.000000
Asat_OT3098_v2_chr7D	456000000	458000000	2000000	4878	0.002439
Asat_OT3098_v2_chr7D	458000000	460000000	2000000	0	0.000000
Asat_OT3098_v2_chr7D	460000000	462000000	2000000	0	0.000000
Asat_OT3098_v2_chr7D	462000000	464000000	2000000	27061	0.013531
Asat_OT3098_v2_chr7D	464000000	466000000	2000000	2309	0.001154
Asat_OT3098_v2_chr7D	466000000	468000000	2000000	24969	0.012485
Asat_OT3098_v2_chr7D	468000000	470000000	2000000	18316	0.009158
Asat_OT3098_v2_chr7D	470000000	472000000	2000000	0	0.000000
Asat_OT3098_v2_chr7D	472000000	474000000	2000000	24993	0.012497
Asat_OT3098_v2_chr7D	474000000	476000000	2000000	13647	0.006823
Asat_OT3098_v2_chr7D	476000000	478000000	2000000	13408	0.006704
Asat_OT3098_v2_chr7D	478000000	480000000	2000000	0	0.000000
Asat_OT3098_v2_chr7D	480000000	482000000	2000000	14486	0.007243
Asat_OT3098_v2_chr7D	482000000	484000000	2000000	5317	0.002658
Asat_OT3098_v2_chr7D	484000000	486000000	2000000	0	0.000000
Asat_OT3098_v2_chr7D	486000000	488000000	2000000	0	0.000000
Asat_OT3098_v2_chr7D	488000000	490000000	2000000	8144	0.004072
Asat_OT3098_v2_chr7D	490000000	492000000	2000000	0	0.000000
Asat_OT3098_v2_chr7D	492000000	494000000	2000000	4726	0.002363
Asat_OT3098_v2_chr7D	494000000	496000000	2000000	0	0.000000
Asat_OT3098_v2_chr7D	496000000	498000000	2000000	0	0.000000
Asat_OT3098_v2_chr7D	498000000	500000000	2000000	0	0.000000
Asat_OT3098_v2_chr7D	500000000	502000000	2000000	0	0.000000
Asat_OT3098_v2_chr7D	502000000	504000000	2000000	0	0.000000
Asat_OT3098_v2_chr7D	504000000	506000000	2000000	0	0.000000
Asat_OT3098_v2_chr7D	506000000	508000000	2000000	16710	0.008355
Asat_OT3098_v2_chr7D	508000000	510000000	2000000	21630	0.010815
Asat_OT3098_v2_chr7D	510000000	512000000	2000000	14612	0.007306
Asat_OT3098_v2_chr7D	512000000	514000000	2000000	0	0.000000
Asat_OT3098_v2_chr7D	514000000	516000000	2000000	14348	0.007174
Asat_OT3098_v2_chr7D	516000000	518000000	2000000	17159	0.008580
Asat_OT3098_v2_chr7D	518000000	520000000	2000000	0	0.000000
Asat_OT3098_v2_chr7D	520000000	522000000	2000000	11434	0.005717
Asat_OT3098_v2_chr7D	522000000	524000000	2000000	2437	0.001218
Asat_OT3098_v2_chr7D	524000000	526000000	2000000	0	0.000000
Asat_OT3098_v2_chr7D	526000000	528000000	2000000	9830	0.004915
Asat_OT3098_v2_chr7D	528000000	528225653	225653	4718	0.020908
