Asat_OT3098_v2_chr1A	0	2000000	2000000	0	0.000000
Asat_OT3098_v2_chr1A	2000000	4000000	2000000	0	0.000000
Asat_OT3098_v2_chr1A	4000000	6000000	2000000	0	0.000000
Asat_OT3098_v2_chr1A	6000000	8000000	2000000	0	0.000000
Asat_OT3098_v2_chr1A	8000000	10000000	2000000	0	0.000000
Asat_OT3098_v2_chr1A	10000000	12000000	2000000	0	0.000000
Asat_OT3098_v2_chr1A	12000000	14000000	2000000	0	0.000000
Asat_OT3098_v2_chr1A	14000000	16000000	2000000	0	0.000000
Asat_OT3098_v2_chr1A	16000000	18000000	2000000	0	0.000000
Asat_OT3098_v2_chr1A	18000000	20000000	2000000	0	0.000000
Asat_OT3098_v2_chr1A	20000000	22000000	2000000	0	0.000000
Asat_OT3098_v2_chr1A	22000000	24000000	2000000	0	0.000000
Asat_OT3098_v2_chr1A	24000000	26000000	2000000	0	0.000000
Asat_OT3098_v2_chr1A	26000000	28000000	2000000	0	0.000000
Asat_OT3098_v2_chr1A	28000000	30000000	2000000	0	0.000000
Asat_OT3098_v2_chr1A	30000000	32000000	2000000	0	0.000000
Asat_OT3098_v2_chr1A	32000000	34000000	2000000	0	0.000000
Asat_OT3098_v2_chr1A	34000000	36000000	2000000	0	0.000000
Asat_OT3098_v2_chr1A	36000000	38000000	2000000	0	0.000000
Asat_OT3098_v2_chr1A	38000000	40000000	2000000	0	0.000000
Asat_OT3098_v2_chr1A	40000000	42000000	2000000	0	0.000000
Asat_OT3098_v2_chr1A	42000000	44000000	2000000	0	0.000000
Asat_OT3098_v2_chr1A	44000000	46000000	2000000	0	0.000000
Asat_OT3098_v2_chr1A	46000000	48000000	2000000	0	0.000000
Asat_OT3098_v2_chr1A	48000000	50000000	2000000	0	0.000000
Asat_OT3098_v2_chr1A	50000000	52000000	2000000	0	0.000000
Asat_OT3098_v2_chr1A	52000000	54000000	2000000	0	0.000000
Asat_OT3098_v2_chr1A	54000000	56000000	2000000	0	0.000000
Asat_OT3098_v2_chr1A	56000000	58000000	2000000	0	0.000000
Asat_OT3098_v2_chr1A	58000000	60000000	2000000	0	0.000000
Asat_OT3098_v2_chr1A	60000000	62000000	2000000	0	0.000000
Asat_OT3098_v2_chr1A	62000000	64000000	2000000	0	0.000000
Asat_OT3098_v2_chr1A	64000000	66000000	2000000	0	0.000000
Asat_OT3098_v2_chr1A	66000000	68000000	2000000	0	0.000000
Asat_OT3098_v2_chr1A	68000000	70000000	2000000	0	0.000000
Asat_OT3098_v2_chr1A	70000000	72000000	2000000	0	0.000000
Asat_OT3098_v2_chr1A	72000000	74000000	2000000	0	0.000000
Asat_OT3098_v2_chr1A	74000000	76000000	2000000	0	0.000000
Asat_OT3098_v2_chr1A	76000000	78000000	2000000	0	0.000000
Asat_OT3098_v2_chr1A	78000000	80000000	2000000	0	0.000000
Asat_OT3098_v2_chr1A	80000000	82000000	2000000	0	0.000000
Asat_OT3098_v2_chr1A	82000000	84000000	2000000	0	0.000000
Asat_OT3098_v2_chr1A	84000000	86000000	2000000	0	0.000000
Asat_OT3098_v2_chr1A	86000000	88000000	2000000	0	0.000000
Asat_OT3098_v2_chr1A	88000000	90000000	2000000	0	0.000000
Asat_OT3098_v2_chr1A	90000000	92000000	2000000	0	0.000000
Asat_OT3098_v2_chr1A	92000000	94000000	2000000	0	0.000000
Asat_OT3098_v2_chr1A	94000000	96000000	2000000	0	0.000000
Asat_OT3098_v2_chr1A	96000000	98000000	2000000	0	0.000000
Asat_OT3098_v2_chr1A	98000000	100000000	2000000	0	0.000000
Asat_OT3098_v2_chr1A	100000000	102000000	2000000	0	0.000000
Asat_OT3098_v2_chr1A	102000000	104000000	2000000	0	0.000000
Asat_OT3098_v2_chr1A	104000000	106000000	2000000	0	0.000000
Asat_OT3098_v2_chr1A	106000000	108000000	2000000	0	0.000000
Asat_OT3098_v2_chr1A	108000000	110000000	2000000	0	0.000000
Asat_OT3098_v2_chr1A	110000000	112000000	2000000	0	0.000000
Asat_OT3098_v2_chr1A	112000000	114000000	2000000	0	0.000000
Asat_OT3098_v2_chr1A	114000000	116000000	2000000	0	0.000000
Asat_OT3098_v2_chr1A	116000000	118000000	2000000	0	0.000000
Asat_OT3098_v2_chr1A	118000000	120000000	2000000	0	0.000000
Asat_OT3098_v2_chr1A	120000000	122000000	2000000	0	0.000000
Asat_OT3098_v2_chr1A	122000000	124000000	2000000	0	0.000000
Asat_OT3098_v2_chr1A	124000000	126000000	2000000	0	0.000000
Asat_OT3098_v2_chr1A	126000000	128000000	2000000	0	0.000000
Asat_OT3098_v2_chr1A	128000000	130000000	2000000	0	0.000000
Asat_OT3098_v2_chr1A	130000000	132000000	2000000	0	0.000000
Asat_OT3098_v2_chr1A	132000000	134000000	2000000	0	0.000000
Asat_OT3098_v2_chr1A	134000000	136000000	2000000	0	0.000000
Asat_OT3098_v2_chr1A	136000000	138000000	2000000	0	0.000000
Asat_OT3098_v2_chr1A	138000000	140000000	2000000	0	0.000000
Asat_OT3098_v2_chr1A	140000000	142000000	2000000	0	0.000000
Asat_OT3098_v2_chr1A	142000000	144000000	2000000	0	0.000000
Asat_OT3098_v2_chr1A	144000000	146000000	2000000	0	0.000000
Asat_OT3098_v2_chr1A	146000000	148000000	2000000	0	0.000000
Asat_OT3098_v2_chr1A	148000000	150000000	2000000	0	0.000000
Asat_OT3098_v2_chr1A	150000000	152000000	2000000	0	0.000000
Asat_OT3098_v2_chr1A	152000000	154000000	2000000	0	0.000000
Asat_OT3098_v2_chr1A	154000000	156000000	2000000	0	0.000000
Asat_OT3098_v2_chr1A	156000000	158000000	2000000	0	0.000000
Asat_OT3098_v2_chr1A	158000000	160000000	2000000	0	0.000000
Asat_OT3098_v2_chr1A	160000000	162000000	2000000	0	0.000000
Asat_OT3098_v2_chr1A	162000000	164000000	2000000	0	0.000000
Asat_OT3098_v2_chr1A	164000000	166000000	2000000	0	0.000000
Asat_OT3098_v2_chr1A	166000000	168000000	2000000	0	0.000000
Asat_OT3098_v2_chr1A	168000000	170000000	2000000	0	0.000000
Asat_OT3098_v2_chr1A	170000000	172000000	2000000	0	0.000000
Asat_OT3098_v2_chr1A	172000000	174000000	2000000	0	0.000000
Asat_OT3098_v2_chr1A	174000000	176000000	2000000	0	0.000000
Asat_OT3098_v2_chr1A	176000000	178000000	2000000	0	0.000000
Asat_OT3098_v2_chr1A	178000000	180000000	2000000	0	0.000000
Asat_OT3098_v2_chr1A	180000000	182000000	2000000	0	0.000000
Asat_OT3098_v2_chr1A	182000000	184000000	2000000	0	0.000000
Asat_OT3098_v2_chr1A	184000000	186000000	2000000	0	0.000000
Asat_OT3098_v2_chr1A	186000000	188000000	2000000	0	0.000000
Asat_OT3098_v2_chr1A	188000000	190000000	2000000	0	0.000000
Asat_OT3098_v2_chr1A	190000000	192000000	2000000	0	0.000000
Asat_OT3098_v2_chr1A	192000000	194000000	2000000	0	0.000000
Asat_OT3098_v2_chr1A	194000000	196000000	2000000	0	0.000000
Asat_OT3098_v2_chr1A	196000000	198000000	2000000	0	0.000000
Asat_OT3098_v2_chr1A	198000000	200000000	2000000	0	0.000000
Asat_OT3098_v2_chr1A	200000000	202000000	2000000	0	0.000000
Asat_OT3098_v2_chr1A	202000000	204000000	2000000	0	0.000000
Asat_OT3098_v2_chr1A	204000000	206000000	2000000	0	0.000000
Asat_OT3098_v2_chr1A	206000000	208000000	2000000	0	0.000000
Asat_OT3098_v2_chr1A	208000000	210000000	2000000	0	0.000000
Asat_OT3098_v2_chr1A	210000000	212000000	2000000	0	0.000000
Asat_OT3098_v2_chr1A	212000000	214000000	2000000	0	0.000000
Asat_OT3098_v2_chr1A	214000000	216000000	2000000	0	0.000000
Asat_OT3098_v2_chr1A	216000000	218000000	2000000	0	0.000000
Asat_OT3098_v2_chr1A	218000000	220000000	2000000	0	0.000000
Asat_OT3098_v2_chr1A	220000000	222000000	2000000	0	0.000000
Asat_OT3098_v2_chr1A	222000000	224000000	2000000	0	0.000000
Asat_OT3098_v2_chr1A	224000000	226000000	2000000	0	0.000000
Asat_OT3098_v2_chr1A	226000000	228000000	2000000	0	0.000000
Asat_OT3098_v2_chr1A	228000000	230000000	2000000	0	0.000000
Asat_OT3098_v2_chr1A	230000000	232000000	2000000	0	0.000000
Asat_OT3098_v2_chr1A	232000000	234000000	2000000	0	0.000000
Asat_OT3098_v2_chr1A	234000000	236000000	2000000	0	0.000000
Asat_OT3098_v2_chr1A	236000000	238000000	2000000	0	0.000000
Asat_OT3098_v2_chr1A	238000000	240000000	2000000	0	0.000000
Asat_OT3098_v2_chr1A	240000000	242000000	2000000	0	0.000000
Asat_OT3098_v2_chr1A	242000000	244000000	2000000	0	0.000000
Asat_OT3098_v2_chr1A	244000000	246000000	2000000	0	0.000000
Asat_OT3098_v2_chr1A	246000000	248000000	2000000	0	0.000000
Asat_OT3098_v2_chr1A	248000000	250000000	2000000	0	0.000000
Asat_OT3098_v2_chr1A	250000000	252000000	2000000	0	0.000000
Asat_OT3098_v2_chr1A	252000000	254000000	2000000	0	0.000000
Asat_OT3098_v2_chr1A	254000000	256000000	2000000	0	0.000000
Asat_OT3098_v2_chr1A	256000000	258000000	2000000	0	0.000000
Asat_OT3098_v2_chr1A	258000000	260000000	2000000	0	0.000000
Asat_OT3098_v2_chr1A	260000000	262000000	2000000	0	0.000000
Asat_OT3098_v2_chr1A	262000000	264000000	2000000	0	0.000000
Asat_OT3098_v2_chr1A	264000000	266000000	2000000	0	0.000000
Asat_OT3098_v2_chr1A	266000000	268000000	2000000	0	0.000000
Asat_OT3098_v2_chr1A	268000000	270000000	2000000	0	0.000000
Asat_OT3098_v2_chr1A	270000000	272000000	2000000	0	0.000000
Asat_OT3098_v2_chr1A	272000000	274000000	2000000	0	0.000000
Asat_OT3098_v2_chr1A	274000000	276000000	2000000	0	0.000000
Asat_OT3098_v2_chr1A	276000000	278000000	2000000	0	0.000000
Asat_OT3098_v2_chr1A	278000000	280000000	2000000	0	0.000000
Asat_OT3098_v2_chr1A	280000000	282000000	2000000	0	0.000000
Asat_OT3098_v2_chr1A	282000000	284000000	2000000	0	0.000000
Asat_OT3098_v2_chr1A	284000000	286000000	2000000	0	0.000000
Asat_OT3098_v2_chr1A	286000000	288000000	2000000	0	0.000000
Asat_OT3098_v2_chr1A	288000000	290000000	2000000	0	0.000000
Asat_OT3098_v2_chr1A	290000000	292000000	2000000	0	0.000000
Asat_OT3098_v2_chr1A	292000000	294000000	2000000	0	0.000000
Asat_OT3098_v2_chr1A	294000000	296000000	2000000	0	0.000000
Asat_OT3098_v2_chr1A	296000000	298000000	2000000	0	0.000000
Asat_OT3098_v2_chr1A	298000000	300000000	2000000	0	0.000000
Asat_OT3098_v2_chr1A	300000000	302000000	2000000	0	0.000000
Asat_OT3098_v2_chr1A	302000000	304000000	2000000	0	0.000000
Asat_OT3098_v2_chr1A	304000000	306000000	2000000	0	0.000000
Asat_OT3098_v2_chr1A	306000000	308000000	2000000	0	0.000000
Asat_OT3098_v2_chr1A	308000000	310000000	2000000	0	0.000000
Asat_OT3098_v2_chr1A	310000000	312000000	2000000	0	0.000000
Asat_OT3098_v2_chr1A	312000000	314000000	2000000	0	0.000000
Asat_OT3098_v2_chr1A	314000000	316000000	2000000	0	0.000000
Asat_OT3098_v2_chr1A	316000000	318000000	2000000	0	0.000000
Asat_OT3098_v2_chr1A	318000000	320000000	2000000	0	0.000000
Asat_OT3098_v2_chr1A	320000000	322000000	2000000	0	0.000000
Asat_OT3098_v2_chr1A	322000000	324000000	2000000	0	0.000000
Asat_OT3098_v2_chr1A	324000000	326000000	2000000	0	0.000000
Asat_OT3098_v2_chr1A	326000000	328000000	2000000	0	0.000000
Asat_OT3098_v2_chr1A	328000000	330000000	2000000	0	0.000000
Asat_OT3098_v2_chr1A	330000000	332000000	2000000	0	0.000000
Asat_OT3098_v2_chr1A	332000000	334000000	2000000	0	0.000000
Asat_OT3098_v2_chr1A	334000000	336000000	2000000	0	0.000000
Asat_OT3098_v2_chr1A	336000000	338000000	2000000	0	0.000000
Asat_OT3098_v2_chr1A	338000000	340000000	2000000	0	0.000000
Asat_OT3098_v2_chr1A	340000000	342000000	2000000	0	0.000000
Asat_OT3098_v2_chr1A	342000000	344000000	2000000	0	0.000000
Asat_OT3098_v2_chr1A	344000000	346000000	2000000	0	0.000000
Asat_OT3098_v2_chr1A	346000000	348000000	2000000	0	0.000000
Asat_OT3098_v2_chr1A	348000000	350000000	2000000	0	0.000000
Asat_OT3098_v2_chr1A	350000000	352000000	2000000	0	0.000000
Asat_OT3098_v2_chr1A	352000000	354000000	2000000	0	0.000000
Asat_OT3098_v2_chr1A	354000000	356000000	2000000	0	0.000000
Asat_OT3098_v2_chr1A	356000000	358000000	2000000	0	0.000000
Asat_OT3098_v2_chr1A	358000000	360000000	2000000	0	0.000000
Asat_OT3098_v2_chr1A	360000000	362000000	2000000	0	0.000000
Asat_OT3098_v2_chr1A	362000000	364000000	2000000	0	0.000000
Asat_OT3098_v2_chr1A	364000000	366000000	2000000	0	0.000000
Asat_OT3098_v2_chr1A	366000000	368000000	2000000	0	0.000000
Asat_OT3098_v2_chr1A	368000000	370000000	2000000	0	0.000000
Asat_OT3098_v2_chr1A	370000000	372000000	2000000	0	0.000000
Asat_OT3098_v2_chr1A	372000000	374000000	2000000	0	0.000000
Asat_OT3098_v2_chr1A	374000000	376000000	2000000	0	0.000000
Asat_OT3098_v2_chr1A	376000000	378000000	2000000	0	0.000000
Asat_OT3098_v2_chr1A	378000000	380000000	2000000	0	0.000000
Asat_OT3098_v2_chr1A	380000000	382000000	2000000	0	0.000000
Asat_OT3098_v2_chr1A	382000000	384000000	2000000	0	0.000000
Asat_OT3098_v2_chr1A	384000000	386000000	2000000	0	0.000000
Asat_OT3098_v2_chr1A	386000000	388000000	2000000	0	0.000000
Asat_OT3098_v2_chr1A	388000000	390000000	2000000	0	0.000000
Asat_OT3098_v2_chr1A	390000000	392000000	2000000	0	0.000000
Asat_OT3098_v2_chr1A	392000000	394000000	2000000	0	0.000000
Asat_OT3098_v2_chr1A	394000000	396000000	2000000	0	0.000000
Asat_OT3098_v2_chr1A	396000000	398000000	2000000	0	0.000000
Asat_OT3098_v2_chr1A	398000000	400000000	2000000	0	0.000000
Asat_OT3098_v2_chr1A	400000000	402000000	2000000	0	0.000000
Asat_OT3098_v2_chr1A	402000000	404000000	2000000	0	0.000000
Asat_OT3098_v2_chr1A	404000000	406000000	2000000	0	0.000000
Asat_OT3098_v2_chr1A	406000000	408000000	2000000	0	0.000000
Asat_OT3098_v2_chr1A	408000000	410000000	2000000	0	0.000000
Asat_OT3098_v2_chr1A	410000000	412000000	2000000	0	0.000000
Asat_OT3098_v2_chr1A	412000000	414000000	2000000	0	0.000000
Asat_OT3098_v2_chr1A	414000000	416000000	2000000	0	0.000000
Asat_OT3098_v2_chr1A	416000000	418000000	2000000	0	0.000000
Asat_OT3098_v2_chr1A	418000000	420000000	2000000	0	0.000000
Asat_OT3098_v2_chr1A	420000000	422000000	2000000	0	0.000000
Asat_OT3098_v2_chr1A	422000000	424000000	2000000	0	0.000000
Asat_OT3098_v2_chr1A	424000000	426000000	2000000	0	0.000000
Asat_OT3098_v2_chr1A	426000000	428000000	2000000	7627	0.003814
Asat_OT3098_v2_chr1A	428000000	430000000	2000000	12772	0.006386
Asat_OT3098_v2_chr1A	430000000	432000000	2000000	33751	0.016876
Asat_OT3098_v2_chr1A	432000000	434000000	2000000	1850	0.000925
Asat_OT3098_v2_chr1A	434000000	436000000	2000000	490	0.000245
Asat_OT3098_v2_chr1A	436000000	438000000	2000000	1800	0.000900
Asat_OT3098_v2_chr1A	438000000	440000000	2000000	4134	0.002067
Asat_OT3098_v2_chr1A	440000000	442000000	2000000	1262	0.000631
Asat_OT3098_v2_chr1A	442000000	444000000	2000000	7841	0.003921
Asat_OT3098_v2_chr1A	444000000	446000000	2000000	5366	0.002683
Asat_OT3098_v2_chr1A	446000000	448000000	2000000	196	0.000098
Asat_OT3098_v2_chr1A	448000000	450000000	2000000	0	0.000000
Asat_OT3098_v2_chr1A	450000000	452000000	2000000	15244	0.007622
Asat_OT3098_v2_chr1A	452000000	454000000	2000000	65022	0.032511
Asat_OT3098_v2_chr1A	454000000	456000000	2000000	282	0.000141
Asat_OT3098_v2_chr1A	456000000	458000000	2000000	120230	0.060115
Asat_OT3098_v2_chr1A	458000000	460000000	2000000	589	0.000295
Asat_OT3098_v2_chr1A	460000000	462000000	2000000	35388	0.017694
Asat_OT3098_v2_chr1A	462000000	464000000	2000000	2131	0.001066
Asat_OT3098_v2_chr1A	464000000	466000000	2000000	816	0.000408
Asat_OT3098_v2_chr1A	466000000	468000000	2000000	34050	0.017025
Asat_OT3098_v2_chr1A	468000000	470000000	2000000	3355	0.001677
Asat_OT3098_v2_chr1A	470000000	472000000	2000000	2106	0.001053
Asat_OT3098_v2_chr1A	472000000	474000000	2000000	3997	0.001998
Asat_OT3098_v2_chr1A	474000000	476000000	2000000	1147	0.000574
Asat_OT3098_v2_chr1A	476000000	478000000	2000000	1788	0.000894
Asat_OT3098_v2_chr1A	478000000	480000000	2000000	95083	0.047542
Asat_OT3098_v2_chr1A	480000000	482000000	2000000	0	0.000000
Asat_OT3098_v2_chr1A	482000000	484000000	2000000	226784	0.113392
Asat_OT3098_v2_chr1A	484000000	486000000	2000000	10298	0.005149
Asat_OT3098_v2_chr1A	486000000	488000000	2000000	48	0.000024
Asat_OT3098_v2_chr1A	488000000	490000000	2000000	2974	0.001487
Asat_OT3098_v2_chr1A	490000000	492000000	2000000	8359	0.004180
Asat_OT3098_v2_chr1A	492000000	494000000	2000000	6236	0.003118
Asat_OT3098_v2_chr1A	494000000	496000000	2000000	21328	0.010664
Asat_OT3098_v2_chr1A	496000000	498000000	2000000	27159	0.013579
Asat_OT3098_v2_chr1A	498000000	500000000	2000000	3215	0.001607
Asat_OT3098_v2_chr1A	500000000	502000000	2000000	147	0.000073
Asat_OT3098_v2_chr1A	502000000	504000000	2000000	3732	0.001866
Asat_OT3098_v2_chr1A	504000000	506000000	2000000	0	0.000000
Asat_OT3098_v2_chr1A	506000000	508000000	2000000	245	0.000122
Asat_OT3098_v2_chr1A	508000000	510000000	2000000	1021	0.000510
Asat_OT3098_v2_chr1A	510000000	512000000	2000000	2617	0.001308
Asat_OT3098_v2_chr1A	512000000	514000000	2000000	0	0.000000
Asat_OT3098_v2_chr1A	514000000	516000000	2000000	0	0.000000
Asat_OT3098_v2_chr1A	516000000	518000000	2000000	386	0.000193
Asat_OT3098_v2_chr1A	518000000	520000000	2000000	16989	0.008495
Asat_OT3098_v2_chr1A	520000000	522000000	2000000	52306	0.026153
Asat_OT3098_v2_chr1A	522000000	524000000	2000000	195	0.000097
Asat_OT3098_v2_chr1A	524000000	526000000	2000000	0	0.000000
Asat_OT3098_v2_chr1A	526000000	528000000	2000000	0	0.000000
Asat_OT3098_v2_chr1A	528000000	530000000	2000000	0	0.000000
Asat_OT3098_v2_chr1A	530000000	532000000	2000000	0	0.000000
Asat_OT3098_v2_chr1A	532000000	534000000	2000000	159214	0.079607
Asat_OT3098_v2_chr1A	534000000	536000000	2000000	97789	0.048895
Asat_OT3098_v2_chr1A	536000000	538000000	2000000	34209	0.017105
Asat_OT3098_v2_chr1A	538000000	540000000	2000000	0	0.000000
Asat_OT3098_v2_chr1A	540000000	540897063	897063	0	0.000000
Asat_OT3098_v2_chr1C	0	2000000	2000000	0	0.000000
Asat_OT3098_v2_chr1C	2000000	4000000	2000000	0	0.000000
Asat_OT3098_v2_chr1C	4000000	6000000	2000000	0	0.000000
Asat_OT3098_v2_chr1C	6000000	8000000	2000000	0	0.000000
Asat_OT3098_v2_chr1C	8000000	10000000	2000000	0	0.000000
Asat_OT3098_v2_chr1C	10000000	12000000	2000000	0	0.000000
Asat_OT3098_v2_chr1C	12000000	14000000	2000000	0	0.000000
Asat_OT3098_v2_chr1C	14000000	16000000	2000000	0	0.000000
Asat_OT3098_v2_chr1C	16000000	18000000	2000000	0	0.000000
Asat_OT3098_v2_chr1C	18000000	20000000	2000000	0	0.000000
Asat_OT3098_v2_chr1C	20000000	22000000	2000000	0	0.000000
Asat_OT3098_v2_chr1C	22000000	24000000	2000000	0	0.000000
Asat_OT3098_v2_chr1C	24000000	26000000	2000000	0	0.000000
Asat_OT3098_v2_chr1C	26000000	28000000	2000000	0	0.000000
Asat_OT3098_v2_chr1C	28000000	30000000	2000000	0	0.000000
Asat_OT3098_v2_chr1C	30000000	32000000	2000000	0	0.000000
Asat_OT3098_v2_chr1C	32000000	34000000	2000000	0	0.000000
Asat_OT3098_v2_chr1C	34000000	36000000	2000000	0	0.000000
Asat_OT3098_v2_chr1C	36000000	38000000	2000000	0	0.000000
Asat_OT3098_v2_chr1C	38000000	40000000	2000000	0	0.000000
Asat_OT3098_v2_chr1C	40000000	42000000	2000000	0	0.000000
Asat_OT3098_v2_chr1C	42000000	44000000	2000000	6493	0.003246
Asat_OT3098_v2_chr1C	44000000	46000000	2000000	6070	0.003035
Asat_OT3098_v2_chr1C	46000000	48000000	2000000	3514	0.001757
Asat_OT3098_v2_chr1C	48000000	50000000	2000000	16754	0.008377
Asat_OT3098_v2_chr1C	50000000	52000000	2000000	60068	0.030034
Asat_OT3098_v2_chr1C	52000000	54000000	2000000	8334	0.004167
Asat_OT3098_v2_chr1C	54000000	56000000	2000000	4341	0.002171
Asat_OT3098_v2_chr1C	56000000	58000000	2000000	39191	0.019595
Asat_OT3098_v2_chr1C	58000000	60000000	2000000	14472	0.007236
Asat_OT3098_v2_chr1C	60000000	62000000	2000000	31733	0.015866
Asat_OT3098_v2_chr1C	62000000	64000000	2000000	245	0.000122
Asat_OT3098_v2_chr1C	64000000	66000000	2000000	34991	0.017496
Asat_OT3098_v2_chr1C	66000000	68000000	2000000	29714	0.014857
Asat_OT3098_v2_chr1C	68000000	70000000	2000000	282	0.000141
Asat_OT3098_v2_chr1C	70000000	72000000	2000000	44653	0.022326
Asat_OT3098_v2_chr1C	72000000	74000000	2000000	874	0.000437
Asat_OT3098_v2_chr1C	74000000	76000000	2000000	3486	0.001743
Asat_OT3098_v2_chr1C	76000000	78000000	2000000	30012	0.015006
Asat_OT3098_v2_chr1C	78000000	80000000	2000000	28605	0.014302
Asat_OT3098_v2_chr1C	80000000	82000000	2000000	42694	0.021347
Asat_OT3098_v2_chr1C	82000000	84000000	2000000	20843	0.010422
Asat_OT3098_v2_chr1C	84000000	86000000	2000000	18460	0.009230
Asat_OT3098_v2_chr1C	86000000	88000000	2000000	62894	0.031447
Asat_OT3098_v2_chr1C	88000000	90000000	2000000	62482	0.031241
Asat_OT3098_v2_chr1C	90000000	92000000	2000000	11468	0.005734
Asat_OT3098_v2_chr1C	92000000	94000000	2000000	31145	0.015572
Asat_OT3098_v2_chr1C	94000000	96000000	2000000	9555	0.004777
Asat_OT3098_v2_chr1C	96000000	98000000	2000000	36577	0.018288
Asat_OT3098_v2_chr1C	98000000	100000000	2000000	43593	0.021796
Asat_OT3098_v2_chr1C	100000000	102000000	2000000	30379	0.015189
Asat_OT3098_v2_chr1C	102000000	104000000	2000000	30476	0.015238
Asat_OT3098_v2_chr1C	104000000	106000000	2000000	23664	0.011832
Asat_OT3098_v2_chr1C	106000000	108000000	2000000	117986	0.058993
Asat_OT3098_v2_chr1C	108000000	110000000	2000000	27549	0.013775
Asat_OT3098_v2_chr1C	110000000	112000000	2000000	1162	0.000581
Asat_OT3098_v2_chr1C	112000000	114000000	2000000	485	0.000243
Asat_OT3098_v2_chr1C	114000000	116000000	2000000	10866	0.005433
Asat_OT3098_v2_chr1C	116000000	118000000	2000000	94541	0.047271
Asat_OT3098_v2_chr1C	118000000	120000000	2000000	37577	0.018788
Asat_OT3098_v2_chr1C	120000000	122000000	2000000	37010	0.018505
Asat_OT3098_v2_chr1C	122000000	124000000	2000000	14895	0.007448
Asat_OT3098_v2_chr1C	124000000	126000000	2000000	7908	0.003954
Asat_OT3098_v2_chr1C	126000000	128000000	2000000	13624	0.006812
Asat_OT3098_v2_chr1C	128000000	130000000	2000000	7281	0.003641
Asat_OT3098_v2_chr1C	130000000	132000000	2000000	11598	0.005799
Asat_OT3098_v2_chr1C	132000000	134000000	2000000	118726	0.059363
Asat_OT3098_v2_chr1C	134000000	136000000	2000000	4307	0.002154
Asat_OT3098_v2_chr1C	136000000	138000000	2000000	7159	0.003580
Asat_OT3098_v2_chr1C	138000000	140000000	2000000	630	0.000315
Asat_OT3098_v2_chr1C	140000000	142000000	2000000	9070	0.004535
Asat_OT3098_v2_chr1C	142000000	144000000	2000000	12226	0.006113
Asat_OT3098_v2_chr1C	144000000	146000000	2000000	2391	0.001195
Asat_OT3098_v2_chr1C	146000000	148000000	2000000	52117	0.026058
Asat_OT3098_v2_chr1C	148000000	150000000	2000000	33536	0.016768
Asat_OT3098_v2_chr1C	150000000	152000000	2000000	7154	0.003577
Asat_OT3098_v2_chr1C	152000000	154000000	2000000	83709	0.041855
Asat_OT3098_v2_chr1C	154000000	156000000	2000000	35257	0.017628
Asat_OT3098_v2_chr1C	156000000	158000000	2000000	25222	0.012611
Asat_OT3098_v2_chr1C	158000000	160000000	2000000	10934	0.005467
Asat_OT3098_v2_chr1C	160000000	162000000	2000000	27813	0.013907
Asat_OT3098_v2_chr1C	162000000	164000000	2000000	28774	0.014387
Asat_OT3098_v2_chr1C	164000000	166000000	2000000	28498	0.014249
Asat_OT3098_v2_chr1C	166000000	168000000	2000000	23812	0.011906
Asat_OT3098_v2_chr1C	168000000	170000000	2000000	17347	0.008674
Asat_OT3098_v2_chr1C	170000000	172000000	2000000	195	0.000097
Asat_OT3098_v2_chr1C	172000000	174000000	2000000	33146	0.016573
Asat_OT3098_v2_chr1C	174000000	176000000	2000000	49677	0.024838
Asat_OT3098_v2_chr1C	176000000	178000000	2000000	54298	0.027149
Asat_OT3098_v2_chr1C	178000000	180000000	2000000	3667	0.001834
Asat_OT3098_v2_chr1C	180000000	182000000	2000000	12713	0.006357
Asat_OT3098_v2_chr1C	182000000	184000000	2000000	16687	0.008344
Asat_OT3098_v2_chr1C	184000000	186000000	2000000	58230	0.029115
Asat_OT3098_v2_chr1C	186000000	188000000	2000000	30778	0.015389
Asat_OT3098_v2_chr1C	188000000	190000000	2000000	29521	0.014760
Asat_OT3098_v2_chr1C	190000000	192000000	2000000	11462	0.005731
Asat_OT3098_v2_chr1C	192000000	194000000	2000000	88107	0.044054
Asat_OT3098_v2_chr1C	194000000	196000000	2000000	24866	0.012433
Asat_OT3098_v2_chr1C	196000000	198000000	2000000	0	0.000000
Asat_OT3098_v2_chr1C	198000000	200000000	2000000	8714	0.004357
Asat_OT3098_v2_chr1C	200000000	202000000	2000000	40485	0.020243
Asat_OT3098_v2_chr1C	202000000	204000000	2000000	4958	0.002479
Asat_OT3098_v2_chr1C	204000000	206000000	2000000	8995	0.004497
Asat_OT3098_v2_chr1C	206000000	208000000	2000000	6821	0.003410
Asat_OT3098_v2_chr1C	208000000	210000000	2000000	13795	0.006897
Asat_OT3098_v2_chr1C	210000000	212000000	2000000	30613	0.015307
Asat_OT3098_v2_chr1C	212000000	214000000	2000000	303662	0.151831
Asat_OT3098_v2_chr1C	214000000	216000000	2000000	6169	0.003085
Asat_OT3098_v2_chr1C	216000000	218000000	2000000	27771	0.013886
Asat_OT3098_v2_chr1C	218000000	220000000	2000000	45969	0.022985
Asat_OT3098_v2_chr1C	220000000	222000000	2000000	49	0.000024
Asat_OT3098_v2_chr1C	222000000	224000000	2000000	24434	0.012217
Asat_OT3098_v2_chr1C	224000000	226000000	2000000	42690	0.021345
Asat_OT3098_v2_chr1C	226000000	228000000	2000000	24758	0.012379
Asat_OT3098_v2_chr1C	228000000	230000000	2000000	18513	0.009257
Asat_OT3098_v2_chr1C	230000000	232000000	2000000	16106	0.008053
Asat_OT3098_v2_chr1C	232000000	234000000	2000000	8682	0.004341
Asat_OT3098_v2_chr1C	234000000	236000000	2000000	66691	0.033346
Asat_OT3098_v2_chr1C	236000000	238000000	2000000	18228	0.009114
Asat_OT3098_v2_chr1C	238000000	240000000	2000000	4056	0.002028
Asat_OT3098_v2_chr1C	240000000	242000000	2000000	41847	0.020924
Asat_OT3098_v2_chr1C	242000000	244000000	2000000	30958	0.015479
Asat_OT3098_v2_chr1C	244000000	246000000	2000000	18540	0.009270
Asat_OT3098_v2_chr1C	246000000	248000000	2000000	4830	0.002415
Asat_OT3098_v2_chr1C	248000000	250000000	2000000	28303	0.014151
Asat_OT3098_v2_chr1C	250000000	252000000	2000000	666	0.000333
Asat_OT3098_v2_chr1C	252000000	254000000	2000000	21323	0.010662
Asat_OT3098_v2_chr1C	254000000	256000000	2000000	29448	0.014724
Asat_OT3098_v2_chr1C	256000000	258000000	2000000	18898	0.009449
Asat_OT3098_v2_chr1C	258000000	260000000	2000000	27660	0.013830
Asat_OT3098_v2_chr1C	260000000	262000000	2000000	16140	0.008070
Asat_OT3098_v2_chr1C	262000000	264000000	2000000	6647	0.003324
Asat_OT3098_v2_chr1C	264000000	266000000	2000000	71445	0.035722
Asat_OT3098_v2_chr1C	266000000	268000000	2000000	26648	0.013324
Asat_OT3098_v2_chr1C	268000000	270000000	2000000	54676	0.027338
Asat_OT3098_v2_chr1C	270000000	272000000	2000000	1516	0.000758
Asat_OT3098_v2_chr1C	272000000	274000000	2000000	12520	0.006260
Asat_OT3098_v2_chr1C	274000000	276000000	2000000	240	0.000120
Asat_OT3098_v2_chr1C	276000000	278000000	2000000	24105	0.012053
Asat_OT3098_v2_chr1C	278000000	280000000	2000000	160011	0.080005
Asat_OT3098_v2_chr1C	280000000	282000000	2000000	25449	0.012724
Asat_OT3098_v2_chr1C	282000000	284000000	2000000	6120	0.003060
Asat_OT3098_v2_chr1C	284000000	286000000	2000000	36310	0.018155
Asat_OT3098_v2_chr1C	286000000	288000000	2000000	11277	0.005639
Asat_OT3098_v2_chr1C	288000000	290000000	2000000	15194	0.007597
Asat_OT3098_v2_chr1C	290000000	292000000	2000000	9586	0.004793
Asat_OT3098_v2_chr1C	292000000	294000000	2000000	12783	0.006391
Asat_OT3098_v2_chr1C	294000000	296000000	2000000	29227	0.014613
Asat_OT3098_v2_chr1C	296000000	298000000	2000000	33226	0.016613
Asat_OT3098_v2_chr1C	298000000	300000000	2000000	75156	0.037578
Asat_OT3098_v2_chr1C	300000000	302000000	2000000	20911	0.010455
Asat_OT3098_v2_chr1C	302000000	304000000	2000000	8650	0.004325
Asat_OT3098_v2_chr1C	304000000	306000000	2000000	84336	0.042168
Asat_OT3098_v2_chr1C	306000000	308000000	2000000	48326	0.024163
Asat_OT3098_v2_chr1C	308000000	310000000	2000000	6444	0.003222
Asat_OT3098_v2_chr1C	310000000	312000000	2000000	21202	0.010601
Asat_OT3098_v2_chr1C	312000000	314000000	2000000	7579	0.003789
Asat_OT3098_v2_chr1C	314000000	316000000	2000000	31707	0.015853
Asat_OT3098_v2_chr1C	316000000	318000000	2000000	26786	0.013393
Asat_OT3098_v2_chr1C	318000000	320000000	2000000	18030	0.009015
Asat_OT3098_v2_chr1C	320000000	322000000	2000000	36147	0.018073
Asat_OT3098_v2_chr1C	322000000	324000000	2000000	16401	0.008200
Asat_OT3098_v2_chr1C	324000000	326000000	2000000	38277	0.019138
Asat_OT3098_v2_chr1C	326000000	328000000	2000000	42935	0.021468
Asat_OT3098_v2_chr1C	328000000	330000000	2000000	6292	0.003146
Asat_OT3098_v2_chr1C	330000000	332000000	2000000	18400	0.009200
Asat_OT3098_v2_chr1C	332000000	334000000	2000000	66707	0.033354
Asat_OT3098_v2_chr1C	334000000	336000000	2000000	26938	0.013469
Asat_OT3098_v2_chr1C	336000000	338000000	2000000	23957	0.011978
Asat_OT3098_v2_chr1C	338000000	340000000	2000000	16856	0.008428
Asat_OT3098_v2_chr1C	340000000	342000000	2000000	6557	0.003279
Asat_OT3098_v2_chr1C	342000000	344000000	2000000	63558	0.031779
Asat_OT3098_v2_chr1C	344000000	346000000	2000000	9065	0.004533
Asat_OT3098_v2_chr1C	346000000	348000000	2000000	1017	0.000508
Asat_OT3098_v2_chr1C	348000000	350000000	2000000	437	0.000218
Asat_OT3098_v2_chr1C	350000000	352000000	2000000	7571	0.003785
Asat_OT3098_v2_chr1C	352000000	354000000	2000000	15203	0.007601
Asat_OT3098_v2_chr1C	354000000	356000000	2000000	17800	0.008900
Asat_OT3098_v2_chr1C	356000000	358000000	2000000	26899	0.013449
Asat_OT3098_v2_chr1C	358000000	360000000	2000000	27854	0.013927
Asat_OT3098_v2_chr1C	360000000	362000000	2000000	2022	0.001011
Asat_OT3098_v2_chr1C	362000000	364000000	2000000	8390	0.004195
Asat_OT3098_v2_chr1C	364000000	366000000	2000000	9893	0.004947
Asat_OT3098_v2_chr1C	366000000	368000000	2000000	30000	0.015000
Asat_OT3098_v2_chr1C	368000000	370000000	2000000	19187	0.009593
Asat_OT3098_v2_chr1C	370000000	372000000	2000000	25679	0.012840
Asat_OT3098_v2_chr1C	372000000	374000000	2000000	21788	0.010894
Asat_OT3098_v2_chr1C	374000000	376000000	2000000	3862	0.001931
Asat_OT3098_v2_chr1C	376000000	378000000	2000000	3435	0.001718
Asat_OT3098_v2_chr1C	378000000	380000000	2000000	35365	0.017683
Asat_OT3098_v2_chr1C	380000000	382000000	2000000	34762	0.017381
Asat_OT3098_v2_chr1C	382000000	384000000	2000000	54345	0.027172
Asat_OT3098_v2_chr1C	384000000	386000000	2000000	8428	0.004214
Asat_OT3098_v2_chr1C	386000000	388000000	2000000	7141	0.003570
Asat_OT3098_v2_chr1C	388000000	390000000	2000000	26243	0.013121
Asat_OT3098_v2_chr1C	390000000	392000000	2000000	26053	0.013026
Asat_OT3098_v2_chr1C	392000000	394000000	2000000	18007	0.009003
Asat_OT3098_v2_chr1C	394000000	396000000	2000000	18376	0.009188
Asat_OT3098_v2_chr1C	396000000	398000000	2000000	25311	0.012656
Asat_OT3098_v2_chr1C	398000000	400000000	2000000	1986	0.000993
Asat_OT3098_v2_chr1C	400000000	402000000	2000000	1108	0.000554
Asat_OT3098_v2_chr1C	402000000	404000000	2000000	18152	0.009076
Asat_OT3098_v2_chr1C	404000000	406000000	2000000	20088	0.010044
Asat_OT3098_v2_chr1C	406000000	408000000	2000000	42315	0.021157
Asat_OT3098_v2_chr1C	408000000	410000000	2000000	2737	0.001368
Asat_OT3098_v2_chr1C	410000000	412000000	2000000	343	0.000171
Asat_OT3098_v2_chr1C	412000000	414000000	2000000	3445	0.001723
Asat_OT3098_v2_chr1C	414000000	416000000	2000000	38508	0.019254
Asat_OT3098_v2_chr1C	416000000	418000000	2000000	25031	0.012516
Asat_OT3098_v2_chr1C	418000000	420000000	2000000	0	0.000000
Asat_OT3098_v2_chr1C	420000000	422000000	2000000	2120	0.001060
Asat_OT3098_v2_chr1C	422000000	424000000	2000000	2542	0.001271
Asat_OT3098_v2_chr1C	424000000	426000000	2000000	2948	0.001474
Asat_OT3098_v2_chr1C	426000000	428000000	2000000	3766	0.001883
Asat_OT3098_v2_chr1C	428000000	430000000	2000000	29937	0.014968
Asat_OT3098_v2_chr1C	430000000	432000000	2000000	12282	0.006141
Asat_OT3098_v2_chr1C	432000000	434000000	2000000	33481	0.016740
Asat_OT3098_v2_chr1C	434000000	436000000	2000000	2788	0.001394
Asat_OT3098_v2_chr1C	436000000	438000000	2000000	53511	0.026756
Asat_OT3098_v2_chr1C	438000000	440000000	2000000	12535	0.006267
Asat_OT3098_v2_chr1C	440000000	442000000	2000000	32109	0.016054
Asat_OT3098_v2_chr1C	442000000	444000000	2000000	7589	0.003795
Asat_OT3098_v2_chr1C	444000000	446000000	2000000	14317	0.007158
Asat_OT3098_v2_chr1C	446000000	448000000	2000000	226572	0.113286
Asat_OT3098_v2_chr1C	448000000	450000000	2000000	12376	0.006188
Asat_OT3098_v2_chr1C	450000000	452000000	2000000	21567	0.010783
Asat_OT3098_v2_chr1C	452000000	454000000	2000000	7300	0.003650
Asat_OT3098_v2_chr1C	454000000	456000000	2000000	682	0.000341
Asat_OT3098_v2_chr1C	456000000	458000000	2000000	37170	0.018585
Asat_OT3098_v2_chr1C	458000000	460000000	2000000	54947	0.027474
Asat_OT3098_v2_chr1C	460000000	462000000	2000000	0	0.000000
Asat_OT3098_v2_chr1C	462000000	462796039	796039	0	0.000000
Asat_OT3098_v2_chr1D	0	2000000	2000000	0	0.000000
Asat_OT3098_v2_chr1D	2000000	4000000	2000000	0	0.000000
Asat_OT3098_v2_chr1D	4000000	6000000	2000000	0	0.000000
Asat_OT3098_v2_chr1D	6000000	8000000	2000000	0	0.000000
Asat_OT3098_v2_chr1D	8000000	10000000	2000000	0	0.000000
Asat_OT3098_v2_chr1D	10000000	12000000	2000000	0	0.000000
Asat_OT3098_v2_chr1D	12000000	14000000	2000000	0	0.000000
Asat_OT3098_v2_chr1D	14000000	16000000	2000000	0	0.000000
Asat_OT3098_v2_chr1D	16000000	18000000	2000000	0	0.000000
Asat_OT3098_v2_chr1D	18000000	20000000	2000000	0	0.000000
Asat_OT3098_v2_chr1D	20000000	22000000	2000000	0	0.000000
Asat_OT3098_v2_chr1D	22000000	24000000	2000000	0	0.000000
Asat_OT3098_v2_chr1D	24000000	26000000	2000000	0	0.000000
Asat_OT3098_v2_chr1D	26000000	28000000	2000000	0	0.000000
Asat_OT3098_v2_chr1D	28000000	30000000	2000000	0	0.000000
Asat_OT3098_v2_chr1D	30000000	32000000	2000000	0	0.000000
Asat_OT3098_v2_chr1D	32000000	34000000	2000000	0	0.000000
Asat_OT3098_v2_chr1D	34000000	36000000	2000000	0	0.000000
Asat_OT3098_v2_chr1D	36000000	38000000	2000000	0	0.000000
Asat_OT3098_v2_chr1D	38000000	40000000	2000000	0	0.000000
Asat_OT3098_v2_chr1D	40000000	42000000	2000000	0	0.000000
Asat_OT3098_v2_chr1D	42000000	44000000	2000000	0	0.000000
Asat_OT3098_v2_chr1D	44000000	46000000	2000000	0	0.000000
Asat_OT3098_v2_chr1D	46000000	48000000	2000000	0	0.000000
Asat_OT3098_v2_chr1D	48000000	50000000	2000000	0	0.000000
Asat_OT3098_v2_chr1D	50000000	52000000	2000000	0	0.000000
Asat_OT3098_v2_chr1D	52000000	54000000	2000000	0	0.000000
Asat_OT3098_v2_chr1D	54000000	56000000	2000000	0	0.000000
Asat_OT3098_v2_chr1D	56000000	58000000	2000000	0	0.000000
Asat_OT3098_v2_chr1D	58000000	60000000	2000000	0	0.000000
Asat_OT3098_v2_chr1D	60000000	62000000	2000000	0	0.000000
Asat_OT3098_v2_chr1D	62000000	64000000	2000000	0	0.000000
Asat_OT3098_v2_chr1D	64000000	66000000	2000000	0	0.000000
Asat_OT3098_v2_chr1D	66000000	68000000	2000000	0	0.000000
Asat_OT3098_v2_chr1D	68000000	70000000	2000000	0	0.000000
Asat_OT3098_v2_chr1D	70000000	72000000	2000000	0	0.000000
Asat_OT3098_v2_chr1D	72000000	74000000	2000000	0	0.000000
Asat_OT3098_v2_chr1D	74000000	76000000	2000000	0	0.000000
Asat_OT3098_v2_chr1D	76000000	78000000	2000000	0	0.000000
Asat_OT3098_v2_chr1D	78000000	80000000	2000000	0	0.000000
Asat_OT3098_v2_chr1D	80000000	82000000	2000000	0	0.000000
Asat_OT3098_v2_chr1D	82000000	84000000	2000000	0	0.000000
Asat_OT3098_v2_chr1D	84000000	86000000	2000000	0	0.000000
Asat_OT3098_v2_chr1D	86000000	88000000	2000000	0	0.000000
Asat_OT3098_v2_chr1D	88000000	90000000	2000000	0	0.000000
Asat_OT3098_v2_chr1D	90000000	92000000	2000000	0	0.000000
Asat_OT3098_v2_chr1D	92000000	94000000	2000000	0	0.000000
Asat_OT3098_v2_chr1D	94000000	96000000	2000000	0	0.000000
Asat_OT3098_v2_chr1D	96000000	98000000	2000000	0	0.000000
Asat_OT3098_v2_chr1D	98000000	100000000	2000000	0	0.000000
Asat_OT3098_v2_chr1D	100000000	102000000	2000000	0	0.000000
Asat_OT3098_v2_chr1D	102000000	104000000	2000000	0	0.000000
Asat_OT3098_v2_chr1D	104000000	106000000	2000000	0	0.000000
Asat_OT3098_v2_chr1D	106000000	108000000	2000000	0	0.000000
Asat_OT3098_v2_chr1D	108000000	110000000	2000000	0	0.000000
Asat_OT3098_v2_chr1D	110000000	112000000	2000000	0	0.000000
Asat_OT3098_v2_chr1D	112000000	114000000	2000000	0	0.000000
Asat_OT3098_v2_chr1D	114000000	116000000	2000000	0	0.000000
Asat_OT3098_v2_chr1D	116000000	118000000	2000000	0	0.000000
Asat_OT3098_v2_chr1D	118000000	120000000	2000000	0	0.000000
Asat_OT3098_v2_chr1D	120000000	122000000	2000000	0	0.000000
Asat_OT3098_v2_chr1D	122000000	124000000	2000000	0	0.000000
Asat_OT3098_v2_chr1D	124000000	126000000	2000000	0	0.000000
Asat_OT3098_v2_chr1D	126000000	128000000	2000000	0	0.000000
Asat_OT3098_v2_chr1D	128000000	130000000	2000000	0	0.000000
Asat_OT3098_v2_chr1D	130000000	132000000	2000000	0	0.000000
Asat_OT3098_v2_chr1D	132000000	134000000	2000000	0	0.000000
Asat_OT3098_v2_chr1D	134000000	136000000	2000000	0	0.000000
Asat_OT3098_v2_chr1D	136000000	138000000	2000000	0	0.000000
Asat_OT3098_v2_chr1D	138000000	140000000	2000000	0	0.000000
Asat_OT3098_v2_chr1D	140000000	142000000	2000000	0	0.000000
Asat_OT3098_v2_chr1D	142000000	144000000	2000000	0	0.000000
Asat_OT3098_v2_chr1D	144000000	146000000	2000000	0	0.000000
Asat_OT3098_v2_chr1D	146000000	148000000	2000000	0	0.000000
Asat_OT3098_v2_chr1D	148000000	150000000	2000000	0	0.000000
Asat_OT3098_v2_chr1D	150000000	152000000	2000000	0	0.000000
Asat_OT3098_v2_chr1D	152000000	154000000	2000000	0	0.000000
Asat_OT3098_v2_chr1D	154000000	156000000	2000000	0	0.000000
Asat_OT3098_v2_chr1D	156000000	158000000	2000000	0	0.000000
Asat_OT3098_v2_chr1D	158000000	160000000	2000000	0	0.000000
Asat_OT3098_v2_chr1D	160000000	162000000	2000000	0	0.000000
Asat_OT3098_v2_chr1D	162000000	164000000	2000000	0	0.000000
Asat_OT3098_v2_chr1D	164000000	166000000	2000000	0	0.000000
Asat_OT3098_v2_chr1D	166000000	168000000	2000000	0	0.000000
Asat_OT3098_v2_chr1D	168000000	170000000	2000000	0	0.000000
Asat_OT3098_v2_chr1D	170000000	172000000	2000000	0	0.000000
Asat_OT3098_v2_chr1D	172000000	174000000	2000000	0	0.000000
Asat_OT3098_v2_chr1D	174000000	176000000	2000000	0	0.000000
Asat_OT3098_v2_chr1D	176000000	178000000	2000000	0	0.000000
Asat_OT3098_v2_chr1D	178000000	180000000	2000000	0	0.000000
Asat_OT3098_v2_chr1D	180000000	182000000	2000000	0	0.000000
Asat_OT3098_v2_chr1D	182000000	184000000	2000000	0	0.000000
Asat_OT3098_v2_chr1D	184000000	186000000	2000000	0	0.000000
Asat_OT3098_v2_chr1D	186000000	188000000	2000000	0	0.000000
Asat_OT3098_v2_chr1D	188000000	190000000	2000000	0	0.000000
Asat_OT3098_v2_chr1D	190000000	192000000	2000000	0	0.000000
Asat_OT3098_v2_chr1D	192000000	194000000	2000000	0	0.000000
Asat_OT3098_v2_chr1D	194000000	196000000	2000000	0	0.000000
Asat_OT3098_v2_chr1D	196000000	198000000	2000000	0	0.000000
Asat_OT3098_v2_chr1D	198000000	200000000	2000000	0	0.000000
Asat_OT3098_v2_chr1D	200000000	202000000	2000000	0	0.000000
Asat_OT3098_v2_chr1D	202000000	204000000	2000000	0	0.000000
Asat_OT3098_v2_chr1D	204000000	206000000	2000000	0	0.000000
Asat_OT3098_v2_chr1D	206000000	208000000	2000000	0	0.000000
Asat_OT3098_v2_chr1D	208000000	210000000	2000000	0	0.000000
Asat_OT3098_v2_chr1D	210000000	212000000	2000000	0	0.000000
Asat_OT3098_v2_chr1D	212000000	214000000	2000000	0	0.000000
Asat_OT3098_v2_chr1D	214000000	216000000	2000000	0	0.000000
Asat_OT3098_v2_chr1D	216000000	218000000	2000000	0	0.000000
Asat_OT3098_v2_chr1D	218000000	220000000	2000000	0	0.000000
Asat_OT3098_v2_chr1D	220000000	222000000	2000000	0	0.000000
Asat_OT3098_v2_chr1D	222000000	224000000	2000000	0	0.000000
Asat_OT3098_v2_chr1D	224000000	226000000	2000000	0	0.000000
Asat_OT3098_v2_chr1D	226000000	228000000	2000000	0	0.000000
Asat_OT3098_v2_chr1D	228000000	230000000	2000000	0	0.000000
Asat_OT3098_v2_chr1D	230000000	232000000	2000000	0	0.000000
Asat_OT3098_v2_chr1D	232000000	234000000	2000000	0	0.000000
Asat_OT3098_v2_chr1D	234000000	236000000	2000000	0	0.000000
Asat_OT3098_v2_chr1D	236000000	238000000	2000000	0	0.000000
Asat_OT3098_v2_chr1D	238000000	240000000	2000000	0	0.000000
Asat_OT3098_v2_chr1D	240000000	242000000	2000000	0	0.000000
Asat_OT3098_v2_chr1D	242000000	244000000	2000000	0	0.000000
Asat_OT3098_v2_chr1D	244000000	246000000	2000000	0	0.000000
Asat_OT3098_v2_chr1D	246000000	248000000	2000000	0	0.000000
Asat_OT3098_v2_chr1D	248000000	250000000	2000000	0	0.000000
Asat_OT3098_v2_chr1D	250000000	252000000	2000000	0	0.000000
Asat_OT3098_v2_chr1D	252000000	254000000	2000000	0	0.000000
Asat_OT3098_v2_chr1D	254000000	256000000	2000000	0	0.000000
Asat_OT3098_v2_chr1D	256000000	258000000	2000000	0	0.000000
Asat_OT3098_v2_chr1D	258000000	260000000	2000000	0	0.000000
Asat_OT3098_v2_chr1D	260000000	262000000	2000000	0	0.000000
Asat_OT3098_v2_chr1D	262000000	264000000	2000000	0	0.000000
Asat_OT3098_v2_chr1D	264000000	266000000	2000000	0	0.000000
Asat_OT3098_v2_chr1D	266000000	268000000	2000000	0	0.000000
Asat_OT3098_v2_chr1D	268000000	270000000	2000000	0	0.000000
Asat_OT3098_v2_chr1D	270000000	272000000	2000000	0	0.000000
Asat_OT3098_v2_chr1D	272000000	274000000	2000000	0	0.000000
Asat_OT3098_v2_chr1D	274000000	276000000	2000000	0	0.000000
Asat_OT3098_v2_chr1D	276000000	278000000	2000000	0	0.000000
Asat_OT3098_v2_chr1D	278000000	280000000	2000000	0	0.000000
Asat_OT3098_v2_chr1D	280000000	282000000	2000000	0	0.000000
Asat_OT3098_v2_chr1D	282000000	284000000	2000000	0	0.000000
Asat_OT3098_v2_chr1D	284000000	286000000	2000000	0	0.000000
Asat_OT3098_v2_chr1D	286000000	288000000	2000000	0	0.000000
Asat_OT3098_v2_chr1D	288000000	290000000	2000000	0	0.000000
Asat_OT3098_v2_chr1D	290000000	292000000	2000000	0	0.000000
Asat_OT3098_v2_chr1D	292000000	294000000	2000000	0	0.000000
Asat_OT3098_v2_chr1D	294000000	296000000	2000000	0	0.000000
Asat_OT3098_v2_chr1D	296000000	298000000	2000000	0	0.000000
Asat_OT3098_v2_chr1D	298000000	300000000	2000000	0	0.000000
Asat_OT3098_v2_chr1D	300000000	302000000	2000000	0	0.000000
Asat_OT3098_v2_chr1D	302000000	304000000	2000000	0	0.000000
Asat_OT3098_v2_chr1D	304000000	306000000	2000000	0	0.000000
Asat_OT3098_v2_chr1D	306000000	308000000	2000000	0	0.000000
Asat_OT3098_v2_chr1D	308000000	310000000	2000000	0	0.000000
Asat_OT3098_v2_chr1D	310000000	312000000	2000000	0	0.000000
Asat_OT3098_v2_chr1D	312000000	314000000	2000000	0	0.000000
Asat_OT3098_v2_chr1D	314000000	316000000	2000000	0	0.000000
Asat_OT3098_v2_chr1D	316000000	318000000	2000000	0	0.000000
Asat_OT3098_v2_chr1D	318000000	320000000	2000000	0	0.000000
Asat_OT3098_v2_chr1D	320000000	322000000	2000000	0	0.000000
Asat_OT3098_v2_chr1D	322000000	324000000	2000000	0	0.000000
Asat_OT3098_v2_chr1D	324000000	326000000	2000000	0	0.000000
Asat_OT3098_v2_chr1D	326000000	328000000	2000000	0	0.000000
Asat_OT3098_v2_chr1D	328000000	330000000	2000000	0	0.000000
Asat_OT3098_v2_chr1D	330000000	332000000	2000000	0	0.000000
Asat_OT3098_v2_chr1D	332000000	334000000	2000000	0	0.000000
Asat_OT3098_v2_chr1D	334000000	336000000	2000000	0	0.000000
Asat_OT3098_v2_chr1D	336000000	338000000	2000000	0	0.000000
Asat_OT3098_v2_chr1D	338000000	340000000	2000000	0	0.000000
Asat_OT3098_v2_chr1D	340000000	342000000	2000000	0	0.000000
Asat_OT3098_v2_chr1D	342000000	344000000	2000000	0	0.000000
Asat_OT3098_v2_chr1D	344000000	346000000	2000000	0	0.000000
Asat_OT3098_v2_chr1D	346000000	348000000	2000000	0	0.000000
Asat_OT3098_v2_chr1D	348000000	350000000	2000000	0	0.000000
Asat_OT3098_v2_chr1D	350000000	352000000	2000000	0	0.000000
Asat_OT3098_v2_chr1D	352000000	354000000	2000000	0	0.000000
Asat_OT3098_v2_chr1D	354000000	356000000	2000000	0	0.000000
Asat_OT3098_v2_chr1D	356000000	358000000	2000000	0	0.000000
Asat_OT3098_v2_chr1D	358000000	360000000	2000000	0	0.000000
Asat_OT3098_v2_chr1D	360000000	362000000	2000000	0	0.000000
Asat_OT3098_v2_chr1D	362000000	364000000	2000000	0	0.000000
Asat_OT3098_v2_chr1D	364000000	366000000	2000000	0	0.000000
Asat_OT3098_v2_chr1D	366000000	368000000	2000000	0	0.000000
Asat_OT3098_v2_chr1D	368000000	370000000	2000000	0	0.000000
Asat_OT3098_v2_chr1D	370000000	372000000	2000000	0	0.000000
Asat_OT3098_v2_chr1D	372000000	374000000	2000000	0	0.000000
Asat_OT3098_v2_chr1D	374000000	376000000	2000000	0	0.000000
Asat_OT3098_v2_chr1D	376000000	378000000	2000000	0	0.000000
Asat_OT3098_v2_chr1D	378000000	380000000	2000000	0	0.000000
Asat_OT3098_v2_chr1D	380000000	382000000	2000000	0	0.000000
Asat_OT3098_v2_chr1D	382000000	384000000	2000000	0	0.000000
Asat_OT3098_v2_chr1D	384000000	386000000	2000000	0	0.000000
Asat_OT3098_v2_chr1D	386000000	388000000	2000000	0	0.000000
Asat_OT3098_v2_chr1D	388000000	390000000	2000000	0	0.000000
Asat_OT3098_v2_chr1D	390000000	392000000	2000000	0	0.000000
Asat_OT3098_v2_chr1D	392000000	394000000	2000000	0	0.000000
Asat_OT3098_v2_chr1D	394000000	396000000	2000000	0	0.000000
Asat_OT3098_v2_chr1D	396000000	398000000	2000000	0	0.000000
Asat_OT3098_v2_chr1D	398000000	400000000	2000000	0	0.000000
Asat_OT3098_v2_chr1D	400000000	402000000	2000000	0	0.000000
Asat_OT3098_v2_chr1D	402000000	404000000	2000000	0	0.000000
Asat_OT3098_v2_chr1D	404000000	406000000	2000000	0	0.000000
Asat_OT3098_v2_chr1D	406000000	408000000	2000000	0	0.000000
Asat_OT3098_v2_chr1D	408000000	410000000	2000000	0	0.000000
Asat_OT3098_v2_chr1D	410000000	412000000	2000000	0	0.000000
Asat_OT3098_v2_chr1D	412000000	414000000	2000000	0	0.000000
Asat_OT3098_v2_chr1D	414000000	416000000	2000000	0	0.000000
Asat_OT3098_v2_chr1D	416000000	418000000	2000000	0	0.000000
Asat_OT3098_v2_chr1D	418000000	420000000	2000000	0	0.000000
Asat_OT3098_v2_chr1D	420000000	422000000	2000000	0	0.000000
Asat_OT3098_v2_chr1D	422000000	424000000	2000000	0	0.000000
Asat_OT3098_v2_chr1D	424000000	426000000	2000000	0	0.000000
Asat_OT3098_v2_chr1D	426000000	428000000	2000000	0	0.000000
Asat_OT3098_v2_chr1D	428000000	430000000	2000000	0	0.000000
Asat_OT3098_v2_chr1D	430000000	432000000	2000000	0	0.000000
Asat_OT3098_v2_chr1D	432000000	434000000	2000000	0	0.000000
Asat_OT3098_v2_chr1D	434000000	436000000	2000000	0	0.000000
Asat_OT3098_v2_chr1D	436000000	438000000	2000000	0	0.000000
Asat_OT3098_v2_chr1D	438000000	440000000	2000000	0	0.000000
Asat_OT3098_v2_chr1D	440000000	442000000	2000000	0	0.000000
Asat_OT3098_v2_chr1D	442000000	444000000	2000000	0	0.000000
Asat_OT3098_v2_chr1D	444000000	446000000	2000000	0	0.000000
Asat_OT3098_v2_chr1D	446000000	448000000	2000000	0	0.000000
Asat_OT3098_v2_chr1D	448000000	450000000	2000000	0	0.000000
Asat_OT3098_v2_chr1D	450000000	452000000	2000000	0	0.000000
Asat_OT3098_v2_chr1D	452000000	454000000	2000000	0	0.000000
Asat_OT3098_v2_chr1D	454000000	456000000	2000000	0	0.000000
Asat_OT3098_v2_chr1D	456000000	458000000	2000000	0	0.000000
Asat_OT3098_v2_chr1D	458000000	460000000	2000000	0	0.000000
Asat_OT3098_v2_chr1D	460000000	462000000	2000000	0	0.000000
Asat_OT3098_v2_chr1D	462000000	464000000	2000000	0	0.000000
Asat_OT3098_v2_chr1D	464000000	466000000	2000000	0	0.000000
Asat_OT3098_v2_chr1D	466000000	468000000	2000000	0	0.000000
Asat_OT3098_v2_chr1D	468000000	470000000	2000000	0	0.000000
Asat_OT3098_v2_chr1D	470000000	472000000	2000000	0	0.000000
Asat_OT3098_v2_chr1D	472000000	474000000	2000000	0	0.000000
Asat_OT3098_v2_chr1D	474000000	476000000	2000000	0	0.000000
Asat_OT3098_v2_chr1D	476000000	478000000	2000000	11235	0.005618
Asat_OT3098_v2_chr1D	478000000	480000000	2000000	97	0.000048
Asat_OT3098_v2_chr1D	480000000	482000000	2000000	0	0.000000
Asat_OT3098_v2_chr1D	482000000	484000000	2000000	0	0.000000
Asat_OT3098_v2_chr1D	484000000	484215583	215583	0	0.000000
Asat_OT3098_v2_chr2A	0	2000000	2000000	0	0.000000
Asat_OT3098_v2_chr2A	2000000	4000000	2000000	0	0.000000
Asat_OT3098_v2_chr2A	4000000	6000000	2000000	0	0.000000
Asat_OT3098_v2_chr2A	6000000	8000000	2000000	0	0.000000
Asat_OT3098_v2_chr2A	8000000	10000000	2000000	0	0.000000
Asat_OT3098_v2_chr2A	10000000	12000000	2000000	0	0.000000
Asat_OT3098_v2_chr2A	12000000	14000000	2000000	0	0.000000
Asat_OT3098_v2_chr2A	14000000	16000000	2000000	0	0.000000
Asat_OT3098_v2_chr2A	16000000	18000000	2000000	0	0.000000
Asat_OT3098_v2_chr2A	18000000	20000000	2000000	0	0.000000
Asat_OT3098_v2_chr2A	20000000	22000000	2000000	0	0.000000
Asat_OT3098_v2_chr2A	22000000	24000000	2000000	0	0.000000
Asat_OT3098_v2_chr2A	24000000	26000000	2000000	0	0.000000
Asat_OT3098_v2_chr2A	26000000	28000000	2000000	0	0.000000
Asat_OT3098_v2_chr2A	28000000	30000000	2000000	0	0.000000
Asat_OT3098_v2_chr2A	30000000	32000000	2000000	0	0.000000
Asat_OT3098_v2_chr2A	32000000	34000000	2000000	0	0.000000
Asat_OT3098_v2_chr2A	34000000	36000000	2000000	0	0.000000
Asat_OT3098_v2_chr2A	36000000	38000000	2000000	0	0.000000
Asat_OT3098_v2_chr2A	38000000	40000000	2000000	0	0.000000
Asat_OT3098_v2_chr2A	40000000	42000000	2000000	0	0.000000
Asat_OT3098_v2_chr2A	42000000	44000000	2000000	0	0.000000
Asat_OT3098_v2_chr2A	44000000	46000000	2000000	0	0.000000
Asat_OT3098_v2_chr2A	46000000	48000000	2000000	0	0.000000
Asat_OT3098_v2_chr2A	48000000	50000000	2000000	0	0.000000
Asat_OT3098_v2_chr2A	50000000	52000000	2000000	0	0.000000
Asat_OT3098_v2_chr2A	52000000	54000000	2000000	0	0.000000
Asat_OT3098_v2_chr2A	54000000	56000000	2000000	0	0.000000
Asat_OT3098_v2_chr2A	56000000	58000000	2000000	0	0.000000
Asat_OT3098_v2_chr2A	58000000	60000000	2000000	0	0.000000
Asat_OT3098_v2_chr2A	60000000	62000000	2000000	0	0.000000
Asat_OT3098_v2_chr2A	62000000	64000000	2000000	0	0.000000
Asat_OT3098_v2_chr2A	64000000	66000000	2000000	0	0.000000
Asat_OT3098_v2_chr2A	66000000	68000000	2000000	0	0.000000
Asat_OT3098_v2_chr2A	68000000	70000000	2000000	0	0.000000
Asat_OT3098_v2_chr2A	70000000	72000000	2000000	0	0.000000
Asat_OT3098_v2_chr2A	72000000	74000000	2000000	0	0.000000
Asat_OT3098_v2_chr2A	74000000	76000000	2000000	0	0.000000
Asat_OT3098_v2_chr2A	76000000	78000000	2000000	0	0.000000
Asat_OT3098_v2_chr2A	78000000	80000000	2000000	0	0.000000
Asat_OT3098_v2_chr2A	80000000	82000000	2000000	0	0.000000
Asat_OT3098_v2_chr2A	82000000	84000000	2000000	0	0.000000
Asat_OT3098_v2_chr2A	84000000	86000000	2000000	0	0.000000
Asat_OT3098_v2_chr2A	86000000	88000000	2000000	0	0.000000
Asat_OT3098_v2_chr2A	88000000	90000000	2000000	0	0.000000
Asat_OT3098_v2_chr2A	90000000	92000000	2000000	0	0.000000
Asat_OT3098_v2_chr2A	92000000	94000000	2000000	0	0.000000
Asat_OT3098_v2_chr2A	94000000	96000000	2000000	0	0.000000
Asat_OT3098_v2_chr2A	96000000	98000000	2000000	0	0.000000
Asat_OT3098_v2_chr2A	98000000	100000000	2000000	0	0.000000
Asat_OT3098_v2_chr2A	100000000	102000000	2000000	0	0.000000
Asat_OT3098_v2_chr2A	102000000	104000000	2000000	0	0.000000
Asat_OT3098_v2_chr2A	104000000	106000000	2000000	0	0.000000
Asat_OT3098_v2_chr2A	106000000	108000000	2000000	0	0.000000
Asat_OT3098_v2_chr2A	108000000	110000000	2000000	0	0.000000
Asat_OT3098_v2_chr2A	110000000	112000000	2000000	0	0.000000
Asat_OT3098_v2_chr2A	112000000	114000000	2000000	0	0.000000
Asat_OT3098_v2_chr2A	114000000	116000000	2000000	0	0.000000
Asat_OT3098_v2_chr2A	116000000	118000000	2000000	0	0.000000
Asat_OT3098_v2_chr2A	118000000	120000000	2000000	0	0.000000
Asat_OT3098_v2_chr2A	120000000	122000000	2000000	0	0.000000
Asat_OT3098_v2_chr2A	122000000	124000000	2000000	0	0.000000
Asat_OT3098_v2_chr2A	124000000	126000000	2000000	0	0.000000
Asat_OT3098_v2_chr2A	126000000	128000000	2000000	0	0.000000
Asat_OT3098_v2_chr2A	128000000	130000000	2000000	0	0.000000
Asat_OT3098_v2_chr2A	130000000	132000000	2000000	0	0.000000
Asat_OT3098_v2_chr2A	132000000	134000000	2000000	0	0.000000
Asat_OT3098_v2_chr2A	134000000	136000000	2000000	0	0.000000
Asat_OT3098_v2_chr2A	136000000	138000000	2000000	0	0.000000
Asat_OT3098_v2_chr2A	138000000	140000000	2000000	0	0.000000
Asat_OT3098_v2_chr2A	140000000	142000000	2000000	0	0.000000
Asat_OT3098_v2_chr2A	142000000	144000000	2000000	0	0.000000
Asat_OT3098_v2_chr2A	144000000	146000000	2000000	0	0.000000
Asat_OT3098_v2_chr2A	146000000	148000000	2000000	0	0.000000
Asat_OT3098_v2_chr2A	148000000	150000000	2000000	0	0.000000
Asat_OT3098_v2_chr2A	150000000	152000000	2000000	0	0.000000
Asat_OT3098_v2_chr2A	152000000	154000000	2000000	0	0.000000
Asat_OT3098_v2_chr2A	154000000	156000000	2000000	0	0.000000
Asat_OT3098_v2_chr2A	156000000	158000000	2000000	0	0.000000
Asat_OT3098_v2_chr2A	158000000	160000000	2000000	0	0.000000
Asat_OT3098_v2_chr2A	160000000	162000000	2000000	0	0.000000
Asat_OT3098_v2_chr2A	162000000	164000000	2000000	0	0.000000
Asat_OT3098_v2_chr2A	164000000	166000000	2000000	0	0.000000
Asat_OT3098_v2_chr2A	166000000	168000000	2000000	0	0.000000
Asat_OT3098_v2_chr2A	168000000	170000000	2000000	0	0.000000
Asat_OT3098_v2_chr2A	170000000	172000000	2000000	0	0.000000
Asat_OT3098_v2_chr2A	172000000	174000000	2000000	0	0.000000
Asat_OT3098_v2_chr2A	174000000	176000000	2000000	0	0.000000
Asat_OT3098_v2_chr2A	176000000	178000000	2000000	0	0.000000
Asat_OT3098_v2_chr2A	178000000	180000000	2000000	0	0.000000
Asat_OT3098_v2_chr2A	180000000	182000000	2000000	0	0.000000
Asat_OT3098_v2_chr2A	182000000	184000000	2000000	0	0.000000
Asat_OT3098_v2_chr2A	184000000	186000000	2000000	0	0.000000
Asat_OT3098_v2_chr2A	186000000	188000000	2000000	0	0.000000
Asat_OT3098_v2_chr2A	188000000	190000000	2000000	0	0.000000
Asat_OT3098_v2_chr2A	190000000	192000000	2000000	0	0.000000
Asat_OT3098_v2_chr2A	192000000	194000000	2000000	0	0.000000
Asat_OT3098_v2_chr2A	194000000	196000000	2000000	0	0.000000
Asat_OT3098_v2_chr2A	196000000	198000000	2000000	0	0.000000
Asat_OT3098_v2_chr2A	198000000	200000000	2000000	0	0.000000
Asat_OT3098_v2_chr2A	200000000	202000000	2000000	0	0.000000
Asat_OT3098_v2_chr2A	202000000	204000000	2000000	0	0.000000
Asat_OT3098_v2_chr2A	204000000	206000000	2000000	0	0.000000
Asat_OT3098_v2_chr2A	206000000	208000000	2000000	0	0.000000
Asat_OT3098_v2_chr2A	208000000	210000000	2000000	0	0.000000
Asat_OT3098_v2_chr2A	210000000	212000000	2000000	0	0.000000
Asat_OT3098_v2_chr2A	212000000	214000000	2000000	0	0.000000
Asat_OT3098_v2_chr2A	214000000	216000000	2000000	0	0.000000
Asat_OT3098_v2_chr2A	216000000	218000000	2000000	0	0.000000
Asat_OT3098_v2_chr2A	218000000	220000000	2000000	0	0.000000
Asat_OT3098_v2_chr2A	220000000	222000000	2000000	0	0.000000
Asat_OT3098_v2_chr2A	222000000	224000000	2000000	0	0.000000
Asat_OT3098_v2_chr2A	224000000	226000000	2000000	0	0.000000
Asat_OT3098_v2_chr2A	226000000	228000000	2000000	0	0.000000
Asat_OT3098_v2_chr2A	228000000	230000000	2000000	0	0.000000
Asat_OT3098_v2_chr2A	230000000	232000000	2000000	0	0.000000
Asat_OT3098_v2_chr2A	232000000	234000000	2000000	0	0.000000
Asat_OT3098_v2_chr2A	234000000	236000000	2000000	0	0.000000
Asat_OT3098_v2_chr2A	236000000	238000000	2000000	0	0.000000
Asat_OT3098_v2_chr2A	238000000	240000000	2000000	0	0.000000
Asat_OT3098_v2_chr2A	240000000	242000000	2000000	0	0.000000
Asat_OT3098_v2_chr2A	242000000	244000000	2000000	0	0.000000
Asat_OT3098_v2_chr2A	244000000	246000000	2000000	0	0.000000
Asat_OT3098_v2_chr2A	246000000	248000000	2000000	0	0.000000
Asat_OT3098_v2_chr2A	248000000	250000000	2000000	0	0.000000
Asat_OT3098_v2_chr2A	250000000	252000000	2000000	0	0.000000
Asat_OT3098_v2_chr2A	252000000	254000000	2000000	0	0.000000
Asat_OT3098_v2_chr2A	254000000	256000000	2000000	0	0.000000
Asat_OT3098_v2_chr2A	256000000	258000000	2000000	0	0.000000
Asat_OT3098_v2_chr2A	258000000	260000000	2000000	0	0.000000
Asat_OT3098_v2_chr2A	260000000	262000000	2000000	0	0.000000
Asat_OT3098_v2_chr2A	262000000	264000000	2000000	0	0.000000
Asat_OT3098_v2_chr2A	264000000	266000000	2000000	0	0.000000
Asat_OT3098_v2_chr2A	266000000	268000000	2000000	0	0.000000
Asat_OT3098_v2_chr2A	268000000	270000000	2000000	0	0.000000
Asat_OT3098_v2_chr2A	270000000	272000000	2000000	0	0.000000
Asat_OT3098_v2_chr2A	272000000	274000000	2000000	0	0.000000
Asat_OT3098_v2_chr2A	274000000	276000000	2000000	0	0.000000
Asat_OT3098_v2_chr2A	276000000	278000000	2000000	0	0.000000
Asat_OT3098_v2_chr2A	278000000	280000000	2000000	0	0.000000
Asat_OT3098_v2_chr2A	280000000	282000000	2000000	0	0.000000
Asat_OT3098_v2_chr2A	282000000	284000000	2000000	0	0.000000
Asat_OT3098_v2_chr2A	284000000	286000000	2000000	0	0.000000
Asat_OT3098_v2_chr2A	286000000	288000000	2000000	0	0.000000
Asat_OT3098_v2_chr2A	288000000	290000000	2000000	0	0.000000
Asat_OT3098_v2_chr2A	290000000	292000000	2000000	0	0.000000
Asat_OT3098_v2_chr2A	292000000	294000000	2000000	0	0.000000
Asat_OT3098_v2_chr2A	294000000	296000000	2000000	0	0.000000
Asat_OT3098_v2_chr2A	296000000	298000000	2000000	0	0.000000
Asat_OT3098_v2_chr2A	298000000	300000000	2000000	0	0.000000
Asat_OT3098_v2_chr2A	300000000	302000000	2000000	0	0.000000
Asat_OT3098_v2_chr2A	302000000	304000000	2000000	0	0.000000
Asat_OT3098_v2_chr2A	304000000	306000000	2000000	0	0.000000
Asat_OT3098_v2_chr2A	306000000	308000000	2000000	0	0.000000
Asat_OT3098_v2_chr2A	308000000	310000000	2000000	0	0.000000
Asat_OT3098_v2_chr2A	310000000	312000000	2000000	0	0.000000
Asat_OT3098_v2_chr2A	312000000	314000000	2000000	0	0.000000
Asat_OT3098_v2_chr2A	314000000	316000000	2000000	0	0.000000
Asat_OT3098_v2_chr2A	316000000	318000000	2000000	0	0.000000
Asat_OT3098_v2_chr2A	318000000	320000000	2000000	0	0.000000
Asat_OT3098_v2_chr2A	320000000	322000000	2000000	0	0.000000
Asat_OT3098_v2_chr2A	322000000	324000000	2000000	0	0.000000
Asat_OT3098_v2_chr2A	324000000	326000000	2000000	0	0.000000
Asat_OT3098_v2_chr2A	326000000	328000000	2000000	0	0.000000
Asat_OT3098_v2_chr2A	328000000	330000000	2000000	0	0.000000
Asat_OT3098_v2_chr2A	330000000	332000000	2000000	0	0.000000
Asat_OT3098_v2_chr2A	332000000	334000000	2000000	0	0.000000
Asat_OT3098_v2_chr2A	334000000	336000000	2000000	0	0.000000
Asat_OT3098_v2_chr2A	336000000	338000000	2000000	0	0.000000
Asat_OT3098_v2_chr2A	338000000	340000000	2000000	0	0.000000
Asat_OT3098_v2_chr2A	340000000	342000000	2000000	0	0.000000
Asat_OT3098_v2_chr2A	342000000	344000000	2000000	0	0.000000
Asat_OT3098_v2_chr2A	344000000	346000000	2000000	0	0.000000
Asat_OT3098_v2_chr2A	346000000	348000000	2000000	0	0.000000
Asat_OT3098_v2_chr2A	348000000	350000000	2000000	0	0.000000
Asat_OT3098_v2_chr2A	350000000	352000000	2000000	0	0.000000
Asat_OT3098_v2_chr2A	352000000	354000000	2000000	0	0.000000
Asat_OT3098_v2_chr2A	354000000	356000000	2000000	0	0.000000
Asat_OT3098_v2_chr2A	356000000	358000000	2000000	0	0.000000
Asat_OT3098_v2_chr2A	358000000	360000000	2000000	0	0.000000
Asat_OT3098_v2_chr2A	360000000	362000000	2000000	0	0.000000
Asat_OT3098_v2_chr2A	362000000	364000000	2000000	0	0.000000
Asat_OT3098_v2_chr2A	364000000	366000000	2000000	0	0.000000
Asat_OT3098_v2_chr2A	366000000	368000000	2000000	0	0.000000
Asat_OT3098_v2_chr2A	368000000	370000000	2000000	0	0.000000
Asat_OT3098_v2_chr2A	370000000	372000000	2000000	0	0.000000
Asat_OT3098_v2_chr2A	372000000	374000000	2000000	0	0.000000
Asat_OT3098_v2_chr2A	374000000	376000000	2000000	0	0.000000
Asat_OT3098_v2_chr2A	376000000	378000000	2000000	0	0.000000
Asat_OT3098_v2_chr2A	378000000	380000000	2000000	0	0.000000
Asat_OT3098_v2_chr2A	380000000	382000000	2000000	0	0.000000
Asat_OT3098_v2_chr2A	382000000	384000000	2000000	0	0.000000
Asat_OT3098_v2_chr2A	384000000	386000000	2000000	0	0.000000
Asat_OT3098_v2_chr2A	386000000	388000000	2000000	0	0.000000
Asat_OT3098_v2_chr2A	388000000	390000000	2000000	0	0.000000
Asat_OT3098_v2_chr2A	390000000	392000000	2000000	0	0.000000
Asat_OT3098_v2_chr2A	392000000	394000000	2000000	0	0.000000
Asat_OT3098_v2_chr2A	394000000	396000000	2000000	0	0.000000
Asat_OT3098_v2_chr2A	396000000	398000000	2000000	0	0.000000
Asat_OT3098_v2_chr2A	398000000	400000000	2000000	0	0.000000
Asat_OT3098_v2_chr2A	400000000	402000000	2000000	0	0.000000
Asat_OT3098_v2_chr2A	402000000	404000000	2000000	0	0.000000
Asat_OT3098_v2_chr2A	404000000	406000000	2000000	0	0.000000
Asat_OT3098_v2_chr2A	406000000	408000000	2000000	0	0.000000
Asat_OT3098_v2_chr2A	408000000	410000000	2000000	0	0.000000
Asat_OT3098_v2_chr2A	410000000	412000000	2000000	0	0.000000
Asat_OT3098_v2_chr2A	412000000	414000000	2000000	0	0.000000
Asat_OT3098_v2_chr2A	414000000	416000000	2000000	0	0.000000
Asat_OT3098_v2_chr2A	416000000	418000000	2000000	0	0.000000
Asat_OT3098_v2_chr2A	418000000	420000000	2000000	0	0.000000
Asat_OT3098_v2_chr2A	420000000	422000000	2000000	0	0.000000
Asat_OT3098_v2_chr2A	422000000	424000000	2000000	0	0.000000
Asat_OT3098_v2_chr2A	424000000	426000000	2000000	0	0.000000
Asat_OT3098_v2_chr2A	426000000	428000000	2000000	0	0.000000
Asat_OT3098_v2_chr2A	428000000	430000000	2000000	0	0.000000
Asat_OT3098_v2_chr2A	430000000	432000000	2000000	0	0.000000
Asat_OT3098_v2_chr2A	432000000	434000000	2000000	0	0.000000
Asat_OT3098_v2_chr2A	434000000	436000000	2000000	0	0.000000
Asat_OT3098_v2_chr2A	436000000	438000000	2000000	0	0.000000
Asat_OT3098_v2_chr2A	438000000	440000000	2000000	0	0.000000
Asat_OT3098_v2_chr2A	440000000	442000000	2000000	0	0.000000
Asat_OT3098_v2_chr2A	442000000	444000000	2000000	0	0.000000
Asat_OT3098_v2_chr2A	444000000	446000000	2000000	0	0.000000
Asat_OT3098_v2_chr2A	446000000	448000000	2000000	0	0.000000
Asat_OT3098_v2_chr2A	448000000	449127287	1127287	0	0.000000
Asat_OT3098_v2_chr2C	0	2000000	2000000	0	0.000000
Asat_OT3098_v2_chr2C	2000000	4000000	2000000	49	0.000024
Asat_OT3098_v2_chr2C	4000000	6000000	2000000	0	0.000000
Asat_OT3098_v2_chr2C	6000000	8000000	2000000	2078	0.001039
Asat_OT3098_v2_chr2C	8000000	10000000	2000000	484	0.000242
Asat_OT3098_v2_chr2C	10000000	12000000	2000000	2886	0.001443
Asat_OT3098_v2_chr2C	12000000	14000000	2000000	59945	0.029972
Asat_OT3098_v2_chr2C	14000000	16000000	2000000	29837	0.014918
Asat_OT3098_v2_chr2C	16000000	18000000	2000000	8276	0.004138
Asat_OT3098_v2_chr2C	18000000	20000000	2000000	13273	0.006637
Asat_OT3098_v2_chr2C	20000000	22000000	2000000	1148	0.000574
Asat_OT3098_v2_chr2C	22000000	24000000	2000000	6932	0.003466
Asat_OT3098_v2_chr2C	24000000	26000000	2000000	25911	0.012956
Asat_OT3098_v2_chr2C	26000000	28000000	2000000	20106	0.010053
Asat_OT3098_v2_chr2C	28000000	30000000	2000000	21244	0.010622
Asat_OT3098_v2_chr2C	30000000	32000000	2000000	257257	0.128629
Asat_OT3098_v2_chr2C	32000000	34000000	2000000	15033	0.007516
Asat_OT3098_v2_chr2C	34000000	36000000	2000000	68973	0.034487
Asat_OT3098_v2_chr2C	36000000	38000000	2000000	3035	0.001517
Asat_OT3098_v2_chr2C	38000000	40000000	2000000	28114	0.014057
Asat_OT3098_v2_chr2C	40000000	42000000	2000000	167027	0.083514
Asat_OT3098_v2_chr2C	42000000	44000000	2000000	344	0.000172
Asat_OT3098_v2_chr2C	44000000	46000000	2000000	0	0.000000
Asat_OT3098_v2_chr2C	46000000	48000000	2000000	877	0.000438
Asat_OT3098_v2_chr2C	48000000	50000000	2000000	188	0.000094
Asat_OT3098_v2_chr2C	50000000	52000000	2000000	5900	0.002950
Asat_OT3098_v2_chr2C	52000000	54000000	2000000	0	0.000000
Asat_OT3098_v2_chr2C	54000000	56000000	2000000	7579	0.003789
Asat_OT3098_v2_chr2C	56000000	58000000	2000000	137	0.000068
Asat_OT3098_v2_chr2C	58000000	60000000	2000000	8207	0.004104
Asat_OT3098_v2_chr2C	60000000	62000000	2000000	73232	0.036616
Asat_OT3098_v2_chr2C	62000000	64000000	2000000	236854	0.118427
Asat_OT3098_v2_chr2C	64000000	66000000	2000000	260788	0.130394
Asat_OT3098_v2_chr2C	66000000	68000000	2000000	22163	0.011081
Asat_OT3098_v2_chr2C	68000000	70000000	2000000	127224	0.063612
Asat_OT3098_v2_chr2C	70000000	72000000	2000000	11367	0.005684
Asat_OT3098_v2_chr2C	72000000	74000000	2000000	10021	0.005011
Asat_OT3098_v2_chr2C	74000000	76000000	2000000	16126	0.008063
Asat_OT3098_v2_chr2C	76000000	78000000	2000000	674	0.000337
Asat_OT3098_v2_chr2C	78000000	80000000	2000000	6854	0.003427
Asat_OT3098_v2_chr2C	80000000	82000000	2000000	8988	0.004494
Asat_OT3098_v2_chr2C	82000000	84000000	2000000	28779	0.014389
Asat_OT3098_v2_chr2C	84000000	86000000	2000000	23825	0.011912
Asat_OT3098_v2_chr2C	86000000	88000000	2000000	5968	0.002984
Asat_OT3098_v2_chr2C	88000000	90000000	2000000	9796	0.004898
Asat_OT3098_v2_chr2C	90000000	92000000	2000000	19141	0.009570
Asat_OT3098_v2_chr2C	92000000	94000000	2000000	8097	0.004049
Asat_OT3098_v2_chr2C	94000000	96000000	2000000	11605	0.005803
Asat_OT3098_v2_chr2C	96000000	98000000	2000000	18428	0.009214
Asat_OT3098_v2_chr2C	98000000	100000000	2000000	10909	0.005455
Asat_OT3098_v2_chr2C	100000000	102000000	2000000	31413	0.015707
Asat_OT3098_v2_chr2C	102000000	104000000	2000000	2859	0.001429
Asat_OT3098_v2_chr2C	104000000	106000000	2000000	9802	0.004901
Asat_OT3098_v2_chr2C	106000000	108000000	2000000	21539	0.010769
Asat_OT3098_v2_chr2C	108000000	110000000	2000000	17008	0.008504
Asat_OT3098_v2_chr2C	110000000	112000000	2000000	14284	0.007142
Asat_OT3098_v2_chr2C	112000000	114000000	2000000	50860	0.025430
Asat_OT3098_v2_chr2C	114000000	116000000	2000000	73973	0.036986
Asat_OT3098_v2_chr2C	116000000	118000000	2000000	47368	0.023684
Asat_OT3098_v2_chr2C	118000000	120000000	2000000	45304	0.022652
Asat_OT3098_v2_chr2C	120000000	122000000	2000000	26311	0.013156
Asat_OT3098_v2_chr2C	122000000	124000000	2000000	11124	0.005562
Asat_OT3098_v2_chr2C	124000000	126000000	2000000	19858	0.009929
Asat_OT3098_v2_chr2C	126000000	128000000	2000000	0	0.000000
Asat_OT3098_v2_chr2C	128000000	130000000	2000000	72851	0.036425
Asat_OT3098_v2_chr2C	130000000	132000000	2000000	13737	0.006868
Asat_OT3098_v2_chr2C	132000000	134000000	2000000	24178	0.012089
Asat_OT3098_v2_chr2C	134000000	136000000	2000000	0	0.000000
Asat_OT3098_v2_chr2C	136000000	138000000	2000000	147	0.000073
Asat_OT3098_v2_chr2C	138000000	140000000	2000000	12726	0.006363
Asat_OT3098_v2_chr2C	140000000	142000000	2000000	3496	0.001748
Asat_OT3098_v2_chr2C	142000000	144000000	2000000	74077	0.037039
Asat_OT3098_v2_chr2C	144000000	146000000	2000000	7138	0.003569
Asat_OT3098_v2_chr2C	146000000	148000000	2000000	12415	0.006208
Asat_OT3098_v2_chr2C	148000000	150000000	2000000	25676	0.012838
Asat_OT3098_v2_chr2C	150000000	152000000	2000000	25317	0.012658
Asat_OT3098_v2_chr2C	152000000	154000000	2000000	14402	0.007201
Asat_OT3098_v2_chr2C	154000000	156000000	2000000	7089	0.003544
Asat_OT3098_v2_chr2C	156000000	158000000	2000000	5410	0.002705
Asat_OT3098_v2_chr2C	158000000	160000000	2000000	2388	0.001194
Asat_OT3098_v2_chr2C	160000000	162000000	2000000	1147	0.000574
Asat_OT3098_v2_chr2C	162000000	164000000	2000000	66915	0.033458
Asat_OT3098_v2_chr2C	164000000	166000000	2000000	26600	0.013300
Asat_OT3098_v2_chr2C	166000000	168000000	2000000	195	0.000097
Asat_OT3098_v2_chr2C	168000000	170000000	2000000	1217	0.000608
Asat_OT3098_v2_chr2C	170000000	172000000	2000000	20894	0.010447
Asat_OT3098_v2_chr2C	172000000	174000000	2000000	5130	0.002565
Asat_OT3098_v2_chr2C	174000000	176000000	2000000	22658	0.011329
Asat_OT3098_v2_chr2C	176000000	178000000	2000000	22643	0.011321
Asat_OT3098_v2_chr2C	178000000	180000000	2000000	2023	0.001012
Asat_OT3098_v2_chr2C	180000000	182000000	2000000	9138	0.004569
Asat_OT3098_v2_chr2C	182000000	184000000	2000000	378	0.000189
Asat_OT3098_v2_chr2C	184000000	186000000	2000000	41204	0.020602
Asat_OT3098_v2_chr2C	186000000	188000000	2000000	16827	0.008414
Asat_OT3098_v2_chr2C	188000000	190000000	2000000	381	0.000190
Asat_OT3098_v2_chr2C	190000000	192000000	2000000	21528	0.010764
Asat_OT3098_v2_chr2C	192000000	194000000	2000000	16437	0.008219
Asat_OT3098_v2_chr2C	194000000	196000000	2000000	6050	0.003025
Asat_OT3098_v2_chr2C	196000000	198000000	2000000	2078	0.001039
Asat_OT3098_v2_chr2C	198000000	200000000	2000000	13341	0.006671
Asat_OT3098_v2_chr2C	200000000	202000000	2000000	29580	0.014790
Asat_OT3098_v2_chr2C	202000000	204000000	2000000	13794	0.006897
Asat_OT3098_v2_chr2C	204000000	206000000	2000000	6628	0.003314
Asat_OT3098_v2_chr2C	206000000	208000000	2000000	20430	0.010215
Asat_OT3098_v2_chr2C	208000000	210000000	2000000	0	0.000000
Asat_OT3098_v2_chr2C	210000000	212000000	2000000	30507	0.015253
Asat_OT3098_v2_chr2C	212000000	214000000	2000000	30143	0.015071
Asat_OT3098_v2_chr2C	214000000	216000000	2000000	22063	0.011031
Asat_OT3098_v2_chr2C	216000000	218000000	2000000	29948	0.014974
Asat_OT3098_v2_chr2C	218000000	220000000	2000000	5492	0.002746
Asat_OT3098_v2_chr2C	220000000	222000000	2000000	11728	0.005864
Asat_OT3098_v2_chr2C	222000000	224000000	2000000	10487	0.005243
Asat_OT3098_v2_chr2C	224000000	226000000	2000000	20501	0.010250
Asat_OT3098_v2_chr2C	226000000	228000000	2000000	26270	0.013135
Asat_OT3098_v2_chr2C	228000000	230000000	2000000	44948	0.022474
Asat_OT3098_v2_chr2C	230000000	232000000	2000000	40605	0.020303
Asat_OT3098_v2_chr2C	232000000	234000000	2000000	7073	0.003537
Asat_OT3098_v2_chr2C	234000000	236000000	2000000	13625	0.006812
Asat_OT3098_v2_chr2C	236000000	238000000	2000000	12267	0.006134
Asat_OT3098_v2_chr2C	238000000	240000000	2000000	16727	0.008363
Asat_OT3098_v2_chr2C	240000000	242000000	2000000	10840	0.005420
Asat_OT3098_v2_chr2C	242000000	244000000	2000000	63628	0.031814
Asat_OT3098_v2_chr2C	244000000	246000000	2000000	21776	0.010888
Asat_OT3098_v2_chr2C	246000000	248000000	2000000	41610	0.020805
Asat_OT3098_v2_chr2C	248000000	250000000	2000000	10437	0.005219
Asat_OT3098_v2_chr2C	250000000	252000000	2000000	20448	0.010224
Asat_OT3098_v2_chr2C	252000000	254000000	2000000	15851	0.007926
Asat_OT3098_v2_chr2C	254000000	256000000	2000000	85237	0.042618
Asat_OT3098_v2_chr2C	256000000	258000000	2000000	93362	0.046681
Asat_OT3098_v2_chr2C	258000000	260000000	2000000	18905	0.009453
Asat_OT3098_v2_chr2C	260000000	262000000	2000000	29374	0.014687
Asat_OT3098_v2_chr2C	262000000	264000000	2000000	4068	0.002034
Asat_OT3098_v2_chr2C	264000000	266000000	2000000	170749	0.085375
Asat_OT3098_v2_chr2C	266000000	268000000	2000000	14449	0.007225
Asat_OT3098_v2_chr2C	268000000	270000000	2000000	24902	0.012451
Asat_OT3098_v2_chr2C	270000000	272000000	2000000	31189	0.015595
Asat_OT3098_v2_chr2C	272000000	274000000	2000000	6086	0.003043
Asat_OT3098_v2_chr2C	274000000	276000000	2000000	20806	0.010403
Asat_OT3098_v2_chr2C	276000000	278000000	2000000	63751	0.031876
Asat_OT3098_v2_chr2C	278000000	280000000	2000000	14874	0.007437
Asat_OT3098_v2_chr2C	280000000	282000000	2000000	141	0.000071
Asat_OT3098_v2_chr2C	282000000	284000000	2000000	27201	0.013600
Asat_OT3098_v2_chr2C	284000000	286000000	2000000	28253	0.014127
Asat_OT3098_v2_chr2C	286000000	288000000	2000000	43336	0.021668
Asat_OT3098_v2_chr2C	288000000	290000000	2000000	26689	0.013345
Asat_OT3098_v2_chr2C	290000000	292000000	2000000	5495	0.002747
Asat_OT3098_v2_chr2C	292000000	294000000	2000000	33918	0.016959
Asat_OT3098_v2_chr2C	294000000	296000000	2000000	40787	0.020393
Asat_OT3098_v2_chr2C	296000000	298000000	2000000	12841	0.006420
Asat_OT3098_v2_chr2C	298000000	300000000	2000000	39377	0.019689
Asat_OT3098_v2_chr2C	300000000	302000000	2000000	34367	0.017184
Asat_OT3098_v2_chr2C	302000000	304000000	2000000	6092	0.003046
Asat_OT3098_v2_chr2C	304000000	306000000	2000000	56689	0.028345
Asat_OT3098_v2_chr2C	306000000	308000000	2000000	22349	0.011175
Asat_OT3098_v2_chr2C	308000000	310000000	2000000	11633	0.005816
Asat_OT3098_v2_chr2C	310000000	312000000	2000000	9015	0.004508
Asat_OT3098_v2_chr2C	312000000	314000000	2000000	14874	0.007437
Asat_OT3098_v2_chr2C	314000000	316000000	2000000	22273	0.011137
Asat_OT3098_v2_chr2C	316000000	318000000	2000000	35221	0.017611
Asat_OT3098_v2_chr2C	318000000	320000000	2000000	18861	0.009430
Asat_OT3098_v2_chr2C	320000000	322000000	2000000	14709	0.007354
Asat_OT3098_v2_chr2C	322000000	324000000	2000000	77803	0.038901
Asat_OT3098_v2_chr2C	324000000	326000000	2000000	7905	0.003953
Asat_OT3098_v2_chr2C	326000000	328000000	2000000	11460	0.005730
Asat_OT3098_v2_chr2C	328000000	330000000	2000000	6020	0.003010
Asat_OT3098_v2_chr2C	330000000	332000000	2000000	8768	0.004384
Asat_OT3098_v2_chr2C	332000000	334000000	2000000	8482	0.004241
Asat_OT3098_v2_chr2C	334000000	336000000	2000000	3514	0.001757
Asat_OT3098_v2_chr2C	336000000	338000000	2000000	3890	0.001945
Asat_OT3098_v2_chr2C	338000000	340000000	2000000	41787	0.020893
Asat_OT3098_v2_chr2C	340000000	342000000	2000000	3332	0.001666
Asat_OT3098_v2_chr2C	342000000	344000000	2000000	4280	0.002140
Asat_OT3098_v2_chr2C	344000000	346000000	2000000	18340	0.009170
Asat_OT3098_v2_chr2C	346000000	348000000	2000000	7050	0.003525
Asat_OT3098_v2_chr2C	348000000	350000000	2000000	5458	0.002729
Asat_OT3098_v2_chr2C	350000000	352000000	2000000	9137	0.004568
Asat_OT3098_v2_chr2C	352000000	354000000	2000000	3997	0.001998
Asat_OT3098_v2_chr2C	354000000	356000000	2000000	72166	0.036083
Asat_OT3098_v2_chr2C	356000000	358000000	2000000	0	0.000000
Asat_OT3098_v2_chr2C	358000000	360000000	2000000	46140	0.023070
Asat_OT3098_v2_chr2C	360000000	362000000	2000000	4411	0.002205
Asat_OT3098_v2_chr2C	362000000	364000000	2000000	22262	0.011131
Asat_OT3098_v2_chr2C	364000000	366000000	2000000	94840	0.047420
Asat_OT3098_v2_chr2C	366000000	368000000	2000000	8549	0.004274
Asat_OT3098_v2_chr2C	368000000	370000000	2000000	26108	0.013054
Asat_OT3098_v2_chr2C	370000000	372000000	2000000	11320	0.005660
Asat_OT3098_v2_chr2C	372000000	374000000	2000000	15122	0.007561
Asat_OT3098_v2_chr2C	374000000	376000000	2000000	10661	0.005331
Asat_OT3098_v2_chr2C	376000000	378000000	2000000	20620	0.010310
Asat_OT3098_v2_chr2C	378000000	380000000	2000000	1636	0.000818
Asat_OT3098_v2_chr2C	380000000	382000000	2000000	40223	0.020112
Asat_OT3098_v2_chr2C	382000000	384000000	2000000	16461	0.008230
Asat_OT3098_v2_chr2C	384000000	386000000	2000000	5817	0.002909
Asat_OT3098_v2_chr2C	386000000	388000000	2000000	6438	0.003219
Asat_OT3098_v2_chr2C	388000000	390000000	2000000	2344	0.001172
Asat_OT3098_v2_chr2C	390000000	392000000	2000000	5107	0.002554
Asat_OT3098_v2_chr2C	392000000	394000000	2000000	4508	0.002254
Asat_OT3098_v2_chr2C	394000000	396000000	2000000	8992	0.004496
Asat_OT3098_v2_chr2C	396000000	398000000	2000000	3572	0.001786
Asat_OT3098_v2_chr2C	398000000	400000000	2000000	9919	0.004960
Asat_OT3098_v2_chr2C	400000000	402000000	2000000	27618	0.013809
Asat_OT3098_v2_chr2C	402000000	404000000	2000000	8289	0.004144
Asat_OT3098_v2_chr2C	404000000	406000000	2000000	17360	0.008680
Asat_OT3098_v2_chr2C	406000000	408000000	2000000	7834	0.003917
Asat_OT3098_v2_chr2C	408000000	410000000	2000000	1666	0.000833
Asat_OT3098_v2_chr2C	410000000	412000000	2000000	4479	0.002240
Asat_OT3098_v2_chr2C	412000000	414000000	2000000	3349	0.001674
Asat_OT3098_v2_chr2C	414000000	416000000	2000000	15047	0.007523
Asat_OT3098_v2_chr2C	416000000	418000000	2000000	6663	0.003331
Asat_OT3098_v2_chr2C	418000000	420000000	2000000	1808	0.000904
Asat_OT3098_v2_chr2C	420000000	422000000	2000000	9194	0.004597
Asat_OT3098_v2_chr2C	422000000	424000000	2000000	4870	0.002435
Asat_OT3098_v2_chr2C	424000000	426000000	2000000	2938	0.001469
Asat_OT3098_v2_chr2C	426000000	428000000	2000000	12126	0.006063
Asat_OT3098_v2_chr2C	428000000	430000000	2000000	6491	0.003246
Asat_OT3098_v2_chr2C	430000000	432000000	2000000	8788	0.004394
Asat_OT3098_v2_chr2C	432000000	434000000	2000000	98	0.000049
Asat_OT3098_v2_chr2C	434000000	436000000	2000000	720	0.000360
Asat_OT3098_v2_chr2C	436000000	438000000	2000000	13269	0.006634
Asat_OT3098_v2_chr2C	438000000	440000000	2000000	13798	0.006899
Asat_OT3098_v2_chr2C	440000000	442000000	2000000	56057	0.028029
Asat_OT3098_v2_chr2C	442000000	444000000	2000000	7815	0.003908
Asat_OT3098_v2_chr2C	444000000	446000000	2000000	12921	0.006461
Asat_OT3098_v2_chr2C	446000000	448000000	2000000	16591	0.008296
Asat_OT3098_v2_chr2C	448000000	450000000	2000000	6155	0.003077
Asat_OT3098_v2_chr2C	450000000	452000000	2000000	19322	0.009661
Asat_OT3098_v2_chr2C	452000000	454000000	2000000	5460	0.002730
Asat_OT3098_v2_chr2C	454000000	456000000	2000000	4117	0.002058
Asat_OT3098_v2_chr2C	456000000	458000000	2000000	8304	0.004152
Asat_OT3098_v2_chr2C	458000000	460000000	2000000	20026	0.010013
Asat_OT3098_v2_chr2C	460000000	462000000	2000000	3551	0.001775
Asat_OT3098_v2_chr2C	462000000	464000000	2000000	39309	0.019654
Asat_OT3098_v2_chr2C	464000000	466000000	2000000	195585	0.097793
Asat_OT3098_v2_chr2C	466000000	468000000	2000000	7973	0.003986
Asat_OT3098_v2_chr2C	468000000	470000000	2000000	294	0.000147
Asat_OT3098_v2_chr2C	470000000	472000000	2000000	4796	0.002398
Asat_OT3098_v2_chr2C	472000000	474000000	2000000	0	0.000000
Asat_OT3098_v2_chr2C	474000000	476000000	2000000	0	0.000000
Asat_OT3098_v2_chr2C	476000000	478000000	2000000	18857	0.009428
Asat_OT3098_v2_chr2C	478000000	480000000	2000000	11753	0.005876
Asat_OT3098_v2_chr2C	480000000	482000000	2000000	1347	0.000674
Asat_OT3098_v2_chr2C	482000000	484000000	2000000	2205	0.001102
Asat_OT3098_v2_chr2C	484000000	486000000	2000000	10228	0.005114
Asat_OT3098_v2_chr2C	486000000	488000000	2000000	6766	0.003383
Asat_OT3098_v2_chr2C	488000000	490000000	2000000	2716	0.001358
Asat_OT3098_v2_chr2C	490000000	492000000	2000000	146	0.000073
Asat_OT3098_v2_chr2C	492000000	494000000	2000000	1009	0.000504
Asat_OT3098_v2_chr2C	494000000	496000000	2000000	2303	0.001151
Asat_OT3098_v2_chr2C	496000000	498000000	2000000	16325	0.008162
Asat_OT3098_v2_chr2C	498000000	500000000	2000000	390	0.000195
Asat_OT3098_v2_chr2C	500000000	502000000	2000000	2406	0.001203
Asat_OT3098_v2_chr2C	502000000	504000000	2000000	147	0.000073
Asat_OT3098_v2_chr2C	504000000	506000000	2000000	0	0.000000
Asat_OT3098_v2_chr2C	506000000	508000000	2000000	3856	0.001928
Asat_OT3098_v2_chr2C	508000000	510000000	2000000	0	0.000000
Asat_OT3098_v2_chr2C	510000000	512000000	2000000	2104	0.001052
Asat_OT3098_v2_chr2C	512000000	514000000	2000000	235	0.000117
Asat_OT3098_v2_chr2C	514000000	516000000	2000000	3067	0.001533
Asat_OT3098_v2_chr2C	516000000	518000000	2000000	4318	0.002159
Asat_OT3098_v2_chr2C	518000000	520000000	2000000	0	0.000000
Asat_OT3098_v2_chr2C	520000000	522000000	2000000	4844	0.002422
Asat_OT3098_v2_chr2C	522000000	524000000	2000000	3621	0.001811
Asat_OT3098_v2_chr2C	524000000	526000000	2000000	0	0.000000
Asat_OT3098_v2_chr2C	526000000	528000000	2000000	1199	0.000599
Asat_OT3098_v2_chr2C	528000000	530000000	2000000	3515	0.001757
Asat_OT3098_v2_chr2C	530000000	532000000	2000000	0	0.000000
Asat_OT3098_v2_chr2C	532000000	534000000	2000000	0	0.000000
Asat_OT3098_v2_chr2C	534000000	536000000	2000000	1030	0.000515
Asat_OT3098_v2_chr2C	536000000	538000000	2000000	343	0.000171
Asat_OT3098_v2_chr2C	538000000	540000000	2000000	0	0.000000
Asat_OT3098_v2_chr2C	540000000	542000000	2000000	0	0.000000
Asat_OT3098_v2_chr2C	542000000	544000000	2000000	0	0.000000
Asat_OT3098_v2_chr2C	544000000	546000000	2000000	97	0.000048
Asat_OT3098_v2_chr2C	546000000	548000000	2000000	1437	0.000718
Asat_OT3098_v2_chr2C	548000000	550000000	2000000	1877	0.000938
Asat_OT3098_v2_chr2C	550000000	552000000	2000000	80823	0.040412
Asat_OT3098_v2_chr2C	552000000	554000000	2000000	1550	0.000775
Asat_OT3098_v2_chr2C	554000000	556000000	2000000	784	0.000392
Asat_OT3098_v2_chr2C	556000000	558000000	2000000	5287	0.002644
Asat_OT3098_v2_chr2C	558000000	560000000	2000000	4879	0.002439
Asat_OT3098_v2_chr2C	560000000	562000000	2000000	0	0.000000
Asat_OT3098_v2_chr2C	562000000	564000000	2000000	46965	0.023482
Asat_OT3098_v2_chr2C	564000000	566000000	2000000	213880	0.106940
Asat_OT3098_v2_chr2C	566000000	568000000	2000000	26849	0.013425
Asat_OT3098_v2_chr2C	568000000	570000000	2000000	140155	0.070078
Asat_OT3098_v2_chr2C	570000000	572000000	2000000	20386	0.010193
Asat_OT3098_v2_chr2C	572000000	574000000	2000000	108365	0.054183
Asat_OT3098_v2_chr2C	574000000	576000000	2000000	180337	0.090168
Asat_OT3098_v2_chr2C	576000000	578000000	2000000	472	0.000236
Asat_OT3098_v2_chr2C	578000000	580000000	2000000	38190	0.019095
Asat_OT3098_v2_chr2C	580000000	582000000	2000000	68403	0.034202
Asat_OT3098_v2_chr2C	582000000	584000000	2000000	3677	0.001839
Asat_OT3098_v2_chr2C	584000000	586000000	2000000	97167	0.048584
Asat_OT3098_v2_chr2C	586000000	588000000	2000000	149951	0.074976
Asat_OT3098_v2_chr2C	588000000	589118817	1118817	4116	0.003679
Asat_OT3098_v2_chr2D	0	2000000	2000000	441	0.000220
Asat_OT3098_v2_chr2D	2000000	4000000	2000000	26389	0.013194
Asat_OT3098_v2_chr2D	4000000	6000000	2000000	2124	0.001062
Asat_OT3098_v2_chr2D	6000000	8000000	2000000	42935	0.021468
Asat_OT3098_v2_chr2D	8000000	10000000	2000000	1712	0.000856
Asat_OT3098_v2_chr2D	10000000	12000000	2000000	4695	0.002348
Asat_OT3098_v2_chr2D	12000000	14000000	2000000	670	0.000335
Asat_OT3098_v2_chr2D	14000000	16000000	2000000	29756	0.014878
Asat_OT3098_v2_chr2D	16000000	18000000	2000000	5166	0.002583
Asat_OT3098_v2_chr2D	18000000	20000000	2000000	1353	0.000677
Asat_OT3098_v2_chr2D	20000000	22000000	2000000	3241	0.001620
Asat_OT3098_v2_chr2D	22000000	24000000	2000000	3699	0.001850
Asat_OT3098_v2_chr2D	24000000	26000000	2000000	6938	0.003469
Asat_OT3098_v2_chr2D	26000000	28000000	2000000	5645	0.002822
Asat_OT3098_v2_chr2D	28000000	30000000	2000000	14838	0.007419
Asat_OT3098_v2_chr2D	30000000	32000000	2000000	28243	0.014122
Asat_OT3098_v2_chr2D	32000000	34000000	2000000	716	0.000358
Asat_OT3098_v2_chr2D	34000000	36000000	2000000	7422	0.003711
Asat_OT3098_v2_chr2D	36000000	38000000	2000000	3580	0.001790
Asat_OT3098_v2_chr2D	38000000	40000000	2000000	9673	0.004836
Asat_OT3098_v2_chr2D	40000000	42000000	2000000	19571	0.009786
Asat_OT3098_v2_chr2D	42000000	44000000	2000000	2091	0.001045
Asat_OT3098_v2_chr2D	44000000	46000000	2000000	0	0.000000
Asat_OT3098_v2_chr2D	46000000	48000000	2000000	0	0.000000
Asat_OT3098_v2_chr2D	48000000	50000000	2000000	0	0.000000
Asat_OT3098_v2_chr2D	50000000	52000000	2000000	0	0.000000
Asat_OT3098_v2_chr2D	52000000	54000000	2000000	0	0.000000
Asat_OT3098_v2_chr2D	54000000	56000000	2000000	0	0.000000
Asat_OT3098_v2_chr2D	56000000	58000000	2000000	0	0.000000
Asat_OT3098_v2_chr2D	58000000	60000000	2000000	0	0.000000
Asat_OT3098_v2_chr2D	60000000	62000000	2000000	0	0.000000
Asat_OT3098_v2_chr2D	62000000	64000000	2000000	0	0.000000
Asat_OT3098_v2_chr2D	64000000	66000000	2000000	0	0.000000
Asat_OT3098_v2_chr2D	66000000	68000000	2000000	0	0.000000
Asat_OT3098_v2_chr2D	68000000	70000000	2000000	0	0.000000
Asat_OT3098_v2_chr2D	70000000	72000000	2000000	0	0.000000
Asat_OT3098_v2_chr2D	72000000	74000000	2000000	0	0.000000
Asat_OT3098_v2_chr2D	74000000	76000000	2000000	0	0.000000
Asat_OT3098_v2_chr2D	76000000	78000000	2000000	0	0.000000
Asat_OT3098_v2_chr2D	78000000	80000000	2000000	0	0.000000
Asat_OT3098_v2_chr2D	80000000	82000000	2000000	0	0.000000
Asat_OT3098_v2_chr2D	82000000	84000000	2000000	0	0.000000
Asat_OT3098_v2_chr2D	84000000	86000000	2000000	0	0.000000
Asat_OT3098_v2_chr2D	86000000	88000000	2000000	0	0.000000
Asat_OT3098_v2_chr2D	88000000	90000000	2000000	0	0.000000
Asat_OT3098_v2_chr2D	90000000	92000000	2000000	0	0.000000
Asat_OT3098_v2_chr2D	92000000	94000000	2000000	0	0.000000
Asat_OT3098_v2_chr2D	94000000	96000000	2000000	0	0.000000
Asat_OT3098_v2_chr2D	96000000	98000000	2000000	0	0.000000
Asat_OT3098_v2_chr2D	98000000	100000000	2000000	0	0.000000
Asat_OT3098_v2_chr2D	100000000	102000000	2000000	0	0.000000
Asat_OT3098_v2_chr2D	102000000	104000000	2000000	0	0.000000
Asat_OT3098_v2_chr2D	104000000	106000000	2000000	0	0.000000
Asat_OT3098_v2_chr2D	106000000	108000000	2000000	0	0.000000
Asat_OT3098_v2_chr2D	108000000	110000000	2000000	0	0.000000
Asat_OT3098_v2_chr2D	110000000	112000000	2000000	0	0.000000
Asat_OT3098_v2_chr2D	112000000	114000000	2000000	0	0.000000
Asat_OT3098_v2_chr2D	114000000	116000000	2000000	0	0.000000
Asat_OT3098_v2_chr2D	116000000	118000000	2000000	0	0.000000
Asat_OT3098_v2_chr2D	118000000	120000000	2000000	0	0.000000
Asat_OT3098_v2_chr2D	120000000	122000000	2000000	0	0.000000
Asat_OT3098_v2_chr2D	122000000	124000000	2000000	0	0.000000
Asat_OT3098_v2_chr2D	124000000	126000000	2000000	0	0.000000
Asat_OT3098_v2_chr2D	126000000	128000000	2000000	0	0.000000
Asat_OT3098_v2_chr2D	128000000	130000000	2000000	0	0.000000
Asat_OT3098_v2_chr2D	130000000	132000000	2000000	0	0.000000
Asat_OT3098_v2_chr2D	132000000	134000000	2000000	0	0.000000
Asat_OT3098_v2_chr2D	134000000	136000000	2000000	0	0.000000
Asat_OT3098_v2_chr2D	136000000	138000000	2000000	0	0.000000
Asat_OT3098_v2_chr2D	138000000	140000000	2000000	0	0.000000
Asat_OT3098_v2_chr2D	140000000	142000000	2000000	0	0.000000
Asat_OT3098_v2_chr2D	142000000	144000000	2000000	0	0.000000
Asat_OT3098_v2_chr2D	144000000	146000000	2000000	0	0.000000
Asat_OT3098_v2_chr2D	146000000	148000000	2000000	0	0.000000
Asat_OT3098_v2_chr2D	148000000	150000000	2000000	0	0.000000
Asat_OT3098_v2_chr2D	150000000	152000000	2000000	0	0.000000
Asat_OT3098_v2_chr2D	152000000	154000000	2000000	0	0.000000
Asat_OT3098_v2_chr2D	154000000	156000000	2000000	0	0.000000
Asat_OT3098_v2_chr2D	156000000	158000000	2000000	0	0.000000
Asat_OT3098_v2_chr2D	158000000	160000000	2000000	0	0.000000
Asat_OT3098_v2_chr2D	160000000	162000000	2000000	0	0.000000
Asat_OT3098_v2_chr2D	162000000	164000000	2000000	0	0.000000
Asat_OT3098_v2_chr2D	164000000	166000000	2000000	0	0.000000
Asat_OT3098_v2_chr2D	166000000	168000000	2000000	0	0.000000
Asat_OT3098_v2_chr2D	168000000	170000000	2000000	0	0.000000
Asat_OT3098_v2_chr2D	170000000	172000000	2000000	0	0.000000
Asat_OT3098_v2_chr2D	172000000	174000000	2000000	0	0.000000
Asat_OT3098_v2_chr2D	174000000	176000000	2000000	0	0.000000
Asat_OT3098_v2_chr2D	176000000	178000000	2000000	0	0.000000
Asat_OT3098_v2_chr2D	178000000	180000000	2000000	0	0.000000
Asat_OT3098_v2_chr2D	180000000	182000000	2000000	0	0.000000
Asat_OT3098_v2_chr2D	182000000	184000000	2000000	0	0.000000
Asat_OT3098_v2_chr2D	184000000	186000000	2000000	0	0.000000
Asat_OT3098_v2_chr2D	186000000	188000000	2000000	0	0.000000
Asat_OT3098_v2_chr2D	188000000	190000000	2000000	0	0.000000
Asat_OT3098_v2_chr2D	190000000	192000000	2000000	0	0.000000
Asat_OT3098_v2_chr2D	192000000	194000000	2000000	0	0.000000
Asat_OT3098_v2_chr2D	194000000	196000000	2000000	0	0.000000
Asat_OT3098_v2_chr2D	196000000	198000000	2000000	0	0.000000
Asat_OT3098_v2_chr2D	198000000	200000000	2000000	0	0.000000
Asat_OT3098_v2_chr2D	200000000	202000000	2000000	0	0.000000
Asat_OT3098_v2_chr2D	202000000	204000000	2000000	0	0.000000
Asat_OT3098_v2_chr2D	204000000	206000000	2000000	0	0.000000
Asat_OT3098_v2_chr2D	206000000	208000000	2000000	0	0.000000
Asat_OT3098_v2_chr2D	208000000	210000000	2000000	0	0.000000
Asat_OT3098_v2_chr2D	210000000	212000000	2000000	0	0.000000
Asat_OT3098_v2_chr2D	212000000	214000000	2000000	0	0.000000
Asat_OT3098_v2_chr2D	214000000	216000000	2000000	0	0.000000
Asat_OT3098_v2_chr2D	216000000	218000000	2000000	0	0.000000
Asat_OT3098_v2_chr2D	218000000	220000000	2000000	0	0.000000
Asat_OT3098_v2_chr2D	220000000	222000000	2000000	0	0.000000
Asat_OT3098_v2_chr2D	222000000	224000000	2000000	0	0.000000
Asat_OT3098_v2_chr2D	224000000	226000000	2000000	0	0.000000
Asat_OT3098_v2_chr2D	226000000	228000000	2000000	0	0.000000
Asat_OT3098_v2_chr2D	228000000	230000000	2000000	0	0.000000
Asat_OT3098_v2_chr2D	230000000	232000000	2000000	0	0.000000
Asat_OT3098_v2_chr2D	232000000	234000000	2000000	0	0.000000
Asat_OT3098_v2_chr2D	234000000	236000000	2000000	0	0.000000
Asat_OT3098_v2_chr2D	236000000	238000000	2000000	0	0.000000
Asat_OT3098_v2_chr2D	238000000	240000000	2000000	0	0.000000
Asat_OT3098_v2_chr2D	240000000	242000000	2000000	0	0.000000
Asat_OT3098_v2_chr2D	242000000	244000000	2000000	0	0.000000
Asat_OT3098_v2_chr2D	244000000	246000000	2000000	0	0.000000
Asat_OT3098_v2_chr2D	246000000	248000000	2000000	0	0.000000
Asat_OT3098_v2_chr2D	248000000	250000000	2000000	0	0.000000
Asat_OT3098_v2_chr2D	250000000	252000000	2000000	0	0.000000
Asat_OT3098_v2_chr2D	252000000	254000000	2000000	0	0.000000
Asat_OT3098_v2_chr2D	254000000	256000000	2000000	0	0.000000
Asat_OT3098_v2_chr2D	256000000	258000000	2000000	0	0.000000
Asat_OT3098_v2_chr2D	258000000	260000000	2000000	0	0.000000
Asat_OT3098_v2_chr2D	260000000	262000000	2000000	0	0.000000
Asat_OT3098_v2_chr2D	262000000	264000000	2000000	0	0.000000
Asat_OT3098_v2_chr2D	264000000	266000000	2000000	0	0.000000
Asat_OT3098_v2_chr2D	266000000	268000000	2000000	0	0.000000
Asat_OT3098_v2_chr2D	268000000	270000000	2000000	0	0.000000
Asat_OT3098_v2_chr2D	270000000	272000000	2000000	0	0.000000
Asat_OT3098_v2_chr2D	272000000	274000000	2000000	0	0.000000
Asat_OT3098_v2_chr2D	274000000	276000000	2000000	0	0.000000
Asat_OT3098_v2_chr2D	276000000	278000000	2000000	0	0.000000
Asat_OT3098_v2_chr2D	278000000	280000000	2000000	0	0.000000
Asat_OT3098_v2_chr2D	280000000	282000000	2000000	0	0.000000
Asat_OT3098_v2_chr2D	282000000	284000000	2000000	0	0.000000
Asat_OT3098_v2_chr2D	284000000	286000000	2000000	0	0.000000
Asat_OT3098_v2_chr2D	286000000	288000000	2000000	0	0.000000
Asat_OT3098_v2_chr2D	288000000	290000000	2000000	0	0.000000
Asat_OT3098_v2_chr2D	290000000	292000000	2000000	0	0.000000
Asat_OT3098_v2_chr2D	292000000	294000000	2000000	0	0.000000
Asat_OT3098_v2_chr2D	294000000	296000000	2000000	0	0.000000
Asat_OT3098_v2_chr2D	296000000	298000000	2000000	0	0.000000
Asat_OT3098_v2_chr2D	298000000	300000000	2000000	0	0.000000
Asat_OT3098_v2_chr2D	300000000	302000000	2000000	0	0.000000
Asat_OT3098_v2_chr2D	302000000	304000000	2000000	0	0.000000
Asat_OT3098_v2_chr2D	304000000	306000000	2000000	0	0.000000
Asat_OT3098_v2_chr2D	306000000	308000000	2000000	0	0.000000
Asat_OT3098_v2_chr2D	308000000	310000000	2000000	0	0.000000
Asat_OT3098_v2_chr2D	310000000	312000000	2000000	0	0.000000
Asat_OT3098_v2_chr2D	312000000	314000000	2000000	0	0.000000
Asat_OT3098_v2_chr2D	314000000	316000000	2000000	0	0.000000
Asat_OT3098_v2_chr2D	316000000	318000000	2000000	0	0.000000
Asat_OT3098_v2_chr2D	318000000	320000000	2000000	0	0.000000
Asat_OT3098_v2_chr2D	320000000	322000000	2000000	0	0.000000
Asat_OT3098_v2_chr2D	322000000	324000000	2000000	0	0.000000
Asat_OT3098_v2_chr2D	324000000	326000000	2000000	0	0.000000
Asat_OT3098_v2_chr2D	326000000	328000000	2000000	0	0.000000
Asat_OT3098_v2_chr2D	328000000	330000000	2000000	0	0.000000
Asat_OT3098_v2_chr2D	330000000	332000000	2000000	0	0.000000
Asat_OT3098_v2_chr2D	332000000	334000000	2000000	0	0.000000
Asat_OT3098_v2_chr2D	334000000	336000000	2000000	0	0.000000
Asat_OT3098_v2_chr2D	336000000	338000000	2000000	0	0.000000
Asat_OT3098_v2_chr2D	338000000	340000000	2000000	0	0.000000
Asat_OT3098_v2_chr2D	340000000	342000000	2000000	0	0.000000
Asat_OT3098_v2_chr2D	342000000	344000000	2000000	0	0.000000
Asat_OT3098_v2_chr2D	344000000	346000000	2000000	0	0.000000
Asat_OT3098_v2_chr2D	346000000	348000000	2000000	0	0.000000
Asat_OT3098_v2_chr2D	348000000	350000000	2000000	0	0.000000
Asat_OT3098_v2_chr2D	350000000	352000000	2000000	0	0.000000
Asat_OT3098_v2_chr2D	352000000	354000000	2000000	0	0.000000
Asat_OT3098_v2_chr2D	354000000	356000000	2000000	0	0.000000
Asat_OT3098_v2_chr2D	356000000	358000000	2000000	0	0.000000
Asat_OT3098_v2_chr2D	358000000	360000000	2000000	0	0.000000
Asat_OT3098_v2_chr2D	360000000	362000000	2000000	0	0.000000
Asat_OT3098_v2_chr2D	362000000	364000000	2000000	0	0.000000
Asat_OT3098_v2_chr2D	364000000	366000000	2000000	0	0.000000
Asat_OT3098_v2_chr2D	366000000	368000000	2000000	0	0.000000
Asat_OT3098_v2_chr2D	368000000	370000000	2000000	0	0.000000
Asat_OT3098_v2_chr2D	370000000	372000000	2000000	0	0.000000
Asat_OT3098_v2_chr2D	372000000	374000000	2000000	0	0.000000
Asat_OT3098_v2_chr2D	374000000	376000000	2000000	0	0.000000
Asat_OT3098_v2_chr2D	376000000	378000000	2000000	0	0.000000
Asat_OT3098_v2_chr2D	378000000	380000000	2000000	0	0.000000
Asat_OT3098_v2_chr2D	380000000	382000000	2000000	0	0.000000
Asat_OT3098_v2_chr2D	382000000	384000000	2000000	0	0.000000
Asat_OT3098_v2_chr2D	384000000	386000000	2000000	0	0.000000
Asat_OT3098_v2_chr2D	386000000	388000000	2000000	0	0.000000
Asat_OT3098_v2_chr2D	388000000	390000000	2000000	0	0.000000
Asat_OT3098_v2_chr2D	390000000	392000000	2000000	0	0.000000
Asat_OT3098_v2_chr2D	392000000	394000000	2000000	0	0.000000
Asat_OT3098_v2_chr2D	394000000	396000000	2000000	0	0.000000
Asat_OT3098_v2_chr2D	396000000	398000000	2000000	0	0.000000
Asat_OT3098_v2_chr2D	398000000	400000000	2000000	0	0.000000
Asat_OT3098_v2_chr2D	400000000	402000000	2000000	0	0.000000
Asat_OT3098_v2_chr2D	402000000	404000000	2000000	0	0.000000
Asat_OT3098_v2_chr2D	404000000	406000000	2000000	0	0.000000
Asat_OT3098_v2_chr2D	406000000	408000000	2000000	0	0.000000
Asat_OT3098_v2_chr2D	408000000	410000000	2000000	0	0.000000
Asat_OT3098_v2_chr2D	410000000	412000000	2000000	0	0.000000
Asat_OT3098_v2_chr2D	412000000	414000000	2000000	0	0.000000
Asat_OT3098_v2_chr2D	414000000	416000000	2000000	0	0.000000
Asat_OT3098_v2_chr2D	416000000	418000000	2000000	0	0.000000
Asat_OT3098_v2_chr2D	418000000	420000000	2000000	0	0.000000
Asat_OT3098_v2_chr2D	420000000	422000000	2000000	0	0.000000
Asat_OT3098_v2_chr2D	422000000	424000000	2000000	0	0.000000
Asat_OT3098_v2_chr2D	424000000	426000000	2000000	0	0.000000
Asat_OT3098_v2_chr2D	426000000	428000000	2000000	0	0.000000
Asat_OT3098_v2_chr2D	428000000	430000000	2000000	0	0.000000
Asat_OT3098_v2_chr2D	430000000	432000000	2000000	0	0.000000
Asat_OT3098_v2_chr2D	432000000	434000000	2000000	0	0.000000
Asat_OT3098_v2_chr2D	434000000	436000000	2000000	0	0.000000
Asat_OT3098_v2_chr2D	436000000	438000000	2000000	0	0.000000
Asat_OT3098_v2_chr2D	438000000	440000000	2000000	0	0.000000
Asat_OT3098_v2_chr2D	440000000	442000000	2000000	0	0.000000
Asat_OT3098_v2_chr2D	442000000	444000000	2000000	0	0.000000
Asat_OT3098_v2_chr2D	444000000	446000000	2000000	0	0.000000
Asat_OT3098_v2_chr2D	446000000	448000000	2000000	0	0.000000
Asat_OT3098_v2_chr2D	448000000	450000000	2000000	0	0.000000
Asat_OT3098_v2_chr2D	450000000	452000000	2000000	0	0.000000
Asat_OT3098_v2_chr2D	452000000	454000000	2000000	0	0.000000
Asat_OT3098_v2_chr2D	454000000	456000000	2000000	0	0.000000
Asat_OT3098_v2_chr2D	456000000	458000000	2000000	0	0.000000
Asat_OT3098_v2_chr2D	458000000	460000000	2000000	0	0.000000
Asat_OT3098_v2_chr2D	460000000	462000000	2000000	0	0.000000
Asat_OT3098_v2_chr2D	462000000	464000000	2000000	0	0.000000
Asat_OT3098_v2_chr2D	464000000	466000000	2000000	0	0.000000
Asat_OT3098_v2_chr2D	466000000	468000000	2000000	0	0.000000
Asat_OT3098_v2_chr2D	468000000	470000000	2000000	0	0.000000
Asat_OT3098_v2_chr2D	470000000	472000000	2000000	0	0.000000
Asat_OT3098_v2_chr2D	472000000	474000000	2000000	0	0.000000
Asat_OT3098_v2_chr2D	474000000	476000000	2000000	0	0.000000
Asat_OT3098_v2_chr2D	476000000	478000000	2000000	0	0.000000
Asat_OT3098_v2_chr2D	478000000	480000000	2000000	0	0.000000
Asat_OT3098_v2_chr2D	480000000	482000000	2000000	0	0.000000
Asat_OT3098_v2_chr2D	482000000	484000000	2000000	0	0.000000
Asat_OT3098_v2_chr2D	484000000	486000000	2000000	0	0.000000
Asat_OT3098_v2_chr2D	486000000	488000000	2000000	0	0.000000
Asat_OT3098_v2_chr2D	488000000	490000000	2000000	0	0.000000
Asat_OT3098_v2_chr2D	490000000	492000000	2000000	0	0.000000
Asat_OT3098_v2_chr2D	492000000	494000000	2000000	0	0.000000
Asat_OT3098_v2_chr2D	494000000	496000000	2000000	0	0.000000
Asat_OT3098_v2_chr2D	496000000	498000000	2000000	0	0.000000
Asat_OT3098_v2_chr2D	498000000	500000000	2000000	0	0.000000
Asat_OT3098_v2_chr2D	500000000	502000000	2000000	0	0.000000
Asat_OT3098_v2_chr2D	502000000	504000000	2000000	0	0.000000
Asat_OT3098_v2_chr2D	504000000	506000000	2000000	0	0.000000
Asat_OT3098_v2_chr2D	506000000	508000000	2000000	0	0.000000
Asat_OT3098_v2_chr2D	508000000	510000000	2000000	0	0.000000
Asat_OT3098_v2_chr2D	510000000	512000000	2000000	0	0.000000
Asat_OT3098_v2_chr2D	512000000	514000000	2000000	0	0.000000
Asat_OT3098_v2_chr2D	514000000	516000000	2000000	0	0.000000
Asat_OT3098_v2_chr2D	516000000	518000000	2000000	0	0.000000
Asat_OT3098_v2_chr2D	518000000	520000000	2000000	0	0.000000
Asat_OT3098_v2_chr2D	520000000	522000000	2000000	0	0.000000
Asat_OT3098_v2_chr2D	522000000	524000000	2000000	0	0.000000
Asat_OT3098_v2_chr2D	524000000	526000000	2000000	0	0.000000
Asat_OT3098_v2_chr2D	526000000	528000000	2000000	0	0.000000
Asat_OT3098_v2_chr2D	528000000	530000000	2000000	0	0.000000
Asat_OT3098_v2_chr2D	530000000	532000000	2000000	0	0.000000
Asat_OT3098_v2_chr2D	532000000	532103454	103454	0	0.000000
Asat_OT3098_v2_chr3A	0	2000000	2000000	0	0.000000
Asat_OT3098_v2_chr3A	2000000	4000000	2000000	0	0.000000
Asat_OT3098_v2_chr3A	4000000	6000000	2000000	0	0.000000
Asat_OT3098_v2_chr3A	6000000	8000000	2000000	0	0.000000
Asat_OT3098_v2_chr3A	8000000	10000000	2000000	0	0.000000
Asat_OT3098_v2_chr3A	10000000	12000000	2000000	0	0.000000
Asat_OT3098_v2_chr3A	12000000	14000000	2000000	0	0.000000
Asat_OT3098_v2_chr3A	14000000	16000000	2000000	0	0.000000
Asat_OT3098_v2_chr3A	16000000	18000000	2000000	0	0.000000
Asat_OT3098_v2_chr3A	18000000	20000000	2000000	0	0.000000
Asat_OT3098_v2_chr3A	20000000	22000000	2000000	0	0.000000
Asat_OT3098_v2_chr3A	22000000	24000000	2000000	0	0.000000
Asat_OT3098_v2_chr3A	24000000	26000000	2000000	0	0.000000
Asat_OT3098_v2_chr3A	26000000	28000000	2000000	0	0.000000
Asat_OT3098_v2_chr3A	28000000	30000000	2000000	0	0.000000
Asat_OT3098_v2_chr3A	30000000	32000000	2000000	0	0.000000
Asat_OT3098_v2_chr3A	32000000	34000000	2000000	0	0.000000
Asat_OT3098_v2_chr3A	34000000	36000000	2000000	0	0.000000
Asat_OT3098_v2_chr3A	36000000	38000000	2000000	0	0.000000
Asat_OT3098_v2_chr3A	38000000	40000000	2000000	0	0.000000
Asat_OT3098_v2_chr3A	40000000	42000000	2000000	0	0.000000
Asat_OT3098_v2_chr3A	42000000	44000000	2000000	0	0.000000
Asat_OT3098_v2_chr3A	44000000	46000000	2000000	0	0.000000
Asat_OT3098_v2_chr3A	46000000	48000000	2000000	0	0.000000
Asat_OT3098_v2_chr3A	48000000	50000000	2000000	0	0.000000
Asat_OT3098_v2_chr3A	50000000	52000000	2000000	0	0.000000
Asat_OT3098_v2_chr3A	52000000	54000000	2000000	0	0.000000
Asat_OT3098_v2_chr3A	54000000	56000000	2000000	0	0.000000
Asat_OT3098_v2_chr3A	56000000	58000000	2000000	0	0.000000
Asat_OT3098_v2_chr3A	58000000	60000000	2000000	0	0.000000
Asat_OT3098_v2_chr3A	60000000	62000000	2000000	0	0.000000
Asat_OT3098_v2_chr3A	62000000	64000000	2000000	0	0.000000
Asat_OT3098_v2_chr3A	64000000	66000000	2000000	0	0.000000
Asat_OT3098_v2_chr3A	66000000	68000000	2000000	0	0.000000
Asat_OT3098_v2_chr3A	68000000	70000000	2000000	0	0.000000
Asat_OT3098_v2_chr3A	70000000	72000000	2000000	0	0.000000
Asat_OT3098_v2_chr3A	72000000	74000000	2000000	0	0.000000
Asat_OT3098_v2_chr3A	74000000	76000000	2000000	0	0.000000
Asat_OT3098_v2_chr3A	76000000	78000000	2000000	0	0.000000
Asat_OT3098_v2_chr3A	78000000	80000000	2000000	0	0.000000
Asat_OT3098_v2_chr3A	80000000	82000000	2000000	0	0.000000
Asat_OT3098_v2_chr3A	82000000	84000000	2000000	0	0.000000
Asat_OT3098_v2_chr3A	84000000	86000000	2000000	0	0.000000
Asat_OT3098_v2_chr3A	86000000	88000000	2000000	0	0.000000
Asat_OT3098_v2_chr3A	88000000	90000000	2000000	0	0.000000
Asat_OT3098_v2_chr3A	90000000	92000000	2000000	0	0.000000
Asat_OT3098_v2_chr3A	92000000	94000000	2000000	0	0.000000
Asat_OT3098_v2_chr3A	94000000	96000000	2000000	0	0.000000
Asat_OT3098_v2_chr3A	96000000	98000000	2000000	0	0.000000
Asat_OT3098_v2_chr3A	98000000	100000000	2000000	0	0.000000
Asat_OT3098_v2_chr3A	100000000	102000000	2000000	0	0.000000
Asat_OT3098_v2_chr3A	102000000	104000000	2000000	0	0.000000
Asat_OT3098_v2_chr3A	104000000	106000000	2000000	0	0.000000
Asat_OT3098_v2_chr3A	106000000	108000000	2000000	0	0.000000
Asat_OT3098_v2_chr3A	108000000	110000000	2000000	0	0.000000
Asat_OT3098_v2_chr3A	110000000	112000000	2000000	0	0.000000
Asat_OT3098_v2_chr3A	112000000	114000000	2000000	0	0.000000
Asat_OT3098_v2_chr3A	114000000	116000000	2000000	0	0.000000
Asat_OT3098_v2_chr3A	116000000	118000000	2000000	0	0.000000
Asat_OT3098_v2_chr3A	118000000	120000000	2000000	0	0.000000
Asat_OT3098_v2_chr3A	120000000	122000000	2000000	0	0.000000
Asat_OT3098_v2_chr3A	122000000	124000000	2000000	0	0.000000
Asat_OT3098_v2_chr3A	124000000	126000000	2000000	0	0.000000
Asat_OT3098_v2_chr3A	126000000	128000000	2000000	0	0.000000
Asat_OT3098_v2_chr3A	128000000	130000000	2000000	0	0.000000
Asat_OT3098_v2_chr3A	130000000	132000000	2000000	0	0.000000
Asat_OT3098_v2_chr3A	132000000	134000000	2000000	0	0.000000
Asat_OT3098_v2_chr3A	134000000	136000000	2000000	0	0.000000
Asat_OT3098_v2_chr3A	136000000	138000000	2000000	0	0.000000
Asat_OT3098_v2_chr3A	138000000	140000000	2000000	0	0.000000
Asat_OT3098_v2_chr3A	140000000	142000000	2000000	0	0.000000
Asat_OT3098_v2_chr3A	142000000	144000000	2000000	0	0.000000
Asat_OT3098_v2_chr3A	144000000	146000000	2000000	0	0.000000
Asat_OT3098_v2_chr3A	146000000	148000000	2000000	0	0.000000
Asat_OT3098_v2_chr3A	148000000	150000000	2000000	0	0.000000
Asat_OT3098_v2_chr3A	150000000	152000000	2000000	0	0.000000
Asat_OT3098_v2_chr3A	152000000	154000000	2000000	0	0.000000
Asat_OT3098_v2_chr3A	154000000	156000000	2000000	0	0.000000
Asat_OT3098_v2_chr3A	156000000	158000000	2000000	0	0.000000
Asat_OT3098_v2_chr3A	158000000	160000000	2000000	0	0.000000
Asat_OT3098_v2_chr3A	160000000	162000000	2000000	0	0.000000
Asat_OT3098_v2_chr3A	162000000	164000000	2000000	0	0.000000
Asat_OT3098_v2_chr3A	164000000	166000000	2000000	0	0.000000
Asat_OT3098_v2_chr3A	166000000	168000000	2000000	0	0.000000
Asat_OT3098_v2_chr3A	168000000	170000000	2000000	0	0.000000
Asat_OT3098_v2_chr3A	170000000	172000000	2000000	0	0.000000
Asat_OT3098_v2_chr3A	172000000	174000000	2000000	0	0.000000
Asat_OT3098_v2_chr3A	174000000	176000000	2000000	0	0.000000
Asat_OT3098_v2_chr3A	176000000	178000000	2000000	0	0.000000
Asat_OT3098_v2_chr3A	178000000	180000000	2000000	0	0.000000
Asat_OT3098_v2_chr3A	180000000	182000000	2000000	0	0.000000
Asat_OT3098_v2_chr3A	182000000	184000000	2000000	0	0.000000
Asat_OT3098_v2_chr3A	184000000	186000000	2000000	0	0.000000
Asat_OT3098_v2_chr3A	186000000	188000000	2000000	0	0.000000
Asat_OT3098_v2_chr3A	188000000	190000000	2000000	0	0.000000
Asat_OT3098_v2_chr3A	190000000	192000000	2000000	0	0.000000
Asat_OT3098_v2_chr3A	192000000	194000000	2000000	0	0.000000
Asat_OT3098_v2_chr3A	194000000	196000000	2000000	0	0.000000
Asat_OT3098_v2_chr3A	196000000	198000000	2000000	0	0.000000
Asat_OT3098_v2_chr3A	198000000	200000000	2000000	0	0.000000
Asat_OT3098_v2_chr3A	200000000	202000000	2000000	0	0.000000
Asat_OT3098_v2_chr3A	202000000	204000000	2000000	0	0.000000
Asat_OT3098_v2_chr3A	204000000	206000000	2000000	0	0.000000
Asat_OT3098_v2_chr3A	206000000	208000000	2000000	0	0.000000
Asat_OT3098_v2_chr3A	208000000	210000000	2000000	0	0.000000
Asat_OT3098_v2_chr3A	210000000	212000000	2000000	0	0.000000
Asat_OT3098_v2_chr3A	212000000	214000000	2000000	0	0.000000
Asat_OT3098_v2_chr3A	214000000	216000000	2000000	0	0.000000
Asat_OT3098_v2_chr3A	216000000	218000000	2000000	0	0.000000
Asat_OT3098_v2_chr3A	218000000	220000000	2000000	0	0.000000
Asat_OT3098_v2_chr3A	220000000	222000000	2000000	0	0.000000
Asat_OT3098_v2_chr3A	222000000	224000000	2000000	0	0.000000
Asat_OT3098_v2_chr3A	224000000	226000000	2000000	0	0.000000
Asat_OT3098_v2_chr3A	226000000	228000000	2000000	0	0.000000
Asat_OT3098_v2_chr3A	228000000	230000000	2000000	0	0.000000
Asat_OT3098_v2_chr3A	230000000	232000000	2000000	0	0.000000
Asat_OT3098_v2_chr3A	232000000	234000000	2000000	0	0.000000
Asat_OT3098_v2_chr3A	234000000	236000000	2000000	0	0.000000
Asat_OT3098_v2_chr3A	236000000	238000000	2000000	0	0.000000
Asat_OT3098_v2_chr3A	238000000	240000000	2000000	0	0.000000
Asat_OT3098_v2_chr3A	240000000	242000000	2000000	0	0.000000
Asat_OT3098_v2_chr3A	242000000	244000000	2000000	0	0.000000
Asat_OT3098_v2_chr3A	244000000	246000000	2000000	0	0.000000
Asat_OT3098_v2_chr3A	246000000	248000000	2000000	0	0.000000
Asat_OT3098_v2_chr3A	248000000	250000000	2000000	0	0.000000
Asat_OT3098_v2_chr3A	250000000	252000000	2000000	0	0.000000
Asat_OT3098_v2_chr3A	252000000	254000000	2000000	0	0.000000
Asat_OT3098_v2_chr3A	254000000	256000000	2000000	0	0.000000
Asat_OT3098_v2_chr3A	256000000	258000000	2000000	0	0.000000
Asat_OT3098_v2_chr3A	258000000	260000000	2000000	0	0.000000
Asat_OT3098_v2_chr3A	260000000	262000000	2000000	0	0.000000
Asat_OT3098_v2_chr3A	262000000	264000000	2000000	0	0.000000
Asat_OT3098_v2_chr3A	264000000	266000000	2000000	0	0.000000
Asat_OT3098_v2_chr3A	266000000	268000000	2000000	0	0.000000
Asat_OT3098_v2_chr3A	268000000	270000000	2000000	0	0.000000
Asat_OT3098_v2_chr3A	270000000	272000000	2000000	0	0.000000
Asat_OT3098_v2_chr3A	272000000	274000000	2000000	0	0.000000
Asat_OT3098_v2_chr3A	274000000	276000000	2000000	0	0.000000
Asat_OT3098_v2_chr3A	276000000	278000000	2000000	0	0.000000
Asat_OT3098_v2_chr3A	278000000	280000000	2000000	0	0.000000
Asat_OT3098_v2_chr3A	280000000	282000000	2000000	0	0.000000
Asat_OT3098_v2_chr3A	282000000	284000000	2000000	0	0.000000
Asat_OT3098_v2_chr3A	284000000	286000000	2000000	0	0.000000
Asat_OT3098_v2_chr3A	286000000	288000000	2000000	0	0.000000
Asat_OT3098_v2_chr3A	288000000	290000000	2000000	0	0.000000
Asat_OT3098_v2_chr3A	290000000	292000000	2000000	0	0.000000
Asat_OT3098_v2_chr3A	292000000	294000000	2000000	0	0.000000
Asat_OT3098_v2_chr3A	294000000	296000000	2000000	0	0.000000
Asat_OT3098_v2_chr3A	296000000	298000000	2000000	0	0.000000
Asat_OT3098_v2_chr3A	298000000	300000000	2000000	0	0.000000
Asat_OT3098_v2_chr3A	300000000	302000000	2000000	0	0.000000
Asat_OT3098_v2_chr3A	302000000	304000000	2000000	0	0.000000
Asat_OT3098_v2_chr3A	304000000	306000000	2000000	0	0.000000
Asat_OT3098_v2_chr3A	306000000	308000000	2000000	0	0.000000
Asat_OT3098_v2_chr3A	308000000	310000000	2000000	0	0.000000
Asat_OT3098_v2_chr3A	310000000	312000000	2000000	0	0.000000
Asat_OT3098_v2_chr3A	312000000	314000000	2000000	0	0.000000
Asat_OT3098_v2_chr3A	314000000	316000000	2000000	0	0.000000
Asat_OT3098_v2_chr3A	316000000	318000000	2000000	0	0.000000
Asat_OT3098_v2_chr3A	318000000	320000000	2000000	0	0.000000
Asat_OT3098_v2_chr3A	320000000	322000000	2000000	0	0.000000
Asat_OT3098_v2_chr3A	322000000	324000000	2000000	0	0.000000
Asat_OT3098_v2_chr3A	324000000	326000000	2000000	0	0.000000
Asat_OT3098_v2_chr3A	326000000	328000000	2000000	0	0.000000
Asat_OT3098_v2_chr3A	328000000	330000000	2000000	0	0.000000
Asat_OT3098_v2_chr3A	330000000	332000000	2000000	0	0.000000
Asat_OT3098_v2_chr3A	332000000	334000000	2000000	0	0.000000
Asat_OT3098_v2_chr3A	334000000	336000000	2000000	0	0.000000
Asat_OT3098_v2_chr3A	336000000	338000000	2000000	0	0.000000
Asat_OT3098_v2_chr3A	338000000	340000000	2000000	0	0.000000
Asat_OT3098_v2_chr3A	340000000	342000000	2000000	0	0.000000
Asat_OT3098_v2_chr3A	342000000	344000000	2000000	0	0.000000
Asat_OT3098_v2_chr3A	344000000	346000000	2000000	0	0.000000
Asat_OT3098_v2_chr3A	346000000	348000000	2000000	0	0.000000
Asat_OT3098_v2_chr3A	348000000	350000000	2000000	0	0.000000
Asat_OT3098_v2_chr3A	350000000	352000000	2000000	0	0.000000
Asat_OT3098_v2_chr3A	352000000	354000000	2000000	0	0.000000
Asat_OT3098_v2_chr3A	354000000	356000000	2000000	0	0.000000
Asat_OT3098_v2_chr3A	356000000	358000000	2000000	0	0.000000
Asat_OT3098_v2_chr3A	358000000	360000000	2000000	0	0.000000
Asat_OT3098_v2_chr3A	360000000	362000000	2000000	0	0.000000
Asat_OT3098_v2_chr3A	362000000	364000000	2000000	0	0.000000
Asat_OT3098_v2_chr3A	364000000	366000000	2000000	0	0.000000
Asat_OT3098_v2_chr3A	366000000	368000000	2000000	0	0.000000
Asat_OT3098_v2_chr3A	368000000	370000000	2000000	0	0.000000
Asat_OT3098_v2_chr3A	370000000	372000000	2000000	0	0.000000
Asat_OT3098_v2_chr3A	372000000	374000000	2000000	0	0.000000
Asat_OT3098_v2_chr3A	374000000	376000000	2000000	0	0.000000
Asat_OT3098_v2_chr3A	376000000	378000000	2000000	0	0.000000
Asat_OT3098_v2_chr3A	378000000	380000000	2000000	0	0.000000
Asat_OT3098_v2_chr3A	380000000	382000000	2000000	0	0.000000
Asat_OT3098_v2_chr3A	382000000	384000000	2000000	0	0.000000
Asat_OT3098_v2_chr3A	384000000	386000000	2000000	0	0.000000
Asat_OT3098_v2_chr3A	386000000	388000000	2000000	0	0.000000
Asat_OT3098_v2_chr3A	388000000	390000000	2000000	0	0.000000
Asat_OT3098_v2_chr3A	390000000	392000000	2000000	0	0.000000
Asat_OT3098_v2_chr3A	392000000	394000000	2000000	0	0.000000
Asat_OT3098_v2_chr3A	394000000	396000000	2000000	0	0.000000
Asat_OT3098_v2_chr3A	396000000	398000000	2000000	0	0.000000
Asat_OT3098_v2_chr3A	398000000	400000000	2000000	0	0.000000
Asat_OT3098_v2_chr3A	400000000	402000000	2000000	0	0.000000
Asat_OT3098_v2_chr3A	402000000	404000000	2000000	0	0.000000
Asat_OT3098_v2_chr3A	404000000	406000000	2000000	0	0.000000
Asat_OT3098_v2_chr3A	406000000	408000000	2000000	0	0.000000
Asat_OT3098_v2_chr3A	408000000	410000000	2000000	0	0.000000
Asat_OT3098_v2_chr3A	410000000	412000000	2000000	0	0.000000
Asat_OT3098_v2_chr3A	412000000	414000000	2000000	0	0.000000
Asat_OT3098_v2_chr3A	414000000	416000000	2000000	0	0.000000
Asat_OT3098_v2_chr3A	416000000	418000000	2000000	0	0.000000
Asat_OT3098_v2_chr3A	418000000	420000000	2000000	0	0.000000
Asat_OT3098_v2_chr3A	420000000	422000000	2000000	0	0.000000
Asat_OT3098_v2_chr3A	422000000	424000000	2000000	0	0.000000
Asat_OT3098_v2_chr3A	424000000	425675180	1675180	0	0.000000
Asat_OT3098_v2_chr3C	0	2000000	2000000	0	0.000000
Asat_OT3098_v2_chr3C	2000000	4000000	2000000	0	0.000000
Asat_OT3098_v2_chr3C	4000000	6000000	2000000	7218	0.003609
Asat_OT3098_v2_chr3C	6000000	8000000	2000000	483	0.000241
Asat_OT3098_v2_chr3C	8000000	10000000	2000000	98	0.000049
Asat_OT3098_v2_chr3C	10000000	12000000	2000000	1899	0.000950
Asat_OT3098_v2_chr3C	12000000	14000000	2000000	0	0.000000
Asat_OT3098_v2_chr3C	14000000	16000000	2000000	0	0.000000
Asat_OT3098_v2_chr3C	16000000	18000000	2000000	513	0.000257
Asat_OT3098_v2_chr3C	18000000	20000000	2000000	16737	0.008368
Asat_OT3098_v2_chr3C	20000000	22000000	2000000	9684	0.004842
Asat_OT3098_v2_chr3C	22000000	24000000	2000000	16728	0.008364
Asat_OT3098_v2_chr3C	24000000	26000000	2000000	0	0.000000
Asat_OT3098_v2_chr3C	26000000	28000000	2000000	49292	0.024646
Asat_OT3098_v2_chr3C	28000000	30000000	2000000	260544	0.130272
Asat_OT3098_v2_chr3C	30000000	32000000	2000000	0	0.000000
Asat_OT3098_v2_chr3C	32000000	34000000	2000000	978	0.000489
Asat_OT3098_v2_chr3C	34000000	36000000	2000000	0	0.000000
Asat_OT3098_v2_chr3C	36000000	38000000	2000000	0	0.000000
Asat_OT3098_v2_chr3C	38000000	40000000	2000000	1729	0.000865
Asat_OT3098_v2_chr3C	40000000	42000000	2000000	1833	0.000916
Asat_OT3098_v2_chr3C	42000000	44000000	2000000	3795	0.001898
Asat_OT3098_v2_chr3C	44000000	46000000	2000000	2925	0.001463
Asat_OT3098_v2_chr3C	46000000	48000000	2000000	2035	0.001017
Asat_OT3098_v2_chr3C	48000000	50000000	2000000	5746	0.002873
Asat_OT3098_v2_chr3C	50000000	52000000	2000000	4153	0.002076
Asat_OT3098_v2_chr3C	52000000	54000000	2000000	340	0.000170
Asat_OT3098_v2_chr3C	54000000	56000000	2000000	33850	0.016925
Asat_OT3098_v2_chr3C	56000000	58000000	2000000	7815	0.003908
Asat_OT3098_v2_chr3C	58000000	60000000	2000000	0	0.000000
Asat_OT3098_v2_chr3C	60000000	62000000	2000000	588	0.000294
Asat_OT3098_v2_chr3C	62000000	64000000	2000000	0	0.000000
Asat_OT3098_v2_chr3C	64000000	66000000	2000000	17575	0.008788
Asat_OT3098_v2_chr3C	66000000	68000000	2000000	5983	0.002991
Asat_OT3098_v2_chr3C	68000000	70000000	2000000	0	0.000000
Asat_OT3098_v2_chr3C	70000000	72000000	2000000	96	0.000048
Asat_OT3098_v2_chr3C	72000000	74000000	2000000	172251	0.086125
Asat_OT3098_v2_chr3C	74000000	76000000	2000000	30868	0.015434
Asat_OT3098_v2_chr3C	76000000	78000000	2000000	4213	0.002106
Asat_OT3098_v2_chr3C	78000000	80000000	2000000	2437	0.001218
Asat_OT3098_v2_chr3C	80000000	82000000	2000000	50535	0.025267
Asat_OT3098_v2_chr3C	82000000	84000000	2000000	73577	0.036789
Asat_OT3098_v2_chr3C	84000000	86000000	2000000	26470	0.013235
Asat_OT3098_v2_chr3C	86000000	88000000	2000000	2701	0.001350
Asat_OT3098_v2_chr3C	88000000	90000000	2000000	20821	0.010410
Asat_OT3098_v2_chr3C	90000000	92000000	2000000	8374	0.004187
Asat_OT3098_v2_chr3C	92000000	94000000	2000000	1675	0.000838
Asat_OT3098_v2_chr3C	94000000	96000000	2000000	0	0.000000
Asat_OT3098_v2_chr3C	96000000	98000000	2000000	12089	0.006045
Asat_OT3098_v2_chr3C	98000000	100000000	2000000	31794	0.015897
Asat_OT3098_v2_chr3C	100000000	102000000	2000000	21472	0.010736
Asat_OT3098_v2_chr3C	102000000	104000000	2000000	43656	0.021828
Asat_OT3098_v2_chr3C	104000000	106000000	2000000	21312	0.010656
Asat_OT3098_v2_chr3C	106000000	108000000	2000000	806	0.000403
Asat_OT3098_v2_chr3C	108000000	110000000	2000000	178430	0.089215
Asat_OT3098_v2_chr3C	110000000	112000000	2000000	18492	0.009246
Asat_OT3098_v2_chr3C	112000000	114000000	2000000	16870	0.008435
Asat_OT3098_v2_chr3C	114000000	116000000	2000000	1494	0.000747
Asat_OT3098_v2_chr3C	116000000	118000000	2000000	24884	0.012442
Asat_OT3098_v2_chr3C	118000000	120000000	2000000	46134	0.023067
Asat_OT3098_v2_chr3C	120000000	122000000	2000000	39754	0.019877
Asat_OT3098_v2_chr3C	122000000	124000000	2000000	30052	0.015026
Asat_OT3098_v2_chr3C	124000000	126000000	2000000	685	0.000342
Asat_OT3098_v2_chr3C	126000000	128000000	2000000	24392	0.012196
Asat_OT3098_v2_chr3C	128000000	130000000	2000000	124823	0.062412
Asat_OT3098_v2_chr3C	130000000	132000000	2000000	8007	0.004004
Asat_OT3098_v2_chr3C	132000000	134000000	2000000	93012	0.046506
Asat_OT3098_v2_chr3C	134000000	136000000	2000000	31094	0.015547
Asat_OT3098_v2_chr3C	136000000	138000000	2000000	16081	0.008041
Asat_OT3098_v2_chr3C	138000000	140000000	2000000	14312	0.007156
Asat_OT3098_v2_chr3C	140000000	142000000	2000000	1615	0.000807
Asat_OT3098_v2_chr3C	142000000	144000000	2000000	28078	0.014039
Asat_OT3098_v2_chr3C	144000000	146000000	2000000	3668	0.001834
Asat_OT3098_v2_chr3C	146000000	148000000	2000000	73570	0.036785
Asat_OT3098_v2_chr3C	148000000	150000000	2000000	22738	0.011369
Asat_OT3098_v2_chr3C	150000000	152000000	2000000	2857	0.001429
Asat_OT3098_v2_chr3C	152000000	154000000	2000000	10144	0.005072
Asat_OT3098_v2_chr3C	154000000	156000000	2000000	30108	0.015054
Asat_OT3098_v2_chr3C	156000000	158000000	2000000	4096	0.002048
Asat_OT3098_v2_chr3C	158000000	160000000	2000000	16206	0.008103
Asat_OT3098_v2_chr3C	160000000	162000000	2000000	24090	0.012045
Asat_OT3098_v2_chr3C	162000000	164000000	2000000	14439	0.007220
Asat_OT3098_v2_chr3C	164000000	166000000	2000000	26249	0.013125
Asat_OT3098_v2_chr3C	166000000	168000000	2000000	16781	0.008391
Asat_OT3098_v2_chr3C	168000000	170000000	2000000	16744	0.008372
Asat_OT3098_v2_chr3C	170000000	172000000	2000000	57994	0.028997
Asat_OT3098_v2_chr3C	172000000	174000000	2000000	3215	0.001607
Asat_OT3098_v2_chr3C	174000000	176000000	2000000	10390	0.005195
Asat_OT3098_v2_chr3C	176000000	178000000	2000000	19562	0.009781
Asat_OT3098_v2_chr3C	178000000	180000000	2000000	49737	0.024869
Asat_OT3098_v2_chr3C	180000000	182000000	2000000	36998	0.018499
Asat_OT3098_v2_chr3C	182000000	184000000	2000000	7572	0.003786
Asat_OT3098_v2_chr3C	184000000	186000000	2000000	28979	0.014490
Asat_OT3098_v2_chr3C	186000000	188000000	2000000	3037	0.001519
Asat_OT3098_v2_chr3C	188000000	190000000	2000000	98351	0.049175
Asat_OT3098_v2_chr3C	190000000	192000000	2000000	24204	0.012102
Asat_OT3098_v2_chr3C	192000000	194000000	2000000	29174	0.014587
Asat_OT3098_v2_chr3C	194000000	196000000	2000000	45378	0.022689
Asat_OT3098_v2_chr3C	196000000	198000000	2000000	13863	0.006932
Asat_OT3098_v2_chr3C	198000000	200000000	2000000	4499	0.002250
Asat_OT3098_v2_chr3C	200000000	202000000	2000000	0	0.000000
Asat_OT3098_v2_chr3C	202000000	204000000	2000000	4686	0.002343
Asat_OT3098_v2_chr3C	204000000	206000000	2000000	52657	0.026329
Asat_OT3098_v2_chr3C	206000000	208000000	2000000	16568	0.008284
Asat_OT3098_v2_chr3C	208000000	210000000	2000000	49331	0.024665
Asat_OT3098_v2_chr3C	210000000	212000000	2000000	31479	0.015740
Asat_OT3098_v2_chr3C	212000000	214000000	2000000	7425	0.003713
Asat_OT3098_v2_chr3C	214000000	216000000	2000000	28236	0.014118
Asat_OT3098_v2_chr3C	216000000	218000000	2000000	3294	0.001647
Asat_OT3098_v2_chr3C	218000000	220000000	2000000	1028	0.000514
Asat_OT3098_v2_chr3C	220000000	222000000	2000000	70854	0.035427
Asat_OT3098_v2_chr3C	222000000	224000000	2000000	18310	0.009155
Asat_OT3098_v2_chr3C	224000000	226000000	2000000	3507	0.001754
Asat_OT3098_v2_chr3C	226000000	228000000	2000000	5781	0.002890
Asat_OT3098_v2_chr3C	228000000	230000000	2000000	7848	0.003924
Asat_OT3098_v2_chr3C	230000000	232000000	2000000	23730	0.011865
Asat_OT3098_v2_chr3C	232000000	234000000	2000000	22166	0.011083
Asat_OT3098_v2_chr3C	234000000	236000000	2000000	8517	0.004259
Asat_OT3098_v2_chr3C	236000000	238000000	2000000	12993	0.006496
Asat_OT3098_v2_chr3C	238000000	240000000	2000000	61470	0.030735
Asat_OT3098_v2_chr3C	240000000	242000000	2000000	36262	0.018131
Asat_OT3098_v2_chr3C	242000000	244000000	2000000	2433	0.001216
Asat_OT3098_v2_chr3C	244000000	246000000	2000000	36983	0.018492
Asat_OT3098_v2_chr3C	246000000	248000000	2000000	47	0.000023
Asat_OT3098_v2_chr3C	248000000	250000000	2000000	4316	0.002158
Asat_OT3098_v2_chr3C	250000000	252000000	2000000	0	0.000000
Asat_OT3098_v2_chr3C	252000000	254000000	2000000	10179	0.005090
Asat_OT3098_v2_chr3C	254000000	256000000	2000000	20450	0.010225
Asat_OT3098_v2_chr3C	256000000	258000000	2000000	35573	0.017787
Asat_OT3098_v2_chr3C	258000000	260000000	2000000	8025	0.004012
Asat_OT3098_v2_chr3C	260000000	262000000	2000000	6843	0.003422
Asat_OT3098_v2_chr3C	262000000	264000000	2000000	11134	0.005567
Asat_OT3098_v2_chr3C	264000000	266000000	2000000	0	0.000000
Asat_OT3098_v2_chr3C	266000000	268000000	2000000	24763	0.012382
Asat_OT3098_v2_chr3C	268000000	270000000	2000000	9288	0.004644
Asat_OT3098_v2_chr3C	270000000	272000000	2000000	63879	0.031940
Asat_OT3098_v2_chr3C	272000000	274000000	2000000	36904	0.018452
Asat_OT3098_v2_chr3C	274000000	276000000	2000000	26523	0.013262
Asat_OT3098_v2_chr3C	276000000	278000000	2000000	4268	0.002134
Asat_OT3098_v2_chr3C	278000000	280000000	2000000	1219	0.000610
Asat_OT3098_v2_chr3C	280000000	282000000	2000000	86524	0.043262
Asat_OT3098_v2_chr3C	282000000	284000000	2000000	7091	0.003546
Asat_OT3098_v2_chr3C	284000000	286000000	2000000	40129	0.020064
Asat_OT3098_v2_chr3C	286000000	288000000	2000000	9495	0.004747
Asat_OT3098_v2_chr3C	288000000	290000000	2000000	47	0.000023
Asat_OT3098_v2_chr3C	290000000	292000000	2000000	19197	0.009598
Asat_OT3098_v2_chr3C	292000000	294000000	2000000	50205	0.025102
Asat_OT3098_v2_chr3C	294000000	296000000	2000000	83490	0.041745
Asat_OT3098_v2_chr3C	296000000	298000000	2000000	19272	0.009636
Asat_OT3098_v2_chr3C	298000000	300000000	2000000	39593	0.019797
Asat_OT3098_v2_chr3C	300000000	302000000	2000000	12781	0.006391
Asat_OT3098_v2_chr3C	302000000	304000000	2000000	2176	0.001088
Asat_OT3098_v2_chr3C	304000000	306000000	2000000	3531	0.001765
Asat_OT3098_v2_chr3C	306000000	308000000	2000000	102399	0.051200
Asat_OT3098_v2_chr3C	308000000	310000000	2000000	23632	0.011816
Asat_OT3098_v2_chr3C	310000000	312000000	2000000	11046	0.005523
Asat_OT3098_v2_chr3C	312000000	314000000	2000000	13711	0.006855
Asat_OT3098_v2_chr3C	314000000	316000000	2000000	48	0.000024
Asat_OT3098_v2_chr3C	316000000	318000000	2000000	11950	0.005975
Asat_OT3098_v2_chr3C	318000000	320000000	2000000	13938	0.006969
Asat_OT3098_v2_chr3C	320000000	322000000	2000000	5330	0.002665
Asat_OT3098_v2_chr3C	322000000	324000000	2000000	37925	0.018963
Asat_OT3098_v2_chr3C	324000000	326000000	2000000	25769	0.012885
Asat_OT3098_v2_chr3C	326000000	328000000	2000000	26959	0.013480
Asat_OT3098_v2_chr3C	328000000	330000000	2000000	3753	0.001876
Asat_OT3098_v2_chr3C	330000000	332000000	2000000	6137	0.003069
Asat_OT3098_v2_chr3C	332000000	334000000	2000000	10969	0.005484
Asat_OT3098_v2_chr3C	334000000	336000000	2000000	17285	0.008642
Asat_OT3098_v2_chr3C	336000000	338000000	2000000	2488	0.001244
Asat_OT3098_v2_chr3C	338000000	340000000	2000000	6453	0.003227
Asat_OT3098_v2_chr3C	340000000	342000000	2000000	17484	0.008742
Asat_OT3098_v2_chr3C	342000000	344000000	2000000	32857	0.016428
Asat_OT3098_v2_chr3C	344000000	346000000	2000000	0	0.000000
Asat_OT3098_v2_chr3C	346000000	348000000	2000000	0	0.000000
Asat_OT3098_v2_chr3C	348000000	350000000	2000000	17944	0.008972
Asat_OT3098_v2_chr3C	350000000	352000000	2000000	11682	0.005841
Asat_OT3098_v2_chr3C	352000000	354000000	2000000	14089	0.007045
Asat_OT3098_v2_chr3C	354000000	356000000	2000000	928	0.000464
Asat_OT3098_v2_chr3C	356000000	358000000	2000000	3573	0.001786
Asat_OT3098_v2_chr3C	358000000	360000000	2000000	42226	0.021113
Asat_OT3098_v2_chr3C	360000000	362000000	2000000	2183	0.001092
Asat_OT3098_v2_chr3C	362000000	364000000	2000000	44380	0.022190
Asat_OT3098_v2_chr3C	364000000	366000000	2000000	8012	0.004006
Asat_OT3098_v2_chr3C	366000000	368000000	2000000	414	0.000207
Asat_OT3098_v2_chr3C	368000000	370000000	2000000	335	0.000168
Asat_OT3098_v2_chr3C	370000000	372000000	2000000	4449	0.002224
Asat_OT3098_v2_chr3C	372000000	374000000	2000000	1274	0.000637
Asat_OT3098_v2_chr3C	374000000	376000000	2000000	0	0.000000
Asat_OT3098_v2_chr3C	376000000	378000000	2000000	36056	0.018028
Asat_OT3098_v2_chr3C	378000000	380000000	2000000	13376	0.006688
Asat_OT3098_v2_chr3C	380000000	382000000	2000000	7473	0.003736
Asat_OT3098_v2_chr3C	382000000	384000000	2000000	16875	0.008438
Asat_OT3098_v2_chr3C	384000000	386000000	2000000	0	0.000000
Asat_OT3098_v2_chr3C	386000000	388000000	2000000	57648	0.028824
Asat_OT3098_v2_chr3C	388000000	390000000	2000000	0	0.000000
Asat_OT3098_v2_chr3C	390000000	392000000	2000000	17948	0.008974
Asat_OT3098_v2_chr3C	392000000	394000000	2000000	33969	0.016984
Asat_OT3098_v2_chr3C	394000000	396000000	2000000	42654	0.021327
Asat_OT3098_v2_chr3C	396000000	398000000	2000000	35445	0.017722
Asat_OT3098_v2_chr3C	398000000	400000000	2000000	22331	0.011166
Asat_OT3098_v2_chr3C	400000000	402000000	2000000	105781	0.052891
Asat_OT3098_v2_chr3C	402000000	404000000	2000000	45432	0.022716
Asat_OT3098_v2_chr3C	404000000	406000000	2000000	2670	0.001335
Asat_OT3098_v2_chr3C	406000000	408000000	2000000	16429	0.008214
Asat_OT3098_v2_chr3C	408000000	410000000	2000000	1885	0.000942
Asat_OT3098_v2_chr3C	410000000	412000000	2000000	13706	0.006853
Asat_OT3098_v2_chr3C	412000000	414000000	2000000	8984	0.004492
Asat_OT3098_v2_chr3C	414000000	416000000	2000000	27365	0.013683
Asat_OT3098_v2_chr3C	416000000	418000000	2000000	9461	0.004731
Asat_OT3098_v2_chr3C	418000000	420000000	2000000	15180	0.007590
Asat_OT3098_v2_chr3C	420000000	422000000	2000000	8355	0.004177
Asat_OT3098_v2_chr3C	422000000	424000000	2000000	2180	0.001090
Asat_OT3098_v2_chr3C	424000000	426000000	2000000	3058	0.001529
Asat_OT3098_v2_chr3C	426000000	428000000	2000000	1778	0.000889
Asat_OT3098_v2_chr3C	428000000	430000000	2000000	55638	0.027819
Asat_OT3098_v2_chr3C	430000000	432000000	2000000	65092	0.032546
Asat_OT3098_v2_chr3C	432000000	434000000	2000000	25601	0.012800
Asat_OT3098_v2_chr3C	434000000	436000000	2000000	96145	0.048072
Asat_OT3098_v2_chr3C	436000000	438000000	2000000	7091	0.003546
Asat_OT3098_v2_chr3C	438000000	440000000	2000000	31916	0.015958
Asat_OT3098_v2_chr3C	440000000	442000000	2000000	29400	0.014700
Asat_OT3098_v2_chr3C	442000000	444000000	2000000	3644	0.001822
Asat_OT3098_v2_chr3C	444000000	446000000	2000000	3739	0.001870
Asat_OT3098_v2_chr3C	446000000	448000000	2000000	4138	0.002069
Asat_OT3098_v2_chr3C	448000000	450000000	2000000	1779	0.000889
Asat_OT3098_v2_chr3C	450000000	452000000	2000000	41411	0.020706
Asat_OT3098_v2_chr3C	452000000	454000000	2000000	36799	0.018399
Asat_OT3098_v2_chr3C	454000000	456000000	2000000	3631	0.001816
Asat_OT3098_v2_chr3C	456000000	458000000	2000000	31695	0.015848
Asat_OT3098_v2_chr3C	458000000	460000000	2000000	97	0.000048
Asat_OT3098_v2_chr3C	460000000	462000000	2000000	3223	0.001612
Asat_OT3098_v2_chr3C	462000000	464000000	2000000	927	0.000463
Asat_OT3098_v2_chr3C	464000000	466000000	2000000	15343	0.007672
Asat_OT3098_v2_chr3C	466000000	468000000	2000000	8330	0.004165
Asat_OT3098_v2_chr3C	468000000	470000000	2000000	13269	0.006634
Asat_OT3098_v2_chr3C	470000000	472000000	2000000	126189	0.063094
Asat_OT3098_v2_chr3C	472000000	474000000	2000000	24633	0.012316
Asat_OT3098_v2_chr3C	474000000	476000000	2000000	4018	0.002009
Asat_OT3098_v2_chr3C	476000000	478000000	2000000	817	0.000409
Asat_OT3098_v2_chr3C	478000000	480000000	2000000	118060	0.059030
Asat_OT3098_v2_chr3C	480000000	482000000	2000000	42377	0.021188
Asat_OT3098_v2_chr3C	482000000	484000000	2000000	1906	0.000953
Asat_OT3098_v2_chr3C	484000000	486000000	2000000	3395	0.001698
Asat_OT3098_v2_chr3C	486000000	488000000	2000000	2085	0.001043
Asat_OT3098_v2_chr3C	488000000	490000000	2000000	722	0.000361
Asat_OT3098_v2_chr3C	490000000	492000000	2000000	3135	0.001568
Asat_OT3098_v2_chr3C	492000000	494000000	2000000	6310	0.003155
Asat_OT3098_v2_chr3C	494000000	496000000	2000000	682	0.000341
Asat_OT3098_v2_chr3C	496000000	498000000	2000000	0	0.000000
Asat_OT3098_v2_chr3C	498000000	500000000	2000000	2786	0.001393
Asat_OT3098_v2_chr3C	500000000	502000000	2000000	20259	0.010129
Asat_OT3098_v2_chr3C	502000000	504000000	2000000	3514	0.001757
Asat_OT3098_v2_chr3C	504000000	506000000	2000000	37645	0.018822
Asat_OT3098_v2_chr3C	506000000	508000000	2000000	7556	0.003778
Asat_OT3098_v2_chr3C	508000000	510000000	2000000	9516	0.004758
Asat_OT3098_v2_chr3C	510000000	512000000	2000000	0	0.000000
Asat_OT3098_v2_chr3C	512000000	514000000	2000000	8530	0.004265
Asat_OT3098_v2_chr3C	514000000	516000000	2000000	22059	0.011029
Asat_OT3098_v2_chr3C	516000000	518000000	2000000	859	0.000429
Asat_OT3098_v2_chr3C	518000000	520000000	2000000	7532	0.003766
Asat_OT3098_v2_chr3C	520000000	522000000	2000000	5246	0.002623
Asat_OT3098_v2_chr3C	522000000	524000000	2000000	15384	0.007692
Asat_OT3098_v2_chr3C	524000000	526000000	2000000	0	0.000000
Asat_OT3098_v2_chr3C	526000000	528000000	2000000	8718	0.004359
Asat_OT3098_v2_chr3C	528000000	530000000	2000000	16051	0.008025
Asat_OT3098_v2_chr3C	530000000	532000000	2000000	1011	0.000505
Asat_OT3098_v2_chr3C	532000000	534000000	2000000	26565	0.013282
Asat_OT3098_v2_chr3C	534000000	536000000	2000000	9871	0.004935
Asat_OT3098_v2_chr3C	536000000	538000000	2000000	8232	0.004116
Asat_OT3098_v2_chr3C	538000000	540000000	2000000	47	0.000023
Asat_OT3098_v2_chr3C	540000000	542000000	2000000	14946	0.007473
Asat_OT3098_v2_chr3C	542000000	544000000	2000000	11937	0.005968
Asat_OT3098_v2_chr3C	544000000	546000000	2000000	2539	0.001270
Asat_OT3098_v2_chr3C	546000000	548000000	2000000	1100	0.000550
Asat_OT3098_v2_chr3C	548000000	550000000	2000000	16534	0.008267
Asat_OT3098_v2_chr3C	550000000	552000000	2000000	4200	0.002100
Asat_OT3098_v2_chr3C	552000000	554000000	2000000	7174	0.003587
Asat_OT3098_v2_chr3C	554000000	556000000	2000000	19774	0.009887
Asat_OT3098_v2_chr3C	556000000	558000000	2000000	3369	0.001685
Asat_OT3098_v2_chr3C	558000000	560000000	2000000	38106	0.019053
Asat_OT3098_v2_chr3C	560000000	562000000	2000000	25588	0.012794
Asat_OT3098_v2_chr3C	562000000	564000000	2000000	15713	0.007857
Asat_OT3098_v2_chr3C	564000000	566000000	2000000	5290	0.002645
Asat_OT3098_v2_chr3C	566000000	568000000	2000000	196	0.000098
Asat_OT3098_v2_chr3C	568000000	570000000	2000000	9419	0.004710
Asat_OT3098_v2_chr3C	570000000	572000000	2000000	3724	0.001862
Asat_OT3098_v2_chr3C	572000000	574000000	2000000	0	0.000000
Asat_OT3098_v2_chr3C	574000000	576000000	2000000	3704	0.001852
Asat_OT3098_v2_chr3C	576000000	578000000	2000000	490	0.000245
Asat_OT3098_v2_chr3C	578000000	580000000	2000000	0	0.000000
Asat_OT3098_v2_chr3C	580000000	582000000	2000000	679	0.000340
Asat_OT3098_v2_chr3C	582000000	584000000	2000000	0	0.000000
Asat_OT3098_v2_chr3C	584000000	586000000	2000000	3157	0.001579
Asat_OT3098_v2_chr3C	586000000	588000000	2000000	27772	0.013886
Asat_OT3098_v2_chr3C	588000000	590000000	2000000	1781	0.000891
Asat_OT3098_v2_chr3C	590000000	592000000	2000000	0	0.000000
Asat_OT3098_v2_chr3C	592000000	594000000	2000000	922	0.000461
Asat_OT3098_v2_chr3C	594000000	596000000	2000000	0	0.000000
Asat_OT3098_v2_chr3C	596000000	598000000	2000000	4446	0.002223
Asat_OT3098_v2_chr3C	598000000	600000000	2000000	3293	0.001646
Asat_OT3098_v2_chr3C	600000000	602000000	2000000	1929	0.000964
Asat_OT3098_v2_chr3C	602000000	604000000	2000000	2000	0.001000
Asat_OT3098_v2_chr3C	604000000	606000000	2000000	15779	0.007890
Asat_OT3098_v2_chr3C	606000000	608000000	2000000	1214	0.000607
Asat_OT3098_v2_chr3C	608000000	610000000	2000000	340	0.000170
Asat_OT3098_v2_chr3C	610000000	612000000	2000000	0	0.000000
Asat_OT3098_v2_chr3C	612000000	614000000	2000000	1933	0.000967
Asat_OT3098_v2_chr3C	614000000	616000000	2000000	18130	0.009065
Asat_OT3098_v2_chr3C	616000000	618000000	2000000	3755	0.001878
Asat_OT3098_v2_chr3C	618000000	620000000	2000000	5682	0.002841
Asat_OT3098_v2_chr3C	620000000	622000000	2000000	0	0.000000
Asat_OT3098_v2_chr3C	622000000	624000000	2000000	0	0.000000
Asat_OT3098_v2_chr3C	624000000	626000000	2000000	0	0.000000
Asat_OT3098_v2_chr3C	626000000	628000000	2000000	0	0.000000
Asat_OT3098_v2_chr3C	628000000	630000000	2000000	6677	0.003338
Asat_OT3098_v2_chr3C	630000000	632000000	2000000	3058	0.001529
Asat_OT3098_v2_chr3C	632000000	634000000	2000000	1652	0.000826
Asat_OT3098_v2_chr3C	634000000	636000000	2000000	727	0.000363
Asat_OT3098_v2_chr3C	636000000	638000000	2000000	3773	0.001886
Asat_OT3098_v2_chr3C	638000000	638425132	425132	0	0.000000
Asat_OT3098_v2_chr3D	0	2000000	2000000	0	0.000000
Asat_OT3098_v2_chr3D	2000000	4000000	2000000	0	0.000000
Asat_OT3098_v2_chr3D	4000000	6000000	2000000	0	0.000000
Asat_OT3098_v2_chr3D	6000000	8000000	2000000	0	0.000000
Asat_OT3098_v2_chr3D	8000000	10000000	2000000	0	0.000000
Asat_OT3098_v2_chr3D	10000000	12000000	2000000	0	0.000000
Asat_OT3098_v2_chr3D	12000000	14000000	2000000	0	0.000000
Asat_OT3098_v2_chr3D	14000000	16000000	2000000	0	0.000000
Asat_OT3098_v2_chr3D	16000000	18000000	2000000	0	0.000000
Asat_OT3098_v2_chr3D	18000000	20000000	2000000	0	0.000000
Asat_OT3098_v2_chr3D	20000000	22000000	2000000	0	0.000000
Asat_OT3098_v2_chr3D	22000000	24000000	2000000	0	0.000000
Asat_OT3098_v2_chr3D	24000000	26000000	2000000	0	0.000000
Asat_OT3098_v2_chr3D	26000000	28000000	2000000	0	0.000000
Asat_OT3098_v2_chr3D	28000000	30000000	2000000	0	0.000000
Asat_OT3098_v2_chr3D	30000000	32000000	2000000	0	0.000000
Asat_OT3098_v2_chr3D	32000000	34000000	2000000	0	0.000000
Asat_OT3098_v2_chr3D	34000000	36000000	2000000	0	0.000000
Asat_OT3098_v2_chr3D	36000000	38000000	2000000	0	0.000000
Asat_OT3098_v2_chr3D	38000000	40000000	2000000	0	0.000000
Asat_OT3098_v2_chr3D	40000000	42000000	2000000	0	0.000000
Asat_OT3098_v2_chr3D	42000000	44000000	2000000	0	0.000000
Asat_OT3098_v2_chr3D	44000000	46000000	2000000	0	0.000000
Asat_OT3098_v2_chr3D	46000000	48000000	2000000	0	0.000000
Asat_OT3098_v2_chr3D	48000000	50000000	2000000	0	0.000000
Asat_OT3098_v2_chr3D	50000000	52000000	2000000	0	0.000000
Asat_OT3098_v2_chr3D	52000000	54000000	2000000	0	0.000000
Asat_OT3098_v2_chr3D	54000000	56000000	2000000	0	0.000000
Asat_OT3098_v2_chr3D	56000000	58000000	2000000	0	0.000000
Asat_OT3098_v2_chr3D	58000000	60000000	2000000	0	0.000000
Asat_OT3098_v2_chr3D	60000000	62000000	2000000	0	0.000000
Asat_OT3098_v2_chr3D	62000000	64000000	2000000	0	0.000000
Asat_OT3098_v2_chr3D	64000000	66000000	2000000	0	0.000000
Asat_OT3098_v2_chr3D	66000000	68000000	2000000	0	0.000000
Asat_OT3098_v2_chr3D	68000000	70000000	2000000	0	0.000000
Asat_OT3098_v2_chr3D	70000000	72000000	2000000	0	0.000000
Asat_OT3098_v2_chr3D	72000000	74000000	2000000	0	0.000000
Asat_OT3098_v2_chr3D	74000000	76000000	2000000	0	0.000000
Asat_OT3098_v2_chr3D	76000000	78000000	2000000	0	0.000000
Asat_OT3098_v2_chr3D	78000000	80000000	2000000	0	0.000000
Asat_OT3098_v2_chr3D	80000000	82000000	2000000	0	0.000000
Asat_OT3098_v2_chr3D	82000000	84000000	2000000	0	0.000000
Asat_OT3098_v2_chr3D	84000000	86000000	2000000	0	0.000000
Asat_OT3098_v2_chr3D	86000000	88000000	2000000	0	0.000000
Asat_OT3098_v2_chr3D	88000000	90000000	2000000	0	0.000000
Asat_OT3098_v2_chr3D	90000000	92000000	2000000	0	0.000000
Asat_OT3098_v2_chr3D	92000000	94000000	2000000	0	0.000000
Asat_OT3098_v2_chr3D	94000000	96000000	2000000	0	0.000000
Asat_OT3098_v2_chr3D	96000000	98000000	2000000	0	0.000000
Asat_OT3098_v2_chr3D	98000000	100000000	2000000	0	0.000000
Asat_OT3098_v2_chr3D	100000000	102000000	2000000	0	0.000000
Asat_OT3098_v2_chr3D	102000000	104000000	2000000	0	0.000000
Asat_OT3098_v2_chr3D	104000000	106000000	2000000	0	0.000000
Asat_OT3098_v2_chr3D	106000000	108000000	2000000	0	0.000000
Asat_OT3098_v2_chr3D	108000000	110000000	2000000	0	0.000000
Asat_OT3098_v2_chr3D	110000000	112000000	2000000	0	0.000000
Asat_OT3098_v2_chr3D	112000000	114000000	2000000	0	0.000000
Asat_OT3098_v2_chr3D	114000000	116000000	2000000	0	0.000000
Asat_OT3098_v2_chr3D	116000000	118000000	2000000	0	0.000000
Asat_OT3098_v2_chr3D	118000000	120000000	2000000	0	0.000000
Asat_OT3098_v2_chr3D	120000000	122000000	2000000	0	0.000000
Asat_OT3098_v2_chr3D	122000000	124000000	2000000	0	0.000000
Asat_OT3098_v2_chr3D	124000000	126000000	2000000	0	0.000000
Asat_OT3098_v2_chr3D	126000000	128000000	2000000	0	0.000000
Asat_OT3098_v2_chr3D	128000000	130000000	2000000	0	0.000000
Asat_OT3098_v2_chr3D	130000000	132000000	2000000	0	0.000000
Asat_OT3098_v2_chr3D	132000000	134000000	2000000	0	0.000000
Asat_OT3098_v2_chr3D	134000000	136000000	2000000	0	0.000000
Asat_OT3098_v2_chr3D	136000000	138000000	2000000	0	0.000000
Asat_OT3098_v2_chr3D	138000000	140000000	2000000	0	0.000000
Asat_OT3098_v2_chr3D	140000000	142000000	2000000	0	0.000000
Asat_OT3098_v2_chr3D	142000000	144000000	2000000	0	0.000000
Asat_OT3098_v2_chr3D	144000000	146000000	2000000	0	0.000000
Asat_OT3098_v2_chr3D	146000000	148000000	2000000	0	0.000000
Asat_OT3098_v2_chr3D	148000000	150000000	2000000	0	0.000000
Asat_OT3098_v2_chr3D	150000000	152000000	2000000	0	0.000000
Asat_OT3098_v2_chr3D	152000000	154000000	2000000	0	0.000000
Asat_OT3098_v2_chr3D	154000000	156000000	2000000	0	0.000000
Asat_OT3098_v2_chr3D	156000000	158000000	2000000	0	0.000000
Asat_OT3098_v2_chr3D	158000000	160000000	2000000	0	0.000000
Asat_OT3098_v2_chr3D	160000000	162000000	2000000	0	0.000000
Asat_OT3098_v2_chr3D	162000000	164000000	2000000	0	0.000000
Asat_OT3098_v2_chr3D	164000000	166000000	2000000	0	0.000000
Asat_OT3098_v2_chr3D	166000000	168000000	2000000	0	0.000000
Asat_OT3098_v2_chr3D	168000000	170000000	2000000	0	0.000000
Asat_OT3098_v2_chr3D	170000000	172000000	2000000	0	0.000000
Asat_OT3098_v2_chr3D	172000000	174000000	2000000	0	0.000000
Asat_OT3098_v2_chr3D	174000000	176000000	2000000	0	0.000000
Asat_OT3098_v2_chr3D	176000000	178000000	2000000	0	0.000000
Asat_OT3098_v2_chr3D	178000000	180000000	2000000	0	0.000000
Asat_OT3098_v2_chr3D	180000000	182000000	2000000	0	0.000000
Asat_OT3098_v2_chr3D	182000000	184000000	2000000	0	0.000000
Asat_OT3098_v2_chr3D	184000000	186000000	2000000	0	0.000000
Asat_OT3098_v2_chr3D	186000000	188000000	2000000	0	0.000000
Asat_OT3098_v2_chr3D	188000000	190000000	2000000	0	0.000000
Asat_OT3098_v2_chr3D	190000000	192000000	2000000	0	0.000000
Asat_OT3098_v2_chr3D	192000000	194000000	2000000	0	0.000000
Asat_OT3098_v2_chr3D	194000000	196000000	2000000	0	0.000000
Asat_OT3098_v2_chr3D	196000000	198000000	2000000	0	0.000000
Asat_OT3098_v2_chr3D	198000000	200000000	2000000	0	0.000000
Asat_OT3098_v2_chr3D	200000000	202000000	2000000	0	0.000000
Asat_OT3098_v2_chr3D	202000000	204000000	2000000	0	0.000000
Asat_OT3098_v2_chr3D	204000000	206000000	2000000	0	0.000000
Asat_OT3098_v2_chr3D	206000000	208000000	2000000	0	0.000000
Asat_OT3098_v2_chr3D	208000000	210000000	2000000	0	0.000000
Asat_OT3098_v2_chr3D	210000000	212000000	2000000	0	0.000000
Asat_OT3098_v2_chr3D	212000000	214000000	2000000	0	0.000000
Asat_OT3098_v2_chr3D	214000000	216000000	2000000	0	0.000000
Asat_OT3098_v2_chr3D	216000000	218000000	2000000	0	0.000000
Asat_OT3098_v2_chr3D	218000000	220000000	2000000	0	0.000000
Asat_OT3098_v2_chr3D	220000000	222000000	2000000	0	0.000000
Asat_OT3098_v2_chr3D	222000000	224000000	2000000	0	0.000000
Asat_OT3098_v2_chr3D	224000000	226000000	2000000	0	0.000000
Asat_OT3098_v2_chr3D	226000000	228000000	2000000	0	0.000000
Asat_OT3098_v2_chr3D	228000000	230000000	2000000	0	0.000000
Asat_OT3098_v2_chr3D	230000000	232000000	2000000	0	0.000000
Asat_OT3098_v2_chr3D	232000000	234000000	2000000	0	0.000000
Asat_OT3098_v2_chr3D	234000000	236000000	2000000	0	0.000000
Asat_OT3098_v2_chr3D	236000000	238000000	2000000	0	0.000000
Asat_OT3098_v2_chr3D	238000000	240000000	2000000	0	0.000000
Asat_OT3098_v2_chr3D	240000000	242000000	2000000	0	0.000000
Asat_OT3098_v2_chr3D	242000000	244000000	2000000	0	0.000000
Asat_OT3098_v2_chr3D	244000000	246000000	2000000	0	0.000000
Asat_OT3098_v2_chr3D	246000000	248000000	2000000	0	0.000000
Asat_OT3098_v2_chr3D	248000000	250000000	2000000	0	0.000000
Asat_OT3098_v2_chr3D	250000000	252000000	2000000	0	0.000000
Asat_OT3098_v2_chr3D	252000000	254000000	2000000	0	0.000000
Asat_OT3098_v2_chr3D	254000000	256000000	2000000	0	0.000000
Asat_OT3098_v2_chr3D	256000000	258000000	2000000	0	0.000000
Asat_OT3098_v2_chr3D	258000000	260000000	2000000	0	0.000000
Asat_OT3098_v2_chr3D	260000000	262000000	2000000	0	0.000000
Asat_OT3098_v2_chr3D	262000000	264000000	2000000	0	0.000000
Asat_OT3098_v2_chr3D	264000000	266000000	2000000	0	0.000000
Asat_OT3098_v2_chr3D	266000000	268000000	2000000	0	0.000000
Asat_OT3098_v2_chr3D	268000000	270000000	2000000	0	0.000000
Asat_OT3098_v2_chr3D	270000000	272000000	2000000	0	0.000000
Asat_OT3098_v2_chr3D	272000000	274000000	2000000	0	0.000000
Asat_OT3098_v2_chr3D	274000000	276000000	2000000	0	0.000000
Asat_OT3098_v2_chr3D	276000000	278000000	2000000	0	0.000000
Asat_OT3098_v2_chr3D	278000000	280000000	2000000	0	0.000000
Asat_OT3098_v2_chr3D	280000000	282000000	2000000	0	0.000000
Asat_OT3098_v2_chr3D	282000000	284000000	2000000	0	0.000000
Asat_OT3098_v2_chr3D	284000000	286000000	2000000	0	0.000000
Asat_OT3098_v2_chr3D	286000000	288000000	2000000	0	0.000000
Asat_OT3098_v2_chr3D	288000000	290000000	2000000	0	0.000000
Asat_OT3098_v2_chr3D	290000000	292000000	2000000	0	0.000000
Asat_OT3098_v2_chr3D	292000000	294000000	2000000	0	0.000000
Asat_OT3098_v2_chr3D	294000000	296000000	2000000	0	0.000000
Asat_OT3098_v2_chr3D	296000000	298000000	2000000	0	0.000000
Asat_OT3098_v2_chr3D	298000000	300000000	2000000	0	0.000000
Asat_OT3098_v2_chr3D	300000000	302000000	2000000	0	0.000000
Asat_OT3098_v2_chr3D	302000000	304000000	2000000	0	0.000000
Asat_OT3098_v2_chr3D	304000000	306000000	2000000	0	0.000000
Asat_OT3098_v2_chr3D	306000000	308000000	2000000	0	0.000000
Asat_OT3098_v2_chr3D	308000000	310000000	2000000	0	0.000000
Asat_OT3098_v2_chr3D	310000000	312000000	2000000	0	0.000000
Asat_OT3098_v2_chr3D	312000000	314000000	2000000	0	0.000000
Asat_OT3098_v2_chr3D	314000000	316000000	2000000	0	0.000000
Asat_OT3098_v2_chr3D	316000000	318000000	2000000	0	0.000000
Asat_OT3098_v2_chr3D	318000000	320000000	2000000	0	0.000000
Asat_OT3098_v2_chr3D	320000000	322000000	2000000	0	0.000000
Asat_OT3098_v2_chr3D	322000000	324000000	2000000	0	0.000000
Asat_OT3098_v2_chr3D	324000000	326000000	2000000	0	0.000000
Asat_OT3098_v2_chr3D	326000000	328000000	2000000	0	0.000000
Asat_OT3098_v2_chr3D	328000000	330000000	2000000	0	0.000000
Asat_OT3098_v2_chr3D	330000000	332000000	2000000	0	0.000000
Asat_OT3098_v2_chr3D	332000000	334000000	2000000	0	0.000000
Asat_OT3098_v2_chr3D	334000000	336000000	2000000	0	0.000000
Asat_OT3098_v2_chr3D	336000000	338000000	2000000	0	0.000000
Asat_OT3098_v2_chr3D	338000000	340000000	2000000	0	0.000000
Asat_OT3098_v2_chr3D	340000000	342000000	2000000	0	0.000000
Asat_OT3098_v2_chr3D	342000000	344000000	2000000	0	0.000000
Asat_OT3098_v2_chr3D	344000000	346000000	2000000	0	0.000000
Asat_OT3098_v2_chr3D	346000000	348000000	2000000	0	0.000000
Asat_OT3098_v2_chr3D	348000000	350000000	2000000	0	0.000000
Asat_OT3098_v2_chr3D	350000000	352000000	2000000	0	0.000000
Asat_OT3098_v2_chr3D	352000000	354000000	2000000	0	0.000000
Asat_OT3098_v2_chr3D	354000000	356000000	2000000	0	0.000000
Asat_OT3098_v2_chr3D	356000000	358000000	2000000	0	0.000000
Asat_OT3098_v2_chr3D	358000000	360000000	2000000	0	0.000000
Asat_OT3098_v2_chr3D	360000000	362000000	2000000	0	0.000000
Asat_OT3098_v2_chr3D	362000000	364000000	2000000	0	0.000000
Asat_OT3098_v2_chr3D	364000000	366000000	2000000	0	0.000000
Asat_OT3098_v2_chr3D	366000000	368000000	2000000	0	0.000000
Asat_OT3098_v2_chr3D	368000000	370000000	2000000	0	0.000000
Asat_OT3098_v2_chr3D	370000000	372000000	2000000	0	0.000000
Asat_OT3098_v2_chr3D	372000000	374000000	2000000	0	0.000000
Asat_OT3098_v2_chr3D	374000000	376000000	2000000	0	0.000000
Asat_OT3098_v2_chr3D	376000000	378000000	2000000	0	0.000000
Asat_OT3098_v2_chr3D	378000000	380000000	2000000	0	0.000000
Asat_OT3098_v2_chr3D	380000000	382000000	2000000	0	0.000000
Asat_OT3098_v2_chr3D	382000000	384000000	2000000	0	0.000000
Asat_OT3098_v2_chr3D	384000000	386000000	2000000	0	0.000000
Asat_OT3098_v2_chr3D	386000000	388000000	2000000	0	0.000000
Asat_OT3098_v2_chr3D	388000000	390000000	2000000	0	0.000000
Asat_OT3098_v2_chr3D	390000000	392000000	2000000	0	0.000000
Asat_OT3098_v2_chr3D	392000000	394000000	2000000	0	0.000000
Asat_OT3098_v2_chr3D	394000000	396000000	2000000	5915	0.002958
Asat_OT3098_v2_chr3D	396000000	398000000	2000000	85551	0.042776
Asat_OT3098_v2_chr3D	398000000	400000000	2000000	4795	0.002397
Asat_OT3098_v2_chr3D	400000000	402000000	2000000	6528	0.003264
Asat_OT3098_v2_chr3D	402000000	404000000	2000000	16614	0.008307
Asat_OT3098_v2_chr3D	404000000	406000000	2000000	16606	0.008303
Asat_OT3098_v2_chr3D	406000000	408000000	2000000	0	0.000000
Asat_OT3098_v2_chr3D	408000000	410000000	2000000	720	0.000360
Asat_OT3098_v2_chr3D	410000000	412000000	2000000	3159	0.001579
Asat_OT3098_v2_chr3D	412000000	414000000	2000000	9902	0.004951
Asat_OT3098_v2_chr3D	414000000	416000000	2000000	49914	0.024957
Asat_OT3098_v2_chr3D	416000000	418000000	2000000	6405	0.003203
Asat_OT3098_v2_chr3D	418000000	420000000	2000000	17002	0.008501
Asat_OT3098_v2_chr3D	420000000	422000000	2000000	0	0.000000
Asat_OT3098_v2_chr3D	422000000	424000000	2000000	101099	0.050549
Asat_OT3098_v2_chr3D	424000000	426000000	2000000	7038	0.003519
Asat_OT3098_v2_chr3D	426000000	428000000	2000000	5138	0.002569
Asat_OT3098_v2_chr3D	428000000	430000000	2000000	49	0.000024
Asat_OT3098_v2_chr3D	430000000	432000000	2000000	0	0.000000
Asat_OT3098_v2_chr3D	432000000	434000000	2000000	22773	0.011387
Asat_OT3098_v2_chr3D	434000000	436000000	2000000	8648	0.004324
Asat_OT3098_v2_chr3D	436000000	438000000	2000000	424879	0.212440
Asat_OT3098_v2_chr3D	438000000	440000000	2000000	289601	0.144800
Asat_OT3098_v2_chr3D	440000000	442000000	2000000	2662	0.001331
Asat_OT3098_v2_chr3D	442000000	444000000	2000000	147	0.000073
Asat_OT3098_v2_chr3D	444000000	446000000	2000000	3838	0.001919
Asat_OT3098_v2_chr3D	446000000	448000000	2000000	26990	0.013495
Asat_OT3098_v2_chr3D	448000000	450000000	2000000	340	0.000170
Asat_OT3098_v2_chr3D	450000000	452000000	2000000	0	0.000000
Asat_OT3098_v2_chr3D	452000000	454000000	2000000	8970	0.004485
Asat_OT3098_v2_chr3D	454000000	456000000	2000000	0	0.000000
Asat_OT3098_v2_chr3D	456000000	458000000	2000000	0	0.000000
Asat_OT3098_v2_chr3D	458000000	460000000	2000000	0	0.000000
Asat_OT3098_v2_chr3D	460000000	462000000	2000000	96	0.000048
Asat_OT3098_v2_chr3D	462000000	464000000	2000000	0	0.000000
Asat_OT3098_v2_chr3D	464000000	466000000	2000000	0	0.000000
Asat_OT3098_v2_chr3D	466000000	468000000	2000000	1760	0.000880
Asat_OT3098_v2_chr3D	468000000	470000000	2000000	196	0.000098
Asat_OT3098_v2_chr3D	470000000	472000000	2000000	5099	0.002550
Asat_OT3098_v2_chr3D	472000000	474000000	2000000	0	0.000000
Asat_OT3098_v2_chr3D	474000000	476000000	2000000	92	0.000046
Asat_OT3098_v2_chr3D	476000000	478000000	2000000	1645	0.000822
Asat_OT3098_v2_chr3D	478000000	480000000	2000000	0	0.000000
Asat_OT3098_v2_chr3D	480000000	480949782	949782	0	0.000000
Asat_OT3098_v2_chr4A	0	2000000	2000000	0	0.000000
Asat_OT3098_v2_chr4A	2000000	4000000	2000000	0	0.000000
Asat_OT3098_v2_chr4A	4000000	6000000	2000000	0	0.000000
Asat_OT3098_v2_chr4A	6000000	8000000	2000000	0	0.000000
Asat_OT3098_v2_chr4A	8000000	10000000	2000000	0	0.000000
Asat_OT3098_v2_chr4A	10000000	12000000	2000000	0	0.000000
Asat_OT3098_v2_chr4A	12000000	14000000	2000000	0	0.000000
Asat_OT3098_v2_chr4A	14000000	16000000	2000000	0	0.000000
Asat_OT3098_v2_chr4A	16000000	18000000	2000000	0	0.000000
Asat_OT3098_v2_chr4A	18000000	20000000	2000000	0	0.000000
Asat_OT3098_v2_chr4A	20000000	22000000	2000000	0	0.000000
Asat_OT3098_v2_chr4A	22000000	24000000	2000000	0	0.000000
Asat_OT3098_v2_chr4A	24000000	26000000	2000000	0	0.000000
Asat_OT3098_v2_chr4A	26000000	28000000	2000000	0	0.000000
Asat_OT3098_v2_chr4A	28000000	30000000	2000000	0	0.000000
Asat_OT3098_v2_chr4A	30000000	32000000	2000000	0	0.000000
Asat_OT3098_v2_chr4A	32000000	34000000	2000000	0	0.000000
Asat_OT3098_v2_chr4A	34000000	36000000	2000000	0	0.000000
Asat_OT3098_v2_chr4A	36000000	38000000	2000000	0	0.000000
Asat_OT3098_v2_chr4A	38000000	40000000	2000000	0	0.000000
Asat_OT3098_v2_chr4A	40000000	42000000	2000000	0	0.000000
Asat_OT3098_v2_chr4A	42000000	44000000	2000000	0	0.000000
Asat_OT3098_v2_chr4A	44000000	46000000	2000000	0	0.000000
Asat_OT3098_v2_chr4A	46000000	48000000	2000000	0	0.000000
Asat_OT3098_v2_chr4A	48000000	50000000	2000000	0	0.000000
Asat_OT3098_v2_chr4A	50000000	52000000	2000000	0	0.000000
Asat_OT3098_v2_chr4A	52000000	54000000	2000000	0	0.000000
Asat_OT3098_v2_chr4A	54000000	56000000	2000000	0	0.000000
Asat_OT3098_v2_chr4A	56000000	58000000	2000000	0	0.000000
Asat_OT3098_v2_chr4A	58000000	60000000	2000000	0	0.000000
Asat_OT3098_v2_chr4A	60000000	62000000	2000000	0	0.000000
Asat_OT3098_v2_chr4A	62000000	64000000	2000000	0	0.000000
Asat_OT3098_v2_chr4A	64000000	66000000	2000000	0	0.000000
Asat_OT3098_v2_chr4A	66000000	68000000	2000000	0	0.000000
Asat_OT3098_v2_chr4A	68000000	70000000	2000000	0	0.000000
Asat_OT3098_v2_chr4A	70000000	72000000	2000000	0	0.000000
Asat_OT3098_v2_chr4A	72000000	74000000	2000000	0	0.000000
Asat_OT3098_v2_chr4A	74000000	76000000	2000000	0	0.000000
Asat_OT3098_v2_chr4A	76000000	78000000	2000000	0	0.000000
Asat_OT3098_v2_chr4A	78000000	80000000	2000000	0	0.000000
Asat_OT3098_v2_chr4A	80000000	82000000	2000000	0	0.000000
Asat_OT3098_v2_chr4A	82000000	84000000	2000000	0	0.000000
Asat_OT3098_v2_chr4A	84000000	86000000	2000000	0	0.000000
Asat_OT3098_v2_chr4A	86000000	88000000	2000000	0	0.000000
Asat_OT3098_v2_chr4A	88000000	90000000	2000000	0	0.000000
Asat_OT3098_v2_chr4A	90000000	92000000	2000000	0	0.000000
Asat_OT3098_v2_chr4A	92000000	94000000	2000000	0	0.000000
Asat_OT3098_v2_chr4A	94000000	96000000	2000000	0	0.000000
Asat_OT3098_v2_chr4A	96000000	98000000	2000000	0	0.000000
Asat_OT3098_v2_chr4A	98000000	100000000	2000000	0	0.000000
Asat_OT3098_v2_chr4A	100000000	102000000	2000000	0	0.000000
Asat_OT3098_v2_chr4A	102000000	104000000	2000000	0	0.000000
Asat_OT3098_v2_chr4A	104000000	106000000	2000000	0	0.000000
Asat_OT3098_v2_chr4A	106000000	108000000	2000000	0	0.000000
Asat_OT3098_v2_chr4A	108000000	110000000	2000000	0	0.000000
Asat_OT3098_v2_chr4A	110000000	112000000	2000000	0	0.000000
Asat_OT3098_v2_chr4A	112000000	114000000	2000000	0	0.000000
Asat_OT3098_v2_chr4A	114000000	116000000	2000000	0	0.000000
Asat_OT3098_v2_chr4A	116000000	118000000	2000000	0	0.000000
Asat_OT3098_v2_chr4A	118000000	120000000	2000000	0	0.000000
Asat_OT3098_v2_chr4A	120000000	122000000	2000000	0	0.000000
Asat_OT3098_v2_chr4A	122000000	124000000	2000000	0	0.000000
Asat_OT3098_v2_chr4A	124000000	126000000	2000000	0	0.000000
Asat_OT3098_v2_chr4A	126000000	128000000	2000000	0	0.000000
Asat_OT3098_v2_chr4A	128000000	130000000	2000000	0	0.000000
Asat_OT3098_v2_chr4A	130000000	132000000	2000000	0	0.000000
Asat_OT3098_v2_chr4A	132000000	134000000	2000000	0	0.000000
Asat_OT3098_v2_chr4A	134000000	136000000	2000000	0	0.000000
Asat_OT3098_v2_chr4A	136000000	138000000	2000000	0	0.000000
Asat_OT3098_v2_chr4A	138000000	140000000	2000000	0	0.000000
Asat_OT3098_v2_chr4A	140000000	142000000	2000000	0	0.000000
Asat_OT3098_v2_chr4A	142000000	144000000	2000000	0	0.000000
Asat_OT3098_v2_chr4A	144000000	146000000	2000000	0	0.000000
Asat_OT3098_v2_chr4A	146000000	148000000	2000000	0	0.000000
Asat_OT3098_v2_chr4A	148000000	150000000	2000000	0	0.000000
Asat_OT3098_v2_chr4A	150000000	152000000	2000000	0	0.000000
Asat_OT3098_v2_chr4A	152000000	154000000	2000000	0	0.000000
Asat_OT3098_v2_chr4A	154000000	156000000	2000000	0	0.000000
Asat_OT3098_v2_chr4A	156000000	158000000	2000000	0	0.000000
Asat_OT3098_v2_chr4A	158000000	160000000	2000000	0	0.000000
Asat_OT3098_v2_chr4A	160000000	162000000	2000000	0	0.000000
Asat_OT3098_v2_chr4A	162000000	164000000	2000000	0	0.000000
Asat_OT3098_v2_chr4A	164000000	166000000	2000000	0	0.000000
Asat_OT3098_v2_chr4A	166000000	168000000	2000000	0	0.000000
Asat_OT3098_v2_chr4A	168000000	170000000	2000000	0	0.000000
Asat_OT3098_v2_chr4A	170000000	172000000	2000000	0	0.000000
Asat_OT3098_v2_chr4A	172000000	174000000	2000000	0	0.000000
Asat_OT3098_v2_chr4A	174000000	176000000	2000000	0	0.000000
Asat_OT3098_v2_chr4A	176000000	178000000	2000000	0	0.000000
Asat_OT3098_v2_chr4A	178000000	180000000	2000000	0	0.000000
Asat_OT3098_v2_chr4A	180000000	182000000	2000000	0	0.000000
Asat_OT3098_v2_chr4A	182000000	184000000	2000000	0	0.000000
Asat_OT3098_v2_chr4A	184000000	186000000	2000000	0	0.000000
Asat_OT3098_v2_chr4A	186000000	188000000	2000000	0	0.000000
Asat_OT3098_v2_chr4A	188000000	190000000	2000000	0	0.000000
Asat_OT3098_v2_chr4A	190000000	192000000	2000000	0	0.000000
Asat_OT3098_v2_chr4A	192000000	194000000	2000000	0	0.000000
Asat_OT3098_v2_chr4A	194000000	196000000	2000000	0	0.000000
Asat_OT3098_v2_chr4A	196000000	198000000	2000000	0	0.000000
Asat_OT3098_v2_chr4A	198000000	200000000	2000000	0	0.000000
Asat_OT3098_v2_chr4A	200000000	202000000	2000000	0	0.000000
Asat_OT3098_v2_chr4A	202000000	204000000	2000000	0	0.000000
Asat_OT3098_v2_chr4A	204000000	206000000	2000000	0	0.000000
Asat_OT3098_v2_chr4A	206000000	208000000	2000000	0	0.000000
Asat_OT3098_v2_chr4A	208000000	210000000	2000000	0	0.000000
Asat_OT3098_v2_chr4A	210000000	212000000	2000000	0	0.000000
Asat_OT3098_v2_chr4A	212000000	214000000	2000000	0	0.000000
Asat_OT3098_v2_chr4A	214000000	216000000	2000000	0	0.000000
Asat_OT3098_v2_chr4A	216000000	218000000	2000000	0	0.000000
Asat_OT3098_v2_chr4A	218000000	220000000	2000000	0	0.000000
Asat_OT3098_v2_chr4A	220000000	222000000	2000000	0	0.000000
Asat_OT3098_v2_chr4A	222000000	224000000	2000000	0	0.000000
Asat_OT3098_v2_chr4A	224000000	226000000	2000000	0	0.000000
Asat_OT3098_v2_chr4A	226000000	228000000	2000000	0	0.000000
Asat_OT3098_v2_chr4A	228000000	230000000	2000000	0	0.000000
Asat_OT3098_v2_chr4A	230000000	232000000	2000000	0	0.000000
Asat_OT3098_v2_chr4A	232000000	234000000	2000000	0	0.000000
Asat_OT3098_v2_chr4A	234000000	236000000	2000000	0	0.000000
Asat_OT3098_v2_chr4A	236000000	238000000	2000000	0	0.000000
Asat_OT3098_v2_chr4A	238000000	240000000	2000000	0	0.000000
Asat_OT3098_v2_chr4A	240000000	242000000	2000000	0	0.000000
Asat_OT3098_v2_chr4A	242000000	244000000	2000000	0	0.000000
Asat_OT3098_v2_chr4A	244000000	246000000	2000000	0	0.000000
Asat_OT3098_v2_chr4A	246000000	248000000	2000000	0	0.000000
Asat_OT3098_v2_chr4A	248000000	250000000	2000000	0	0.000000
Asat_OT3098_v2_chr4A	250000000	252000000	2000000	0	0.000000
Asat_OT3098_v2_chr4A	252000000	254000000	2000000	0	0.000000
Asat_OT3098_v2_chr4A	254000000	256000000	2000000	0	0.000000
Asat_OT3098_v2_chr4A	256000000	258000000	2000000	0	0.000000
Asat_OT3098_v2_chr4A	258000000	260000000	2000000	0	0.000000
Asat_OT3098_v2_chr4A	260000000	262000000	2000000	0	0.000000
Asat_OT3098_v2_chr4A	262000000	264000000	2000000	0	0.000000
Asat_OT3098_v2_chr4A	264000000	266000000	2000000	0	0.000000
Asat_OT3098_v2_chr4A	266000000	268000000	2000000	0	0.000000
Asat_OT3098_v2_chr4A	268000000	270000000	2000000	0	0.000000
Asat_OT3098_v2_chr4A	270000000	272000000	2000000	0	0.000000
Asat_OT3098_v2_chr4A	272000000	274000000	2000000	0	0.000000
Asat_OT3098_v2_chr4A	274000000	276000000	2000000	0	0.000000
Asat_OT3098_v2_chr4A	276000000	278000000	2000000	0	0.000000
Asat_OT3098_v2_chr4A	278000000	280000000	2000000	0	0.000000
Asat_OT3098_v2_chr4A	280000000	282000000	2000000	0	0.000000
Asat_OT3098_v2_chr4A	282000000	284000000	2000000	0	0.000000
Asat_OT3098_v2_chr4A	284000000	286000000	2000000	0	0.000000
Asat_OT3098_v2_chr4A	286000000	288000000	2000000	0	0.000000
Asat_OT3098_v2_chr4A	288000000	290000000	2000000	0	0.000000
Asat_OT3098_v2_chr4A	290000000	292000000	2000000	0	0.000000
Asat_OT3098_v2_chr4A	292000000	294000000	2000000	0	0.000000
Asat_OT3098_v2_chr4A	294000000	296000000	2000000	0	0.000000
Asat_OT3098_v2_chr4A	296000000	298000000	2000000	0	0.000000
Asat_OT3098_v2_chr4A	298000000	300000000	2000000	0	0.000000
Asat_OT3098_v2_chr4A	300000000	302000000	2000000	0	0.000000
Asat_OT3098_v2_chr4A	302000000	304000000	2000000	0	0.000000
Asat_OT3098_v2_chr4A	304000000	306000000	2000000	0	0.000000
Asat_OT3098_v2_chr4A	306000000	308000000	2000000	0	0.000000
Asat_OT3098_v2_chr4A	308000000	310000000	2000000	0	0.000000
Asat_OT3098_v2_chr4A	310000000	312000000	2000000	0	0.000000
Asat_OT3098_v2_chr4A	312000000	314000000	2000000	0	0.000000
Asat_OT3098_v2_chr4A	314000000	316000000	2000000	0	0.000000
Asat_OT3098_v2_chr4A	316000000	318000000	2000000	0	0.000000
Asat_OT3098_v2_chr4A	318000000	320000000	2000000	0	0.000000
Asat_OT3098_v2_chr4A	320000000	322000000	2000000	0	0.000000
Asat_OT3098_v2_chr4A	322000000	324000000	2000000	0	0.000000
Asat_OT3098_v2_chr4A	324000000	326000000	2000000	0	0.000000
Asat_OT3098_v2_chr4A	326000000	328000000	2000000	0	0.000000
Asat_OT3098_v2_chr4A	328000000	330000000	2000000	0	0.000000
Asat_OT3098_v2_chr4A	330000000	332000000	2000000	0	0.000000
Asat_OT3098_v2_chr4A	332000000	334000000	2000000	0	0.000000
Asat_OT3098_v2_chr4A	334000000	336000000	2000000	0	0.000000
Asat_OT3098_v2_chr4A	336000000	338000000	2000000	0	0.000000
Asat_OT3098_v2_chr4A	338000000	340000000	2000000	0	0.000000
Asat_OT3098_v2_chr4A	340000000	342000000	2000000	0	0.000000
Asat_OT3098_v2_chr4A	342000000	344000000	2000000	0	0.000000
Asat_OT3098_v2_chr4A	344000000	346000000	2000000	0	0.000000
Asat_OT3098_v2_chr4A	346000000	348000000	2000000	0	0.000000
Asat_OT3098_v2_chr4A	348000000	350000000	2000000	0	0.000000
Asat_OT3098_v2_chr4A	350000000	352000000	2000000	0	0.000000
Asat_OT3098_v2_chr4A	352000000	354000000	2000000	0	0.000000
Asat_OT3098_v2_chr4A	354000000	356000000	2000000	0	0.000000
Asat_OT3098_v2_chr4A	356000000	358000000	2000000	0	0.000000
Asat_OT3098_v2_chr4A	358000000	360000000	2000000	0	0.000000
Asat_OT3098_v2_chr4A	360000000	362000000	2000000	0	0.000000
Asat_OT3098_v2_chr4A	362000000	364000000	2000000	0	0.000000
Asat_OT3098_v2_chr4A	364000000	366000000	2000000	0	0.000000
Asat_OT3098_v2_chr4A	366000000	368000000	2000000	0	0.000000
Asat_OT3098_v2_chr4A	368000000	370000000	2000000	0	0.000000
Asat_OT3098_v2_chr4A	370000000	372000000	2000000	0	0.000000
Asat_OT3098_v2_chr4A	372000000	374000000	2000000	0	0.000000
Asat_OT3098_v2_chr4A	374000000	376000000	2000000	0	0.000000
Asat_OT3098_v2_chr4A	376000000	378000000	2000000	0	0.000000
Asat_OT3098_v2_chr4A	378000000	380000000	2000000	0	0.000000
Asat_OT3098_v2_chr4A	380000000	382000000	2000000	0	0.000000
Asat_OT3098_v2_chr4A	382000000	384000000	2000000	0	0.000000
Asat_OT3098_v2_chr4A	384000000	386000000	2000000	0	0.000000
Asat_OT3098_v2_chr4A	386000000	388000000	2000000	0	0.000000
Asat_OT3098_v2_chr4A	388000000	390000000	2000000	0	0.000000
Asat_OT3098_v2_chr4A	390000000	392000000	2000000	0	0.000000
Asat_OT3098_v2_chr4A	392000000	394000000	2000000	0	0.000000
Asat_OT3098_v2_chr4A	394000000	396000000	2000000	0	0.000000
Asat_OT3098_v2_chr4A	396000000	398000000	2000000	0	0.000000
Asat_OT3098_v2_chr4A	398000000	400000000	2000000	0	0.000000
Asat_OT3098_v2_chr4A	400000000	402000000	2000000	0	0.000000
Asat_OT3098_v2_chr4A	402000000	404000000	2000000	0	0.000000
Asat_OT3098_v2_chr4A	404000000	406000000	2000000	0	0.000000
Asat_OT3098_v2_chr4A	406000000	408000000	2000000	0	0.000000
Asat_OT3098_v2_chr4A	408000000	410000000	2000000	0	0.000000
Asat_OT3098_v2_chr4A	410000000	412000000	2000000	0	0.000000
Asat_OT3098_v2_chr4A	412000000	414000000	2000000	0	0.000000
Asat_OT3098_v2_chr4A	414000000	416000000	2000000	0	0.000000
Asat_OT3098_v2_chr4A	416000000	418000000	2000000	0	0.000000
Asat_OT3098_v2_chr4A	418000000	420000000	2000000	0	0.000000
Asat_OT3098_v2_chr4A	420000000	422000000	2000000	0	0.000000
Asat_OT3098_v2_chr4A	422000000	424000000	2000000	0	0.000000
Asat_OT3098_v2_chr4A	424000000	426000000	2000000	0	0.000000
Asat_OT3098_v2_chr4A	426000000	428000000	2000000	0	0.000000
Asat_OT3098_v2_chr4A	428000000	430000000	2000000	0	0.000000
Asat_OT3098_v2_chr4A	430000000	432000000	2000000	0	0.000000
Asat_OT3098_v2_chr4A	432000000	434000000	2000000	0	0.000000
Asat_OT3098_v2_chr4A	434000000	436000000	2000000	0	0.000000
Asat_OT3098_v2_chr4A	436000000	438000000	2000000	0	0.000000
Asat_OT3098_v2_chr4A	438000000	440000000	2000000	0	0.000000
Asat_OT3098_v2_chr4A	440000000	442000000	2000000	0	0.000000
Asat_OT3098_v2_chr4A	442000000	444000000	2000000	0	0.000000
Asat_OT3098_v2_chr4A	444000000	446000000	2000000	0	0.000000
Asat_OT3098_v2_chr4A	446000000	448000000	2000000	0	0.000000
Asat_OT3098_v2_chr4A	448000000	450000000	2000000	0	0.000000
Asat_OT3098_v2_chr4A	450000000	452000000	2000000	0	0.000000
Asat_OT3098_v2_chr4A	452000000	454000000	2000000	0	0.000000
Asat_OT3098_v2_chr4A	454000000	456000000	2000000	0	0.000000
Asat_OT3098_v2_chr4A	456000000	458000000	2000000	0	0.000000
Asat_OT3098_v2_chr4A	458000000	460000000	2000000	0	0.000000
Asat_OT3098_v2_chr4A	460000000	462000000	2000000	0	0.000000
Asat_OT3098_v2_chr4A	462000000	463192880	1192880	0	0.000000
Asat_OT3098_v2_chr4C	0	2000000	2000000	0	0.000000
Asat_OT3098_v2_chr4C	2000000	4000000	2000000	0	0.000000
Asat_OT3098_v2_chr4C	4000000	6000000	2000000	0	0.000000
Asat_OT3098_v2_chr4C	6000000	8000000	2000000	0	0.000000
Asat_OT3098_v2_chr4C	8000000	10000000	2000000	0	0.000000
Asat_OT3098_v2_chr4C	10000000	12000000	2000000	0	0.000000
Asat_OT3098_v2_chr4C	12000000	14000000	2000000	0	0.000000
Asat_OT3098_v2_chr4C	14000000	16000000	2000000	0	0.000000
Asat_OT3098_v2_chr4C	16000000	18000000	2000000	0	0.000000
Asat_OT3098_v2_chr4C	18000000	20000000	2000000	0	0.000000
Asat_OT3098_v2_chr4C	20000000	22000000	2000000	0	0.000000
Asat_OT3098_v2_chr4C	22000000	24000000	2000000	0	0.000000
Asat_OT3098_v2_chr4C	24000000	26000000	2000000	0	0.000000
Asat_OT3098_v2_chr4C	26000000	28000000	2000000	0	0.000000
Asat_OT3098_v2_chr4C	28000000	30000000	2000000	0	0.000000
Asat_OT3098_v2_chr4C	30000000	32000000	2000000	0	0.000000
Asat_OT3098_v2_chr4C	32000000	34000000	2000000	0	0.000000
Asat_OT3098_v2_chr4C	34000000	36000000	2000000	0	0.000000
Asat_OT3098_v2_chr4C	36000000	38000000	2000000	0	0.000000
Asat_OT3098_v2_chr4C	38000000	40000000	2000000	0	0.000000
Asat_OT3098_v2_chr4C	40000000	42000000	2000000	0	0.000000
Asat_OT3098_v2_chr4C	42000000	44000000	2000000	0	0.000000
Asat_OT3098_v2_chr4C	44000000	46000000	2000000	0	0.000000
Asat_OT3098_v2_chr4C	46000000	48000000	2000000	0	0.000000
Asat_OT3098_v2_chr4C	48000000	50000000	2000000	0	0.000000
Asat_OT3098_v2_chr4C	50000000	52000000	2000000	0	0.000000
Asat_OT3098_v2_chr4C	52000000	54000000	2000000	0	0.000000
Asat_OT3098_v2_chr4C	54000000	56000000	2000000	0	0.000000
Asat_OT3098_v2_chr4C	56000000	58000000	2000000	0	0.000000
Asat_OT3098_v2_chr4C	58000000	60000000	2000000	0	0.000000
Asat_OT3098_v2_chr4C	60000000	62000000	2000000	1068	0.000534
Asat_OT3098_v2_chr4C	62000000	64000000	2000000	36580	0.018290
Asat_OT3098_v2_chr4C	64000000	66000000	2000000	48	0.000024
Asat_OT3098_v2_chr4C	66000000	68000000	2000000	2978	0.001489
Asat_OT3098_v2_chr4C	68000000	70000000	2000000	1073	0.000536
Asat_OT3098_v2_chr4C	70000000	72000000	2000000	0	0.000000
Asat_OT3098_v2_chr4C	72000000	74000000	2000000	539	0.000269
Asat_OT3098_v2_chr4C	74000000	76000000	2000000	49	0.000024
Asat_OT3098_v2_chr4C	76000000	78000000	2000000	0	0.000000
Asat_OT3098_v2_chr4C	78000000	80000000	2000000	0	0.000000
Asat_OT3098_v2_chr4C	80000000	82000000	2000000	0	0.000000
Asat_OT3098_v2_chr4C	82000000	84000000	2000000	0	0.000000
Asat_OT3098_v2_chr4C	84000000	86000000	2000000	1745	0.000873
Asat_OT3098_v2_chr4C	86000000	88000000	2000000	0	0.000000
Asat_OT3098_v2_chr4C	88000000	90000000	2000000	2903	0.001452
Asat_OT3098_v2_chr4C	90000000	92000000	2000000	1547	0.000773
Asat_OT3098_v2_chr4C	92000000	94000000	2000000	3828	0.001914
Asat_OT3098_v2_chr4C	94000000	96000000	2000000	9181	0.004590
Asat_OT3098_v2_chr4C	96000000	98000000	2000000	337	0.000169
Asat_OT3098_v2_chr4C	98000000	100000000	2000000	0	0.000000
Asat_OT3098_v2_chr4C	100000000	102000000	2000000	11480	0.005740
Asat_OT3098_v2_chr4C	102000000	104000000	2000000	9724	0.004862
Asat_OT3098_v2_chr4C	104000000	106000000	2000000	9319	0.004659
Asat_OT3098_v2_chr4C	106000000	108000000	2000000	14004	0.007002
Asat_OT3098_v2_chr4C	108000000	110000000	2000000	38833	0.019416
Asat_OT3098_v2_chr4C	110000000	112000000	2000000	1190	0.000595
Asat_OT3098_v2_chr4C	112000000	114000000	2000000	8002	0.004001
Asat_OT3098_v2_chr4C	114000000	116000000	2000000	0	0.000000
Asat_OT3098_v2_chr4C	116000000	118000000	2000000	652	0.000326
Asat_OT3098_v2_chr4C	118000000	120000000	2000000	0	0.000000
Asat_OT3098_v2_chr4C	120000000	122000000	2000000	15139	0.007569
Asat_OT3098_v2_chr4C	122000000	124000000	2000000	0	0.000000
Asat_OT3098_v2_chr4C	124000000	126000000	2000000	20833	0.010417
Asat_OT3098_v2_chr4C	126000000	128000000	2000000	10864	0.005432
Asat_OT3098_v2_chr4C	128000000	130000000	2000000	11163	0.005581
Asat_OT3098_v2_chr4C	130000000	132000000	2000000	13754	0.006877
Asat_OT3098_v2_chr4C	132000000	134000000	2000000	58440	0.029220
Asat_OT3098_v2_chr4C	134000000	136000000	2000000	5300	0.002650
Asat_OT3098_v2_chr4C	136000000	138000000	2000000	5790	0.002895
Asat_OT3098_v2_chr4C	138000000	140000000	2000000	1681	0.000840
Asat_OT3098_v2_chr4C	140000000	142000000	2000000	20964	0.010482
Asat_OT3098_v2_chr4C	142000000	144000000	2000000	88243	0.044122
Asat_OT3098_v2_chr4C	144000000	146000000	2000000	14959	0.007480
Asat_OT3098_v2_chr4C	146000000	148000000	2000000	2998	0.001499
Asat_OT3098_v2_chr4C	148000000	150000000	2000000	13387	0.006693
Asat_OT3098_v2_chr4C	150000000	152000000	2000000	56604	0.028302
Asat_OT3098_v2_chr4C	152000000	154000000	2000000	9825	0.004913
Asat_OT3098_v2_chr4C	154000000	156000000	2000000	24253	0.012127
Asat_OT3098_v2_chr4C	156000000	158000000	2000000	52729	0.026364
Asat_OT3098_v2_chr4C	158000000	160000000	2000000	2074	0.001037
Asat_OT3098_v2_chr4C	160000000	162000000	2000000	31491	0.015745
Asat_OT3098_v2_chr4C	162000000	164000000	2000000	61219	0.030610
Asat_OT3098_v2_chr4C	164000000	166000000	2000000	46222	0.023111
Asat_OT3098_v2_chr4C	166000000	168000000	2000000	56720	0.028360
Asat_OT3098_v2_chr4C	168000000	170000000	2000000	47513	0.023756
Asat_OT3098_v2_chr4C	170000000	172000000	2000000	1103	0.000552
Asat_OT3098_v2_chr4C	172000000	174000000	2000000	2525	0.001262
Asat_OT3098_v2_chr4C	174000000	176000000	2000000	0	0.000000
Asat_OT3098_v2_chr4C	176000000	178000000	2000000	13113	0.006556
Asat_OT3098_v2_chr4C	178000000	180000000	2000000	2829	0.001414
Asat_OT3098_v2_chr4C	180000000	182000000	2000000	12587	0.006293
Asat_OT3098_v2_chr4C	182000000	184000000	2000000	11860	0.005930
Asat_OT3098_v2_chr4C	184000000	186000000	2000000	13008	0.006504
Asat_OT3098_v2_chr4C	186000000	188000000	2000000	4641	0.002321
Asat_OT3098_v2_chr4C	188000000	190000000	2000000	13086	0.006543
Asat_OT3098_v2_chr4C	190000000	192000000	2000000	27185	0.013593
Asat_OT3098_v2_chr4C	192000000	194000000	2000000	6267	0.003134
Asat_OT3098_v2_chr4C	194000000	196000000	2000000	32218	0.016109
Asat_OT3098_v2_chr4C	196000000	198000000	2000000	79686	0.039843
Asat_OT3098_v2_chr4C	198000000	200000000	2000000	76930	0.038465
Asat_OT3098_v2_chr4C	200000000	202000000	2000000	59282	0.029641
Asat_OT3098_v2_chr4C	202000000	204000000	2000000	19367	0.009683
Asat_OT3098_v2_chr4C	204000000	206000000	2000000	10561	0.005280
Asat_OT3098_v2_chr4C	206000000	208000000	2000000	5284	0.002642
Asat_OT3098_v2_chr4C	208000000	210000000	2000000	5201	0.002600
Asat_OT3098_v2_chr4C	210000000	212000000	2000000	45434	0.022717
Asat_OT3098_v2_chr4C	212000000	214000000	2000000	0	0.000000
Asat_OT3098_v2_chr4C	214000000	216000000	2000000	26115	0.013057
Asat_OT3098_v2_chr4C	216000000	218000000	2000000	33642	0.016821
Asat_OT3098_v2_chr4C	218000000	220000000	2000000	11707	0.005854
Asat_OT3098_v2_chr4C	220000000	222000000	2000000	21268	0.010634
Asat_OT3098_v2_chr4C	222000000	224000000	2000000	16877	0.008438
Asat_OT3098_v2_chr4C	224000000	226000000	2000000	24499	0.012249
Asat_OT3098_v2_chr4C	226000000	228000000	2000000	13536	0.006768
Asat_OT3098_v2_chr4C	228000000	230000000	2000000	14899	0.007450
Asat_OT3098_v2_chr4C	230000000	232000000	2000000	17933	0.008967
Asat_OT3098_v2_chr4C	232000000	234000000	2000000	21866	0.010933
Asat_OT3098_v2_chr4C	234000000	236000000	2000000	1645	0.000822
Asat_OT3098_v2_chr4C	236000000	238000000	2000000	5888	0.002944
Asat_OT3098_v2_chr4C	238000000	240000000	2000000	22702	0.011351
Asat_OT3098_v2_chr4C	240000000	242000000	2000000	6915	0.003458
Asat_OT3098_v2_chr4C	242000000	244000000	2000000	9721	0.004861
Asat_OT3098_v2_chr4C	244000000	246000000	2000000	2781	0.001391
Asat_OT3098_v2_chr4C	246000000	248000000	2000000	10301	0.005150
Asat_OT3098_v2_chr4C	248000000	250000000	2000000	7877	0.003939
Asat_OT3098_v2_chr4C	250000000	252000000	2000000	7387	0.003694
Asat_OT3098_v2_chr4C	252000000	254000000	2000000	11331	0.005666
Asat_OT3098_v2_chr4C	254000000	256000000	2000000	4295	0.002148
Asat_OT3098_v2_chr4C	256000000	258000000	2000000	19700	0.009850
Asat_OT3098_v2_chr4C	258000000	260000000	2000000	3777	0.001888
Asat_OT3098_v2_chr4C	260000000	262000000	2000000	11169	0.005585
Asat_OT3098_v2_chr4C	262000000	264000000	2000000	1833	0.000916
Asat_OT3098_v2_chr4C	264000000	266000000	2000000	5912	0.002956
Asat_OT3098_v2_chr4C	266000000	268000000	2000000	45697	0.022849
Asat_OT3098_v2_chr4C	268000000	270000000	2000000	56273	0.028136
Asat_OT3098_v2_chr4C	270000000	272000000	2000000	140288	0.070144
Asat_OT3098_v2_chr4C	272000000	274000000	2000000	34402	0.017201
Asat_OT3098_v2_chr4C	274000000	276000000	2000000	20703	0.010351
Asat_OT3098_v2_chr4C	276000000	278000000	2000000	60618	0.030309
Asat_OT3098_v2_chr4C	278000000	280000000	2000000	502	0.000251
Asat_OT3098_v2_chr4C	280000000	282000000	2000000	29050	0.014525
Asat_OT3098_v2_chr4C	282000000	284000000	2000000	17749	0.008875
Asat_OT3098_v2_chr4C	284000000	286000000	2000000	10016	0.005008
Asat_OT3098_v2_chr4C	286000000	288000000	2000000	2429	0.001215
Asat_OT3098_v2_chr4C	288000000	290000000	2000000	17527	0.008764
Asat_OT3098_v2_chr4C	290000000	292000000	2000000	1665	0.000833
Asat_OT3098_v2_chr4C	292000000	294000000	2000000	5352	0.002676
Asat_OT3098_v2_chr4C	294000000	296000000	2000000	9173	0.004587
Asat_OT3098_v2_chr4C	296000000	298000000	2000000	18909	0.009454
Asat_OT3098_v2_chr4C	298000000	300000000	2000000	7130	0.003565
Asat_OT3098_v2_chr4C	300000000	302000000	2000000	21509	0.010755
Asat_OT3098_v2_chr4C	302000000	304000000	2000000	39253	0.019627
Asat_OT3098_v2_chr4C	304000000	306000000	2000000	6443	0.003221
Asat_OT3098_v2_chr4C	306000000	308000000	2000000	39714	0.019857
Asat_OT3098_v2_chr4C	308000000	310000000	2000000	1517	0.000758
Asat_OT3098_v2_chr4C	310000000	312000000	2000000	58602	0.029301
Asat_OT3098_v2_chr4C	312000000	314000000	2000000	11343	0.005672
Asat_OT3098_v2_chr4C	314000000	316000000	2000000	45015	0.022507
Asat_OT3098_v2_chr4C	316000000	318000000	2000000	88356	0.044178
Asat_OT3098_v2_chr4C	318000000	320000000	2000000	12931	0.006465
Asat_OT3098_v2_chr4C	320000000	322000000	2000000	4819	0.002410
Asat_OT3098_v2_chr4C	322000000	324000000	2000000	11189	0.005594
Asat_OT3098_v2_chr4C	324000000	326000000	2000000	16540	0.008270
Asat_OT3098_v2_chr4C	326000000	328000000	2000000	19706	0.009853
Asat_OT3098_v2_chr4C	328000000	330000000	2000000	12620	0.006310
Asat_OT3098_v2_chr4C	330000000	332000000	2000000	34305	0.017153
Asat_OT3098_v2_chr4C	332000000	334000000	2000000	14768	0.007384
Asat_OT3098_v2_chr4C	334000000	336000000	2000000	13773	0.006887
Asat_OT3098_v2_chr4C	336000000	338000000	2000000	32427	0.016213
Asat_OT3098_v2_chr4C	338000000	340000000	2000000	151015	0.075508
Asat_OT3098_v2_chr4C	340000000	342000000	2000000	84413	0.042207
Asat_OT3098_v2_chr4C	342000000	344000000	2000000	15437	0.007718
Asat_OT3098_v2_chr4C	344000000	346000000	2000000	1998	0.000999
Asat_OT3098_v2_chr4C	346000000	348000000	2000000	114797	0.057398
Asat_OT3098_v2_chr4C	348000000	350000000	2000000	27304	0.013652
Asat_OT3098_v2_chr4C	350000000	352000000	2000000	10762	0.005381
Asat_OT3098_v2_chr4C	352000000	354000000	2000000	37564	0.018782
Asat_OT3098_v2_chr4C	354000000	356000000	2000000	25372	0.012686
Asat_OT3098_v2_chr4C	356000000	358000000	2000000	13872	0.006936
Asat_OT3098_v2_chr4C	358000000	360000000	2000000	30880	0.015440
Asat_OT3098_v2_chr4C	360000000	362000000	2000000	45892	0.022946
Asat_OT3098_v2_chr4C	362000000	364000000	2000000	15270	0.007635
Asat_OT3098_v2_chr4C	364000000	366000000	2000000	75724	0.037862
Asat_OT3098_v2_chr4C	366000000	368000000	2000000	11255	0.005627
Asat_OT3098_v2_chr4C	368000000	370000000	2000000	59717	0.029858
Asat_OT3098_v2_chr4C	370000000	372000000	2000000	20781	0.010391
Asat_OT3098_v2_chr4C	372000000	374000000	2000000	10692	0.005346
Asat_OT3098_v2_chr4C	374000000	376000000	2000000	11672	0.005836
Asat_OT3098_v2_chr4C	376000000	378000000	2000000	15518	0.007759
Asat_OT3098_v2_chr4C	378000000	380000000	2000000	3313	0.001656
Asat_OT3098_v2_chr4C	380000000	382000000	2000000	35672	0.017836
Asat_OT3098_v2_chr4C	382000000	384000000	2000000	1829	0.000914
Asat_OT3098_v2_chr4C	384000000	386000000	2000000	14282	0.007141
Asat_OT3098_v2_chr4C	386000000	388000000	2000000	24059	0.012030
Asat_OT3098_v2_chr4C	388000000	390000000	2000000	9290	0.004645
Asat_OT3098_v2_chr4C	390000000	392000000	2000000	13763	0.006881
Asat_OT3098_v2_chr4C	392000000	394000000	2000000	24975	0.012488
Asat_OT3098_v2_chr4C	394000000	396000000	2000000	8197	0.004098
Asat_OT3098_v2_chr4C	396000000	398000000	2000000	15647	0.007824
Asat_OT3098_v2_chr4C	398000000	400000000	2000000	98	0.000049
Asat_OT3098_v2_chr4C	400000000	402000000	2000000	24462	0.012231
Asat_OT3098_v2_chr4C	402000000	404000000	2000000	12248	0.006124
Asat_OT3098_v2_chr4C	404000000	406000000	2000000	3779	0.001889
Asat_OT3098_v2_chr4C	406000000	408000000	2000000	7319	0.003659
Asat_OT3098_v2_chr4C	408000000	410000000	2000000	8643	0.004321
Asat_OT3098_v2_chr4C	410000000	412000000	2000000	67446	0.033723
Asat_OT3098_v2_chr4C	412000000	414000000	2000000	961	0.000481
Asat_OT3098_v2_chr4C	414000000	416000000	2000000	18549	0.009274
Asat_OT3098_v2_chr4C	416000000	418000000	2000000	13503	0.006751
Asat_OT3098_v2_chr4C	418000000	420000000	2000000	1077	0.000539
Asat_OT3098_v2_chr4C	420000000	422000000	2000000	1264	0.000632
Asat_OT3098_v2_chr4C	422000000	424000000	2000000	16195	0.008098
Asat_OT3098_v2_chr4C	424000000	426000000	2000000	5089	0.002544
Asat_OT3098_v2_chr4C	426000000	428000000	2000000	14580	0.007290
Asat_OT3098_v2_chr4C	428000000	430000000	2000000	21198	0.010599
Asat_OT3098_v2_chr4C	430000000	432000000	2000000	7006	0.003503
Asat_OT3098_v2_chr4C	432000000	434000000	2000000	10692	0.005346
Asat_OT3098_v2_chr4C	434000000	436000000	2000000	37331	0.018666
Asat_OT3098_v2_chr4C	436000000	438000000	2000000	19031	0.009515
Asat_OT3098_v2_chr4C	438000000	440000000	2000000	8540	0.004270
Asat_OT3098_v2_chr4C	440000000	442000000	2000000	27107	0.013553
Asat_OT3098_v2_chr4C	442000000	444000000	2000000	22445	0.011222
Asat_OT3098_v2_chr4C	444000000	446000000	2000000	18541	0.009270
Asat_OT3098_v2_chr4C	446000000	448000000	2000000	18744	0.009372
Asat_OT3098_v2_chr4C	448000000	450000000	2000000	5831	0.002916
Asat_OT3098_v2_chr4C	450000000	452000000	2000000	43148	0.021574
Asat_OT3098_v2_chr4C	452000000	454000000	2000000	34936	0.017468
Asat_OT3098_v2_chr4C	454000000	456000000	2000000	45956	0.022978
Asat_OT3098_v2_chr4C	456000000	458000000	2000000	73068	0.036534
Asat_OT3098_v2_chr4C	458000000	460000000	2000000	47888	0.023944
Asat_OT3098_v2_chr4C	460000000	462000000	2000000	48255	0.024127
Asat_OT3098_v2_chr4C	462000000	464000000	2000000	11164	0.005582
Asat_OT3098_v2_chr4C	464000000	466000000	2000000	22616	0.011308
Asat_OT3098_v2_chr4C	466000000	468000000	2000000	20561	0.010280
Asat_OT3098_v2_chr4C	468000000	470000000	2000000	15602	0.007801
Asat_OT3098_v2_chr4C	470000000	472000000	2000000	53093	0.026547
Asat_OT3098_v2_chr4C	472000000	474000000	2000000	43017	0.021508
Asat_OT3098_v2_chr4C	474000000	476000000	2000000	10232	0.005116
Asat_OT3098_v2_chr4C	476000000	478000000	2000000	2168	0.001084
Asat_OT3098_v2_chr4C	478000000	480000000	2000000	63765	0.031883
Asat_OT3098_v2_chr4C	480000000	482000000	2000000	47002	0.023501
Asat_OT3098_v2_chr4C	482000000	484000000	2000000	8845	0.004423
Asat_OT3098_v2_chr4C	484000000	486000000	2000000	10061	0.005031
Asat_OT3098_v2_chr4C	486000000	488000000	2000000	54729	0.027364
Asat_OT3098_v2_chr4C	488000000	490000000	2000000	15501	0.007750
Asat_OT3098_v2_chr4C	490000000	492000000	2000000	29490	0.014745
Asat_OT3098_v2_chr4C	492000000	494000000	2000000	5310	0.002655
Asat_OT3098_v2_chr4C	494000000	496000000	2000000	18475	0.009237
Asat_OT3098_v2_chr4C	496000000	498000000	2000000	6503	0.003252
Asat_OT3098_v2_chr4C	498000000	500000000	2000000	28172	0.014086
Asat_OT3098_v2_chr4C	500000000	502000000	2000000	3407	0.001703
Asat_OT3098_v2_chr4C	502000000	504000000	2000000	45221	0.022610
Asat_OT3098_v2_chr4C	504000000	506000000	2000000	17721	0.008861
Asat_OT3098_v2_chr4C	506000000	508000000	2000000	15943	0.007971
Asat_OT3098_v2_chr4C	508000000	510000000	2000000	24067	0.012034
Asat_OT3098_v2_chr4C	510000000	512000000	2000000	19419	0.009709
Asat_OT3098_v2_chr4C	512000000	514000000	2000000	11843	0.005921
Asat_OT3098_v2_chr4C	514000000	516000000	2000000	972	0.000486
Asat_OT3098_v2_chr4C	516000000	518000000	2000000	0	0.000000
Asat_OT3098_v2_chr4C	518000000	520000000	2000000	4253	0.002126
Asat_OT3098_v2_chr4C	520000000	522000000	2000000	8746	0.004373
Asat_OT3098_v2_chr4C	522000000	524000000	2000000	43352	0.021676
Asat_OT3098_v2_chr4C	524000000	526000000	2000000	42059	0.021029
Asat_OT3098_v2_chr4C	526000000	528000000	2000000	20075	0.010037
Asat_OT3098_v2_chr4C	528000000	530000000	2000000	16942	0.008471
Asat_OT3098_v2_chr4C	530000000	532000000	2000000	1601	0.000800
Asat_OT3098_v2_chr4C	532000000	534000000	2000000	34864	0.017432
Asat_OT3098_v2_chr4C	534000000	536000000	2000000	91723	0.045861
Asat_OT3098_v2_chr4C	536000000	538000000	2000000	68077	0.034038
Asat_OT3098_v2_chr4C	538000000	540000000	2000000	24680	0.012340
Asat_OT3098_v2_chr4C	540000000	542000000	2000000	12711	0.006356
Asat_OT3098_v2_chr4C	542000000	544000000	2000000	10126	0.005063
Asat_OT3098_v2_chr4C	544000000	546000000	2000000	30768	0.015384
Asat_OT3098_v2_chr4C	546000000	548000000	2000000	23536	0.011768
Asat_OT3098_v2_chr4C	548000000	550000000	2000000	20812	0.010406
Asat_OT3098_v2_chr4C	550000000	552000000	2000000	87856	0.043928
Asat_OT3098_v2_chr4C	552000000	554000000	2000000	17640	0.008820
Asat_OT3098_v2_chr4C	554000000	556000000	2000000	30622	0.015311
Asat_OT3098_v2_chr4C	556000000	558000000	2000000	15126	0.007563
Asat_OT3098_v2_chr4C	558000000	560000000	2000000	34172	0.017086
Asat_OT3098_v2_chr4C	560000000	562000000	2000000	96927	0.048463
Asat_OT3098_v2_chr4C	562000000	564000000	2000000	47645	0.023822
Asat_OT3098_v2_chr4C	564000000	566000000	2000000	11915	0.005958
Asat_OT3098_v2_chr4C	566000000	568000000	2000000	27706	0.013853
Asat_OT3098_v2_chr4C	568000000	570000000	2000000	0	0.000000
Asat_OT3098_v2_chr4C	570000000	572000000	2000000	0	0.000000
Asat_OT3098_v2_chr4C	572000000	574000000	2000000	12469	0.006234
Asat_OT3098_v2_chr4C	574000000	576000000	2000000	31279	0.015640
Asat_OT3098_v2_chr4C	576000000	578000000	2000000	11412	0.005706
Asat_OT3098_v2_chr4C	578000000	580000000	2000000	19718	0.009859
Asat_OT3098_v2_chr4C	580000000	582000000	2000000	31449	0.015724
Asat_OT3098_v2_chr4C	582000000	584000000	2000000	8417	0.004208
Asat_OT3098_v2_chr4C	584000000	586000000	2000000	56690	0.028345
Asat_OT3098_v2_chr4C	586000000	588000000	2000000	26342	0.013171
Asat_OT3098_v2_chr4C	588000000	590000000	2000000	23876	0.011938
Asat_OT3098_v2_chr4C	590000000	592000000	2000000	3415	0.001708
Asat_OT3098_v2_chr4C	592000000	594000000	2000000	17092	0.008546
Asat_OT3098_v2_chr4C	594000000	596000000	2000000	194	0.000097
Asat_OT3098_v2_chr4C	596000000	598000000	2000000	129961	0.064980
Asat_OT3098_v2_chr4C	598000000	600000000	2000000	27786	0.013893
Asat_OT3098_v2_chr4C	600000000	602000000	2000000	294	0.000147
Asat_OT3098_v2_chr4C	602000000	604000000	2000000	106280	0.053140
Asat_OT3098_v2_chr4C	604000000	606000000	2000000	0	0.000000
Asat_OT3098_v2_chr4C	606000000	608000000	2000000	13295	0.006647
Asat_OT3098_v2_chr4C	608000000	610000000	2000000	49262	0.024631
Asat_OT3098_v2_chr4C	610000000	612000000	2000000	1567	0.000784
Asat_OT3098_v2_chr4C	612000000	614000000	2000000	10014	0.005007
Asat_OT3098_v2_chr4C	614000000	616000000	2000000	22914	0.011457
Asat_OT3098_v2_chr4C	616000000	618000000	2000000	9961	0.004980
Asat_OT3098_v2_chr4C	618000000	620000000	2000000	32651	0.016325
Asat_OT3098_v2_chr4C	620000000	622000000	2000000	8239	0.004119
Asat_OT3098_v2_chr4C	622000000	624000000	2000000	25463	0.012731
Asat_OT3098_v2_chr4C	624000000	626000000	2000000	1124	0.000562
Asat_OT3098_v2_chr4C	626000000	628000000	2000000	129148	0.064574
Asat_OT3098_v2_chr4C	628000000	630000000	2000000	35923	0.017961
Asat_OT3098_v2_chr4C	630000000	632000000	2000000	11725	0.005862
Asat_OT3098_v2_chr4C	632000000	634000000	2000000	1279	0.000639
Asat_OT3098_v2_chr4C	634000000	636000000	2000000	28298	0.014149
Asat_OT3098_v2_chr4C	636000000	638000000	2000000	13756	0.006878
Asat_OT3098_v2_chr4C	638000000	640000000	2000000	33087	0.016543
Asat_OT3098_v2_chr4C	640000000	642000000	2000000	3478	0.001739
Asat_OT3098_v2_chr4C	642000000	644000000	2000000	26392	0.013196
Asat_OT3098_v2_chr4C	644000000	646000000	2000000	7008	0.003504
Asat_OT3098_v2_chr4C	646000000	648000000	2000000	47880	0.023940
Asat_OT3098_v2_chr4C	648000000	650000000	2000000	0	0.000000
Asat_OT3098_v2_chr4C	650000000	652000000	2000000	0	0.000000
Asat_OT3098_v2_chr4C	652000000	654000000	2000000	0	0.000000
Asat_OT3098_v2_chr4C	654000000	656000000	2000000	484	0.000242
Asat_OT3098_v2_chr4C	656000000	658000000	2000000	13360	0.006680
Asat_OT3098_v2_chr4C	658000000	660000000	2000000	62683	0.031342
Asat_OT3098_v2_chr4C	660000000	662000000	2000000	11707	0.005854
Asat_OT3098_v2_chr4C	662000000	664000000	2000000	3014	0.001507
Asat_OT3098_v2_chr4C	664000000	666000000	2000000	35307	0.017653
Asat_OT3098_v2_chr4C	666000000	668000000	2000000	147	0.000073
Asat_OT3098_v2_chr4C	668000000	670000000	2000000	3012	0.001506
Asat_OT3098_v2_chr4C	670000000	672000000	2000000	109243	0.054622
Asat_OT3098_v2_chr4C	672000000	674000000	2000000	3464	0.001732
Asat_OT3098_v2_chr4C	674000000	676000000	2000000	24205	0.012103
Asat_OT3098_v2_chr4C	676000000	678000000	2000000	5093	0.002547
Asat_OT3098_v2_chr4C	678000000	680000000	2000000	13669	0.006835
Asat_OT3098_v2_chr4C	680000000	682000000	2000000	10903	0.005451
Asat_OT3098_v2_chr4C	682000000	684000000	2000000	9030	0.004515
Asat_OT3098_v2_chr4C	684000000	686000000	2000000	3925	0.001962
Asat_OT3098_v2_chr4C	686000000	688000000	2000000	37810	0.018905
Asat_OT3098_v2_chr4C	688000000	690000000	2000000	8309	0.004155
Asat_OT3098_v2_chr4C	690000000	692000000	2000000	6878	0.003439
Asat_OT3098_v2_chr4C	692000000	694000000	2000000	19044	0.009522
Asat_OT3098_v2_chr4C	694000000	696000000	2000000	22799	0.011399
Asat_OT3098_v2_chr4C	696000000	698000000	2000000	0	0.000000
Asat_OT3098_v2_chr4C	698000000	700000000	2000000	3487	0.001744
Asat_OT3098_v2_chr4C	700000000	702000000	2000000	1172	0.000586
Asat_OT3098_v2_chr4C	702000000	704000000	2000000	1446	0.000723
Asat_OT3098_v2_chr4C	704000000	706000000	2000000	67569	0.033785
Asat_OT3098_v2_chr4C	706000000	708000000	2000000	1160	0.000580
Asat_OT3098_v2_chr4C	708000000	710000000	2000000	0	0.000000
Asat_OT3098_v2_chr4C	710000000	712000000	2000000	2387	0.001193
Asat_OT3098_v2_chr4C	712000000	714000000	2000000	22280	0.011140
Asat_OT3098_v2_chr4C	714000000	716000000	2000000	14131	0.007065
Asat_OT3098_v2_chr4C	716000000	716105986	105986	0	0.000000
Asat_OT3098_v2_chr4D	0	2000000	2000000	0	0.000000
Asat_OT3098_v2_chr4D	2000000	4000000	2000000	0	0.000000
Asat_OT3098_v2_chr4D	4000000	6000000	2000000	0	0.000000
Asat_OT3098_v2_chr4D	6000000	8000000	2000000	0	0.000000
Asat_OT3098_v2_chr4D	8000000	10000000	2000000	0	0.000000
Asat_OT3098_v2_chr4D	10000000	12000000	2000000	0	0.000000
Asat_OT3098_v2_chr4D	12000000	14000000	2000000	0	0.000000
Asat_OT3098_v2_chr4D	14000000	16000000	2000000	0	0.000000
Asat_OT3098_v2_chr4D	16000000	18000000	2000000	0	0.000000
Asat_OT3098_v2_chr4D	18000000	20000000	2000000	0	0.000000
Asat_OT3098_v2_chr4D	20000000	22000000	2000000	0	0.000000
Asat_OT3098_v2_chr4D	22000000	24000000	2000000	0	0.000000
Asat_OT3098_v2_chr4D	24000000	26000000	2000000	0	0.000000
Asat_OT3098_v2_chr4D	26000000	28000000	2000000	0	0.000000
Asat_OT3098_v2_chr4D	28000000	30000000	2000000	0	0.000000
Asat_OT3098_v2_chr4D	30000000	32000000	2000000	0	0.000000
Asat_OT3098_v2_chr4D	32000000	34000000	2000000	0	0.000000
Asat_OT3098_v2_chr4D	34000000	36000000	2000000	0	0.000000
Asat_OT3098_v2_chr4D	36000000	38000000	2000000	0	0.000000
Asat_OT3098_v2_chr4D	38000000	40000000	2000000	0	0.000000
Asat_OT3098_v2_chr4D	40000000	42000000	2000000	0	0.000000
Asat_OT3098_v2_chr4D	42000000	44000000	2000000	0	0.000000
Asat_OT3098_v2_chr4D	44000000	46000000	2000000	0	0.000000
Asat_OT3098_v2_chr4D	46000000	48000000	2000000	0	0.000000
Asat_OT3098_v2_chr4D	48000000	50000000	2000000	0	0.000000
Asat_OT3098_v2_chr4D	50000000	52000000	2000000	0	0.000000
Asat_OT3098_v2_chr4D	52000000	54000000	2000000	0	0.000000
Asat_OT3098_v2_chr4D	54000000	56000000	2000000	0	0.000000
Asat_OT3098_v2_chr4D	56000000	58000000	2000000	0	0.000000
Asat_OT3098_v2_chr4D	58000000	60000000	2000000	0	0.000000
Asat_OT3098_v2_chr4D	60000000	62000000	2000000	0	0.000000
Asat_OT3098_v2_chr4D	62000000	64000000	2000000	0	0.000000
Asat_OT3098_v2_chr4D	64000000	66000000	2000000	0	0.000000
Asat_OT3098_v2_chr4D	66000000	68000000	2000000	0	0.000000
Asat_OT3098_v2_chr4D	68000000	70000000	2000000	0	0.000000
Asat_OT3098_v2_chr4D	70000000	72000000	2000000	0	0.000000
Asat_OT3098_v2_chr4D	72000000	74000000	2000000	0	0.000000
Asat_OT3098_v2_chr4D	74000000	76000000	2000000	0	0.000000
Asat_OT3098_v2_chr4D	76000000	78000000	2000000	0	0.000000
Asat_OT3098_v2_chr4D	78000000	80000000	2000000	0	0.000000
Asat_OT3098_v2_chr4D	80000000	82000000	2000000	0	0.000000
Asat_OT3098_v2_chr4D	82000000	84000000	2000000	0	0.000000
Asat_OT3098_v2_chr4D	84000000	86000000	2000000	0	0.000000
Asat_OT3098_v2_chr4D	86000000	88000000	2000000	0	0.000000
Asat_OT3098_v2_chr4D	88000000	90000000	2000000	0	0.000000
Asat_OT3098_v2_chr4D	90000000	92000000	2000000	0	0.000000
Asat_OT3098_v2_chr4D	92000000	94000000	2000000	0	0.000000
Asat_OT3098_v2_chr4D	94000000	96000000	2000000	0	0.000000
Asat_OT3098_v2_chr4D	96000000	98000000	2000000	0	0.000000
Asat_OT3098_v2_chr4D	98000000	100000000	2000000	0	0.000000
Asat_OT3098_v2_chr4D	100000000	102000000	2000000	0	0.000000
Asat_OT3098_v2_chr4D	102000000	104000000	2000000	0	0.000000
Asat_OT3098_v2_chr4D	104000000	106000000	2000000	0	0.000000
Asat_OT3098_v2_chr4D	106000000	108000000	2000000	0	0.000000
Asat_OT3098_v2_chr4D	108000000	110000000	2000000	0	0.000000
Asat_OT3098_v2_chr4D	110000000	112000000	2000000	0	0.000000
Asat_OT3098_v2_chr4D	112000000	114000000	2000000	0	0.000000
Asat_OT3098_v2_chr4D	114000000	116000000	2000000	0	0.000000
Asat_OT3098_v2_chr4D	116000000	118000000	2000000	0	0.000000
Asat_OT3098_v2_chr4D	118000000	120000000	2000000	0	0.000000
Asat_OT3098_v2_chr4D	120000000	122000000	2000000	0	0.000000
Asat_OT3098_v2_chr4D	122000000	124000000	2000000	0	0.000000
Asat_OT3098_v2_chr4D	124000000	126000000	2000000	0	0.000000
Asat_OT3098_v2_chr4D	126000000	128000000	2000000	0	0.000000
Asat_OT3098_v2_chr4D	128000000	130000000	2000000	0	0.000000
Asat_OT3098_v2_chr4D	130000000	132000000	2000000	0	0.000000
Asat_OT3098_v2_chr4D	132000000	134000000	2000000	0	0.000000
Asat_OT3098_v2_chr4D	134000000	136000000	2000000	0	0.000000
Asat_OT3098_v2_chr4D	136000000	138000000	2000000	0	0.000000
Asat_OT3098_v2_chr4D	138000000	140000000	2000000	0	0.000000
Asat_OT3098_v2_chr4D	140000000	142000000	2000000	0	0.000000
Asat_OT3098_v2_chr4D	142000000	144000000	2000000	0	0.000000
Asat_OT3098_v2_chr4D	144000000	146000000	2000000	0	0.000000
Asat_OT3098_v2_chr4D	146000000	148000000	2000000	0	0.000000
Asat_OT3098_v2_chr4D	148000000	150000000	2000000	0	0.000000
Asat_OT3098_v2_chr4D	150000000	152000000	2000000	0	0.000000
Asat_OT3098_v2_chr4D	152000000	154000000	2000000	0	0.000000
Asat_OT3098_v2_chr4D	154000000	156000000	2000000	0	0.000000
Asat_OT3098_v2_chr4D	156000000	158000000	2000000	0	0.000000
Asat_OT3098_v2_chr4D	158000000	160000000	2000000	0	0.000000
Asat_OT3098_v2_chr4D	160000000	162000000	2000000	0	0.000000
Asat_OT3098_v2_chr4D	162000000	164000000	2000000	0	0.000000
Asat_OT3098_v2_chr4D	164000000	166000000	2000000	0	0.000000
Asat_OT3098_v2_chr4D	166000000	168000000	2000000	0	0.000000
Asat_OT3098_v2_chr4D	168000000	170000000	2000000	0	0.000000
Asat_OT3098_v2_chr4D	170000000	172000000	2000000	0	0.000000
Asat_OT3098_v2_chr4D	172000000	174000000	2000000	0	0.000000
Asat_OT3098_v2_chr4D	174000000	176000000	2000000	0	0.000000
Asat_OT3098_v2_chr4D	176000000	178000000	2000000	0	0.000000
Asat_OT3098_v2_chr4D	178000000	180000000	2000000	0	0.000000
Asat_OT3098_v2_chr4D	180000000	182000000	2000000	0	0.000000
Asat_OT3098_v2_chr4D	182000000	184000000	2000000	0	0.000000
Asat_OT3098_v2_chr4D	184000000	186000000	2000000	0	0.000000
Asat_OT3098_v2_chr4D	186000000	188000000	2000000	0	0.000000
Asat_OT3098_v2_chr4D	188000000	190000000	2000000	0	0.000000
Asat_OT3098_v2_chr4D	190000000	192000000	2000000	0	0.000000
Asat_OT3098_v2_chr4D	192000000	194000000	2000000	0	0.000000
Asat_OT3098_v2_chr4D	194000000	196000000	2000000	0	0.000000
Asat_OT3098_v2_chr4D	196000000	198000000	2000000	0	0.000000
Asat_OT3098_v2_chr4D	198000000	200000000	2000000	0	0.000000
Asat_OT3098_v2_chr4D	200000000	202000000	2000000	0	0.000000
Asat_OT3098_v2_chr4D	202000000	204000000	2000000	0	0.000000
Asat_OT3098_v2_chr4D	204000000	206000000	2000000	0	0.000000
Asat_OT3098_v2_chr4D	206000000	208000000	2000000	0	0.000000
Asat_OT3098_v2_chr4D	208000000	210000000	2000000	0	0.000000
Asat_OT3098_v2_chr4D	210000000	212000000	2000000	0	0.000000
Asat_OT3098_v2_chr4D	212000000	214000000	2000000	0	0.000000
Asat_OT3098_v2_chr4D	214000000	216000000	2000000	0	0.000000
Asat_OT3098_v2_chr4D	216000000	218000000	2000000	0	0.000000
Asat_OT3098_v2_chr4D	218000000	220000000	2000000	0	0.000000
Asat_OT3098_v2_chr4D	220000000	222000000	2000000	0	0.000000
Asat_OT3098_v2_chr4D	222000000	224000000	2000000	0	0.000000
Asat_OT3098_v2_chr4D	224000000	226000000	2000000	0	0.000000
Asat_OT3098_v2_chr4D	226000000	228000000	2000000	0	0.000000
Asat_OT3098_v2_chr4D	228000000	230000000	2000000	0	0.000000
Asat_OT3098_v2_chr4D	230000000	232000000	2000000	0	0.000000
Asat_OT3098_v2_chr4D	232000000	234000000	2000000	0	0.000000
Asat_OT3098_v2_chr4D	234000000	236000000	2000000	0	0.000000
Asat_OT3098_v2_chr4D	236000000	238000000	2000000	0	0.000000
Asat_OT3098_v2_chr4D	238000000	240000000	2000000	0	0.000000
Asat_OT3098_v2_chr4D	240000000	242000000	2000000	0	0.000000
Asat_OT3098_v2_chr4D	242000000	244000000	2000000	0	0.000000
Asat_OT3098_v2_chr4D	244000000	246000000	2000000	0	0.000000
Asat_OT3098_v2_chr4D	246000000	248000000	2000000	0	0.000000
Asat_OT3098_v2_chr4D	248000000	250000000	2000000	0	0.000000
Asat_OT3098_v2_chr4D	250000000	252000000	2000000	0	0.000000
Asat_OT3098_v2_chr4D	252000000	254000000	2000000	0	0.000000
Asat_OT3098_v2_chr4D	254000000	256000000	2000000	0	0.000000
Asat_OT3098_v2_chr4D	256000000	258000000	2000000	0	0.000000
Asat_OT3098_v2_chr4D	258000000	260000000	2000000	0	0.000000
Asat_OT3098_v2_chr4D	260000000	262000000	2000000	0	0.000000
Asat_OT3098_v2_chr4D	262000000	264000000	2000000	0	0.000000
Asat_OT3098_v2_chr4D	264000000	266000000	2000000	0	0.000000
Asat_OT3098_v2_chr4D	266000000	268000000	2000000	0	0.000000
Asat_OT3098_v2_chr4D	268000000	270000000	2000000	0	0.000000
Asat_OT3098_v2_chr4D	270000000	272000000	2000000	0	0.000000
Asat_OT3098_v2_chr4D	272000000	274000000	2000000	0	0.000000
Asat_OT3098_v2_chr4D	274000000	276000000	2000000	0	0.000000
Asat_OT3098_v2_chr4D	276000000	278000000	2000000	0	0.000000
Asat_OT3098_v2_chr4D	278000000	280000000	2000000	0	0.000000
Asat_OT3098_v2_chr4D	280000000	282000000	2000000	0	0.000000
Asat_OT3098_v2_chr4D	282000000	284000000	2000000	0	0.000000
Asat_OT3098_v2_chr4D	284000000	286000000	2000000	0	0.000000
Asat_OT3098_v2_chr4D	286000000	288000000	2000000	0	0.000000
Asat_OT3098_v2_chr4D	288000000	290000000	2000000	0	0.000000
Asat_OT3098_v2_chr4D	290000000	292000000	2000000	0	0.000000
Asat_OT3098_v2_chr4D	292000000	294000000	2000000	0	0.000000
Asat_OT3098_v2_chr4D	294000000	296000000	2000000	0	0.000000
Asat_OT3098_v2_chr4D	296000000	298000000	2000000	0	0.000000
Asat_OT3098_v2_chr4D	298000000	300000000	2000000	0	0.000000
Asat_OT3098_v2_chr4D	300000000	302000000	2000000	0	0.000000
Asat_OT3098_v2_chr4D	302000000	304000000	2000000	0	0.000000
Asat_OT3098_v2_chr4D	304000000	306000000	2000000	0	0.000000
Asat_OT3098_v2_chr4D	306000000	308000000	2000000	0	0.000000
Asat_OT3098_v2_chr4D	308000000	310000000	2000000	0	0.000000
Asat_OT3098_v2_chr4D	310000000	312000000	2000000	0	0.000000
Asat_OT3098_v2_chr4D	312000000	314000000	2000000	0	0.000000
Asat_OT3098_v2_chr4D	314000000	316000000	2000000	0	0.000000
Asat_OT3098_v2_chr4D	316000000	318000000	2000000	0	0.000000
Asat_OT3098_v2_chr4D	318000000	320000000	2000000	0	0.000000
Asat_OT3098_v2_chr4D	320000000	322000000	2000000	0	0.000000
Asat_OT3098_v2_chr4D	322000000	324000000	2000000	0	0.000000
Asat_OT3098_v2_chr4D	324000000	326000000	2000000	0	0.000000
Asat_OT3098_v2_chr4D	326000000	328000000	2000000	0	0.000000
Asat_OT3098_v2_chr4D	328000000	330000000	2000000	0	0.000000
Asat_OT3098_v2_chr4D	330000000	332000000	2000000	0	0.000000
Asat_OT3098_v2_chr4D	332000000	334000000	2000000	0	0.000000
Asat_OT3098_v2_chr4D	334000000	336000000	2000000	0	0.000000
Asat_OT3098_v2_chr4D	336000000	338000000	2000000	0	0.000000
Asat_OT3098_v2_chr4D	338000000	340000000	2000000	0	0.000000
Asat_OT3098_v2_chr4D	340000000	342000000	2000000	0	0.000000
Asat_OT3098_v2_chr4D	342000000	344000000	2000000	0	0.000000
Asat_OT3098_v2_chr4D	344000000	346000000	2000000	0	0.000000
Asat_OT3098_v2_chr4D	346000000	348000000	2000000	0	0.000000
Asat_OT3098_v2_chr4D	348000000	350000000	2000000	0	0.000000
Asat_OT3098_v2_chr4D	350000000	352000000	2000000	0	0.000000
Asat_OT3098_v2_chr4D	352000000	354000000	2000000	0	0.000000
Asat_OT3098_v2_chr4D	354000000	356000000	2000000	0	0.000000
Asat_OT3098_v2_chr4D	356000000	358000000	2000000	0	0.000000
Asat_OT3098_v2_chr4D	358000000	360000000	2000000	0	0.000000
Asat_OT3098_v2_chr4D	360000000	362000000	2000000	0	0.000000
Asat_OT3098_v2_chr4D	362000000	364000000	2000000	0	0.000000
Asat_OT3098_v2_chr4D	364000000	366000000	2000000	0	0.000000
Asat_OT3098_v2_chr4D	366000000	368000000	2000000	0	0.000000
Asat_OT3098_v2_chr4D	368000000	370000000	2000000	0	0.000000
Asat_OT3098_v2_chr4D	370000000	372000000	2000000	0	0.000000
Asat_OT3098_v2_chr4D	372000000	374000000	2000000	0	0.000000
Asat_OT3098_v2_chr4D	374000000	376000000	2000000	0	0.000000
Asat_OT3098_v2_chr4D	376000000	378000000	2000000	0	0.000000
Asat_OT3098_v2_chr4D	378000000	380000000	2000000	0	0.000000
Asat_OT3098_v2_chr4D	380000000	382000000	2000000	0	0.000000
Asat_OT3098_v2_chr4D	382000000	384000000	2000000	0	0.000000
Asat_OT3098_v2_chr4D	384000000	386000000	2000000	0	0.000000
Asat_OT3098_v2_chr4D	386000000	388000000	2000000	0	0.000000
Asat_OT3098_v2_chr4D	388000000	390000000	2000000	0	0.000000
Asat_OT3098_v2_chr4D	390000000	392000000	2000000	0	0.000000
Asat_OT3098_v2_chr4D	392000000	394000000	2000000	0	0.000000
Asat_OT3098_v2_chr4D	394000000	396000000	2000000	0	0.000000
Asat_OT3098_v2_chr4D	396000000	398000000	2000000	0	0.000000
Asat_OT3098_v2_chr4D	398000000	400000000	2000000	0	0.000000
Asat_OT3098_v2_chr4D	400000000	402000000	2000000	0	0.000000
Asat_OT3098_v2_chr4D	402000000	404000000	2000000	0	0.000000
Asat_OT3098_v2_chr4D	404000000	406000000	2000000	0	0.000000
Asat_OT3098_v2_chr4D	406000000	408000000	2000000	0	0.000000
Asat_OT3098_v2_chr4D	408000000	410000000	2000000	0	0.000000
Asat_OT3098_v2_chr4D	410000000	412000000	2000000	0	0.000000
Asat_OT3098_v2_chr4D	412000000	414000000	2000000	5796	0.002898
Asat_OT3098_v2_chr4D	414000000	416000000	2000000	0	0.000000
Asat_OT3098_v2_chr4D	416000000	418000000	2000000	0	0.000000
Asat_OT3098_v2_chr4D	418000000	420000000	2000000	1581	0.000790
Asat_OT3098_v2_chr4D	420000000	422000000	2000000	3208	0.001604
Asat_OT3098_v2_chr4D	422000000	424000000	2000000	0	0.000000
Asat_OT3098_v2_chr4D	424000000	426000000	2000000	0	0.000000
Asat_OT3098_v2_chr4D	426000000	428000000	2000000	0	0.000000
Asat_OT3098_v2_chr4D	428000000	430000000	2000000	98	0.000049
Asat_OT3098_v2_chr4D	430000000	432000000	2000000	5474	0.002737
Asat_OT3098_v2_chr4D	432000000	434000000	2000000	238	0.000119
Asat_OT3098_v2_chr4D	434000000	436000000	2000000	27646	0.013823
Asat_OT3098_v2_chr4D	436000000	438000000	2000000	882	0.000441
Asat_OT3098_v2_chr4D	438000000	440000000	2000000	579	0.000289
Asat_OT3098_v2_chr4D	440000000	442000000	2000000	0	0.000000
Asat_OT3098_v2_chr4D	442000000	444000000	2000000	582	0.000291
Asat_OT3098_v2_chr4D	444000000	446000000	2000000	0	0.000000
Asat_OT3098_v2_chr4D	446000000	448000000	2000000	0	0.000000
Asat_OT3098_v2_chr4D	448000000	450000000	2000000	0	0.000000
Asat_OT3098_v2_chr4D	450000000	452000000	2000000	0	0.000000
Asat_OT3098_v2_chr4D	452000000	454000000	2000000	0	0.000000
Asat_OT3098_v2_chr4D	454000000	455353809	1353809	0	0.000000
Asat_OT3098_v2_chr5A	0	2000000	2000000	0	0.000000
Asat_OT3098_v2_chr5A	2000000	4000000	2000000	0	0.000000
Asat_OT3098_v2_chr5A	4000000	6000000	2000000	0	0.000000
Asat_OT3098_v2_chr5A	6000000	8000000	2000000	0	0.000000
Asat_OT3098_v2_chr5A	8000000	10000000	2000000	0	0.000000
Asat_OT3098_v2_chr5A	10000000	12000000	2000000	0	0.000000
Asat_OT3098_v2_chr5A	12000000	14000000	2000000	0	0.000000
Asat_OT3098_v2_chr5A	14000000	16000000	2000000	0	0.000000
Asat_OT3098_v2_chr5A	16000000	18000000	2000000	0	0.000000
Asat_OT3098_v2_chr5A	18000000	20000000	2000000	0	0.000000
Asat_OT3098_v2_chr5A	20000000	22000000	2000000	0	0.000000
Asat_OT3098_v2_chr5A	22000000	24000000	2000000	0	0.000000
Asat_OT3098_v2_chr5A	24000000	26000000	2000000	0	0.000000
Asat_OT3098_v2_chr5A	26000000	28000000	2000000	0	0.000000
Asat_OT3098_v2_chr5A	28000000	30000000	2000000	0	0.000000
Asat_OT3098_v2_chr5A	30000000	32000000	2000000	0	0.000000
Asat_OT3098_v2_chr5A	32000000	34000000	2000000	0	0.000000
Asat_OT3098_v2_chr5A	34000000	36000000	2000000	0	0.000000
Asat_OT3098_v2_chr5A	36000000	38000000	2000000	0	0.000000
Asat_OT3098_v2_chr5A	38000000	40000000	2000000	0	0.000000
Asat_OT3098_v2_chr5A	40000000	42000000	2000000	0	0.000000
Asat_OT3098_v2_chr5A	42000000	44000000	2000000	0	0.000000
Asat_OT3098_v2_chr5A	44000000	46000000	2000000	0	0.000000
Asat_OT3098_v2_chr5A	46000000	48000000	2000000	0	0.000000
Asat_OT3098_v2_chr5A	48000000	50000000	2000000	0	0.000000
Asat_OT3098_v2_chr5A	50000000	52000000	2000000	0	0.000000
Asat_OT3098_v2_chr5A	52000000	54000000	2000000	0	0.000000
Asat_OT3098_v2_chr5A	54000000	56000000	2000000	0	0.000000
Asat_OT3098_v2_chr5A	56000000	58000000	2000000	0	0.000000
Asat_OT3098_v2_chr5A	58000000	60000000	2000000	0	0.000000
Asat_OT3098_v2_chr5A	60000000	62000000	2000000	0	0.000000
Asat_OT3098_v2_chr5A	62000000	64000000	2000000	0	0.000000
Asat_OT3098_v2_chr5A	64000000	66000000	2000000	0	0.000000
Asat_OT3098_v2_chr5A	66000000	68000000	2000000	0	0.000000
Asat_OT3098_v2_chr5A	68000000	70000000	2000000	0	0.000000
Asat_OT3098_v2_chr5A	70000000	72000000	2000000	0	0.000000
Asat_OT3098_v2_chr5A	72000000	74000000	2000000	0	0.000000
Asat_OT3098_v2_chr5A	74000000	76000000	2000000	0	0.000000
Asat_OT3098_v2_chr5A	76000000	78000000	2000000	0	0.000000
Asat_OT3098_v2_chr5A	78000000	80000000	2000000	0	0.000000
Asat_OT3098_v2_chr5A	80000000	82000000	2000000	0	0.000000
Asat_OT3098_v2_chr5A	82000000	84000000	2000000	0	0.000000
Asat_OT3098_v2_chr5A	84000000	86000000	2000000	0	0.000000
Asat_OT3098_v2_chr5A	86000000	88000000	2000000	0	0.000000
Asat_OT3098_v2_chr5A	88000000	90000000	2000000	0	0.000000
Asat_OT3098_v2_chr5A	90000000	92000000	2000000	0	0.000000
Asat_OT3098_v2_chr5A	92000000	94000000	2000000	0	0.000000
Asat_OT3098_v2_chr5A	94000000	96000000	2000000	0	0.000000
Asat_OT3098_v2_chr5A	96000000	98000000	2000000	0	0.000000
Asat_OT3098_v2_chr5A	98000000	100000000	2000000	0	0.000000
Asat_OT3098_v2_chr5A	100000000	102000000	2000000	0	0.000000
Asat_OT3098_v2_chr5A	102000000	104000000	2000000	0	0.000000
Asat_OT3098_v2_chr5A	104000000	106000000	2000000	0	0.000000
Asat_OT3098_v2_chr5A	106000000	108000000	2000000	0	0.000000
Asat_OT3098_v2_chr5A	108000000	110000000	2000000	0	0.000000
Asat_OT3098_v2_chr5A	110000000	112000000	2000000	0	0.000000
Asat_OT3098_v2_chr5A	112000000	114000000	2000000	0	0.000000
Asat_OT3098_v2_chr5A	114000000	116000000	2000000	0	0.000000
Asat_OT3098_v2_chr5A	116000000	118000000	2000000	0	0.000000
Asat_OT3098_v2_chr5A	118000000	120000000	2000000	0	0.000000
Asat_OT3098_v2_chr5A	120000000	122000000	2000000	0	0.000000
Asat_OT3098_v2_chr5A	122000000	124000000	2000000	0	0.000000
Asat_OT3098_v2_chr5A	124000000	126000000	2000000	0	0.000000
Asat_OT3098_v2_chr5A	126000000	128000000	2000000	0	0.000000
Asat_OT3098_v2_chr5A	128000000	130000000	2000000	0	0.000000
Asat_OT3098_v2_chr5A	130000000	132000000	2000000	0	0.000000
Asat_OT3098_v2_chr5A	132000000	134000000	2000000	0	0.000000
Asat_OT3098_v2_chr5A	134000000	136000000	2000000	0	0.000000
Asat_OT3098_v2_chr5A	136000000	138000000	2000000	0	0.000000
Asat_OT3098_v2_chr5A	138000000	140000000	2000000	0	0.000000
Asat_OT3098_v2_chr5A	140000000	142000000	2000000	0	0.000000
Asat_OT3098_v2_chr5A	142000000	144000000	2000000	0	0.000000
Asat_OT3098_v2_chr5A	144000000	146000000	2000000	0	0.000000
Asat_OT3098_v2_chr5A	146000000	148000000	2000000	0	0.000000
Asat_OT3098_v2_chr5A	148000000	150000000	2000000	0	0.000000
Asat_OT3098_v2_chr5A	150000000	152000000	2000000	0	0.000000
Asat_OT3098_v2_chr5A	152000000	154000000	2000000	0	0.000000
Asat_OT3098_v2_chr5A	154000000	156000000	2000000	0	0.000000
Asat_OT3098_v2_chr5A	156000000	158000000	2000000	0	0.000000
Asat_OT3098_v2_chr5A	158000000	160000000	2000000	0	0.000000
Asat_OT3098_v2_chr5A	160000000	162000000	2000000	0	0.000000
Asat_OT3098_v2_chr5A	162000000	164000000	2000000	0	0.000000
Asat_OT3098_v2_chr5A	164000000	166000000	2000000	0	0.000000
Asat_OT3098_v2_chr5A	166000000	168000000	2000000	0	0.000000
Asat_OT3098_v2_chr5A	168000000	170000000	2000000	0	0.000000
Asat_OT3098_v2_chr5A	170000000	172000000	2000000	0	0.000000
Asat_OT3098_v2_chr5A	172000000	174000000	2000000	0	0.000000
Asat_OT3098_v2_chr5A	174000000	176000000	2000000	0	0.000000
Asat_OT3098_v2_chr5A	176000000	178000000	2000000	0	0.000000
Asat_OT3098_v2_chr5A	178000000	180000000	2000000	0	0.000000
Asat_OT3098_v2_chr5A	180000000	182000000	2000000	0	0.000000
Asat_OT3098_v2_chr5A	182000000	184000000	2000000	0	0.000000
Asat_OT3098_v2_chr5A	184000000	186000000	2000000	0	0.000000
Asat_OT3098_v2_chr5A	186000000	188000000	2000000	0	0.000000
Asat_OT3098_v2_chr5A	188000000	190000000	2000000	0	0.000000
Asat_OT3098_v2_chr5A	190000000	192000000	2000000	0	0.000000
Asat_OT3098_v2_chr5A	192000000	194000000	2000000	0	0.000000
Asat_OT3098_v2_chr5A	194000000	196000000	2000000	0	0.000000
Asat_OT3098_v2_chr5A	196000000	198000000	2000000	0	0.000000
Asat_OT3098_v2_chr5A	198000000	200000000	2000000	0	0.000000
Asat_OT3098_v2_chr5A	200000000	202000000	2000000	0	0.000000
Asat_OT3098_v2_chr5A	202000000	204000000	2000000	0	0.000000
Asat_OT3098_v2_chr5A	204000000	206000000	2000000	0	0.000000
Asat_OT3098_v2_chr5A	206000000	208000000	2000000	0	0.000000
Asat_OT3098_v2_chr5A	208000000	210000000	2000000	0	0.000000
Asat_OT3098_v2_chr5A	210000000	212000000	2000000	0	0.000000
Asat_OT3098_v2_chr5A	212000000	214000000	2000000	0	0.000000
Asat_OT3098_v2_chr5A	214000000	216000000	2000000	0	0.000000
Asat_OT3098_v2_chr5A	216000000	218000000	2000000	0	0.000000
Asat_OT3098_v2_chr5A	218000000	220000000	2000000	0	0.000000
Asat_OT3098_v2_chr5A	220000000	222000000	2000000	0	0.000000
Asat_OT3098_v2_chr5A	222000000	224000000	2000000	0	0.000000
Asat_OT3098_v2_chr5A	224000000	226000000	2000000	0	0.000000
Asat_OT3098_v2_chr5A	226000000	228000000	2000000	0	0.000000
Asat_OT3098_v2_chr5A	228000000	230000000	2000000	0	0.000000
Asat_OT3098_v2_chr5A	230000000	232000000	2000000	0	0.000000
Asat_OT3098_v2_chr5A	232000000	234000000	2000000	0	0.000000
Asat_OT3098_v2_chr5A	234000000	236000000	2000000	0	0.000000
Asat_OT3098_v2_chr5A	236000000	238000000	2000000	0	0.000000
Asat_OT3098_v2_chr5A	238000000	240000000	2000000	0	0.000000
Asat_OT3098_v2_chr5A	240000000	242000000	2000000	0	0.000000
Asat_OT3098_v2_chr5A	242000000	244000000	2000000	0	0.000000
Asat_OT3098_v2_chr5A	244000000	246000000	2000000	0	0.000000
Asat_OT3098_v2_chr5A	246000000	248000000	2000000	0	0.000000
Asat_OT3098_v2_chr5A	248000000	250000000	2000000	0	0.000000
Asat_OT3098_v2_chr5A	250000000	252000000	2000000	0	0.000000
Asat_OT3098_v2_chr5A	252000000	254000000	2000000	0	0.000000
Asat_OT3098_v2_chr5A	254000000	256000000	2000000	0	0.000000
Asat_OT3098_v2_chr5A	256000000	258000000	2000000	0	0.000000
Asat_OT3098_v2_chr5A	258000000	260000000	2000000	0	0.000000
Asat_OT3098_v2_chr5A	260000000	262000000	2000000	0	0.000000
Asat_OT3098_v2_chr5A	262000000	264000000	2000000	0	0.000000
Asat_OT3098_v2_chr5A	264000000	266000000	2000000	0	0.000000
Asat_OT3098_v2_chr5A	266000000	268000000	2000000	0	0.000000
Asat_OT3098_v2_chr5A	268000000	270000000	2000000	0	0.000000
Asat_OT3098_v2_chr5A	270000000	272000000	2000000	0	0.000000
Asat_OT3098_v2_chr5A	272000000	274000000	2000000	0	0.000000
Asat_OT3098_v2_chr5A	274000000	276000000	2000000	0	0.000000
Asat_OT3098_v2_chr5A	276000000	278000000	2000000	0	0.000000
Asat_OT3098_v2_chr5A	278000000	280000000	2000000	0	0.000000
Asat_OT3098_v2_chr5A	280000000	282000000	2000000	0	0.000000
Asat_OT3098_v2_chr5A	282000000	284000000	2000000	0	0.000000
Asat_OT3098_v2_chr5A	284000000	286000000	2000000	0	0.000000
Asat_OT3098_v2_chr5A	286000000	288000000	2000000	0	0.000000
Asat_OT3098_v2_chr5A	288000000	290000000	2000000	0	0.000000
Asat_OT3098_v2_chr5A	290000000	292000000	2000000	0	0.000000
Asat_OT3098_v2_chr5A	292000000	294000000	2000000	0	0.000000
Asat_OT3098_v2_chr5A	294000000	296000000	2000000	0	0.000000
Asat_OT3098_v2_chr5A	296000000	298000000	2000000	0	0.000000
Asat_OT3098_v2_chr5A	298000000	300000000	2000000	0	0.000000
Asat_OT3098_v2_chr5A	300000000	302000000	2000000	0	0.000000
Asat_OT3098_v2_chr5A	302000000	304000000	2000000	0	0.000000
Asat_OT3098_v2_chr5A	304000000	306000000	2000000	0	0.000000
Asat_OT3098_v2_chr5A	306000000	308000000	2000000	0	0.000000
Asat_OT3098_v2_chr5A	308000000	310000000	2000000	0	0.000000
Asat_OT3098_v2_chr5A	310000000	312000000	2000000	0	0.000000
Asat_OT3098_v2_chr5A	312000000	314000000	2000000	0	0.000000
Asat_OT3098_v2_chr5A	314000000	316000000	2000000	0	0.000000
Asat_OT3098_v2_chr5A	316000000	318000000	2000000	0	0.000000
Asat_OT3098_v2_chr5A	318000000	320000000	2000000	0	0.000000
Asat_OT3098_v2_chr5A	320000000	322000000	2000000	0	0.000000
Asat_OT3098_v2_chr5A	322000000	324000000	2000000	0	0.000000
Asat_OT3098_v2_chr5A	324000000	326000000	2000000	0	0.000000
Asat_OT3098_v2_chr5A	326000000	328000000	2000000	0	0.000000
Asat_OT3098_v2_chr5A	328000000	330000000	2000000	0	0.000000
Asat_OT3098_v2_chr5A	330000000	332000000	2000000	0	0.000000
Asat_OT3098_v2_chr5A	332000000	334000000	2000000	0	0.000000
Asat_OT3098_v2_chr5A	334000000	336000000	2000000	0	0.000000
Asat_OT3098_v2_chr5A	336000000	338000000	2000000	0	0.000000
Asat_OT3098_v2_chr5A	338000000	340000000	2000000	0	0.000000
Asat_OT3098_v2_chr5A	340000000	342000000	2000000	0	0.000000
Asat_OT3098_v2_chr5A	342000000	344000000	2000000	0	0.000000
Asat_OT3098_v2_chr5A	344000000	346000000	2000000	0	0.000000
Asat_OT3098_v2_chr5A	346000000	348000000	2000000	0	0.000000
Asat_OT3098_v2_chr5A	348000000	350000000	2000000	0	0.000000
Asat_OT3098_v2_chr5A	350000000	352000000	2000000	0	0.000000
Asat_OT3098_v2_chr5A	352000000	354000000	2000000	0	0.000000
Asat_OT3098_v2_chr5A	354000000	356000000	2000000	0	0.000000
Asat_OT3098_v2_chr5A	356000000	358000000	2000000	0	0.000000
Asat_OT3098_v2_chr5A	358000000	360000000	2000000	0	0.000000
Asat_OT3098_v2_chr5A	360000000	362000000	2000000	0	0.000000
Asat_OT3098_v2_chr5A	362000000	364000000	2000000	0	0.000000
Asat_OT3098_v2_chr5A	364000000	366000000	2000000	0	0.000000
Asat_OT3098_v2_chr5A	366000000	368000000	2000000	0	0.000000
Asat_OT3098_v2_chr5A	368000000	370000000	2000000	0	0.000000
Asat_OT3098_v2_chr5A	370000000	372000000	2000000	0	0.000000
Asat_OT3098_v2_chr5A	372000000	374000000	2000000	0	0.000000
Asat_OT3098_v2_chr5A	374000000	376000000	2000000	0	0.000000
Asat_OT3098_v2_chr5A	376000000	378000000	2000000	0	0.000000
Asat_OT3098_v2_chr5A	378000000	380000000	2000000	0	0.000000
Asat_OT3098_v2_chr5A	380000000	382000000	2000000	0	0.000000
Asat_OT3098_v2_chr5A	382000000	384000000	2000000	0	0.000000
Asat_OT3098_v2_chr5A	384000000	386000000	2000000	0	0.000000
Asat_OT3098_v2_chr5A	386000000	388000000	2000000	0	0.000000
Asat_OT3098_v2_chr5A	388000000	390000000	2000000	0	0.000000
Asat_OT3098_v2_chr5A	390000000	392000000	2000000	0	0.000000
Asat_OT3098_v2_chr5A	392000000	394000000	2000000	0	0.000000
Asat_OT3098_v2_chr5A	394000000	396000000	2000000	0	0.000000
Asat_OT3098_v2_chr5A	396000000	398000000	2000000	0	0.000000
Asat_OT3098_v2_chr5A	398000000	400000000	2000000	0	0.000000
Asat_OT3098_v2_chr5A	400000000	402000000	2000000	0	0.000000
Asat_OT3098_v2_chr5A	402000000	404000000	2000000	0	0.000000
Asat_OT3098_v2_chr5A	404000000	406000000	2000000	0	0.000000
Asat_OT3098_v2_chr5A	406000000	408000000	2000000	0	0.000000
Asat_OT3098_v2_chr5A	408000000	410000000	2000000	0	0.000000
Asat_OT3098_v2_chr5A	410000000	412000000	2000000	0	0.000000
Asat_OT3098_v2_chr5A	412000000	414000000	2000000	0	0.000000
Asat_OT3098_v2_chr5A	414000000	416000000	2000000	0	0.000000
Asat_OT3098_v2_chr5A	416000000	418000000	2000000	0	0.000000
Asat_OT3098_v2_chr5A	418000000	420000000	2000000	0	0.000000
Asat_OT3098_v2_chr5A	420000000	422000000	2000000	0	0.000000
Asat_OT3098_v2_chr5A	422000000	424000000	2000000	0	0.000000
Asat_OT3098_v2_chr5A	424000000	426000000	2000000	0	0.000000
Asat_OT3098_v2_chr5A	426000000	428000000	2000000	0	0.000000
Asat_OT3098_v2_chr5A	428000000	430000000	2000000	0	0.000000
Asat_OT3098_v2_chr5A	430000000	432000000	2000000	0	0.000000
Asat_OT3098_v2_chr5A	432000000	434000000	2000000	0	0.000000
Asat_OT3098_v2_chr5A	434000000	436000000	2000000	0	0.000000
Asat_OT3098_v2_chr5A	436000000	438000000	2000000	0	0.000000
Asat_OT3098_v2_chr5A	438000000	440000000	2000000	0	0.000000
Asat_OT3098_v2_chr5A	440000000	442000000	2000000	0	0.000000
Asat_OT3098_v2_chr5A	442000000	444000000	2000000	0	0.000000
Asat_OT3098_v2_chr5A	444000000	446000000	2000000	0	0.000000
Asat_OT3098_v2_chr5A	446000000	448000000	2000000	0	0.000000
Asat_OT3098_v2_chr5A	448000000	450000000	2000000	0	0.000000
Asat_OT3098_v2_chr5A	450000000	452000000	2000000	0	0.000000
Asat_OT3098_v2_chr5A	452000000	454000000	2000000	0	0.000000
Asat_OT3098_v2_chr5A	454000000	456000000	2000000	0	0.000000
Asat_OT3098_v2_chr5A	456000000	458000000	2000000	0	0.000000
Asat_OT3098_v2_chr5A	458000000	460000000	2000000	0	0.000000
Asat_OT3098_v2_chr5A	460000000	462000000	2000000	0	0.000000
Asat_OT3098_v2_chr5A	462000000	464000000	2000000	0	0.000000
Asat_OT3098_v2_chr5A	464000000	466000000	2000000	0	0.000000
Asat_OT3098_v2_chr5A	466000000	468000000	2000000	0	0.000000
Asat_OT3098_v2_chr5A	468000000	470000000	2000000	0	0.000000
Asat_OT3098_v2_chr5A	470000000	472000000	2000000	0	0.000000
Asat_OT3098_v2_chr5A	472000000	474000000	2000000	0	0.000000
Asat_OT3098_v2_chr5A	474000000	476000000	2000000	0	0.000000
Asat_OT3098_v2_chr5A	476000000	478000000	2000000	0	0.000000
Asat_OT3098_v2_chr5A	478000000	480000000	2000000	0	0.000000
Asat_OT3098_v2_chr5A	480000000	482000000	2000000	0	0.000000
Asat_OT3098_v2_chr5A	482000000	484000000	2000000	0	0.000000
Asat_OT3098_v2_chr5A	484000000	485323027	1323027	0	0.000000
Asat_OT3098_v2_chr5C	0	2000000	2000000	20843	0.010422
Asat_OT3098_v2_chr5C	2000000	4000000	2000000	10313	0.005156
Asat_OT3098_v2_chr5C	4000000	6000000	2000000	34814	0.017407
Asat_OT3098_v2_chr5C	6000000	8000000	2000000	73214	0.036607
Asat_OT3098_v2_chr5C	8000000	10000000	2000000	340	0.000170
Asat_OT3098_v2_chr5C	10000000	12000000	2000000	11760	0.005880
Asat_OT3098_v2_chr5C	12000000	14000000	2000000	26120	0.013060
Asat_OT3098_v2_chr5C	14000000	16000000	2000000	9742	0.004871
Asat_OT3098_v2_chr5C	16000000	18000000	2000000	81301	0.040650
Asat_OT3098_v2_chr5C	18000000	20000000	2000000	46	0.000023
Asat_OT3098_v2_chr5C	20000000	22000000	2000000	133842	0.066921
Asat_OT3098_v2_chr5C	22000000	24000000	2000000	14366	0.007183
Asat_OT3098_v2_chr5C	24000000	26000000	2000000	23862	0.011931
Asat_OT3098_v2_chr5C	26000000	28000000	2000000	93284	0.046642
Asat_OT3098_v2_chr5C	28000000	30000000	2000000	30745	0.015373
Asat_OT3098_v2_chr5C	30000000	32000000	2000000	1518	0.000759
Asat_OT3098_v2_chr5C	32000000	34000000	2000000	4282	0.002141
Asat_OT3098_v2_chr5C	34000000	36000000	2000000	29264	0.014632
Asat_OT3098_v2_chr5C	36000000	38000000	2000000	18378	0.009189
Asat_OT3098_v2_chr5C	38000000	40000000	2000000	126844	0.063422
Asat_OT3098_v2_chr5C	40000000	42000000	2000000	74877	0.037438
Asat_OT3098_v2_chr5C	42000000	44000000	2000000	962	0.000481
Asat_OT3098_v2_chr5C	44000000	46000000	2000000	130164	0.065082
Asat_OT3098_v2_chr5C	46000000	48000000	2000000	29912	0.014956
Asat_OT3098_v2_chr5C	48000000	50000000	2000000	147431	0.073716
Asat_OT3098_v2_chr5C	50000000	52000000	2000000	26338	0.013169
Asat_OT3098_v2_chr5C	52000000	54000000	2000000	3904	0.001952
Asat_OT3098_v2_chr5C	54000000	56000000	2000000	21305	0.010653
Asat_OT3098_v2_chr5C	56000000	58000000	2000000	8716	0.004358
Asat_OT3098_v2_chr5C	58000000	60000000	2000000	4987	0.002494
Asat_OT3098_v2_chr5C	60000000	62000000	2000000	10944	0.005472
Asat_OT3098_v2_chr5C	62000000	64000000	2000000	2319	0.001159
Asat_OT3098_v2_chr5C	64000000	66000000	2000000	3811	0.001906
Asat_OT3098_v2_chr5C	66000000	68000000	2000000	11826	0.005913
Asat_OT3098_v2_chr5C	68000000	70000000	2000000	14479	0.007240
Asat_OT3098_v2_chr5C	70000000	72000000	2000000	7090	0.003545
Asat_OT3098_v2_chr5C	72000000	74000000	2000000	21686	0.010843
Asat_OT3098_v2_chr5C	74000000	76000000	2000000	1219	0.000610
Asat_OT3098_v2_chr5C	76000000	78000000	2000000	17722	0.008861
Asat_OT3098_v2_chr5C	78000000	80000000	2000000	287	0.000143
Asat_OT3098_v2_chr5C	80000000	82000000	2000000	213941	0.106970
Asat_OT3098_v2_chr5C	82000000	84000000	2000000	66986	0.033493
Asat_OT3098_v2_chr5C	84000000	86000000	2000000	39688	0.019844
Asat_OT3098_v2_chr5C	86000000	88000000	2000000	12834	0.006417
Asat_OT3098_v2_chr5C	88000000	90000000	2000000	32931	0.016466
Asat_OT3098_v2_chr5C	90000000	92000000	2000000	35707	0.017854
Asat_OT3098_v2_chr5C	92000000	94000000	2000000	23662	0.011831
Asat_OT3098_v2_chr5C	94000000	96000000	2000000	19408	0.009704
Asat_OT3098_v2_chr5C	96000000	98000000	2000000	47888	0.023944
Asat_OT3098_v2_chr5C	98000000	100000000	2000000	26243	0.013121
Asat_OT3098_v2_chr5C	100000000	102000000	2000000	68750	0.034375
Asat_OT3098_v2_chr5C	102000000	104000000	2000000	1301	0.000651
Asat_OT3098_v2_chr5C	104000000	106000000	2000000	1252	0.000626
Asat_OT3098_v2_chr5C	106000000	108000000	2000000	27379	0.013690
Asat_OT3098_v2_chr5C	108000000	110000000	2000000	33893	0.016946
Asat_OT3098_v2_chr5C	110000000	112000000	2000000	13575	0.006788
Asat_OT3098_v2_chr5C	112000000	114000000	2000000	8525	0.004262
Asat_OT3098_v2_chr5C	114000000	116000000	2000000	6721	0.003361
Asat_OT3098_v2_chr5C	116000000	118000000	2000000	14705	0.007352
Asat_OT3098_v2_chr5C	118000000	120000000	2000000	1598	0.000799
Asat_OT3098_v2_chr5C	120000000	122000000	2000000	24233	0.012117
Asat_OT3098_v2_chr5C	122000000	124000000	2000000	10178	0.005089
Asat_OT3098_v2_chr5C	124000000	126000000	2000000	14757	0.007378
Asat_OT3098_v2_chr5C	126000000	128000000	2000000	3231	0.001615
Asat_OT3098_v2_chr5C	128000000	130000000	2000000	819	0.000409
Asat_OT3098_v2_chr5C	130000000	132000000	2000000	2056	0.001028
Asat_OT3098_v2_chr5C	132000000	134000000	2000000	4232	0.002116
Asat_OT3098_v2_chr5C	134000000	136000000	2000000	20752	0.010376
Asat_OT3098_v2_chr5C	136000000	138000000	2000000	20459	0.010230
Asat_OT3098_v2_chr5C	138000000	140000000	2000000	4733	0.002367
Asat_OT3098_v2_chr5C	140000000	142000000	2000000	6369	0.003184
Asat_OT3098_v2_chr5C	142000000	144000000	2000000	42609	0.021305
Asat_OT3098_v2_chr5C	144000000	146000000	2000000	0	0.000000
Asat_OT3098_v2_chr5C	146000000	148000000	2000000	12994	0.006497
Asat_OT3098_v2_chr5C	148000000	150000000	2000000	16239	0.008119
Asat_OT3098_v2_chr5C	150000000	152000000	2000000	12118	0.006059
Asat_OT3098_v2_chr5C	152000000	154000000	2000000	0	0.000000
Asat_OT3098_v2_chr5C	154000000	156000000	2000000	1208	0.000604
Asat_OT3098_v2_chr5C	156000000	158000000	2000000	21098	0.010549
Asat_OT3098_v2_chr5C	158000000	160000000	2000000	535	0.000267
Asat_OT3098_v2_chr5C	160000000	162000000	2000000	32157	0.016078
Asat_OT3098_v2_chr5C	162000000	164000000	2000000	37089	0.018544
Asat_OT3098_v2_chr5C	164000000	166000000	2000000	4574	0.002287
Asat_OT3098_v2_chr5C	166000000	168000000	2000000	4081	0.002041
Asat_OT3098_v2_chr5C	168000000	170000000	2000000	30422	0.015211
Asat_OT3098_v2_chr5C	170000000	172000000	2000000	30924	0.015462
Asat_OT3098_v2_chr5C	172000000	174000000	2000000	29557	0.014778
Asat_OT3098_v2_chr5C	174000000	176000000	2000000	4737	0.002368
Asat_OT3098_v2_chr5C	176000000	178000000	2000000	1987	0.000994
Asat_OT3098_v2_chr5C	178000000	180000000	2000000	9385	0.004692
Asat_OT3098_v2_chr5C	180000000	182000000	2000000	13111	0.006555
Asat_OT3098_v2_chr5C	182000000	184000000	2000000	19506	0.009753
Asat_OT3098_v2_chr5C	184000000	186000000	2000000	2178	0.001089
Asat_OT3098_v2_chr5C	186000000	188000000	2000000	16531	0.008266
Asat_OT3098_v2_chr5C	188000000	190000000	2000000	43635	0.021818
Asat_OT3098_v2_chr5C	190000000	192000000	2000000	9685	0.004842
Asat_OT3098_v2_chr5C	192000000	194000000	2000000	3550	0.001775
Asat_OT3098_v2_chr5C	194000000	196000000	2000000	7884	0.003942
Asat_OT3098_v2_chr5C	196000000	198000000	2000000	28515	0.014257
Asat_OT3098_v2_chr5C	198000000	200000000	2000000	10697	0.005348
Asat_OT3098_v2_chr5C	200000000	202000000	2000000	11436	0.005718
Asat_OT3098_v2_chr5C	202000000	204000000	2000000	139274	0.069637
Asat_OT3098_v2_chr5C	204000000	206000000	2000000	41671	0.020835
Asat_OT3098_v2_chr5C	206000000	208000000	2000000	12267	0.006134
Asat_OT3098_v2_chr5C	208000000	210000000	2000000	5126	0.002563
Asat_OT3098_v2_chr5C	210000000	212000000	2000000	30267	0.015133
Asat_OT3098_v2_chr5C	212000000	214000000	2000000	29794	0.014897
Asat_OT3098_v2_chr5C	214000000	216000000	2000000	8431	0.004215
Asat_OT3098_v2_chr5C	216000000	218000000	2000000	66132	0.033066
Asat_OT3098_v2_chr5C	218000000	220000000	2000000	20571	0.010285
Asat_OT3098_v2_chr5C	220000000	222000000	2000000	46377	0.023189
Asat_OT3098_v2_chr5C	222000000	224000000	2000000	6147	0.003073
Asat_OT3098_v2_chr5C	224000000	226000000	2000000	8174	0.004087
Asat_OT3098_v2_chr5C	226000000	228000000	2000000	5083	0.002541
Asat_OT3098_v2_chr5C	228000000	230000000	2000000	2195	0.001097
Asat_OT3098_v2_chr5C	230000000	232000000	2000000	19032	0.009516
Asat_OT3098_v2_chr5C	232000000	234000000	2000000	5513	0.002756
Asat_OT3098_v2_chr5C	234000000	236000000	2000000	8244	0.004122
Asat_OT3098_v2_chr5C	236000000	238000000	2000000	8251	0.004125
Asat_OT3098_v2_chr5C	238000000	240000000	2000000	24121	0.012061
Asat_OT3098_v2_chr5C	240000000	242000000	2000000	8923	0.004462
Asat_OT3098_v2_chr5C	242000000	244000000	2000000	15649	0.007824
Asat_OT3098_v2_chr5C	244000000	246000000	2000000	26968	0.013484
Asat_OT3098_v2_chr5C	246000000	248000000	2000000	7385	0.003693
Asat_OT3098_v2_chr5C	248000000	250000000	2000000	11377	0.005688
Asat_OT3098_v2_chr5C	250000000	252000000	2000000	16400	0.008200
Asat_OT3098_v2_chr5C	252000000	254000000	2000000	23201	0.011600
Asat_OT3098_v2_chr5C	254000000	256000000	2000000	20155	0.010077
Asat_OT3098_v2_chr5C	256000000	258000000	2000000	3334	0.001667
Asat_OT3098_v2_chr5C	258000000	260000000	2000000	29831	0.014915
Asat_OT3098_v2_chr5C	260000000	262000000	2000000	70464	0.035232
Asat_OT3098_v2_chr5C	262000000	264000000	2000000	6047	0.003024
Asat_OT3098_v2_chr5C	264000000	266000000	2000000	66575	0.033287
Asat_OT3098_v2_chr5C	266000000	268000000	2000000	54212	0.027106
Asat_OT3098_v2_chr5C	268000000	270000000	2000000	25654	0.012827
Asat_OT3098_v2_chr5C	270000000	272000000	2000000	21462	0.010731
Asat_OT3098_v2_chr5C	272000000	274000000	2000000	1324	0.000662
Asat_OT3098_v2_chr5C	274000000	276000000	2000000	15041	0.007521
Asat_OT3098_v2_chr5C	276000000	278000000	2000000	1839	0.000919
Asat_OT3098_v2_chr5C	278000000	280000000	2000000	10674	0.005337
Asat_OT3098_v2_chr5C	280000000	282000000	2000000	48365	0.024182
Asat_OT3098_v2_chr5C	282000000	284000000	2000000	21343	0.010672
Asat_OT3098_v2_chr5C	284000000	286000000	2000000	13272	0.006636
Asat_OT3098_v2_chr5C	286000000	288000000	2000000	4083	0.002041
Asat_OT3098_v2_chr5C	288000000	290000000	2000000	1421	0.000710
Asat_OT3098_v2_chr5C	290000000	292000000	2000000	5146	0.002573
Asat_OT3098_v2_chr5C	292000000	294000000	2000000	68081	0.034041
Asat_OT3098_v2_chr5C	294000000	296000000	2000000	43804	0.021902
Asat_OT3098_v2_chr5C	296000000	298000000	2000000	40008	0.020004
Asat_OT3098_v2_chr5C	298000000	300000000	2000000	7270	0.003635
Asat_OT3098_v2_chr5C	300000000	302000000	2000000	51983	0.025992
Asat_OT3098_v2_chr5C	302000000	304000000	2000000	50872	0.025436
Asat_OT3098_v2_chr5C	304000000	306000000	2000000	57100	0.028550
Asat_OT3098_v2_chr5C	306000000	308000000	2000000	10007	0.005004
Asat_OT3098_v2_chr5C	308000000	310000000	2000000	6366	0.003183
Asat_OT3098_v2_chr5C	310000000	312000000	2000000	3262	0.001631
Asat_OT3098_v2_chr5C	312000000	314000000	2000000	5397	0.002698
Asat_OT3098_v2_chr5C	314000000	316000000	2000000	11689	0.005844
Asat_OT3098_v2_chr5C	316000000	318000000	2000000	15324	0.007662
Asat_OT3098_v2_chr5C	318000000	320000000	2000000	12273	0.006136
Asat_OT3098_v2_chr5C	320000000	322000000	2000000	93470	0.046735
Asat_OT3098_v2_chr5C	322000000	324000000	2000000	19053	0.009527
Asat_OT3098_v2_chr5C	324000000	326000000	2000000	39769	0.019884
Asat_OT3098_v2_chr5C	326000000	328000000	2000000	2986	0.001493
Asat_OT3098_v2_chr5C	328000000	330000000	2000000	74991	0.037496
Asat_OT3098_v2_chr5C	330000000	332000000	2000000	32004	0.016002
Asat_OT3098_v2_chr5C	332000000	334000000	2000000	14230	0.007115
Asat_OT3098_v2_chr5C	334000000	336000000	2000000	6640	0.003320
Asat_OT3098_v2_chr5C	336000000	338000000	2000000	24997	0.012498
Asat_OT3098_v2_chr5C	338000000	340000000	2000000	2545	0.001272
Asat_OT3098_v2_chr5C	340000000	342000000	2000000	60438	0.030219
Asat_OT3098_v2_chr5C	342000000	344000000	2000000	20085	0.010042
Asat_OT3098_v2_chr5C	344000000	346000000	2000000	32671	0.016335
Asat_OT3098_v2_chr5C	346000000	348000000	2000000	5049	0.002524
Asat_OT3098_v2_chr5C	348000000	350000000	2000000	4605	0.002302
Asat_OT3098_v2_chr5C	350000000	352000000	2000000	11105	0.005553
Asat_OT3098_v2_chr5C	352000000	354000000	2000000	18088	0.009044
Asat_OT3098_v2_chr5C	354000000	356000000	2000000	19613	0.009806
Asat_OT3098_v2_chr5C	356000000	358000000	2000000	1855	0.000928
Asat_OT3098_v2_chr5C	358000000	360000000	2000000	8095	0.004047
Asat_OT3098_v2_chr5C	360000000	362000000	2000000	29839	0.014920
Asat_OT3098_v2_chr5C	362000000	364000000	2000000	14046	0.007023
Asat_OT3098_v2_chr5C	364000000	366000000	2000000	59936	0.029968
Asat_OT3098_v2_chr5C	366000000	368000000	2000000	22179	0.011090
Asat_OT3098_v2_chr5C	368000000	370000000	2000000	3823	0.001912
Asat_OT3098_v2_chr5C	370000000	372000000	2000000	31715	0.015858
Asat_OT3098_v2_chr5C	372000000	374000000	2000000	4818	0.002409
Asat_OT3098_v2_chr5C	374000000	376000000	2000000	17483	0.008741
Asat_OT3098_v2_chr5C	376000000	378000000	2000000	13695	0.006848
Asat_OT3098_v2_chr5C	378000000	380000000	2000000	4206	0.002103
Asat_OT3098_v2_chr5C	380000000	382000000	2000000	5112	0.002556
Asat_OT3098_v2_chr5C	382000000	384000000	2000000	40474	0.020237
Asat_OT3098_v2_chr5C	384000000	386000000	2000000	9535	0.004768
Asat_OT3098_v2_chr5C	386000000	388000000	2000000	19543	0.009772
Asat_OT3098_v2_chr5C	388000000	390000000	2000000	1296	0.000648
Asat_OT3098_v2_chr5C	390000000	392000000	2000000	21476	0.010738
Asat_OT3098_v2_chr5C	392000000	394000000	2000000	3908	0.001954
Asat_OT3098_v2_chr5C	394000000	396000000	2000000	47823	0.023911
Asat_OT3098_v2_chr5C	396000000	398000000	2000000	82023	0.041011
Asat_OT3098_v2_chr5C	398000000	400000000	2000000	1417	0.000709
Asat_OT3098_v2_chr5C	400000000	402000000	2000000	9506	0.004753
Asat_OT3098_v2_chr5C	402000000	404000000	2000000	98	0.000049
Asat_OT3098_v2_chr5C	404000000	406000000	2000000	9463	0.004731
Asat_OT3098_v2_chr5C	406000000	408000000	2000000	22332	0.011166
Asat_OT3098_v2_chr5C	408000000	410000000	2000000	26931	0.013466
Asat_OT3098_v2_chr5C	410000000	412000000	2000000	16769	0.008384
Asat_OT3098_v2_chr5C	412000000	414000000	2000000	197144	0.098572
Asat_OT3098_v2_chr5C	414000000	416000000	2000000	1029	0.000514
Asat_OT3098_v2_chr5C	416000000	418000000	2000000	5821	0.002910
Asat_OT3098_v2_chr5C	418000000	420000000	2000000	2001	0.001001
Asat_OT3098_v2_chr5C	420000000	422000000	2000000	28580	0.014290
Asat_OT3098_v2_chr5C	422000000	424000000	2000000	22016	0.011008
Asat_OT3098_v2_chr5C	424000000	426000000	2000000	23995	0.011997
Asat_OT3098_v2_chr5C	426000000	428000000	2000000	2305	0.001153
Asat_OT3098_v2_chr5C	428000000	430000000	2000000	31696	0.015848
Asat_OT3098_v2_chr5C	430000000	432000000	2000000	11552	0.005776
Asat_OT3098_v2_chr5C	432000000	434000000	2000000	16771	0.008386
Asat_OT3098_v2_chr5C	434000000	436000000	2000000	15789	0.007895
Asat_OT3098_v2_chr5C	436000000	438000000	2000000	96360	0.048180
Asat_OT3098_v2_chr5C	438000000	440000000	2000000	0	0.000000
Asat_OT3098_v2_chr5C	440000000	442000000	2000000	63455	0.031727
Asat_OT3098_v2_chr5C	442000000	444000000	2000000	1305	0.000652
Asat_OT3098_v2_chr5C	444000000	446000000	2000000	10516	0.005258
Asat_OT3098_v2_chr5C	446000000	448000000	2000000	0	0.000000
Asat_OT3098_v2_chr5C	448000000	450000000	2000000	24101	0.012051
Asat_OT3098_v2_chr5C	450000000	452000000	2000000	0	0.000000
Asat_OT3098_v2_chr5C	452000000	454000000	2000000	11774	0.005887
Asat_OT3098_v2_chr5C	454000000	456000000	2000000	190	0.000095
Asat_OT3098_v2_chr5C	456000000	458000000	2000000	1118	0.000559
Asat_OT3098_v2_chr5C	458000000	460000000	2000000	3095	0.001548
Asat_OT3098_v2_chr5C	460000000	462000000	2000000	7873	0.003936
Asat_OT3098_v2_chr5C	462000000	464000000	2000000	6235	0.003118
Asat_OT3098_v2_chr5C	464000000	466000000	2000000	3918	0.001959
Asat_OT3098_v2_chr5C	466000000	468000000	2000000	2931	0.001466
Asat_OT3098_v2_chr5C	468000000	470000000	2000000	19511	0.009756
Asat_OT3098_v2_chr5C	470000000	472000000	2000000	0	0.000000
Asat_OT3098_v2_chr5C	472000000	474000000	2000000	10467	0.005234
Asat_OT3098_v2_chr5C	474000000	476000000	2000000	1264	0.000632
Asat_OT3098_v2_chr5C	476000000	478000000	2000000	674	0.000337
Asat_OT3098_v2_chr5C	478000000	480000000	2000000	0	0.000000
Asat_OT3098_v2_chr5C	480000000	482000000	2000000	4839	0.002420
Asat_OT3098_v2_chr5C	482000000	484000000	2000000	6390	0.003195
Asat_OT3098_v2_chr5C	484000000	486000000	2000000	2197	0.001099
Asat_OT3098_v2_chr5C	486000000	488000000	2000000	35116	0.017558
Asat_OT3098_v2_chr5C	488000000	490000000	2000000	1749	0.000874
Asat_OT3098_v2_chr5C	490000000	492000000	2000000	53682	0.026841
Asat_OT3098_v2_chr5C	492000000	494000000	2000000	539	0.000269
Asat_OT3098_v2_chr5C	494000000	496000000	2000000	0	0.000000
Asat_OT3098_v2_chr5C	496000000	498000000	2000000	3631	0.001816
Asat_OT3098_v2_chr5C	498000000	500000000	2000000	12854	0.006427
Asat_OT3098_v2_chr5C	500000000	502000000	2000000	3392	0.001696
Asat_OT3098_v2_chr5C	502000000	504000000	2000000	1558	0.000779
Asat_OT3098_v2_chr5C	504000000	506000000	2000000	32248	0.016124
Asat_OT3098_v2_chr5C	506000000	508000000	2000000	16377	0.008188
Asat_OT3098_v2_chr5C	508000000	510000000	2000000	6751	0.003376
Asat_OT3098_v2_chr5C	510000000	512000000	2000000	12602	0.006301
Asat_OT3098_v2_chr5C	512000000	514000000	2000000	0	0.000000
Asat_OT3098_v2_chr5C	514000000	516000000	2000000	2914	0.001457
Asat_OT3098_v2_chr5C	516000000	518000000	2000000	0	0.000000
Asat_OT3098_v2_chr5C	518000000	520000000	2000000	22447	0.011224
Asat_OT3098_v2_chr5C	520000000	522000000	2000000	73163	0.036582
Asat_OT3098_v2_chr5C	522000000	524000000	2000000	192	0.000096
Asat_OT3098_v2_chr5C	524000000	526000000	2000000	19484	0.009742
Asat_OT3098_v2_chr5C	526000000	528000000	2000000	0	0.000000
Asat_OT3098_v2_chr5C	528000000	530000000	2000000	1757	0.000879
Asat_OT3098_v2_chr5C	530000000	532000000	2000000	8845	0.004423
Asat_OT3098_v2_chr5C	532000000	534000000	2000000	1020	0.000510
Asat_OT3098_v2_chr5C	534000000	536000000	2000000	10543	0.005272
Asat_OT3098_v2_chr5C	536000000	538000000	2000000	2083	0.001042
Asat_OT3098_v2_chr5C	538000000	540000000	2000000	13144	0.006572
Asat_OT3098_v2_chr5C	540000000	542000000	2000000	16146	0.008073
Asat_OT3098_v2_chr5C	542000000	544000000	2000000	0	0.000000
Asat_OT3098_v2_chr5C	544000000	546000000	2000000	0	0.000000
Asat_OT3098_v2_chr5C	546000000	548000000	2000000	2542	0.001271
Asat_OT3098_v2_chr5C	548000000	550000000	2000000	6246	0.003123
Asat_OT3098_v2_chr5C	550000000	552000000	2000000	0	0.000000
Asat_OT3098_v2_chr5C	552000000	554000000	2000000	105342	0.052671
Asat_OT3098_v2_chr5C	554000000	556000000	2000000	14283	0.007142
Asat_OT3098_v2_chr5C	556000000	558000000	2000000	0	0.000000
Asat_OT3098_v2_chr5C	558000000	560000000	2000000	0	0.000000
Asat_OT3098_v2_chr5C	560000000	562000000	2000000	5184	0.002592
Asat_OT3098_v2_chr5C	562000000	564000000	2000000	0	0.000000
Asat_OT3098_v2_chr5C	564000000	566000000	2000000	3781	0.001891
Asat_OT3098_v2_chr5C	566000000	568000000	2000000	2273	0.001136
Asat_OT3098_v2_chr5C	568000000	570000000	2000000	0	0.000000
Asat_OT3098_v2_chr5C	570000000	572000000	2000000	0	0.000000
Asat_OT3098_v2_chr5C	572000000	574000000	2000000	26746	0.013373
Asat_OT3098_v2_chr5C	574000000	576000000	2000000	39449	0.019724
Asat_OT3098_v2_chr5C	576000000	578000000	2000000	0	0.000000
Asat_OT3098_v2_chr5C	578000000	580000000	2000000	343	0.000171
Asat_OT3098_v2_chr5C	580000000	582000000	2000000	2860	0.001430
Asat_OT3098_v2_chr5C	582000000	584000000	2000000	0	0.000000
Asat_OT3098_v2_chr5C	584000000	586000000	2000000	1279	0.000639
Asat_OT3098_v2_chr5C	586000000	588000000	2000000	146	0.000073
Asat_OT3098_v2_chr5C	588000000	590000000	2000000	9688	0.004844
Asat_OT3098_v2_chr5C	590000000	592000000	2000000	0	0.000000
Asat_OT3098_v2_chr5C	592000000	594000000	2000000	1171	0.000585
Asat_OT3098_v2_chr5C	594000000	596000000	2000000	3519	0.001759
Asat_OT3098_v2_chr5C	596000000	598000000	2000000	4450	0.002225
Asat_OT3098_v2_chr5C	598000000	600000000	2000000	11194	0.005597
Asat_OT3098_v2_chr5C	600000000	602000000	2000000	0	0.000000
Asat_OT3098_v2_chr5C	602000000	604000000	2000000	0	0.000000
Asat_OT3098_v2_chr5C	604000000	606000000	2000000	1693	0.000847
Asat_OT3098_v2_chr5C	606000000	608000000	2000000	0	0.000000
Asat_OT3098_v2_chr5C	608000000	610000000	2000000	0	0.000000
Asat_OT3098_v2_chr5C	610000000	612000000	2000000	7347	0.003674
Asat_OT3098_v2_chr5C	612000000	613160974	1160974	0	0.000000
Asat_OT3098_v2_chr5D	0	2000000	2000000	0	0.000000
Asat_OT3098_v2_chr5D	2000000	4000000	2000000	0	0.000000
Asat_OT3098_v2_chr5D	4000000	6000000	2000000	0	0.000000
Asat_OT3098_v2_chr5D	6000000	8000000	2000000	0	0.000000
Asat_OT3098_v2_chr5D	8000000	10000000	2000000	0	0.000000
Asat_OT3098_v2_chr5D	10000000	12000000	2000000	0	0.000000
Asat_OT3098_v2_chr5D	12000000	14000000	2000000	0	0.000000
Asat_OT3098_v2_chr5D	14000000	16000000	2000000	0	0.000000
Asat_OT3098_v2_chr5D	16000000	18000000	2000000	0	0.000000
Asat_OT3098_v2_chr5D	18000000	20000000	2000000	0	0.000000
Asat_OT3098_v2_chr5D	20000000	22000000	2000000	0	0.000000
Asat_OT3098_v2_chr5D	22000000	24000000	2000000	0	0.000000
Asat_OT3098_v2_chr5D	24000000	26000000	2000000	0	0.000000
Asat_OT3098_v2_chr5D	26000000	28000000	2000000	0	0.000000
Asat_OT3098_v2_chr5D	28000000	30000000	2000000	0	0.000000
Asat_OT3098_v2_chr5D	30000000	32000000	2000000	0	0.000000
Asat_OT3098_v2_chr5D	32000000	34000000	2000000	0	0.000000
Asat_OT3098_v2_chr5D	34000000	36000000	2000000	0	0.000000
Asat_OT3098_v2_chr5D	36000000	38000000	2000000	0	0.000000
Asat_OT3098_v2_chr5D	38000000	40000000	2000000	0	0.000000
Asat_OT3098_v2_chr5D	40000000	42000000	2000000	0	0.000000
Asat_OT3098_v2_chr5D	42000000	44000000	2000000	0	0.000000
Asat_OT3098_v2_chr5D	44000000	46000000	2000000	0	0.000000
Asat_OT3098_v2_chr5D	46000000	48000000	2000000	0	0.000000
Asat_OT3098_v2_chr5D	48000000	50000000	2000000	0	0.000000
Asat_OT3098_v2_chr5D	50000000	52000000	2000000	0	0.000000
Asat_OT3098_v2_chr5D	52000000	54000000	2000000	0	0.000000
Asat_OT3098_v2_chr5D	54000000	56000000	2000000	0	0.000000
Asat_OT3098_v2_chr5D	56000000	58000000	2000000	0	0.000000
Asat_OT3098_v2_chr5D	58000000	60000000	2000000	0	0.000000
Asat_OT3098_v2_chr5D	60000000	62000000	2000000	0	0.000000
Asat_OT3098_v2_chr5D	62000000	64000000	2000000	0	0.000000
Asat_OT3098_v2_chr5D	64000000	66000000	2000000	0	0.000000
Asat_OT3098_v2_chr5D	66000000	68000000	2000000	0	0.000000
Asat_OT3098_v2_chr5D	68000000	70000000	2000000	0	0.000000
Asat_OT3098_v2_chr5D	70000000	72000000	2000000	0	0.000000
Asat_OT3098_v2_chr5D	72000000	74000000	2000000	0	0.000000
Asat_OT3098_v2_chr5D	74000000	76000000	2000000	0	0.000000
Asat_OT3098_v2_chr5D	76000000	78000000	2000000	0	0.000000
Asat_OT3098_v2_chr5D	78000000	80000000	2000000	0	0.000000
Asat_OT3098_v2_chr5D	80000000	82000000	2000000	0	0.000000
Asat_OT3098_v2_chr5D	82000000	84000000	2000000	0	0.000000
Asat_OT3098_v2_chr5D	84000000	86000000	2000000	0	0.000000
Asat_OT3098_v2_chr5D	86000000	88000000	2000000	0	0.000000
Asat_OT3098_v2_chr5D	88000000	90000000	2000000	0	0.000000
Asat_OT3098_v2_chr5D	90000000	92000000	2000000	0	0.000000
Asat_OT3098_v2_chr5D	92000000	94000000	2000000	0	0.000000
Asat_OT3098_v2_chr5D	94000000	96000000	2000000	0	0.000000
Asat_OT3098_v2_chr5D	96000000	98000000	2000000	0	0.000000
Asat_OT3098_v2_chr5D	98000000	100000000	2000000	0	0.000000
Asat_OT3098_v2_chr5D	100000000	102000000	2000000	0	0.000000
Asat_OT3098_v2_chr5D	102000000	104000000	2000000	0	0.000000
Asat_OT3098_v2_chr5D	104000000	106000000	2000000	0	0.000000
Asat_OT3098_v2_chr5D	106000000	108000000	2000000	0	0.000000
Asat_OT3098_v2_chr5D	108000000	110000000	2000000	0	0.000000
Asat_OT3098_v2_chr5D	110000000	112000000	2000000	0	0.000000
Asat_OT3098_v2_chr5D	112000000	114000000	2000000	0	0.000000
Asat_OT3098_v2_chr5D	114000000	116000000	2000000	0	0.000000
Asat_OT3098_v2_chr5D	116000000	118000000	2000000	0	0.000000
Asat_OT3098_v2_chr5D	118000000	120000000	2000000	0	0.000000
Asat_OT3098_v2_chr5D	120000000	122000000	2000000	0	0.000000
Asat_OT3098_v2_chr5D	122000000	124000000	2000000	0	0.000000
Asat_OT3098_v2_chr5D	124000000	126000000	2000000	0	0.000000
Asat_OT3098_v2_chr5D	126000000	128000000	2000000	0	0.000000
Asat_OT3098_v2_chr5D	128000000	130000000	2000000	0	0.000000
Asat_OT3098_v2_chr5D	130000000	132000000	2000000	0	0.000000
Asat_OT3098_v2_chr5D	132000000	134000000	2000000	0	0.000000
Asat_OT3098_v2_chr5D	134000000	136000000	2000000	0	0.000000
Asat_OT3098_v2_chr5D	136000000	138000000	2000000	0	0.000000
Asat_OT3098_v2_chr5D	138000000	140000000	2000000	0	0.000000
Asat_OT3098_v2_chr5D	140000000	142000000	2000000	0	0.000000
Asat_OT3098_v2_chr5D	142000000	144000000	2000000	0	0.000000
Asat_OT3098_v2_chr5D	144000000	146000000	2000000	49	0.000024
Asat_OT3098_v2_chr5D	146000000	148000000	2000000	0	0.000000
Asat_OT3098_v2_chr5D	148000000	150000000	2000000	0	0.000000
Asat_OT3098_v2_chr5D	150000000	152000000	2000000	0	0.000000
Asat_OT3098_v2_chr5D	152000000	154000000	2000000	0	0.000000
Asat_OT3098_v2_chr5D	154000000	156000000	2000000	0	0.000000
Asat_OT3098_v2_chr5D	156000000	158000000	2000000	0	0.000000
Asat_OT3098_v2_chr5D	158000000	160000000	2000000	0	0.000000
Asat_OT3098_v2_chr5D	160000000	162000000	2000000	0	0.000000
Asat_OT3098_v2_chr5D	162000000	164000000	2000000	0	0.000000
Asat_OT3098_v2_chr5D	164000000	166000000	2000000	0	0.000000
Asat_OT3098_v2_chr5D	166000000	168000000	2000000	0	0.000000
Asat_OT3098_v2_chr5D	168000000	170000000	2000000	0	0.000000
Asat_OT3098_v2_chr5D	170000000	172000000	2000000	0	0.000000
Asat_OT3098_v2_chr5D	172000000	174000000	2000000	0	0.000000
Asat_OT3098_v2_chr5D	174000000	176000000	2000000	0	0.000000
Asat_OT3098_v2_chr5D	176000000	178000000	2000000	0	0.000000
Asat_OT3098_v2_chr5D	178000000	180000000	2000000	0	0.000000
Asat_OT3098_v2_chr5D	180000000	182000000	2000000	0	0.000000
Asat_OT3098_v2_chr5D	182000000	184000000	2000000	0	0.000000
Asat_OT3098_v2_chr5D	184000000	186000000	2000000	0	0.000000
Asat_OT3098_v2_chr5D	186000000	188000000	2000000	0	0.000000
Asat_OT3098_v2_chr5D	188000000	190000000	2000000	0	0.000000
Asat_OT3098_v2_chr5D	190000000	192000000	2000000	0	0.000000
Asat_OT3098_v2_chr5D	192000000	194000000	2000000	0	0.000000
Asat_OT3098_v2_chr5D	194000000	196000000	2000000	0	0.000000
Asat_OT3098_v2_chr5D	196000000	198000000	2000000	0	0.000000
Asat_OT3098_v2_chr5D	198000000	200000000	2000000	0	0.000000
Asat_OT3098_v2_chr5D	200000000	202000000	2000000	0	0.000000
Asat_OT3098_v2_chr5D	202000000	204000000	2000000	0	0.000000
Asat_OT3098_v2_chr5D	204000000	206000000	2000000	0	0.000000
Asat_OT3098_v2_chr5D	206000000	208000000	2000000	0	0.000000
Asat_OT3098_v2_chr5D	208000000	210000000	2000000	0	0.000000
Asat_OT3098_v2_chr5D	210000000	212000000	2000000	0	0.000000
Asat_OT3098_v2_chr5D	212000000	214000000	2000000	0	0.000000
Asat_OT3098_v2_chr5D	214000000	216000000	2000000	0	0.000000
Asat_OT3098_v2_chr5D	216000000	218000000	2000000	0	0.000000
Asat_OT3098_v2_chr5D	218000000	220000000	2000000	0	0.000000
Asat_OT3098_v2_chr5D	220000000	222000000	2000000	0	0.000000
Asat_OT3098_v2_chr5D	222000000	224000000	2000000	0	0.000000
Asat_OT3098_v2_chr5D	224000000	226000000	2000000	0	0.000000
Asat_OT3098_v2_chr5D	226000000	228000000	2000000	0	0.000000
Asat_OT3098_v2_chr5D	228000000	230000000	2000000	0	0.000000
Asat_OT3098_v2_chr5D	230000000	232000000	2000000	0	0.000000
Asat_OT3098_v2_chr5D	232000000	234000000	2000000	0	0.000000
Asat_OT3098_v2_chr5D	234000000	236000000	2000000	0	0.000000
Asat_OT3098_v2_chr5D	236000000	238000000	2000000	0	0.000000
Asat_OT3098_v2_chr5D	238000000	240000000	2000000	0	0.000000
Asat_OT3098_v2_chr5D	240000000	242000000	2000000	0	0.000000
Asat_OT3098_v2_chr5D	242000000	244000000	2000000	0	0.000000
Asat_OT3098_v2_chr5D	244000000	246000000	2000000	0	0.000000
Asat_OT3098_v2_chr5D	246000000	248000000	2000000	0	0.000000
Asat_OT3098_v2_chr5D	248000000	250000000	2000000	0	0.000000
Asat_OT3098_v2_chr5D	250000000	252000000	2000000	340	0.000170
Asat_OT3098_v2_chr5D	252000000	254000000	2000000	0	0.000000
Asat_OT3098_v2_chr5D	254000000	256000000	2000000	0	0.000000
Asat_OT3098_v2_chr5D	256000000	258000000	2000000	0	0.000000
Asat_OT3098_v2_chr5D	258000000	260000000	2000000	0	0.000000
Asat_OT3098_v2_chr5D	260000000	262000000	2000000	0	0.000000
Asat_OT3098_v2_chr5D	262000000	264000000	2000000	0	0.000000
Asat_OT3098_v2_chr5D	264000000	266000000	2000000	0	0.000000
Asat_OT3098_v2_chr5D	266000000	268000000	2000000	0	0.000000
Asat_OT3098_v2_chr5D	268000000	270000000	2000000	0	0.000000
Asat_OT3098_v2_chr5D	270000000	272000000	2000000	0	0.000000
Asat_OT3098_v2_chr5D	272000000	274000000	2000000	0	0.000000
Asat_OT3098_v2_chr5D	274000000	276000000	2000000	0	0.000000
Asat_OT3098_v2_chr5D	276000000	278000000	2000000	0	0.000000
Asat_OT3098_v2_chr5D	278000000	280000000	2000000	0	0.000000
Asat_OT3098_v2_chr5D	280000000	282000000	2000000	0	0.000000
Asat_OT3098_v2_chr5D	282000000	284000000	2000000	0	0.000000
Asat_OT3098_v2_chr5D	284000000	286000000	2000000	0	0.000000
Asat_OT3098_v2_chr5D	286000000	288000000	2000000	0	0.000000
Asat_OT3098_v2_chr5D	288000000	290000000	2000000	0	0.000000
Asat_OT3098_v2_chr5D	290000000	292000000	2000000	0	0.000000
Asat_OT3098_v2_chr5D	292000000	294000000	2000000	0	0.000000
Asat_OT3098_v2_chr5D	294000000	296000000	2000000	0	0.000000
Asat_OT3098_v2_chr5D	296000000	298000000	2000000	0	0.000000
Asat_OT3098_v2_chr5D	298000000	300000000	2000000	0	0.000000
Asat_OT3098_v2_chr5D	300000000	302000000	2000000	0	0.000000
Asat_OT3098_v2_chr5D	302000000	304000000	2000000	0	0.000000
Asat_OT3098_v2_chr5D	304000000	306000000	2000000	0	0.000000
Asat_OT3098_v2_chr5D	306000000	308000000	2000000	0	0.000000
Asat_OT3098_v2_chr5D	308000000	310000000	2000000	0	0.000000
Asat_OT3098_v2_chr5D	310000000	312000000	2000000	0	0.000000
Asat_OT3098_v2_chr5D	312000000	314000000	2000000	0	0.000000
Asat_OT3098_v2_chr5D	314000000	316000000	2000000	0	0.000000
Asat_OT3098_v2_chr5D	316000000	318000000	2000000	0	0.000000
Asat_OT3098_v2_chr5D	318000000	320000000	2000000	0	0.000000
Asat_OT3098_v2_chr5D	320000000	322000000	2000000	0	0.000000
Asat_OT3098_v2_chr5D	322000000	324000000	2000000	0	0.000000
Asat_OT3098_v2_chr5D	324000000	326000000	2000000	0	0.000000
Asat_OT3098_v2_chr5D	326000000	328000000	2000000	0	0.000000
Asat_OT3098_v2_chr5D	328000000	330000000	2000000	0	0.000000
Asat_OT3098_v2_chr5D	330000000	332000000	2000000	0	0.000000
Asat_OT3098_v2_chr5D	332000000	334000000	2000000	0	0.000000
Asat_OT3098_v2_chr5D	334000000	336000000	2000000	0	0.000000
Asat_OT3098_v2_chr5D	336000000	338000000	2000000	0	0.000000
Asat_OT3098_v2_chr5D	338000000	340000000	2000000	0	0.000000
Asat_OT3098_v2_chr5D	340000000	342000000	2000000	0	0.000000
Asat_OT3098_v2_chr5D	342000000	344000000	2000000	0	0.000000
Asat_OT3098_v2_chr5D	344000000	346000000	2000000	0	0.000000
Asat_OT3098_v2_chr5D	346000000	348000000	2000000	0	0.000000
Asat_OT3098_v2_chr5D	348000000	350000000	2000000	0	0.000000
Asat_OT3098_v2_chr5D	350000000	352000000	2000000	0	0.000000
Asat_OT3098_v2_chr5D	352000000	354000000	2000000	0	0.000000
Asat_OT3098_v2_chr5D	354000000	356000000	2000000	0	0.000000
Asat_OT3098_v2_chr5D	356000000	358000000	2000000	0	0.000000
Asat_OT3098_v2_chr5D	358000000	360000000	2000000	0	0.000000
Asat_OT3098_v2_chr5D	360000000	362000000	2000000	0	0.000000
Asat_OT3098_v2_chr5D	362000000	364000000	2000000	0	0.000000
Asat_OT3098_v2_chr5D	364000000	366000000	2000000	0	0.000000
Asat_OT3098_v2_chr5D	366000000	368000000	2000000	0	0.000000
Asat_OT3098_v2_chr5D	368000000	370000000	2000000	0	0.000000
Asat_OT3098_v2_chr5D	370000000	372000000	2000000	0	0.000000
Asat_OT3098_v2_chr5D	372000000	374000000	2000000	0	0.000000
Asat_OT3098_v2_chr5D	374000000	376000000	2000000	0	0.000000
Asat_OT3098_v2_chr5D	376000000	378000000	2000000	0	0.000000
Asat_OT3098_v2_chr5D	378000000	380000000	2000000	0	0.000000
Asat_OT3098_v2_chr5D	380000000	382000000	2000000	0	0.000000
Asat_OT3098_v2_chr5D	382000000	384000000	2000000	0	0.000000
Asat_OT3098_v2_chr5D	384000000	386000000	2000000	0	0.000000
Asat_OT3098_v2_chr5D	386000000	388000000	2000000	0	0.000000
Asat_OT3098_v2_chr5D	388000000	390000000	2000000	0	0.000000
Asat_OT3098_v2_chr5D	390000000	392000000	2000000	0	0.000000
Asat_OT3098_v2_chr5D	392000000	394000000	2000000	0	0.000000
Asat_OT3098_v2_chr5D	394000000	396000000	2000000	0	0.000000
Asat_OT3098_v2_chr5D	396000000	398000000	2000000	0	0.000000
Asat_OT3098_v2_chr5D	398000000	400000000	2000000	0	0.000000
Asat_OT3098_v2_chr5D	400000000	402000000	2000000	0	0.000000
Asat_OT3098_v2_chr5D	402000000	404000000	2000000	0	0.000000
Asat_OT3098_v2_chr5D	404000000	406000000	2000000	0	0.000000
Asat_OT3098_v2_chr5D	406000000	408000000	2000000	0	0.000000
Asat_OT3098_v2_chr5D	408000000	410000000	2000000	0	0.000000
Asat_OT3098_v2_chr5D	410000000	412000000	2000000	0	0.000000
Asat_OT3098_v2_chr5D	412000000	414000000	2000000	0	0.000000
Asat_OT3098_v2_chr5D	414000000	416000000	2000000	0	0.000000
Asat_OT3098_v2_chr5D	416000000	418000000	2000000	0	0.000000
Asat_OT3098_v2_chr5D	418000000	420000000	2000000	0	0.000000
Asat_OT3098_v2_chr5D	420000000	422000000	2000000	0	0.000000
Asat_OT3098_v2_chr5D	422000000	424000000	2000000	0	0.000000
Asat_OT3098_v2_chr5D	424000000	426000000	2000000	0	0.000000
Asat_OT3098_v2_chr5D	426000000	428000000	2000000	0	0.000000
Asat_OT3098_v2_chr5D	428000000	430000000	2000000	0	0.000000
Asat_OT3098_v2_chr5D	430000000	432000000	2000000	0	0.000000
Asat_OT3098_v2_chr5D	432000000	434000000	2000000	18459	0.009229
Asat_OT3098_v2_chr5D	434000000	436000000	2000000	36765	0.018382
Asat_OT3098_v2_chr5D	436000000	438000000	2000000	2890	0.001445
Asat_OT3098_v2_chr5D	438000000	440000000	2000000	7842	0.003921
Asat_OT3098_v2_chr5D	440000000	442000000	2000000	0	0.000000
Asat_OT3098_v2_chr5D	442000000	444000000	2000000	69389	0.034695
Asat_OT3098_v2_chr5D	444000000	446000000	2000000	3899	0.001950
Asat_OT3098_v2_chr5D	446000000	448000000	2000000	7217	0.003609
Asat_OT3098_v2_chr5D	448000000	450000000	2000000	14777	0.007389
Asat_OT3098_v2_chr5D	450000000	452000000	2000000	3598	0.001799
Asat_OT3098_v2_chr5D	452000000	454000000	2000000	2608	0.001304
Asat_OT3098_v2_chr5D	454000000	456000000	2000000	137	0.000068
Asat_OT3098_v2_chr5D	456000000	458000000	2000000	967	0.000483
Asat_OT3098_v2_chr5D	458000000	460000000	2000000	2448	0.001224
Asat_OT3098_v2_chr5D	460000000	462000000	2000000	49	0.000024
Asat_OT3098_v2_chr5D	462000000	464000000	2000000	0	0.000000
Asat_OT3098_v2_chr5D	464000000	466000000	2000000	10617	0.005308
Asat_OT3098_v2_chr5D	466000000	468000000	2000000	2274	0.001137
Asat_OT3098_v2_chr5D	468000000	470000000	2000000	3302	0.001651
Asat_OT3098_v2_chr5D	470000000	472000000	2000000	2177	0.001089
Asat_OT3098_v2_chr5D	472000000	474000000	2000000	61551	0.030776
Asat_OT3098_v2_chr5D	474000000	476000000	2000000	74994	0.037497
Asat_OT3098_v2_chr5D	476000000	478000000	2000000	0	0.000000
Asat_OT3098_v2_chr5D	478000000	480000000	2000000	4732	0.002366
Asat_OT3098_v2_chr5D	480000000	482000000	2000000	22056	0.011028
Asat_OT3098_v2_chr5D	482000000	484000000	2000000	20678	0.010339
Asat_OT3098_v2_chr5D	484000000	486000000	2000000	5219	0.002609
Asat_OT3098_v2_chr5D	486000000	488000000	2000000	0	0.000000
Asat_OT3098_v2_chr5D	488000000	490000000	2000000	388	0.000194
Asat_OT3098_v2_chr5D	490000000	492000000	2000000	1266	0.000633
Asat_OT3098_v2_chr5D	492000000	494000000	2000000	0	0.000000
Asat_OT3098_v2_chr5D	494000000	496000000	2000000	0	0.000000
Asat_OT3098_v2_chr5D	496000000	498000000	2000000	0	0.000000
Asat_OT3098_v2_chr5D	498000000	499214392	1214392	0	0.000000
Asat_OT3098_v2_chr6A	0	2000000	2000000	0	0.000000
Asat_OT3098_v2_chr6A	2000000	4000000	2000000	0	0.000000
Asat_OT3098_v2_chr6A	4000000	6000000	2000000	0	0.000000
Asat_OT3098_v2_chr6A	6000000	8000000	2000000	0	0.000000
Asat_OT3098_v2_chr6A	8000000	10000000	2000000	0	0.000000
Asat_OT3098_v2_chr6A	10000000	12000000	2000000	0	0.000000
Asat_OT3098_v2_chr6A	12000000	14000000	2000000	0	0.000000
Asat_OT3098_v2_chr6A	14000000	16000000	2000000	0	0.000000
Asat_OT3098_v2_chr6A	16000000	18000000	2000000	0	0.000000
Asat_OT3098_v2_chr6A	18000000	20000000	2000000	0	0.000000
Asat_OT3098_v2_chr6A	20000000	22000000	2000000	0	0.000000
Asat_OT3098_v2_chr6A	22000000	24000000	2000000	0	0.000000
Asat_OT3098_v2_chr6A	24000000	26000000	2000000	0	0.000000
Asat_OT3098_v2_chr6A	26000000	28000000	2000000	0	0.000000
Asat_OT3098_v2_chr6A	28000000	30000000	2000000	0	0.000000
Asat_OT3098_v2_chr6A	30000000	32000000	2000000	0	0.000000
Asat_OT3098_v2_chr6A	32000000	34000000	2000000	0	0.000000
Asat_OT3098_v2_chr6A	34000000	36000000	2000000	0	0.000000
Asat_OT3098_v2_chr6A	36000000	38000000	2000000	0	0.000000
Asat_OT3098_v2_chr6A	38000000	40000000	2000000	0	0.000000
Asat_OT3098_v2_chr6A	40000000	42000000	2000000	0	0.000000
Asat_OT3098_v2_chr6A	42000000	44000000	2000000	0	0.000000
Asat_OT3098_v2_chr6A	44000000	46000000	2000000	0	0.000000
Asat_OT3098_v2_chr6A	46000000	48000000	2000000	0	0.000000
Asat_OT3098_v2_chr6A	48000000	50000000	2000000	0	0.000000
Asat_OT3098_v2_chr6A	50000000	52000000	2000000	0	0.000000
Asat_OT3098_v2_chr6A	52000000	54000000	2000000	0	0.000000
Asat_OT3098_v2_chr6A	54000000	56000000	2000000	0	0.000000
Asat_OT3098_v2_chr6A	56000000	58000000	2000000	0	0.000000
Asat_OT3098_v2_chr6A	58000000	60000000	2000000	0	0.000000
Asat_OT3098_v2_chr6A	60000000	62000000	2000000	0	0.000000
Asat_OT3098_v2_chr6A	62000000	64000000	2000000	0	0.000000
Asat_OT3098_v2_chr6A	64000000	66000000	2000000	0	0.000000
Asat_OT3098_v2_chr6A	66000000	68000000	2000000	0	0.000000
Asat_OT3098_v2_chr6A	68000000	70000000	2000000	0	0.000000
Asat_OT3098_v2_chr6A	70000000	72000000	2000000	0	0.000000
Asat_OT3098_v2_chr6A	72000000	74000000	2000000	0	0.000000
Asat_OT3098_v2_chr6A	74000000	76000000	2000000	0	0.000000
Asat_OT3098_v2_chr6A	76000000	78000000	2000000	0	0.000000
Asat_OT3098_v2_chr6A	78000000	80000000	2000000	0	0.000000
Asat_OT3098_v2_chr6A	80000000	82000000	2000000	0	0.000000
Asat_OT3098_v2_chr6A	82000000	84000000	2000000	0	0.000000
Asat_OT3098_v2_chr6A	84000000	86000000	2000000	0	0.000000
Asat_OT3098_v2_chr6A	86000000	88000000	2000000	0	0.000000
Asat_OT3098_v2_chr6A	88000000	90000000	2000000	0	0.000000
Asat_OT3098_v2_chr6A	90000000	92000000	2000000	0	0.000000
Asat_OT3098_v2_chr6A	92000000	94000000	2000000	0	0.000000
Asat_OT3098_v2_chr6A	94000000	96000000	2000000	0	0.000000
Asat_OT3098_v2_chr6A	96000000	98000000	2000000	0	0.000000
Asat_OT3098_v2_chr6A	98000000	100000000	2000000	0	0.000000
Asat_OT3098_v2_chr6A	100000000	102000000	2000000	0	0.000000
Asat_OT3098_v2_chr6A	102000000	104000000	2000000	0	0.000000
Asat_OT3098_v2_chr6A	104000000	106000000	2000000	0	0.000000
Asat_OT3098_v2_chr6A	106000000	108000000	2000000	0	0.000000
Asat_OT3098_v2_chr6A	108000000	110000000	2000000	0	0.000000
Asat_OT3098_v2_chr6A	110000000	112000000	2000000	0	0.000000
Asat_OT3098_v2_chr6A	112000000	114000000	2000000	0	0.000000
Asat_OT3098_v2_chr6A	114000000	116000000	2000000	0	0.000000
Asat_OT3098_v2_chr6A	116000000	118000000	2000000	0	0.000000
Asat_OT3098_v2_chr6A	118000000	120000000	2000000	0	0.000000
Asat_OT3098_v2_chr6A	120000000	122000000	2000000	0	0.000000
Asat_OT3098_v2_chr6A	122000000	124000000	2000000	0	0.000000
Asat_OT3098_v2_chr6A	124000000	126000000	2000000	0	0.000000
Asat_OT3098_v2_chr6A	126000000	128000000	2000000	0	0.000000
Asat_OT3098_v2_chr6A	128000000	130000000	2000000	0	0.000000
Asat_OT3098_v2_chr6A	130000000	132000000	2000000	0	0.000000
Asat_OT3098_v2_chr6A	132000000	134000000	2000000	0	0.000000
Asat_OT3098_v2_chr6A	134000000	136000000	2000000	0	0.000000
Asat_OT3098_v2_chr6A	136000000	138000000	2000000	0	0.000000
Asat_OT3098_v2_chr6A	138000000	140000000	2000000	0	0.000000
Asat_OT3098_v2_chr6A	140000000	142000000	2000000	0	0.000000
Asat_OT3098_v2_chr6A	142000000	144000000	2000000	0	0.000000
Asat_OT3098_v2_chr6A	144000000	146000000	2000000	0	0.000000
Asat_OT3098_v2_chr6A	146000000	148000000	2000000	0	0.000000
Asat_OT3098_v2_chr6A	148000000	150000000	2000000	0	0.000000
Asat_OT3098_v2_chr6A	150000000	152000000	2000000	0	0.000000
Asat_OT3098_v2_chr6A	152000000	154000000	2000000	0	0.000000
Asat_OT3098_v2_chr6A	154000000	156000000	2000000	0	0.000000
Asat_OT3098_v2_chr6A	156000000	158000000	2000000	0	0.000000
Asat_OT3098_v2_chr6A	158000000	160000000	2000000	0	0.000000
Asat_OT3098_v2_chr6A	160000000	162000000	2000000	0	0.000000
Asat_OT3098_v2_chr6A	162000000	164000000	2000000	0	0.000000
Asat_OT3098_v2_chr6A	164000000	166000000	2000000	0	0.000000
Asat_OT3098_v2_chr6A	166000000	168000000	2000000	0	0.000000
Asat_OT3098_v2_chr6A	168000000	170000000	2000000	0	0.000000
Asat_OT3098_v2_chr6A	170000000	172000000	2000000	0	0.000000
Asat_OT3098_v2_chr6A	172000000	174000000	2000000	0	0.000000
Asat_OT3098_v2_chr6A	174000000	176000000	2000000	0	0.000000
Asat_OT3098_v2_chr6A	176000000	178000000	2000000	0	0.000000
Asat_OT3098_v2_chr6A	178000000	180000000	2000000	0	0.000000
Asat_OT3098_v2_chr6A	180000000	182000000	2000000	0	0.000000
Asat_OT3098_v2_chr6A	182000000	184000000	2000000	0	0.000000
Asat_OT3098_v2_chr6A	184000000	186000000	2000000	0	0.000000
Asat_OT3098_v2_chr6A	186000000	188000000	2000000	0	0.000000
Asat_OT3098_v2_chr6A	188000000	190000000	2000000	0	0.000000
Asat_OT3098_v2_chr6A	190000000	192000000	2000000	0	0.000000
Asat_OT3098_v2_chr6A	192000000	194000000	2000000	0	0.000000
Asat_OT3098_v2_chr6A	194000000	196000000	2000000	0	0.000000
Asat_OT3098_v2_chr6A	196000000	198000000	2000000	0	0.000000
Asat_OT3098_v2_chr6A	198000000	200000000	2000000	0	0.000000
Asat_OT3098_v2_chr6A	200000000	202000000	2000000	0	0.000000
Asat_OT3098_v2_chr6A	202000000	204000000	2000000	0	0.000000
Asat_OT3098_v2_chr6A	204000000	206000000	2000000	0	0.000000
Asat_OT3098_v2_chr6A	206000000	208000000	2000000	0	0.000000
Asat_OT3098_v2_chr6A	208000000	210000000	2000000	0	0.000000
Asat_OT3098_v2_chr6A	210000000	212000000	2000000	0	0.000000
Asat_OT3098_v2_chr6A	212000000	214000000	2000000	0	0.000000
Asat_OT3098_v2_chr6A	214000000	216000000	2000000	0	0.000000
Asat_OT3098_v2_chr6A	216000000	218000000	2000000	0	0.000000
Asat_OT3098_v2_chr6A	218000000	220000000	2000000	0	0.000000
Asat_OT3098_v2_chr6A	220000000	222000000	2000000	0	0.000000
Asat_OT3098_v2_chr6A	222000000	224000000	2000000	0	0.000000
Asat_OT3098_v2_chr6A	224000000	226000000	2000000	0	0.000000
Asat_OT3098_v2_chr6A	226000000	228000000	2000000	0	0.000000
Asat_OT3098_v2_chr6A	228000000	230000000	2000000	0	0.000000
Asat_OT3098_v2_chr6A	230000000	232000000	2000000	0	0.000000
Asat_OT3098_v2_chr6A	232000000	234000000	2000000	0	0.000000
Asat_OT3098_v2_chr6A	234000000	236000000	2000000	0	0.000000
Asat_OT3098_v2_chr6A	236000000	238000000	2000000	0	0.000000
Asat_OT3098_v2_chr6A	238000000	240000000	2000000	0	0.000000
Asat_OT3098_v2_chr6A	240000000	242000000	2000000	0	0.000000
Asat_OT3098_v2_chr6A	242000000	244000000	2000000	0	0.000000
Asat_OT3098_v2_chr6A	244000000	246000000	2000000	0	0.000000
Asat_OT3098_v2_chr6A	246000000	248000000	2000000	0	0.000000
Asat_OT3098_v2_chr6A	248000000	250000000	2000000	0	0.000000
Asat_OT3098_v2_chr6A	250000000	252000000	2000000	0	0.000000
Asat_OT3098_v2_chr6A	252000000	254000000	2000000	0	0.000000
Asat_OT3098_v2_chr6A	254000000	256000000	2000000	0	0.000000
Asat_OT3098_v2_chr6A	256000000	258000000	2000000	0	0.000000
Asat_OT3098_v2_chr6A	258000000	260000000	2000000	0	0.000000
Asat_OT3098_v2_chr6A	260000000	262000000	2000000	0	0.000000
Asat_OT3098_v2_chr6A	262000000	264000000	2000000	0	0.000000
Asat_OT3098_v2_chr6A	264000000	266000000	2000000	0	0.000000
Asat_OT3098_v2_chr6A	266000000	268000000	2000000	0	0.000000
Asat_OT3098_v2_chr6A	268000000	270000000	2000000	0	0.000000
Asat_OT3098_v2_chr6A	270000000	272000000	2000000	0	0.000000
Asat_OT3098_v2_chr6A	272000000	274000000	2000000	0	0.000000
Asat_OT3098_v2_chr6A	274000000	276000000	2000000	0	0.000000
Asat_OT3098_v2_chr6A	276000000	278000000	2000000	0	0.000000
Asat_OT3098_v2_chr6A	278000000	280000000	2000000	0	0.000000
Asat_OT3098_v2_chr6A	280000000	282000000	2000000	0	0.000000
Asat_OT3098_v2_chr6A	282000000	284000000	2000000	0	0.000000
Asat_OT3098_v2_chr6A	284000000	286000000	2000000	0	0.000000
Asat_OT3098_v2_chr6A	286000000	288000000	2000000	0	0.000000
Asat_OT3098_v2_chr6A	288000000	290000000	2000000	0	0.000000
Asat_OT3098_v2_chr6A	290000000	292000000	2000000	0	0.000000
Asat_OT3098_v2_chr6A	292000000	294000000	2000000	0	0.000000
Asat_OT3098_v2_chr6A	294000000	296000000	2000000	0	0.000000
Asat_OT3098_v2_chr6A	296000000	298000000	2000000	0	0.000000
Asat_OT3098_v2_chr6A	298000000	300000000	2000000	0	0.000000
Asat_OT3098_v2_chr6A	300000000	302000000	2000000	0	0.000000
Asat_OT3098_v2_chr6A	302000000	304000000	2000000	0	0.000000
Asat_OT3098_v2_chr6A	304000000	306000000	2000000	0	0.000000
Asat_OT3098_v2_chr6A	306000000	308000000	2000000	0	0.000000
Asat_OT3098_v2_chr6A	308000000	310000000	2000000	0	0.000000
Asat_OT3098_v2_chr6A	310000000	312000000	2000000	0	0.000000
Asat_OT3098_v2_chr6A	312000000	314000000	2000000	0	0.000000
Asat_OT3098_v2_chr6A	314000000	316000000	2000000	0	0.000000
Asat_OT3098_v2_chr6A	316000000	318000000	2000000	0	0.000000
Asat_OT3098_v2_chr6A	318000000	320000000	2000000	0	0.000000
Asat_OT3098_v2_chr6A	320000000	322000000	2000000	0	0.000000
Asat_OT3098_v2_chr6A	322000000	324000000	2000000	0	0.000000
Asat_OT3098_v2_chr6A	324000000	326000000	2000000	0	0.000000
Asat_OT3098_v2_chr6A	326000000	328000000	2000000	0	0.000000
Asat_OT3098_v2_chr6A	328000000	330000000	2000000	0	0.000000
Asat_OT3098_v2_chr6A	330000000	332000000	2000000	0	0.000000
Asat_OT3098_v2_chr6A	332000000	334000000	2000000	0	0.000000
Asat_OT3098_v2_chr6A	334000000	336000000	2000000	0	0.000000
Asat_OT3098_v2_chr6A	336000000	338000000	2000000	0	0.000000
Asat_OT3098_v2_chr6A	338000000	340000000	2000000	0	0.000000
Asat_OT3098_v2_chr6A	340000000	342000000	2000000	0	0.000000
Asat_OT3098_v2_chr6A	342000000	344000000	2000000	0	0.000000
Asat_OT3098_v2_chr6A	344000000	346000000	2000000	0	0.000000
Asat_OT3098_v2_chr6A	346000000	348000000	2000000	0	0.000000
Asat_OT3098_v2_chr6A	348000000	350000000	2000000	0	0.000000
Asat_OT3098_v2_chr6A	350000000	352000000	2000000	0	0.000000
Asat_OT3098_v2_chr6A	352000000	354000000	2000000	0	0.000000
Asat_OT3098_v2_chr6A	354000000	356000000	2000000	0	0.000000
Asat_OT3098_v2_chr6A	356000000	358000000	2000000	0	0.000000
Asat_OT3098_v2_chr6A	358000000	360000000	2000000	0	0.000000
Asat_OT3098_v2_chr6A	360000000	362000000	2000000	0	0.000000
Asat_OT3098_v2_chr6A	362000000	364000000	2000000	0	0.000000
Asat_OT3098_v2_chr6A	364000000	366000000	2000000	0	0.000000
Asat_OT3098_v2_chr6A	366000000	368000000	2000000	0	0.000000
Asat_OT3098_v2_chr6A	368000000	370000000	2000000	0	0.000000
Asat_OT3098_v2_chr6A	370000000	372000000	2000000	0	0.000000
Asat_OT3098_v2_chr6A	372000000	374000000	2000000	0	0.000000
Asat_OT3098_v2_chr6A	374000000	376000000	2000000	0	0.000000
Asat_OT3098_v2_chr6A	376000000	378000000	2000000	0	0.000000
Asat_OT3098_v2_chr6A	378000000	380000000	2000000	0	0.000000
Asat_OT3098_v2_chr6A	380000000	382000000	2000000	0	0.000000
Asat_OT3098_v2_chr6A	382000000	384000000	2000000	0	0.000000
Asat_OT3098_v2_chr6A	384000000	386000000	2000000	0	0.000000
Asat_OT3098_v2_chr6A	386000000	388000000	2000000	0	0.000000
Asat_OT3098_v2_chr6A	388000000	390000000	2000000	0	0.000000
Asat_OT3098_v2_chr6A	390000000	392000000	2000000	0	0.000000
Asat_OT3098_v2_chr6A	392000000	394000000	2000000	0	0.000000
Asat_OT3098_v2_chr6A	394000000	396000000	2000000	0	0.000000
Asat_OT3098_v2_chr6A	396000000	398000000	2000000	0	0.000000
Asat_OT3098_v2_chr6A	398000000	400000000	2000000	0	0.000000
Asat_OT3098_v2_chr6A	400000000	402000000	2000000	0	0.000000
Asat_OT3098_v2_chr6A	402000000	404000000	2000000	0	0.000000
Asat_OT3098_v2_chr6A	404000000	406000000	2000000	0	0.000000
Asat_OT3098_v2_chr6A	406000000	408000000	2000000	0	0.000000
Asat_OT3098_v2_chr6A	408000000	410000000	2000000	0	0.000000
Asat_OT3098_v2_chr6A	410000000	412000000	2000000	0	0.000000
Asat_OT3098_v2_chr6A	412000000	414000000	2000000	0	0.000000
Asat_OT3098_v2_chr6A	414000000	416000000	2000000	0	0.000000
Asat_OT3098_v2_chr6A	416000000	418000000	2000000	0	0.000000
Asat_OT3098_v2_chr6A	418000000	420000000	2000000	0	0.000000
Asat_OT3098_v2_chr6A	420000000	422000000	2000000	0	0.000000
Asat_OT3098_v2_chr6A	422000000	424000000	2000000	0	0.000000
Asat_OT3098_v2_chr6A	424000000	426000000	2000000	0	0.000000
Asat_OT3098_v2_chr6A	426000000	428000000	2000000	0	0.000000
Asat_OT3098_v2_chr6A	428000000	430000000	2000000	0	0.000000
Asat_OT3098_v2_chr6A	430000000	432000000	2000000	0	0.000000
Asat_OT3098_v2_chr6A	432000000	434000000	2000000	0	0.000000
Asat_OT3098_v2_chr6A	434000000	436000000	2000000	0	0.000000
Asat_OT3098_v2_chr6A	436000000	438000000	2000000	0	0.000000
Asat_OT3098_v2_chr6A	438000000	440000000	2000000	0	0.000000
Asat_OT3098_v2_chr6A	440000000	442000000	2000000	0	0.000000
Asat_OT3098_v2_chr6A	442000000	444000000	2000000	0	0.000000
Asat_OT3098_v2_chr6A	444000000	446000000	2000000	0	0.000000
Asat_OT3098_v2_chr6A	446000000	448000000	2000000	0	0.000000
Asat_OT3098_v2_chr6A	448000000	448461343	461343	0	0.000000
Asat_OT3098_v2_chr6C	0	2000000	2000000	6144	0.003072
Asat_OT3098_v2_chr6C	2000000	4000000	2000000	49	0.000024
Asat_OT3098_v2_chr6C	4000000	6000000	2000000	0	0.000000
Asat_OT3098_v2_chr6C	6000000	8000000	2000000	0	0.000000
Asat_OT3098_v2_chr6C	8000000	10000000	2000000	479	0.000239
Asat_OT3098_v2_chr6C	10000000	12000000	2000000	0	0.000000
Asat_OT3098_v2_chr6C	12000000	14000000	2000000	0	0.000000
Asat_OT3098_v2_chr6C	14000000	16000000	2000000	1502	0.000751
Asat_OT3098_v2_chr6C	16000000	18000000	2000000	188	0.000094
Asat_OT3098_v2_chr6C	18000000	20000000	2000000	0	0.000000
Asat_OT3098_v2_chr6C	20000000	22000000	2000000	0	0.000000
Asat_OT3098_v2_chr6C	22000000	24000000	2000000	628	0.000314
Asat_OT3098_v2_chr6C	24000000	26000000	2000000	12009	0.006005
Asat_OT3098_v2_chr6C	26000000	28000000	2000000	2497	0.001249
Asat_OT3098_v2_chr6C	28000000	30000000	2000000	1448	0.000724
Asat_OT3098_v2_chr6C	30000000	32000000	2000000	3454	0.001727
Asat_OT3098_v2_chr6C	32000000	34000000	2000000	0	0.000000
Asat_OT3098_v2_chr6C	34000000	36000000	2000000	1395	0.000697
Asat_OT3098_v2_chr6C	36000000	38000000	2000000	2007	0.001004
Asat_OT3098_v2_chr6C	38000000	40000000	2000000	7558	0.003779
Asat_OT3098_v2_chr6C	40000000	42000000	2000000	0	0.000000
Asat_OT3098_v2_chr6C	42000000	44000000	2000000	1702	0.000851
Asat_OT3098_v2_chr6C	44000000	46000000	2000000	1506	0.000753
Asat_OT3098_v2_chr6C	46000000	48000000	2000000	2304	0.001152
Asat_OT3098_v2_chr6C	48000000	50000000	2000000	20537	0.010268
Asat_OT3098_v2_chr6C	50000000	52000000	2000000	63634	0.031817
Asat_OT3098_v2_chr6C	52000000	54000000	2000000	1023	0.000512
Asat_OT3098_v2_chr6C	54000000	56000000	2000000	1172	0.000586
Asat_OT3098_v2_chr6C	56000000	58000000	2000000	48303	0.024151
Asat_OT3098_v2_chr6C	58000000	60000000	2000000	835	0.000418
Asat_OT3098_v2_chr6C	60000000	62000000	2000000	15711	0.007855
Asat_OT3098_v2_chr6C	62000000	64000000	2000000	22276	0.011138
Asat_OT3098_v2_chr6C	64000000	66000000	2000000	68038	0.034019
Asat_OT3098_v2_chr6C	66000000	68000000	2000000	674	0.000337
Asat_OT3098_v2_chr6C	68000000	70000000	2000000	1746	0.000873
Asat_OT3098_v2_chr6C	70000000	72000000	2000000	1514	0.000757
Asat_OT3098_v2_chr6C	72000000	74000000	2000000	42732	0.021366
Asat_OT3098_v2_chr6C	74000000	76000000	2000000	3398	0.001699
Asat_OT3098_v2_chr6C	76000000	78000000	2000000	1885	0.000942
Asat_OT3098_v2_chr6C	78000000	80000000	2000000	854	0.000427
Asat_OT3098_v2_chr6C	80000000	82000000	2000000	726	0.000363
Asat_OT3098_v2_chr6C	82000000	84000000	2000000	0	0.000000
Asat_OT3098_v2_chr6C	84000000	86000000	2000000	4663	0.002331
Asat_OT3098_v2_chr6C	86000000	88000000	2000000	2507	0.001254
Asat_OT3098_v2_chr6C	88000000	90000000	2000000	2478	0.001239
Asat_OT3098_v2_chr6C	90000000	92000000	2000000	2491	0.001246
Asat_OT3098_v2_chr6C	92000000	94000000	2000000	0	0.000000
Asat_OT3098_v2_chr6C	94000000	96000000	2000000	1268	0.000634
Asat_OT3098_v2_chr6C	96000000	98000000	2000000	0	0.000000
Asat_OT3098_v2_chr6C	98000000	100000000	2000000	2388	0.001194
Asat_OT3098_v2_chr6C	100000000	102000000	2000000	0	0.000000
Asat_OT3098_v2_chr6C	102000000	104000000	2000000	12146	0.006073
Asat_OT3098_v2_chr6C	104000000	106000000	2000000	721	0.000360
Asat_OT3098_v2_chr6C	106000000	108000000	2000000	0	0.000000
Asat_OT3098_v2_chr6C	108000000	110000000	2000000	0	0.000000
Asat_OT3098_v2_chr6C	110000000	112000000	2000000	105984	0.052992
Asat_OT3098_v2_chr6C	112000000	114000000	2000000	245	0.000122
Asat_OT3098_v2_chr6C	114000000	116000000	2000000	0	0.000000
Asat_OT3098_v2_chr6C	116000000	118000000	2000000	0	0.000000
Asat_OT3098_v2_chr6C	118000000	120000000	2000000	535	0.000267
Asat_OT3098_v2_chr6C	120000000	122000000	2000000	5313	0.002657
Asat_OT3098_v2_chr6C	122000000	124000000	2000000	0	0.000000
Asat_OT3098_v2_chr6C	124000000	126000000	2000000	1606	0.000803
Asat_OT3098_v2_chr6C	126000000	128000000	2000000	0	0.000000
Asat_OT3098_v2_chr6C	128000000	130000000	2000000	4105	0.002053
Asat_OT3098_v2_chr6C	130000000	132000000	2000000	1892	0.000946
Asat_OT3098_v2_chr6C	132000000	134000000	2000000	3484	0.001742
Asat_OT3098_v2_chr6C	134000000	136000000	2000000	1659	0.000830
Asat_OT3098_v2_chr6C	136000000	138000000	2000000	3814	0.001907
Asat_OT3098_v2_chr6C	138000000	140000000	2000000	5691	0.002845
Asat_OT3098_v2_chr6C	140000000	142000000	2000000	146	0.000073
Asat_OT3098_v2_chr6C	142000000	144000000	2000000	7462	0.003731
Asat_OT3098_v2_chr6C	144000000	146000000	2000000	5459	0.002730
Asat_OT3098_v2_chr6C	146000000	148000000	2000000	3749	0.001875
Asat_OT3098_v2_chr6C	148000000	150000000	2000000	729	0.000365
Asat_OT3098_v2_chr6C	150000000	152000000	2000000	2264	0.001132
Asat_OT3098_v2_chr6C	152000000	154000000	2000000	40413	0.020206
Asat_OT3098_v2_chr6C	154000000	156000000	2000000	2487	0.001244
Asat_OT3098_v2_chr6C	156000000	158000000	2000000	341	0.000170
Asat_OT3098_v2_chr6C	158000000	160000000	2000000	5196	0.002598
Asat_OT3098_v2_chr6C	160000000	162000000	2000000	3303	0.001651
Asat_OT3098_v2_chr6C	162000000	164000000	2000000	2127	0.001063
Asat_OT3098_v2_chr6C	164000000	166000000	2000000	4748	0.002374
Asat_OT3098_v2_chr6C	166000000	168000000	2000000	196	0.000098
Asat_OT3098_v2_chr6C	168000000	170000000	2000000	12092	0.006046
Asat_OT3098_v2_chr6C	170000000	172000000	2000000	26051	0.013026
Asat_OT3098_v2_chr6C	172000000	174000000	2000000	32621	0.016310
Asat_OT3098_v2_chr6C	174000000	176000000	2000000	7405	0.003703
Asat_OT3098_v2_chr6C	176000000	178000000	2000000	54213	0.027106
Asat_OT3098_v2_chr6C	178000000	180000000	2000000	139521	0.069761
Asat_OT3098_v2_chr6C	180000000	182000000	2000000	2896	0.001448
Asat_OT3098_v2_chr6C	182000000	184000000	2000000	11311	0.005655
Asat_OT3098_v2_chr6C	184000000	186000000	2000000	6923	0.003462
Asat_OT3098_v2_chr6C	186000000	188000000	2000000	22966	0.011483
Asat_OT3098_v2_chr6C	188000000	190000000	2000000	0	0.000000
Asat_OT3098_v2_chr6C	190000000	192000000	2000000	17538	0.008769
Asat_OT3098_v2_chr6C	192000000	194000000	2000000	4119	0.002060
Asat_OT3098_v2_chr6C	194000000	196000000	2000000	0	0.000000
Asat_OT3098_v2_chr6C	196000000	198000000	2000000	6581	0.003291
Asat_OT3098_v2_chr6C	198000000	200000000	2000000	51433	0.025716
Asat_OT3098_v2_chr6C	200000000	202000000	2000000	49	0.000024
Asat_OT3098_v2_chr6C	202000000	204000000	2000000	16197	0.008098
Asat_OT3098_v2_chr6C	204000000	206000000	2000000	22244	0.011122
Asat_OT3098_v2_chr6C	206000000	208000000	2000000	4107	0.002054
Asat_OT3098_v2_chr6C	208000000	210000000	2000000	46544	0.023272
Asat_OT3098_v2_chr6C	210000000	212000000	2000000	6265	0.003132
Asat_OT3098_v2_chr6C	212000000	214000000	2000000	24506	0.012253
Asat_OT3098_v2_chr6C	214000000	216000000	2000000	14477	0.007239
Asat_OT3098_v2_chr6C	216000000	218000000	2000000	4384	0.002192
Asat_OT3098_v2_chr6C	218000000	220000000	2000000	21411	0.010705
Asat_OT3098_v2_chr6C	220000000	222000000	2000000	10089	0.005045
Asat_OT3098_v2_chr6C	222000000	224000000	2000000	3316	0.001658
Asat_OT3098_v2_chr6C	224000000	226000000	2000000	1494	0.000747
Asat_OT3098_v2_chr6C	226000000	228000000	2000000	2594	0.001297
Asat_OT3098_v2_chr6C	228000000	230000000	2000000	47538	0.023769
Asat_OT3098_v2_chr6C	230000000	232000000	2000000	22333	0.011166
Asat_OT3098_v2_chr6C	232000000	234000000	2000000	71284	0.035642
Asat_OT3098_v2_chr6C	234000000	236000000	2000000	18886	0.009443
Asat_OT3098_v2_chr6C	236000000	238000000	2000000	10730	0.005365
Asat_OT3098_v2_chr6C	238000000	240000000	2000000	69519	0.034759
Asat_OT3098_v2_chr6C	240000000	242000000	2000000	22935	0.011468
Asat_OT3098_v2_chr6C	242000000	244000000	2000000	1869	0.000935
Asat_OT3098_v2_chr6C	244000000	246000000	2000000	3361	0.001680
Asat_OT3098_v2_chr6C	246000000	248000000	2000000	8755	0.004378
Asat_OT3098_v2_chr6C	248000000	250000000	2000000	4868	0.002434
Asat_OT3098_v2_chr6C	250000000	252000000	2000000	40975	0.020487
Asat_OT3098_v2_chr6C	252000000	254000000	2000000	5065	0.002533
Asat_OT3098_v2_chr6C	254000000	256000000	2000000	41472	0.020736
Asat_OT3098_v2_chr6C	256000000	258000000	2000000	0	0.000000
Asat_OT3098_v2_chr6C	258000000	260000000	2000000	10089	0.005045
Asat_OT3098_v2_chr6C	260000000	262000000	2000000	216697	0.108349
Asat_OT3098_v2_chr6C	262000000	264000000	2000000	58507	0.029254
Asat_OT3098_v2_chr6C	264000000	266000000	2000000	32428	0.016214
Asat_OT3098_v2_chr6C	266000000	268000000	2000000	12904	0.006452
Asat_OT3098_v2_chr6C	268000000	270000000	2000000	14340	0.007170
Asat_OT3098_v2_chr6C	270000000	272000000	2000000	3653	0.001826
Asat_OT3098_v2_chr6C	272000000	274000000	2000000	3087	0.001543
Asat_OT3098_v2_chr6C	274000000	276000000	2000000	1597	0.000798
Asat_OT3098_v2_chr6C	276000000	278000000	2000000	13414	0.006707
Asat_OT3098_v2_chr6C	278000000	280000000	2000000	43357	0.021678
Asat_OT3098_v2_chr6C	280000000	282000000	2000000	102916	0.051458
Asat_OT3098_v2_chr6C	282000000	284000000	2000000	24956	0.012478
Asat_OT3098_v2_chr6C	284000000	286000000	2000000	13402	0.006701
Asat_OT3098_v2_chr6C	286000000	288000000	2000000	36042	0.018021
Asat_OT3098_v2_chr6C	288000000	290000000	2000000	17919	0.008960
Asat_OT3098_v2_chr6C	290000000	292000000	2000000	13083	0.006541
Asat_OT3098_v2_chr6C	292000000	294000000	2000000	12602	0.006301
Asat_OT3098_v2_chr6C	294000000	296000000	2000000	21766	0.010883
Asat_OT3098_v2_chr6C	296000000	298000000	2000000	11524	0.005762
Asat_OT3098_v2_chr6C	298000000	300000000	2000000	5733	0.002867
Asat_OT3098_v2_chr6C	300000000	302000000	2000000	5681	0.002841
Asat_OT3098_v2_chr6C	302000000	304000000	2000000	4649	0.002325
Asat_OT3098_v2_chr6C	304000000	306000000	2000000	4523	0.002262
Asat_OT3098_v2_chr6C	306000000	308000000	2000000	0	0.000000
Asat_OT3098_v2_chr6C	308000000	310000000	2000000	9750	0.004875
Asat_OT3098_v2_chr6C	310000000	312000000	2000000	17686	0.008843
Asat_OT3098_v2_chr6C	312000000	314000000	2000000	13571	0.006785
Asat_OT3098_v2_chr6C	314000000	316000000	2000000	5186	0.002593
Asat_OT3098_v2_chr6C	316000000	318000000	2000000	1362	0.000681
Asat_OT3098_v2_chr6C	318000000	320000000	2000000	0	0.000000
Asat_OT3098_v2_chr6C	320000000	322000000	2000000	18204	0.009102
Asat_OT3098_v2_chr6C	322000000	324000000	2000000	25545	0.012773
Asat_OT3098_v2_chr6C	324000000	326000000	2000000	37588	0.018794
Asat_OT3098_v2_chr6C	326000000	328000000	2000000	23299	0.011650
Asat_OT3098_v2_chr6C	328000000	330000000	2000000	103638	0.051819
Asat_OT3098_v2_chr6C	330000000	332000000	2000000	30119	0.015059
Asat_OT3098_v2_chr6C	332000000	334000000	2000000	27226	0.013613
Asat_OT3098_v2_chr6C	334000000	336000000	2000000	2444	0.001222
Asat_OT3098_v2_chr6C	336000000	338000000	2000000	10712	0.005356
Asat_OT3098_v2_chr6C	338000000	340000000	2000000	24034	0.012017
Asat_OT3098_v2_chr6C	340000000	342000000	2000000	13247	0.006624
Asat_OT3098_v2_chr6C	342000000	344000000	2000000	12055	0.006027
Asat_OT3098_v2_chr6C	344000000	346000000	2000000	1710	0.000855
Asat_OT3098_v2_chr6C	346000000	348000000	2000000	16045	0.008023
Asat_OT3098_v2_chr6C	348000000	350000000	2000000	23385	0.011692
Asat_OT3098_v2_chr6C	350000000	352000000	2000000	13015	0.006508
Asat_OT3098_v2_chr6C	352000000	354000000	2000000	15454	0.007727
Asat_OT3098_v2_chr6C	354000000	356000000	2000000	37651	0.018825
Asat_OT3098_v2_chr6C	356000000	358000000	2000000	12164	0.006082
Asat_OT3098_v2_chr6C	358000000	360000000	2000000	25386	0.012693
Asat_OT3098_v2_chr6C	360000000	362000000	2000000	8495	0.004248
Asat_OT3098_v2_chr6C	362000000	364000000	2000000	15701	0.007850
Asat_OT3098_v2_chr6C	364000000	366000000	2000000	25525	0.012762
Asat_OT3098_v2_chr6C	366000000	368000000	2000000	20934	0.010467
Asat_OT3098_v2_chr6C	368000000	370000000	2000000	14503	0.007252
Asat_OT3098_v2_chr6C	370000000	372000000	2000000	15260	0.007630
Asat_OT3098_v2_chr6C	372000000	374000000	2000000	11537	0.005769
Asat_OT3098_v2_chr6C	374000000	376000000	2000000	27768	0.013884
Asat_OT3098_v2_chr6C	376000000	378000000	2000000	11625	0.005812
Asat_OT3098_v2_chr6C	378000000	380000000	2000000	6488	0.003244
Asat_OT3098_v2_chr6C	380000000	382000000	2000000	0	0.000000
Asat_OT3098_v2_chr6C	382000000	384000000	2000000	0	0.000000
Asat_OT3098_v2_chr6C	384000000	386000000	2000000	8422	0.004211
Asat_OT3098_v2_chr6C	386000000	388000000	2000000	5122	0.002561
Asat_OT3098_v2_chr6C	388000000	390000000	2000000	7160	0.003580
Asat_OT3098_v2_chr6C	390000000	392000000	2000000	21214	0.010607
Asat_OT3098_v2_chr6C	392000000	394000000	2000000	5334	0.002667
Asat_OT3098_v2_chr6C	394000000	396000000	2000000	39052	0.019526
Asat_OT3098_v2_chr6C	396000000	398000000	2000000	8295	0.004148
Asat_OT3098_v2_chr6C	398000000	400000000	2000000	2610	0.001305
Asat_OT3098_v2_chr6C	400000000	402000000	2000000	10366	0.005183
Asat_OT3098_v2_chr6C	402000000	404000000	2000000	3794	0.001897
Asat_OT3098_v2_chr6C	404000000	406000000	2000000	13875	0.006938
Asat_OT3098_v2_chr6C	406000000	408000000	2000000	1725	0.000862
Asat_OT3098_v2_chr6C	408000000	410000000	2000000	4131	0.002066
Asat_OT3098_v2_chr6C	410000000	412000000	2000000	10940	0.005470
Asat_OT3098_v2_chr6C	412000000	414000000	2000000	1115	0.000558
Asat_OT3098_v2_chr6C	414000000	416000000	2000000	10060	0.005030
Asat_OT3098_v2_chr6C	416000000	418000000	2000000	28457	0.014228
Asat_OT3098_v2_chr6C	418000000	420000000	2000000	5056	0.002528
Asat_OT3098_v2_chr6C	420000000	422000000	2000000	30570	0.015285
Asat_OT3098_v2_chr6C	422000000	424000000	2000000	6548	0.003274
Asat_OT3098_v2_chr6C	424000000	426000000	2000000	15473	0.007737
Asat_OT3098_v2_chr6C	426000000	428000000	2000000	6789	0.003394
Asat_OT3098_v2_chr6C	428000000	430000000	2000000	10635	0.005318
Asat_OT3098_v2_chr6C	430000000	432000000	2000000	2924	0.001462
Asat_OT3098_v2_chr6C	432000000	434000000	2000000	20075	0.010037
Asat_OT3098_v2_chr6C	434000000	436000000	2000000	19386	0.009693
Asat_OT3098_v2_chr6C	436000000	438000000	2000000	57656	0.028828
Asat_OT3098_v2_chr6C	438000000	440000000	2000000	4064	0.002032
Asat_OT3098_v2_chr6C	440000000	442000000	2000000	13947	0.006973
Asat_OT3098_v2_chr6C	442000000	444000000	2000000	11069	0.005535
Asat_OT3098_v2_chr6C	444000000	446000000	2000000	3577	0.001788
Asat_OT3098_v2_chr6C	446000000	448000000	2000000	3775	0.001888
Asat_OT3098_v2_chr6C	448000000	450000000	2000000	28992	0.014496
Asat_OT3098_v2_chr6C	450000000	452000000	2000000	14634	0.007317
Asat_OT3098_v2_chr6C	452000000	454000000	2000000	4652	0.002326
Asat_OT3098_v2_chr6C	454000000	456000000	2000000	10519	0.005260
Asat_OT3098_v2_chr6C	456000000	458000000	2000000	6102	0.003051
Asat_OT3098_v2_chr6C	458000000	460000000	2000000	25831	0.012915
Asat_OT3098_v2_chr6C	460000000	462000000	2000000	18416	0.009208
Asat_OT3098_v2_chr6C	462000000	464000000	2000000	19859	0.009930
Asat_OT3098_v2_chr6C	464000000	466000000	2000000	16398	0.008199
Asat_OT3098_v2_chr6C	466000000	468000000	2000000	38212	0.019106
Asat_OT3098_v2_chr6C	468000000	470000000	2000000	3414	0.001707
Asat_OT3098_v2_chr6C	470000000	472000000	2000000	636	0.000318
Asat_OT3098_v2_chr6C	472000000	474000000	2000000	20344	0.010172
Asat_OT3098_v2_chr6C	474000000	476000000	2000000	14827	0.007413
Asat_OT3098_v2_chr6C	476000000	478000000	2000000	4578	0.002289
Asat_OT3098_v2_chr6C	478000000	480000000	2000000	46264	0.023132
Asat_OT3098_v2_chr6C	480000000	482000000	2000000	1466	0.000733
Asat_OT3098_v2_chr6C	482000000	484000000	2000000	7000	0.003500
Asat_OT3098_v2_chr6C	484000000	486000000	2000000	19846	0.009923
Asat_OT3098_v2_chr6C	486000000	488000000	2000000	431	0.000216
Asat_OT3098_v2_chr6C	488000000	490000000	2000000	3136	0.001568
Asat_OT3098_v2_chr6C	490000000	492000000	2000000	50208	0.025104
Asat_OT3098_v2_chr6C	492000000	494000000	2000000	16286	0.008143
Asat_OT3098_v2_chr6C	494000000	496000000	2000000	4636	0.002318
Asat_OT3098_v2_chr6C	496000000	498000000	2000000	19578	0.009789
Asat_OT3098_v2_chr6C	498000000	500000000	2000000	29201	0.014601
Asat_OT3098_v2_chr6C	500000000	502000000	2000000	35594	0.017797
Asat_OT3098_v2_chr6C	502000000	504000000	2000000	13034	0.006517
Asat_OT3098_v2_chr6C	504000000	506000000	2000000	32165	0.016082
Asat_OT3098_v2_chr6C	506000000	508000000	2000000	11220	0.005610
Asat_OT3098_v2_chr6C	508000000	510000000	2000000	0	0.000000
Asat_OT3098_v2_chr6C	510000000	512000000	2000000	56911	0.028456
Asat_OT3098_v2_chr6C	512000000	514000000	2000000	13827	0.006914
Asat_OT3098_v2_chr6C	514000000	516000000	2000000	4105	0.002053
Asat_OT3098_v2_chr6C	516000000	518000000	2000000	3881	0.001940
Asat_OT3098_v2_chr6C	518000000	520000000	2000000	30160	0.015080
Asat_OT3098_v2_chr6C	520000000	522000000	2000000	24704	0.012352
Asat_OT3098_v2_chr6C	522000000	524000000	2000000	10804	0.005402
Asat_OT3098_v2_chr6C	524000000	526000000	2000000	7831	0.003915
Asat_OT3098_v2_chr6C	526000000	528000000	2000000	24234	0.012117
Asat_OT3098_v2_chr6C	528000000	530000000	2000000	6266	0.003133
Asat_OT3098_v2_chr6C	530000000	532000000	2000000	6294	0.003147
Asat_OT3098_v2_chr6C	532000000	534000000	2000000	64220	0.032110
Asat_OT3098_v2_chr6C	534000000	536000000	2000000	1645	0.000822
Asat_OT3098_v2_chr6C	536000000	538000000	2000000	9016	0.004508
Asat_OT3098_v2_chr6C	538000000	540000000	2000000	12312	0.006156
Asat_OT3098_v2_chr6C	540000000	542000000	2000000	10691	0.005346
Asat_OT3098_v2_chr6C	542000000	544000000	2000000	18561	0.009281
Asat_OT3098_v2_chr6C	544000000	546000000	2000000	47396	0.023698
Asat_OT3098_v2_chr6C	546000000	548000000	2000000	55001	0.027501
Asat_OT3098_v2_chr6C	548000000	550000000	2000000	56218	0.028109
Asat_OT3098_v2_chr6C	550000000	552000000	2000000	78822	0.039411
Asat_OT3098_v2_chr6C	552000000	554000000	2000000	41583	0.020792
Asat_OT3098_v2_chr6C	554000000	556000000	2000000	12819	0.006410
Asat_OT3098_v2_chr6C	556000000	558000000	2000000	2124	0.001062
Asat_OT3098_v2_chr6C	558000000	560000000	2000000	1311	0.000656
Asat_OT3098_v2_chr6C	560000000	562000000	2000000	5233	0.002616
Asat_OT3098_v2_chr6C	562000000	564000000	2000000	3610	0.001805
Asat_OT3098_v2_chr6C	564000000	566000000	2000000	4875	0.002437
Asat_OT3098_v2_chr6C	566000000	568000000	2000000	2302	0.001151
Asat_OT3098_v2_chr6C	568000000	570000000	2000000	5794	0.002897
Asat_OT3098_v2_chr6C	570000000	572000000	2000000	2947	0.001473
Asat_OT3098_v2_chr6C	572000000	574000000	2000000	5182	0.002591
Asat_OT3098_v2_chr6C	574000000	576000000	2000000	9851	0.004926
Asat_OT3098_v2_chr6C	576000000	578000000	2000000	51049	0.025524
Asat_OT3098_v2_chr6C	578000000	580000000	2000000	3463	0.001731
Asat_OT3098_v2_chr6C	580000000	582000000	2000000	3898	0.001949
Asat_OT3098_v2_chr6C	582000000	584000000	2000000	6300	0.003150
Asat_OT3098_v2_chr6C	584000000	586000000	2000000	0	0.000000
Asat_OT3098_v2_chr6C	586000000	588000000	2000000	969	0.000485
Asat_OT3098_v2_chr6C	588000000	590000000	2000000	18188	0.009094
Asat_OT3098_v2_chr6C	590000000	592000000	2000000	22967	0.011484
Asat_OT3098_v2_chr6C	592000000	594000000	2000000	15968	0.007984
Asat_OT3098_v2_chr6C	594000000	596000000	2000000	0	0.000000
Asat_OT3098_v2_chr6C	596000000	598000000	2000000	784	0.000392
Asat_OT3098_v2_chr6C	598000000	600000000	2000000	13140	0.006570
Asat_OT3098_v2_chr6C	600000000	602000000	2000000	98	0.000049
Asat_OT3098_v2_chr6C	602000000	604000000	2000000	94124	0.047062
Asat_OT3098_v2_chr6C	604000000	606000000	2000000	3534	0.001767
Asat_OT3098_v2_chr6C	606000000	608000000	2000000	146531	0.073265
Asat_OT3098_v2_chr6C	608000000	610000000	2000000	29638	0.014819
Asat_OT3098_v2_chr6C	610000000	612000000	2000000	31092	0.015546
Asat_OT3098_v2_chr6C	612000000	614000000	2000000	7921	0.003960
Asat_OT3098_v2_chr6C	614000000	616000000	2000000	9222	0.004611
Asat_OT3098_v2_chr6C	616000000	618000000	2000000	42319	0.021160
Asat_OT3098_v2_chr6C	618000000	620000000	2000000	54505	0.027252
Asat_OT3098_v2_chr6C	620000000	622000000	2000000	223546	0.111773
Asat_OT3098_v2_chr6C	622000000	624000000	2000000	5858	0.002929
Asat_OT3098_v2_chr6C	624000000	626000000	2000000	36977	0.018489
Asat_OT3098_v2_chr6C	626000000	626220839	220839	0	0.000000
Asat_OT3098_v2_chr6D	0	2000000	2000000	0	0.000000
Asat_OT3098_v2_chr6D	2000000	4000000	2000000	0	0.000000
Asat_OT3098_v2_chr6D	4000000	6000000	2000000	0	0.000000
Asat_OT3098_v2_chr6D	6000000	8000000	2000000	0	0.000000
Asat_OT3098_v2_chr6D	8000000	10000000	2000000	0	0.000000
Asat_OT3098_v2_chr6D	10000000	12000000	2000000	0	0.000000
Asat_OT3098_v2_chr6D	12000000	14000000	2000000	0	0.000000
Asat_OT3098_v2_chr6D	14000000	16000000	2000000	0	0.000000
Asat_OT3098_v2_chr6D	16000000	18000000	2000000	0	0.000000
Asat_OT3098_v2_chr6D	18000000	20000000	2000000	0	0.000000
Asat_OT3098_v2_chr6D	20000000	22000000	2000000	0	0.000000
Asat_OT3098_v2_chr6D	22000000	24000000	2000000	0	0.000000
Asat_OT3098_v2_chr6D	24000000	26000000	2000000	0	0.000000
Asat_OT3098_v2_chr6D	26000000	28000000	2000000	0	0.000000
Asat_OT3098_v2_chr6D	28000000	30000000	2000000	0	0.000000
Asat_OT3098_v2_chr6D	30000000	32000000	2000000	0	0.000000
Asat_OT3098_v2_chr6D	32000000	34000000	2000000	0	0.000000
Asat_OT3098_v2_chr6D	34000000	36000000	2000000	0	0.000000
Asat_OT3098_v2_chr6D	36000000	38000000	2000000	0	0.000000
Asat_OT3098_v2_chr6D	38000000	40000000	2000000	0	0.000000
Asat_OT3098_v2_chr6D	40000000	42000000	2000000	0	0.000000
Asat_OT3098_v2_chr6D	42000000	44000000	2000000	0	0.000000
Asat_OT3098_v2_chr6D	44000000	46000000	2000000	0	0.000000
Asat_OT3098_v2_chr6D	46000000	48000000	2000000	0	0.000000
Asat_OT3098_v2_chr6D	48000000	50000000	2000000	0	0.000000
Asat_OT3098_v2_chr6D	50000000	52000000	2000000	0	0.000000
Asat_OT3098_v2_chr6D	52000000	54000000	2000000	0	0.000000
Asat_OT3098_v2_chr6D	54000000	56000000	2000000	0	0.000000
Asat_OT3098_v2_chr6D	56000000	58000000	2000000	0	0.000000
Asat_OT3098_v2_chr6D	58000000	60000000	2000000	0	0.000000
Asat_OT3098_v2_chr6D	60000000	62000000	2000000	0	0.000000
Asat_OT3098_v2_chr6D	62000000	64000000	2000000	0	0.000000
Asat_OT3098_v2_chr6D	64000000	66000000	2000000	0	0.000000
Asat_OT3098_v2_chr6D	66000000	68000000	2000000	0	0.000000
Asat_OT3098_v2_chr6D	68000000	70000000	2000000	425	0.000212
Asat_OT3098_v2_chr6D	70000000	72000000	2000000	0	0.000000
Asat_OT3098_v2_chr6D	72000000	74000000	2000000	0	0.000000
Asat_OT3098_v2_chr6D	74000000	76000000	2000000	0	0.000000
Asat_OT3098_v2_chr6D	76000000	78000000	2000000	0	0.000000
Asat_OT3098_v2_chr6D	78000000	80000000	2000000	0	0.000000
Asat_OT3098_v2_chr6D	80000000	82000000	2000000	0	0.000000
Asat_OT3098_v2_chr6D	82000000	84000000	2000000	0	0.000000
Asat_OT3098_v2_chr6D	84000000	86000000	2000000	0	0.000000
Asat_OT3098_v2_chr6D	86000000	88000000	2000000	0	0.000000
Asat_OT3098_v2_chr6D	88000000	90000000	2000000	0	0.000000
Asat_OT3098_v2_chr6D	90000000	92000000	2000000	0	0.000000
Asat_OT3098_v2_chr6D	92000000	94000000	2000000	0	0.000000
Asat_OT3098_v2_chr6D	94000000	96000000	2000000	0	0.000000
Asat_OT3098_v2_chr6D	96000000	98000000	2000000	0	0.000000
Asat_OT3098_v2_chr6D	98000000	100000000	2000000	0	0.000000
Asat_OT3098_v2_chr6D	100000000	102000000	2000000	0	0.000000
Asat_OT3098_v2_chr6D	102000000	104000000	2000000	0	0.000000
Asat_OT3098_v2_chr6D	104000000	106000000	2000000	0	0.000000
Asat_OT3098_v2_chr6D	106000000	108000000	2000000	0	0.000000
Asat_OT3098_v2_chr6D	108000000	110000000	2000000	0	0.000000
Asat_OT3098_v2_chr6D	110000000	112000000	2000000	0	0.000000
Asat_OT3098_v2_chr6D	112000000	114000000	2000000	0	0.000000
Asat_OT3098_v2_chr6D	114000000	116000000	2000000	0	0.000000
Asat_OT3098_v2_chr6D	116000000	118000000	2000000	0	0.000000
Asat_OT3098_v2_chr6D	118000000	120000000	2000000	0	0.000000
Asat_OT3098_v2_chr6D	120000000	122000000	2000000	0	0.000000
Asat_OT3098_v2_chr6D	122000000	124000000	2000000	0	0.000000
Asat_OT3098_v2_chr6D	124000000	126000000	2000000	0	0.000000
Asat_OT3098_v2_chr6D	126000000	128000000	2000000	0	0.000000
Asat_OT3098_v2_chr6D	128000000	130000000	2000000	0	0.000000
Asat_OT3098_v2_chr6D	130000000	132000000	2000000	0	0.000000
Asat_OT3098_v2_chr6D	132000000	134000000	2000000	0	0.000000
Asat_OT3098_v2_chr6D	134000000	136000000	2000000	0	0.000000
Asat_OT3098_v2_chr6D	136000000	138000000	2000000	0	0.000000
Asat_OT3098_v2_chr6D	138000000	140000000	2000000	0	0.000000
Asat_OT3098_v2_chr6D	140000000	142000000	2000000	0	0.000000
Asat_OT3098_v2_chr6D	142000000	144000000	2000000	0	0.000000
Asat_OT3098_v2_chr6D	144000000	146000000	2000000	0	0.000000
Asat_OT3098_v2_chr6D	146000000	148000000	2000000	0	0.000000
Asat_OT3098_v2_chr6D	148000000	150000000	2000000	0	0.000000
Asat_OT3098_v2_chr6D	150000000	152000000	2000000	0	0.000000
Asat_OT3098_v2_chr6D	152000000	154000000	2000000	0	0.000000
Asat_OT3098_v2_chr6D	154000000	156000000	2000000	0	0.000000
Asat_OT3098_v2_chr6D	156000000	158000000	2000000	0	0.000000
Asat_OT3098_v2_chr6D	158000000	160000000	2000000	0	0.000000
Asat_OT3098_v2_chr6D	160000000	162000000	2000000	0	0.000000
Asat_OT3098_v2_chr6D	162000000	164000000	2000000	0	0.000000
Asat_OT3098_v2_chr6D	164000000	166000000	2000000	0	0.000000
Asat_OT3098_v2_chr6D	166000000	168000000	2000000	0	0.000000
Asat_OT3098_v2_chr6D	168000000	170000000	2000000	0	0.000000
Asat_OT3098_v2_chr6D	170000000	172000000	2000000	0	0.000000
Asat_OT3098_v2_chr6D	172000000	174000000	2000000	0	0.000000
Asat_OT3098_v2_chr6D	174000000	176000000	2000000	0	0.000000
Asat_OT3098_v2_chr6D	176000000	178000000	2000000	0	0.000000
Asat_OT3098_v2_chr6D	178000000	180000000	2000000	0	0.000000
Asat_OT3098_v2_chr6D	180000000	182000000	2000000	0	0.000000
Asat_OT3098_v2_chr6D	182000000	184000000	2000000	0	0.000000
Asat_OT3098_v2_chr6D	184000000	186000000	2000000	0	0.000000
Asat_OT3098_v2_chr6D	186000000	188000000	2000000	0	0.000000
Asat_OT3098_v2_chr6D	188000000	190000000	2000000	0	0.000000
Asat_OT3098_v2_chr6D	190000000	192000000	2000000	0	0.000000
Asat_OT3098_v2_chr6D	192000000	194000000	2000000	0	0.000000
Asat_OT3098_v2_chr6D	194000000	196000000	2000000	0	0.000000
Asat_OT3098_v2_chr6D	196000000	198000000	2000000	0	0.000000
Asat_OT3098_v2_chr6D	198000000	200000000	2000000	0	0.000000
Asat_OT3098_v2_chr6D	200000000	202000000	2000000	0	0.000000
Asat_OT3098_v2_chr6D	202000000	204000000	2000000	0	0.000000
Asat_OT3098_v2_chr6D	204000000	206000000	2000000	0	0.000000
Asat_OT3098_v2_chr6D	206000000	208000000	2000000	0	0.000000
Asat_OT3098_v2_chr6D	208000000	210000000	2000000	0	0.000000
Asat_OT3098_v2_chr6D	210000000	212000000	2000000	0	0.000000
Asat_OT3098_v2_chr6D	212000000	214000000	2000000	0	0.000000
Asat_OT3098_v2_chr6D	214000000	216000000	2000000	0	0.000000
Asat_OT3098_v2_chr6D	216000000	218000000	2000000	0	0.000000
Asat_OT3098_v2_chr6D	218000000	220000000	2000000	0	0.000000
Asat_OT3098_v2_chr6D	220000000	222000000	2000000	0	0.000000
Asat_OT3098_v2_chr6D	222000000	224000000	2000000	0	0.000000
Asat_OT3098_v2_chr6D	224000000	226000000	2000000	0	0.000000
Asat_OT3098_v2_chr6D	226000000	228000000	2000000	0	0.000000
Asat_OT3098_v2_chr6D	228000000	230000000	2000000	0	0.000000
Asat_OT3098_v2_chr6D	230000000	232000000	2000000	0	0.000000
Asat_OT3098_v2_chr6D	232000000	234000000	2000000	0	0.000000
Asat_OT3098_v2_chr6D	234000000	236000000	2000000	0	0.000000
Asat_OT3098_v2_chr6D	236000000	238000000	2000000	0	0.000000
Asat_OT3098_v2_chr6D	238000000	240000000	2000000	0	0.000000
Asat_OT3098_v2_chr6D	240000000	242000000	2000000	0	0.000000
Asat_OT3098_v2_chr6D	242000000	244000000	2000000	0	0.000000
Asat_OT3098_v2_chr6D	244000000	246000000	2000000	0	0.000000
Asat_OT3098_v2_chr6D	246000000	248000000	2000000	0	0.000000
Asat_OT3098_v2_chr6D	248000000	250000000	2000000	0	0.000000
Asat_OT3098_v2_chr6D	250000000	252000000	2000000	0	0.000000
Asat_OT3098_v2_chr6D	252000000	254000000	2000000	0	0.000000
Asat_OT3098_v2_chr6D	254000000	256000000	2000000	0	0.000000
Asat_OT3098_v2_chr6D	256000000	258000000	2000000	0	0.000000
Asat_OT3098_v2_chr6D	258000000	260000000	2000000	0	0.000000
Asat_OT3098_v2_chr6D	260000000	262000000	2000000	0	0.000000
Asat_OT3098_v2_chr6D	262000000	264000000	2000000	0	0.000000
Asat_OT3098_v2_chr6D	264000000	266000000	2000000	0	0.000000
Asat_OT3098_v2_chr6D	266000000	268000000	2000000	0	0.000000
Asat_OT3098_v2_chr6D	268000000	270000000	2000000	0	0.000000
Asat_OT3098_v2_chr6D	270000000	272000000	2000000	0	0.000000
Asat_OT3098_v2_chr6D	272000000	274000000	2000000	0	0.000000
Asat_OT3098_v2_chr6D	274000000	276000000	2000000	0	0.000000
Asat_OT3098_v2_chr6D	276000000	278000000	2000000	0	0.000000
Asat_OT3098_v2_chr6D	278000000	280000000	2000000	0	0.000000
Asat_OT3098_v2_chr6D	280000000	282000000	2000000	0	0.000000
Asat_OT3098_v2_chr6D	282000000	284000000	2000000	0	0.000000
Asat_OT3098_v2_chr6D	284000000	286000000	2000000	0	0.000000
Asat_OT3098_v2_chr6D	286000000	288000000	2000000	0	0.000000
Asat_OT3098_v2_chr6D	288000000	290000000	2000000	0	0.000000
Asat_OT3098_v2_chr6D	290000000	292000000	2000000	0	0.000000
Asat_OT3098_v2_chr6D	292000000	294000000	2000000	0	0.000000
Asat_OT3098_v2_chr6D	294000000	296000000	2000000	0	0.000000
Asat_OT3098_v2_chr6D	296000000	298000000	2000000	0	0.000000
Asat_OT3098_v2_chr6D	298000000	298028472	28472	0	0.000000
Asat_OT3098_v2_chr7A	0	2000000	2000000	0	0.000000
Asat_OT3098_v2_chr7A	2000000	4000000	2000000	0	0.000000
Asat_OT3098_v2_chr7A	4000000	6000000	2000000	0	0.000000
Asat_OT3098_v2_chr7A	6000000	8000000	2000000	0	0.000000
Asat_OT3098_v2_chr7A	8000000	10000000	2000000	0	0.000000
Asat_OT3098_v2_chr7A	10000000	12000000	2000000	0	0.000000
Asat_OT3098_v2_chr7A	12000000	14000000	2000000	0	0.000000
Asat_OT3098_v2_chr7A	14000000	16000000	2000000	0	0.000000
Asat_OT3098_v2_chr7A	16000000	18000000	2000000	0	0.000000
Asat_OT3098_v2_chr7A	18000000	20000000	2000000	0	0.000000
Asat_OT3098_v2_chr7A	20000000	22000000	2000000	0	0.000000
Asat_OT3098_v2_chr7A	22000000	24000000	2000000	0	0.000000
Asat_OT3098_v2_chr7A	24000000	26000000	2000000	0	0.000000
Asat_OT3098_v2_chr7A	26000000	28000000	2000000	0	0.000000
Asat_OT3098_v2_chr7A	28000000	30000000	2000000	0	0.000000
Asat_OT3098_v2_chr7A	30000000	32000000	2000000	0	0.000000
Asat_OT3098_v2_chr7A	32000000	34000000	2000000	0	0.000000
Asat_OT3098_v2_chr7A	34000000	36000000	2000000	0	0.000000
Asat_OT3098_v2_chr7A	36000000	38000000	2000000	0	0.000000
Asat_OT3098_v2_chr7A	38000000	40000000	2000000	0	0.000000
Asat_OT3098_v2_chr7A	40000000	42000000	2000000	0	0.000000
Asat_OT3098_v2_chr7A	42000000	44000000	2000000	0	0.000000
Asat_OT3098_v2_chr7A	44000000	46000000	2000000	0	0.000000
Asat_OT3098_v2_chr7A	46000000	48000000	2000000	0	0.000000
Asat_OT3098_v2_chr7A	48000000	50000000	2000000	0	0.000000
Asat_OT3098_v2_chr7A	50000000	52000000	2000000	0	0.000000
Asat_OT3098_v2_chr7A	52000000	54000000	2000000	0	0.000000
Asat_OT3098_v2_chr7A	54000000	56000000	2000000	0	0.000000
Asat_OT3098_v2_chr7A	56000000	58000000	2000000	0	0.000000
Asat_OT3098_v2_chr7A	58000000	60000000	2000000	0	0.000000
Asat_OT3098_v2_chr7A	60000000	62000000	2000000	0	0.000000
Asat_OT3098_v2_chr7A	62000000	64000000	2000000	0	0.000000
Asat_OT3098_v2_chr7A	64000000	66000000	2000000	0	0.000000
Asat_OT3098_v2_chr7A	66000000	68000000	2000000	0	0.000000
Asat_OT3098_v2_chr7A	68000000	70000000	2000000	0	0.000000
Asat_OT3098_v2_chr7A	70000000	72000000	2000000	0	0.000000
Asat_OT3098_v2_chr7A	72000000	74000000	2000000	0	0.000000
Asat_OT3098_v2_chr7A	74000000	76000000	2000000	0	0.000000
Asat_OT3098_v2_chr7A	76000000	78000000	2000000	0	0.000000
Asat_OT3098_v2_chr7A	78000000	80000000	2000000	0	0.000000
Asat_OT3098_v2_chr7A	80000000	82000000	2000000	0	0.000000
Asat_OT3098_v2_chr7A	82000000	84000000	2000000	0	0.000000
Asat_OT3098_v2_chr7A	84000000	86000000	2000000	0	0.000000
Asat_OT3098_v2_chr7A	86000000	88000000	2000000	0	0.000000
Asat_OT3098_v2_chr7A	88000000	90000000	2000000	0	0.000000
Asat_OT3098_v2_chr7A	90000000	92000000	2000000	0	0.000000
Asat_OT3098_v2_chr7A	92000000	94000000	2000000	0	0.000000
Asat_OT3098_v2_chr7A	94000000	96000000	2000000	0	0.000000
Asat_OT3098_v2_chr7A	96000000	98000000	2000000	0	0.000000
Asat_OT3098_v2_chr7A	98000000	100000000	2000000	0	0.000000
Asat_OT3098_v2_chr7A	100000000	102000000	2000000	0	0.000000
Asat_OT3098_v2_chr7A	102000000	104000000	2000000	0	0.000000
Asat_OT3098_v2_chr7A	104000000	106000000	2000000	0	0.000000
Asat_OT3098_v2_chr7A	106000000	108000000	2000000	0	0.000000
Asat_OT3098_v2_chr7A	108000000	110000000	2000000	0	0.000000
Asat_OT3098_v2_chr7A	110000000	112000000	2000000	0	0.000000
Asat_OT3098_v2_chr7A	112000000	114000000	2000000	0	0.000000
Asat_OT3098_v2_chr7A	114000000	116000000	2000000	0	0.000000
Asat_OT3098_v2_chr7A	116000000	118000000	2000000	0	0.000000
Asat_OT3098_v2_chr7A	118000000	120000000	2000000	0	0.000000
Asat_OT3098_v2_chr7A	120000000	122000000	2000000	0	0.000000
Asat_OT3098_v2_chr7A	122000000	124000000	2000000	0	0.000000
Asat_OT3098_v2_chr7A	124000000	126000000	2000000	0	0.000000
Asat_OT3098_v2_chr7A	126000000	128000000	2000000	0	0.000000
Asat_OT3098_v2_chr7A	128000000	130000000	2000000	0	0.000000
Asat_OT3098_v2_chr7A	130000000	132000000	2000000	0	0.000000
Asat_OT3098_v2_chr7A	132000000	134000000	2000000	0	0.000000
Asat_OT3098_v2_chr7A	134000000	136000000	2000000	0	0.000000
Asat_OT3098_v2_chr7A	136000000	138000000	2000000	0	0.000000
Asat_OT3098_v2_chr7A	138000000	140000000	2000000	0	0.000000
Asat_OT3098_v2_chr7A	140000000	142000000	2000000	0	0.000000
Asat_OT3098_v2_chr7A	142000000	144000000	2000000	0	0.000000
Asat_OT3098_v2_chr7A	144000000	146000000	2000000	0	0.000000
Asat_OT3098_v2_chr7A	146000000	148000000	2000000	0	0.000000
Asat_OT3098_v2_chr7A	148000000	150000000	2000000	0	0.000000
Asat_OT3098_v2_chr7A	150000000	152000000	2000000	0	0.000000
Asat_OT3098_v2_chr7A	152000000	154000000	2000000	0	0.000000
Asat_OT3098_v2_chr7A	154000000	156000000	2000000	0	0.000000
Asat_OT3098_v2_chr7A	156000000	158000000	2000000	0	0.000000
Asat_OT3098_v2_chr7A	158000000	160000000	2000000	0	0.000000
Asat_OT3098_v2_chr7A	160000000	162000000	2000000	0	0.000000
Asat_OT3098_v2_chr7A	162000000	164000000	2000000	0	0.000000
Asat_OT3098_v2_chr7A	164000000	166000000	2000000	0	0.000000
Asat_OT3098_v2_chr7A	166000000	168000000	2000000	0	0.000000
Asat_OT3098_v2_chr7A	168000000	170000000	2000000	0	0.000000
Asat_OT3098_v2_chr7A	170000000	172000000	2000000	0	0.000000
Asat_OT3098_v2_chr7A	172000000	174000000	2000000	0	0.000000
Asat_OT3098_v2_chr7A	174000000	176000000	2000000	0	0.000000
Asat_OT3098_v2_chr7A	176000000	178000000	2000000	0	0.000000
Asat_OT3098_v2_chr7A	178000000	180000000	2000000	0	0.000000
Asat_OT3098_v2_chr7A	180000000	182000000	2000000	0	0.000000
Asat_OT3098_v2_chr7A	182000000	184000000	2000000	0	0.000000
Asat_OT3098_v2_chr7A	184000000	186000000	2000000	0	0.000000
Asat_OT3098_v2_chr7A	186000000	188000000	2000000	0	0.000000
Asat_OT3098_v2_chr7A	188000000	190000000	2000000	0	0.000000
Asat_OT3098_v2_chr7A	190000000	192000000	2000000	0	0.000000
Asat_OT3098_v2_chr7A	192000000	194000000	2000000	0	0.000000
Asat_OT3098_v2_chr7A	194000000	196000000	2000000	0	0.000000
Asat_OT3098_v2_chr7A	196000000	198000000	2000000	0	0.000000
Asat_OT3098_v2_chr7A	198000000	200000000	2000000	0	0.000000
Asat_OT3098_v2_chr7A	200000000	202000000	2000000	0	0.000000
Asat_OT3098_v2_chr7A	202000000	204000000	2000000	0	0.000000
Asat_OT3098_v2_chr7A	204000000	206000000	2000000	0	0.000000
Asat_OT3098_v2_chr7A	206000000	208000000	2000000	0	0.000000
Asat_OT3098_v2_chr7A	208000000	210000000	2000000	0	0.000000
Asat_OT3098_v2_chr7A	210000000	212000000	2000000	0	0.000000
Asat_OT3098_v2_chr7A	212000000	214000000	2000000	0	0.000000
Asat_OT3098_v2_chr7A	214000000	216000000	2000000	0	0.000000
Asat_OT3098_v2_chr7A	216000000	218000000	2000000	0	0.000000
Asat_OT3098_v2_chr7A	218000000	220000000	2000000	0	0.000000
Asat_OT3098_v2_chr7A	220000000	222000000	2000000	0	0.000000
Asat_OT3098_v2_chr7A	222000000	224000000	2000000	0	0.000000
Asat_OT3098_v2_chr7A	224000000	226000000	2000000	0	0.000000
Asat_OT3098_v2_chr7A	226000000	228000000	2000000	0	0.000000
Asat_OT3098_v2_chr7A	228000000	230000000	2000000	0	0.000000
Asat_OT3098_v2_chr7A	230000000	232000000	2000000	0	0.000000
Asat_OT3098_v2_chr7A	232000000	234000000	2000000	0	0.000000
Asat_OT3098_v2_chr7A	234000000	236000000	2000000	0	0.000000
Asat_OT3098_v2_chr7A	236000000	238000000	2000000	0	0.000000
Asat_OT3098_v2_chr7A	238000000	240000000	2000000	0	0.000000
Asat_OT3098_v2_chr7A	240000000	242000000	2000000	0	0.000000
Asat_OT3098_v2_chr7A	242000000	244000000	2000000	0	0.000000
Asat_OT3098_v2_chr7A	244000000	246000000	2000000	0	0.000000
Asat_OT3098_v2_chr7A	246000000	248000000	2000000	0	0.000000
Asat_OT3098_v2_chr7A	248000000	250000000	2000000	0	0.000000
Asat_OT3098_v2_chr7A	250000000	252000000	2000000	0	0.000000
Asat_OT3098_v2_chr7A	252000000	254000000	2000000	0	0.000000
Asat_OT3098_v2_chr7A	254000000	256000000	2000000	0	0.000000
Asat_OT3098_v2_chr7A	256000000	258000000	2000000	0	0.000000
Asat_OT3098_v2_chr7A	258000000	260000000	2000000	0	0.000000
Asat_OT3098_v2_chr7A	260000000	262000000	2000000	0	0.000000
Asat_OT3098_v2_chr7A	262000000	264000000	2000000	0	0.000000
Asat_OT3098_v2_chr7A	264000000	266000000	2000000	0	0.000000
Asat_OT3098_v2_chr7A	266000000	268000000	2000000	0	0.000000
Asat_OT3098_v2_chr7A	268000000	270000000	2000000	0	0.000000
Asat_OT3098_v2_chr7A	270000000	272000000	2000000	0	0.000000
Asat_OT3098_v2_chr7A	272000000	274000000	2000000	0	0.000000
Asat_OT3098_v2_chr7A	274000000	276000000	2000000	0	0.000000
Asat_OT3098_v2_chr7A	276000000	278000000	2000000	0	0.000000
Asat_OT3098_v2_chr7A	278000000	280000000	2000000	0	0.000000
Asat_OT3098_v2_chr7A	280000000	282000000	2000000	0	0.000000
Asat_OT3098_v2_chr7A	282000000	284000000	2000000	0	0.000000
Asat_OT3098_v2_chr7A	284000000	286000000	2000000	0	0.000000
Asat_OT3098_v2_chr7A	286000000	288000000	2000000	0	0.000000
Asat_OT3098_v2_chr7A	288000000	290000000	2000000	0	0.000000
Asat_OT3098_v2_chr7A	290000000	292000000	2000000	0	0.000000
Asat_OT3098_v2_chr7A	292000000	294000000	2000000	0	0.000000
Asat_OT3098_v2_chr7A	294000000	296000000	2000000	0	0.000000
Asat_OT3098_v2_chr7A	296000000	298000000	2000000	0	0.000000
Asat_OT3098_v2_chr7A	298000000	300000000	2000000	0	0.000000
Asat_OT3098_v2_chr7A	300000000	302000000	2000000	0	0.000000
Asat_OT3098_v2_chr7A	302000000	304000000	2000000	0	0.000000
Asat_OT3098_v2_chr7A	304000000	306000000	2000000	0	0.000000
Asat_OT3098_v2_chr7A	306000000	308000000	2000000	0	0.000000
Asat_OT3098_v2_chr7A	308000000	310000000	2000000	0	0.000000
Asat_OT3098_v2_chr7A	310000000	312000000	2000000	0	0.000000
Asat_OT3098_v2_chr7A	312000000	314000000	2000000	0	0.000000
Asat_OT3098_v2_chr7A	314000000	316000000	2000000	0	0.000000
Asat_OT3098_v2_chr7A	316000000	318000000	2000000	0	0.000000
Asat_OT3098_v2_chr7A	318000000	320000000	2000000	0	0.000000
Asat_OT3098_v2_chr7A	320000000	322000000	2000000	0	0.000000
Asat_OT3098_v2_chr7A	322000000	324000000	2000000	0	0.000000
Asat_OT3098_v2_chr7A	324000000	326000000	2000000	0	0.000000
Asat_OT3098_v2_chr7A	326000000	328000000	2000000	0	0.000000
Asat_OT3098_v2_chr7A	328000000	330000000	2000000	0	0.000000
Asat_OT3098_v2_chr7A	330000000	332000000	2000000	0	0.000000
Asat_OT3098_v2_chr7A	332000000	334000000	2000000	0	0.000000
Asat_OT3098_v2_chr7A	334000000	336000000	2000000	0	0.000000
Asat_OT3098_v2_chr7A	336000000	338000000	2000000	0	0.000000
Asat_OT3098_v2_chr7A	338000000	340000000	2000000	0	0.000000
Asat_OT3098_v2_chr7A	340000000	342000000	2000000	0	0.000000
Asat_OT3098_v2_chr7A	342000000	344000000	2000000	0	0.000000
Asat_OT3098_v2_chr7A	344000000	346000000	2000000	0	0.000000
Asat_OT3098_v2_chr7A	346000000	348000000	2000000	0	0.000000
Asat_OT3098_v2_chr7A	348000000	350000000	2000000	0	0.000000
Asat_OT3098_v2_chr7A	350000000	352000000	2000000	0	0.000000
Asat_OT3098_v2_chr7A	352000000	354000000	2000000	0	0.000000
Asat_OT3098_v2_chr7A	354000000	356000000	2000000	0	0.000000
Asat_OT3098_v2_chr7A	356000000	358000000	2000000	0	0.000000
Asat_OT3098_v2_chr7A	358000000	360000000	2000000	0	0.000000
Asat_OT3098_v2_chr7A	360000000	362000000	2000000	0	0.000000
Asat_OT3098_v2_chr7A	362000000	364000000	2000000	0	0.000000
Asat_OT3098_v2_chr7A	364000000	366000000	2000000	0	0.000000
Asat_OT3098_v2_chr7A	366000000	368000000	2000000	0	0.000000
Asat_OT3098_v2_chr7A	368000000	370000000	2000000	0	0.000000
Asat_OT3098_v2_chr7A	370000000	372000000	2000000	0	0.000000
Asat_OT3098_v2_chr7A	372000000	374000000	2000000	0	0.000000
Asat_OT3098_v2_chr7A	374000000	376000000	2000000	0	0.000000
Asat_OT3098_v2_chr7A	376000000	378000000	2000000	0	0.000000
Asat_OT3098_v2_chr7A	378000000	380000000	2000000	0	0.000000
Asat_OT3098_v2_chr7A	380000000	382000000	2000000	0	0.000000
Asat_OT3098_v2_chr7A	382000000	384000000	2000000	0	0.000000
Asat_OT3098_v2_chr7A	384000000	386000000	2000000	0	0.000000
Asat_OT3098_v2_chr7A	386000000	388000000	2000000	0	0.000000
Asat_OT3098_v2_chr7A	388000000	390000000	2000000	0	0.000000
Asat_OT3098_v2_chr7A	390000000	392000000	2000000	0	0.000000
Asat_OT3098_v2_chr7A	392000000	394000000	2000000	0	0.000000
Asat_OT3098_v2_chr7A	394000000	396000000	2000000	0	0.000000
Asat_OT3098_v2_chr7A	396000000	398000000	2000000	0	0.000000
Asat_OT3098_v2_chr7A	398000000	400000000	2000000	0	0.000000
Asat_OT3098_v2_chr7A	400000000	402000000	2000000	0	0.000000
Asat_OT3098_v2_chr7A	402000000	404000000	2000000	0	0.000000
Asat_OT3098_v2_chr7A	404000000	406000000	2000000	0	0.000000
Asat_OT3098_v2_chr7A	406000000	408000000	2000000	0	0.000000
Asat_OT3098_v2_chr7A	408000000	410000000	2000000	0	0.000000
Asat_OT3098_v2_chr7A	410000000	412000000	2000000	0	0.000000
Asat_OT3098_v2_chr7A	412000000	414000000	2000000	0	0.000000
Asat_OT3098_v2_chr7A	414000000	416000000	2000000	0	0.000000
Asat_OT3098_v2_chr7A	416000000	418000000	2000000	0	0.000000
Asat_OT3098_v2_chr7A	418000000	420000000	2000000	0	0.000000
Asat_OT3098_v2_chr7A	420000000	422000000	2000000	0	0.000000
Asat_OT3098_v2_chr7A	422000000	424000000	2000000	0	0.000000
Asat_OT3098_v2_chr7A	424000000	426000000	2000000	0	0.000000
Asat_OT3098_v2_chr7A	426000000	428000000	2000000	0	0.000000
Asat_OT3098_v2_chr7A	428000000	430000000	2000000	0	0.000000
Asat_OT3098_v2_chr7A	430000000	432000000	2000000	0	0.000000
Asat_OT3098_v2_chr7A	432000000	434000000	2000000	0	0.000000
Asat_OT3098_v2_chr7A	434000000	436000000	2000000	0	0.000000
Asat_OT3098_v2_chr7A	436000000	438000000	2000000	0	0.000000
Asat_OT3098_v2_chr7A	438000000	440000000	2000000	0	0.000000
Asat_OT3098_v2_chr7A	440000000	442000000	2000000	0	0.000000
Asat_OT3098_v2_chr7A	442000000	444000000	2000000	0	0.000000
Asat_OT3098_v2_chr7A	444000000	446000000	2000000	0	0.000000
Asat_OT3098_v2_chr7A	446000000	448000000	2000000	0	0.000000
Asat_OT3098_v2_chr7A	448000000	450000000	2000000	0	0.000000
Asat_OT3098_v2_chr7A	450000000	452000000	2000000	0	0.000000
Asat_OT3098_v2_chr7A	452000000	454000000	2000000	0	0.000000
Asat_OT3098_v2_chr7A	454000000	456000000	2000000	0	0.000000
Asat_OT3098_v2_chr7A	456000000	458000000	2000000	0	0.000000
Asat_OT3098_v2_chr7A	458000000	460000000	2000000	0	0.000000
Asat_OT3098_v2_chr7A	460000000	462000000	2000000	0	0.000000
Asat_OT3098_v2_chr7A	462000000	464000000	2000000	0	0.000000
Asat_OT3098_v2_chr7A	464000000	466000000	2000000	0	0.000000
Asat_OT3098_v2_chr7A	466000000	468000000	2000000	0	0.000000
Asat_OT3098_v2_chr7A	468000000	470000000	2000000	0	0.000000
Asat_OT3098_v2_chr7A	470000000	472000000	2000000	0	0.000000
Asat_OT3098_v2_chr7A	472000000	474000000	2000000	0	0.000000
Asat_OT3098_v2_chr7A	474000000	476000000	2000000	0	0.000000
Asat_OT3098_v2_chr7A	476000000	478000000	2000000	0	0.000000
Asat_OT3098_v2_chr7A	478000000	480000000	2000000	0	0.000000
Asat_OT3098_v2_chr7A	480000000	482000000	2000000	0	0.000000
Asat_OT3098_v2_chr7A	482000000	484000000	2000000	0	0.000000
Asat_OT3098_v2_chr7A	484000000	486000000	2000000	0	0.000000
Asat_OT3098_v2_chr7A	486000000	488000000	2000000	0	0.000000
Asat_OT3098_v2_chr7A	488000000	490000000	2000000	0	0.000000
Asat_OT3098_v2_chr7A	490000000	492000000	2000000	0	0.000000
Asat_OT3098_v2_chr7A	492000000	493511962	1511962	0	0.000000
Asat_OT3098_v2_chr7C	0	2000000	2000000	0	0.000000
Asat_OT3098_v2_chr7C	2000000	4000000	2000000	0	0.000000
Asat_OT3098_v2_chr7C	4000000	6000000	2000000	0	0.000000
Asat_OT3098_v2_chr7C	6000000	8000000	2000000	0	0.000000
Asat_OT3098_v2_chr7C	8000000	10000000	2000000	0	0.000000
Asat_OT3098_v2_chr7C	10000000	12000000	2000000	186316	0.093158
Asat_OT3098_v2_chr7C	12000000	14000000	2000000	138293	0.069146
Asat_OT3098_v2_chr7C	14000000	16000000	2000000	95985	0.047993
Asat_OT3098_v2_chr7C	16000000	18000000	2000000	0	0.000000
Asat_OT3098_v2_chr7C	18000000	20000000	2000000	0	0.000000
Asat_OT3098_v2_chr7C	20000000	22000000	2000000	6935	0.003468
Asat_OT3098_v2_chr7C	22000000	24000000	2000000	1644	0.000822
Asat_OT3098_v2_chr7C	24000000	26000000	2000000	536	0.000268
Asat_OT3098_v2_chr7C	26000000	28000000	2000000	0	0.000000
Asat_OT3098_v2_chr7C	28000000	30000000	2000000	7052	0.003526
Asat_OT3098_v2_chr7C	30000000	32000000	2000000	0	0.000000
Asat_OT3098_v2_chr7C	32000000	34000000	2000000	11330	0.005665
Asat_OT3098_v2_chr7C	34000000	36000000	2000000	963	0.000481
Asat_OT3098_v2_chr7C	36000000	38000000	2000000	0	0.000000
Asat_OT3098_v2_chr7C	38000000	40000000	2000000	9111	0.004555
Asat_OT3098_v2_chr7C	40000000	42000000	2000000	728	0.000364
Asat_OT3098_v2_chr7C	42000000	44000000	2000000	1017	0.000508
Asat_OT3098_v2_chr7C	44000000	46000000	2000000	0	0.000000
Asat_OT3098_v2_chr7C	46000000	48000000	2000000	0	0.000000
Asat_OT3098_v2_chr7C	48000000	50000000	2000000	0	0.000000
Asat_OT3098_v2_chr7C	50000000	52000000	2000000	0	0.000000
Asat_OT3098_v2_chr7C	52000000	54000000	2000000	24763	0.012382
Asat_OT3098_v2_chr7C	54000000	56000000	2000000	13981	0.006991
Asat_OT3098_v2_chr7C	56000000	58000000	2000000	6095	0.003047
Asat_OT3098_v2_chr7C	58000000	60000000	2000000	147	0.000073
Asat_OT3098_v2_chr7C	60000000	62000000	2000000	4551	0.002276
Asat_OT3098_v2_chr7C	62000000	64000000	2000000	55546	0.027773
Asat_OT3098_v2_chr7C	64000000	66000000	2000000	288	0.000144
Asat_OT3098_v2_chr7C	66000000	68000000	2000000	2826	0.001413
Asat_OT3098_v2_chr7C	68000000	70000000	2000000	917	0.000458
Asat_OT3098_v2_chr7C	70000000	72000000	2000000	912	0.000456
Asat_OT3098_v2_chr7C	72000000	74000000	2000000	712	0.000356
Asat_OT3098_v2_chr7C	74000000	76000000	2000000	1350	0.000675
Asat_OT3098_v2_chr7C	76000000	78000000	2000000	19596	0.009798
Asat_OT3098_v2_chr7C	78000000	80000000	2000000	11679	0.005840
Asat_OT3098_v2_chr7C	80000000	82000000	2000000	3741	0.001870
Asat_OT3098_v2_chr7C	82000000	84000000	2000000	7735	0.003867
Asat_OT3098_v2_chr7C	84000000	86000000	2000000	0	0.000000
Asat_OT3098_v2_chr7C	86000000	88000000	2000000	12217	0.006109
Asat_OT3098_v2_chr7C	88000000	90000000	2000000	5487	0.002743
Asat_OT3098_v2_chr7C	90000000	92000000	2000000	6128	0.003064
Asat_OT3098_v2_chr7C	92000000	94000000	2000000	6026	0.003013
Asat_OT3098_v2_chr7C	94000000	96000000	2000000	7896	0.003948
Asat_OT3098_v2_chr7C	96000000	98000000	2000000	7800	0.003900
Asat_OT3098_v2_chr7C	98000000	100000000	2000000	47114	0.023557
Asat_OT3098_v2_chr7C	100000000	102000000	2000000	0	0.000000
Asat_OT3098_v2_chr7C	102000000	104000000	2000000	6624	0.003312
Asat_OT3098_v2_chr7C	104000000	106000000	2000000	147	0.000073
Asat_OT3098_v2_chr7C	106000000	108000000	2000000	784	0.000392
Asat_OT3098_v2_chr7C	108000000	110000000	2000000	1225	0.000612
Asat_OT3098_v2_chr7C	110000000	112000000	2000000	1112	0.000556
Asat_OT3098_v2_chr7C	112000000	114000000	2000000	17655	0.008828
Asat_OT3098_v2_chr7C	114000000	116000000	2000000	9331	0.004666
Asat_OT3098_v2_chr7C	116000000	118000000	2000000	15625	0.007812
Asat_OT3098_v2_chr7C	118000000	120000000	2000000	0	0.000000
Asat_OT3098_v2_chr7C	120000000	122000000	2000000	20594	0.010297
Asat_OT3098_v2_chr7C	122000000	124000000	2000000	34051	0.017025
Asat_OT3098_v2_chr7C	124000000	126000000	2000000	10432	0.005216
Asat_OT3098_v2_chr7C	126000000	128000000	2000000	61879	0.030940
Asat_OT3098_v2_chr7C	128000000	130000000	2000000	32401	0.016200
Asat_OT3098_v2_chr7C	130000000	132000000	2000000	68501	0.034251
Asat_OT3098_v2_chr7C	132000000	134000000	2000000	11102	0.005551
Asat_OT3098_v2_chr7C	134000000	136000000	2000000	4519	0.002259
Asat_OT3098_v2_chr7C	136000000	138000000	2000000	0	0.000000
Asat_OT3098_v2_chr7C	138000000	140000000	2000000	28166	0.014083
Asat_OT3098_v2_chr7C	140000000	142000000	2000000	1122	0.000561
Asat_OT3098_v2_chr7C	142000000	144000000	2000000	4118	0.002059
Asat_OT3098_v2_chr7C	144000000	146000000	2000000	6621	0.003311
Asat_OT3098_v2_chr7C	146000000	148000000	2000000	2839	0.001419
Asat_OT3098_v2_chr7C	148000000	150000000	2000000	4166	0.002083
Asat_OT3098_v2_chr7C	150000000	152000000	2000000	768	0.000384
Asat_OT3098_v2_chr7C	152000000	154000000	2000000	3231	0.001615
Asat_OT3098_v2_chr7C	154000000	156000000	2000000	12447	0.006223
Asat_OT3098_v2_chr7C	156000000	158000000	2000000	10265	0.005132
Asat_OT3098_v2_chr7C	158000000	160000000	2000000	6588	0.003294
Asat_OT3098_v2_chr7C	160000000	162000000	2000000	1954	0.000977
Asat_OT3098_v2_chr7C	162000000	164000000	2000000	10233	0.005117
Asat_OT3098_v2_chr7C	164000000	166000000	2000000	204465	0.102233
Asat_OT3098_v2_chr7C	166000000	168000000	2000000	13675	0.006837
Asat_OT3098_v2_chr7C	168000000	170000000	2000000	1208	0.000604
Asat_OT3098_v2_chr7C	170000000	172000000	2000000	9401	0.004700
Asat_OT3098_v2_chr7C	172000000	174000000	2000000	43837	0.021919
Asat_OT3098_v2_chr7C	174000000	176000000	2000000	19710	0.009855
Asat_OT3098_v2_chr7C	176000000	178000000	2000000	1167	0.000584
Asat_OT3098_v2_chr7C	178000000	180000000	2000000	2502	0.001251
Asat_OT3098_v2_chr7C	180000000	182000000	2000000	1077	0.000539
Asat_OT3098_v2_chr7C	182000000	184000000	2000000	5902	0.002951
Asat_OT3098_v2_chr7C	184000000	186000000	2000000	7743	0.003871
Asat_OT3098_v2_chr7C	186000000	188000000	2000000	14340	0.007170
Asat_OT3098_v2_chr7C	188000000	190000000	2000000	7230	0.003615
Asat_OT3098_v2_chr7C	190000000	192000000	2000000	831	0.000416
Asat_OT3098_v2_chr7C	192000000	194000000	2000000	1519	0.000759
Asat_OT3098_v2_chr7C	194000000	196000000	2000000	0	0.000000
Asat_OT3098_v2_chr7C	196000000	198000000	2000000	6423	0.003211
Asat_OT3098_v2_chr7C	198000000	200000000	2000000	19027	0.009513
Asat_OT3098_v2_chr7C	200000000	202000000	2000000	4066	0.002033
Asat_OT3098_v2_chr7C	202000000	204000000	2000000	2181	0.001091
Asat_OT3098_v2_chr7C	204000000	206000000	2000000	73302	0.036651
Asat_OT3098_v2_chr7C	206000000	208000000	2000000	18399	0.009199
Asat_OT3098_v2_chr7C	208000000	210000000	2000000	3736	0.001868
Asat_OT3098_v2_chr7C	210000000	212000000	2000000	35167	0.017583
Asat_OT3098_v2_chr7C	212000000	214000000	2000000	55405	0.027703
Asat_OT3098_v2_chr7C	214000000	216000000	2000000	48201	0.024101
Asat_OT3098_v2_chr7C	216000000	218000000	2000000	11189	0.005594
Asat_OT3098_v2_chr7C	218000000	220000000	2000000	4870	0.002435
Asat_OT3098_v2_chr7C	220000000	222000000	2000000	14993	0.007496
Asat_OT3098_v2_chr7C	222000000	224000000	2000000	13654	0.006827
Asat_OT3098_v2_chr7C	224000000	226000000	2000000	19585	0.009793
Asat_OT3098_v2_chr7C	226000000	228000000	2000000	13063	0.006531
Asat_OT3098_v2_chr7C	228000000	230000000	2000000	9254	0.004627
Asat_OT3098_v2_chr7C	230000000	232000000	2000000	30005	0.015003
Asat_OT3098_v2_chr7C	232000000	234000000	2000000	24666	0.012333
Asat_OT3098_v2_chr7C	234000000	236000000	2000000	8978	0.004489
Asat_OT3098_v2_chr7C	236000000	238000000	2000000	20952	0.010476
Asat_OT3098_v2_chr7C	238000000	240000000	2000000	14575	0.007287
Asat_OT3098_v2_chr7C	240000000	242000000	2000000	19989	0.009994
Asat_OT3098_v2_chr7C	242000000	244000000	2000000	8478	0.004239
Asat_OT3098_v2_chr7C	244000000	246000000	2000000	30483	0.015241
Asat_OT3098_v2_chr7C	246000000	248000000	2000000	16874	0.008437
Asat_OT3098_v2_chr7C	248000000	250000000	2000000	42352	0.021176
Asat_OT3098_v2_chr7C	250000000	252000000	2000000	40467	0.020234
Asat_OT3098_v2_chr7C	252000000	254000000	2000000	11994	0.005997
Asat_OT3098_v2_chr7C	254000000	256000000	2000000	33032	0.016516
Asat_OT3098_v2_chr7C	256000000	258000000	2000000	2525	0.001262
Asat_OT3098_v2_chr7C	258000000	260000000	2000000	51014	0.025507
Asat_OT3098_v2_chr7C	260000000	262000000	2000000	5573	0.002786
Asat_OT3098_v2_chr7C	262000000	264000000	2000000	31629	0.015814
Asat_OT3098_v2_chr7C	264000000	266000000	2000000	21567	0.010783
Asat_OT3098_v2_chr7C	266000000	268000000	2000000	11997	0.005999
Asat_OT3098_v2_chr7C	268000000	270000000	2000000	8907	0.004453
Asat_OT3098_v2_chr7C	270000000	272000000	2000000	20580	0.010290
Asat_OT3098_v2_chr7C	272000000	274000000	2000000	3022	0.001511
Asat_OT3098_v2_chr7C	274000000	276000000	2000000	40797	0.020398
Asat_OT3098_v2_chr7C	276000000	278000000	2000000	27739	0.013869
Asat_OT3098_v2_chr7C	278000000	280000000	2000000	114800	0.057400
Asat_OT3098_v2_chr7C	280000000	282000000	2000000	11999	0.005999
Asat_OT3098_v2_chr7C	282000000	284000000	2000000	19626	0.009813
Asat_OT3098_v2_chr7C	284000000	286000000	2000000	54051	0.027026
Asat_OT3098_v2_chr7C	286000000	288000000	2000000	34548	0.017274
Asat_OT3098_v2_chr7C	288000000	290000000	2000000	32497	0.016248
Asat_OT3098_v2_chr7C	290000000	292000000	2000000	26523	0.013262
Asat_OT3098_v2_chr7C	292000000	294000000	2000000	44614	0.022307
Asat_OT3098_v2_chr7C	294000000	296000000	2000000	18668	0.009334
Asat_OT3098_v2_chr7C	296000000	298000000	2000000	17816	0.008908
Asat_OT3098_v2_chr7C	298000000	300000000	2000000	41132	0.020566
Asat_OT3098_v2_chr7C	300000000	302000000	2000000	19272	0.009636
Asat_OT3098_v2_chr7C	302000000	304000000	2000000	205186	0.102593
Asat_OT3098_v2_chr7C	304000000	306000000	2000000	56303	0.028151
Asat_OT3098_v2_chr7C	306000000	308000000	2000000	11468	0.005734
Asat_OT3098_v2_chr7C	308000000	310000000	2000000	8713	0.004357
Asat_OT3098_v2_chr7C	310000000	312000000	2000000	13686	0.006843
Asat_OT3098_v2_chr7C	312000000	314000000	2000000	37965	0.018982
Asat_OT3098_v2_chr7C	314000000	316000000	2000000	17075	0.008537
Asat_OT3098_v2_chr7C	316000000	318000000	2000000	31086	0.015543
Asat_OT3098_v2_chr7C	318000000	320000000	2000000	75499	0.037749
Asat_OT3098_v2_chr7C	320000000	322000000	2000000	47156	0.023578
Asat_OT3098_v2_chr7C	322000000	324000000	2000000	16853	0.008426
Asat_OT3098_v2_chr7C	324000000	326000000	2000000	25323	0.012661
Asat_OT3098_v2_chr7C	326000000	328000000	2000000	13870	0.006935
Asat_OT3098_v2_chr7C	328000000	330000000	2000000	10382	0.005191
Asat_OT3098_v2_chr7C	330000000	332000000	2000000	14392	0.007196
Asat_OT3098_v2_chr7C	332000000	334000000	2000000	44441	0.022221
Asat_OT3098_v2_chr7C	334000000	336000000	2000000	3492	0.001746
Asat_OT3098_v2_chr7C	336000000	338000000	2000000	4140	0.002070
Asat_OT3098_v2_chr7C	338000000	340000000	2000000	10829	0.005415
Asat_OT3098_v2_chr7C	340000000	342000000	2000000	0	0.000000
Asat_OT3098_v2_chr7C	342000000	344000000	2000000	92	0.000046
Asat_OT3098_v2_chr7C	344000000	346000000	2000000	32236	0.016118
Asat_OT3098_v2_chr7C	346000000	348000000	2000000	2069	0.001035
Asat_OT3098_v2_chr7C	348000000	350000000	2000000	17924	0.008962
Asat_OT3098_v2_chr7C	350000000	352000000	2000000	17015	0.008507
Asat_OT3098_v2_chr7C	352000000	354000000	2000000	117220	0.058610
Asat_OT3098_v2_chr7C	354000000	356000000	2000000	6782	0.003391
Asat_OT3098_v2_chr7C	356000000	358000000	2000000	33026	0.016513
Asat_OT3098_v2_chr7C	358000000	360000000	2000000	28356	0.014178
Asat_OT3098_v2_chr7C	360000000	362000000	2000000	5846	0.002923
Asat_OT3098_v2_chr7C	362000000	364000000	2000000	20681	0.010341
Asat_OT3098_v2_chr7C	364000000	366000000	2000000	9653	0.004827
Asat_OT3098_v2_chr7C	366000000	368000000	2000000	3140	0.001570
Asat_OT3098_v2_chr7C	368000000	370000000	2000000	31000	0.015500
Asat_OT3098_v2_chr7C	370000000	372000000	2000000	40406	0.020203
Asat_OT3098_v2_chr7C	372000000	374000000	2000000	0	0.000000
Asat_OT3098_v2_chr7C	374000000	376000000	2000000	30183	0.015092
Asat_OT3098_v2_chr7C	376000000	378000000	2000000	98918	0.049459
Asat_OT3098_v2_chr7C	378000000	380000000	2000000	16137	0.008068
Asat_OT3098_v2_chr7C	380000000	382000000	2000000	13638	0.006819
Asat_OT3098_v2_chr7C	382000000	384000000	2000000	39593	0.019797
Asat_OT3098_v2_chr7C	384000000	386000000	2000000	13129	0.006565
Asat_OT3098_v2_chr7C	386000000	388000000	2000000	8435	0.004217
Asat_OT3098_v2_chr7C	388000000	390000000	2000000	22252	0.011126
Asat_OT3098_v2_chr7C	390000000	392000000	2000000	20725	0.010363
Asat_OT3098_v2_chr7C	392000000	394000000	2000000	22106	0.011053
Asat_OT3098_v2_chr7C	394000000	396000000	2000000	65095	0.032548
Asat_OT3098_v2_chr7C	396000000	398000000	2000000	15350	0.007675
Asat_OT3098_v2_chr7C	398000000	400000000	2000000	37786	0.018893
Asat_OT3098_v2_chr7C	400000000	402000000	2000000	77786	0.038893
Asat_OT3098_v2_chr7C	402000000	404000000	2000000	9185	0.004593
Asat_OT3098_v2_chr7C	404000000	406000000	2000000	29786	0.014893
Asat_OT3098_v2_chr7C	406000000	408000000	2000000	27057	0.013529
Asat_OT3098_v2_chr7C	408000000	410000000	2000000	14312	0.007156
Asat_OT3098_v2_chr7C	410000000	412000000	2000000	14856	0.007428
Asat_OT3098_v2_chr7C	412000000	414000000	2000000	19425	0.009713
Asat_OT3098_v2_chr7C	414000000	416000000	2000000	41860	0.020930
Asat_OT3098_v2_chr7C	416000000	418000000	2000000	3837	0.001919
Asat_OT3098_v2_chr7C	418000000	420000000	2000000	13614	0.006807
Asat_OT3098_v2_chr7C	420000000	422000000	2000000	123360	0.061680
Asat_OT3098_v2_chr7C	422000000	424000000	2000000	9141	0.004570
Asat_OT3098_v2_chr7C	424000000	426000000	2000000	15810	0.007905
Asat_OT3098_v2_chr7C	426000000	428000000	2000000	69541	0.034771
Asat_OT3098_v2_chr7C	428000000	430000000	2000000	15773	0.007886
Asat_OT3098_v2_chr7C	430000000	432000000	2000000	6010	0.003005
Asat_OT3098_v2_chr7C	432000000	434000000	2000000	9254	0.004627
Asat_OT3098_v2_chr7C	434000000	436000000	2000000	21452	0.010726
Asat_OT3098_v2_chr7C	436000000	438000000	2000000	30961	0.015480
Asat_OT3098_v2_chr7C	438000000	440000000	2000000	2446	0.001223
Asat_OT3098_v2_chr7C	440000000	442000000	2000000	10643	0.005321
Asat_OT3098_v2_chr7C	442000000	444000000	2000000	2415	0.001208
Asat_OT3098_v2_chr7C	444000000	446000000	2000000	11497	0.005749
Asat_OT3098_v2_chr7C	446000000	448000000	2000000	33816	0.016908
Asat_OT3098_v2_chr7C	448000000	450000000	2000000	7013	0.003507
Asat_OT3098_v2_chr7C	450000000	452000000	2000000	63613	0.031807
Asat_OT3098_v2_chr7C	452000000	454000000	2000000	62251	0.031126
Asat_OT3098_v2_chr7C	454000000	456000000	2000000	44003	0.022002
Asat_OT3098_v2_chr7C	456000000	458000000	2000000	3229	0.001615
Asat_OT3098_v2_chr7C	458000000	460000000	2000000	39619	0.019810
Asat_OT3098_v2_chr7C	460000000	462000000	2000000	23080	0.011540
Asat_OT3098_v2_chr7C	462000000	464000000	2000000	4694	0.002347
Asat_OT3098_v2_chr7C	464000000	466000000	2000000	4772	0.002386
Asat_OT3098_v2_chr7C	466000000	468000000	2000000	16345	0.008172
Asat_OT3098_v2_chr7C	468000000	470000000	2000000	70405	0.035202
Asat_OT3098_v2_chr7C	470000000	472000000	2000000	20844	0.010422
Asat_OT3098_v2_chr7C	472000000	474000000	2000000	3772	0.001886
Asat_OT3098_v2_chr7C	474000000	476000000	2000000	4039	0.002020
Asat_OT3098_v2_chr7C	476000000	478000000	2000000	8411	0.004206
Asat_OT3098_v2_chr7C	478000000	480000000	2000000	21788	0.010894
Asat_OT3098_v2_chr7C	480000000	482000000	2000000	7874	0.003937
Asat_OT3098_v2_chr7C	482000000	484000000	2000000	8092	0.004046
Asat_OT3098_v2_chr7C	484000000	486000000	2000000	61245	0.030623
Asat_OT3098_v2_chr7C	486000000	488000000	2000000	40269	0.020134
Asat_OT3098_v2_chr7C	488000000	490000000	2000000	31217	0.015609
Asat_OT3098_v2_chr7C	490000000	492000000	2000000	30639	0.015319
Asat_OT3098_v2_chr7C	492000000	494000000	2000000	5907	0.002953
Asat_OT3098_v2_chr7C	494000000	496000000	2000000	10967	0.005483
Asat_OT3098_v2_chr7C	496000000	498000000	2000000	20878	0.010439
Asat_OT3098_v2_chr7C	498000000	500000000	2000000	12656	0.006328
Asat_OT3098_v2_chr7C	500000000	502000000	2000000	15839	0.007919
Asat_OT3098_v2_chr7C	502000000	504000000	2000000	2726	0.001363
Asat_OT3098_v2_chr7C	504000000	506000000	2000000	16007	0.008004
Asat_OT3098_v2_chr7C	506000000	508000000	2000000	20802	0.010401
Asat_OT3098_v2_chr7C	508000000	510000000	2000000	28453	0.014226
Asat_OT3098_v2_chr7C	510000000	512000000	2000000	8791	0.004396
Asat_OT3098_v2_chr7C	512000000	514000000	2000000	8380	0.004190
Asat_OT3098_v2_chr7C	514000000	516000000	2000000	3865	0.001932
Asat_OT3098_v2_chr7C	516000000	518000000	2000000	40446	0.020223
Asat_OT3098_v2_chr7C	518000000	520000000	2000000	1361	0.000681
Asat_OT3098_v2_chr7C	520000000	522000000	2000000	46898	0.023449
Asat_OT3098_v2_chr7C	522000000	524000000	2000000	77121	0.038560
Asat_OT3098_v2_chr7C	524000000	526000000	2000000	43914	0.021957
Asat_OT3098_v2_chr7C	526000000	528000000	2000000	9432	0.004716
Asat_OT3098_v2_chr7C	528000000	530000000	2000000	30753	0.015376
Asat_OT3098_v2_chr7C	530000000	532000000	2000000	8149	0.004074
Asat_OT3098_v2_chr7C	532000000	534000000	2000000	18059	0.009029
Asat_OT3098_v2_chr7C	534000000	536000000	2000000	26969	0.013484
Asat_OT3098_v2_chr7C	536000000	538000000	2000000	2743	0.001372
Asat_OT3098_v2_chr7C	538000000	540000000	2000000	0	0.000000
Asat_OT3098_v2_chr7C	540000000	542000000	2000000	0	0.000000
Asat_OT3098_v2_chr7C	542000000	544000000	2000000	143	0.000072
Asat_OT3098_v2_chr7C	544000000	546000000	2000000	1496	0.000748
Asat_OT3098_v2_chr7C	546000000	548000000	2000000	5661	0.002831
Asat_OT3098_v2_chr7C	548000000	550000000	2000000	392	0.000196
Asat_OT3098_v2_chr7C	550000000	551718542	1718542	784	0.000456
Asat_OT3098_v2_chr7D	0	2000000	2000000	0	0.000000
Asat_OT3098_v2_chr7D	2000000	4000000	2000000	0	0.000000
Asat_OT3098_v2_chr7D	4000000	6000000	2000000	0	0.000000
Asat_OT3098_v2_chr7D	6000000	8000000	2000000	0	0.000000
Asat_OT3098_v2_chr7D	8000000	10000000	2000000	0	0.000000
Asat_OT3098_v2_chr7D	10000000	12000000	2000000	0	0.000000
Asat_OT3098_v2_chr7D	12000000	14000000	2000000	0	0.000000
Asat_OT3098_v2_chr7D	14000000	16000000	2000000	0	0.000000
Asat_OT3098_v2_chr7D	16000000	18000000	2000000	0	0.000000
Asat_OT3098_v2_chr7D	18000000	20000000	2000000	0	0.000000
Asat_OT3098_v2_chr7D	20000000	22000000	2000000	0	0.000000
Asat_OT3098_v2_chr7D	22000000	24000000	2000000	0	0.000000
Asat_OT3098_v2_chr7D	24000000	26000000	2000000	0	0.000000
Asat_OT3098_v2_chr7D	26000000	28000000	2000000	0	0.000000
Asat_OT3098_v2_chr7D	28000000	30000000	2000000	0	0.000000
Asat_OT3098_v2_chr7D	30000000	32000000	2000000	0	0.000000
Asat_OT3098_v2_chr7D	32000000	34000000	2000000	0	0.000000
Asat_OT3098_v2_chr7D	34000000	36000000	2000000	0	0.000000
Asat_OT3098_v2_chr7D	36000000	38000000	2000000	0	0.000000
Asat_OT3098_v2_chr7D	38000000	40000000	2000000	0	0.000000
Asat_OT3098_v2_chr7D	40000000	42000000	2000000	0	0.000000
Asat_OT3098_v2_chr7D	42000000	44000000	2000000	0	0.000000
Asat_OT3098_v2_chr7D	44000000	46000000	2000000	0	0.000000
Asat_OT3098_v2_chr7D	46000000	48000000	2000000	0	0.000000
Asat_OT3098_v2_chr7D	48000000	50000000	2000000	0	0.000000
Asat_OT3098_v2_chr7D	50000000	52000000	2000000	0	0.000000
Asat_OT3098_v2_chr7D	52000000	54000000	2000000	0	0.000000
Asat_OT3098_v2_chr7D	54000000	56000000	2000000	0	0.000000
Asat_OT3098_v2_chr7D	56000000	58000000	2000000	0	0.000000
Asat_OT3098_v2_chr7D	58000000	60000000	2000000	0	0.000000
Asat_OT3098_v2_chr7D	60000000	62000000	2000000	0	0.000000
Asat_OT3098_v2_chr7D	62000000	64000000	2000000	0	0.000000
Asat_OT3098_v2_chr7D	64000000	66000000	2000000	0	0.000000
Asat_OT3098_v2_chr7D	66000000	68000000	2000000	0	0.000000
Asat_OT3098_v2_chr7D	68000000	70000000	2000000	0	0.000000
Asat_OT3098_v2_chr7D	70000000	72000000	2000000	0	0.000000
Asat_OT3098_v2_chr7D	72000000	74000000	2000000	0	0.000000
Asat_OT3098_v2_chr7D	74000000	76000000	2000000	0	0.000000
Asat_OT3098_v2_chr7D	76000000	78000000	2000000	0	0.000000
Asat_OT3098_v2_chr7D	78000000	80000000	2000000	0	0.000000
Asat_OT3098_v2_chr7D	80000000	82000000	2000000	0	0.000000
Asat_OT3098_v2_chr7D	82000000	84000000	2000000	0	0.000000
Asat_OT3098_v2_chr7D	84000000	86000000	2000000	0	0.000000
Asat_OT3098_v2_chr7D	86000000	88000000	2000000	0	0.000000
Asat_OT3098_v2_chr7D	88000000	90000000	2000000	0	0.000000
Asat_OT3098_v2_chr7D	90000000	92000000	2000000	0	0.000000
Asat_OT3098_v2_chr7D	92000000	94000000	2000000	0	0.000000
Asat_OT3098_v2_chr7D	94000000	96000000	2000000	0	0.000000
Asat_OT3098_v2_chr7D	96000000	98000000	2000000	0	0.000000
Asat_OT3098_v2_chr7D	98000000	100000000	2000000	0	0.000000
Asat_OT3098_v2_chr7D	100000000	102000000	2000000	0	0.000000
Asat_OT3098_v2_chr7D	102000000	104000000	2000000	0	0.000000
Asat_OT3098_v2_chr7D	104000000	106000000	2000000	0	0.000000
Asat_OT3098_v2_chr7D	106000000	108000000	2000000	0	0.000000
Asat_OT3098_v2_chr7D	108000000	110000000	2000000	0	0.000000
Asat_OT3098_v2_chr7D	110000000	112000000	2000000	0	0.000000
Asat_OT3098_v2_chr7D	112000000	114000000	2000000	0	0.000000
Asat_OT3098_v2_chr7D	114000000	116000000	2000000	0	0.000000
Asat_OT3098_v2_chr7D	116000000	118000000	2000000	0	0.000000
Asat_OT3098_v2_chr7D	118000000	120000000	2000000	0	0.000000
Asat_OT3098_v2_chr7D	120000000	122000000	2000000	0	0.000000
Asat_OT3098_v2_chr7D	122000000	124000000	2000000	0	0.000000
Asat_OT3098_v2_chr7D	124000000	126000000	2000000	0	0.000000
Asat_OT3098_v2_chr7D	126000000	128000000	2000000	0	0.000000
Asat_OT3098_v2_chr7D	128000000	130000000	2000000	0	0.000000
Asat_OT3098_v2_chr7D	130000000	132000000	2000000	0	0.000000
Asat_OT3098_v2_chr7D	132000000	134000000	2000000	0	0.000000
Asat_OT3098_v2_chr7D	134000000	136000000	2000000	0	0.000000
Asat_OT3098_v2_chr7D	136000000	138000000	2000000	0	0.000000
Asat_OT3098_v2_chr7D	138000000	140000000	2000000	0	0.000000
Asat_OT3098_v2_chr7D	140000000	142000000	2000000	0	0.000000
Asat_OT3098_v2_chr7D	142000000	144000000	2000000	0	0.000000
Asat_OT3098_v2_chr7D	144000000	146000000	2000000	0	0.000000
Asat_OT3098_v2_chr7D	146000000	148000000	2000000	0	0.000000
Asat_OT3098_v2_chr7D	148000000	150000000	2000000	0	0.000000
Asat_OT3098_v2_chr7D	150000000	152000000	2000000	0	0.000000
Asat_OT3098_v2_chr7D	152000000	154000000	2000000	0	0.000000
Asat_OT3098_v2_chr7D	154000000	156000000	2000000	0	0.000000
Asat_OT3098_v2_chr7D	156000000	158000000	2000000	0	0.000000
Asat_OT3098_v2_chr7D	158000000	160000000	2000000	0	0.000000
Asat_OT3098_v2_chr7D	160000000	162000000	2000000	0	0.000000
Asat_OT3098_v2_chr7D	162000000	164000000	2000000	0	0.000000
Asat_OT3098_v2_chr7D	164000000	166000000	2000000	0	0.000000
Asat_OT3098_v2_chr7D	166000000	168000000	2000000	0	0.000000
Asat_OT3098_v2_chr7D	168000000	170000000	2000000	0	0.000000
Asat_OT3098_v2_chr7D	170000000	172000000	2000000	0	0.000000
Asat_OT3098_v2_chr7D	172000000	174000000	2000000	0	0.000000
Asat_OT3098_v2_chr7D	174000000	176000000	2000000	0	0.000000
Asat_OT3098_v2_chr7D	176000000	178000000	2000000	0	0.000000
Asat_OT3098_v2_chr7D	178000000	180000000	2000000	0	0.000000
Asat_OT3098_v2_chr7D	180000000	182000000	2000000	0	0.000000
Asat_OT3098_v2_chr7D	182000000	184000000	2000000	0	0.000000
Asat_OT3098_v2_chr7D	184000000	186000000	2000000	0	0.000000
Asat_OT3098_v2_chr7D	186000000	188000000	2000000	0	0.000000
Asat_OT3098_v2_chr7D	188000000	190000000	2000000	0	0.000000
Asat_OT3098_v2_chr7D	190000000	192000000	2000000	0	0.000000
Asat_OT3098_v2_chr7D	192000000	194000000	2000000	0	0.000000
Asat_OT3098_v2_chr7D	194000000	196000000	2000000	0	0.000000
Asat_OT3098_v2_chr7D	196000000	198000000	2000000	0	0.000000
Asat_OT3098_v2_chr7D	198000000	200000000	2000000	0	0.000000
Asat_OT3098_v2_chr7D	200000000	202000000	2000000	0	0.000000
Asat_OT3098_v2_chr7D	202000000	204000000	2000000	0	0.000000
Asat_OT3098_v2_chr7D	204000000	206000000	2000000	0	0.000000
Asat_OT3098_v2_chr7D	206000000	208000000	2000000	0	0.000000
Asat_OT3098_v2_chr7D	208000000	210000000	2000000	0	0.000000
Asat_OT3098_v2_chr7D	210000000	212000000	2000000	0	0.000000
Asat_OT3098_v2_chr7D	212000000	214000000	2000000	0	0.000000
Asat_OT3098_v2_chr7D	214000000	216000000	2000000	0	0.000000
Asat_OT3098_v2_chr7D	216000000	218000000	2000000	0	0.000000
Asat_OT3098_v2_chr7D	218000000	220000000	2000000	0	0.000000
Asat_OT3098_v2_chr7D	220000000	222000000	2000000	0	0.000000
Asat_OT3098_v2_chr7D	222000000	224000000	2000000	0	0.000000
Asat_OT3098_v2_chr7D	224000000	226000000	2000000	0	0.000000
Asat_OT3098_v2_chr7D	226000000	228000000	2000000	0	0.000000
Asat_OT3098_v2_chr7D	228000000	230000000	2000000	0	0.000000
Asat_OT3098_v2_chr7D	230000000	232000000	2000000	0	0.000000
Asat_OT3098_v2_chr7D	232000000	234000000	2000000	0	0.000000
Asat_OT3098_v2_chr7D	234000000	236000000	2000000	0	0.000000
Asat_OT3098_v2_chr7D	236000000	238000000	2000000	0	0.000000
Asat_OT3098_v2_chr7D	238000000	240000000	2000000	0	0.000000
Asat_OT3098_v2_chr7D	240000000	242000000	2000000	0	0.000000
Asat_OT3098_v2_chr7D	242000000	244000000	2000000	0	0.000000
Asat_OT3098_v2_chr7D	244000000	246000000	2000000	0	0.000000
Asat_OT3098_v2_chr7D	246000000	248000000	2000000	0	0.000000
Asat_OT3098_v2_chr7D	248000000	250000000	2000000	0	0.000000
Asat_OT3098_v2_chr7D	250000000	252000000	2000000	0	0.000000
Asat_OT3098_v2_chr7D	252000000	254000000	2000000	0	0.000000
Asat_OT3098_v2_chr7D	254000000	256000000	2000000	0	0.000000
Asat_OT3098_v2_chr7D	256000000	258000000	2000000	0	0.000000
Asat_OT3098_v2_chr7D	258000000	260000000	2000000	0	0.000000
Asat_OT3098_v2_chr7D	260000000	262000000	2000000	0	0.000000
Asat_OT3098_v2_chr7D	262000000	264000000	2000000	0	0.000000
Asat_OT3098_v2_chr7D	264000000	266000000	2000000	0	0.000000
Asat_OT3098_v2_chr7D	266000000	268000000	2000000	0	0.000000
Asat_OT3098_v2_chr7D	268000000	270000000	2000000	0	0.000000
Asat_OT3098_v2_chr7D	270000000	272000000	2000000	0	0.000000
Asat_OT3098_v2_chr7D	272000000	274000000	2000000	0	0.000000
Asat_OT3098_v2_chr7D	274000000	276000000	2000000	0	0.000000
Asat_OT3098_v2_chr7D	276000000	278000000	2000000	0	0.000000
Asat_OT3098_v2_chr7D	278000000	280000000	2000000	0	0.000000
Asat_OT3098_v2_chr7D	280000000	282000000	2000000	0	0.000000
Asat_OT3098_v2_chr7D	282000000	284000000	2000000	0	0.000000
Asat_OT3098_v2_chr7D	284000000	286000000	2000000	0	0.000000
Asat_OT3098_v2_chr7D	286000000	288000000	2000000	0	0.000000
Asat_OT3098_v2_chr7D	288000000	290000000	2000000	0	0.000000
Asat_OT3098_v2_chr7D	290000000	292000000	2000000	0	0.000000
Asat_OT3098_v2_chr7D	292000000	294000000	2000000	0	0.000000
Asat_OT3098_v2_chr7D	294000000	296000000	2000000	0	0.000000
Asat_OT3098_v2_chr7D	296000000	298000000	2000000	0	0.000000
Asat_OT3098_v2_chr7D	298000000	300000000	2000000	0	0.000000
Asat_OT3098_v2_chr7D	300000000	302000000	2000000	0	0.000000
Asat_OT3098_v2_chr7D	302000000	304000000	2000000	0	0.000000
Asat_OT3098_v2_chr7D	304000000	306000000	2000000	0	0.000000
Asat_OT3098_v2_chr7D	306000000	308000000	2000000	0	0.000000
Asat_OT3098_v2_chr7D	308000000	310000000	2000000	0	0.000000
Asat_OT3098_v2_chr7D	310000000	312000000	2000000	0	0.000000
Asat_OT3098_v2_chr7D	312000000	314000000	2000000	0	0.000000
Asat_OT3098_v2_chr7D	314000000	316000000	2000000	0	0.000000
Asat_OT3098_v2_chr7D	316000000	318000000	2000000	0	0.000000
Asat_OT3098_v2_chr7D	318000000	320000000	2000000	0	0.000000
Asat_OT3098_v2_chr7D	320000000	322000000	2000000	0	0.000000
Asat_OT3098_v2_chr7D	322000000	324000000	2000000	0	0.000000
Asat_OT3098_v2_chr7D	324000000	326000000	2000000	0	0.000000
Asat_OT3098_v2_chr7D	326000000	328000000	2000000	0	0.000000
Asat_OT3098_v2_chr7D	328000000	330000000	2000000	0	0.000000
Asat_OT3098_v2_chr7D	330000000	332000000	2000000	0	0.000000
Asat_OT3098_v2_chr7D	332000000	334000000	2000000	0	0.000000
Asat_OT3098_v2_chr7D	334000000	336000000	2000000	0	0.000000
Asat_OT3098_v2_chr7D	336000000	338000000	2000000	0	0.000000
Asat_OT3098_v2_chr7D	338000000	340000000	2000000	0	0.000000
Asat_OT3098_v2_chr7D	340000000	342000000	2000000	0	0.000000
Asat_OT3098_v2_chr7D	342000000	344000000	2000000	0	0.000000
Asat_OT3098_v2_chr7D	344000000	346000000	2000000	0	0.000000
Asat_OT3098_v2_chr7D	346000000	348000000	2000000	0	0.000000
Asat_OT3098_v2_chr7D	348000000	350000000	2000000	0	0.000000
Asat_OT3098_v2_chr7D	350000000	352000000	2000000	0	0.000000
Asat_OT3098_v2_chr7D	352000000	354000000	2000000	0	0.000000
Asat_OT3098_v2_chr7D	354000000	356000000	2000000	0	0.000000
Asat_OT3098_v2_chr7D	356000000	358000000	2000000	0	0.000000
Asat_OT3098_v2_chr7D	358000000	360000000	2000000	0	0.000000
Asat_OT3098_v2_chr7D	360000000	362000000	2000000	0	0.000000
Asat_OT3098_v2_chr7D	362000000	364000000	2000000	0	0.000000
Asat_OT3098_v2_chr7D	364000000	366000000	2000000	0	0.000000
Asat_OT3098_v2_chr7D	366000000	368000000	2000000	0	0.000000
Asat_OT3098_v2_chr7D	368000000	370000000	2000000	0	0.000000
Asat_OT3098_v2_chr7D	370000000	372000000	2000000	0	0.000000
Asat_OT3098_v2_chr7D	372000000	374000000	2000000	0	0.000000
Asat_OT3098_v2_chr7D	374000000	376000000	2000000	0	0.000000
Asat_OT3098_v2_chr7D	376000000	378000000	2000000	0	0.000000
Asat_OT3098_v2_chr7D	378000000	380000000	2000000	0	0.000000
Asat_OT3098_v2_chr7D	380000000	382000000	2000000	0	0.000000
Asat_OT3098_v2_chr7D	382000000	384000000	2000000	0	0.000000
Asat_OT3098_v2_chr7D	384000000	386000000	2000000	0	0.000000
Asat_OT3098_v2_chr7D	386000000	388000000	2000000	0	0.000000
Asat_OT3098_v2_chr7D	388000000	390000000	2000000	0	0.000000
Asat_OT3098_v2_chr7D	390000000	392000000	2000000	0	0.000000
Asat_OT3098_v2_chr7D	392000000	394000000	2000000	0	0.000000
Asat_OT3098_v2_chr7D	394000000	396000000	2000000	0	0.000000
Asat_OT3098_v2_chr7D	396000000	398000000	2000000	0	0.000000
Asat_OT3098_v2_chr7D	398000000	400000000	2000000	0	0.000000
Asat_OT3098_v2_chr7D	400000000	402000000	2000000	243	0.000121
Asat_OT3098_v2_chr7D	402000000	404000000	2000000	0	0.000000
Asat_OT3098_v2_chr7D	404000000	406000000	2000000	0	0.000000
Asat_OT3098_v2_chr7D	406000000	408000000	2000000	0	0.000000
Asat_OT3098_v2_chr7D	408000000	410000000	2000000	0	0.000000
Asat_OT3098_v2_chr7D	410000000	412000000	2000000	0	0.000000
Asat_OT3098_v2_chr7D	412000000	414000000	2000000	0	0.000000
Asat_OT3098_v2_chr7D	414000000	416000000	2000000	0	0.000000
Asat_OT3098_v2_chr7D	416000000	418000000	2000000	0	0.000000
Asat_OT3098_v2_chr7D	418000000	420000000	2000000	0	0.000000
Asat_OT3098_v2_chr7D	420000000	422000000	2000000	0	0.000000
Asat_OT3098_v2_chr7D	422000000	424000000	2000000	0	0.000000
Asat_OT3098_v2_chr7D	424000000	426000000	2000000	0	0.000000
Asat_OT3098_v2_chr7D	426000000	428000000	2000000	0	0.000000
Asat_OT3098_v2_chr7D	428000000	430000000	2000000	0	0.000000
Asat_OT3098_v2_chr7D	430000000	432000000	2000000	0	0.000000
Asat_OT3098_v2_chr7D	432000000	434000000	2000000	0	0.000000
Asat_OT3098_v2_chr7D	434000000	436000000	2000000	0	0.000000
Asat_OT3098_v2_chr7D	436000000	438000000	2000000	0	0.000000
Asat_OT3098_v2_chr7D	438000000	440000000	2000000	0	0.000000
Asat_OT3098_v2_chr7D	440000000	442000000	2000000	0	0.000000
Asat_OT3098_v2_chr7D	442000000	444000000	2000000	0	0.000000
Asat_OT3098_v2_chr7D	444000000	446000000	2000000	0	0.000000
Asat_OT3098_v2_chr7D	446000000	448000000	2000000	0	0.000000
Asat_OT3098_v2_chr7D	448000000	450000000	2000000	0	0.000000
Asat_OT3098_v2_chr7D	450000000	452000000	2000000	0	0.000000
Asat_OT3098_v2_chr7D	452000000	454000000	2000000	0	0.000000
Asat_OT3098_v2_chr7D	454000000	456000000	2000000	0	0.000000
Asat_OT3098_v2_chr7D	456000000	458000000	2000000	0	0.000000
Asat_OT3098_v2_chr7D	458000000	460000000	2000000	0	0.000000
Asat_OT3098_v2_chr7D	460000000	462000000	2000000	0	0.000000
Asat_OT3098_v2_chr7D	462000000	464000000	2000000	0	0.000000
Asat_OT3098_v2_chr7D	464000000	466000000	2000000	0	0.000000
Asat_OT3098_v2_chr7D	466000000	468000000	2000000	0	0.000000
Asat_OT3098_v2_chr7D	468000000	470000000	2000000	0	0.000000
Asat_OT3098_v2_chr7D	470000000	472000000	2000000	0	0.000000
Asat_OT3098_v2_chr7D	472000000	474000000	2000000	0	0.000000
Asat_OT3098_v2_chr7D	474000000	476000000	2000000	0	0.000000
Asat_OT3098_v2_chr7D	476000000	478000000	2000000	0	0.000000
Asat_OT3098_v2_chr7D	478000000	480000000	2000000	0	0.000000
Asat_OT3098_v2_chr7D	480000000	482000000	2000000	0	0.000000
Asat_OT3098_v2_chr7D	482000000	484000000	2000000	0	0.000000
Asat_OT3098_v2_chr7D	484000000	486000000	2000000	0	0.000000
Asat_OT3098_v2_chr7D	486000000	488000000	2000000	0	0.000000
Asat_OT3098_v2_chr7D	488000000	490000000	2000000	0	0.000000
Asat_OT3098_v2_chr7D	490000000	492000000	2000000	0	0.000000
Asat_OT3098_v2_chr7D	492000000	494000000	2000000	0	0.000000
Asat_OT3098_v2_chr7D	494000000	496000000	2000000	0	0.000000
Asat_OT3098_v2_chr7D	496000000	498000000	2000000	0	0.000000
Asat_OT3098_v2_chr7D	498000000	500000000	2000000	0	0.000000
Asat_OT3098_v2_chr7D	500000000	502000000	2000000	0	0.000000
Asat_OT3098_v2_chr7D	502000000	504000000	2000000	0	0.000000
Asat_OT3098_v2_chr7D	504000000	506000000	2000000	0	0.000000
Asat_OT3098_v2_chr7D	506000000	508000000	2000000	0	0.000000
Asat_OT3098_v2_chr7D	508000000	510000000	2000000	0	0.000000
Asat_OT3098_v2_chr7D	510000000	512000000	2000000	0	0.000000
Asat_OT3098_v2_chr7D	512000000	514000000	2000000	0	0.000000
Asat_OT3098_v2_chr7D	514000000	516000000	2000000	0	0.000000
Asat_OT3098_v2_chr7D	516000000	518000000	2000000	0	0.000000
Asat_OT3098_v2_chr7D	518000000	520000000	2000000	0	0.000000
Asat_OT3098_v2_chr7D	520000000	522000000	2000000	0	0.000000
Asat_OT3098_v2_chr7D	522000000	524000000	2000000	0	0.000000
Asat_OT3098_v2_chr7D	524000000	526000000	2000000	0	0.000000
Asat_OT3098_v2_chr7D	526000000	528000000	2000000	0	0.000000
Asat_OT3098_v2_chr7D	528000000	528225653	225653	0	0.000000
