Asat_OT3098_v2_chr1A	0	2000000	2000000	0	0.000000
Asat_OT3098_v2_chr1A	2000000	4000000	2000000	0	0.000000
Asat_OT3098_v2_chr1A	4000000	6000000	2000000	0	0.000000
Asat_OT3098_v2_chr1A	6000000	8000000	2000000	0	0.000000
Asat_OT3098_v2_chr1A	8000000	10000000	2000000	0	0.000000
Asat_OT3098_v2_chr1A	10000000	12000000	2000000	5275	0.002638
Asat_OT3098_v2_chr1A	12000000	14000000	2000000	0	0.000000
Asat_OT3098_v2_chr1A	14000000	16000000	2000000	0	0.000000
Asat_OT3098_v2_chr1A	16000000	18000000	2000000	0	0.000000
Asat_OT3098_v2_chr1A	18000000	20000000	2000000	0	0.000000
Asat_OT3098_v2_chr1A	20000000	22000000	2000000	3667	0.001834
Asat_OT3098_v2_chr1A	22000000	24000000	2000000	0	0.000000
Asat_OT3098_v2_chr1A	24000000	26000000	2000000	1142	0.000571
Asat_OT3098_v2_chr1A	26000000	28000000	2000000	13675	0.006837
Asat_OT3098_v2_chr1A	28000000	30000000	2000000	0	0.000000
Asat_OT3098_v2_chr1A	30000000	32000000	2000000	0	0.000000
Asat_OT3098_v2_chr1A	32000000	34000000	2000000	0	0.000000
Asat_OT3098_v2_chr1A	34000000	36000000	2000000	0	0.000000
Asat_OT3098_v2_chr1A	36000000	38000000	2000000	0	0.000000
Asat_OT3098_v2_chr1A	38000000	40000000	2000000	4157	0.002079
Asat_OT3098_v2_chr1A	40000000	42000000	2000000	0	0.000000
Asat_OT3098_v2_chr1A	42000000	44000000	2000000	0	0.000000
Asat_OT3098_v2_chr1A	44000000	46000000	2000000	6813	0.003406
Asat_OT3098_v2_chr1A	46000000	48000000	2000000	0	0.000000
Asat_OT3098_v2_chr1A	48000000	50000000	2000000	0	0.000000
Asat_OT3098_v2_chr1A	50000000	52000000	2000000	0	0.000000
Asat_OT3098_v2_chr1A	52000000	54000000	2000000	0	0.000000
Asat_OT3098_v2_chr1A	54000000	56000000	2000000	0	0.000000
Asat_OT3098_v2_chr1A	56000000	58000000	2000000	5541	0.002770
Asat_OT3098_v2_chr1A	58000000	60000000	2000000	0	0.000000
Asat_OT3098_v2_chr1A	60000000	62000000	2000000	0	0.000000
Asat_OT3098_v2_chr1A	62000000	64000000	2000000	0	0.000000
Asat_OT3098_v2_chr1A	64000000	66000000	2000000	6623	0.003312
Asat_OT3098_v2_chr1A	66000000	68000000	2000000	0	0.000000
Asat_OT3098_v2_chr1A	68000000	70000000	2000000	0	0.000000
Asat_OT3098_v2_chr1A	70000000	72000000	2000000	0	0.000000
Asat_OT3098_v2_chr1A	72000000	74000000	2000000	0	0.000000
Asat_OT3098_v2_chr1A	74000000	76000000	2000000	0	0.000000
Asat_OT3098_v2_chr1A	76000000	78000000	2000000	0	0.000000
Asat_OT3098_v2_chr1A	78000000	80000000	2000000	0	0.000000
Asat_OT3098_v2_chr1A	80000000	82000000	2000000	0	0.000000
Asat_OT3098_v2_chr1A	82000000	84000000	2000000	0	0.000000
Asat_OT3098_v2_chr1A	84000000	86000000	2000000	0	0.000000
Asat_OT3098_v2_chr1A	86000000	88000000	2000000	0	0.000000
Asat_OT3098_v2_chr1A	88000000	90000000	2000000	0	0.000000
Asat_OT3098_v2_chr1A	90000000	92000000	2000000	1020	0.000510
Asat_OT3098_v2_chr1A	92000000	94000000	2000000	6816	0.003408
Asat_OT3098_v2_chr1A	94000000	96000000	2000000	0	0.000000
Asat_OT3098_v2_chr1A	96000000	98000000	2000000	5634	0.002817
Asat_OT3098_v2_chr1A	98000000	100000000	2000000	6811	0.003406
Asat_OT3098_v2_chr1A	100000000	102000000	2000000	0	0.000000
Asat_OT3098_v2_chr1A	102000000	104000000	2000000	6214	0.003107
Asat_OT3098_v2_chr1A	104000000	106000000	2000000	0	0.000000
Asat_OT3098_v2_chr1A	106000000	108000000	2000000	0	0.000000
Asat_OT3098_v2_chr1A	108000000	110000000	2000000	5631	0.002815
Asat_OT3098_v2_chr1A	110000000	112000000	2000000	0	0.000000
Asat_OT3098_v2_chr1A	112000000	114000000	2000000	19504	0.009752
Asat_OT3098_v2_chr1A	114000000	116000000	2000000	0	0.000000
Asat_OT3098_v2_chr1A	116000000	118000000	2000000	0	0.000000
Asat_OT3098_v2_chr1A	118000000	120000000	2000000	0	0.000000
Asat_OT3098_v2_chr1A	120000000	122000000	2000000	13501	0.006751
Asat_OT3098_v2_chr1A	122000000	124000000	2000000	0	0.000000
Asat_OT3098_v2_chr1A	124000000	126000000	2000000	10675	0.005338
Asat_OT3098_v2_chr1A	126000000	128000000	2000000	0	0.000000
Asat_OT3098_v2_chr1A	128000000	130000000	2000000	0	0.000000
Asat_OT3098_v2_chr1A	130000000	132000000	2000000	0	0.000000
Asat_OT3098_v2_chr1A	132000000	134000000	2000000	17912	0.008956
Asat_OT3098_v2_chr1A	134000000	136000000	2000000	5902	0.002951
Asat_OT3098_v2_chr1A	136000000	138000000	2000000	2568	0.001284
Asat_OT3098_v2_chr1A	138000000	140000000	2000000	12126	0.006063
Asat_OT3098_v2_chr1A	140000000	142000000	2000000	9975	0.004987
Asat_OT3098_v2_chr1A	142000000	144000000	2000000	0	0.000000
Asat_OT3098_v2_chr1A	144000000	146000000	2000000	19256	0.009628
Asat_OT3098_v2_chr1A	146000000	148000000	2000000	20942	0.010471
Asat_OT3098_v2_chr1A	148000000	150000000	2000000	21940	0.010970
Asat_OT3098_v2_chr1A	150000000	152000000	2000000	78826	0.039413
Asat_OT3098_v2_chr1A	152000000	154000000	2000000	193551	0.096776
Asat_OT3098_v2_chr1A	154000000	156000000	2000000	343070	0.171535
Asat_OT3098_v2_chr1A	156000000	158000000	2000000	226615	0.113308
Asat_OT3098_v2_chr1A	158000000	160000000	2000000	97356	0.048678
Asat_OT3098_v2_chr1A	160000000	162000000	2000000	26407	0.013203
Asat_OT3098_v2_chr1A	162000000	164000000	2000000	26490	0.013245
Asat_OT3098_v2_chr1A	164000000	166000000	2000000	14214	0.007107
Asat_OT3098_v2_chr1A	166000000	168000000	2000000	16157	0.008079
Asat_OT3098_v2_chr1A	168000000	170000000	2000000	6704	0.003352
Asat_OT3098_v2_chr1A	170000000	172000000	2000000	6890	0.003445
Asat_OT3098_v2_chr1A	172000000	174000000	2000000	6818	0.003409
Asat_OT3098_v2_chr1A	174000000	176000000	2000000	4076	0.002038
Asat_OT3098_v2_chr1A	176000000	178000000	2000000	0	0.000000
Asat_OT3098_v2_chr1A	178000000	180000000	2000000	19491	0.009746
Asat_OT3098_v2_chr1A	180000000	182000000	2000000	0	0.000000
Asat_OT3098_v2_chr1A	182000000	184000000	2000000	6153	0.003076
Asat_OT3098_v2_chr1A	184000000	186000000	2000000	14834	0.007417
Asat_OT3098_v2_chr1A	186000000	188000000	2000000	2032	0.001016
Asat_OT3098_v2_chr1A	188000000	190000000	2000000	0	0.000000
Asat_OT3098_v2_chr1A	190000000	192000000	2000000	6099	0.003050
Asat_OT3098_v2_chr1A	192000000	194000000	2000000	5435	0.002717
Asat_OT3098_v2_chr1A	194000000	196000000	2000000	8011	0.004006
Asat_OT3098_v2_chr1A	196000000	198000000	2000000	0	0.000000
Asat_OT3098_v2_chr1A	198000000	200000000	2000000	0	0.000000
Asat_OT3098_v2_chr1A	200000000	202000000	2000000	0	0.000000
Asat_OT3098_v2_chr1A	202000000	204000000	2000000	0	0.000000
Asat_OT3098_v2_chr1A	204000000	206000000	2000000	0	0.000000
Asat_OT3098_v2_chr1A	206000000	208000000	2000000	0	0.000000
Asat_OT3098_v2_chr1A	208000000	210000000	2000000	0	0.000000
Asat_OT3098_v2_chr1A	210000000	212000000	2000000	0	0.000000
Asat_OT3098_v2_chr1A	212000000	214000000	2000000	0	0.000000
Asat_OT3098_v2_chr1A	214000000	216000000	2000000	0	0.000000
Asat_OT3098_v2_chr1A	216000000	218000000	2000000	1127	0.000563
Asat_OT3098_v2_chr1A	218000000	220000000	2000000	2045	0.001022
Asat_OT3098_v2_chr1A	220000000	222000000	2000000	0	0.000000
Asat_OT3098_v2_chr1A	222000000	224000000	2000000	0	0.000000
Asat_OT3098_v2_chr1A	224000000	226000000	2000000	0	0.000000
Asat_OT3098_v2_chr1A	226000000	228000000	2000000	0	0.000000
Asat_OT3098_v2_chr1A	228000000	230000000	2000000	0	0.000000
Asat_OT3098_v2_chr1A	230000000	232000000	2000000	0	0.000000
Asat_OT3098_v2_chr1A	232000000	234000000	2000000	0	0.000000
Asat_OT3098_v2_chr1A	234000000	236000000	2000000	0	0.000000
Asat_OT3098_v2_chr1A	236000000	238000000	2000000	1041	0.000521
Asat_OT3098_v2_chr1A	238000000	240000000	2000000	0	0.000000
Asat_OT3098_v2_chr1A	240000000	242000000	2000000	4476	0.002238
Asat_OT3098_v2_chr1A	242000000	244000000	2000000	2595	0.001298
Asat_OT3098_v2_chr1A	244000000	246000000	2000000	0	0.000000
Asat_OT3098_v2_chr1A	246000000	248000000	2000000	0	0.000000
Asat_OT3098_v2_chr1A	248000000	250000000	2000000	5874	0.002937
Asat_OT3098_v2_chr1A	250000000	252000000	2000000	6774	0.003387
Asat_OT3098_v2_chr1A	252000000	254000000	2000000	0	0.000000
Asat_OT3098_v2_chr1A	254000000	256000000	2000000	6939	0.003469
Asat_OT3098_v2_chr1A	256000000	258000000	2000000	7278	0.003639
Asat_OT3098_v2_chr1A	258000000	260000000	2000000	0	0.000000
Asat_OT3098_v2_chr1A	260000000	262000000	2000000	6208	0.003104
Asat_OT3098_v2_chr1A	262000000	264000000	2000000	6728	0.003364
Asat_OT3098_v2_chr1A	264000000	266000000	2000000	0	0.000000
Asat_OT3098_v2_chr1A	266000000	268000000	2000000	9210	0.004605
Asat_OT3098_v2_chr1A	268000000	270000000	2000000	0	0.000000
Asat_OT3098_v2_chr1A	270000000	272000000	2000000	0	0.000000
Asat_OT3098_v2_chr1A	272000000	274000000	2000000	14481	0.007241
Asat_OT3098_v2_chr1A	274000000	276000000	2000000	0	0.000000
Asat_OT3098_v2_chr1A	276000000	278000000	2000000	0	0.000000
Asat_OT3098_v2_chr1A	278000000	280000000	2000000	0	0.000000
Asat_OT3098_v2_chr1A	280000000	282000000	2000000	0	0.000000
Asat_OT3098_v2_chr1A	282000000	284000000	2000000	0	0.000000
Asat_OT3098_v2_chr1A	284000000	286000000	2000000	0	0.000000
Asat_OT3098_v2_chr1A	286000000	288000000	2000000	5922	0.002961
Asat_OT3098_v2_chr1A	288000000	290000000	2000000	0	0.000000
Asat_OT3098_v2_chr1A	290000000	292000000	2000000	0	0.000000
Asat_OT3098_v2_chr1A	292000000	294000000	2000000	0	0.000000
Asat_OT3098_v2_chr1A	294000000	296000000	2000000	0	0.000000
Asat_OT3098_v2_chr1A	296000000	298000000	2000000	0	0.000000
Asat_OT3098_v2_chr1A	298000000	300000000	2000000	0	0.000000
Asat_OT3098_v2_chr1A	300000000	302000000	2000000	0	0.000000
Asat_OT3098_v2_chr1A	302000000	304000000	2000000	0	0.000000
Asat_OT3098_v2_chr1A	304000000	306000000	2000000	5085	0.002543
Asat_OT3098_v2_chr1A	306000000	308000000	2000000	0	0.000000
Asat_OT3098_v2_chr1A	308000000	310000000	2000000	0	0.000000
Asat_OT3098_v2_chr1A	310000000	312000000	2000000	12015	0.006007
Asat_OT3098_v2_chr1A	312000000	314000000	2000000	1118	0.000559
Asat_OT3098_v2_chr1A	314000000	316000000	2000000	2026	0.001013
Asat_OT3098_v2_chr1A	316000000	318000000	2000000	0	0.000000
Asat_OT3098_v2_chr1A	318000000	320000000	2000000	0	0.000000
Asat_OT3098_v2_chr1A	320000000	322000000	2000000	0	0.000000
Asat_OT3098_v2_chr1A	322000000	324000000	2000000	5736	0.002868
Asat_OT3098_v2_chr1A	324000000	326000000	2000000	11008	0.005504
Asat_OT3098_v2_chr1A	326000000	328000000	2000000	6251	0.003125
Asat_OT3098_v2_chr1A	328000000	330000000	2000000	1874	0.000937
Asat_OT3098_v2_chr1A	330000000	332000000	2000000	12113	0.006057
Asat_OT3098_v2_chr1A	332000000	334000000	2000000	0	0.000000
Asat_OT3098_v2_chr1A	334000000	336000000	2000000	14361	0.007181
Asat_OT3098_v2_chr1A	336000000	338000000	2000000	0	0.000000
Asat_OT3098_v2_chr1A	338000000	340000000	2000000	0	0.000000
Asat_OT3098_v2_chr1A	340000000	342000000	2000000	0	0.000000
Asat_OT3098_v2_chr1A	342000000	344000000	2000000	5751	0.002876
Asat_OT3098_v2_chr1A	344000000	346000000	2000000	0	0.000000
Asat_OT3098_v2_chr1A	346000000	348000000	2000000	0	0.000000
Asat_OT3098_v2_chr1A	348000000	350000000	2000000	0	0.000000
Asat_OT3098_v2_chr1A	350000000	352000000	2000000	0	0.000000
Asat_OT3098_v2_chr1A	352000000	354000000	2000000	0	0.000000
Asat_OT3098_v2_chr1A	354000000	356000000	2000000	0	0.000000
Asat_OT3098_v2_chr1A	356000000	358000000	2000000	4641	0.002321
Asat_OT3098_v2_chr1A	358000000	360000000	2000000	4954	0.002477
Asat_OT3098_v2_chr1A	360000000	362000000	2000000	0	0.000000
Asat_OT3098_v2_chr1A	362000000	364000000	2000000	0	0.000000
Asat_OT3098_v2_chr1A	364000000	366000000	2000000	0	0.000000
Asat_OT3098_v2_chr1A	366000000	368000000	2000000	19809	0.009905
Asat_OT3098_v2_chr1A	368000000	370000000	2000000	5248	0.002624
Asat_OT3098_v2_chr1A	370000000	372000000	2000000	4855	0.002427
Asat_OT3098_v2_chr1A	372000000	374000000	2000000	0	0.000000
Asat_OT3098_v2_chr1A	374000000	376000000	2000000	0	0.000000
Asat_OT3098_v2_chr1A	376000000	378000000	2000000	6823	0.003412
Asat_OT3098_v2_chr1A	378000000	380000000	2000000	0	0.000000
Asat_OT3098_v2_chr1A	380000000	382000000	2000000	6205	0.003102
Asat_OT3098_v2_chr1A	382000000	384000000	2000000	5118	0.002559
Asat_OT3098_v2_chr1A	384000000	386000000	2000000	0	0.000000
Asat_OT3098_v2_chr1A	386000000	388000000	2000000	0	0.000000
Asat_OT3098_v2_chr1A	388000000	390000000	2000000	0	0.000000
Asat_OT3098_v2_chr1A	390000000	392000000	2000000	0	0.000000
Asat_OT3098_v2_chr1A	392000000	394000000	2000000	1097	0.000549
Asat_OT3098_v2_chr1A	394000000	396000000	2000000	0	0.000000
Asat_OT3098_v2_chr1A	396000000	398000000	2000000	0	0.000000
Asat_OT3098_v2_chr1A	398000000	400000000	2000000	11055	0.005528
Asat_OT3098_v2_chr1A	400000000	402000000	2000000	0	0.000000
Asat_OT3098_v2_chr1A	402000000	404000000	2000000	0	0.000000
Asat_OT3098_v2_chr1A	404000000	406000000	2000000	0	0.000000
Asat_OT3098_v2_chr1A	406000000	408000000	2000000	6837	0.003419
Asat_OT3098_v2_chr1A	408000000	410000000	2000000	0	0.000000
Asat_OT3098_v2_chr1A	410000000	412000000	2000000	0	0.000000
Asat_OT3098_v2_chr1A	412000000	414000000	2000000	0	0.000000
Asat_OT3098_v2_chr1A	414000000	416000000	2000000	0	0.000000
Asat_OT3098_v2_chr1A	416000000	418000000	2000000	0	0.000000
Asat_OT3098_v2_chr1A	418000000	420000000	2000000	0	0.000000
Asat_OT3098_v2_chr1A	420000000	422000000	2000000	0	0.000000
Asat_OT3098_v2_chr1A	422000000	424000000	2000000	0	0.000000
Asat_OT3098_v2_chr1A	424000000	426000000	2000000	0	0.000000
Asat_OT3098_v2_chr1A	426000000	428000000	2000000	2030	0.001015
Asat_OT3098_v2_chr1A	428000000	430000000	2000000	0	0.000000
Asat_OT3098_v2_chr1A	430000000	432000000	2000000	0	0.000000
Asat_OT3098_v2_chr1A	432000000	434000000	2000000	0	0.000000
Asat_OT3098_v2_chr1A	434000000	436000000	2000000	3628	0.001814
Asat_OT3098_v2_chr1A	436000000	438000000	2000000	0	0.000000
Asat_OT3098_v2_chr1A	438000000	440000000	2000000	0	0.000000
Asat_OT3098_v2_chr1A	440000000	442000000	2000000	0	0.000000
Asat_OT3098_v2_chr1A	442000000	444000000	2000000	3261	0.001631
Asat_OT3098_v2_chr1A	444000000	446000000	2000000	0	0.000000
Asat_OT3098_v2_chr1A	446000000	448000000	2000000	3096	0.001548
Asat_OT3098_v2_chr1A	448000000	450000000	2000000	1494	0.000747
Asat_OT3098_v2_chr1A	450000000	452000000	2000000	6706	0.003353
Asat_OT3098_v2_chr1A	452000000	454000000	2000000	0	0.000000
Asat_OT3098_v2_chr1A	454000000	456000000	2000000	1170	0.000585
Asat_OT3098_v2_chr1A	456000000	458000000	2000000	2302	0.001151
Asat_OT3098_v2_chr1A	458000000	460000000	2000000	0	0.000000
Asat_OT3098_v2_chr1A	460000000	462000000	2000000	0	0.000000
Asat_OT3098_v2_chr1A	462000000	464000000	2000000	0	0.000000
Asat_OT3098_v2_chr1A	464000000	466000000	2000000	0	0.000000
Asat_OT3098_v2_chr1A	466000000	468000000	2000000	0	0.000000
Asat_OT3098_v2_chr1A	468000000	470000000	2000000	0	0.000000
Asat_OT3098_v2_chr1A	470000000	472000000	2000000	0	0.000000
Asat_OT3098_v2_chr1A	472000000	474000000	2000000	0	0.000000
Asat_OT3098_v2_chr1A	474000000	476000000	2000000	0	0.000000
Asat_OT3098_v2_chr1A	476000000	478000000	2000000	0	0.000000
Asat_OT3098_v2_chr1A	478000000	480000000	2000000	0	0.000000
Asat_OT3098_v2_chr1A	480000000	482000000	2000000	0	0.000000
Asat_OT3098_v2_chr1A	482000000	484000000	2000000	0	0.000000
Asat_OT3098_v2_chr1A	484000000	486000000	2000000	3245	0.001623
Asat_OT3098_v2_chr1A	486000000	488000000	2000000	0	0.000000
Asat_OT3098_v2_chr1A	488000000	490000000	2000000	0	0.000000
Asat_OT3098_v2_chr1A	490000000	492000000	2000000	4094	0.002047
Asat_OT3098_v2_chr1A	492000000	494000000	2000000	0	0.000000
Asat_OT3098_v2_chr1A	494000000	496000000	2000000	0	0.000000
Asat_OT3098_v2_chr1A	496000000	498000000	2000000	0	0.000000
Asat_OT3098_v2_chr1A	498000000	500000000	2000000	0	0.000000
Asat_OT3098_v2_chr1A	500000000	502000000	2000000	0	0.000000
Asat_OT3098_v2_chr1A	502000000	504000000	2000000	2491	0.001246
Asat_OT3098_v2_chr1A	504000000	506000000	2000000	0	0.000000
Asat_OT3098_v2_chr1A	506000000	508000000	2000000	1614	0.000807
Asat_OT3098_v2_chr1A	508000000	510000000	2000000	0	0.000000
Asat_OT3098_v2_chr1A	510000000	512000000	2000000	2226	0.001113
Asat_OT3098_v2_chr1A	512000000	514000000	2000000	0	0.000000
Asat_OT3098_v2_chr1A	514000000	516000000	2000000	0	0.000000
Asat_OT3098_v2_chr1A	516000000	518000000	2000000	0	0.000000
Asat_OT3098_v2_chr1A	518000000	520000000	2000000	0	0.000000
Asat_OT3098_v2_chr1A	520000000	522000000	2000000	0	0.000000
Asat_OT3098_v2_chr1A	522000000	524000000	2000000	0	0.000000
Asat_OT3098_v2_chr1A	524000000	526000000	2000000	4131	0.002066
Asat_OT3098_v2_chr1A	526000000	528000000	2000000	0	0.000000
Asat_OT3098_v2_chr1A	528000000	530000000	2000000	0	0.000000
Asat_OT3098_v2_chr1A	530000000	532000000	2000000	0	0.000000
Asat_OT3098_v2_chr1A	532000000	534000000	2000000	0	0.000000
Asat_OT3098_v2_chr1A	534000000	536000000	2000000	6816	0.003408
Asat_OT3098_v2_chr1A	536000000	538000000	2000000	5282	0.002641
Asat_OT3098_v2_chr1A	538000000	540000000	2000000	0	0.000000
Asat_OT3098_v2_chr1A	540000000	540897063	897063	0	0.000000
Asat_OT3098_v2_chr1C	0	2000000	2000000	14852	0.007426
Asat_OT3098_v2_chr1C	2000000	4000000	2000000	0	0.000000
Asat_OT3098_v2_chr1C	4000000	6000000	2000000	9030	0.004515
Asat_OT3098_v2_chr1C	6000000	8000000	2000000	6874	0.003437
Asat_OT3098_v2_chr1C	8000000	10000000	2000000	0	0.000000
Asat_OT3098_v2_chr1C	10000000	12000000	2000000	0	0.000000
Asat_OT3098_v2_chr1C	12000000	14000000	2000000	0	0.000000
Asat_OT3098_v2_chr1C	14000000	16000000	2000000	6606	0.003303
Asat_OT3098_v2_chr1C	16000000	18000000	2000000	0	0.000000
Asat_OT3098_v2_chr1C	18000000	20000000	2000000	0	0.000000
Asat_OT3098_v2_chr1C	20000000	22000000	2000000	0	0.000000
Asat_OT3098_v2_chr1C	22000000	24000000	2000000	0	0.000000
Asat_OT3098_v2_chr1C	24000000	26000000	2000000	1077	0.000539
Asat_OT3098_v2_chr1C	26000000	28000000	2000000	1062	0.000531
Asat_OT3098_v2_chr1C	28000000	30000000	2000000	0	0.000000
Asat_OT3098_v2_chr1C	30000000	32000000	2000000	0	0.000000
Asat_OT3098_v2_chr1C	32000000	34000000	2000000	0	0.000000
Asat_OT3098_v2_chr1C	34000000	36000000	2000000	6885	0.003442
Asat_OT3098_v2_chr1C	36000000	38000000	2000000	0	0.000000
Asat_OT3098_v2_chr1C	38000000	40000000	2000000	0	0.000000
Asat_OT3098_v2_chr1C	40000000	42000000	2000000	2119	0.001059
Asat_OT3098_v2_chr1C	42000000	44000000	2000000	0	0.000000
Asat_OT3098_v2_chr1C	44000000	46000000	2000000	0	0.000000
Asat_OT3098_v2_chr1C	46000000	48000000	2000000	5678	0.002839
Asat_OT3098_v2_chr1C	48000000	50000000	2000000	0	0.000000
Asat_OT3098_v2_chr1C	50000000	52000000	2000000	0	0.000000
Asat_OT3098_v2_chr1C	52000000	54000000	2000000	1201	0.000601
Asat_OT3098_v2_chr1C	54000000	56000000	2000000	0	0.000000
Asat_OT3098_v2_chr1C	56000000	58000000	2000000	3570	0.001785
Asat_OT3098_v2_chr1C	58000000	60000000	2000000	0	0.000000
Asat_OT3098_v2_chr1C	60000000	62000000	2000000	0	0.000000
Asat_OT3098_v2_chr1C	62000000	64000000	2000000	0	0.000000
Asat_OT3098_v2_chr1C	64000000	66000000	2000000	0	0.000000
Asat_OT3098_v2_chr1C	66000000	68000000	2000000	0	0.000000
Asat_OT3098_v2_chr1C	68000000	70000000	2000000	0	0.000000
Asat_OT3098_v2_chr1C	70000000	72000000	2000000	9301	0.004651
Asat_OT3098_v2_chr1C	72000000	74000000	2000000	0	0.000000
Asat_OT3098_v2_chr1C	74000000	76000000	2000000	0	0.000000
Asat_OT3098_v2_chr1C	76000000	78000000	2000000	0	0.000000
Asat_OT3098_v2_chr1C	78000000	80000000	2000000	0	0.000000
Asat_OT3098_v2_chr1C	80000000	82000000	2000000	0	0.000000
Asat_OT3098_v2_chr1C	82000000	84000000	2000000	0	0.000000
Asat_OT3098_v2_chr1C	84000000	86000000	2000000	0	0.000000
Asat_OT3098_v2_chr1C	86000000	88000000	2000000	0	0.000000
Asat_OT3098_v2_chr1C	88000000	90000000	2000000	0	0.000000
Asat_OT3098_v2_chr1C	90000000	92000000	2000000	0	0.000000
Asat_OT3098_v2_chr1C	92000000	94000000	2000000	0	0.000000
Asat_OT3098_v2_chr1C	94000000	96000000	2000000	0	0.000000
Asat_OT3098_v2_chr1C	96000000	98000000	2000000	0	0.000000
Asat_OT3098_v2_chr1C	98000000	100000000	2000000	1453	0.000727
Asat_OT3098_v2_chr1C	100000000	102000000	2000000	0	0.000000
Asat_OT3098_v2_chr1C	102000000	104000000	2000000	0	0.000000
Asat_OT3098_v2_chr1C	104000000	106000000	2000000	0	0.000000
Asat_OT3098_v2_chr1C	106000000	108000000	2000000	0	0.000000
Asat_OT3098_v2_chr1C	108000000	110000000	2000000	0	0.000000
Asat_OT3098_v2_chr1C	110000000	112000000	2000000	0	0.000000
Asat_OT3098_v2_chr1C	112000000	114000000	2000000	0	0.000000
Asat_OT3098_v2_chr1C	114000000	116000000	2000000	0	0.000000
Asat_OT3098_v2_chr1C	116000000	118000000	2000000	0	0.000000
Asat_OT3098_v2_chr1C	118000000	120000000	2000000	0	0.000000
Asat_OT3098_v2_chr1C	120000000	122000000	2000000	0	0.000000
Asat_OT3098_v2_chr1C	122000000	124000000	2000000	0	0.000000
Asat_OT3098_v2_chr1C	124000000	126000000	2000000	0	0.000000
Asat_OT3098_v2_chr1C	126000000	128000000	2000000	0	0.000000
Asat_OT3098_v2_chr1C	128000000	130000000	2000000	0	0.000000
Asat_OT3098_v2_chr1C	130000000	132000000	2000000	0	0.000000
Asat_OT3098_v2_chr1C	132000000	134000000	2000000	0	0.000000
Asat_OT3098_v2_chr1C	134000000	136000000	2000000	0	0.000000
Asat_OT3098_v2_chr1C	136000000	138000000	2000000	0	0.000000
Asat_OT3098_v2_chr1C	138000000	140000000	2000000	0	0.000000
Asat_OT3098_v2_chr1C	140000000	142000000	2000000	4793	0.002397
Asat_OT3098_v2_chr1C	142000000	144000000	2000000	0	0.000000
Asat_OT3098_v2_chr1C	144000000	146000000	2000000	0	0.000000
Asat_OT3098_v2_chr1C	146000000	148000000	2000000	0	0.000000
Asat_OT3098_v2_chr1C	148000000	150000000	2000000	0	0.000000
Asat_OT3098_v2_chr1C	150000000	152000000	2000000	0	0.000000
Asat_OT3098_v2_chr1C	152000000	154000000	2000000	3882	0.001941
Asat_OT3098_v2_chr1C	154000000	156000000	2000000	0	0.000000
Asat_OT3098_v2_chr1C	156000000	158000000	2000000	0	0.000000
Asat_OT3098_v2_chr1C	158000000	160000000	2000000	0	0.000000
Asat_OT3098_v2_chr1C	160000000	162000000	2000000	5223	0.002612
Asat_OT3098_v2_chr1C	162000000	164000000	2000000	0	0.000000
Asat_OT3098_v2_chr1C	164000000	166000000	2000000	0	0.000000
Asat_OT3098_v2_chr1C	166000000	168000000	2000000	0	0.000000
Asat_OT3098_v2_chr1C	168000000	170000000	2000000	0	0.000000
Asat_OT3098_v2_chr1C	170000000	172000000	2000000	0	0.000000
Asat_OT3098_v2_chr1C	172000000	174000000	2000000	0	0.000000
Asat_OT3098_v2_chr1C	174000000	176000000	2000000	0	0.000000
Asat_OT3098_v2_chr1C	176000000	178000000	2000000	1008	0.000504
Asat_OT3098_v2_chr1C	178000000	180000000	2000000	1551	0.000776
Asat_OT3098_v2_chr1C	180000000	182000000	2000000	0	0.000000
Asat_OT3098_v2_chr1C	182000000	184000000	2000000	0	0.000000
Asat_OT3098_v2_chr1C	184000000	186000000	2000000	0	0.000000
Asat_OT3098_v2_chr1C	186000000	188000000	2000000	0	0.000000
Asat_OT3098_v2_chr1C	188000000	190000000	2000000	2365	0.001182
Asat_OT3098_v2_chr1C	190000000	192000000	2000000	6837	0.003419
Asat_OT3098_v2_chr1C	192000000	194000000	2000000	0	0.000000
Asat_OT3098_v2_chr1C	194000000	196000000	2000000	0	0.000000
Asat_OT3098_v2_chr1C	196000000	198000000	2000000	0	0.000000
Asat_OT3098_v2_chr1C	198000000	200000000	2000000	0	0.000000
Asat_OT3098_v2_chr1C	200000000	202000000	2000000	5929	0.002965
Asat_OT3098_v2_chr1C	202000000	204000000	2000000	0	0.000000
Asat_OT3098_v2_chr1C	204000000	206000000	2000000	0	0.000000
Asat_OT3098_v2_chr1C	206000000	208000000	2000000	0	0.000000
Asat_OT3098_v2_chr1C	208000000	210000000	2000000	0	0.000000
Asat_OT3098_v2_chr1C	210000000	212000000	2000000	0	0.000000
Asat_OT3098_v2_chr1C	212000000	214000000	2000000	0	0.000000
Asat_OT3098_v2_chr1C	214000000	216000000	2000000	0	0.000000
Asat_OT3098_v2_chr1C	216000000	218000000	2000000	0	0.000000
Asat_OT3098_v2_chr1C	218000000	220000000	2000000	4325	0.002162
Asat_OT3098_v2_chr1C	220000000	222000000	2000000	0	0.000000
Asat_OT3098_v2_chr1C	222000000	224000000	2000000	29549	0.014774
Asat_OT3098_v2_chr1C	224000000	226000000	2000000	52078	0.026039
Asat_OT3098_v2_chr1C	226000000	228000000	2000000	10949	0.005475
Asat_OT3098_v2_chr1C	228000000	230000000	2000000	50700	0.025350
Asat_OT3098_v2_chr1C	230000000	232000000	2000000	103561	0.051781
Asat_OT3098_v2_chr1C	232000000	234000000	2000000	103436	0.051718
Asat_OT3098_v2_chr1C	234000000	236000000	2000000	64210	0.032105
Asat_OT3098_v2_chr1C	236000000	238000000	2000000	56228	0.028114
Asat_OT3098_v2_chr1C	238000000	240000000	2000000	66224	0.033112
Asat_OT3098_v2_chr1C	240000000	242000000	2000000	40268	0.020134
Asat_OT3098_v2_chr1C	242000000	244000000	2000000	4983	0.002491
Asat_OT3098_v2_chr1C	244000000	246000000	2000000	0	0.000000
Asat_OT3098_v2_chr1C	246000000	248000000	2000000	4158	0.002079
Asat_OT3098_v2_chr1C	248000000	250000000	2000000	5167	0.002583
Asat_OT3098_v2_chr1C	250000000	252000000	2000000	7434	0.003717
Asat_OT3098_v2_chr1C	252000000	254000000	2000000	6175	0.003087
Asat_OT3098_v2_chr1C	254000000	256000000	2000000	2685	0.001342
Asat_OT3098_v2_chr1C	256000000	258000000	2000000	6112	0.003056
Asat_OT3098_v2_chr1C	258000000	260000000	2000000	4762	0.002381
Asat_OT3098_v2_chr1C	260000000	262000000	2000000	4908	0.002454
Asat_OT3098_v2_chr1C	262000000	264000000	2000000	28792	0.014396
Asat_OT3098_v2_chr1C	264000000	266000000	2000000	21197	0.010599
Asat_OT3098_v2_chr1C	266000000	268000000	2000000	47754	0.023877
Asat_OT3098_v2_chr1C	268000000	270000000	2000000	17573	0.008786
Asat_OT3098_v2_chr1C	270000000	272000000	2000000	82600	0.041300
Asat_OT3098_v2_chr1C	272000000	274000000	2000000	45638	0.022819
Asat_OT3098_v2_chr1C	274000000	276000000	2000000	67094	0.033547
Asat_OT3098_v2_chr1C	276000000	278000000	2000000	43459	0.021729
Asat_OT3098_v2_chr1C	278000000	280000000	2000000	12643	0.006321
Asat_OT3098_v2_chr1C	280000000	282000000	2000000	0	0.000000
Asat_OT3098_v2_chr1C	282000000	284000000	2000000	5463	0.002731
Asat_OT3098_v2_chr1C	284000000	286000000	2000000	0	0.000000
Asat_OT3098_v2_chr1C	286000000	288000000	2000000	17292	0.008646
Asat_OT3098_v2_chr1C	288000000	290000000	2000000	19382	0.009691
Asat_OT3098_v2_chr1C	290000000	292000000	2000000	37239	0.018620
Asat_OT3098_v2_chr1C	292000000	294000000	2000000	7414	0.003707
Asat_OT3098_v2_chr1C	294000000	296000000	2000000	32568	0.016284
Asat_OT3098_v2_chr1C	296000000	298000000	2000000	14293	0.007147
Asat_OT3098_v2_chr1C	298000000	300000000	2000000	0	0.000000
Asat_OT3098_v2_chr1C	300000000	302000000	2000000	0	0.000000
Asat_OT3098_v2_chr1C	302000000	304000000	2000000	3587	0.001793
Asat_OT3098_v2_chr1C	304000000	306000000	2000000	3149	0.001574
Asat_OT3098_v2_chr1C	306000000	308000000	2000000	7801	0.003900
Asat_OT3098_v2_chr1C	308000000	310000000	2000000	0	0.000000
Asat_OT3098_v2_chr1C	310000000	312000000	2000000	0	0.000000
Asat_OT3098_v2_chr1C	312000000	314000000	2000000	1540	0.000770
Asat_OT3098_v2_chr1C	314000000	316000000	2000000	0	0.000000
Asat_OT3098_v2_chr1C	316000000	318000000	2000000	3225	0.001613
Asat_OT3098_v2_chr1C	318000000	320000000	2000000	0	0.000000
Asat_OT3098_v2_chr1C	320000000	322000000	2000000	1184	0.000592
Asat_OT3098_v2_chr1C	322000000	324000000	2000000	0	0.000000
Asat_OT3098_v2_chr1C	324000000	326000000	2000000	4826	0.002413
Asat_OT3098_v2_chr1C	326000000	328000000	2000000	0	0.000000
Asat_OT3098_v2_chr1C	328000000	330000000	2000000	0	0.000000
Asat_OT3098_v2_chr1C	330000000	332000000	2000000	0	0.000000
Asat_OT3098_v2_chr1C	332000000	334000000	2000000	0	0.000000
Asat_OT3098_v2_chr1C	334000000	336000000	2000000	0	0.000000
Asat_OT3098_v2_chr1C	336000000	338000000	2000000	2465	0.001233
Asat_OT3098_v2_chr1C	338000000	340000000	2000000	0	0.000000
Asat_OT3098_v2_chr1C	340000000	342000000	2000000	6110	0.003055
Asat_OT3098_v2_chr1C	342000000	344000000	2000000	1492	0.000746
Asat_OT3098_v2_chr1C	344000000	346000000	2000000	2044	0.001022
Asat_OT3098_v2_chr1C	346000000	348000000	2000000	0	0.000000
Asat_OT3098_v2_chr1C	348000000	350000000	2000000	0	0.000000
Asat_OT3098_v2_chr1C	350000000	352000000	2000000	0	0.000000
Asat_OT3098_v2_chr1C	352000000	354000000	2000000	0	0.000000
Asat_OT3098_v2_chr1C	354000000	356000000	2000000	0	0.000000
Asat_OT3098_v2_chr1C	356000000	358000000	2000000	0	0.000000
Asat_OT3098_v2_chr1C	358000000	360000000	2000000	2534	0.001267
Asat_OT3098_v2_chr1C	360000000	362000000	2000000	3738	0.001869
Asat_OT3098_v2_chr1C	362000000	364000000	2000000	0	0.000000
Asat_OT3098_v2_chr1C	364000000	366000000	2000000	2443	0.001221
Asat_OT3098_v2_chr1C	366000000	368000000	2000000	0	0.000000
Asat_OT3098_v2_chr1C	368000000	370000000	2000000	0	0.000000
Asat_OT3098_v2_chr1C	370000000	372000000	2000000	9846	0.004923
Asat_OT3098_v2_chr1C	372000000	374000000	2000000	0	0.000000
Asat_OT3098_v2_chr1C	374000000	376000000	2000000	0	0.000000
Asat_OT3098_v2_chr1C	376000000	378000000	2000000	0	0.000000
Asat_OT3098_v2_chr1C	378000000	380000000	2000000	0	0.000000
Asat_OT3098_v2_chr1C	380000000	382000000	2000000	1813	0.000906
Asat_OT3098_v2_chr1C	382000000	384000000	2000000	0	0.000000
Asat_OT3098_v2_chr1C	384000000	386000000	2000000	0	0.000000
Asat_OT3098_v2_chr1C	386000000	388000000	2000000	7818	0.003909
Asat_OT3098_v2_chr1C	388000000	390000000	2000000	0	0.000000
Asat_OT3098_v2_chr1C	390000000	392000000	2000000	3432	0.001716
Asat_OT3098_v2_chr1C	392000000	394000000	2000000	0	0.000000
Asat_OT3098_v2_chr1C	394000000	396000000	2000000	0	0.000000
Asat_OT3098_v2_chr1C	396000000	398000000	2000000	0	0.000000
Asat_OT3098_v2_chr1C	398000000	400000000	2000000	0	0.000000
Asat_OT3098_v2_chr1C	400000000	402000000	2000000	0	0.000000
Asat_OT3098_v2_chr1C	402000000	404000000	2000000	0	0.000000
Asat_OT3098_v2_chr1C	404000000	406000000	2000000	11517	0.005758
Asat_OT3098_v2_chr1C	406000000	408000000	2000000	0	0.000000
Asat_OT3098_v2_chr1C	408000000	410000000	2000000	0	0.000000
Asat_OT3098_v2_chr1C	410000000	412000000	2000000	0	0.000000
Asat_OT3098_v2_chr1C	412000000	414000000	2000000	0	0.000000
Asat_OT3098_v2_chr1C	414000000	416000000	2000000	0	0.000000
Asat_OT3098_v2_chr1C	416000000	418000000	2000000	0	0.000000
Asat_OT3098_v2_chr1C	418000000	420000000	2000000	3670	0.001835
Asat_OT3098_v2_chr1C	420000000	422000000	2000000	0	0.000000
Asat_OT3098_v2_chr1C	422000000	424000000	2000000	0	0.000000
Asat_OT3098_v2_chr1C	424000000	426000000	2000000	0	0.000000
Asat_OT3098_v2_chr1C	426000000	428000000	2000000	3740	0.001870
Asat_OT3098_v2_chr1C	428000000	430000000	2000000	0	0.000000
Asat_OT3098_v2_chr1C	430000000	432000000	2000000	0	0.000000
Asat_OT3098_v2_chr1C	432000000	434000000	2000000	0	0.000000
Asat_OT3098_v2_chr1C	434000000	436000000	2000000	0	0.000000
Asat_OT3098_v2_chr1C	436000000	438000000	2000000	4173	0.002086
Asat_OT3098_v2_chr1C	438000000	440000000	2000000	0	0.000000
Asat_OT3098_v2_chr1C	440000000	442000000	2000000	0	0.000000
Asat_OT3098_v2_chr1C	442000000	444000000	2000000	0	0.000000
Asat_OT3098_v2_chr1C	444000000	446000000	2000000	0	0.000000
Asat_OT3098_v2_chr1C	446000000	448000000	2000000	0	0.000000
Asat_OT3098_v2_chr1C	448000000	450000000	2000000	1116	0.000558
Asat_OT3098_v2_chr1C	450000000	452000000	2000000	0	0.000000
Asat_OT3098_v2_chr1C	452000000	454000000	2000000	4537	0.002269
Asat_OT3098_v2_chr1C	454000000	456000000	2000000	4699	0.002350
Asat_OT3098_v2_chr1C	456000000	458000000	2000000	4399	0.002200
Asat_OT3098_v2_chr1C	458000000	460000000	2000000	0	0.000000
Asat_OT3098_v2_chr1C	460000000	462000000	2000000	0	0.000000
Asat_OT3098_v2_chr1C	462000000	462796039	796039	0	0.000000
Asat_OT3098_v2_chr1D	0	2000000	2000000	0	0.000000
Asat_OT3098_v2_chr1D	2000000	4000000	2000000	8012	0.004006
Asat_OT3098_v2_chr1D	4000000	6000000	2000000	0	0.000000
Asat_OT3098_v2_chr1D	6000000	8000000	2000000	4166	0.002083
Asat_OT3098_v2_chr1D	8000000	10000000	2000000	3126	0.001563
Asat_OT3098_v2_chr1D	10000000	12000000	2000000	0	0.000000
Asat_OT3098_v2_chr1D	12000000	14000000	2000000	0	0.000000
Asat_OT3098_v2_chr1D	14000000	16000000	2000000	0	0.000000
Asat_OT3098_v2_chr1D	16000000	18000000	2000000	4294	0.002147
Asat_OT3098_v2_chr1D	18000000	20000000	2000000	0	0.000000
Asat_OT3098_v2_chr1D	20000000	22000000	2000000	0	0.000000
Asat_OT3098_v2_chr1D	22000000	24000000	2000000	3913	0.001956
Asat_OT3098_v2_chr1D	24000000	26000000	2000000	6899	0.003449
Asat_OT3098_v2_chr1D	26000000	28000000	2000000	0	0.000000
Asat_OT3098_v2_chr1D	28000000	30000000	2000000	0	0.000000
Asat_OT3098_v2_chr1D	30000000	32000000	2000000	0	0.000000
Asat_OT3098_v2_chr1D	32000000	34000000	2000000	4613	0.002306
Asat_OT3098_v2_chr1D	34000000	36000000	2000000	0	0.000000
Asat_OT3098_v2_chr1D	36000000	38000000	2000000	0	0.000000
Asat_OT3098_v2_chr1D	38000000	40000000	2000000	0	0.000000
Asat_OT3098_v2_chr1D	40000000	42000000	2000000	0	0.000000
Asat_OT3098_v2_chr1D	42000000	44000000	2000000	0	0.000000
Asat_OT3098_v2_chr1D	44000000	46000000	2000000	0	0.000000
Asat_OT3098_v2_chr1D	46000000	48000000	2000000	0	0.000000
Asat_OT3098_v2_chr1D	48000000	50000000	2000000	6267	0.003134
Asat_OT3098_v2_chr1D	50000000	52000000	2000000	0	0.000000
Asat_OT3098_v2_chr1D	52000000	54000000	2000000	0	0.000000
Asat_OT3098_v2_chr1D	54000000	56000000	2000000	0	0.000000
Asat_OT3098_v2_chr1D	56000000	58000000	2000000	0	0.000000
Asat_OT3098_v2_chr1D	58000000	60000000	2000000	0	0.000000
Asat_OT3098_v2_chr1D	60000000	62000000	2000000	0	0.000000
Asat_OT3098_v2_chr1D	62000000	64000000	2000000	0	0.000000
Asat_OT3098_v2_chr1D	64000000	66000000	2000000	0	0.000000
Asat_OT3098_v2_chr1D	66000000	68000000	2000000	0	0.000000
Asat_OT3098_v2_chr1D	68000000	70000000	2000000	6576	0.003288
Asat_OT3098_v2_chr1D	70000000	72000000	2000000	0	0.000000
Asat_OT3098_v2_chr1D	72000000	74000000	2000000	0	0.000000
Asat_OT3098_v2_chr1D	74000000	76000000	2000000	0	0.000000
Asat_OT3098_v2_chr1D	76000000	78000000	2000000	0	0.000000
Asat_OT3098_v2_chr1D	78000000	80000000	2000000	0	0.000000
Asat_OT3098_v2_chr1D	80000000	82000000	2000000	6287	0.003144
Asat_OT3098_v2_chr1D	82000000	84000000	2000000	0	0.000000
Asat_OT3098_v2_chr1D	84000000	86000000	2000000	0	0.000000
Asat_OT3098_v2_chr1D	86000000	88000000	2000000	0	0.000000
Asat_OT3098_v2_chr1D	88000000	90000000	2000000	0	0.000000
Asat_OT3098_v2_chr1D	90000000	92000000	2000000	5642	0.002821
Asat_OT3098_v2_chr1D	92000000	94000000	2000000	0	0.000000
Asat_OT3098_v2_chr1D	94000000	96000000	2000000	6842	0.003421
Asat_OT3098_v2_chr1D	96000000	98000000	2000000	0	0.000000
Asat_OT3098_v2_chr1D	98000000	100000000	2000000	6920	0.003460
Asat_OT3098_v2_chr1D	100000000	102000000	2000000	0	0.000000
Asat_OT3098_v2_chr1D	102000000	104000000	2000000	6129	0.003064
Asat_OT3098_v2_chr1D	104000000	106000000	2000000	0	0.000000
Asat_OT3098_v2_chr1D	106000000	108000000	2000000	8345	0.004172
Asat_OT3098_v2_chr1D	108000000	110000000	2000000	3573	0.001786
Asat_OT3098_v2_chr1D	110000000	112000000	2000000	0	0.000000
Asat_OT3098_v2_chr1D	112000000	114000000	2000000	1052	0.000526
Asat_OT3098_v2_chr1D	114000000	116000000	2000000	0	0.000000
Asat_OT3098_v2_chr1D	116000000	118000000	2000000	13633	0.006816
Asat_OT3098_v2_chr1D	118000000	120000000	2000000	11492	0.005746
Asat_OT3098_v2_chr1D	120000000	122000000	2000000	13656	0.006828
Asat_OT3098_v2_chr1D	122000000	124000000	2000000	0	0.000000
Asat_OT3098_v2_chr1D	124000000	126000000	2000000	0	0.000000
Asat_OT3098_v2_chr1D	126000000	128000000	2000000	20682	0.010341
Asat_OT3098_v2_chr1D	128000000	130000000	2000000	0	0.000000
Asat_OT3098_v2_chr1D	130000000	132000000	2000000	1128	0.000564
Asat_OT3098_v2_chr1D	132000000	134000000	2000000	15697	0.007848
Asat_OT3098_v2_chr1D	134000000	136000000	2000000	0	0.000000
Asat_OT3098_v2_chr1D	136000000	138000000	2000000	12593	0.006297
Asat_OT3098_v2_chr1D	138000000	140000000	2000000	4841	0.002420
Asat_OT3098_v2_chr1D	140000000	142000000	2000000	17150	0.008575
Asat_OT3098_v2_chr1D	142000000	144000000	2000000	83634	0.041817
Asat_OT3098_v2_chr1D	144000000	146000000	2000000	210579	0.105289
Asat_OT3098_v2_chr1D	146000000	148000000	2000000	373244	0.186622
Asat_OT3098_v2_chr1D	148000000	150000000	2000000	297584	0.148792
Asat_OT3098_v2_chr1D	150000000	152000000	2000000	98829	0.049415
Asat_OT3098_v2_chr1D	152000000	154000000	2000000	24014	0.012007
Asat_OT3098_v2_chr1D	154000000	156000000	2000000	33310	0.016655
Asat_OT3098_v2_chr1D	156000000	158000000	2000000	6562	0.003281
Asat_OT3098_v2_chr1D	158000000	160000000	2000000	0	0.000000
Asat_OT3098_v2_chr1D	160000000	162000000	2000000	0	0.000000
Asat_OT3098_v2_chr1D	162000000	164000000	2000000	9735	0.004868
Asat_OT3098_v2_chr1D	164000000	166000000	2000000	6842	0.003421
Asat_OT3098_v2_chr1D	166000000	168000000	2000000	0	0.000000
Asat_OT3098_v2_chr1D	168000000	170000000	2000000	0	0.000000
Asat_OT3098_v2_chr1D	170000000	172000000	2000000	36601	0.018301
Asat_OT3098_v2_chr1D	172000000	174000000	2000000	0	0.000000
Asat_OT3098_v2_chr1D	174000000	176000000	2000000	0	0.000000
Asat_OT3098_v2_chr1D	176000000	178000000	2000000	0	0.000000
Asat_OT3098_v2_chr1D	178000000	180000000	2000000	4711	0.002355
Asat_OT3098_v2_chr1D	180000000	182000000	2000000	6154	0.003077
Asat_OT3098_v2_chr1D	182000000	184000000	2000000	7084	0.003542
Asat_OT3098_v2_chr1D	184000000	186000000	2000000	0	0.000000
Asat_OT3098_v2_chr1D	186000000	188000000	2000000	0	0.000000
Asat_OT3098_v2_chr1D	188000000	190000000	2000000	6793	0.003397
Asat_OT3098_v2_chr1D	190000000	192000000	2000000	0	0.000000
Asat_OT3098_v2_chr1D	192000000	194000000	2000000	13771	0.006886
Asat_OT3098_v2_chr1D	194000000	196000000	2000000	0	0.000000
Asat_OT3098_v2_chr1D	196000000	198000000	2000000	0	0.000000
Asat_OT3098_v2_chr1D	198000000	200000000	2000000	6387	0.003194
Asat_OT3098_v2_chr1D	200000000	202000000	2000000	0	0.000000
Asat_OT3098_v2_chr1D	202000000	204000000	2000000	4671	0.002335
Asat_OT3098_v2_chr1D	204000000	206000000	2000000	1122	0.000561
Asat_OT3098_v2_chr1D	206000000	208000000	2000000	0	0.000000
Asat_OT3098_v2_chr1D	208000000	210000000	2000000	0	0.000000
Asat_OT3098_v2_chr1D	210000000	212000000	2000000	0	0.000000
Asat_OT3098_v2_chr1D	212000000	214000000	2000000	1006	0.000503
Asat_OT3098_v2_chr1D	214000000	216000000	2000000	6884	0.003442
Asat_OT3098_v2_chr1D	216000000	218000000	2000000	0	0.000000
Asat_OT3098_v2_chr1D	218000000	220000000	2000000	0	0.000000
Asat_OT3098_v2_chr1D	220000000	222000000	2000000	0	0.000000
Asat_OT3098_v2_chr1D	222000000	224000000	2000000	0	0.000000
Asat_OT3098_v2_chr1D	224000000	226000000	2000000	3153	0.001576
Asat_OT3098_v2_chr1D	226000000	228000000	2000000	0	0.000000
Asat_OT3098_v2_chr1D	228000000	230000000	2000000	0	0.000000
Asat_OT3098_v2_chr1D	230000000	232000000	2000000	0	0.000000
Asat_OT3098_v2_chr1D	232000000	234000000	2000000	0	0.000000
Asat_OT3098_v2_chr1D	234000000	236000000	2000000	0	0.000000
Asat_OT3098_v2_chr1D	236000000	238000000	2000000	0	0.000000
Asat_OT3098_v2_chr1D	238000000	240000000	2000000	0	0.000000
Asat_OT3098_v2_chr1D	240000000	242000000	2000000	0	0.000000
Asat_OT3098_v2_chr1D	242000000	244000000	2000000	0	0.000000
Asat_OT3098_v2_chr1D	244000000	246000000	2000000	0	0.000000
Asat_OT3098_v2_chr1D	246000000	248000000	2000000	6830	0.003415
Asat_OT3098_v2_chr1D	248000000	250000000	2000000	6311	0.003155
Asat_OT3098_v2_chr1D	250000000	252000000	2000000	13754	0.006877
Asat_OT3098_v2_chr1D	252000000	254000000	2000000	6213	0.003106
Asat_OT3098_v2_chr1D	254000000	256000000	2000000	6813	0.003406
Asat_OT3098_v2_chr1D	256000000	258000000	2000000	0	0.000000
Asat_OT3098_v2_chr1D	258000000	260000000	2000000	9225	0.004613
Asat_OT3098_v2_chr1D	260000000	262000000	2000000	0	0.000000
Asat_OT3098_v2_chr1D	262000000	264000000	2000000	0	0.000000
Asat_OT3098_v2_chr1D	264000000	266000000	2000000	2710	0.001355
Asat_OT3098_v2_chr1D	266000000	268000000	2000000	3326	0.001663
Asat_OT3098_v2_chr1D	268000000	270000000	2000000	0	0.000000
Asat_OT3098_v2_chr1D	270000000	272000000	2000000	0	0.000000
Asat_OT3098_v2_chr1D	272000000	274000000	2000000	1026	0.000513
Asat_OT3098_v2_chr1D	274000000	276000000	2000000	0	0.000000
Asat_OT3098_v2_chr1D	276000000	278000000	2000000	0	0.000000
Asat_OT3098_v2_chr1D	278000000	280000000	2000000	0	0.000000
Asat_OT3098_v2_chr1D	280000000	282000000	2000000	0	0.000000
Asat_OT3098_v2_chr1D	282000000	284000000	2000000	0	0.000000
Asat_OT3098_v2_chr1D	284000000	286000000	2000000	6272	0.003136
Asat_OT3098_v2_chr1D	286000000	288000000	2000000	5215	0.002608
Asat_OT3098_v2_chr1D	288000000	290000000	2000000	0	0.000000
Asat_OT3098_v2_chr1D	290000000	292000000	2000000	0	0.000000
Asat_OT3098_v2_chr1D	292000000	294000000	2000000	13696	0.006848
Asat_OT3098_v2_chr1D	294000000	296000000	2000000	0	0.000000
Asat_OT3098_v2_chr1D	296000000	298000000	2000000	0	0.000000
Asat_OT3098_v2_chr1D	298000000	300000000	2000000	0	0.000000
Asat_OT3098_v2_chr1D	300000000	302000000	2000000	0	0.000000
Asat_OT3098_v2_chr1D	302000000	304000000	2000000	4155	0.002077
Asat_OT3098_v2_chr1D	304000000	306000000	2000000	0	0.000000
Asat_OT3098_v2_chr1D	306000000	308000000	2000000	2773	0.001386
Asat_OT3098_v2_chr1D	308000000	310000000	2000000	0	0.000000
Asat_OT3098_v2_chr1D	310000000	312000000	2000000	0	0.000000
Asat_OT3098_v2_chr1D	312000000	314000000	2000000	0	0.000000
Asat_OT3098_v2_chr1D	314000000	316000000	2000000	0	0.000000
Asat_OT3098_v2_chr1D	316000000	318000000	2000000	0	0.000000
Asat_OT3098_v2_chr1D	318000000	320000000	2000000	11581	0.005790
Asat_OT3098_v2_chr1D	320000000	322000000	2000000	0	0.000000
Asat_OT3098_v2_chr1D	322000000	324000000	2000000	10324	0.005162
Asat_OT3098_v2_chr1D	324000000	326000000	2000000	2311	0.001156
Asat_OT3098_v2_chr1D	326000000	328000000	2000000	1004	0.000502
Asat_OT3098_v2_chr1D	328000000	330000000	2000000	6355	0.003178
Asat_OT3098_v2_chr1D	330000000	332000000	2000000	0	0.000000
Asat_OT3098_v2_chr1D	332000000	334000000	2000000	0	0.000000
Asat_OT3098_v2_chr1D	334000000	336000000	2000000	0	0.000000
Asat_OT3098_v2_chr1D	336000000	338000000	2000000	0	0.000000
Asat_OT3098_v2_chr1D	338000000	340000000	2000000	0	0.000000
Asat_OT3098_v2_chr1D	340000000	342000000	2000000	0	0.000000
Asat_OT3098_v2_chr1D	342000000	344000000	2000000	0	0.000000
Asat_OT3098_v2_chr1D	344000000	346000000	2000000	6211	0.003106
Asat_OT3098_v2_chr1D	346000000	348000000	2000000	4097	0.002048
Asat_OT3098_v2_chr1D	348000000	350000000	2000000	0	0.000000
Asat_OT3098_v2_chr1D	350000000	352000000	2000000	6259	0.003129
Asat_OT3098_v2_chr1D	352000000	354000000	2000000	8934	0.004467
Asat_OT3098_v2_chr1D	354000000	356000000	2000000	0	0.000000
Asat_OT3098_v2_chr1D	356000000	358000000	2000000	0	0.000000
Asat_OT3098_v2_chr1D	358000000	360000000	2000000	0	0.000000
Asat_OT3098_v2_chr1D	360000000	362000000	2000000	0	0.000000
Asat_OT3098_v2_chr1D	362000000	364000000	2000000	0	0.000000
Asat_OT3098_v2_chr1D	364000000	366000000	2000000	0	0.000000
Asat_OT3098_v2_chr1D	366000000	368000000	2000000	0	0.000000
Asat_OT3098_v2_chr1D	368000000	370000000	2000000	0	0.000000
Asat_OT3098_v2_chr1D	370000000	372000000	2000000	5696	0.002848
Asat_OT3098_v2_chr1D	372000000	374000000	2000000	6888	0.003444
Asat_OT3098_v2_chr1D	374000000	376000000	2000000	0	0.000000
Asat_OT3098_v2_chr1D	376000000	378000000	2000000	0	0.000000
Asat_OT3098_v2_chr1D	378000000	380000000	2000000	0	0.000000
Asat_OT3098_v2_chr1D	380000000	382000000	2000000	0	0.000000
Asat_OT3098_v2_chr1D	382000000	384000000	2000000	0	0.000000
Asat_OT3098_v2_chr1D	384000000	386000000	2000000	0	0.000000
Asat_OT3098_v2_chr1D	386000000	388000000	2000000	1120	0.000560
Asat_OT3098_v2_chr1D	388000000	390000000	2000000	0	0.000000
Asat_OT3098_v2_chr1D	390000000	392000000	2000000	5659	0.002829
Asat_OT3098_v2_chr1D	392000000	394000000	2000000	0	0.000000
Asat_OT3098_v2_chr1D	394000000	396000000	2000000	0	0.000000
Asat_OT3098_v2_chr1D	396000000	398000000	2000000	0	0.000000
Asat_OT3098_v2_chr1D	398000000	400000000	2000000	6148	0.003074
Asat_OT3098_v2_chr1D	400000000	402000000	2000000	0	0.000000
Asat_OT3098_v2_chr1D	402000000	404000000	2000000	0	0.000000
Asat_OT3098_v2_chr1D	404000000	406000000	2000000	0	0.000000
Asat_OT3098_v2_chr1D	406000000	408000000	2000000	0	0.000000
Asat_OT3098_v2_chr1D	408000000	410000000	2000000	5901	0.002950
Asat_OT3098_v2_chr1D	410000000	412000000	2000000	2059	0.001030
Asat_OT3098_v2_chr1D	412000000	414000000	2000000	0	0.000000
Asat_OT3098_v2_chr1D	414000000	416000000	2000000	0	0.000000
Asat_OT3098_v2_chr1D	416000000	418000000	2000000	0	0.000000
Asat_OT3098_v2_chr1D	418000000	420000000	2000000	0	0.000000
Asat_OT3098_v2_chr1D	420000000	422000000	2000000	0	0.000000
Asat_OT3098_v2_chr1D	422000000	424000000	2000000	0	0.000000
Asat_OT3098_v2_chr1D	424000000	426000000	2000000	0	0.000000
Asat_OT3098_v2_chr1D	426000000	428000000	2000000	0	0.000000
Asat_OT3098_v2_chr1D	428000000	430000000	2000000	0	0.000000
Asat_OT3098_v2_chr1D	430000000	432000000	2000000	0	0.000000
Asat_OT3098_v2_chr1D	432000000	434000000	2000000	12359	0.006180
Asat_OT3098_v2_chr1D	434000000	436000000	2000000	6817	0.003409
Asat_OT3098_v2_chr1D	436000000	438000000	2000000	0	0.000000
Asat_OT3098_v2_chr1D	438000000	440000000	2000000	0	0.000000
Asat_OT3098_v2_chr1D	440000000	442000000	2000000	0	0.000000
Asat_OT3098_v2_chr1D	442000000	444000000	2000000	0	0.000000
Asat_OT3098_v2_chr1D	444000000	446000000	2000000	6240	0.003120
Asat_OT3098_v2_chr1D	446000000	448000000	2000000	5823	0.002912
Asat_OT3098_v2_chr1D	448000000	450000000	2000000	0	0.000000
Asat_OT3098_v2_chr1D	450000000	452000000	2000000	0	0.000000
Asat_OT3098_v2_chr1D	452000000	454000000	2000000	0	0.000000
Asat_OT3098_v2_chr1D	454000000	456000000	2000000	0	0.000000
Asat_OT3098_v2_chr1D	456000000	458000000	2000000	0	0.000000
Asat_OT3098_v2_chr1D	458000000	460000000	2000000	7849	0.003925
Asat_OT3098_v2_chr1D	460000000	462000000	2000000	4377	0.002188
Asat_OT3098_v2_chr1D	462000000	464000000	2000000	4576	0.002288
Asat_OT3098_v2_chr1D	464000000	466000000	2000000	1010	0.000505
Asat_OT3098_v2_chr1D	466000000	468000000	2000000	6672	0.003336
Asat_OT3098_v2_chr1D	468000000	470000000	2000000	0	0.000000
Asat_OT3098_v2_chr1D	470000000	472000000	2000000	6944	0.003472
Asat_OT3098_v2_chr1D	472000000	474000000	2000000	0	0.000000
Asat_OT3098_v2_chr1D	474000000	476000000	2000000	0	0.000000
Asat_OT3098_v2_chr1D	476000000	478000000	2000000	0	0.000000
Asat_OT3098_v2_chr1D	478000000	480000000	2000000	0	0.000000
Asat_OT3098_v2_chr1D	480000000	482000000	2000000	6592	0.003296
Asat_OT3098_v2_chr1D	482000000	484000000	2000000	0	0.000000
Asat_OT3098_v2_chr1D	484000000	484215583	215583	0	0.000000
Asat_OT3098_v2_chr2A	0	2000000	2000000	0	0.000000
Asat_OT3098_v2_chr2A	2000000	4000000	2000000	0	0.000000
Asat_OT3098_v2_chr2A	4000000	6000000	2000000	0	0.000000
Asat_OT3098_v2_chr2A	6000000	8000000	2000000	7353	0.003677
Asat_OT3098_v2_chr2A	8000000	10000000	2000000	6252	0.003126
Asat_OT3098_v2_chr2A	10000000	12000000	2000000	0	0.000000
Asat_OT3098_v2_chr2A	12000000	14000000	2000000	0	0.000000
Asat_OT3098_v2_chr2A	14000000	16000000	2000000	5052	0.002526
Asat_OT3098_v2_chr2A	16000000	18000000	2000000	11456	0.005728
Asat_OT3098_v2_chr2A	18000000	20000000	2000000	0	0.000000
Asat_OT3098_v2_chr2A	20000000	22000000	2000000	0	0.000000
Asat_OT3098_v2_chr2A	22000000	24000000	2000000	5622	0.002811
Asat_OT3098_v2_chr2A	24000000	26000000	2000000	0	0.000000
Asat_OT3098_v2_chr2A	26000000	28000000	2000000	0	0.000000
Asat_OT3098_v2_chr2A	28000000	30000000	2000000	0	0.000000
Asat_OT3098_v2_chr2A	30000000	32000000	2000000	0	0.000000
Asat_OT3098_v2_chr2A	32000000	34000000	2000000	0	0.000000
Asat_OT3098_v2_chr2A	34000000	36000000	2000000	5076	0.002538
Asat_OT3098_v2_chr2A	36000000	38000000	2000000	0	0.000000
Asat_OT3098_v2_chr2A	38000000	40000000	2000000	0	0.000000
Asat_OT3098_v2_chr2A	40000000	42000000	2000000	0	0.000000
Asat_OT3098_v2_chr2A	42000000	44000000	2000000	0	0.000000
Asat_OT3098_v2_chr2A	44000000	46000000	2000000	0	0.000000
Asat_OT3098_v2_chr2A	46000000	48000000	2000000	0	0.000000
Asat_OT3098_v2_chr2A	48000000	50000000	2000000	7695	0.003847
Asat_OT3098_v2_chr2A	50000000	52000000	2000000	5496	0.002748
Asat_OT3098_v2_chr2A	52000000	54000000	2000000	0	0.000000
Asat_OT3098_v2_chr2A	54000000	56000000	2000000	0	0.000000
Asat_OT3098_v2_chr2A	56000000	58000000	2000000	0	0.000000
Asat_OT3098_v2_chr2A	58000000	60000000	2000000	0	0.000000
Asat_OT3098_v2_chr2A	60000000	62000000	2000000	0	0.000000
Asat_OT3098_v2_chr2A	62000000	64000000	2000000	4049	0.002024
Asat_OT3098_v2_chr2A	64000000	66000000	2000000	5808	0.002904
Asat_OT3098_v2_chr2A	66000000	68000000	2000000	5671	0.002835
Asat_OT3098_v2_chr2A	68000000	70000000	2000000	0	0.000000
Asat_OT3098_v2_chr2A	70000000	72000000	2000000	5507	0.002753
Asat_OT3098_v2_chr2A	72000000	74000000	2000000	0	0.000000
Asat_OT3098_v2_chr2A	74000000	76000000	2000000	1428	0.000714
Asat_OT3098_v2_chr2A	76000000	78000000	2000000	6836	0.003418
Asat_OT3098_v2_chr2A	78000000	80000000	2000000	4954	0.002477
Asat_OT3098_v2_chr2A	80000000	82000000	2000000	0	0.000000
Asat_OT3098_v2_chr2A	82000000	84000000	2000000	0	0.000000
Asat_OT3098_v2_chr2A	84000000	86000000	2000000	4998	0.002499
Asat_OT3098_v2_chr2A	86000000	88000000	2000000	0	0.000000
Asat_OT3098_v2_chr2A	88000000	90000000	2000000	0	0.000000
Asat_OT3098_v2_chr2A	90000000	92000000	2000000	2777	0.001388
Asat_OT3098_v2_chr2A	92000000	94000000	2000000	0	0.000000
Asat_OT3098_v2_chr2A	94000000	96000000	2000000	0	0.000000
Asat_OT3098_v2_chr2A	96000000	98000000	2000000	1027	0.000513
Asat_OT3098_v2_chr2A	98000000	100000000	2000000	0	0.000000
Asat_OT3098_v2_chr2A	100000000	102000000	2000000	6484	0.003242
Asat_OT3098_v2_chr2A	102000000	104000000	2000000	0	0.000000
Asat_OT3098_v2_chr2A	104000000	106000000	2000000	0	0.000000
Asat_OT3098_v2_chr2A	106000000	108000000	2000000	0	0.000000
Asat_OT3098_v2_chr2A	108000000	110000000	2000000	0	0.000000
Asat_OT3098_v2_chr2A	110000000	112000000	2000000	0	0.000000
Asat_OT3098_v2_chr2A	112000000	114000000	2000000	0	0.000000
Asat_OT3098_v2_chr2A	114000000	116000000	2000000	2370	0.001185
Asat_OT3098_v2_chr2A	116000000	118000000	2000000	0	0.000000
Asat_OT3098_v2_chr2A	118000000	120000000	2000000	0	0.000000
Asat_OT3098_v2_chr2A	120000000	122000000	2000000	0	0.000000
Asat_OT3098_v2_chr2A	122000000	124000000	2000000	0	0.000000
Asat_OT3098_v2_chr2A	124000000	126000000	2000000	0	0.000000
Asat_OT3098_v2_chr2A	126000000	128000000	2000000	0	0.000000
Asat_OT3098_v2_chr2A	128000000	130000000	2000000	5376	0.002688
Asat_OT3098_v2_chr2A	130000000	132000000	2000000	4924	0.002462
Asat_OT3098_v2_chr2A	132000000	134000000	2000000	0	0.000000
Asat_OT3098_v2_chr2A	134000000	136000000	2000000	5780	0.002890
Asat_OT3098_v2_chr2A	136000000	138000000	2000000	17480	0.008740
Asat_OT3098_v2_chr2A	138000000	140000000	2000000	9110	0.004555
Asat_OT3098_v2_chr2A	140000000	142000000	2000000	5994	0.002997
Asat_OT3098_v2_chr2A	142000000	144000000	2000000	6874	0.003437
Asat_OT3098_v2_chr2A	144000000	146000000	2000000	0	0.000000
Asat_OT3098_v2_chr2A	146000000	148000000	2000000	9724	0.004862
Asat_OT3098_v2_chr2A	148000000	150000000	2000000	39394	0.019697
Asat_OT3098_v2_chr2A	150000000	152000000	2000000	57898	0.028949
Asat_OT3098_v2_chr2A	152000000	154000000	2000000	176515	0.088258
Asat_OT3098_v2_chr2A	154000000	156000000	2000000	351408	0.175704
Asat_OT3098_v2_chr2A	156000000	158000000	2000000	324974	0.162487
Asat_OT3098_v2_chr2A	158000000	160000000	2000000	222170	0.111085
Asat_OT3098_v2_chr2A	160000000	162000000	2000000	116071	0.058035
Asat_OT3098_v2_chr2A	162000000	164000000	2000000	17793	0.008896
Asat_OT3098_v2_chr2A	164000000	166000000	2000000	7846	0.003923
Asat_OT3098_v2_chr2A	166000000	168000000	2000000	1673	0.000837
Asat_OT3098_v2_chr2A	168000000	170000000	2000000	1121	0.000561
Asat_OT3098_v2_chr2A	170000000	172000000	2000000	0	0.000000
Asat_OT3098_v2_chr2A	172000000	174000000	2000000	0	0.000000
Asat_OT3098_v2_chr2A	174000000	176000000	2000000	5002	0.002501
Asat_OT3098_v2_chr2A	176000000	178000000	2000000	12378	0.006189
Asat_OT3098_v2_chr2A	178000000	180000000	2000000	4981	0.002491
Asat_OT3098_v2_chr2A	180000000	182000000	2000000	0	0.000000
Asat_OT3098_v2_chr2A	182000000	184000000	2000000	0	0.000000
Asat_OT3098_v2_chr2A	184000000	186000000	2000000	6878	0.003439
Asat_OT3098_v2_chr2A	186000000	188000000	2000000	0	0.000000
Asat_OT3098_v2_chr2A	188000000	190000000	2000000	6960	0.003480
Asat_OT3098_v2_chr2A	190000000	192000000	2000000	2629	0.001314
Asat_OT3098_v2_chr2A	192000000	194000000	2000000	0	0.000000
Asat_OT3098_v2_chr2A	194000000	196000000	2000000	0	0.000000
Asat_OT3098_v2_chr2A	196000000	198000000	2000000	9098	0.004549
Asat_OT3098_v2_chr2A	198000000	200000000	2000000	5004	0.002502
Asat_OT3098_v2_chr2A	200000000	202000000	2000000	0	0.000000
Asat_OT3098_v2_chr2A	202000000	204000000	2000000	0	0.000000
Asat_OT3098_v2_chr2A	204000000	206000000	2000000	3289	0.001644
Asat_OT3098_v2_chr2A	206000000	208000000	2000000	0	0.000000
Asat_OT3098_v2_chr2A	208000000	210000000	2000000	11521	0.005760
Asat_OT3098_v2_chr2A	210000000	212000000	2000000	0	0.000000
Asat_OT3098_v2_chr2A	212000000	214000000	2000000	0	0.000000
Asat_OT3098_v2_chr2A	214000000	216000000	2000000	0	0.000000
Asat_OT3098_v2_chr2A	216000000	218000000	2000000	6227	0.003113
Asat_OT3098_v2_chr2A	218000000	220000000	2000000	0	0.000000
Asat_OT3098_v2_chr2A	220000000	222000000	2000000	0	0.000000
Asat_OT3098_v2_chr2A	222000000	224000000	2000000	0	0.000000
Asat_OT3098_v2_chr2A	224000000	226000000	2000000	0	0.000000
Asat_OT3098_v2_chr2A	226000000	228000000	2000000	5665	0.002832
Asat_OT3098_v2_chr2A	228000000	230000000	2000000	5142	0.002571
Asat_OT3098_v2_chr2A	230000000	232000000	2000000	6224	0.003112
Asat_OT3098_v2_chr2A	232000000	234000000	2000000	6172	0.003086
Asat_OT3098_v2_chr2A	234000000	236000000	2000000	11832	0.005916
Asat_OT3098_v2_chr2A	236000000	238000000	2000000	0	0.000000
Asat_OT3098_v2_chr2A	238000000	240000000	2000000	0	0.000000
Asat_OT3098_v2_chr2A	240000000	242000000	2000000	0	0.000000
Asat_OT3098_v2_chr2A	242000000	244000000	2000000	0	0.000000
Asat_OT3098_v2_chr2A	244000000	246000000	2000000	9164	0.004582
Asat_OT3098_v2_chr2A	246000000	248000000	2000000	5145	0.002573
Asat_OT3098_v2_chr2A	248000000	250000000	2000000	0	0.000000
Asat_OT3098_v2_chr2A	250000000	252000000	2000000	1121	0.000561
Asat_OT3098_v2_chr2A	252000000	254000000	2000000	0	0.000000
Asat_OT3098_v2_chr2A	254000000	256000000	2000000	0	0.000000
Asat_OT3098_v2_chr2A	256000000	258000000	2000000	0	0.000000
Asat_OT3098_v2_chr2A	258000000	260000000	2000000	3669	0.001834
Asat_OT3098_v2_chr2A	260000000	262000000	2000000	6231	0.003116
Asat_OT3098_v2_chr2A	262000000	264000000	2000000	0	0.000000
Asat_OT3098_v2_chr2A	264000000	266000000	2000000	0	0.000000
Asat_OT3098_v2_chr2A	266000000	268000000	2000000	0	0.000000
Asat_OT3098_v2_chr2A	268000000	270000000	2000000	0	0.000000
Asat_OT3098_v2_chr2A	270000000	272000000	2000000	9260	0.004630
Asat_OT3098_v2_chr2A	272000000	274000000	2000000	4073	0.002037
Asat_OT3098_v2_chr2A	274000000	276000000	2000000	0	0.000000
Asat_OT3098_v2_chr2A	276000000	278000000	2000000	0	0.000000
Asat_OT3098_v2_chr2A	278000000	280000000	2000000	0	0.000000
Asat_OT3098_v2_chr2A	280000000	282000000	2000000	0	0.000000
Asat_OT3098_v2_chr2A	282000000	284000000	2000000	5640	0.002820
Asat_OT3098_v2_chr2A	284000000	286000000	2000000	6186	0.003093
Asat_OT3098_v2_chr2A	286000000	288000000	2000000	8051	0.004026
Asat_OT3098_v2_chr2A	288000000	290000000	2000000	2502	0.001251
Asat_OT3098_v2_chr2A	290000000	292000000	2000000	0	0.000000
Asat_OT3098_v2_chr2A	292000000	294000000	2000000	0	0.000000
Asat_OT3098_v2_chr2A	294000000	296000000	2000000	1049	0.000525
Asat_OT3098_v2_chr2A	296000000	298000000	2000000	5790	0.002895
Asat_OT3098_v2_chr2A	298000000	300000000	2000000	0	0.000000
Asat_OT3098_v2_chr2A	300000000	302000000	2000000	0	0.000000
Asat_OT3098_v2_chr2A	302000000	304000000	2000000	6353	0.003177
Asat_OT3098_v2_chr2A	304000000	306000000	2000000	11744	0.005872
Asat_OT3098_v2_chr2A	306000000	308000000	2000000	0	0.000000
Asat_OT3098_v2_chr2A	308000000	310000000	2000000	0	0.000000
Asat_OT3098_v2_chr2A	310000000	312000000	2000000	0	0.000000
Asat_OT3098_v2_chr2A	312000000	314000000	2000000	0	0.000000
Asat_OT3098_v2_chr2A	314000000	316000000	2000000	3688	0.001844
Asat_OT3098_v2_chr2A	316000000	318000000	2000000	0	0.000000
Asat_OT3098_v2_chr2A	318000000	320000000	2000000	0	0.000000
Asat_OT3098_v2_chr2A	320000000	322000000	2000000	0	0.000000
Asat_OT3098_v2_chr2A	322000000	324000000	2000000	6350	0.003175
Asat_OT3098_v2_chr2A	324000000	326000000	2000000	0	0.000000
Asat_OT3098_v2_chr2A	326000000	328000000	2000000	0	0.000000
Asat_OT3098_v2_chr2A	328000000	330000000	2000000	5044	0.002522
Asat_OT3098_v2_chr2A	330000000	332000000	2000000	1097	0.000549
Asat_OT3098_v2_chr2A	332000000	334000000	2000000	0	0.000000
Asat_OT3098_v2_chr2A	334000000	336000000	2000000	0	0.000000
Asat_OT3098_v2_chr2A	336000000	338000000	2000000	0	0.000000
Asat_OT3098_v2_chr2A	338000000	340000000	2000000	6650	0.003325
Asat_OT3098_v2_chr2A	340000000	342000000	2000000	0	0.000000
Asat_OT3098_v2_chr2A	342000000	344000000	2000000	4980	0.002490
Asat_OT3098_v2_chr2A	344000000	346000000	2000000	6522	0.003261
Asat_OT3098_v2_chr2A	346000000	348000000	2000000	6221	0.003110
Asat_OT3098_v2_chr2A	348000000	350000000	2000000	0	0.000000
Asat_OT3098_v2_chr2A	350000000	352000000	2000000	0	0.000000
Asat_OT3098_v2_chr2A	352000000	354000000	2000000	0	0.000000
Asat_OT3098_v2_chr2A	354000000	356000000	2000000	1028	0.000514
Asat_OT3098_v2_chr2A	356000000	358000000	2000000	5838	0.002919
Asat_OT3098_v2_chr2A	358000000	360000000	2000000	0	0.000000
Asat_OT3098_v2_chr2A	360000000	362000000	2000000	5670	0.002835
Asat_OT3098_v2_chr2A	362000000	364000000	2000000	0	0.000000
Asat_OT3098_v2_chr2A	364000000	366000000	2000000	5466	0.002733
Asat_OT3098_v2_chr2A	366000000	368000000	2000000	0	0.000000
Asat_OT3098_v2_chr2A	368000000	370000000	2000000	8273	0.004137
Asat_OT3098_v2_chr2A	370000000	372000000	2000000	5237	0.002619
Asat_OT3098_v2_chr2A	372000000	374000000	2000000	0	0.000000
Asat_OT3098_v2_chr2A	374000000	376000000	2000000	17155	0.008578
Asat_OT3098_v2_chr2A	376000000	378000000	2000000	0	0.000000
Asat_OT3098_v2_chr2A	378000000	380000000	2000000	7124	0.003562
Asat_OT3098_v2_chr2A	380000000	382000000	2000000	13513	0.006757
Asat_OT3098_v2_chr2A	382000000	384000000	2000000	0	0.000000
Asat_OT3098_v2_chr2A	384000000	386000000	2000000	0	0.000000
Asat_OT3098_v2_chr2A	386000000	388000000	2000000	6985	0.003492
Asat_OT3098_v2_chr2A	388000000	390000000	2000000	0	0.000000
Asat_OT3098_v2_chr2A	390000000	392000000	2000000	6777	0.003389
Asat_OT3098_v2_chr2A	392000000	394000000	2000000	0	0.000000
Asat_OT3098_v2_chr2A	394000000	396000000	2000000	0	0.000000
Asat_OT3098_v2_chr2A	396000000	398000000	2000000	0	0.000000
Asat_OT3098_v2_chr2A	398000000	400000000	2000000	6837	0.003419
Asat_OT3098_v2_chr2A	400000000	402000000	2000000	3347	0.001674
Asat_OT3098_v2_chr2A	402000000	404000000	2000000	0	0.000000
Asat_OT3098_v2_chr2A	404000000	406000000	2000000	0	0.000000
Asat_OT3098_v2_chr2A	406000000	408000000	2000000	0	0.000000
Asat_OT3098_v2_chr2A	408000000	410000000	2000000	0	0.000000
Asat_OT3098_v2_chr2A	410000000	412000000	2000000	6891	0.003446
Asat_OT3098_v2_chr2A	412000000	414000000	2000000	6179	0.003089
Asat_OT3098_v2_chr2A	414000000	416000000	2000000	0	0.000000
Asat_OT3098_v2_chr2A	416000000	418000000	2000000	0	0.000000
Asat_OT3098_v2_chr2A	418000000	420000000	2000000	6150	0.003075
Asat_OT3098_v2_chr2A	420000000	422000000	2000000	0	0.000000
Asat_OT3098_v2_chr2A	422000000	424000000	2000000	4999	0.002499
Asat_OT3098_v2_chr2A	424000000	426000000	2000000	0	0.000000
Asat_OT3098_v2_chr2A	426000000	428000000	2000000	5796	0.002898
Asat_OT3098_v2_chr2A	428000000	430000000	2000000	0	0.000000
Asat_OT3098_v2_chr2A	430000000	432000000	2000000	0	0.000000
Asat_OT3098_v2_chr2A	432000000	434000000	2000000	0	0.000000
Asat_OT3098_v2_chr2A	434000000	436000000	2000000	0	0.000000
Asat_OT3098_v2_chr2A	436000000	438000000	2000000	0	0.000000
Asat_OT3098_v2_chr2A	438000000	440000000	2000000	0	0.000000
Asat_OT3098_v2_chr2A	440000000	442000000	2000000	0	0.000000
Asat_OT3098_v2_chr2A	442000000	444000000	2000000	0	0.000000
Asat_OT3098_v2_chr2A	444000000	446000000	2000000	5998	0.002999
Asat_OT3098_v2_chr2A	446000000	448000000	2000000	0	0.000000
Asat_OT3098_v2_chr2A	448000000	449127287	1127287	0	0.000000
Asat_OT3098_v2_chr2C	0	2000000	2000000	3671	0.001835
Asat_OT3098_v2_chr2C	2000000	4000000	2000000	0	0.000000
Asat_OT3098_v2_chr2C	4000000	6000000	2000000	0	0.000000
Asat_OT3098_v2_chr2C	6000000	8000000	2000000	0	0.000000
Asat_OT3098_v2_chr2C	8000000	10000000	2000000	0	0.000000
Asat_OT3098_v2_chr2C	10000000	12000000	2000000	0	0.000000
Asat_OT3098_v2_chr2C	12000000	14000000	2000000	0	0.000000
Asat_OT3098_v2_chr2C	14000000	16000000	2000000	0	0.000000
Asat_OT3098_v2_chr2C	16000000	18000000	2000000	0	0.000000
Asat_OT3098_v2_chr2C	18000000	20000000	2000000	0	0.000000
Asat_OT3098_v2_chr2C	20000000	22000000	2000000	0	0.000000
Asat_OT3098_v2_chr2C	22000000	24000000	2000000	0	0.000000
Asat_OT3098_v2_chr2C	24000000	26000000	2000000	0	0.000000
Asat_OT3098_v2_chr2C	26000000	28000000	2000000	0	0.000000
Asat_OT3098_v2_chr2C	28000000	30000000	2000000	0	0.000000
Asat_OT3098_v2_chr2C	30000000	32000000	2000000	3813	0.001906
Asat_OT3098_v2_chr2C	32000000	34000000	2000000	0	0.000000
Asat_OT3098_v2_chr2C	34000000	36000000	2000000	2548	0.001274
Asat_OT3098_v2_chr2C	36000000	38000000	2000000	0	0.000000
Asat_OT3098_v2_chr2C	38000000	40000000	2000000	0	0.000000
Asat_OT3098_v2_chr2C	40000000	42000000	2000000	0	0.000000
Asat_OT3098_v2_chr2C	42000000	44000000	2000000	3615	0.001808
Asat_OT3098_v2_chr2C	44000000	46000000	2000000	0	0.000000
Asat_OT3098_v2_chr2C	46000000	48000000	2000000	0	0.000000
Asat_OT3098_v2_chr2C	48000000	50000000	2000000	0	0.000000
Asat_OT3098_v2_chr2C	50000000	52000000	2000000	0	0.000000
Asat_OT3098_v2_chr2C	52000000	54000000	2000000	0	0.000000
Asat_OT3098_v2_chr2C	54000000	56000000	2000000	0	0.000000
Asat_OT3098_v2_chr2C	56000000	58000000	2000000	0	0.000000
Asat_OT3098_v2_chr2C	58000000	60000000	2000000	0	0.000000
Asat_OT3098_v2_chr2C	60000000	62000000	2000000	0	0.000000
Asat_OT3098_v2_chr2C	62000000	64000000	2000000	0	0.000000
Asat_OT3098_v2_chr2C	64000000	66000000	2000000	0	0.000000
Asat_OT3098_v2_chr2C	66000000	68000000	2000000	0	0.000000
Asat_OT3098_v2_chr2C	68000000	70000000	2000000	0	0.000000
Asat_OT3098_v2_chr2C	70000000	72000000	2000000	4133	0.002067
Asat_OT3098_v2_chr2C	72000000	74000000	2000000	0	0.000000
Asat_OT3098_v2_chr2C	74000000	76000000	2000000	1102	0.000551
Asat_OT3098_v2_chr2C	76000000	78000000	2000000	0	0.000000
Asat_OT3098_v2_chr2C	78000000	80000000	2000000	0	0.000000
Asat_OT3098_v2_chr2C	80000000	82000000	2000000	0	0.000000
Asat_OT3098_v2_chr2C	82000000	84000000	2000000	1174	0.000587
Asat_OT3098_v2_chr2C	84000000	86000000	2000000	0	0.000000
Asat_OT3098_v2_chr2C	86000000	88000000	2000000	0	0.000000
Asat_OT3098_v2_chr2C	88000000	90000000	2000000	0	0.000000
Asat_OT3098_v2_chr2C	90000000	92000000	2000000	0	0.000000
Asat_OT3098_v2_chr2C	92000000	94000000	2000000	0	0.000000
Asat_OT3098_v2_chr2C	94000000	96000000	2000000	11424	0.005712
Asat_OT3098_v2_chr2C	96000000	98000000	2000000	0	0.000000
Asat_OT3098_v2_chr2C	98000000	100000000	2000000	0	0.000000
Asat_OT3098_v2_chr2C	100000000	102000000	2000000	0	0.000000
Asat_OT3098_v2_chr2C	102000000	104000000	2000000	0	0.000000
Asat_OT3098_v2_chr2C	104000000	106000000	2000000	0	0.000000
Asat_OT3098_v2_chr2C	106000000	108000000	2000000	0	0.000000
Asat_OT3098_v2_chr2C	108000000	110000000	2000000	0	0.000000
Asat_OT3098_v2_chr2C	110000000	112000000	2000000	0	0.000000
Asat_OT3098_v2_chr2C	112000000	114000000	2000000	0	0.000000
Asat_OT3098_v2_chr2C	114000000	116000000	2000000	0	0.000000
Asat_OT3098_v2_chr2C	116000000	118000000	2000000	0	0.000000
Asat_OT3098_v2_chr2C	118000000	120000000	2000000	0	0.000000
Asat_OT3098_v2_chr2C	120000000	122000000	2000000	0	0.000000
Asat_OT3098_v2_chr2C	122000000	124000000	2000000	0	0.000000
Asat_OT3098_v2_chr2C	124000000	126000000	2000000	4011	0.002005
Asat_OT3098_v2_chr2C	126000000	128000000	2000000	0	0.000000
Asat_OT3098_v2_chr2C	128000000	130000000	2000000	0	0.000000
Asat_OT3098_v2_chr2C	130000000	132000000	2000000	0	0.000000
Asat_OT3098_v2_chr2C	132000000	134000000	2000000	0	0.000000
Asat_OT3098_v2_chr2C	134000000	136000000	2000000	0	0.000000
Asat_OT3098_v2_chr2C	136000000	138000000	2000000	0	0.000000
Asat_OT3098_v2_chr2C	138000000	140000000	2000000	0	0.000000
Asat_OT3098_v2_chr2C	140000000	142000000	2000000	0	0.000000
Asat_OT3098_v2_chr2C	142000000	144000000	2000000	2212	0.001106
Asat_OT3098_v2_chr2C	144000000	146000000	2000000	0	0.000000
Asat_OT3098_v2_chr2C	146000000	148000000	2000000	0	0.000000
Asat_OT3098_v2_chr2C	148000000	150000000	2000000	0	0.000000
Asat_OT3098_v2_chr2C	150000000	152000000	2000000	0	0.000000
Asat_OT3098_v2_chr2C	152000000	154000000	2000000	3673	0.001837
Asat_OT3098_v2_chr2C	154000000	156000000	2000000	0	0.000000
Asat_OT3098_v2_chr2C	156000000	158000000	2000000	0	0.000000
Asat_OT3098_v2_chr2C	158000000	160000000	2000000	0	0.000000
Asat_OT3098_v2_chr2C	160000000	162000000	2000000	0	0.000000
Asat_OT3098_v2_chr2C	162000000	164000000	2000000	0	0.000000
Asat_OT3098_v2_chr2C	164000000	166000000	2000000	0	0.000000
Asat_OT3098_v2_chr2C	166000000	168000000	2000000	6635	0.003318
Asat_OT3098_v2_chr2C	168000000	170000000	2000000	0	0.000000
Asat_OT3098_v2_chr2C	170000000	172000000	2000000	1541	0.000771
Asat_OT3098_v2_chr2C	172000000	174000000	2000000	0	0.000000
Asat_OT3098_v2_chr2C	174000000	176000000	2000000	4537	0.002269
Asat_OT3098_v2_chr2C	176000000	178000000	2000000	0	0.000000
Asat_OT3098_v2_chr2C	178000000	180000000	2000000	3432	0.001716
Asat_OT3098_v2_chr2C	180000000	182000000	2000000	0	0.000000
Asat_OT3098_v2_chr2C	182000000	184000000	2000000	0	0.000000
Asat_OT3098_v2_chr2C	184000000	186000000	2000000	0	0.000000
Asat_OT3098_v2_chr2C	186000000	188000000	2000000	4775	0.002387
Asat_OT3098_v2_chr2C	188000000	190000000	2000000	4585	0.002292
Asat_OT3098_v2_chr2C	190000000	192000000	2000000	11851	0.005926
Asat_OT3098_v2_chr2C	192000000	194000000	2000000	0	0.000000
Asat_OT3098_v2_chr2C	194000000	196000000	2000000	0	0.000000
Asat_OT3098_v2_chr2C	196000000	198000000	2000000	0	0.000000
Asat_OT3098_v2_chr2C	198000000	200000000	2000000	4542	0.002271
Asat_OT3098_v2_chr2C	200000000	202000000	2000000	5299	0.002649
Asat_OT3098_v2_chr2C	202000000	204000000	2000000	33466	0.016733
Asat_OT3098_v2_chr2C	204000000	206000000	2000000	10252	0.005126
Asat_OT3098_v2_chr2C	206000000	208000000	2000000	42418	0.021209
Asat_OT3098_v2_chr2C	208000000	210000000	2000000	73535	0.036768
Asat_OT3098_v2_chr2C	210000000	212000000	2000000	23849	0.011924
Asat_OT3098_v2_chr2C	212000000	214000000	2000000	24997	0.012498
Asat_OT3098_v2_chr2C	214000000	216000000	2000000	9016	0.004508
Asat_OT3098_v2_chr2C	216000000	218000000	2000000	0	0.000000
Asat_OT3098_v2_chr2C	218000000	220000000	2000000	25130	0.012565
Asat_OT3098_v2_chr2C	220000000	222000000	2000000	41573	0.020786
Asat_OT3098_v2_chr2C	222000000	224000000	2000000	22053	0.011026
Asat_OT3098_v2_chr2C	224000000	226000000	2000000	14132	0.007066
Asat_OT3098_v2_chr2C	226000000	228000000	2000000	74415	0.037207
Asat_OT3098_v2_chr2C	228000000	230000000	2000000	162621	0.081310
Asat_OT3098_v2_chr2C	230000000	232000000	2000000	87823	0.043911
Asat_OT3098_v2_chr2C	232000000	234000000	2000000	74772	0.037386
Asat_OT3098_v2_chr2C	234000000	236000000	2000000	57480	0.028740
Asat_OT3098_v2_chr2C	236000000	238000000	2000000	32829	0.016414
Asat_OT3098_v2_chr2C	238000000	240000000	2000000	9674	0.004837
Asat_OT3098_v2_chr2C	240000000	242000000	2000000	28685	0.014342
Asat_OT3098_v2_chr2C	242000000	244000000	2000000	7475	0.003737
Asat_OT3098_v2_chr2C	244000000	246000000	2000000	22461	0.011230
Asat_OT3098_v2_chr2C	246000000	248000000	2000000	26027	0.013014
Asat_OT3098_v2_chr2C	248000000	250000000	2000000	26534	0.013267
Asat_OT3098_v2_chr2C	250000000	252000000	2000000	4495	0.002247
Asat_OT3098_v2_chr2C	252000000	254000000	2000000	12965	0.006483
Asat_OT3098_v2_chr2C	254000000	256000000	2000000	23880	0.011940
Asat_OT3098_v2_chr2C	256000000	258000000	2000000	12122	0.006061
Asat_OT3098_v2_chr2C	258000000	260000000	2000000	25103	0.012552
Asat_OT3098_v2_chr2C	260000000	262000000	2000000	4496	0.002248
Asat_OT3098_v2_chr2C	262000000	264000000	2000000	0	0.000000
Asat_OT3098_v2_chr2C	264000000	266000000	2000000	6405	0.003203
Asat_OT3098_v2_chr2C	266000000	268000000	2000000	17681	0.008840
Asat_OT3098_v2_chr2C	268000000	270000000	2000000	0	0.000000
Asat_OT3098_v2_chr2C	270000000	272000000	2000000	4965	0.002482
Asat_OT3098_v2_chr2C	272000000	274000000	2000000	4228	0.002114
Asat_OT3098_v2_chr2C	274000000	276000000	2000000	0	0.000000
Asat_OT3098_v2_chr2C	276000000	278000000	2000000	0	0.000000
Asat_OT3098_v2_chr2C	278000000	280000000	2000000	0	0.000000
Asat_OT3098_v2_chr2C	280000000	282000000	2000000	0	0.000000
Asat_OT3098_v2_chr2C	282000000	284000000	2000000	3386	0.001693
Asat_OT3098_v2_chr2C	284000000	286000000	2000000	0	0.000000
Asat_OT3098_v2_chr2C	286000000	288000000	2000000	1823	0.000911
Asat_OT3098_v2_chr2C	288000000	290000000	2000000	0	0.000000
Asat_OT3098_v2_chr2C	290000000	292000000	2000000	0	0.000000
Asat_OT3098_v2_chr2C	292000000	294000000	2000000	0	0.000000
Asat_OT3098_v2_chr2C	294000000	296000000	2000000	0	0.000000
Asat_OT3098_v2_chr2C	296000000	298000000	2000000	1043	0.000522
Asat_OT3098_v2_chr2C	298000000	300000000	2000000	1057	0.000528
Asat_OT3098_v2_chr2C	300000000	302000000	2000000	3651	0.001826
Asat_OT3098_v2_chr2C	302000000	304000000	2000000	0	0.000000
Asat_OT3098_v2_chr2C	304000000	306000000	2000000	0	0.000000
Asat_OT3098_v2_chr2C	306000000	308000000	2000000	0	0.000000
Asat_OT3098_v2_chr2C	308000000	310000000	2000000	0	0.000000
Asat_OT3098_v2_chr2C	310000000	312000000	2000000	0	0.000000
Asat_OT3098_v2_chr2C	312000000	314000000	2000000	0	0.000000
Asat_OT3098_v2_chr2C	314000000	316000000	2000000	4714	0.002357
Asat_OT3098_v2_chr2C	316000000	318000000	2000000	6470	0.003235
Asat_OT3098_v2_chr2C	318000000	320000000	2000000	4020	0.002010
Asat_OT3098_v2_chr2C	320000000	322000000	2000000	16625	0.008313
Asat_OT3098_v2_chr2C	322000000	324000000	2000000	0	0.000000
Asat_OT3098_v2_chr2C	324000000	326000000	2000000	0	0.000000
Asat_OT3098_v2_chr2C	326000000	328000000	2000000	0	0.000000
Asat_OT3098_v2_chr2C	328000000	330000000	2000000	1963	0.000981
Asat_OT3098_v2_chr2C	330000000	332000000	2000000	0	0.000000
Asat_OT3098_v2_chr2C	332000000	334000000	2000000	0	0.000000
Asat_OT3098_v2_chr2C	334000000	336000000	2000000	0	0.000000
Asat_OT3098_v2_chr2C	336000000	338000000	2000000	0	0.000000
Asat_OT3098_v2_chr2C	338000000	340000000	2000000	0	0.000000
Asat_OT3098_v2_chr2C	340000000	342000000	2000000	3507	0.001754
Asat_OT3098_v2_chr2C	342000000	344000000	2000000	0	0.000000
Asat_OT3098_v2_chr2C	344000000	346000000	2000000	1031	0.000516
Asat_OT3098_v2_chr2C	346000000	348000000	2000000	1670	0.000835
Asat_OT3098_v2_chr2C	348000000	350000000	2000000	0	0.000000
Asat_OT3098_v2_chr2C	350000000	352000000	2000000	1540	0.000770
Asat_OT3098_v2_chr2C	352000000	354000000	2000000	0	0.000000
Asat_OT3098_v2_chr2C	354000000	356000000	2000000	0	0.000000
Asat_OT3098_v2_chr2C	356000000	358000000	2000000	4316	0.002158
Asat_OT3098_v2_chr2C	358000000	360000000	2000000	0	0.000000
Asat_OT3098_v2_chr2C	360000000	362000000	2000000	1725	0.000862
Asat_OT3098_v2_chr2C	362000000	364000000	2000000	0	0.000000
Asat_OT3098_v2_chr2C	364000000	366000000	2000000	0	0.000000
Asat_OT3098_v2_chr2C	366000000	368000000	2000000	0	0.000000
Asat_OT3098_v2_chr2C	368000000	370000000	2000000	0	0.000000
Asat_OT3098_v2_chr2C	370000000	372000000	2000000	0	0.000000
Asat_OT3098_v2_chr2C	372000000	374000000	2000000	1204	0.000602
Asat_OT3098_v2_chr2C	374000000	376000000	2000000	2670	0.001335
Asat_OT3098_v2_chr2C	376000000	378000000	2000000	0	0.000000
Asat_OT3098_v2_chr2C	378000000	380000000	2000000	0	0.000000
Asat_OT3098_v2_chr2C	380000000	382000000	2000000	3242	0.001621
Asat_OT3098_v2_chr2C	382000000	384000000	2000000	0	0.000000
Asat_OT3098_v2_chr2C	384000000	386000000	2000000	0	0.000000
Asat_OT3098_v2_chr2C	386000000	388000000	2000000	4490	0.002245
Asat_OT3098_v2_chr2C	388000000	390000000	2000000	0	0.000000
Asat_OT3098_v2_chr2C	390000000	392000000	2000000	1725	0.000862
Asat_OT3098_v2_chr2C	392000000	394000000	2000000	4648	0.002324
Asat_OT3098_v2_chr2C	394000000	396000000	2000000	5438	0.002719
Asat_OT3098_v2_chr2C	396000000	398000000	2000000	3532	0.001766
Asat_OT3098_v2_chr2C	398000000	400000000	2000000	0	0.000000
Asat_OT3098_v2_chr2C	400000000	402000000	2000000	0	0.000000
Asat_OT3098_v2_chr2C	402000000	404000000	2000000	0	0.000000
Asat_OT3098_v2_chr2C	404000000	406000000	2000000	5147	0.002573
Asat_OT3098_v2_chr2C	406000000	408000000	2000000	5661	0.002831
Asat_OT3098_v2_chr2C	408000000	410000000	2000000	0	0.000000
Asat_OT3098_v2_chr2C	410000000	412000000	2000000	0	0.000000
Asat_OT3098_v2_chr2C	412000000	414000000	2000000	0	0.000000
Asat_OT3098_v2_chr2C	414000000	416000000	2000000	0	0.000000
Asat_OT3098_v2_chr2C	416000000	418000000	2000000	0	0.000000
Asat_OT3098_v2_chr2C	418000000	420000000	2000000	0	0.000000
Asat_OT3098_v2_chr2C	420000000	422000000	2000000	0	0.000000
Asat_OT3098_v2_chr2C	422000000	424000000	2000000	0	0.000000
Asat_OT3098_v2_chr2C	424000000	426000000	2000000	0	0.000000
Asat_OT3098_v2_chr2C	426000000	428000000	2000000	0	0.000000
Asat_OT3098_v2_chr2C	428000000	430000000	2000000	0	0.000000
Asat_OT3098_v2_chr2C	430000000	432000000	2000000	0	0.000000
Asat_OT3098_v2_chr2C	432000000	434000000	2000000	0	0.000000
Asat_OT3098_v2_chr2C	434000000	436000000	2000000	0	0.000000
Asat_OT3098_v2_chr2C	436000000	438000000	2000000	0	0.000000
Asat_OT3098_v2_chr2C	438000000	440000000	2000000	0	0.000000
Asat_OT3098_v2_chr2C	440000000	442000000	2000000	0	0.000000
Asat_OT3098_v2_chr2C	442000000	444000000	2000000	0	0.000000
Asat_OT3098_v2_chr2C	444000000	446000000	2000000	0	0.000000
Asat_OT3098_v2_chr2C	446000000	448000000	2000000	0	0.000000
Asat_OT3098_v2_chr2C	448000000	450000000	2000000	0	0.000000
Asat_OT3098_v2_chr2C	450000000	452000000	2000000	0	0.000000
Asat_OT3098_v2_chr2C	452000000	454000000	2000000	6125	0.003063
Asat_OT3098_v2_chr2C	454000000	456000000	2000000	0	0.000000
Asat_OT3098_v2_chr2C	456000000	458000000	2000000	0	0.000000
Asat_OT3098_v2_chr2C	458000000	460000000	2000000	0	0.000000
Asat_OT3098_v2_chr2C	460000000	462000000	2000000	2087	0.001043
Asat_OT3098_v2_chr2C	462000000	464000000	2000000	0	0.000000
Asat_OT3098_v2_chr2C	464000000	466000000	2000000	0	0.000000
Asat_OT3098_v2_chr2C	466000000	468000000	2000000	0	0.000000
Asat_OT3098_v2_chr2C	468000000	470000000	2000000	0	0.000000
Asat_OT3098_v2_chr2C	470000000	472000000	2000000	3719	0.001860
Asat_OT3098_v2_chr2C	472000000	474000000	2000000	0	0.000000
Asat_OT3098_v2_chr2C	474000000	476000000	2000000	0	0.000000
Asat_OT3098_v2_chr2C	476000000	478000000	2000000	5823	0.002912
Asat_OT3098_v2_chr2C	478000000	480000000	2000000	1693	0.000847
Asat_OT3098_v2_chr2C	480000000	482000000	2000000	0	0.000000
Asat_OT3098_v2_chr2C	482000000	484000000	2000000	0	0.000000
Asat_OT3098_v2_chr2C	484000000	486000000	2000000	0	0.000000
Asat_OT3098_v2_chr2C	486000000	488000000	2000000	3518	0.001759
Asat_OT3098_v2_chr2C	488000000	490000000	2000000	0	0.000000
Asat_OT3098_v2_chr2C	490000000	492000000	2000000	2246	0.001123
Asat_OT3098_v2_chr2C	492000000	494000000	2000000	0	0.000000
Asat_OT3098_v2_chr2C	494000000	496000000	2000000	0	0.000000
Asat_OT3098_v2_chr2C	496000000	498000000	2000000	0	0.000000
Asat_OT3098_v2_chr2C	498000000	500000000	2000000	5043	0.002521
Asat_OT3098_v2_chr2C	500000000	502000000	2000000	1827	0.000914
Asat_OT3098_v2_chr2C	502000000	504000000	2000000	0	0.000000
Asat_OT3098_v2_chr2C	504000000	506000000	2000000	0	0.000000
Asat_OT3098_v2_chr2C	506000000	508000000	2000000	0	0.000000
Asat_OT3098_v2_chr2C	508000000	510000000	2000000	0	0.000000
Asat_OT3098_v2_chr2C	510000000	512000000	2000000	0	0.000000
Asat_OT3098_v2_chr2C	512000000	514000000	2000000	3109	0.001554
Asat_OT3098_v2_chr2C	514000000	516000000	2000000	7916	0.003958
Asat_OT3098_v2_chr2C	516000000	518000000	2000000	2243	0.001122
Asat_OT3098_v2_chr2C	518000000	520000000	2000000	1058	0.000529
Asat_OT3098_v2_chr2C	520000000	522000000	2000000	1933	0.000967
Asat_OT3098_v2_chr2C	522000000	524000000	2000000	0	0.000000
Asat_OT3098_v2_chr2C	524000000	526000000	2000000	0	0.000000
Asat_OT3098_v2_chr2C	526000000	528000000	2000000	3229	0.001615
Asat_OT3098_v2_chr2C	528000000	530000000	2000000	1702	0.000851
Asat_OT3098_v2_chr2C	530000000	532000000	2000000	0	0.000000
Asat_OT3098_v2_chr2C	532000000	534000000	2000000	0	0.000000
Asat_OT3098_v2_chr2C	534000000	536000000	2000000	0	0.000000
Asat_OT3098_v2_chr2C	536000000	538000000	2000000	0	0.000000
Asat_OT3098_v2_chr2C	538000000	540000000	2000000	0	0.000000
Asat_OT3098_v2_chr2C	540000000	542000000	2000000	0	0.000000
Asat_OT3098_v2_chr2C	542000000	544000000	2000000	0	0.000000
Asat_OT3098_v2_chr2C	544000000	546000000	2000000	0	0.000000
Asat_OT3098_v2_chr2C	546000000	548000000	2000000	0	0.000000
Asat_OT3098_v2_chr2C	548000000	550000000	2000000	0	0.000000
Asat_OT3098_v2_chr2C	550000000	552000000	2000000	0	0.000000
Asat_OT3098_v2_chr2C	552000000	554000000	2000000	0	0.000000
Asat_OT3098_v2_chr2C	554000000	556000000	2000000	0	0.000000
Asat_OT3098_v2_chr2C	556000000	558000000	2000000	0	0.000000
Asat_OT3098_v2_chr2C	558000000	560000000	2000000	4764	0.002382
Asat_OT3098_v2_chr2C	560000000	562000000	2000000	0	0.000000
Asat_OT3098_v2_chr2C	562000000	564000000	2000000	3582	0.001791
Asat_OT3098_v2_chr2C	564000000	566000000	2000000	0	0.000000
Asat_OT3098_v2_chr2C	566000000	568000000	2000000	0	0.000000
Asat_OT3098_v2_chr2C	568000000	570000000	2000000	0	0.000000
Asat_OT3098_v2_chr2C	570000000	572000000	2000000	0	0.000000
Asat_OT3098_v2_chr2C	572000000	574000000	2000000	0	0.000000
Asat_OT3098_v2_chr2C	574000000	576000000	2000000	0	0.000000
Asat_OT3098_v2_chr2C	576000000	578000000	2000000	2222	0.001111
Asat_OT3098_v2_chr2C	578000000	580000000	2000000	0	0.000000
Asat_OT3098_v2_chr2C	580000000	582000000	2000000	0	0.000000
Asat_OT3098_v2_chr2C	582000000	584000000	2000000	0	0.000000
Asat_OT3098_v2_chr2C	584000000	586000000	2000000	0	0.000000
Asat_OT3098_v2_chr2C	586000000	588000000	2000000	0	0.000000
Asat_OT3098_v2_chr2C	588000000	589118817	1118817	0	0.000000
Asat_OT3098_v2_chr2D	0	2000000	2000000	0	0.000000
Asat_OT3098_v2_chr2D	2000000	4000000	2000000	4091	0.002046
Asat_OT3098_v2_chr2D	4000000	6000000	2000000	0	0.000000
Asat_OT3098_v2_chr2D	6000000	8000000	2000000	4559	0.002279
Asat_OT3098_v2_chr2D	8000000	10000000	2000000	0	0.000000
Asat_OT3098_v2_chr2D	10000000	12000000	2000000	0	0.000000
Asat_OT3098_v2_chr2D	12000000	14000000	2000000	4781	0.002390
Asat_OT3098_v2_chr2D	14000000	16000000	2000000	3470	0.001735
Asat_OT3098_v2_chr2D	16000000	18000000	2000000	0	0.000000
Asat_OT3098_v2_chr2D	18000000	20000000	2000000	0	0.000000
Asat_OT3098_v2_chr2D	20000000	22000000	2000000	0	0.000000
Asat_OT3098_v2_chr2D	22000000	24000000	2000000	0	0.000000
Asat_OT3098_v2_chr2D	24000000	26000000	2000000	1877	0.000938
Asat_OT3098_v2_chr2D	26000000	28000000	2000000	264	0.000132
Asat_OT3098_v2_chr2D	28000000	30000000	2000000	0	0.000000
Asat_OT3098_v2_chr2D	30000000	32000000	2000000	3653	0.001826
Asat_OT3098_v2_chr2D	32000000	34000000	2000000	1042	0.000521
Asat_OT3098_v2_chr2D	34000000	36000000	2000000	0	0.000000
Asat_OT3098_v2_chr2D	36000000	38000000	2000000	1063	0.000531
Asat_OT3098_v2_chr2D	38000000	40000000	2000000	0	0.000000
Asat_OT3098_v2_chr2D	40000000	42000000	2000000	0	0.000000
Asat_OT3098_v2_chr2D	42000000	44000000	2000000	1717	0.000858
Asat_OT3098_v2_chr2D	44000000	46000000	2000000	6882	0.003441
Asat_OT3098_v2_chr2D	46000000	48000000	2000000	6127	0.003063
Asat_OT3098_v2_chr2D	48000000	50000000	2000000	0	0.000000
Asat_OT3098_v2_chr2D	50000000	52000000	2000000	1456	0.000728
Asat_OT3098_v2_chr2D	52000000	54000000	2000000	4670	0.002335
Asat_OT3098_v2_chr2D	54000000	56000000	2000000	0	0.000000
Asat_OT3098_v2_chr2D	56000000	58000000	2000000	0	0.000000
Asat_OT3098_v2_chr2D	58000000	60000000	2000000	6759	0.003380
Asat_OT3098_v2_chr2D	60000000	62000000	2000000	0	0.000000
Asat_OT3098_v2_chr2D	62000000	64000000	2000000	9751	0.004875
Asat_OT3098_v2_chr2D	64000000	66000000	2000000	0	0.000000
Asat_OT3098_v2_chr2D	66000000	68000000	2000000	0	0.000000
Asat_OT3098_v2_chr2D	68000000	70000000	2000000	0	0.000000
Asat_OT3098_v2_chr2D	70000000	72000000	2000000	0	0.000000
Asat_OT3098_v2_chr2D	72000000	74000000	2000000	0	0.000000
Asat_OT3098_v2_chr2D	74000000	76000000	2000000	0	0.000000
Asat_OT3098_v2_chr2D	76000000	78000000	2000000	0	0.000000
Asat_OT3098_v2_chr2D	78000000	80000000	2000000	0	0.000000
Asat_OT3098_v2_chr2D	80000000	82000000	2000000	0	0.000000
Asat_OT3098_v2_chr2D	82000000	84000000	2000000	0	0.000000
Asat_OT3098_v2_chr2D	84000000	86000000	2000000	0	0.000000
Asat_OT3098_v2_chr2D	86000000	88000000	2000000	5086	0.002543
Asat_OT3098_v2_chr2D	88000000	90000000	2000000	0	0.000000
Asat_OT3098_v2_chr2D	90000000	92000000	2000000	0	0.000000
Asat_OT3098_v2_chr2D	92000000	94000000	2000000	0	0.000000
Asat_OT3098_v2_chr2D	94000000	96000000	2000000	0	0.000000
Asat_OT3098_v2_chr2D	96000000	98000000	2000000	0	0.000000
Asat_OT3098_v2_chr2D	98000000	100000000	2000000	0	0.000000
Asat_OT3098_v2_chr2D	100000000	102000000	2000000	0	0.000000
Asat_OT3098_v2_chr2D	102000000	104000000	2000000	2990	0.001495
Asat_OT3098_v2_chr2D	104000000	106000000	2000000	0	0.000000
Asat_OT3098_v2_chr2D	106000000	108000000	2000000	0	0.000000
Asat_OT3098_v2_chr2D	108000000	110000000	2000000	0	0.000000
Asat_OT3098_v2_chr2D	110000000	112000000	2000000	6472	0.003236
Asat_OT3098_v2_chr2D	112000000	114000000	2000000	0	0.000000
Asat_OT3098_v2_chr2D	114000000	116000000	2000000	0	0.000000
Asat_OT3098_v2_chr2D	116000000	118000000	2000000	0	0.000000
Asat_OT3098_v2_chr2D	118000000	120000000	2000000	8268	0.004134
Asat_OT3098_v2_chr2D	120000000	122000000	2000000	0	0.000000
Asat_OT3098_v2_chr2D	122000000	124000000	2000000	0	0.000000
Asat_OT3098_v2_chr2D	124000000	126000000	2000000	0	0.000000
Asat_OT3098_v2_chr2D	126000000	128000000	2000000	1048	0.000524
Asat_OT3098_v2_chr2D	128000000	130000000	2000000	5169	0.002584
Asat_OT3098_v2_chr2D	130000000	132000000	2000000	0	0.000000
Asat_OT3098_v2_chr2D	132000000	134000000	2000000	1030	0.000515
Asat_OT3098_v2_chr2D	134000000	136000000	2000000	6920	0.003460
Asat_OT3098_v2_chr2D	136000000	138000000	2000000	6162	0.003081
Asat_OT3098_v2_chr2D	138000000	140000000	2000000	0	0.000000
Asat_OT3098_v2_chr2D	140000000	142000000	2000000	0	0.000000
Asat_OT3098_v2_chr2D	142000000	144000000	2000000	3109	0.001554
Asat_OT3098_v2_chr2D	144000000	146000000	2000000	0	0.000000
Asat_OT3098_v2_chr2D	146000000	148000000	2000000	0	0.000000
Asat_OT3098_v2_chr2D	148000000	150000000	2000000	0	0.000000
Asat_OT3098_v2_chr2D	150000000	152000000	2000000	0	0.000000
Asat_OT3098_v2_chr2D	152000000	154000000	2000000	0	0.000000
Asat_OT3098_v2_chr2D	154000000	156000000	2000000	0	0.000000
Asat_OT3098_v2_chr2D	156000000	158000000	2000000	0	0.000000
Asat_OT3098_v2_chr2D	158000000	160000000	2000000	10801	0.005400
Asat_OT3098_v2_chr2D	160000000	162000000	2000000	0	0.000000
Asat_OT3098_v2_chr2D	162000000	164000000	2000000	0	0.000000
Asat_OT3098_v2_chr2D	164000000	166000000	2000000	0	0.000000
Asat_OT3098_v2_chr2D	166000000	168000000	2000000	16587	0.008294
Asat_OT3098_v2_chr2D	168000000	170000000	2000000	2087	0.001043
Asat_OT3098_v2_chr2D	170000000	172000000	2000000	0	0.000000
Asat_OT3098_v2_chr2D	172000000	174000000	2000000	2253	0.001126
Asat_OT3098_v2_chr2D	174000000	176000000	2000000	0	0.000000
Asat_OT3098_v2_chr2D	176000000	178000000	2000000	6065	0.003033
Asat_OT3098_v2_chr2D	178000000	180000000	2000000	12491	0.006246
Asat_OT3098_v2_chr2D	180000000	182000000	2000000	0	0.000000
Asat_OT3098_v2_chr2D	182000000	184000000	2000000	0	0.000000
Asat_OT3098_v2_chr2D	184000000	186000000	2000000	5140	0.002570
Asat_OT3098_v2_chr2D	186000000	188000000	2000000	0	0.000000
Asat_OT3098_v2_chr2D	188000000	190000000	2000000	0	0.000000
Asat_OT3098_v2_chr2D	190000000	192000000	2000000	0	0.000000
Asat_OT3098_v2_chr2D	192000000	194000000	2000000	5784	0.002892
Asat_OT3098_v2_chr2D	194000000	196000000	2000000	4236	0.002118
Asat_OT3098_v2_chr2D	196000000	198000000	2000000	1661	0.000830
Asat_OT3098_v2_chr2D	198000000	200000000	2000000	0	0.000000
Asat_OT3098_v2_chr2D	200000000	202000000	2000000	4693	0.002347
Asat_OT3098_v2_chr2D	202000000	204000000	2000000	5625	0.002812
Asat_OT3098_v2_chr2D	204000000	206000000	2000000	0	0.000000
Asat_OT3098_v2_chr2D	206000000	208000000	2000000	0	0.000000
Asat_OT3098_v2_chr2D	208000000	210000000	2000000	0	0.000000
Asat_OT3098_v2_chr2D	210000000	212000000	2000000	2023	0.001012
Asat_OT3098_v2_chr2D	212000000	214000000	2000000	6906	0.003453
Asat_OT3098_v2_chr2D	214000000	216000000	2000000	0	0.000000
Asat_OT3098_v2_chr2D	216000000	218000000	2000000	0	0.000000
Asat_OT3098_v2_chr2D	218000000	220000000	2000000	6897	0.003449
Asat_OT3098_v2_chr2D	220000000	222000000	2000000	0	0.000000
Asat_OT3098_v2_chr2D	222000000	224000000	2000000	0	0.000000
Asat_OT3098_v2_chr2D	224000000	226000000	2000000	2037	0.001019
Asat_OT3098_v2_chr2D	226000000	228000000	2000000	2397	0.001198
Asat_OT3098_v2_chr2D	228000000	230000000	2000000	4507	0.002253
Asat_OT3098_v2_chr2D	230000000	232000000	2000000	15510	0.007755
Asat_OT3098_v2_chr2D	232000000	234000000	2000000	0	0.000000
Asat_OT3098_v2_chr2D	234000000	236000000	2000000	0	0.000000
Asat_OT3098_v2_chr2D	236000000	238000000	2000000	0	0.000000
Asat_OT3098_v2_chr2D	238000000	240000000	2000000	0	0.000000
Asat_OT3098_v2_chr2D	240000000	242000000	2000000	0	0.000000
Asat_OT3098_v2_chr2D	242000000	244000000	2000000	1025	0.000513
Asat_OT3098_v2_chr2D	244000000	246000000	2000000	0	0.000000
Asat_OT3098_v2_chr2D	246000000	248000000	2000000	0	0.000000
Asat_OT3098_v2_chr2D	248000000	250000000	2000000	0	0.000000
Asat_OT3098_v2_chr2D	250000000	252000000	2000000	0	0.000000
Asat_OT3098_v2_chr2D	252000000	254000000	2000000	0	0.000000
Asat_OT3098_v2_chr2D	254000000	256000000	2000000	0	0.000000
Asat_OT3098_v2_chr2D	256000000	258000000	2000000	0	0.000000
Asat_OT3098_v2_chr2D	258000000	260000000	2000000	0	0.000000
Asat_OT3098_v2_chr2D	260000000	262000000	2000000	0	0.000000
Asat_OT3098_v2_chr2D	262000000	264000000	2000000	0	0.000000
Asat_OT3098_v2_chr2D	264000000	266000000	2000000	0	0.000000
Asat_OT3098_v2_chr2D	266000000	268000000	2000000	0	0.000000
Asat_OT3098_v2_chr2D	268000000	270000000	2000000	0	0.000000
Asat_OT3098_v2_chr2D	270000000	272000000	2000000	13238	0.006619
Asat_OT3098_v2_chr2D	272000000	274000000	2000000	0	0.000000
Asat_OT3098_v2_chr2D	274000000	276000000	2000000	9346	0.004673
Asat_OT3098_v2_chr2D	276000000	278000000	2000000	10787	0.005393
Asat_OT3098_v2_chr2D	278000000	280000000	2000000	0	0.000000
Asat_OT3098_v2_chr2D	280000000	282000000	2000000	4064	0.002032
Asat_OT3098_v2_chr2D	282000000	284000000	2000000	1022	0.000511
Asat_OT3098_v2_chr2D	284000000	286000000	2000000	0	0.000000
Asat_OT3098_v2_chr2D	286000000	288000000	2000000	0	0.000000
Asat_OT3098_v2_chr2D	288000000	290000000	2000000	0	0.000000
Asat_OT3098_v2_chr2D	290000000	292000000	2000000	0	0.000000
Asat_OT3098_v2_chr2D	292000000	294000000	2000000	0	0.000000
Asat_OT3098_v2_chr2D	294000000	296000000	2000000	6884	0.003442
Asat_OT3098_v2_chr2D	296000000	298000000	2000000	0	0.000000
Asat_OT3098_v2_chr2D	298000000	300000000	2000000	0	0.000000
Asat_OT3098_v2_chr2D	300000000	302000000	2000000	0	0.000000
Asat_OT3098_v2_chr2D	302000000	304000000	2000000	0	0.000000
Asat_OT3098_v2_chr2D	304000000	306000000	2000000	0	0.000000
Asat_OT3098_v2_chr2D	306000000	308000000	2000000	0	0.000000
Asat_OT3098_v2_chr2D	308000000	310000000	2000000	0	0.000000
Asat_OT3098_v2_chr2D	310000000	312000000	2000000	3903	0.001951
Asat_OT3098_v2_chr2D	312000000	314000000	2000000	0	0.000000
Asat_OT3098_v2_chr2D	314000000	316000000	2000000	6805	0.003403
Asat_OT3098_v2_chr2D	316000000	318000000	2000000	1046	0.000523
Asat_OT3098_v2_chr2D	318000000	320000000	2000000	0	0.000000
Asat_OT3098_v2_chr2D	320000000	322000000	2000000	0	0.000000
Asat_OT3098_v2_chr2D	322000000	324000000	2000000	0	0.000000
Asat_OT3098_v2_chr2D	324000000	326000000	2000000	6468	0.003234
Asat_OT3098_v2_chr2D	326000000	328000000	2000000	0	0.000000
Asat_OT3098_v2_chr2D	328000000	330000000	2000000	6201	0.003100
Asat_OT3098_v2_chr2D	330000000	332000000	2000000	0	0.000000
Asat_OT3098_v2_chr2D	332000000	334000000	2000000	0	0.000000
Asat_OT3098_v2_chr2D	334000000	336000000	2000000	0	0.000000
Asat_OT3098_v2_chr2D	336000000	338000000	2000000	0	0.000000
Asat_OT3098_v2_chr2D	338000000	340000000	2000000	0	0.000000
Asat_OT3098_v2_chr2D	340000000	342000000	2000000	0	0.000000
Asat_OT3098_v2_chr2D	342000000	344000000	2000000	0	0.000000
Asat_OT3098_v2_chr2D	344000000	346000000	2000000	3167	0.001584
Asat_OT3098_v2_chr2D	346000000	348000000	2000000	0	0.000000
Asat_OT3098_v2_chr2D	348000000	350000000	2000000	8612	0.004306
Asat_OT3098_v2_chr2D	350000000	352000000	2000000	5981	0.002991
Asat_OT3098_v2_chr2D	352000000	354000000	2000000	9054	0.004527
Asat_OT3098_v2_chr2D	354000000	356000000	2000000	5986	0.002993
Asat_OT3098_v2_chr2D	356000000	358000000	2000000	7366	0.003683
Asat_OT3098_v2_chr2D	358000000	360000000	2000000	0	0.000000
Asat_OT3098_v2_chr2D	360000000	362000000	2000000	13901	0.006951
Asat_OT3098_v2_chr2D	362000000	364000000	2000000	40660	0.020330
Asat_OT3098_v2_chr2D	364000000	366000000	2000000	89485	0.044742
Asat_OT3098_v2_chr2D	366000000	368000000	2000000	273194	0.136597
Asat_OT3098_v2_chr2D	368000000	370000000	2000000	286041	0.143020
Asat_OT3098_v2_chr2D	370000000	372000000	2000000	269418	0.134709
Asat_OT3098_v2_chr2D	372000000	374000000	2000000	132487	0.066243
Asat_OT3098_v2_chr2D	374000000	376000000	2000000	7264	0.003632
Asat_OT3098_v2_chr2D	376000000	378000000	2000000	45447	0.022724
Asat_OT3098_v2_chr2D	378000000	380000000	2000000	27866	0.013933
Asat_OT3098_v2_chr2D	380000000	382000000	2000000	0	0.000000
Asat_OT3098_v2_chr2D	382000000	384000000	2000000	0	0.000000
Asat_OT3098_v2_chr2D	384000000	386000000	2000000	9758	0.004879
Asat_OT3098_v2_chr2D	386000000	388000000	2000000	12769	0.006385
Asat_OT3098_v2_chr2D	388000000	390000000	2000000	0	0.000000
Asat_OT3098_v2_chr2D	390000000	392000000	2000000	0	0.000000
Asat_OT3098_v2_chr2D	392000000	394000000	2000000	0	0.000000
Asat_OT3098_v2_chr2D	394000000	396000000	2000000	6333	0.003167
Asat_OT3098_v2_chr2D	396000000	398000000	2000000	0	0.000000
Asat_OT3098_v2_chr2D	398000000	400000000	2000000	4383	0.002191
Asat_OT3098_v2_chr2D	400000000	402000000	2000000	0	0.000000
Asat_OT3098_v2_chr2D	402000000	404000000	2000000	4637	0.002318
Asat_OT3098_v2_chr2D	404000000	406000000	2000000	5735	0.002867
Asat_OT3098_v2_chr2D	406000000	408000000	2000000	0	0.000000
Asat_OT3098_v2_chr2D	408000000	410000000	2000000	0	0.000000
Asat_OT3098_v2_chr2D	410000000	412000000	2000000	7135	0.003567
Asat_OT3098_v2_chr2D	412000000	414000000	2000000	5836	0.002918
Asat_OT3098_v2_chr2D	414000000	416000000	2000000	0	0.000000
Asat_OT3098_v2_chr2D	416000000	418000000	2000000	0	0.000000
Asat_OT3098_v2_chr2D	418000000	420000000	2000000	9560	0.004780
Asat_OT3098_v2_chr2D	420000000	422000000	2000000	0	0.000000
Asat_OT3098_v2_chr2D	422000000	424000000	2000000	0	0.000000
Asat_OT3098_v2_chr2D	424000000	426000000	2000000	6186	0.003093
Asat_OT3098_v2_chr2D	426000000	428000000	2000000	0	0.000000
Asat_OT3098_v2_chr2D	428000000	430000000	2000000	0	0.000000
Asat_OT3098_v2_chr2D	430000000	432000000	2000000	0	0.000000
Asat_OT3098_v2_chr2D	432000000	434000000	2000000	4856	0.002428
Asat_OT3098_v2_chr2D	434000000	436000000	2000000	5068	0.002534
Asat_OT3098_v2_chr2D	436000000	438000000	2000000	0	0.000000
Asat_OT3098_v2_chr2D	438000000	440000000	2000000	0	0.000000
Asat_OT3098_v2_chr2D	440000000	442000000	2000000	0	0.000000
Asat_OT3098_v2_chr2D	442000000	444000000	2000000	0	0.000000
Asat_OT3098_v2_chr2D	444000000	446000000	2000000	0	0.000000
Asat_OT3098_v2_chr2D	446000000	448000000	2000000	0	0.000000
Asat_OT3098_v2_chr2D	448000000	450000000	2000000	6897	0.003449
Asat_OT3098_v2_chr2D	450000000	452000000	2000000	0	0.000000
Asat_OT3098_v2_chr2D	452000000	454000000	2000000	0	0.000000
Asat_OT3098_v2_chr2D	454000000	456000000	2000000	0	0.000000
Asat_OT3098_v2_chr2D	456000000	458000000	2000000	6208	0.003104
Asat_OT3098_v2_chr2D	458000000	460000000	2000000	6845	0.003423
Asat_OT3098_v2_chr2D	460000000	462000000	2000000	0	0.000000
Asat_OT3098_v2_chr2D	462000000	464000000	2000000	0	0.000000
Asat_OT3098_v2_chr2D	464000000	466000000	2000000	0	0.000000
Asat_OT3098_v2_chr2D	466000000	468000000	2000000	6061	0.003031
Asat_OT3098_v2_chr2D	468000000	470000000	2000000	5742	0.002871
Asat_OT3098_v2_chr2D	470000000	472000000	2000000	0	0.000000
Asat_OT3098_v2_chr2D	472000000	474000000	2000000	0	0.000000
Asat_OT3098_v2_chr2D	474000000	476000000	2000000	0	0.000000
Asat_OT3098_v2_chr2D	476000000	478000000	2000000	0	0.000000
Asat_OT3098_v2_chr2D	478000000	480000000	2000000	0	0.000000
Asat_OT3098_v2_chr2D	480000000	482000000	2000000	0	0.000000
Asat_OT3098_v2_chr2D	482000000	484000000	2000000	0	0.000000
Asat_OT3098_v2_chr2D	484000000	486000000	2000000	1363	0.000682
Asat_OT3098_v2_chr2D	486000000	488000000	2000000	12238	0.006119
Asat_OT3098_v2_chr2D	488000000	490000000	2000000	0	0.000000
Asat_OT3098_v2_chr2D	490000000	492000000	2000000	0	0.000000
Asat_OT3098_v2_chr2D	492000000	494000000	2000000	0	0.000000
Asat_OT3098_v2_chr2D	494000000	496000000	2000000	6749	0.003374
Asat_OT3098_v2_chr2D	496000000	498000000	2000000	4499	0.002250
Asat_OT3098_v2_chr2D	498000000	500000000	2000000	0	0.000000
Asat_OT3098_v2_chr2D	500000000	502000000	2000000	0	0.000000
Asat_OT3098_v2_chr2D	502000000	504000000	2000000	8852	0.004426
Asat_OT3098_v2_chr2D	504000000	506000000	2000000	0	0.000000
Asat_OT3098_v2_chr2D	506000000	508000000	2000000	0	0.000000
Asat_OT3098_v2_chr2D	508000000	510000000	2000000	0	0.000000
Asat_OT3098_v2_chr2D	510000000	512000000	2000000	5969	0.002985
Asat_OT3098_v2_chr2D	512000000	514000000	2000000	0	0.000000
Asat_OT3098_v2_chr2D	514000000	516000000	2000000	0	0.000000
Asat_OT3098_v2_chr2D	516000000	518000000	2000000	0	0.000000
Asat_OT3098_v2_chr2D	518000000	520000000	2000000	3490	0.001745
Asat_OT3098_v2_chr2D	520000000	522000000	2000000	12181	0.006091
Asat_OT3098_v2_chr2D	522000000	524000000	2000000	0	0.000000
Asat_OT3098_v2_chr2D	524000000	526000000	2000000	0	0.000000
Asat_OT3098_v2_chr2D	526000000	528000000	2000000	0	0.000000
Asat_OT3098_v2_chr2D	528000000	530000000	2000000	1016	0.000508
Asat_OT3098_v2_chr2D	530000000	532000000	2000000	0	0.000000
Asat_OT3098_v2_chr2D	532000000	532103454	103454	0	0.000000
Asat_OT3098_v2_chr3A	0	2000000	2000000	0	0.000000
Asat_OT3098_v2_chr3A	2000000	4000000	2000000	0	0.000000
Asat_OT3098_v2_chr3A	4000000	6000000	2000000	6639	0.003319
Asat_OT3098_v2_chr3A	6000000	8000000	2000000	0	0.000000
Asat_OT3098_v2_chr3A	8000000	10000000	2000000	0	0.000000
Asat_OT3098_v2_chr3A	10000000	12000000	2000000	6256	0.003128
Asat_OT3098_v2_chr3A	12000000	14000000	2000000	0	0.000000
Asat_OT3098_v2_chr3A	14000000	16000000	2000000	0	0.000000
Asat_OT3098_v2_chr3A	16000000	18000000	2000000	0	0.000000
Asat_OT3098_v2_chr3A	18000000	20000000	2000000	0	0.000000
Asat_OT3098_v2_chr3A	20000000	22000000	2000000	0	0.000000
Asat_OT3098_v2_chr3A	22000000	24000000	2000000	0	0.000000
Asat_OT3098_v2_chr3A	24000000	26000000	2000000	0	0.000000
Asat_OT3098_v2_chr3A	26000000	28000000	2000000	0	0.000000
Asat_OT3098_v2_chr3A	28000000	30000000	2000000	0	0.000000
Asat_OT3098_v2_chr3A	30000000	32000000	2000000	1009	0.000504
Asat_OT3098_v2_chr3A	32000000	34000000	2000000	0	0.000000
Asat_OT3098_v2_chr3A	34000000	36000000	2000000	3132	0.001566
Asat_OT3098_v2_chr3A	36000000	38000000	2000000	0	0.000000
Asat_OT3098_v2_chr3A	38000000	40000000	2000000	0	0.000000
Asat_OT3098_v2_chr3A	40000000	42000000	2000000	0	0.000000
Asat_OT3098_v2_chr3A	42000000	44000000	2000000	0	0.000000
Asat_OT3098_v2_chr3A	44000000	46000000	2000000	7520	0.003760
Asat_OT3098_v2_chr3A	46000000	48000000	2000000	0	0.000000
Asat_OT3098_v2_chr3A	48000000	50000000	2000000	6509	0.003255
Asat_OT3098_v2_chr3A	50000000	52000000	2000000	2038	0.001019
Asat_OT3098_v2_chr3A	52000000	54000000	2000000	0	0.000000
Asat_OT3098_v2_chr3A	54000000	56000000	2000000	0	0.000000
Asat_OT3098_v2_chr3A	56000000	58000000	2000000	4930	0.002465
Asat_OT3098_v2_chr3A	58000000	60000000	2000000	1018	0.000509
Asat_OT3098_v2_chr3A	60000000	62000000	2000000	0	0.000000
Asat_OT3098_v2_chr3A	62000000	64000000	2000000	0	0.000000
Asat_OT3098_v2_chr3A	64000000	66000000	2000000	0	0.000000
Asat_OT3098_v2_chr3A	66000000	68000000	2000000	10080	0.005040
Asat_OT3098_v2_chr3A	68000000	70000000	2000000	0	0.000000
Asat_OT3098_v2_chr3A	70000000	72000000	2000000	12609	0.006305
Asat_OT3098_v2_chr3A	72000000	74000000	2000000	0	0.000000
Asat_OT3098_v2_chr3A	74000000	76000000	2000000	6816	0.003408
Asat_OT3098_v2_chr3A	76000000	78000000	2000000	0	0.000000
Asat_OT3098_v2_chr3A	78000000	80000000	2000000	0	0.000000
Asat_OT3098_v2_chr3A	80000000	82000000	2000000	0	0.000000
Asat_OT3098_v2_chr3A	82000000	84000000	2000000	1122	0.000561
Asat_OT3098_v2_chr3A	84000000	86000000	2000000	5667	0.002834
Asat_OT3098_v2_chr3A	86000000	88000000	2000000	0	0.000000
Asat_OT3098_v2_chr3A	88000000	90000000	2000000	0	0.000000
Asat_OT3098_v2_chr3A	90000000	92000000	2000000	0	0.000000
Asat_OT3098_v2_chr3A	92000000	94000000	2000000	0	0.000000
Asat_OT3098_v2_chr3A	94000000	96000000	2000000	0	0.000000
Asat_OT3098_v2_chr3A	96000000	98000000	2000000	23771	0.011886
Asat_OT3098_v2_chr3A	98000000	100000000	2000000	0	0.000000
Asat_OT3098_v2_chr3A	100000000	102000000	2000000	0	0.000000
Asat_OT3098_v2_chr3A	102000000	104000000	2000000	0	0.000000
Asat_OT3098_v2_chr3A	104000000	106000000	2000000	7291	0.003645
Asat_OT3098_v2_chr3A	106000000	108000000	2000000	0	0.000000
Asat_OT3098_v2_chr3A	108000000	110000000	2000000	0	0.000000
Asat_OT3098_v2_chr3A	110000000	112000000	2000000	0	0.000000
Asat_OT3098_v2_chr3A	112000000	114000000	2000000	0	0.000000
Asat_OT3098_v2_chr3A	114000000	116000000	2000000	0	0.000000
Asat_OT3098_v2_chr3A	116000000	118000000	2000000	0	0.000000
Asat_OT3098_v2_chr3A	118000000	120000000	2000000	0	0.000000
Asat_OT3098_v2_chr3A	120000000	122000000	2000000	0	0.000000
Asat_OT3098_v2_chr3A	122000000	124000000	2000000	6846	0.003423
Asat_OT3098_v2_chr3A	124000000	126000000	2000000	0	0.000000
Asat_OT3098_v2_chr3A	126000000	128000000	2000000	0	0.000000
Asat_OT3098_v2_chr3A	128000000	130000000	2000000	0	0.000000
Asat_OT3098_v2_chr3A	130000000	132000000	2000000	0	0.000000
Asat_OT3098_v2_chr3A	132000000	134000000	2000000	0	0.000000
Asat_OT3098_v2_chr3A	134000000	136000000	2000000	0	0.000000
Asat_OT3098_v2_chr3A	136000000	138000000	2000000	0	0.000000
Asat_OT3098_v2_chr3A	138000000	140000000	2000000	0	0.000000
Asat_OT3098_v2_chr3A	140000000	142000000	2000000	0	0.000000
Asat_OT3098_v2_chr3A	142000000	144000000	2000000	0	0.000000
Asat_OT3098_v2_chr3A	144000000	146000000	2000000	0	0.000000
Asat_OT3098_v2_chr3A	146000000	148000000	2000000	0	0.000000
Asat_OT3098_v2_chr3A	148000000	150000000	2000000	4080	0.002040
Asat_OT3098_v2_chr3A	150000000	152000000	2000000	0	0.000000
Asat_OT3098_v2_chr3A	152000000	154000000	2000000	0	0.000000
Asat_OT3098_v2_chr3A	154000000	156000000	2000000	0	0.000000
Asat_OT3098_v2_chr3A	156000000	158000000	2000000	0	0.000000
Asat_OT3098_v2_chr3A	158000000	160000000	2000000	0	0.000000
Asat_OT3098_v2_chr3A	160000000	162000000	2000000	0	0.000000
Asat_OT3098_v2_chr3A	162000000	164000000	2000000	5704	0.002852
Asat_OT3098_v2_chr3A	164000000	166000000	2000000	0	0.000000
Asat_OT3098_v2_chr3A	166000000	168000000	2000000	0	0.000000
Asat_OT3098_v2_chr3A	168000000	170000000	2000000	5114	0.002557
Asat_OT3098_v2_chr3A	170000000	172000000	2000000	5659	0.002829
Asat_OT3098_v2_chr3A	172000000	174000000	2000000	0	0.000000
Asat_OT3098_v2_chr3A	174000000	176000000	2000000	0	0.000000
Asat_OT3098_v2_chr3A	176000000	178000000	2000000	0	0.000000
Asat_OT3098_v2_chr3A	178000000	180000000	2000000	0	0.000000
Asat_OT3098_v2_chr3A	180000000	182000000	2000000	0	0.000000
Asat_OT3098_v2_chr3A	182000000	184000000	2000000	0	0.000000
Asat_OT3098_v2_chr3A	184000000	186000000	2000000	0	0.000000
Asat_OT3098_v2_chr3A	186000000	188000000	2000000	0	0.000000
Asat_OT3098_v2_chr3A	188000000	190000000	2000000	5205	0.002603
Asat_OT3098_v2_chr3A	190000000	192000000	2000000	0	0.000000
Asat_OT3098_v2_chr3A	192000000	194000000	2000000	0	0.000000
Asat_OT3098_v2_chr3A	194000000	196000000	2000000	6734	0.003367
Asat_OT3098_v2_chr3A	196000000	198000000	2000000	4555	0.002278
Asat_OT3098_v2_chr3A	198000000	200000000	2000000	0	0.000000
Asat_OT3098_v2_chr3A	200000000	202000000	2000000	0	0.000000
Asat_OT3098_v2_chr3A	202000000	204000000	2000000	4626	0.002313
Asat_OT3098_v2_chr3A	204000000	206000000	2000000	0	0.000000
Asat_OT3098_v2_chr3A	206000000	208000000	2000000	1884	0.000942
Asat_OT3098_v2_chr3A	208000000	210000000	2000000	12409	0.006204
Asat_OT3098_v2_chr3A	210000000	212000000	2000000	0	0.000000
Asat_OT3098_v2_chr3A	212000000	214000000	2000000	10149	0.005075
Asat_OT3098_v2_chr3A	214000000	216000000	2000000	0	0.000000
Asat_OT3098_v2_chr3A	216000000	218000000	2000000	4607	0.002303
Asat_OT3098_v2_chr3A	218000000	220000000	2000000	3356	0.001678
Asat_OT3098_v2_chr3A	220000000	222000000	2000000	16992	0.008496
Asat_OT3098_v2_chr3A	222000000	224000000	2000000	27364	0.013682
Asat_OT3098_v2_chr3A	224000000	226000000	2000000	6058	0.003029
Asat_OT3098_v2_chr3A	226000000	228000000	2000000	45264	0.022632
Asat_OT3098_v2_chr3A	228000000	230000000	2000000	6033	0.003017
Asat_OT3098_v2_chr3A	230000000	232000000	2000000	5815	0.002907
Asat_OT3098_v2_chr3A	232000000	234000000	2000000	115652	0.057826
Asat_OT3098_v2_chr3A	234000000	236000000	2000000	161285	0.080643
Asat_OT3098_v2_chr3A	236000000	238000000	2000000	371102	0.185551
Asat_OT3098_v2_chr3A	238000000	240000000	2000000	338121	0.169061
Asat_OT3098_v2_chr3A	240000000	242000000	2000000	378856	0.189428
Asat_OT3098_v2_chr3A	242000000	244000000	2000000	163923	0.081962
Asat_OT3098_v2_chr3A	244000000	246000000	2000000	14329	0.007164
Asat_OT3098_v2_chr3A	246000000	248000000	2000000	11081	0.005541
Asat_OT3098_v2_chr3A	248000000	250000000	2000000	9266	0.004633
Asat_OT3098_v2_chr3A	250000000	252000000	2000000	11800	0.005900
Asat_OT3098_v2_chr3A	252000000	254000000	2000000	30916	0.015458
Asat_OT3098_v2_chr3A	254000000	256000000	2000000	20510	0.010255
Asat_OT3098_v2_chr3A	256000000	258000000	2000000	9931	0.004966
Asat_OT3098_v2_chr3A	258000000	260000000	2000000	1241	0.000620
Asat_OT3098_v2_chr3A	260000000	262000000	2000000	0	0.000000
Asat_OT3098_v2_chr3A	262000000	264000000	2000000	6868	0.003434
Asat_OT3098_v2_chr3A	264000000	266000000	2000000	10377	0.005189
Asat_OT3098_v2_chr3A	266000000	268000000	2000000	5617	0.002808
Asat_OT3098_v2_chr3A	268000000	270000000	2000000	8253	0.004126
Asat_OT3098_v2_chr3A	270000000	272000000	2000000	5847	0.002923
Asat_OT3098_v2_chr3A	272000000	274000000	2000000	6969	0.003485
Asat_OT3098_v2_chr3A	274000000	276000000	2000000	0	0.000000
Asat_OT3098_v2_chr3A	276000000	278000000	2000000	8878	0.004439
Asat_OT3098_v2_chr3A	278000000	280000000	2000000	0	0.000000
Asat_OT3098_v2_chr3A	280000000	282000000	2000000	0	0.000000
Asat_OT3098_v2_chr3A	282000000	284000000	2000000	13788	0.006894
Asat_OT3098_v2_chr3A	284000000	286000000	2000000	0	0.000000
Asat_OT3098_v2_chr3A	286000000	288000000	2000000	5640	0.002820
Asat_OT3098_v2_chr3A	288000000	290000000	2000000	0	0.000000
Asat_OT3098_v2_chr3A	290000000	292000000	2000000	0	0.000000
Asat_OT3098_v2_chr3A	292000000	294000000	2000000	3708	0.001854
Asat_OT3098_v2_chr3A	294000000	296000000	2000000	5864	0.002932
Asat_OT3098_v2_chr3A	296000000	298000000	2000000	1023	0.000512
Asat_OT3098_v2_chr3A	298000000	300000000	2000000	5790	0.002895
Asat_OT3098_v2_chr3A	300000000	302000000	2000000	0	0.000000
Asat_OT3098_v2_chr3A	302000000	304000000	2000000	0	0.000000
Asat_OT3098_v2_chr3A	304000000	306000000	2000000	0	0.000000
Asat_OT3098_v2_chr3A	306000000	308000000	2000000	0	0.000000
Asat_OT3098_v2_chr3A	308000000	310000000	2000000	0	0.000000
Asat_OT3098_v2_chr3A	310000000	312000000	2000000	6897	0.003449
Asat_OT3098_v2_chr3A	312000000	314000000	2000000	0	0.000000
Asat_OT3098_v2_chr3A	314000000	316000000	2000000	0	0.000000
Asat_OT3098_v2_chr3A	316000000	318000000	2000000	0	0.000000
Asat_OT3098_v2_chr3A	318000000	320000000	2000000	0	0.000000
Asat_OT3098_v2_chr3A	320000000	322000000	2000000	8283	0.004142
Asat_OT3098_v2_chr3A	322000000	324000000	2000000	0	0.000000
Asat_OT3098_v2_chr3A	324000000	326000000	2000000	6478	0.003239
Asat_OT3098_v2_chr3A	326000000	328000000	2000000	0	0.000000
Asat_OT3098_v2_chr3A	328000000	330000000	2000000	0	0.000000
Asat_OT3098_v2_chr3A	330000000	332000000	2000000	0	0.000000
Asat_OT3098_v2_chr3A	332000000	334000000	2000000	0	0.000000
Asat_OT3098_v2_chr3A	334000000	336000000	2000000	0	0.000000
Asat_OT3098_v2_chr3A	336000000	338000000	2000000	4959	0.002479
Asat_OT3098_v2_chr3A	338000000	340000000	2000000	0	0.000000
Asat_OT3098_v2_chr3A	340000000	342000000	2000000	0	0.000000
Asat_OT3098_v2_chr3A	342000000	344000000	2000000	7012	0.003506
Asat_OT3098_v2_chr3A	344000000	346000000	2000000	4841	0.002420
Asat_OT3098_v2_chr3A	346000000	348000000	2000000	0	0.000000
Asat_OT3098_v2_chr3A	348000000	350000000	2000000	1810	0.000905
Asat_OT3098_v2_chr3A	350000000	352000000	2000000	0	0.000000
Asat_OT3098_v2_chr3A	352000000	354000000	2000000	10979	0.005489
Asat_OT3098_v2_chr3A	354000000	356000000	2000000	0	0.000000
Asat_OT3098_v2_chr3A	356000000	358000000	2000000	0	0.000000
Asat_OT3098_v2_chr3A	358000000	360000000	2000000	0	0.000000
Asat_OT3098_v2_chr3A	360000000	362000000	2000000	0	0.000000
Asat_OT3098_v2_chr3A	362000000	364000000	2000000	0	0.000000
Asat_OT3098_v2_chr3A	364000000	366000000	2000000	0	0.000000
Asat_OT3098_v2_chr3A	366000000	368000000	2000000	13212	0.006606
Asat_OT3098_v2_chr3A	368000000	370000000	2000000	0	0.000000
Asat_OT3098_v2_chr3A	370000000	372000000	2000000	0	0.000000
Asat_OT3098_v2_chr3A	372000000	374000000	2000000	0	0.000000
Asat_OT3098_v2_chr3A	374000000	376000000	2000000	0	0.000000
Asat_OT3098_v2_chr3A	376000000	378000000	2000000	0	0.000000
Asat_OT3098_v2_chr3A	378000000	380000000	2000000	16482	0.008241
Asat_OT3098_v2_chr3A	380000000	382000000	2000000	6759	0.003380
Asat_OT3098_v2_chr3A	382000000	384000000	2000000	0	0.000000
Asat_OT3098_v2_chr3A	384000000	386000000	2000000	5848	0.002924
Asat_OT3098_v2_chr3A	386000000	388000000	2000000	0	0.000000
Asat_OT3098_v2_chr3A	388000000	390000000	2000000	0	0.000000
Asat_OT3098_v2_chr3A	390000000	392000000	2000000	0	0.000000
Asat_OT3098_v2_chr3A	392000000	394000000	2000000	0	0.000000
Asat_OT3098_v2_chr3A	394000000	396000000	2000000	0	0.000000
Asat_OT3098_v2_chr3A	396000000	398000000	2000000	0	0.000000
Asat_OT3098_v2_chr3A	398000000	400000000	2000000	0	0.000000
Asat_OT3098_v2_chr3A	400000000	402000000	2000000	0	0.000000
Asat_OT3098_v2_chr3A	402000000	404000000	2000000	0	0.000000
Asat_OT3098_v2_chr3A	404000000	406000000	2000000	1029	0.000514
Asat_OT3098_v2_chr3A	406000000	408000000	2000000	6064	0.003032
Asat_OT3098_v2_chr3A	408000000	410000000	2000000	5203	0.002602
Asat_OT3098_v2_chr3A	410000000	412000000	2000000	2995	0.001497
Asat_OT3098_v2_chr3A	412000000	414000000	2000000	6328	0.003164
Asat_OT3098_v2_chr3A	414000000	416000000	2000000	5064	0.002532
Asat_OT3098_v2_chr3A	416000000	418000000	2000000	0	0.000000
Asat_OT3098_v2_chr3A	418000000	420000000	2000000	0	0.000000
Asat_OT3098_v2_chr3A	420000000	422000000	2000000	0	0.000000
Asat_OT3098_v2_chr3A	422000000	424000000	2000000	0	0.000000
Asat_OT3098_v2_chr3A	424000000	425675180	1675180	0	0.000000
Asat_OT3098_v2_chr3C	0	2000000	2000000	0	0.000000
Asat_OT3098_v2_chr3C	2000000	4000000	2000000	0	0.000000
Asat_OT3098_v2_chr3C	4000000	6000000	2000000	0	0.000000
Asat_OT3098_v2_chr3C	6000000	8000000	2000000	0	0.000000
Asat_OT3098_v2_chr3C	8000000	10000000	2000000	0	0.000000
Asat_OT3098_v2_chr3C	10000000	12000000	2000000	0	0.000000
Asat_OT3098_v2_chr3C	12000000	14000000	2000000	0	0.000000
Asat_OT3098_v2_chr3C	14000000	16000000	2000000	3224	0.001612
Asat_OT3098_v2_chr3C	16000000	18000000	2000000	0	0.000000
Asat_OT3098_v2_chr3C	18000000	20000000	2000000	0	0.000000
Asat_OT3098_v2_chr3C	20000000	22000000	2000000	0	0.000000
Asat_OT3098_v2_chr3C	22000000	24000000	2000000	0	0.000000
Asat_OT3098_v2_chr3C	24000000	26000000	2000000	1175	0.000588
Asat_OT3098_v2_chr3C	26000000	28000000	2000000	0	0.000000
Asat_OT3098_v2_chr3C	28000000	30000000	2000000	0	0.000000
Asat_OT3098_v2_chr3C	30000000	32000000	2000000	3758	0.001879
Asat_OT3098_v2_chr3C	32000000	34000000	2000000	0	0.000000
Asat_OT3098_v2_chr3C	34000000	36000000	2000000	0	0.000000
Asat_OT3098_v2_chr3C	36000000	38000000	2000000	0	0.000000
Asat_OT3098_v2_chr3C	38000000	40000000	2000000	0	0.000000
Asat_OT3098_v2_chr3C	40000000	42000000	2000000	0	0.000000
Asat_OT3098_v2_chr3C	42000000	44000000	2000000	0	0.000000
Asat_OT3098_v2_chr3C	44000000	46000000	2000000	0	0.000000
Asat_OT3098_v2_chr3C	46000000	48000000	2000000	0	0.000000
Asat_OT3098_v2_chr3C	48000000	50000000	2000000	1263	0.000632
Asat_OT3098_v2_chr3C	50000000	52000000	2000000	0	0.000000
Asat_OT3098_v2_chr3C	52000000	54000000	2000000	0	0.000000
Asat_OT3098_v2_chr3C	54000000	56000000	2000000	7400	0.003700
Asat_OT3098_v2_chr3C	56000000	58000000	2000000	0	0.000000
Asat_OT3098_v2_chr3C	58000000	60000000	2000000	0	0.000000
Asat_OT3098_v2_chr3C	60000000	62000000	2000000	0	0.000000
Asat_OT3098_v2_chr3C	62000000	64000000	2000000	0	0.000000
Asat_OT3098_v2_chr3C	64000000	66000000	2000000	0	0.000000
Asat_OT3098_v2_chr3C	66000000	68000000	2000000	0	0.000000
Asat_OT3098_v2_chr3C	68000000	70000000	2000000	5163	0.002582
Asat_OT3098_v2_chr3C	70000000	72000000	2000000	0	0.000000
Asat_OT3098_v2_chr3C	72000000	74000000	2000000	0	0.000000
Asat_OT3098_v2_chr3C	74000000	76000000	2000000	0	0.000000
Asat_OT3098_v2_chr3C	76000000	78000000	2000000	3759	0.001880
Asat_OT3098_v2_chr3C	78000000	80000000	2000000	0	0.000000
Asat_OT3098_v2_chr3C	80000000	82000000	2000000	8157	0.004078
Asat_OT3098_v2_chr3C	82000000	84000000	2000000	0	0.000000
Asat_OT3098_v2_chr3C	84000000	86000000	2000000	0	0.000000
Asat_OT3098_v2_chr3C	86000000	88000000	2000000	4733	0.002367
Asat_OT3098_v2_chr3C	88000000	90000000	2000000	0	0.000000
Asat_OT3098_v2_chr3C	90000000	92000000	2000000	0	0.000000
Asat_OT3098_v2_chr3C	92000000	94000000	2000000	0	0.000000
Asat_OT3098_v2_chr3C	94000000	96000000	2000000	0	0.000000
Asat_OT3098_v2_chr3C	96000000	98000000	2000000	0	0.000000
Asat_OT3098_v2_chr3C	98000000	100000000	2000000	0	0.000000
Asat_OT3098_v2_chr3C	100000000	102000000	2000000	2853	0.001427
Asat_OT3098_v2_chr3C	102000000	104000000	2000000	1694	0.000847
Asat_OT3098_v2_chr3C	104000000	106000000	2000000	0	0.000000
Asat_OT3098_v2_chr3C	106000000	108000000	2000000	0	0.000000
Asat_OT3098_v2_chr3C	108000000	110000000	2000000	1170	0.000585
Asat_OT3098_v2_chr3C	110000000	112000000	2000000	0	0.000000
Asat_OT3098_v2_chr3C	112000000	114000000	2000000	0	0.000000
Asat_OT3098_v2_chr3C	114000000	116000000	2000000	0	0.000000
Asat_OT3098_v2_chr3C	116000000	118000000	2000000	0	0.000000
Asat_OT3098_v2_chr3C	118000000	120000000	2000000	0	0.000000
Asat_OT3098_v2_chr3C	120000000	122000000	2000000	0	0.000000
Asat_OT3098_v2_chr3C	122000000	124000000	2000000	0	0.000000
Asat_OT3098_v2_chr3C	124000000	126000000	2000000	0	0.000000
Asat_OT3098_v2_chr3C	126000000	128000000	2000000	0	0.000000
Asat_OT3098_v2_chr3C	128000000	130000000	2000000	8065	0.004032
Asat_OT3098_v2_chr3C	130000000	132000000	2000000	0	0.000000
Asat_OT3098_v2_chr3C	132000000	134000000	2000000	4085	0.002043
Asat_OT3098_v2_chr3C	134000000	136000000	2000000	0	0.000000
Asat_OT3098_v2_chr3C	136000000	138000000	2000000	0	0.000000
Asat_OT3098_v2_chr3C	138000000	140000000	2000000	0	0.000000
Asat_OT3098_v2_chr3C	140000000	142000000	2000000	7159	0.003580
Asat_OT3098_v2_chr3C	142000000	144000000	2000000	0	0.000000
Asat_OT3098_v2_chr3C	144000000	146000000	2000000	3207	0.001604
Asat_OT3098_v2_chr3C	146000000	148000000	2000000	0	0.000000
Asat_OT3098_v2_chr3C	148000000	150000000	2000000	0	0.000000
Asat_OT3098_v2_chr3C	150000000	152000000	2000000	0	0.000000
Asat_OT3098_v2_chr3C	152000000	154000000	2000000	0	0.000000
Asat_OT3098_v2_chr3C	154000000	156000000	2000000	0	0.000000
Asat_OT3098_v2_chr3C	156000000	158000000	2000000	0	0.000000
Asat_OT3098_v2_chr3C	158000000	160000000	2000000	0	0.000000
Asat_OT3098_v2_chr3C	160000000	162000000	2000000	7483	0.003742
Asat_OT3098_v2_chr3C	162000000	164000000	2000000	0	0.000000
Asat_OT3098_v2_chr3C	164000000	166000000	2000000	0	0.000000
Asat_OT3098_v2_chr3C	166000000	168000000	2000000	0	0.000000
Asat_OT3098_v2_chr3C	168000000	170000000	2000000	0	0.000000
Asat_OT3098_v2_chr3C	170000000	172000000	2000000	0	0.000000
Asat_OT3098_v2_chr3C	172000000	174000000	2000000	0	0.000000
Asat_OT3098_v2_chr3C	174000000	176000000	2000000	0	0.000000
Asat_OT3098_v2_chr3C	176000000	178000000	2000000	3489	0.001744
Asat_OT3098_v2_chr3C	178000000	180000000	2000000	0	0.000000
Asat_OT3098_v2_chr3C	180000000	182000000	2000000	0	0.000000
Asat_OT3098_v2_chr3C	182000000	184000000	2000000	0	0.000000
Asat_OT3098_v2_chr3C	184000000	186000000	2000000	0	0.000000
Asat_OT3098_v2_chr3C	186000000	188000000	2000000	0	0.000000
Asat_OT3098_v2_chr3C	188000000	190000000	2000000	0	0.000000
Asat_OT3098_v2_chr3C	190000000	192000000	2000000	0	0.000000
Asat_OT3098_v2_chr3C	192000000	194000000	2000000	0	0.000000
Asat_OT3098_v2_chr3C	194000000	196000000	2000000	0	0.000000
Asat_OT3098_v2_chr3C	196000000	198000000	2000000	3402	0.001701
Asat_OT3098_v2_chr3C	198000000	200000000	2000000	0	0.000000
Asat_OT3098_v2_chr3C	200000000	202000000	2000000	0	0.000000
Asat_OT3098_v2_chr3C	202000000	204000000	2000000	0	0.000000
Asat_OT3098_v2_chr3C	204000000	206000000	2000000	1770	0.000885
Asat_OT3098_v2_chr3C	206000000	208000000	2000000	4299	0.002149
Asat_OT3098_v2_chr3C	208000000	210000000	2000000	0	0.000000
Asat_OT3098_v2_chr3C	210000000	212000000	2000000	5154	0.002577
Asat_OT3098_v2_chr3C	212000000	214000000	2000000	8945	0.004472
Asat_OT3098_v2_chr3C	214000000	216000000	2000000	2432	0.001216
Asat_OT3098_v2_chr3C	216000000	218000000	2000000	0	0.000000
Asat_OT3098_v2_chr3C	218000000	220000000	2000000	3093	0.001546
Asat_OT3098_v2_chr3C	220000000	222000000	2000000	6913	0.003456
Asat_OT3098_v2_chr3C	222000000	224000000	2000000	0	0.000000
Asat_OT3098_v2_chr3C	224000000	226000000	2000000	2664	0.001332
Asat_OT3098_v2_chr3C	226000000	228000000	2000000	0	0.000000
Asat_OT3098_v2_chr3C	228000000	230000000	2000000	8796	0.004398
Asat_OT3098_v2_chr3C	230000000	232000000	2000000	3297	0.001649
Asat_OT3098_v2_chr3C	232000000	234000000	2000000	0	0.000000
Asat_OT3098_v2_chr3C	234000000	236000000	2000000	6084	0.003042
Asat_OT3098_v2_chr3C	236000000	238000000	2000000	58055	0.029028
Asat_OT3098_v2_chr3C	238000000	240000000	2000000	31373	0.015686
Asat_OT3098_v2_chr3C	240000000	242000000	2000000	7667	0.003834
Asat_OT3098_v2_chr3C	242000000	244000000	2000000	73119	0.036560
Asat_OT3098_v2_chr3C	244000000	246000000	2000000	127190	0.063595
Asat_OT3098_v2_chr3C	246000000	248000000	2000000	3742	0.001871
Asat_OT3098_v2_chr3C	248000000	250000000	2000000	23999	0.011999
Asat_OT3098_v2_chr3C	250000000	252000000	2000000	0	0.000000
Asat_OT3098_v2_chr3C	252000000	254000000	2000000	0	0.000000
Asat_OT3098_v2_chr3C	254000000	256000000	2000000	2885	0.001442
Asat_OT3098_v2_chr3C	256000000	258000000	2000000	3762	0.001881
Asat_OT3098_v2_chr3C	258000000	260000000	2000000	0	0.000000
Asat_OT3098_v2_chr3C	260000000	262000000	2000000	0	0.000000
Asat_OT3098_v2_chr3C	262000000	264000000	2000000	4362	0.002181
Asat_OT3098_v2_chr3C	264000000	266000000	2000000	0	0.000000
Asat_OT3098_v2_chr3C	266000000	268000000	2000000	0	0.000000
Asat_OT3098_v2_chr3C	268000000	270000000	2000000	0	0.000000
Asat_OT3098_v2_chr3C	270000000	272000000	2000000	0	0.000000
Asat_OT3098_v2_chr3C	272000000	274000000	2000000	0	0.000000
Asat_OT3098_v2_chr3C	274000000	276000000	2000000	0	0.000000
Asat_OT3098_v2_chr3C	276000000	278000000	2000000	0	0.000000
Asat_OT3098_v2_chr3C	278000000	280000000	2000000	0	0.000000
Asat_OT3098_v2_chr3C	280000000	282000000	2000000	4781	0.002390
Asat_OT3098_v2_chr3C	282000000	284000000	2000000	0	0.000000
Asat_OT3098_v2_chr3C	284000000	286000000	2000000	0	0.000000
Asat_OT3098_v2_chr3C	286000000	288000000	2000000	0	0.000000
Asat_OT3098_v2_chr3C	288000000	290000000	2000000	0	0.000000
Asat_OT3098_v2_chr3C	290000000	292000000	2000000	2873	0.001437
Asat_OT3098_v2_chr3C	292000000	294000000	2000000	3518	0.001759
Asat_OT3098_v2_chr3C	294000000	296000000	2000000	0	0.000000
Asat_OT3098_v2_chr3C	296000000	298000000	2000000	13282	0.006641
Asat_OT3098_v2_chr3C	298000000	300000000	2000000	6640	0.003320
Asat_OT3098_v2_chr3C	300000000	302000000	2000000	2442	0.001221
Asat_OT3098_v2_chr3C	302000000	304000000	2000000	77931	0.038966
Asat_OT3098_v2_chr3C	304000000	306000000	2000000	22951	0.011475
Asat_OT3098_v2_chr3C	306000000	308000000	2000000	14515	0.007258
Asat_OT3098_v2_chr3C	308000000	310000000	2000000	0	0.000000
Asat_OT3098_v2_chr3C	310000000	312000000	2000000	0	0.000000
Asat_OT3098_v2_chr3C	312000000	314000000	2000000	7159	0.003580
Asat_OT3098_v2_chr3C	314000000	316000000	2000000	0	0.000000
Asat_OT3098_v2_chr3C	316000000	318000000	2000000	0	0.000000
Asat_OT3098_v2_chr3C	318000000	320000000	2000000	0	0.000000
Asat_OT3098_v2_chr3C	320000000	322000000	2000000	0	0.000000
Asat_OT3098_v2_chr3C	322000000	324000000	2000000	21986	0.010993
Asat_OT3098_v2_chr3C	324000000	326000000	2000000	0	0.000000
Asat_OT3098_v2_chr3C	326000000	328000000	2000000	0	0.000000
Asat_OT3098_v2_chr3C	328000000	330000000	2000000	0	0.000000
Asat_OT3098_v2_chr3C	330000000	332000000	2000000	0	0.000000
Asat_OT3098_v2_chr3C	332000000	334000000	2000000	0	0.000000
Asat_OT3098_v2_chr3C	334000000	336000000	2000000	1713	0.000856
Asat_OT3098_v2_chr3C	336000000	338000000	2000000	8077	0.004039
Asat_OT3098_v2_chr3C	338000000	340000000	2000000	3603	0.001801
Asat_OT3098_v2_chr3C	340000000	342000000	2000000	0	0.000000
Asat_OT3098_v2_chr3C	342000000	344000000	2000000	0	0.000000
Asat_OT3098_v2_chr3C	344000000	346000000	2000000	0	0.000000
Asat_OT3098_v2_chr3C	346000000	348000000	2000000	0	0.000000
Asat_OT3098_v2_chr3C	348000000	350000000	2000000	69557	0.034778
Asat_OT3098_v2_chr3C	350000000	352000000	2000000	22358	0.011179
Asat_OT3098_v2_chr3C	352000000	354000000	2000000	39489	0.019745
Asat_OT3098_v2_chr3C	354000000	356000000	2000000	15069	0.007535
Asat_OT3098_v2_chr3C	356000000	358000000	2000000	0	0.000000
Asat_OT3098_v2_chr3C	358000000	360000000	2000000	0	0.000000
Asat_OT3098_v2_chr3C	360000000	362000000	2000000	0	0.000000
Asat_OT3098_v2_chr3C	362000000	364000000	2000000	0	0.000000
Asat_OT3098_v2_chr3C	364000000	366000000	2000000	0	0.000000
Asat_OT3098_v2_chr3C	366000000	368000000	2000000	0	0.000000
Asat_OT3098_v2_chr3C	368000000	370000000	2000000	0	0.000000
Asat_OT3098_v2_chr3C	370000000	372000000	2000000	7062	0.003531
Asat_OT3098_v2_chr3C	372000000	374000000	2000000	0	0.000000
Asat_OT3098_v2_chr3C	374000000	376000000	2000000	0	0.000000
Asat_OT3098_v2_chr3C	376000000	378000000	2000000	0	0.000000
Asat_OT3098_v2_chr3C	378000000	380000000	2000000	0	0.000000
Asat_OT3098_v2_chr3C	380000000	382000000	2000000	0	0.000000
Asat_OT3098_v2_chr3C	382000000	384000000	2000000	0	0.000000
Asat_OT3098_v2_chr3C	384000000	386000000	2000000	0	0.000000
Asat_OT3098_v2_chr3C	386000000	388000000	2000000	0	0.000000
Asat_OT3098_v2_chr3C	388000000	390000000	2000000	0	0.000000
Asat_OT3098_v2_chr3C	390000000	392000000	2000000	0	0.000000
Asat_OT3098_v2_chr3C	392000000	394000000	2000000	0	0.000000
Asat_OT3098_v2_chr3C	394000000	396000000	2000000	0	0.000000
Asat_OT3098_v2_chr3C	396000000	398000000	2000000	0	0.000000
Asat_OT3098_v2_chr3C	398000000	400000000	2000000	5366	0.002683
Asat_OT3098_v2_chr3C	400000000	402000000	2000000	0	0.000000
Asat_OT3098_v2_chr3C	402000000	404000000	2000000	0	0.000000
Asat_OT3098_v2_chr3C	404000000	406000000	2000000	0	0.000000
Asat_OT3098_v2_chr3C	406000000	408000000	2000000	0	0.000000
Asat_OT3098_v2_chr3C	408000000	410000000	2000000	0	0.000000
Asat_OT3098_v2_chr3C	410000000	412000000	2000000	0	0.000000
Asat_OT3098_v2_chr3C	412000000	414000000	2000000	0	0.000000
Asat_OT3098_v2_chr3C	414000000	416000000	2000000	0	0.000000
Asat_OT3098_v2_chr3C	416000000	418000000	2000000	0	0.000000
Asat_OT3098_v2_chr3C	418000000	420000000	2000000	0	0.000000
Asat_OT3098_v2_chr3C	420000000	422000000	2000000	1096	0.000548
Asat_OT3098_v2_chr3C	422000000	424000000	2000000	0	0.000000
Asat_OT3098_v2_chr3C	424000000	426000000	2000000	0	0.000000
Asat_OT3098_v2_chr3C	426000000	428000000	2000000	0	0.000000
Asat_OT3098_v2_chr3C	428000000	430000000	2000000	0	0.000000
Asat_OT3098_v2_chr3C	430000000	432000000	2000000	0	0.000000
Asat_OT3098_v2_chr3C	432000000	434000000	2000000	0	0.000000
Asat_OT3098_v2_chr3C	434000000	436000000	2000000	0	0.000000
Asat_OT3098_v2_chr3C	436000000	438000000	2000000	0	0.000000
Asat_OT3098_v2_chr3C	438000000	440000000	2000000	0	0.000000
Asat_OT3098_v2_chr3C	440000000	442000000	2000000	0	0.000000
Asat_OT3098_v2_chr3C	442000000	444000000	2000000	1733	0.000866
Asat_OT3098_v2_chr3C	444000000	446000000	2000000	0	0.000000
Asat_OT3098_v2_chr3C	446000000	448000000	2000000	0	0.000000
Asat_OT3098_v2_chr3C	448000000	450000000	2000000	6451	0.003226
Asat_OT3098_v2_chr3C	450000000	452000000	2000000	0	0.000000
Asat_OT3098_v2_chr3C	452000000	454000000	2000000	0	0.000000
Asat_OT3098_v2_chr3C	454000000	456000000	2000000	0	0.000000
Asat_OT3098_v2_chr3C	456000000	458000000	2000000	0	0.000000
Asat_OT3098_v2_chr3C	458000000	460000000	2000000	0	0.000000
Asat_OT3098_v2_chr3C	460000000	462000000	2000000	0	0.000000
Asat_OT3098_v2_chr3C	462000000	464000000	2000000	0	0.000000
Asat_OT3098_v2_chr3C	464000000	466000000	2000000	0	0.000000
Asat_OT3098_v2_chr3C	466000000	468000000	2000000	3635	0.001818
Asat_OT3098_v2_chr3C	468000000	470000000	2000000	0	0.000000
Asat_OT3098_v2_chr3C	470000000	472000000	2000000	0	0.000000
Asat_OT3098_v2_chr3C	472000000	474000000	2000000	2548	0.001274
Asat_OT3098_v2_chr3C	474000000	476000000	2000000	0	0.000000
Asat_OT3098_v2_chr3C	476000000	478000000	2000000	0	0.000000
Asat_OT3098_v2_chr3C	478000000	480000000	2000000	0	0.000000
Asat_OT3098_v2_chr3C	480000000	482000000	2000000	0	0.000000
Asat_OT3098_v2_chr3C	482000000	484000000	2000000	0	0.000000
Asat_OT3098_v2_chr3C	484000000	486000000	2000000	0	0.000000
Asat_OT3098_v2_chr3C	486000000	488000000	2000000	0	0.000000
Asat_OT3098_v2_chr3C	488000000	490000000	2000000	2564	0.001282
Asat_OT3098_v2_chr3C	490000000	492000000	2000000	0	0.000000
Asat_OT3098_v2_chr3C	492000000	494000000	2000000	0	0.000000
Asat_OT3098_v2_chr3C	494000000	496000000	2000000	0	0.000000
Asat_OT3098_v2_chr3C	496000000	498000000	2000000	0	0.000000
Asat_OT3098_v2_chr3C	498000000	500000000	2000000	0	0.000000
Asat_OT3098_v2_chr3C	500000000	502000000	2000000	0	0.000000
Asat_OT3098_v2_chr3C	502000000	504000000	2000000	3386	0.001693
Asat_OT3098_v2_chr3C	504000000	506000000	2000000	0	0.000000
Asat_OT3098_v2_chr3C	506000000	508000000	2000000	4356	0.002178
Asat_OT3098_v2_chr3C	508000000	510000000	2000000	0	0.000000
Asat_OT3098_v2_chr3C	510000000	512000000	2000000	0	0.000000
Asat_OT3098_v2_chr3C	512000000	514000000	2000000	0	0.000000
Asat_OT3098_v2_chr3C	514000000	516000000	2000000	0	0.000000
Asat_OT3098_v2_chr3C	516000000	518000000	2000000	15816	0.007908
Asat_OT3098_v2_chr3C	518000000	520000000	2000000	4656	0.002328
Asat_OT3098_v2_chr3C	520000000	522000000	2000000	0	0.000000
Asat_OT3098_v2_chr3C	522000000	524000000	2000000	0	0.000000
Asat_OT3098_v2_chr3C	524000000	526000000	2000000	8244	0.004122
Asat_OT3098_v2_chr3C	526000000	528000000	2000000	4222	0.002111
Asat_OT3098_v2_chr3C	528000000	530000000	2000000	2323	0.001161
Asat_OT3098_v2_chr3C	530000000	532000000	2000000	5043	0.002521
Asat_OT3098_v2_chr3C	532000000	534000000	2000000	1695	0.000847
Asat_OT3098_v2_chr3C	534000000	536000000	2000000	2812	0.001406
Asat_OT3098_v2_chr3C	536000000	538000000	2000000	0	0.000000
Asat_OT3098_v2_chr3C	538000000	540000000	2000000	0	0.000000
Asat_OT3098_v2_chr3C	540000000	542000000	2000000	0	0.000000
Asat_OT3098_v2_chr3C	542000000	544000000	2000000	0	0.000000
Asat_OT3098_v2_chr3C	544000000	546000000	2000000	0	0.000000
Asat_OT3098_v2_chr3C	546000000	548000000	2000000	0	0.000000
Asat_OT3098_v2_chr3C	548000000	550000000	2000000	1329	0.000665
Asat_OT3098_v2_chr3C	550000000	552000000	2000000	0	0.000000
Asat_OT3098_v2_chr3C	552000000	554000000	2000000	0	0.000000
Asat_OT3098_v2_chr3C	554000000	556000000	2000000	3797	0.001899
Asat_OT3098_v2_chr3C	556000000	558000000	2000000	0	0.000000
Asat_OT3098_v2_chr3C	558000000	560000000	2000000	3756	0.001878
Asat_OT3098_v2_chr3C	560000000	562000000	2000000	0	0.000000
Asat_OT3098_v2_chr3C	562000000	564000000	2000000	0	0.000000
Asat_OT3098_v2_chr3C	564000000	566000000	2000000	0	0.000000
Asat_OT3098_v2_chr3C	566000000	568000000	2000000	0	0.000000
Asat_OT3098_v2_chr3C	568000000	570000000	2000000	1590	0.000795
Asat_OT3098_v2_chr3C	570000000	572000000	2000000	1020	0.000510
Asat_OT3098_v2_chr3C	572000000	574000000	2000000	0	0.000000
Asat_OT3098_v2_chr3C	574000000	576000000	2000000	5092	0.002546
Asat_OT3098_v2_chr3C	576000000	578000000	2000000	3767	0.001883
Asat_OT3098_v2_chr3C	578000000	580000000	2000000	0	0.000000
Asat_OT3098_v2_chr3C	580000000	582000000	2000000	0	0.000000
Asat_OT3098_v2_chr3C	582000000	584000000	2000000	0	0.000000
Asat_OT3098_v2_chr3C	584000000	586000000	2000000	0	0.000000
Asat_OT3098_v2_chr3C	586000000	588000000	2000000	0	0.000000
Asat_OT3098_v2_chr3C	588000000	590000000	2000000	4222	0.002111
Asat_OT3098_v2_chr3C	590000000	592000000	2000000	0	0.000000
Asat_OT3098_v2_chr3C	592000000	594000000	2000000	0	0.000000
Asat_OT3098_v2_chr3C	594000000	596000000	2000000	0	0.000000
Asat_OT3098_v2_chr3C	596000000	598000000	2000000	0	0.000000
Asat_OT3098_v2_chr3C	598000000	600000000	2000000	0	0.000000
Asat_OT3098_v2_chr3C	600000000	602000000	2000000	0	0.000000
Asat_OT3098_v2_chr3C	602000000	604000000	2000000	0	0.000000
Asat_OT3098_v2_chr3C	604000000	606000000	2000000	0	0.000000
Asat_OT3098_v2_chr3C	606000000	608000000	2000000	2037	0.001019
Asat_OT3098_v2_chr3C	608000000	610000000	2000000	7463	0.003732
Asat_OT3098_v2_chr3C	610000000	612000000	2000000	3579	0.001790
Asat_OT3098_v2_chr3C	612000000	614000000	2000000	4675	0.002338
Asat_OT3098_v2_chr3C	614000000	616000000	2000000	0	0.000000
Asat_OT3098_v2_chr3C	616000000	618000000	2000000	0	0.000000
Asat_OT3098_v2_chr3C	618000000	620000000	2000000	4146	0.002073
Asat_OT3098_v2_chr3C	620000000	622000000	2000000	0	0.000000
Asat_OT3098_v2_chr3C	622000000	624000000	2000000	7663	0.003831
Asat_OT3098_v2_chr3C	624000000	626000000	2000000	3035	0.001517
Asat_OT3098_v2_chr3C	626000000	628000000	2000000	1169	0.000584
Asat_OT3098_v2_chr3C	628000000	630000000	2000000	4625	0.002312
Asat_OT3098_v2_chr3C	630000000	632000000	2000000	0	0.000000
Asat_OT3098_v2_chr3C	632000000	634000000	2000000	4299	0.002149
Asat_OT3098_v2_chr3C	634000000	636000000	2000000	0	0.000000
Asat_OT3098_v2_chr3C	636000000	638000000	2000000	1152	0.000576
Asat_OT3098_v2_chr3C	638000000	638425132	425132	0	0.000000
Asat_OT3098_v2_chr3D	0	2000000	2000000	0	0.000000
Asat_OT3098_v2_chr3D	2000000	4000000	2000000	0	0.000000
Asat_OT3098_v2_chr3D	4000000	6000000	2000000	0	0.000000
Asat_OT3098_v2_chr3D	6000000	8000000	2000000	0	0.000000
Asat_OT3098_v2_chr3D	8000000	10000000	2000000	0	0.000000
Asat_OT3098_v2_chr3D	10000000	12000000	2000000	0	0.000000
Asat_OT3098_v2_chr3D	12000000	14000000	2000000	0	0.000000
Asat_OT3098_v2_chr3D	14000000	16000000	2000000	2564	0.001282
Asat_OT3098_v2_chr3D	16000000	18000000	2000000	0	0.000000
Asat_OT3098_v2_chr3D	18000000	20000000	2000000	0	0.000000
Asat_OT3098_v2_chr3D	20000000	22000000	2000000	0	0.000000
Asat_OT3098_v2_chr3D	22000000	24000000	2000000	4375	0.002188
Asat_OT3098_v2_chr3D	24000000	26000000	2000000	5578	0.002789
Asat_OT3098_v2_chr3D	26000000	28000000	2000000	13175	0.006587
Asat_OT3098_v2_chr3D	28000000	30000000	2000000	6111	0.003056
Asat_OT3098_v2_chr3D	30000000	32000000	2000000	0	0.000000
Asat_OT3098_v2_chr3D	32000000	34000000	2000000	0	0.000000
Asat_OT3098_v2_chr3D	34000000	36000000	2000000	0	0.000000
Asat_OT3098_v2_chr3D	36000000	38000000	2000000	0	0.000000
Asat_OT3098_v2_chr3D	38000000	40000000	2000000	0	0.000000
Asat_OT3098_v2_chr3D	40000000	42000000	2000000	0	0.000000
Asat_OT3098_v2_chr3D	42000000	44000000	2000000	0	0.000000
Asat_OT3098_v2_chr3D	44000000	46000000	2000000	1501	0.000750
Asat_OT3098_v2_chr3D	46000000	48000000	2000000	6018	0.003009
Asat_OT3098_v2_chr3D	48000000	50000000	2000000	0	0.000000
Asat_OT3098_v2_chr3D	50000000	52000000	2000000	3671	0.001835
Asat_OT3098_v2_chr3D	52000000	54000000	2000000	0	0.000000
Asat_OT3098_v2_chr3D	54000000	56000000	2000000	0	0.000000
Asat_OT3098_v2_chr3D	56000000	58000000	2000000	0	0.000000
Asat_OT3098_v2_chr3D	58000000	60000000	2000000	10798	0.005399
Asat_OT3098_v2_chr3D	60000000	62000000	2000000	0	0.000000
Asat_OT3098_v2_chr3D	62000000	64000000	2000000	0	0.000000
Asat_OT3098_v2_chr3D	64000000	66000000	2000000	1127	0.000563
Asat_OT3098_v2_chr3D	66000000	68000000	2000000	1001	0.000500
Asat_OT3098_v2_chr3D	68000000	70000000	2000000	0	0.000000
Asat_OT3098_v2_chr3D	70000000	72000000	2000000	0	0.000000
Asat_OT3098_v2_chr3D	72000000	74000000	2000000	0	0.000000
Asat_OT3098_v2_chr3D	74000000	76000000	2000000	0	0.000000
Asat_OT3098_v2_chr3D	76000000	78000000	2000000	0	0.000000
Asat_OT3098_v2_chr3D	78000000	80000000	2000000	0	0.000000
Asat_OT3098_v2_chr3D	80000000	82000000	2000000	0	0.000000
Asat_OT3098_v2_chr3D	82000000	84000000	2000000	0	0.000000
Asat_OT3098_v2_chr3D	84000000	86000000	2000000	0	0.000000
Asat_OT3098_v2_chr3D	86000000	88000000	2000000	0	0.000000
Asat_OT3098_v2_chr3D	88000000	90000000	2000000	0	0.000000
Asat_OT3098_v2_chr3D	90000000	92000000	2000000	0	0.000000
Asat_OT3098_v2_chr3D	92000000	94000000	2000000	0	0.000000
Asat_OT3098_v2_chr3D	94000000	96000000	2000000	6891	0.003446
Asat_OT3098_v2_chr3D	96000000	98000000	2000000	0	0.000000
Asat_OT3098_v2_chr3D	98000000	100000000	2000000	0	0.000000
Asat_OT3098_v2_chr3D	100000000	102000000	2000000	0	0.000000
Asat_OT3098_v2_chr3D	102000000	104000000	2000000	0	0.000000
Asat_OT3098_v2_chr3D	104000000	106000000	2000000	0	0.000000
Asat_OT3098_v2_chr3D	106000000	108000000	2000000	0	0.000000
Asat_OT3098_v2_chr3D	108000000	110000000	2000000	0	0.000000
Asat_OT3098_v2_chr3D	110000000	112000000	2000000	0	0.000000
Asat_OT3098_v2_chr3D	112000000	114000000	2000000	0	0.000000
Asat_OT3098_v2_chr3D	114000000	116000000	2000000	0	0.000000
Asat_OT3098_v2_chr3D	116000000	118000000	2000000	0	0.000000
Asat_OT3098_v2_chr3D	118000000	120000000	2000000	0	0.000000
Asat_OT3098_v2_chr3D	120000000	122000000	2000000	0	0.000000
Asat_OT3098_v2_chr3D	122000000	124000000	2000000	0	0.000000
Asat_OT3098_v2_chr3D	124000000	126000000	2000000	0	0.000000
Asat_OT3098_v2_chr3D	126000000	128000000	2000000	0	0.000000
Asat_OT3098_v2_chr3D	128000000	130000000	2000000	5077	0.002538
Asat_OT3098_v2_chr3D	130000000	132000000	2000000	0	0.000000
Asat_OT3098_v2_chr3D	132000000	134000000	2000000	0	0.000000
Asat_OT3098_v2_chr3D	134000000	136000000	2000000	0	0.000000
Asat_OT3098_v2_chr3D	136000000	138000000	2000000	0	0.000000
Asat_OT3098_v2_chr3D	138000000	140000000	2000000	0	0.000000
Asat_OT3098_v2_chr3D	140000000	142000000	2000000	0	0.000000
Asat_OT3098_v2_chr3D	142000000	144000000	2000000	0	0.000000
Asat_OT3098_v2_chr3D	144000000	146000000	2000000	0	0.000000
Asat_OT3098_v2_chr3D	146000000	148000000	2000000	4433	0.002217
Asat_OT3098_v2_chr3D	148000000	150000000	2000000	0	0.000000
Asat_OT3098_v2_chr3D	150000000	152000000	2000000	0	0.000000
Asat_OT3098_v2_chr3D	152000000	154000000	2000000	0	0.000000
Asat_OT3098_v2_chr3D	154000000	156000000	2000000	0	0.000000
Asat_OT3098_v2_chr3D	156000000	158000000	2000000	0	0.000000
Asat_OT3098_v2_chr3D	158000000	160000000	2000000	0	0.000000
Asat_OT3098_v2_chr3D	160000000	162000000	2000000	5648	0.002824
Asat_OT3098_v2_chr3D	162000000	164000000	2000000	0	0.000000
Asat_OT3098_v2_chr3D	164000000	166000000	2000000	0	0.000000
Asat_OT3098_v2_chr3D	166000000	168000000	2000000	0	0.000000
Asat_OT3098_v2_chr3D	168000000	170000000	2000000	0	0.000000
Asat_OT3098_v2_chr3D	170000000	172000000	2000000	0	0.000000
Asat_OT3098_v2_chr3D	172000000	174000000	2000000	0	0.000000
Asat_OT3098_v2_chr3D	174000000	176000000	2000000	4834	0.002417
Asat_OT3098_v2_chr3D	176000000	178000000	2000000	1882	0.000941
Asat_OT3098_v2_chr3D	178000000	180000000	2000000	11992	0.005996
Asat_OT3098_v2_chr3D	180000000	182000000	2000000	0	0.000000
Asat_OT3098_v2_chr3D	182000000	184000000	2000000	8182	0.004091
Asat_OT3098_v2_chr3D	184000000	186000000	2000000	0	0.000000
Asat_OT3098_v2_chr3D	186000000	188000000	2000000	0	0.000000
Asat_OT3098_v2_chr3D	188000000	190000000	2000000	6057	0.003028
Asat_OT3098_v2_chr3D	190000000	192000000	2000000	0	0.000000
Asat_OT3098_v2_chr3D	192000000	194000000	2000000	2405	0.001203
Asat_OT3098_v2_chr3D	194000000	196000000	2000000	45114	0.022557
Asat_OT3098_v2_chr3D	196000000	198000000	2000000	7759	0.003880
Asat_OT3098_v2_chr3D	198000000	200000000	2000000	113547	0.056773
Asat_OT3098_v2_chr3D	200000000	202000000	2000000	39556	0.019778
Asat_OT3098_v2_chr3D	202000000	204000000	2000000	394294	0.197147
Asat_OT3098_v2_chr3D	204000000	206000000	2000000	325989	0.162994
Asat_OT3098_v2_chr3D	206000000	208000000	2000000	325782	0.162891
Asat_OT3098_v2_chr3D	208000000	210000000	2000000	220373	0.110187
Asat_OT3098_v2_chr3D	210000000	212000000	2000000	24730	0.012365
Asat_OT3098_v2_chr3D	212000000	214000000	2000000	0	0.000000
Asat_OT3098_v2_chr3D	214000000	216000000	2000000	9331	0.004666
Asat_OT3098_v2_chr3D	216000000	218000000	2000000	6250	0.003125
Asat_OT3098_v2_chr3D	218000000	220000000	2000000	47621	0.023810
Asat_OT3098_v2_chr3D	220000000	222000000	2000000	18778	0.009389
Asat_OT3098_v2_chr3D	222000000	224000000	2000000	5904	0.002952
Asat_OT3098_v2_chr3D	224000000	226000000	2000000	5524	0.002762
Asat_OT3098_v2_chr3D	226000000	228000000	2000000	0	0.000000
Asat_OT3098_v2_chr3D	228000000	230000000	2000000	12757	0.006378
Asat_OT3098_v2_chr3D	230000000	232000000	2000000	2625	0.001313
Asat_OT3098_v2_chr3D	232000000	234000000	2000000	12960	0.006480
Asat_OT3098_v2_chr3D	234000000	236000000	2000000	15266	0.007633
Asat_OT3098_v2_chr3D	236000000	238000000	2000000	4987	0.002494
Asat_OT3098_v2_chr3D	238000000	240000000	2000000	0	0.000000
Asat_OT3098_v2_chr3D	240000000	242000000	2000000	0	0.000000
Asat_OT3098_v2_chr3D	242000000	244000000	2000000	0	0.000000
Asat_OT3098_v2_chr3D	244000000	246000000	2000000	13885	0.006942
Asat_OT3098_v2_chr3D	246000000	248000000	2000000	6832	0.003416
Asat_OT3098_v2_chr3D	248000000	250000000	2000000	1555	0.000777
Asat_OT3098_v2_chr3D	250000000	252000000	2000000	0	0.000000
Asat_OT3098_v2_chr3D	252000000	254000000	2000000	3737	0.001868
Asat_OT3098_v2_chr3D	254000000	256000000	2000000	6816	0.003408
Asat_OT3098_v2_chr3D	256000000	258000000	2000000	5866	0.002933
Asat_OT3098_v2_chr3D	258000000	260000000	2000000	12933	0.006467
Asat_OT3098_v2_chr3D	260000000	262000000	2000000	0	0.000000
Asat_OT3098_v2_chr3D	262000000	264000000	2000000	6838	0.003419
Asat_OT3098_v2_chr3D	264000000	266000000	2000000	0	0.000000
Asat_OT3098_v2_chr3D	266000000	268000000	2000000	6934	0.003467
Asat_OT3098_v2_chr3D	268000000	270000000	2000000	0	0.000000
Asat_OT3098_v2_chr3D	270000000	272000000	2000000	0	0.000000
Asat_OT3098_v2_chr3D	272000000	274000000	2000000	1013	0.000507
Asat_OT3098_v2_chr3D	274000000	276000000	2000000	0	0.000000
Asat_OT3098_v2_chr3D	276000000	278000000	2000000	8869	0.004435
Asat_OT3098_v2_chr3D	278000000	280000000	2000000	0	0.000000
Asat_OT3098_v2_chr3D	280000000	282000000	2000000	6344	0.003172
Asat_OT3098_v2_chr3D	282000000	284000000	2000000	6918	0.003459
Asat_OT3098_v2_chr3D	284000000	286000000	2000000	6694	0.003347
Asat_OT3098_v2_chr3D	286000000	288000000	2000000	0	0.000000
Asat_OT3098_v2_chr3D	288000000	290000000	2000000	0	0.000000
Asat_OT3098_v2_chr3D	290000000	292000000	2000000	0	0.000000
Asat_OT3098_v2_chr3D	292000000	294000000	2000000	0	0.000000
Asat_OT3098_v2_chr3D	294000000	296000000	2000000	0	0.000000
Asat_OT3098_v2_chr3D	296000000	298000000	2000000	0	0.000000
Asat_OT3098_v2_chr3D	298000000	300000000	2000000	0	0.000000
Asat_OT3098_v2_chr3D	300000000	302000000	2000000	0	0.000000
Asat_OT3098_v2_chr3D	302000000	304000000	2000000	6213	0.003106
Asat_OT3098_v2_chr3D	304000000	306000000	2000000	6413	0.003207
Asat_OT3098_v2_chr3D	306000000	308000000	2000000	0	0.000000
Asat_OT3098_v2_chr3D	308000000	310000000	2000000	0	0.000000
Asat_OT3098_v2_chr3D	310000000	312000000	2000000	0	0.000000
Asat_OT3098_v2_chr3D	312000000	314000000	2000000	0	0.000000
Asat_OT3098_v2_chr3D	314000000	316000000	2000000	0	0.000000
Asat_OT3098_v2_chr3D	316000000	318000000	2000000	0	0.000000
Asat_OT3098_v2_chr3D	318000000	320000000	2000000	6394	0.003197
Asat_OT3098_v2_chr3D	320000000	322000000	2000000	0	0.000000
Asat_OT3098_v2_chr3D	322000000	324000000	2000000	0	0.000000
Asat_OT3098_v2_chr3D	324000000	326000000	2000000	0	0.000000
Asat_OT3098_v2_chr3D	326000000	328000000	2000000	2064	0.001032
Asat_OT3098_v2_chr3D	328000000	330000000	2000000	0	0.000000
Asat_OT3098_v2_chr3D	330000000	332000000	2000000	6879	0.003439
Asat_OT3098_v2_chr3D	332000000	334000000	2000000	0	0.000000
Asat_OT3098_v2_chr3D	334000000	336000000	2000000	0	0.000000
Asat_OT3098_v2_chr3D	336000000	338000000	2000000	12030	0.006015
Asat_OT3098_v2_chr3D	338000000	340000000	2000000	11533	0.005766
Asat_OT3098_v2_chr3D	340000000	342000000	2000000	0	0.000000
Asat_OT3098_v2_chr3D	342000000	344000000	2000000	0	0.000000
Asat_OT3098_v2_chr3D	344000000	346000000	2000000	0	0.000000
Asat_OT3098_v2_chr3D	346000000	348000000	2000000	0	0.000000
Asat_OT3098_v2_chr3D	348000000	350000000	2000000	0	0.000000
Asat_OT3098_v2_chr3D	350000000	352000000	2000000	0	0.000000
Asat_OT3098_v2_chr3D	352000000	354000000	2000000	7240	0.003620
Asat_OT3098_v2_chr3D	354000000	356000000	2000000	0	0.000000
Asat_OT3098_v2_chr3D	356000000	358000000	2000000	6902	0.003451
Asat_OT3098_v2_chr3D	358000000	360000000	2000000	0	0.000000
Asat_OT3098_v2_chr3D	360000000	362000000	2000000	1126	0.000563
Asat_OT3098_v2_chr3D	362000000	364000000	2000000	2033	0.001017
Asat_OT3098_v2_chr3D	364000000	366000000	2000000	0	0.000000
Asat_OT3098_v2_chr3D	366000000	368000000	2000000	0	0.000000
Asat_OT3098_v2_chr3D	368000000	370000000	2000000	0	0.000000
Asat_OT3098_v2_chr3D	370000000	372000000	2000000	0	0.000000
Asat_OT3098_v2_chr3D	372000000	374000000	2000000	1008	0.000504
Asat_OT3098_v2_chr3D	374000000	376000000	2000000	6751	0.003376
Asat_OT3098_v2_chr3D	376000000	378000000	2000000	12570	0.006285
Asat_OT3098_v2_chr3D	378000000	380000000	2000000	0	0.000000
Asat_OT3098_v2_chr3D	380000000	382000000	2000000	0	0.000000
Asat_OT3098_v2_chr3D	382000000	384000000	2000000	1363	0.000682
Asat_OT3098_v2_chr3D	384000000	386000000	2000000	1888	0.000944
Asat_OT3098_v2_chr3D	386000000	388000000	2000000	2716	0.001358
Asat_OT3098_v2_chr3D	388000000	390000000	2000000	0	0.000000
Asat_OT3098_v2_chr3D	390000000	392000000	2000000	8395	0.004197
Asat_OT3098_v2_chr3D	392000000	394000000	2000000	0	0.000000
Asat_OT3098_v2_chr3D	394000000	396000000	2000000	1130	0.000565
Asat_OT3098_v2_chr3D	396000000	398000000	2000000	0	0.000000
Asat_OT3098_v2_chr3D	398000000	400000000	2000000	0	0.000000
Asat_OT3098_v2_chr3D	400000000	402000000	2000000	0	0.000000
Asat_OT3098_v2_chr3D	402000000	404000000	2000000	0	0.000000
Asat_OT3098_v2_chr3D	404000000	406000000	2000000	0	0.000000
Asat_OT3098_v2_chr3D	406000000	408000000	2000000	3830	0.001915
Asat_OT3098_v2_chr3D	408000000	410000000	2000000	4496	0.002248
Asat_OT3098_v2_chr3D	410000000	412000000	2000000	0	0.000000
Asat_OT3098_v2_chr3D	412000000	414000000	2000000	0	0.000000
Asat_OT3098_v2_chr3D	414000000	416000000	2000000	0	0.000000
Asat_OT3098_v2_chr3D	416000000	418000000	2000000	0	0.000000
Asat_OT3098_v2_chr3D	418000000	420000000	2000000	0	0.000000
Asat_OT3098_v2_chr3D	420000000	422000000	2000000	0	0.000000
Asat_OT3098_v2_chr3D	422000000	424000000	2000000	0	0.000000
Asat_OT3098_v2_chr3D	424000000	426000000	2000000	0	0.000000
Asat_OT3098_v2_chr3D	426000000	428000000	2000000	0	0.000000
Asat_OT3098_v2_chr3D	428000000	430000000	2000000	0	0.000000
Asat_OT3098_v2_chr3D	430000000	432000000	2000000	0	0.000000
Asat_OT3098_v2_chr3D	432000000	434000000	2000000	11669	0.005835
Asat_OT3098_v2_chr3D	434000000	436000000	2000000	0	0.000000
Asat_OT3098_v2_chr3D	436000000	438000000	2000000	0	0.000000
Asat_OT3098_v2_chr3D	438000000	440000000	2000000	0	0.000000
Asat_OT3098_v2_chr3D	440000000	442000000	2000000	3239	0.001620
Asat_OT3098_v2_chr3D	442000000	444000000	2000000	3633	0.001816
Asat_OT3098_v2_chr3D	444000000	446000000	2000000	0	0.000000
Asat_OT3098_v2_chr3D	446000000	448000000	2000000	0	0.000000
Asat_OT3098_v2_chr3D	448000000	450000000	2000000	0	0.000000
Asat_OT3098_v2_chr3D	450000000	452000000	2000000	9606	0.004803
Asat_OT3098_v2_chr3D	452000000	454000000	2000000	3763	0.001881
Asat_OT3098_v2_chr3D	454000000	456000000	2000000	0	0.000000
Asat_OT3098_v2_chr3D	456000000	458000000	2000000	0	0.000000
Asat_OT3098_v2_chr3D	458000000	460000000	2000000	1251	0.000625
Asat_OT3098_v2_chr3D	460000000	462000000	2000000	0	0.000000
Asat_OT3098_v2_chr3D	462000000	464000000	2000000	0	0.000000
Asat_OT3098_v2_chr3D	464000000	466000000	2000000	0	0.000000
Asat_OT3098_v2_chr3D	466000000	468000000	2000000	0	0.000000
Asat_OT3098_v2_chr3D	468000000	470000000	2000000	4988	0.002494
Asat_OT3098_v2_chr3D	470000000	472000000	2000000	0	0.000000
Asat_OT3098_v2_chr3D	472000000	474000000	2000000	4691	0.002345
Asat_OT3098_v2_chr3D	474000000	476000000	2000000	0	0.000000
Asat_OT3098_v2_chr3D	476000000	478000000	2000000	0	0.000000
Asat_OT3098_v2_chr3D	478000000	480000000	2000000	0	0.000000
Asat_OT3098_v2_chr3D	480000000	480949782	949782	0	0.000000
Asat_OT3098_v2_chr4A	0	2000000	2000000	0	0.000000
Asat_OT3098_v2_chr4A	2000000	4000000	2000000	0	0.000000
Asat_OT3098_v2_chr4A	4000000	6000000	2000000	0	0.000000
Asat_OT3098_v2_chr4A	6000000	8000000	2000000	0	0.000000
Asat_OT3098_v2_chr4A	8000000	10000000	2000000	0	0.000000
Asat_OT3098_v2_chr4A	10000000	12000000	2000000	0	0.000000
Asat_OT3098_v2_chr4A	12000000	14000000	2000000	1123	0.000562
Asat_OT3098_v2_chr4A	14000000	16000000	2000000	0	0.000000
Asat_OT3098_v2_chr4A	16000000	18000000	2000000	0	0.000000
Asat_OT3098_v2_chr4A	18000000	20000000	2000000	0	0.000000
Asat_OT3098_v2_chr4A	20000000	22000000	2000000	0	0.000000
Asat_OT3098_v2_chr4A	22000000	24000000	2000000	2854	0.001427
Asat_OT3098_v2_chr4A	24000000	26000000	2000000	0	0.000000
Asat_OT3098_v2_chr4A	26000000	28000000	2000000	5071	0.002535
Asat_OT3098_v2_chr4A	28000000	30000000	2000000	0	0.000000
Asat_OT3098_v2_chr4A	30000000	32000000	2000000	5511	0.002756
Asat_OT3098_v2_chr4A	32000000	34000000	2000000	0	0.000000
Asat_OT3098_v2_chr4A	34000000	36000000	2000000	0	0.000000
Asat_OT3098_v2_chr4A	36000000	38000000	2000000	0	0.000000
Asat_OT3098_v2_chr4A	38000000	40000000	2000000	0	0.000000
Asat_OT3098_v2_chr4A	40000000	42000000	2000000	0	0.000000
Asat_OT3098_v2_chr4A	42000000	44000000	2000000	0	0.000000
Asat_OT3098_v2_chr4A	44000000	46000000	2000000	0	0.000000
Asat_OT3098_v2_chr4A	46000000	48000000	2000000	0	0.000000
Asat_OT3098_v2_chr4A	48000000	50000000	2000000	4959	0.002479
Asat_OT3098_v2_chr4A	50000000	52000000	2000000	0	0.000000
Asat_OT3098_v2_chr4A	52000000	54000000	2000000	6848	0.003424
Asat_OT3098_v2_chr4A	54000000	56000000	2000000	0	0.000000
Asat_OT3098_v2_chr4A	56000000	58000000	2000000	0	0.000000
Asat_OT3098_v2_chr4A	58000000	60000000	2000000	5659	0.002829
Asat_OT3098_v2_chr4A	60000000	62000000	2000000	0	0.000000
Asat_OT3098_v2_chr4A	62000000	64000000	2000000	0	0.000000
Asat_OT3098_v2_chr4A	64000000	66000000	2000000	5428	0.002714
Asat_OT3098_v2_chr4A	66000000	68000000	2000000	0	0.000000
Asat_OT3098_v2_chr4A	68000000	70000000	2000000	0	0.000000
Asat_OT3098_v2_chr4A	70000000	72000000	2000000	0	0.000000
Asat_OT3098_v2_chr4A	72000000	74000000	2000000	0	0.000000
Asat_OT3098_v2_chr4A	74000000	76000000	2000000	0	0.000000
Asat_OT3098_v2_chr4A	76000000	78000000	2000000	0	0.000000
Asat_OT3098_v2_chr4A	78000000	80000000	2000000	0	0.000000
Asat_OT3098_v2_chr4A	80000000	82000000	2000000	8650	0.004325
Asat_OT3098_v2_chr4A	82000000	84000000	2000000	0	0.000000
Asat_OT3098_v2_chr4A	84000000	86000000	2000000	10998	0.005499
Asat_OT3098_v2_chr4A	86000000	88000000	2000000	0	0.000000
Asat_OT3098_v2_chr4A	88000000	90000000	2000000	5510	0.002755
Asat_OT3098_v2_chr4A	90000000	92000000	2000000	0	0.000000
Asat_OT3098_v2_chr4A	92000000	94000000	2000000	0	0.000000
Asat_OT3098_v2_chr4A	94000000	96000000	2000000	0	0.000000
Asat_OT3098_v2_chr4A	96000000	98000000	2000000	42433	0.021216
Asat_OT3098_v2_chr4A	98000000	100000000	2000000	18205	0.009102
Asat_OT3098_v2_chr4A	100000000	102000000	2000000	0	0.000000
Asat_OT3098_v2_chr4A	102000000	104000000	2000000	0	0.000000
Asat_OT3098_v2_chr4A	104000000	106000000	2000000	4953	0.002476
Asat_OT3098_v2_chr4A	106000000	108000000	2000000	0	0.000000
Asat_OT3098_v2_chr4A	108000000	110000000	2000000	9630	0.004815
Asat_OT3098_v2_chr4A	110000000	112000000	2000000	13386	0.006693
Asat_OT3098_v2_chr4A	112000000	114000000	2000000	38653	0.019326
Asat_OT3098_v2_chr4A	114000000	116000000	2000000	76578	0.038289
Asat_OT3098_v2_chr4A	116000000	118000000	2000000	116247	0.058124
Asat_OT3098_v2_chr4A	118000000	120000000	2000000	271593	0.135796
Asat_OT3098_v2_chr4A	120000000	122000000	2000000	444809	0.222405
Asat_OT3098_v2_chr4A	122000000	124000000	2000000	414366	0.207183
Asat_OT3098_v2_chr4A	124000000	126000000	2000000	165955	0.082977
Asat_OT3098_v2_chr4A	126000000	128000000	2000000	176517	0.088259
Asat_OT3098_v2_chr4A	128000000	130000000	2000000	152663	0.076331
Asat_OT3098_v2_chr4A	130000000	132000000	2000000	52484	0.026242
Asat_OT3098_v2_chr4A	132000000	134000000	2000000	14058	0.007029
Asat_OT3098_v2_chr4A	134000000	136000000	2000000	0	0.000000
Asat_OT3098_v2_chr4A	136000000	138000000	2000000	0	0.000000
Asat_OT3098_v2_chr4A	138000000	140000000	2000000	0	0.000000
Asat_OT3098_v2_chr4A	140000000	142000000	2000000	0	0.000000
Asat_OT3098_v2_chr4A	142000000	144000000	2000000	0	0.000000
Asat_OT3098_v2_chr4A	144000000	146000000	2000000	5928	0.002964
Asat_OT3098_v2_chr4A	146000000	148000000	2000000	6758	0.003379
Asat_OT3098_v2_chr4A	148000000	150000000	2000000	5990	0.002995
Asat_OT3098_v2_chr4A	150000000	152000000	2000000	16171	0.008086
Asat_OT3098_v2_chr4A	152000000	154000000	2000000	0	0.000000
Asat_OT3098_v2_chr4A	154000000	156000000	2000000	0	0.000000
Asat_OT3098_v2_chr4A	156000000	158000000	2000000	5335	0.002668
Asat_OT3098_v2_chr4A	158000000	160000000	2000000	0	0.000000
Asat_OT3098_v2_chr4A	160000000	162000000	2000000	5638	0.002819
Asat_OT3098_v2_chr4A	162000000	164000000	2000000	0	0.000000
Asat_OT3098_v2_chr4A	164000000	166000000	2000000	0	0.000000
Asat_OT3098_v2_chr4A	166000000	168000000	2000000	0	0.000000
Asat_OT3098_v2_chr4A	168000000	170000000	2000000	0	0.000000
Asat_OT3098_v2_chr4A	170000000	172000000	2000000	0	0.000000
Asat_OT3098_v2_chr4A	172000000	174000000	2000000	3938	0.001969
Asat_OT3098_v2_chr4A	174000000	176000000	2000000	11604	0.005802
Asat_OT3098_v2_chr4A	176000000	178000000	2000000	0	0.000000
Asat_OT3098_v2_chr4A	178000000	180000000	2000000	1072	0.000536
Asat_OT3098_v2_chr4A	180000000	182000000	2000000	0	0.000000
Asat_OT3098_v2_chr4A	182000000	184000000	2000000	0	0.000000
Asat_OT3098_v2_chr4A	184000000	186000000	2000000	0	0.000000
Asat_OT3098_v2_chr4A	186000000	188000000	2000000	0	0.000000
Asat_OT3098_v2_chr4A	188000000	190000000	2000000	0	0.000000
Asat_OT3098_v2_chr4A	190000000	192000000	2000000	17713	0.008856
Asat_OT3098_v2_chr4A	192000000	194000000	2000000	0	0.000000
Asat_OT3098_v2_chr4A	194000000	196000000	2000000	18339	0.009170
Asat_OT3098_v2_chr4A	196000000	198000000	2000000	3884	0.001942
Asat_OT3098_v2_chr4A	198000000	200000000	2000000	4985	0.002492
Asat_OT3098_v2_chr4A	200000000	202000000	2000000	0	0.000000
Asat_OT3098_v2_chr4A	202000000	204000000	2000000	0	0.000000
Asat_OT3098_v2_chr4A	204000000	206000000	2000000	10633	0.005317
Asat_OT3098_v2_chr4A	206000000	208000000	2000000	0	0.000000
Asat_OT3098_v2_chr4A	208000000	210000000	2000000	4958	0.002479
Asat_OT3098_v2_chr4A	210000000	212000000	2000000	6885	0.003442
Asat_OT3098_v2_chr4A	212000000	214000000	2000000	4965	0.002482
Asat_OT3098_v2_chr4A	214000000	216000000	2000000	0	0.000000
Asat_OT3098_v2_chr4A	216000000	218000000	2000000	6034	0.003017
Asat_OT3098_v2_chr4A	218000000	220000000	2000000	0	0.000000
Asat_OT3098_v2_chr4A	220000000	222000000	2000000	0	0.000000
Asat_OT3098_v2_chr4A	222000000	224000000	2000000	5120	0.002560
Asat_OT3098_v2_chr4A	224000000	226000000	2000000	10800	0.005400
Asat_OT3098_v2_chr4A	226000000	228000000	2000000	0	0.000000
Asat_OT3098_v2_chr4A	228000000	230000000	2000000	3121	0.001561
Asat_OT3098_v2_chr4A	230000000	232000000	2000000	6818	0.003409
Asat_OT3098_v2_chr4A	232000000	234000000	2000000	0	0.000000
Asat_OT3098_v2_chr4A	234000000	236000000	2000000	5003	0.002501
Asat_OT3098_v2_chr4A	236000000	238000000	2000000	11335	0.005667
Asat_OT3098_v2_chr4A	238000000	240000000	2000000	0	0.000000
Asat_OT3098_v2_chr4A	240000000	242000000	2000000	0	0.000000
Asat_OT3098_v2_chr4A	242000000	244000000	2000000	0	0.000000
Asat_OT3098_v2_chr4A	244000000	246000000	2000000	0	0.000000
Asat_OT3098_v2_chr4A	246000000	248000000	2000000	6890	0.003445
Asat_OT3098_v2_chr4A	248000000	250000000	2000000	18502	0.009251
Asat_OT3098_v2_chr4A	250000000	252000000	2000000	0	0.000000
Asat_OT3098_v2_chr4A	252000000	254000000	2000000	0	0.000000
Asat_OT3098_v2_chr4A	254000000	256000000	2000000	0	0.000000
Asat_OT3098_v2_chr4A	256000000	258000000	2000000	0	0.000000
Asat_OT3098_v2_chr4A	258000000	260000000	2000000	5645	0.002822
Asat_OT3098_v2_chr4A	260000000	262000000	2000000	0	0.000000
Asat_OT3098_v2_chr4A	262000000	264000000	2000000	0	0.000000
Asat_OT3098_v2_chr4A	264000000	266000000	2000000	0	0.000000
Asat_OT3098_v2_chr4A	266000000	268000000	2000000	4507	0.002253
Asat_OT3098_v2_chr4A	268000000	270000000	2000000	0	0.000000
Asat_OT3098_v2_chr4A	270000000	272000000	2000000	0	0.000000
Asat_OT3098_v2_chr4A	272000000	274000000	2000000	0	0.000000
Asat_OT3098_v2_chr4A	274000000	276000000	2000000	6369	0.003184
Asat_OT3098_v2_chr4A	276000000	278000000	2000000	1023	0.000512
Asat_OT3098_v2_chr4A	278000000	280000000	2000000	10722	0.005361
Asat_OT3098_v2_chr4A	280000000	282000000	2000000	0	0.000000
Asat_OT3098_v2_chr4A	282000000	284000000	2000000	3110	0.001555
Asat_OT3098_v2_chr4A	284000000	286000000	2000000	0	0.000000
Asat_OT3098_v2_chr4A	286000000	288000000	2000000	0	0.000000
Asat_OT3098_v2_chr4A	288000000	290000000	2000000	0	0.000000
Asat_OT3098_v2_chr4A	290000000	292000000	2000000	0	0.000000
Asat_OT3098_v2_chr4A	292000000	294000000	2000000	1236	0.000618
Asat_OT3098_v2_chr4A	294000000	296000000	2000000	4968	0.002484
Asat_OT3098_v2_chr4A	296000000	298000000	2000000	11716	0.005858
Asat_OT3098_v2_chr4A	298000000	300000000	2000000	0	0.000000
Asat_OT3098_v2_chr4A	300000000	302000000	2000000	5661	0.002831
Asat_OT3098_v2_chr4A	302000000	304000000	2000000	0	0.000000
Asat_OT3098_v2_chr4A	304000000	306000000	2000000	0	0.000000
Asat_OT3098_v2_chr4A	306000000	308000000	2000000	0	0.000000
Asat_OT3098_v2_chr4A	308000000	310000000	2000000	10052	0.005026
Asat_OT3098_v2_chr4A	310000000	312000000	2000000	5779	0.002890
Asat_OT3098_v2_chr4A	312000000	314000000	2000000	0	0.000000
Asat_OT3098_v2_chr4A	314000000	316000000	2000000	6498	0.003249
Asat_OT3098_v2_chr4A	316000000	318000000	2000000	0	0.000000
Asat_OT3098_v2_chr4A	318000000	320000000	2000000	0	0.000000
Asat_OT3098_v2_chr4A	320000000	322000000	2000000	4654	0.002327
Asat_OT3098_v2_chr4A	322000000	324000000	2000000	0	0.000000
Asat_OT3098_v2_chr4A	324000000	326000000	2000000	1020	0.000510
Asat_OT3098_v2_chr4A	326000000	328000000	2000000	0	0.000000
Asat_OT3098_v2_chr4A	328000000	330000000	2000000	0	0.000000
Asat_OT3098_v2_chr4A	330000000	332000000	2000000	6103	0.003051
Asat_OT3098_v2_chr4A	332000000	334000000	2000000	0	0.000000
Asat_OT3098_v2_chr4A	334000000	336000000	2000000	5735	0.002867
Asat_OT3098_v2_chr4A	336000000	338000000	2000000	0	0.000000
Asat_OT3098_v2_chr4A	338000000	340000000	2000000	6758	0.003379
Asat_OT3098_v2_chr4A	340000000	342000000	2000000	0	0.000000
Asat_OT3098_v2_chr4A	342000000	344000000	2000000	4276	0.002138
Asat_OT3098_v2_chr4A	344000000	346000000	2000000	0	0.000000
Asat_OT3098_v2_chr4A	346000000	348000000	2000000	0	0.000000
Asat_OT3098_v2_chr4A	348000000	350000000	2000000	4027	0.002014
Asat_OT3098_v2_chr4A	350000000	352000000	2000000	10408	0.005204
Asat_OT3098_v2_chr4A	352000000	354000000	2000000	11936	0.005968
Asat_OT3098_v2_chr4A	354000000	356000000	2000000	4994	0.002497
Asat_OT3098_v2_chr4A	356000000	358000000	2000000	0	0.000000
Asat_OT3098_v2_chr4A	358000000	360000000	2000000	2078	0.001039
Asat_OT3098_v2_chr4A	360000000	362000000	2000000	1038	0.000519
Asat_OT3098_v2_chr4A	362000000	364000000	2000000	0	0.000000
Asat_OT3098_v2_chr4A	364000000	366000000	2000000	0	0.000000
Asat_OT3098_v2_chr4A	366000000	368000000	2000000	6938	0.003469
Asat_OT3098_v2_chr4A	368000000	370000000	2000000	0	0.000000
Asat_OT3098_v2_chr4A	370000000	372000000	2000000	0	0.000000
Asat_OT3098_v2_chr4A	372000000	374000000	2000000	0	0.000000
Asat_OT3098_v2_chr4A	374000000	376000000	2000000	0	0.000000
Asat_OT3098_v2_chr4A	376000000	378000000	2000000	12461	0.006230
Asat_OT3098_v2_chr4A	378000000	380000000	2000000	0	0.000000
Asat_OT3098_v2_chr4A	380000000	382000000	2000000	6861	0.003430
Asat_OT3098_v2_chr4A	382000000	384000000	2000000	17798	0.008899
Asat_OT3098_v2_chr4A	384000000	386000000	2000000	0	0.000000
Asat_OT3098_v2_chr4A	386000000	388000000	2000000	0	0.000000
Asat_OT3098_v2_chr4A	388000000	390000000	2000000	0	0.000000
Asat_OT3098_v2_chr4A	390000000	392000000	2000000	0	0.000000
Asat_OT3098_v2_chr4A	392000000	394000000	2000000	3168	0.001584
Asat_OT3098_v2_chr4A	394000000	396000000	2000000	0	0.000000
Asat_OT3098_v2_chr4A	396000000	398000000	2000000	0	0.000000
Asat_OT3098_v2_chr4A	398000000	400000000	2000000	2160	0.001080
Asat_OT3098_v2_chr4A	400000000	402000000	2000000	0	0.000000
Asat_OT3098_v2_chr4A	402000000	404000000	2000000	3863	0.001932
Asat_OT3098_v2_chr4A	404000000	406000000	2000000	3208	0.001604
Asat_OT3098_v2_chr4A	406000000	408000000	2000000	0	0.000000
Asat_OT3098_v2_chr4A	408000000	410000000	2000000	1122	0.000561
Asat_OT3098_v2_chr4A	410000000	412000000	2000000	0	0.000000
Asat_OT3098_v2_chr4A	412000000	414000000	2000000	5657	0.002828
Asat_OT3098_v2_chr4A	414000000	416000000	2000000	6833	0.003416
Asat_OT3098_v2_chr4A	416000000	418000000	2000000	0	0.000000
Asat_OT3098_v2_chr4A	418000000	420000000	2000000	0	0.000000
Asat_OT3098_v2_chr4A	420000000	422000000	2000000	0	0.000000
Asat_OT3098_v2_chr4A	422000000	424000000	2000000	0	0.000000
Asat_OT3098_v2_chr4A	424000000	426000000	2000000	0	0.000000
Asat_OT3098_v2_chr4A	426000000	428000000	2000000	5708	0.002854
Asat_OT3098_v2_chr4A	428000000	430000000	2000000	5485	0.002743
Asat_OT3098_v2_chr4A	430000000	432000000	2000000	0	0.000000
Asat_OT3098_v2_chr4A	432000000	434000000	2000000	6867	0.003433
Asat_OT3098_v2_chr4A	434000000	436000000	2000000	0	0.000000
Asat_OT3098_v2_chr4A	436000000	438000000	2000000	1024	0.000512
Asat_OT3098_v2_chr4A	438000000	440000000	2000000	0	0.000000
Asat_OT3098_v2_chr4A	440000000	442000000	2000000	0	0.000000
Asat_OT3098_v2_chr4A	442000000	444000000	2000000	0	0.000000
Asat_OT3098_v2_chr4A	444000000	446000000	2000000	0	0.000000
Asat_OT3098_v2_chr4A	446000000	448000000	2000000	9831	0.004915
Asat_OT3098_v2_chr4A	448000000	450000000	2000000	0	0.000000
Asat_OT3098_v2_chr4A	450000000	452000000	2000000	0	0.000000
Asat_OT3098_v2_chr4A	452000000	454000000	2000000	6716	0.003358
Asat_OT3098_v2_chr4A	454000000	456000000	2000000	0	0.000000
Asat_OT3098_v2_chr4A	456000000	458000000	2000000	0	0.000000
Asat_OT3098_v2_chr4A	458000000	460000000	2000000	5671	0.002835
Asat_OT3098_v2_chr4A	460000000	462000000	2000000	0	0.000000
Asat_OT3098_v2_chr4A	462000000	463192880	1192880	0	0.000000
Asat_OT3098_v2_chr4C	0	2000000	2000000	0	0.000000
Asat_OT3098_v2_chr4C	2000000	4000000	2000000	0	0.000000
Asat_OT3098_v2_chr4C	4000000	6000000	2000000	0	0.000000
Asat_OT3098_v2_chr4C	6000000	8000000	2000000	0	0.000000
Asat_OT3098_v2_chr4C	8000000	10000000	2000000	0	0.000000
Asat_OT3098_v2_chr4C	10000000	12000000	2000000	0	0.000000
Asat_OT3098_v2_chr4C	12000000	14000000	2000000	6238	0.003119
Asat_OT3098_v2_chr4C	14000000	16000000	2000000	0	0.000000
Asat_OT3098_v2_chr4C	16000000	18000000	2000000	0	0.000000
Asat_OT3098_v2_chr4C	18000000	20000000	2000000	0	0.000000
Asat_OT3098_v2_chr4C	20000000	22000000	2000000	6869	0.003435
Asat_OT3098_v2_chr4C	22000000	24000000	2000000	5260	0.002630
Asat_OT3098_v2_chr4C	24000000	26000000	2000000	6826	0.003413
Asat_OT3098_v2_chr4C	26000000	28000000	2000000	0	0.000000
Asat_OT3098_v2_chr4C	28000000	30000000	2000000	0	0.000000
Asat_OT3098_v2_chr4C	30000000	32000000	2000000	2195	0.001097
Asat_OT3098_v2_chr4C	32000000	34000000	2000000	0	0.000000
Asat_OT3098_v2_chr4C	34000000	36000000	2000000	0	0.000000
Asat_OT3098_v2_chr4C	36000000	38000000	2000000	0	0.000000
Asat_OT3098_v2_chr4C	38000000	40000000	2000000	0	0.000000
Asat_OT3098_v2_chr4C	40000000	42000000	2000000	5916	0.002958
Asat_OT3098_v2_chr4C	42000000	44000000	2000000	0	0.000000
Asat_OT3098_v2_chr4C	44000000	46000000	2000000	1127	0.000563
Asat_OT3098_v2_chr4C	46000000	48000000	2000000	6773	0.003387
Asat_OT3098_v2_chr4C	48000000	50000000	2000000	0	0.000000
Asat_OT3098_v2_chr4C	50000000	52000000	2000000	6210	0.003105
Asat_OT3098_v2_chr4C	52000000	54000000	2000000	0	0.000000
Asat_OT3098_v2_chr4C	54000000	56000000	2000000	0	0.000000
Asat_OT3098_v2_chr4C	56000000	58000000	2000000	5610	0.002805
Asat_OT3098_v2_chr4C	58000000	60000000	2000000	1586	0.000793
Asat_OT3098_v2_chr4C	60000000	62000000	2000000	5654	0.002827
Asat_OT3098_v2_chr4C	62000000	64000000	2000000	0	0.000000
Asat_OT3098_v2_chr4C	64000000	66000000	2000000	0	0.000000
Asat_OT3098_v2_chr4C	66000000	68000000	2000000	0	0.000000
Asat_OT3098_v2_chr4C	68000000	70000000	2000000	0	0.000000
Asat_OT3098_v2_chr4C	70000000	72000000	2000000	1015	0.000508
Asat_OT3098_v2_chr4C	72000000	74000000	2000000	0	0.000000
Asat_OT3098_v2_chr4C	74000000	76000000	2000000	0	0.000000
Asat_OT3098_v2_chr4C	76000000	78000000	2000000	0	0.000000
Asat_OT3098_v2_chr4C	78000000	80000000	2000000	0	0.000000
Asat_OT3098_v2_chr4C	80000000	82000000	2000000	0	0.000000
Asat_OT3098_v2_chr4C	82000000	84000000	2000000	0	0.000000
Asat_OT3098_v2_chr4C	84000000	86000000	2000000	4018	0.002009
Asat_OT3098_v2_chr4C	86000000	88000000	2000000	2183	0.001092
Asat_OT3098_v2_chr4C	88000000	90000000	2000000	0	0.000000
Asat_OT3098_v2_chr4C	90000000	92000000	2000000	0	0.000000
Asat_OT3098_v2_chr4C	92000000	94000000	2000000	1514	0.000757
Asat_OT3098_v2_chr4C	94000000	96000000	2000000	0	0.000000
Asat_OT3098_v2_chr4C	96000000	98000000	2000000	0	0.000000
Asat_OT3098_v2_chr4C	98000000	100000000	2000000	0	0.000000
Asat_OT3098_v2_chr4C	100000000	102000000	2000000	0	0.000000
Asat_OT3098_v2_chr4C	102000000	104000000	2000000	0	0.000000
Asat_OT3098_v2_chr4C	104000000	106000000	2000000	0	0.000000
Asat_OT3098_v2_chr4C	106000000	108000000	2000000	7097	0.003549
Asat_OT3098_v2_chr4C	108000000	110000000	2000000	5089	0.002544
Asat_OT3098_v2_chr4C	110000000	112000000	2000000	0	0.000000
Asat_OT3098_v2_chr4C	112000000	114000000	2000000	0	0.000000
Asat_OT3098_v2_chr4C	114000000	116000000	2000000	0	0.000000
Asat_OT3098_v2_chr4C	116000000	118000000	2000000	0	0.000000
Asat_OT3098_v2_chr4C	118000000	120000000	2000000	0	0.000000
Asat_OT3098_v2_chr4C	120000000	122000000	2000000	0	0.000000
Asat_OT3098_v2_chr4C	122000000	124000000	2000000	0	0.000000
Asat_OT3098_v2_chr4C	124000000	126000000	2000000	4705	0.002352
Asat_OT3098_v2_chr4C	126000000	128000000	2000000	0	0.000000
Asat_OT3098_v2_chr4C	128000000	130000000	2000000	4772	0.002386
Asat_OT3098_v2_chr4C	130000000	132000000	2000000	0	0.000000
Asat_OT3098_v2_chr4C	132000000	134000000	2000000	4941	0.002471
Asat_OT3098_v2_chr4C	134000000	136000000	2000000	4492	0.002246
Asat_OT3098_v2_chr4C	136000000	138000000	2000000	0	0.000000
Asat_OT3098_v2_chr4C	138000000	140000000	2000000	0	0.000000
Asat_OT3098_v2_chr4C	140000000	142000000	2000000	0	0.000000
Asat_OT3098_v2_chr4C	142000000	144000000	2000000	0	0.000000
Asat_OT3098_v2_chr4C	144000000	146000000	2000000	0	0.000000
Asat_OT3098_v2_chr4C	146000000	148000000	2000000	0	0.000000
Asat_OT3098_v2_chr4C	148000000	150000000	2000000	0	0.000000
Asat_OT3098_v2_chr4C	150000000	152000000	2000000	5729	0.002864
Asat_OT3098_v2_chr4C	152000000	154000000	2000000	0	0.000000
Asat_OT3098_v2_chr4C	154000000	156000000	2000000	5091	0.002546
Asat_OT3098_v2_chr4C	156000000	158000000	2000000	0	0.000000
Asat_OT3098_v2_chr4C	158000000	160000000	2000000	1139	0.000570
Asat_OT3098_v2_chr4C	160000000	162000000	2000000	0	0.000000
Asat_OT3098_v2_chr4C	162000000	164000000	2000000	3482	0.001741
Asat_OT3098_v2_chr4C	164000000	166000000	2000000	3542	0.001771
Asat_OT3098_v2_chr4C	166000000	168000000	2000000	3662	0.001831
Asat_OT3098_v2_chr4C	168000000	170000000	2000000	0	0.000000
Asat_OT3098_v2_chr4C	170000000	172000000	2000000	0	0.000000
Asat_OT3098_v2_chr4C	172000000	174000000	2000000	0	0.000000
Asat_OT3098_v2_chr4C	174000000	176000000	2000000	3625	0.001813
Asat_OT3098_v2_chr4C	176000000	178000000	2000000	0	0.000000
Asat_OT3098_v2_chr4C	178000000	180000000	2000000	1438	0.000719
Asat_OT3098_v2_chr4C	180000000	182000000	2000000	0	0.000000
Asat_OT3098_v2_chr4C	182000000	184000000	2000000	0	0.000000
Asat_OT3098_v2_chr4C	184000000	186000000	2000000	0	0.000000
Asat_OT3098_v2_chr4C	186000000	188000000	2000000	0	0.000000
Asat_OT3098_v2_chr4C	188000000	190000000	2000000	0	0.000000
Asat_OT3098_v2_chr4C	190000000	192000000	2000000	4406	0.002203
Asat_OT3098_v2_chr4C	192000000	194000000	2000000	0	0.000000
Asat_OT3098_v2_chr4C	194000000	196000000	2000000	0	0.000000
Asat_OT3098_v2_chr4C	196000000	198000000	2000000	0	0.000000
Asat_OT3098_v2_chr4C	198000000	200000000	2000000	0	0.000000
Asat_OT3098_v2_chr4C	200000000	202000000	2000000	6139	0.003070
Asat_OT3098_v2_chr4C	202000000	204000000	2000000	0	0.000000
Asat_OT3098_v2_chr4C	204000000	206000000	2000000	0	0.000000
Asat_OT3098_v2_chr4C	206000000	208000000	2000000	0	0.000000
Asat_OT3098_v2_chr4C	208000000	210000000	2000000	0	0.000000
Asat_OT3098_v2_chr4C	210000000	212000000	2000000	1015	0.000508
Asat_OT3098_v2_chr4C	212000000	214000000	2000000	0	0.000000
Asat_OT3098_v2_chr4C	214000000	216000000	2000000	0	0.000000
Asat_OT3098_v2_chr4C	216000000	218000000	2000000	0	0.000000
Asat_OT3098_v2_chr4C	218000000	220000000	2000000	0	0.000000
Asat_OT3098_v2_chr4C	220000000	222000000	2000000	1489	0.000745
Asat_OT3098_v2_chr4C	222000000	224000000	2000000	6211	0.003106
Asat_OT3098_v2_chr4C	224000000	226000000	2000000	0	0.000000
Asat_OT3098_v2_chr4C	226000000	228000000	2000000	0	0.000000
Asat_OT3098_v2_chr4C	228000000	230000000	2000000	7094	0.003547
Asat_OT3098_v2_chr4C	230000000	232000000	2000000	0	0.000000
Asat_OT3098_v2_chr4C	232000000	234000000	2000000	0	0.000000
Asat_OT3098_v2_chr4C	234000000	236000000	2000000	0	0.000000
Asat_OT3098_v2_chr4C	236000000	238000000	2000000	7950	0.003975
Asat_OT3098_v2_chr4C	238000000	240000000	2000000	0	0.000000
Asat_OT3098_v2_chr4C	240000000	242000000	2000000	1021	0.000510
Asat_OT3098_v2_chr4C	242000000	244000000	2000000	0	0.000000
Asat_OT3098_v2_chr4C	244000000	246000000	2000000	0	0.000000
Asat_OT3098_v2_chr4C	246000000	248000000	2000000	1574	0.000787
Asat_OT3098_v2_chr4C	248000000	250000000	2000000	5183	0.002592
Asat_OT3098_v2_chr4C	250000000	252000000	2000000	2753	0.001376
Asat_OT3098_v2_chr4C	252000000	254000000	2000000	10056	0.005028
Asat_OT3098_v2_chr4C	254000000	256000000	2000000	0	0.000000
Asat_OT3098_v2_chr4C	256000000	258000000	2000000	0	0.000000
Asat_OT3098_v2_chr4C	258000000	260000000	2000000	0	0.000000
Asat_OT3098_v2_chr4C	260000000	262000000	2000000	10656	0.005328
Asat_OT3098_v2_chr4C	262000000	264000000	2000000	0	0.000000
Asat_OT3098_v2_chr4C	264000000	266000000	2000000	0	0.000000
Asat_OT3098_v2_chr4C	266000000	268000000	2000000	0	0.000000
Asat_OT3098_v2_chr4C	268000000	270000000	2000000	5741	0.002870
Asat_OT3098_v2_chr4C	270000000	272000000	2000000	0	0.000000
Asat_OT3098_v2_chr4C	272000000	274000000	2000000	0	0.000000
Asat_OT3098_v2_chr4C	274000000	276000000	2000000	3178	0.001589
Asat_OT3098_v2_chr4C	276000000	278000000	2000000	0	0.000000
Asat_OT3098_v2_chr4C	278000000	280000000	2000000	3169	0.001584
Asat_OT3098_v2_chr4C	280000000	282000000	2000000	0	0.000000
Asat_OT3098_v2_chr4C	282000000	284000000	2000000	6963	0.003481
Asat_OT3098_v2_chr4C	284000000	286000000	2000000	4767	0.002384
Asat_OT3098_v2_chr4C	286000000	288000000	2000000	1113	0.000557
Asat_OT3098_v2_chr4C	288000000	290000000	2000000	0	0.000000
Asat_OT3098_v2_chr4C	290000000	292000000	2000000	0	0.000000
Asat_OT3098_v2_chr4C	292000000	294000000	2000000	0	0.000000
Asat_OT3098_v2_chr4C	294000000	296000000	2000000	2869	0.001435
Asat_OT3098_v2_chr4C	296000000	298000000	2000000	0	0.000000
Asat_OT3098_v2_chr4C	298000000	300000000	2000000	0	0.000000
Asat_OT3098_v2_chr4C	300000000	302000000	2000000	0	0.000000
Asat_OT3098_v2_chr4C	302000000	304000000	2000000	0	0.000000
Asat_OT3098_v2_chr4C	304000000	306000000	2000000	4834	0.002417
Asat_OT3098_v2_chr4C	306000000	308000000	2000000	5489	0.002744
Asat_OT3098_v2_chr4C	308000000	310000000	2000000	0	0.000000
Asat_OT3098_v2_chr4C	310000000	312000000	2000000	5067	0.002534
Asat_OT3098_v2_chr4C	312000000	314000000	2000000	0	0.000000
Asat_OT3098_v2_chr4C	314000000	316000000	2000000	30474	0.015237
Asat_OT3098_v2_chr4C	316000000	318000000	2000000	3549	0.001775
Asat_OT3098_v2_chr4C	318000000	320000000	2000000	0	0.000000
Asat_OT3098_v2_chr4C	320000000	322000000	2000000	0	0.000000
Asat_OT3098_v2_chr4C	322000000	324000000	2000000	4717	0.002358
Asat_OT3098_v2_chr4C	324000000	326000000	2000000	15718	0.007859
Asat_OT3098_v2_chr4C	326000000	328000000	2000000	9122	0.004561
Asat_OT3098_v2_chr4C	328000000	330000000	2000000	0	0.000000
Asat_OT3098_v2_chr4C	330000000	332000000	2000000	11326	0.005663
Asat_OT3098_v2_chr4C	332000000	334000000	2000000	13280	0.006640
Asat_OT3098_v2_chr4C	334000000	336000000	2000000	8772	0.004386
Asat_OT3098_v2_chr4C	336000000	338000000	2000000	3693	0.001847
Asat_OT3098_v2_chr4C	338000000	340000000	2000000	4144	0.002072
Asat_OT3098_v2_chr4C	340000000	342000000	2000000	4647	0.002324
Asat_OT3098_v2_chr4C	342000000	344000000	2000000	0	0.000000
Asat_OT3098_v2_chr4C	344000000	346000000	2000000	32919	0.016459
Asat_OT3098_v2_chr4C	346000000	348000000	2000000	11251	0.005626
Asat_OT3098_v2_chr4C	348000000	350000000	2000000	9767	0.004883
Asat_OT3098_v2_chr4C	350000000	352000000	2000000	42596	0.021298
Asat_OT3098_v2_chr4C	352000000	354000000	2000000	18932	0.009466
Asat_OT3098_v2_chr4C	354000000	356000000	2000000	14706	0.007353
Asat_OT3098_v2_chr4C	356000000	358000000	2000000	5911	0.002955
Asat_OT3098_v2_chr4C	358000000	360000000	2000000	27171	0.013586
Asat_OT3098_v2_chr4C	360000000	362000000	2000000	18455	0.009227
Asat_OT3098_v2_chr4C	362000000	364000000	2000000	119760	0.059880
Asat_OT3098_v2_chr4C	364000000	366000000	2000000	118002	0.059001
Asat_OT3098_v2_chr4C	366000000	368000000	2000000	121915	0.060957
Asat_OT3098_v2_chr4C	368000000	370000000	2000000	130077	0.065038
Asat_OT3098_v2_chr4C	370000000	372000000	2000000	31844	0.015922
Asat_OT3098_v2_chr4C	372000000	374000000	2000000	93708	0.046854
Asat_OT3098_v2_chr4C	374000000	376000000	2000000	27621	0.013810
Asat_OT3098_v2_chr4C	376000000	378000000	2000000	17444	0.008722
Asat_OT3098_v2_chr4C	378000000	380000000	2000000	17933	0.008967
Asat_OT3098_v2_chr4C	380000000	382000000	2000000	0	0.000000
Asat_OT3098_v2_chr4C	382000000	384000000	2000000	5110	0.002555
Asat_OT3098_v2_chr4C	384000000	386000000	2000000	0	0.000000
Asat_OT3098_v2_chr4C	386000000	388000000	2000000	0	0.000000
Asat_OT3098_v2_chr4C	388000000	390000000	2000000	0	0.000000
Asat_OT3098_v2_chr4C	390000000	392000000	2000000	0	0.000000
Asat_OT3098_v2_chr4C	392000000	394000000	2000000	0	0.000000
Asat_OT3098_v2_chr4C	394000000	396000000	2000000	0	0.000000
Asat_OT3098_v2_chr4C	396000000	398000000	2000000	0	0.000000
Asat_OT3098_v2_chr4C	398000000	400000000	2000000	0	0.000000
Asat_OT3098_v2_chr4C	400000000	402000000	2000000	0	0.000000
Asat_OT3098_v2_chr4C	402000000	404000000	2000000	0	0.000000
Asat_OT3098_v2_chr4C	404000000	406000000	2000000	4303	0.002152
Asat_OT3098_v2_chr4C	406000000	408000000	2000000	0	0.000000
Asat_OT3098_v2_chr4C	408000000	410000000	2000000	4821	0.002410
Asat_OT3098_v2_chr4C	410000000	412000000	2000000	4153	0.002076
Asat_OT3098_v2_chr4C	412000000	414000000	2000000	4102	0.002051
Asat_OT3098_v2_chr4C	414000000	416000000	2000000	0	0.000000
Asat_OT3098_v2_chr4C	416000000	418000000	2000000	6898	0.003449
Asat_OT3098_v2_chr4C	418000000	420000000	2000000	0	0.000000
Asat_OT3098_v2_chr4C	420000000	422000000	2000000	0	0.000000
Asat_OT3098_v2_chr4C	422000000	424000000	2000000	2950	0.001475
Asat_OT3098_v2_chr4C	424000000	426000000	2000000	0	0.000000
Asat_OT3098_v2_chr4C	426000000	428000000	2000000	0	0.000000
Asat_OT3098_v2_chr4C	428000000	430000000	2000000	3715	0.001857
Asat_OT3098_v2_chr4C	430000000	432000000	2000000	3666	0.001833
Asat_OT3098_v2_chr4C	432000000	434000000	2000000	0	0.000000
Asat_OT3098_v2_chr4C	434000000	436000000	2000000	0	0.000000
Asat_OT3098_v2_chr4C	436000000	438000000	2000000	0	0.000000
Asat_OT3098_v2_chr4C	438000000	440000000	2000000	0	0.000000
Asat_OT3098_v2_chr4C	440000000	442000000	2000000	1765	0.000883
Asat_OT3098_v2_chr4C	442000000	444000000	2000000	0	0.000000
Asat_OT3098_v2_chr4C	444000000	446000000	2000000	0	0.000000
Asat_OT3098_v2_chr4C	446000000	448000000	2000000	0	0.000000
Asat_OT3098_v2_chr4C	448000000	450000000	2000000	0	0.000000
Asat_OT3098_v2_chr4C	450000000	452000000	2000000	0	0.000000
Asat_OT3098_v2_chr4C	452000000	454000000	2000000	1958	0.000979
Asat_OT3098_v2_chr4C	454000000	456000000	2000000	0	0.000000
Asat_OT3098_v2_chr4C	456000000	458000000	2000000	0	0.000000
Asat_OT3098_v2_chr4C	458000000	460000000	2000000	0	0.000000
Asat_OT3098_v2_chr4C	460000000	462000000	2000000	0	0.000000
Asat_OT3098_v2_chr4C	462000000	464000000	2000000	0	0.000000
Asat_OT3098_v2_chr4C	464000000	466000000	2000000	0	0.000000
Asat_OT3098_v2_chr4C	466000000	468000000	2000000	0	0.000000
Asat_OT3098_v2_chr4C	468000000	470000000	2000000	0	0.000000
Asat_OT3098_v2_chr4C	470000000	472000000	2000000	0	0.000000
Asat_OT3098_v2_chr4C	472000000	474000000	2000000	8357	0.004178
Asat_OT3098_v2_chr4C	474000000	476000000	2000000	0	0.000000
Asat_OT3098_v2_chr4C	476000000	478000000	2000000	0	0.000000
Asat_OT3098_v2_chr4C	478000000	480000000	2000000	0	0.000000
Asat_OT3098_v2_chr4C	480000000	482000000	2000000	0	0.000000
Asat_OT3098_v2_chr4C	482000000	484000000	2000000	0	0.000000
Asat_OT3098_v2_chr4C	484000000	486000000	2000000	1738	0.000869
Asat_OT3098_v2_chr4C	486000000	488000000	2000000	0	0.000000
Asat_OT3098_v2_chr4C	488000000	490000000	2000000	0	0.000000
Asat_OT3098_v2_chr4C	490000000	492000000	2000000	0	0.000000
Asat_OT3098_v2_chr4C	492000000	494000000	2000000	0	0.000000
Asat_OT3098_v2_chr4C	494000000	496000000	2000000	0	0.000000
Asat_OT3098_v2_chr4C	496000000	498000000	2000000	0	0.000000
Asat_OT3098_v2_chr4C	498000000	500000000	2000000	0	0.000000
Asat_OT3098_v2_chr4C	500000000	502000000	2000000	0	0.000000
Asat_OT3098_v2_chr4C	502000000	504000000	2000000	0	0.000000
Asat_OT3098_v2_chr4C	504000000	506000000	2000000	0	0.000000
Asat_OT3098_v2_chr4C	506000000	508000000	2000000	0	0.000000
Asat_OT3098_v2_chr4C	508000000	510000000	2000000	0	0.000000
Asat_OT3098_v2_chr4C	510000000	512000000	2000000	0	0.000000
Asat_OT3098_v2_chr4C	512000000	514000000	2000000	2709	0.001355
Asat_OT3098_v2_chr4C	514000000	516000000	2000000	3547	0.001773
Asat_OT3098_v2_chr4C	516000000	518000000	2000000	0	0.000000
Asat_OT3098_v2_chr4C	518000000	520000000	2000000	0	0.000000
Asat_OT3098_v2_chr4C	520000000	522000000	2000000	0	0.000000
Asat_OT3098_v2_chr4C	522000000	524000000	2000000	0	0.000000
Asat_OT3098_v2_chr4C	524000000	526000000	2000000	0	0.000000
Asat_OT3098_v2_chr4C	526000000	528000000	2000000	0	0.000000
Asat_OT3098_v2_chr4C	528000000	530000000	2000000	0	0.000000
Asat_OT3098_v2_chr4C	530000000	532000000	2000000	0	0.000000
Asat_OT3098_v2_chr4C	532000000	534000000	2000000	0	0.000000
Asat_OT3098_v2_chr4C	534000000	536000000	2000000	0	0.000000
Asat_OT3098_v2_chr4C	536000000	538000000	2000000	5192	0.002596
Asat_OT3098_v2_chr4C	538000000	540000000	2000000	0	0.000000
Asat_OT3098_v2_chr4C	540000000	542000000	2000000	0	0.000000
Asat_OT3098_v2_chr4C	542000000	544000000	2000000	0	0.000000
Asat_OT3098_v2_chr4C	544000000	546000000	2000000	10986	0.005493
Asat_OT3098_v2_chr4C	546000000	548000000	2000000	0	0.000000
Asat_OT3098_v2_chr4C	548000000	550000000	2000000	0	0.000000
Asat_OT3098_v2_chr4C	550000000	552000000	2000000	2771	0.001386
Asat_OT3098_v2_chr4C	552000000	554000000	2000000	0	0.000000
Asat_OT3098_v2_chr4C	554000000	556000000	2000000	0	0.000000
Asat_OT3098_v2_chr4C	556000000	558000000	2000000	0	0.000000
Asat_OT3098_v2_chr4C	558000000	560000000	2000000	0	0.000000
Asat_OT3098_v2_chr4C	560000000	562000000	2000000	0	0.000000
Asat_OT3098_v2_chr4C	562000000	564000000	2000000	0	0.000000
Asat_OT3098_v2_chr4C	564000000	566000000	2000000	1435	0.000718
Asat_OT3098_v2_chr4C	566000000	568000000	2000000	3672	0.001836
Asat_OT3098_v2_chr4C	568000000	570000000	2000000	0	0.000000
Asat_OT3098_v2_chr4C	570000000	572000000	2000000	0	0.000000
Asat_OT3098_v2_chr4C	572000000	574000000	2000000	1013	0.000507
Asat_OT3098_v2_chr4C	574000000	576000000	2000000	0	0.000000
Asat_OT3098_v2_chr4C	576000000	578000000	2000000	0	0.000000
Asat_OT3098_v2_chr4C	578000000	580000000	2000000	0	0.000000
Asat_OT3098_v2_chr4C	580000000	582000000	2000000	0	0.000000
Asat_OT3098_v2_chr4C	582000000	584000000	2000000	0	0.000000
Asat_OT3098_v2_chr4C	584000000	586000000	2000000	3667	0.001834
Asat_OT3098_v2_chr4C	586000000	588000000	2000000	5890	0.002945
Asat_OT3098_v2_chr4C	588000000	590000000	2000000	0	0.000000
Asat_OT3098_v2_chr4C	590000000	592000000	2000000	0	0.000000
Asat_OT3098_v2_chr4C	592000000	594000000	2000000	0	0.000000
Asat_OT3098_v2_chr4C	594000000	596000000	2000000	0	0.000000
Asat_OT3098_v2_chr4C	596000000	598000000	2000000	0	0.000000
Asat_OT3098_v2_chr4C	598000000	600000000	2000000	0	0.000000
Asat_OT3098_v2_chr4C	600000000	602000000	2000000	0	0.000000
Asat_OT3098_v2_chr4C	602000000	604000000	2000000	0	0.000000
Asat_OT3098_v2_chr4C	604000000	606000000	2000000	0	0.000000
Asat_OT3098_v2_chr4C	606000000	608000000	2000000	0	0.000000
Asat_OT3098_v2_chr4C	608000000	610000000	2000000	0	0.000000
Asat_OT3098_v2_chr4C	610000000	612000000	2000000	0	0.000000
Asat_OT3098_v2_chr4C	612000000	614000000	2000000	0	0.000000
Asat_OT3098_v2_chr4C	614000000	616000000	2000000	3587	0.001793
Asat_OT3098_v2_chr4C	616000000	618000000	2000000	0	0.000000
Asat_OT3098_v2_chr4C	618000000	620000000	2000000	0	0.000000
Asat_OT3098_v2_chr4C	620000000	622000000	2000000	0	0.000000
Asat_OT3098_v2_chr4C	622000000	624000000	2000000	0	0.000000
Asat_OT3098_v2_chr4C	624000000	626000000	2000000	0	0.000000
Asat_OT3098_v2_chr4C	626000000	628000000	2000000	0	0.000000
Asat_OT3098_v2_chr4C	628000000	630000000	2000000	3109	0.001554
Asat_OT3098_v2_chr4C	630000000	632000000	2000000	13463	0.006731
Asat_OT3098_v2_chr4C	632000000	634000000	2000000	0	0.000000
Asat_OT3098_v2_chr4C	634000000	636000000	2000000	0	0.000000
Asat_OT3098_v2_chr4C	636000000	638000000	2000000	0	0.000000
Asat_OT3098_v2_chr4C	638000000	640000000	2000000	0	0.000000
Asat_OT3098_v2_chr4C	640000000	642000000	2000000	0	0.000000
Asat_OT3098_v2_chr4C	642000000	644000000	2000000	0	0.000000
Asat_OT3098_v2_chr4C	644000000	646000000	2000000	0	0.000000
Asat_OT3098_v2_chr4C	646000000	648000000	2000000	0	0.000000
Asat_OT3098_v2_chr4C	648000000	650000000	2000000	0	0.000000
Asat_OT3098_v2_chr4C	650000000	652000000	2000000	0	0.000000
Asat_OT3098_v2_chr4C	652000000	654000000	2000000	0	0.000000
Asat_OT3098_v2_chr4C	654000000	656000000	2000000	0	0.000000
Asat_OT3098_v2_chr4C	656000000	658000000	2000000	3747	0.001873
Asat_OT3098_v2_chr4C	658000000	660000000	2000000	0	0.000000
Asat_OT3098_v2_chr4C	660000000	662000000	2000000	0	0.000000
Asat_OT3098_v2_chr4C	662000000	664000000	2000000	0	0.000000
Asat_OT3098_v2_chr4C	664000000	666000000	2000000	0	0.000000
Asat_OT3098_v2_chr4C	666000000	668000000	2000000	4794	0.002397
Asat_OT3098_v2_chr4C	668000000	670000000	2000000	0	0.000000
Asat_OT3098_v2_chr4C	670000000	672000000	2000000	0	0.000000
Asat_OT3098_v2_chr4C	672000000	674000000	2000000	3430	0.001715
Asat_OT3098_v2_chr4C	674000000	676000000	2000000	0	0.000000
Asat_OT3098_v2_chr4C	676000000	678000000	2000000	0	0.000000
Asat_OT3098_v2_chr4C	678000000	680000000	2000000	0	0.000000
Asat_OT3098_v2_chr4C	680000000	682000000	2000000	0	0.000000
Asat_OT3098_v2_chr4C	682000000	684000000	2000000	0	0.000000
Asat_OT3098_v2_chr4C	684000000	686000000	2000000	0	0.000000
Asat_OT3098_v2_chr4C	686000000	688000000	2000000	0	0.000000
Asat_OT3098_v2_chr4C	688000000	690000000	2000000	0	0.000000
Asat_OT3098_v2_chr4C	690000000	692000000	2000000	0	0.000000
Asat_OT3098_v2_chr4C	692000000	694000000	2000000	0	0.000000
Asat_OT3098_v2_chr4C	694000000	696000000	2000000	0	0.000000
Asat_OT3098_v2_chr4C	696000000	698000000	2000000	0	0.000000
Asat_OT3098_v2_chr4C	698000000	700000000	2000000	0	0.000000
Asat_OT3098_v2_chr4C	700000000	702000000	2000000	0	0.000000
Asat_OT3098_v2_chr4C	702000000	704000000	2000000	0	0.000000
Asat_OT3098_v2_chr4C	704000000	706000000	2000000	0	0.000000
Asat_OT3098_v2_chr4C	706000000	708000000	2000000	1981	0.000991
Asat_OT3098_v2_chr4C	708000000	710000000	2000000	1348	0.000674
Asat_OT3098_v2_chr4C	710000000	712000000	2000000	0	0.000000
Asat_OT3098_v2_chr4C	712000000	714000000	2000000	0	0.000000
Asat_OT3098_v2_chr4C	714000000	716000000	2000000	0	0.000000
Asat_OT3098_v2_chr4C	716000000	716105986	105986	0	0.000000
Asat_OT3098_v2_chr4D	0	2000000	2000000	0	0.000000
Asat_OT3098_v2_chr4D	2000000	4000000	2000000	0	0.000000
Asat_OT3098_v2_chr4D	4000000	6000000	2000000	0	0.000000
Asat_OT3098_v2_chr4D	6000000	8000000	2000000	5771	0.002886
Asat_OT3098_v2_chr4D	8000000	10000000	2000000	1117	0.000558
Asat_OT3098_v2_chr4D	10000000	12000000	2000000	0	0.000000
Asat_OT3098_v2_chr4D	12000000	14000000	2000000	0	0.000000
Asat_OT3098_v2_chr4D	14000000	16000000	2000000	0	0.000000
Asat_OT3098_v2_chr4D	16000000	18000000	2000000	0	0.000000
Asat_OT3098_v2_chr4D	18000000	20000000	2000000	0	0.000000
Asat_OT3098_v2_chr4D	20000000	22000000	2000000	0	0.000000
Asat_OT3098_v2_chr4D	22000000	24000000	2000000	0	0.000000
Asat_OT3098_v2_chr4D	24000000	26000000	2000000	0	0.000000
Asat_OT3098_v2_chr4D	26000000	28000000	2000000	0	0.000000
Asat_OT3098_v2_chr4D	28000000	30000000	2000000	0	0.000000
Asat_OT3098_v2_chr4D	30000000	32000000	2000000	0	0.000000
Asat_OT3098_v2_chr4D	32000000	34000000	2000000	0	0.000000
Asat_OT3098_v2_chr4D	34000000	36000000	2000000	6854	0.003427
Asat_OT3098_v2_chr4D	36000000	38000000	2000000	9844	0.004922
Asat_OT3098_v2_chr4D	38000000	40000000	2000000	0	0.000000
Asat_OT3098_v2_chr4D	40000000	42000000	2000000	0	0.000000
Asat_OT3098_v2_chr4D	42000000	44000000	2000000	0	0.000000
Asat_OT3098_v2_chr4D	44000000	46000000	2000000	6614	0.003307
Asat_OT3098_v2_chr4D	46000000	48000000	2000000	0	0.000000
Asat_OT3098_v2_chr4D	48000000	50000000	2000000	0	0.000000
Asat_OT3098_v2_chr4D	50000000	52000000	2000000	0	0.000000
Asat_OT3098_v2_chr4D	52000000	54000000	2000000	0	0.000000
Asat_OT3098_v2_chr4D	54000000	56000000	2000000	1123	0.000562
Asat_OT3098_v2_chr4D	56000000	58000000	2000000	0	0.000000
Asat_OT3098_v2_chr4D	58000000	60000000	2000000	0	0.000000
Asat_OT3098_v2_chr4D	60000000	62000000	2000000	0	0.000000
Asat_OT3098_v2_chr4D	62000000	64000000	2000000	0	0.000000
Asat_OT3098_v2_chr4D	64000000	66000000	2000000	5544	0.002772
Asat_OT3098_v2_chr4D	66000000	68000000	2000000	0	0.000000
Asat_OT3098_v2_chr4D	68000000	70000000	2000000	0	0.000000
Asat_OT3098_v2_chr4D	70000000	72000000	2000000	0	0.000000
Asat_OT3098_v2_chr4D	72000000	74000000	2000000	0	0.000000
Asat_OT3098_v2_chr4D	74000000	76000000	2000000	0	0.000000
Asat_OT3098_v2_chr4D	76000000	78000000	2000000	23351	0.011676
Asat_OT3098_v2_chr4D	78000000	80000000	2000000	1012	0.000506
Asat_OT3098_v2_chr4D	80000000	82000000	2000000	6216	0.003108
Asat_OT3098_v2_chr4D	82000000	84000000	2000000	0	0.000000
Asat_OT3098_v2_chr4D	84000000	86000000	2000000	0	0.000000
Asat_OT3098_v2_chr4D	86000000	88000000	2000000	0	0.000000
Asat_OT3098_v2_chr4D	88000000	90000000	2000000	0	0.000000
Asat_OT3098_v2_chr4D	90000000	92000000	2000000	6858	0.003429
Asat_OT3098_v2_chr4D	92000000	94000000	2000000	0	0.000000
Asat_OT3098_v2_chr4D	94000000	96000000	2000000	0	0.000000
Asat_OT3098_v2_chr4D	96000000	98000000	2000000	4144	0.002072
Asat_OT3098_v2_chr4D	98000000	100000000	2000000	0	0.000000
Asat_OT3098_v2_chr4D	100000000	102000000	2000000	2045	0.001022
Asat_OT3098_v2_chr4D	102000000	104000000	2000000	0	0.000000
Asat_OT3098_v2_chr4D	104000000	106000000	2000000	0	0.000000
Asat_OT3098_v2_chr4D	106000000	108000000	2000000	11758	0.005879
Asat_OT3098_v2_chr4D	108000000	110000000	2000000	0	0.000000
Asat_OT3098_v2_chr4D	110000000	112000000	2000000	0	0.000000
Asat_OT3098_v2_chr4D	112000000	114000000	2000000	9344	0.004672
Asat_OT3098_v2_chr4D	114000000	116000000	2000000	3489	0.001744
Asat_OT3098_v2_chr4D	116000000	118000000	2000000	5670	0.002835
Asat_OT3098_v2_chr4D	118000000	120000000	2000000	0	0.000000
Asat_OT3098_v2_chr4D	120000000	122000000	2000000	0	0.000000
Asat_OT3098_v2_chr4D	122000000	124000000	2000000	3194	0.001597
Asat_OT3098_v2_chr4D	124000000	126000000	2000000	5989	0.002995
Asat_OT3098_v2_chr4D	126000000	128000000	2000000	2234	0.001117
Asat_OT3098_v2_chr4D	128000000	130000000	2000000	6036	0.003018
Asat_OT3098_v2_chr4D	130000000	132000000	2000000	0	0.000000
Asat_OT3098_v2_chr4D	132000000	134000000	2000000	0	0.000000
Asat_OT3098_v2_chr4D	134000000	136000000	2000000	0	0.000000
Asat_OT3098_v2_chr4D	136000000	138000000	2000000	0	0.000000
Asat_OT3098_v2_chr4D	138000000	140000000	2000000	6014	0.003007
Asat_OT3098_v2_chr4D	140000000	142000000	2000000	17123	0.008561
Asat_OT3098_v2_chr4D	142000000	144000000	2000000	35998	0.017999
Asat_OT3098_v2_chr4D	144000000	146000000	2000000	48172	0.024086
Asat_OT3098_v2_chr4D	146000000	148000000	2000000	115442	0.057721
Asat_OT3098_v2_chr4D	148000000	150000000	2000000	55348	0.027674
Asat_OT3098_v2_chr4D	150000000	152000000	2000000	0	0.000000
Asat_OT3098_v2_chr4D	152000000	154000000	2000000	16402	0.008201
Asat_OT3098_v2_chr4D	154000000	156000000	2000000	232689	0.116345
Asat_OT3098_v2_chr4D	156000000	158000000	2000000	366915	0.183457
Asat_OT3098_v2_chr4D	158000000	160000000	2000000	243808	0.121904
Asat_OT3098_v2_chr4D	160000000	162000000	2000000	210905	0.105453
Asat_OT3098_v2_chr4D	162000000	164000000	2000000	121935	0.060968
Asat_OT3098_v2_chr4D	164000000	166000000	2000000	22889	0.011444
Asat_OT3098_v2_chr4D	166000000	168000000	2000000	4660	0.002330
Asat_OT3098_v2_chr4D	168000000	170000000	2000000	4535	0.002267
Asat_OT3098_v2_chr4D	170000000	172000000	2000000	12999	0.006500
Asat_OT3098_v2_chr4D	172000000	174000000	2000000	10562	0.005281
Asat_OT3098_v2_chr4D	174000000	176000000	2000000	0	0.000000
Asat_OT3098_v2_chr4D	176000000	178000000	2000000	0	0.000000
Asat_OT3098_v2_chr4D	178000000	180000000	2000000	0	0.000000
Asat_OT3098_v2_chr4D	180000000	182000000	2000000	0	0.000000
Asat_OT3098_v2_chr4D	182000000	184000000	2000000	0	0.000000
Asat_OT3098_v2_chr4D	184000000	186000000	2000000	0	0.000000
Asat_OT3098_v2_chr4D	186000000	188000000	2000000	1124	0.000562
Asat_OT3098_v2_chr4D	188000000	190000000	2000000	0	0.000000
Asat_OT3098_v2_chr4D	190000000	192000000	2000000	0	0.000000
Asat_OT3098_v2_chr4D	192000000	194000000	2000000	0	0.000000
Asat_OT3098_v2_chr4D	194000000	196000000	2000000	2174	0.001087
Asat_OT3098_v2_chr4D	196000000	198000000	2000000	0	0.000000
Asat_OT3098_v2_chr4D	198000000	200000000	2000000	0	0.000000
Asat_OT3098_v2_chr4D	200000000	202000000	2000000	0	0.000000
Asat_OT3098_v2_chr4D	202000000	204000000	2000000	6846	0.003423
Asat_OT3098_v2_chr4D	204000000	206000000	2000000	0	0.000000
Asat_OT3098_v2_chr4D	206000000	208000000	2000000	0	0.000000
Asat_OT3098_v2_chr4D	208000000	210000000	2000000	3625	0.001813
Asat_OT3098_v2_chr4D	210000000	212000000	2000000	0	0.000000
Asat_OT3098_v2_chr4D	212000000	214000000	2000000	0	0.000000
Asat_OT3098_v2_chr4D	214000000	216000000	2000000	0	0.000000
Asat_OT3098_v2_chr4D	216000000	218000000	2000000	0	0.000000
Asat_OT3098_v2_chr4D	218000000	220000000	2000000	15891	0.007945
Asat_OT3098_v2_chr4D	220000000	222000000	2000000	0	0.000000
Asat_OT3098_v2_chr4D	222000000	224000000	2000000	0	0.000000
Asat_OT3098_v2_chr4D	224000000	226000000	2000000	0	0.000000
Asat_OT3098_v2_chr4D	226000000	228000000	2000000	0	0.000000
Asat_OT3098_v2_chr4D	228000000	230000000	2000000	13937	0.006968
Asat_OT3098_v2_chr4D	230000000	232000000	2000000	0	0.000000
Asat_OT3098_v2_chr4D	232000000	234000000	2000000	0	0.000000
Asat_OT3098_v2_chr4D	234000000	236000000	2000000	2031	0.001015
Asat_OT3098_v2_chr4D	236000000	238000000	2000000	0	0.000000
Asat_OT3098_v2_chr4D	238000000	240000000	2000000	6208	0.003104
Asat_OT3098_v2_chr4D	240000000	242000000	2000000	6501	0.003250
Asat_OT3098_v2_chr4D	242000000	244000000	2000000	5336	0.002668
Asat_OT3098_v2_chr4D	244000000	246000000	2000000	0	0.000000
Asat_OT3098_v2_chr4D	246000000	248000000	2000000	0	0.000000
Asat_OT3098_v2_chr4D	248000000	250000000	2000000	0	0.000000
Asat_OT3098_v2_chr4D	250000000	252000000	2000000	0	0.000000
Asat_OT3098_v2_chr4D	252000000	254000000	2000000	0	0.000000
Asat_OT3098_v2_chr4D	254000000	256000000	2000000	0	0.000000
Asat_OT3098_v2_chr4D	256000000	258000000	2000000	0	0.000000
Asat_OT3098_v2_chr4D	258000000	260000000	2000000	0	0.000000
Asat_OT3098_v2_chr4D	260000000	262000000	2000000	4311	0.002155
Asat_OT3098_v2_chr4D	262000000	264000000	2000000	6847	0.003423
Asat_OT3098_v2_chr4D	264000000	266000000	2000000	4511	0.002256
Asat_OT3098_v2_chr4D	266000000	268000000	2000000	6947	0.003474
Asat_OT3098_v2_chr4D	268000000	270000000	2000000	0	0.000000
Asat_OT3098_v2_chr4D	270000000	272000000	2000000	4366	0.002183
Asat_OT3098_v2_chr4D	272000000	274000000	2000000	6940	0.003470
Asat_OT3098_v2_chr4D	274000000	276000000	2000000	0	0.000000
Asat_OT3098_v2_chr4D	276000000	278000000	2000000	0	0.000000
Asat_OT3098_v2_chr4D	278000000	280000000	2000000	11524	0.005762
Asat_OT3098_v2_chr4D	280000000	282000000	2000000	5943	0.002972
Asat_OT3098_v2_chr4D	282000000	284000000	2000000	0	0.000000
Asat_OT3098_v2_chr4D	284000000	286000000	2000000	6325	0.003162
Asat_OT3098_v2_chr4D	286000000	288000000	2000000	1123	0.000562
Asat_OT3098_v2_chr4D	288000000	290000000	2000000	0	0.000000
Asat_OT3098_v2_chr4D	290000000	292000000	2000000	0	0.000000
Asat_OT3098_v2_chr4D	292000000	294000000	2000000	0	0.000000
Asat_OT3098_v2_chr4D	294000000	296000000	2000000	0	0.000000
Asat_OT3098_v2_chr4D	296000000	298000000	2000000	0	0.000000
Asat_OT3098_v2_chr4D	298000000	300000000	2000000	0	0.000000
Asat_OT3098_v2_chr4D	300000000	302000000	2000000	6933	0.003466
Asat_OT3098_v2_chr4D	302000000	304000000	2000000	6156	0.003078
Asat_OT3098_v2_chr4D	304000000	306000000	2000000	0	0.000000
Asat_OT3098_v2_chr4D	306000000	308000000	2000000	0	0.000000
Asat_OT3098_v2_chr4D	308000000	310000000	2000000	0	0.000000
Asat_OT3098_v2_chr4D	310000000	312000000	2000000	4414	0.002207
Asat_OT3098_v2_chr4D	312000000	314000000	2000000	0	0.000000
Asat_OT3098_v2_chr4D	314000000	316000000	2000000	0	0.000000
Asat_OT3098_v2_chr4D	316000000	318000000	2000000	0	0.000000
Asat_OT3098_v2_chr4D	318000000	320000000	2000000	1246	0.000623
Asat_OT3098_v2_chr4D	320000000	322000000	2000000	6671	0.003335
Asat_OT3098_v2_chr4D	322000000	324000000	2000000	0	0.000000
Asat_OT3098_v2_chr4D	324000000	326000000	2000000	0	0.000000
Asat_OT3098_v2_chr4D	326000000	328000000	2000000	6249	0.003125
Asat_OT3098_v2_chr4D	328000000	330000000	2000000	6920	0.003460
Asat_OT3098_v2_chr4D	330000000	332000000	2000000	2064	0.001032
Asat_OT3098_v2_chr4D	332000000	334000000	2000000	0	0.000000
Asat_OT3098_v2_chr4D	334000000	336000000	2000000	9109	0.004555
Asat_OT3098_v2_chr4D	336000000	338000000	2000000	4969	0.002485
Asat_OT3098_v2_chr4D	338000000	340000000	2000000	0	0.000000
Asat_OT3098_v2_chr4D	340000000	342000000	2000000	0	0.000000
Asat_OT3098_v2_chr4D	342000000	344000000	2000000	0	0.000000
Asat_OT3098_v2_chr4D	344000000	346000000	2000000	0	0.000000
Asat_OT3098_v2_chr4D	346000000	348000000	2000000	0	0.000000
Asat_OT3098_v2_chr4D	348000000	350000000	2000000	6806	0.003403
Asat_OT3098_v2_chr4D	350000000	352000000	2000000	0	0.000000
Asat_OT3098_v2_chr4D	352000000	354000000	2000000	0	0.000000
Asat_OT3098_v2_chr4D	354000000	356000000	2000000	9069	0.004535
Asat_OT3098_v2_chr4D	356000000	358000000	2000000	0	0.000000
Asat_OT3098_v2_chr4D	358000000	360000000	2000000	0	0.000000
Asat_OT3098_v2_chr4D	360000000	362000000	2000000	15654	0.007827
Asat_OT3098_v2_chr4D	362000000	364000000	2000000	0	0.000000
Asat_OT3098_v2_chr4D	364000000	366000000	2000000	0	0.000000
Asat_OT3098_v2_chr4D	366000000	368000000	2000000	0	0.000000
Asat_OT3098_v2_chr4D	368000000	370000000	2000000	0	0.000000
Asat_OT3098_v2_chr4D	370000000	372000000	2000000	0	0.000000
Asat_OT3098_v2_chr4D	372000000	374000000	2000000	0	0.000000
Asat_OT3098_v2_chr4D	374000000	376000000	2000000	0	0.000000
Asat_OT3098_v2_chr4D	376000000	378000000	2000000	6500	0.003250
Asat_OT3098_v2_chr4D	378000000	380000000	2000000	0	0.000000
Asat_OT3098_v2_chr4D	380000000	382000000	2000000	0	0.000000
Asat_OT3098_v2_chr4D	382000000	384000000	2000000	5010	0.002505
Asat_OT3098_v2_chr4D	384000000	386000000	2000000	0	0.000000
Asat_OT3098_v2_chr4D	386000000	388000000	2000000	0	0.000000
Asat_OT3098_v2_chr4D	388000000	390000000	2000000	2072	0.001036
Asat_OT3098_v2_chr4D	390000000	392000000	2000000	2172	0.001086
Asat_OT3098_v2_chr4D	392000000	394000000	2000000	0	0.000000
Asat_OT3098_v2_chr4D	394000000	396000000	2000000	6778	0.003389
Asat_OT3098_v2_chr4D	396000000	398000000	2000000	0	0.000000
Asat_OT3098_v2_chr4D	398000000	400000000	2000000	0	0.000000
Asat_OT3098_v2_chr4D	400000000	402000000	2000000	0	0.000000
Asat_OT3098_v2_chr4D	402000000	404000000	2000000	0	0.000000
Asat_OT3098_v2_chr4D	404000000	406000000	2000000	6182	0.003091
Asat_OT3098_v2_chr4D	406000000	408000000	2000000	0	0.000000
Asat_OT3098_v2_chr4D	408000000	410000000	2000000	0	0.000000
Asat_OT3098_v2_chr4D	410000000	412000000	2000000	0	0.000000
Asat_OT3098_v2_chr4D	412000000	414000000	2000000	0	0.000000
Asat_OT3098_v2_chr4D	414000000	416000000	2000000	0	0.000000
Asat_OT3098_v2_chr4D	416000000	418000000	2000000	4422	0.002211
Asat_OT3098_v2_chr4D	418000000	420000000	2000000	0	0.000000
Asat_OT3098_v2_chr4D	420000000	422000000	2000000	0	0.000000
Asat_OT3098_v2_chr4D	422000000	424000000	2000000	0	0.000000
Asat_OT3098_v2_chr4D	424000000	426000000	2000000	0	0.000000
Asat_OT3098_v2_chr4D	426000000	428000000	2000000	0	0.000000
Asat_OT3098_v2_chr4D	428000000	430000000	2000000	0	0.000000
Asat_OT3098_v2_chr4D	430000000	432000000	2000000	0	0.000000
Asat_OT3098_v2_chr4D	432000000	434000000	2000000	0	0.000000
Asat_OT3098_v2_chr4D	434000000	436000000	2000000	0	0.000000
Asat_OT3098_v2_chr4D	436000000	438000000	2000000	0	0.000000
Asat_OT3098_v2_chr4D	438000000	440000000	2000000	0	0.000000
Asat_OT3098_v2_chr4D	440000000	442000000	2000000	0	0.000000
Asat_OT3098_v2_chr4D	442000000	444000000	2000000	0	0.000000
Asat_OT3098_v2_chr4D	444000000	446000000	2000000	0	0.000000
Asat_OT3098_v2_chr4D	446000000	448000000	2000000	0	0.000000
Asat_OT3098_v2_chr4D	448000000	450000000	2000000	0	0.000000
Asat_OT3098_v2_chr4D	450000000	452000000	2000000	2535	0.001267
Asat_OT3098_v2_chr4D	452000000	454000000	2000000	0	0.000000
Asat_OT3098_v2_chr4D	454000000	455353809	1353809	0	0.000000
Asat_OT3098_v2_chr5A	0	2000000	2000000	0	0.000000
Asat_OT3098_v2_chr5A	2000000	4000000	2000000	1126	0.000563
Asat_OT3098_v2_chr5A	4000000	6000000	2000000	0	0.000000
Asat_OT3098_v2_chr5A	6000000	8000000	2000000	0	0.000000
Asat_OT3098_v2_chr5A	8000000	10000000	2000000	6217	0.003109
Asat_OT3098_v2_chr5A	10000000	12000000	2000000	6721	0.003361
Asat_OT3098_v2_chr5A	12000000	14000000	2000000	0	0.000000
Asat_OT3098_v2_chr5A	14000000	16000000	2000000	0	0.000000
Asat_OT3098_v2_chr5A	16000000	18000000	2000000	4942	0.002471
Asat_OT3098_v2_chr5A	18000000	20000000	2000000	0	0.000000
Asat_OT3098_v2_chr5A	20000000	22000000	2000000	0	0.000000
Asat_OT3098_v2_chr5A	22000000	24000000	2000000	0	0.000000
Asat_OT3098_v2_chr5A	24000000	26000000	2000000	0	0.000000
Asat_OT3098_v2_chr5A	26000000	28000000	2000000	6651	0.003325
Asat_OT3098_v2_chr5A	28000000	30000000	2000000	0	0.000000
Asat_OT3098_v2_chr5A	30000000	32000000	2000000	0	0.000000
Asat_OT3098_v2_chr5A	32000000	34000000	2000000	0	0.000000
Asat_OT3098_v2_chr5A	34000000	36000000	2000000	5536	0.002768
Asat_OT3098_v2_chr5A	36000000	38000000	2000000	0	0.000000
Asat_OT3098_v2_chr5A	38000000	40000000	2000000	0	0.000000
Asat_OT3098_v2_chr5A	40000000	42000000	2000000	12370	0.006185
Asat_OT3098_v2_chr5A	42000000	44000000	2000000	6794	0.003397
Asat_OT3098_v2_chr5A	44000000	46000000	2000000	0	0.000000
Asat_OT3098_v2_chr5A	46000000	48000000	2000000	0	0.000000
Asat_OT3098_v2_chr5A	48000000	50000000	2000000	2430	0.001215
Asat_OT3098_v2_chr5A	50000000	52000000	2000000	2038	0.001019
Asat_OT3098_v2_chr5A	52000000	54000000	2000000	0	0.000000
Asat_OT3098_v2_chr5A	54000000	56000000	2000000	0	0.000000
Asat_OT3098_v2_chr5A	56000000	58000000	2000000	5621	0.002811
Asat_OT3098_v2_chr5A	58000000	60000000	2000000	0	0.000000
Asat_OT3098_v2_chr5A	60000000	62000000	2000000	6743	0.003371
Asat_OT3098_v2_chr5A	62000000	64000000	2000000	2069	0.001035
Asat_OT3098_v2_chr5A	64000000	66000000	2000000	0	0.000000
Asat_OT3098_v2_chr5A	66000000	68000000	2000000	3673	0.001837
Asat_OT3098_v2_chr5A	68000000	70000000	2000000	0	0.000000
Asat_OT3098_v2_chr5A	70000000	72000000	2000000	5070	0.002535
Asat_OT3098_v2_chr5A	72000000	74000000	2000000	0	0.000000
Asat_OT3098_v2_chr5A	74000000	76000000	2000000	0	0.000000
Asat_OT3098_v2_chr5A	76000000	78000000	2000000	0	0.000000
Asat_OT3098_v2_chr5A	78000000	80000000	2000000	0	0.000000
Asat_OT3098_v2_chr5A	80000000	82000000	2000000	0	0.000000
Asat_OT3098_v2_chr5A	82000000	84000000	2000000	0	0.000000
Asat_OT3098_v2_chr5A	84000000	86000000	2000000	4662	0.002331
Asat_OT3098_v2_chr5A	86000000	88000000	2000000	0	0.000000
Asat_OT3098_v2_chr5A	88000000	90000000	2000000	6844	0.003422
Asat_OT3098_v2_chr5A	90000000	92000000	2000000	0	0.000000
Asat_OT3098_v2_chr5A	92000000	94000000	2000000	0	0.000000
Asat_OT3098_v2_chr5A	94000000	96000000	2000000	3975	0.001988
Asat_OT3098_v2_chr5A	96000000	98000000	2000000	0	0.000000
Asat_OT3098_v2_chr5A	98000000	100000000	2000000	0	0.000000
Asat_OT3098_v2_chr5A	100000000	102000000	2000000	0	0.000000
Asat_OT3098_v2_chr5A	102000000	104000000	2000000	5669	0.002835
Asat_OT3098_v2_chr5A	104000000	106000000	2000000	0	0.000000
Asat_OT3098_v2_chr5A	106000000	108000000	2000000	0	0.000000
Asat_OT3098_v2_chr5A	108000000	110000000	2000000	0	0.000000
Asat_OT3098_v2_chr5A	110000000	112000000	2000000	6842	0.003421
Asat_OT3098_v2_chr5A	112000000	114000000	2000000	0	0.000000
Asat_OT3098_v2_chr5A	114000000	116000000	2000000	0	0.000000
Asat_OT3098_v2_chr5A	116000000	118000000	2000000	0	0.000000
Asat_OT3098_v2_chr5A	118000000	120000000	2000000	6619	0.003309
Asat_OT3098_v2_chr5A	120000000	122000000	2000000	0	0.000000
Asat_OT3098_v2_chr5A	122000000	124000000	2000000	5672	0.002836
Asat_OT3098_v2_chr5A	124000000	126000000	2000000	0	0.000000
Asat_OT3098_v2_chr5A	126000000	128000000	2000000	4980	0.002490
Asat_OT3098_v2_chr5A	128000000	130000000	2000000	6724	0.003362
Asat_OT3098_v2_chr5A	130000000	132000000	2000000	6823	0.003412
Asat_OT3098_v2_chr5A	132000000	134000000	2000000	0	0.000000
Asat_OT3098_v2_chr5A	134000000	136000000	2000000	0	0.000000
Asat_OT3098_v2_chr5A	136000000	138000000	2000000	7538	0.003769
Asat_OT3098_v2_chr5A	138000000	140000000	2000000	6108	0.003054
Asat_OT3098_v2_chr5A	140000000	142000000	2000000	0	0.000000
Asat_OT3098_v2_chr5A	142000000	144000000	2000000	0	0.000000
Asat_OT3098_v2_chr5A	144000000	146000000	2000000	12691	0.006345
Asat_OT3098_v2_chr5A	146000000	148000000	2000000	4731	0.002365
Asat_OT3098_v2_chr5A	148000000	150000000	2000000	5651	0.002825
Asat_OT3098_v2_chr5A	150000000	152000000	2000000	7503	0.003752
Asat_OT3098_v2_chr5A	152000000	154000000	2000000	0	0.000000
Asat_OT3098_v2_chr5A	154000000	156000000	2000000	0	0.000000
Asat_OT3098_v2_chr5A	156000000	158000000	2000000	7948	0.003974
Asat_OT3098_v2_chr5A	158000000	160000000	2000000	0	0.000000
Asat_OT3098_v2_chr5A	160000000	162000000	2000000	0	0.000000
Asat_OT3098_v2_chr5A	162000000	164000000	2000000	4612	0.002306
Asat_OT3098_v2_chr5A	164000000	166000000	2000000	9482	0.004741
Asat_OT3098_v2_chr5A	166000000	168000000	2000000	0	0.000000
Asat_OT3098_v2_chr5A	168000000	170000000	2000000	0	0.000000
Asat_OT3098_v2_chr5A	170000000	172000000	2000000	7485	0.003743
Asat_OT3098_v2_chr5A	172000000	174000000	2000000	9541	0.004770
Asat_OT3098_v2_chr5A	174000000	176000000	2000000	5673	0.002837
Asat_OT3098_v2_chr5A	176000000	178000000	2000000	2040	0.001020
Asat_OT3098_v2_chr5A	178000000	180000000	2000000	0	0.000000
Asat_OT3098_v2_chr5A	180000000	182000000	2000000	0	0.000000
Asat_OT3098_v2_chr5A	182000000	184000000	2000000	6046	0.003023
Asat_OT3098_v2_chr5A	184000000	186000000	2000000	5688	0.002844
Asat_OT3098_v2_chr5A	186000000	188000000	2000000	1028	0.000514
Asat_OT3098_v2_chr5A	188000000	190000000	2000000	0	0.000000
Asat_OT3098_v2_chr5A	190000000	192000000	2000000	1046	0.000523
Asat_OT3098_v2_chr5A	192000000	194000000	2000000	5303	0.002652
Asat_OT3098_v2_chr5A	194000000	196000000	2000000	5617	0.002808
Asat_OT3098_v2_chr5A	196000000	198000000	2000000	6830	0.003415
Asat_OT3098_v2_chr5A	198000000	200000000	2000000	0	0.000000
Asat_OT3098_v2_chr5A	200000000	202000000	2000000	0	0.000000
Asat_OT3098_v2_chr5A	202000000	204000000	2000000	0	0.000000
Asat_OT3098_v2_chr5A	204000000	206000000	2000000	6535	0.003268
Asat_OT3098_v2_chr5A	206000000	208000000	2000000	10318	0.005159
Asat_OT3098_v2_chr5A	208000000	210000000	2000000	38496	0.019248
Asat_OT3098_v2_chr5A	210000000	212000000	2000000	114783	0.057391
Asat_OT3098_v2_chr5A	212000000	214000000	2000000	151630	0.075815
Asat_OT3098_v2_chr5A	214000000	216000000	2000000	357626	0.178813
Asat_OT3098_v2_chr5A	216000000	218000000	2000000	369137	0.184568
Asat_OT3098_v2_chr5A	218000000	220000000	2000000	289466	0.144733
Asat_OT3098_v2_chr5A	220000000	222000000	2000000	380341	0.190170
Asat_OT3098_v2_chr5A	222000000	224000000	2000000	186701	0.093351
Asat_OT3098_v2_chr5A	224000000	226000000	2000000	119577	0.059789
Asat_OT3098_v2_chr5A	226000000	228000000	2000000	28324	0.014162
Asat_OT3098_v2_chr5A	228000000	230000000	2000000	11082	0.005541
Asat_OT3098_v2_chr5A	230000000	232000000	2000000	20124	0.010062
Asat_OT3098_v2_chr5A	232000000	234000000	2000000	30364	0.015182
Asat_OT3098_v2_chr5A	234000000	236000000	2000000	10353	0.005176
Asat_OT3098_v2_chr5A	236000000	238000000	2000000	0	0.000000
Asat_OT3098_v2_chr5A	238000000	240000000	2000000	5048	0.002524
Asat_OT3098_v2_chr5A	240000000	242000000	2000000	4402	0.002201
Asat_OT3098_v2_chr5A	242000000	244000000	2000000	7224	0.003612
Asat_OT3098_v2_chr5A	244000000	246000000	2000000	0	0.000000
Asat_OT3098_v2_chr5A	246000000	248000000	2000000	0	0.000000
Asat_OT3098_v2_chr5A	248000000	250000000	2000000	0	0.000000
Asat_OT3098_v2_chr5A	250000000	252000000	2000000	2618	0.001309
Asat_OT3098_v2_chr5A	252000000	254000000	2000000	2258	0.001129
Asat_OT3098_v2_chr5A	254000000	256000000	2000000	0	0.000000
Asat_OT3098_v2_chr5A	256000000	258000000	2000000	0	0.000000
Asat_OT3098_v2_chr5A	258000000	260000000	2000000	5297	0.002648
Asat_OT3098_v2_chr5A	260000000	262000000	2000000	0	0.000000
Asat_OT3098_v2_chr5A	262000000	264000000	2000000	0	0.000000
Asat_OT3098_v2_chr5A	264000000	266000000	2000000	2065	0.001032
Asat_OT3098_v2_chr5A	266000000	268000000	2000000	0	0.000000
Asat_OT3098_v2_chr5A	268000000	270000000	2000000	0	0.000000
Asat_OT3098_v2_chr5A	270000000	272000000	2000000	0	0.000000
Asat_OT3098_v2_chr5A	272000000	274000000	2000000	1126	0.000563
Asat_OT3098_v2_chr5A	274000000	276000000	2000000	0	0.000000
Asat_OT3098_v2_chr5A	276000000	278000000	2000000	1162	0.000581
Asat_OT3098_v2_chr5A	278000000	280000000	2000000	0	0.000000
Asat_OT3098_v2_chr5A	280000000	282000000	2000000	0	0.000000
Asat_OT3098_v2_chr5A	282000000	284000000	2000000	0	0.000000
Asat_OT3098_v2_chr5A	284000000	286000000	2000000	0	0.000000
Asat_OT3098_v2_chr5A	286000000	288000000	2000000	3401	0.001700
Asat_OT3098_v2_chr5A	288000000	290000000	2000000	5622	0.002811
Asat_OT3098_v2_chr5A	290000000	292000000	2000000	0	0.000000
Asat_OT3098_v2_chr5A	292000000	294000000	2000000	0	0.000000
Asat_OT3098_v2_chr5A	294000000	296000000	2000000	0	0.000000
Asat_OT3098_v2_chr5A	296000000	298000000	2000000	5001	0.002501
Asat_OT3098_v2_chr5A	298000000	300000000	2000000	0	0.000000
Asat_OT3098_v2_chr5A	300000000	302000000	2000000	0	0.000000
Asat_OT3098_v2_chr5A	302000000	304000000	2000000	2385	0.001192
Asat_OT3098_v2_chr5A	304000000	306000000	2000000	0	0.000000
Asat_OT3098_v2_chr5A	306000000	308000000	2000000	0	0.000000
Asat_OT3098_v2_chr5A	308000000	310000000	2000000	0	0.000000
Asat_OT3098_v2_chr5A	310000000	312000000	2000000	6551	0.003276
Asat_OT3098_v2_chr5A	312000000	314000000	2000000	0	0.000000
Asat_OT3098_v2_chr5A	314000000	316000000	2000000	6258	0.003129
Asat_OT3098_v2_chr5A	316000000	318000000	2000000	0	0.000000
Asat_OT3098_v2_chr5A	318000000	320000000	2000000	0	0.000000
Asat_OT3098_v2_chr5A	320000000	322000000	2000000	0	0.000000
Asat_OT3098_v2_chr5A	322000000	324000000	2000000	0	0.000000
Asat_OT3098_v2_chr5A	324000000	326000000	2000000	0	0.000000
Asat_OT3098_v2_chr5A	326000000	328000000	2000000	0	0.000000
Asat_OT3098_v2_chr5A	328000000	330000000	2000000	0	0.000000
Asat_OT3098_v2_chr5A	330000000	332000000	2000000	0	0.000000
Asat_OT3098_v2_chr5A	332000000	334000000	2000000	3961	0.001981
Asat_OT3098_v2_chr5A	334000000	336000000	2000000	0	0.000000
Asat_OT3098_v2_chr5A	336000000	338000000	2000000	0	0.000000
Asat_OT3098_v2_chr5A	338000000	340000000	2000000	12592	0.006296
Asat_OT3098_v2_chr5A	340000000	342000000	2000000	0	0.000000
Asat_OT3098_v2_chr5A	342000000	344000000	2000000	0	0.000000
Asat_OT3098_v2_chr5A	344000000	346000000	2000000	0	0.000000
Asat_OT3098_v2_chr5A	346000000	348000000	2000000	0	0.000000
Asat_OT3098_v2_chr5A	348000000	350000000	2000000	0	0.000000
Asat_OT3098_v2_chr5A	350000000	352000000	2000000	0	0.000000
Asat_OT3098_v2_chr5A	352000000	354000000	2000000	0	0.000000
Asat_OT3098_v2_chr5A	354000000	356000000	2000000	0	0.000000
Asat_OT3098_v2_chr5A	356000000	358000000	2000000	0	0.000000
Asat_OT3098_v2_chr5A	358000000	360000000	2000000	0	0.000000
Asat_OT3098_v2_chr5A	360000000	362000000	2000000	0	0.000000
Asat_OT3098_v2_chr5A	362000000	364000000	2000000	0	0.000000
Asat_OT3098_v2_chr5A	364000000	366000000	2000000	0	0.000000
Asat_OT3098_v2_chr5A	366000000	368000000	2000000	0	0.000000
Asat_OT3098_v2_chr5A	368000000	370000000	2000000	2635	0.001318
Asat_OT3098_v2_chr5A	370000000	372000000	2000000	6908	0.003454
Asat_OT3098_v2_chr5A	372000000	374000000	2000000	0	0.000000
Asat_OT3098_v2_chr5A	374000000	376000000	2000000	0	0.000000
Asat_OT3098_v2_chr5A	376000000	378000000	2000000	0	0.000000
Asat_OT3098_v2_chr5A	378000000	380000000	2000000	0	0.000000
Asat_OT3098_v2_chr5A	380000000	382000000	2000000	0	0.000000
Asat_OT3098_v2_chr5A	382000000	384000000	2000000	0	0.000000
Asat_OT3098_v2_chr5A	384000000	386000000	2000000	0	0.000000
Asat_OT3098_v2_chr5A	386000000	388000000	2000000	5820	0.002910
Asat_OT3098_v2_chr5A	388000000	390000000	2000000	0	0.000000
Asat_OT3098_v2_chr5A	390000000	392000000	2000000	0	0.000000
Asat_OT3098_v2_chr5A	392000000	394000000	2000000	0	0.000000
Asat_OT3098_v2_chr5A	394000000	396000000	2000000	6905	0.003452
Asat_OT3098_v2_chr5A	396000000	398000000	2000000	4624	0.002312
Asat_OT3098_v2_chr5A	398000000	400000000	2000000	0	0.000000
Asat_OT3098_v2_chr5A	400000000	402000000	2000000	3533	0.001767
Asat_OT3098_v2_chr5A	402000000	404000000	2000000	0	0.000000
Asat_OT3098_v2_chr5A	404000000	406000000	2000000	0	0.000000
Asat_OT3098_v2_chr5A	406000000	408000000	2000000	0	0.000000
Asat_OT3098_v2_chr5A	408000000	410000000	2000000	0	0.000000
Asat_OT3098_v2_chr5A	410000000	412000000	2000000	6997	0.003498
Asat_OT3098_v2_chr5A	412000000	414000000	2000000	0	0.000000
Asat_OT3098_v2_chr5A	414000000	416000000	2000000	0	0.000000
Asat_OT3098_v2_chr5A	416000000	418000000	2000000	1125	0.000562
Asat_OT3098_v2_chr5A	418000000	420000000	2000000	5600	0.002800
Asat_OT3098_v2_chr5A	420000000	422000000	2000000	0	0.000000
Asat_OT3098_v2_chr5A	422000000	424000000	2000000	0	0.000000
Asat_OT3098_v2_chr5A	424000000	426000000	2000000	0	0.000000
Asat_OT3098_v2_chr5A	426000000	428000000	2000000	1099	0.000549
Asat_OT3098_v2_chr5A	428000000	430000000	2000000	0	0.000000
Asat_OT3098_v2_chr5A	430000000	432000000	2000000	2851	0.001425
Asat_OT3098_v2_chr5A	432000000	434000000	2000000	6839	0.003419
Asat_OT3098_v2_chr5A	434000000	436000000	2000000	9134	0.004567
Asat_OT3098_v2_chr5A	436000000	438000000	2000000	7220	0.003610
Asat_OT3098_v2_chr5A	438000000	440000000	2000000	0	0.000000
Asat_OT3098_v2_chr5A	440000000	442000000	2000000	0	0.000000
Asat_OT3098_v2_chr5A	442000000	444000000	2000000	0	0.000000
Asat_OT3098_v2_chr5A	444000000	446000000	2000000	4248	0.002124
Asat_OT3098_v2_chr5A	446000000	448000000	2000000	0	0.000000
Asat_OT3098_v2_chr5A	448000000	450000000	2000000	0	0.000000
Asat_OT3098_v2_chr5A	450000000	452000000	2000000	15630	0.007815
Asat_OT3098_v2_chr5A	452000000	454000000	2000000	11314	0.005657
Asat_OT3098_v2_chr5A	454000000	456000000	2000000	0	0.000000
Asat_OT3098_v2_chr5A	456000000	458000000	2000000	0	0.000000
Asat_OT3098_v2_chr5A	458000000	460000000	2000000	11894	0.005947
Asat_OT3098_v2_chr5A	460000000	462000000	2000000	0	0.000000
Asat_OT3098_v2_chr5A	462000000	464000000	2000000	0	0.000000
Asat_OT3098_v2_chr5A	464000000	466000000	2000000	0	0.000000
Asat_OT3098_v2_chr5A	466000000	468000000	2000000	0	0.000000
Asat_OT3098_v2_chr5A	468000000	470000000	2000000	0	0.000000
Asat_OT3098_v2_chr5A	470000000	472000000	2000000	0	0.000000
Asat_OT3098_v2_chr5A	472000000	474000000	2000000	0	0.000000
Asat_OT3098_v2_chr5A	474000000	476000000	2000000	0	0.000000
Asat_OT3098_v2_chr5A	476000000	478000000	2000000	0	0.000000
Asat_OT3098_v2_chr5A	478000000	480000000	2000000	0	0.000000
Asat_OT3098_v2_chr5A	480000000	482000000	2000000	6837	0.003419
Asat_OT3098_v2_chr5A	482000000	484000000	2000000	0	0.000000
Asat_OT3098_v2_chr5A	484000000	485323027	1323027	0	0.000000
Asat_OT3098_v2_chr5C	0	2000000	2000000	2144	0.001072
Asat_OT3098_v2_chr5C	2000000	4000000	2000000	5175	0.002587
Asat_OT3098_v2_chr5C	4000000	6000000	2000000	1366	0.000683
Asat_OT3098_v2_chr5C	6000000	8000000	2000000	7802	0.003901
Asat_OT3098_v2_chr5C	8000000	10000000	2000000	0	0.000000
Asat_OT3098_v2_chr5C	10000000	12000000	2000000	0	0.000000
Asat_OT3098_v2_chr5C	12000000	14000000	2000000	3772	0.001886
Asat_OT3098_v2_chr5C	14000000	16000000	2000000	0	0.000000
Asat_OT3098_v2_chr5C	16000000	18000000	2000000	2223	0.001112
Asat_OT3098_v2_chr5C	18000000	20000000	2000000	0	0.000000
Asat_OT3098_v2_chr5C	20000000	22000000	2000000	2182	0.001091
Asat_OT3098_v2_chr5C	22000000	24000000	2000000	7675	0.003838
Asat_OT3098_v2_chr5C	24000000	26000000	2000000	0	0.000000
Asat_OT3098_v2_chr5C	26000000	28000000	2000000	1662	0.000831
Asat_OT3098_v2_chr5C	28000000	30000000	2000000	0	0.000000
Asat_OT3098_v2_chr5C	30000000	32000000	2000000	0	0.000000
Asat_OT3098_v2_chr5C	32000000	34000000	2000000	1728	0.000864
Asat_OT3098_v2_chr5C	34000000	36000000	2000000	0	0.000000
Asat_OT3098_v2_chr5C	36000000	38000000	2000000	0	0.000000
Asat_OT3098_v2_chr5C	38000000	40000000	2000000	5025	0.002512
Asat_OT3098_v2_chr5C	40000000	42000000	2000000	1307	0.000654
Asat_OT3098_v2_chr5C	42000000	44000000	2000000	0	0.000000
Asat_OT3098_v2_chr5C	44000000	46000000	2000000	0	0.000000
Asat_OT3098_v2_chr5C	46000000	48000000	2000000	0	0.000000
Asat_OT3098_v2_chr5C	48000000	50000000	2000000	0	0.000000
Asat_OT3098_v2_chr5C	50000000	52000000	2000000	0	0.000000
Asat_OT3098_v2_chr5C	52000000	54000000	2000000	4750	0.002375
Asat_OT3098_v2_chr5C	54000000	56000000	2000000	0	0.000000
Asat_OT3098_v2_chr5C	56000000	58000000	2000000	0	0.000000
Asat_OT3098_v2_chr5C	58000000	60000000	2000000	0	0.000000
Asat_OT3098_v2_chr5C	60000000	62000000	2000000	0	0.000000
Asat_OT3098_v2_chr5C	62000000	64000000	2000000	0	0.000000
Asat_OT3098_v2_chr5C	64000000	66000000	2000000	0	0.000000
Asat_OT3098_v2_chr5C	66000000	68000000	2000000	5831	0.002916
Asat_OT3098_v2_chr5C	68000000	70000000	2000000	5575	0.002788
Asat_OT3098_v2_chr5C	70000000	72000000	2000000	0	0.000000
Asat_OT3098_v2_chr5C	72000000	74000000	2000000	0	0.000000
Asat_OT3098_v2_chr5C	74000000	76000000	2000000	0	0.000000
Asat_OT3098_v2_chr5C	76000000	78000000	2000000	0	0.000000
Asat_OT3098_v2_chr5C	78000000	80000000	2000000	6120	0.003060
Asat_OT3098_v2_chr5C	80000000	82000000	2000000	0	0.000000
Asat_OT3098_v2_chr5C	82000000	84000000	2000000	0	0.000000
Asat_OT3098_v2_chr5C	84000000	86000000	2000000	0	0.000000
Asat_OT3098_v2_chr5C	86000000	88000000	2000000	0	0.000000
Asat_OT3098_v2_chr5C	88000000	90000000	2000000	0	0.000000
Asat_OT3098_v2_chr5C	90000000	92000000	2000000	0	0.000000
Asat_OT3098_v2_chr5C	92000000	94000000	2000000	2493	0.001246
Asat_OT3098_v2_chr5C	94000000	96000000	2000000	0	0.000000
Asat_OT3098_v2_chr5C	96000000	98000000	2000000	0	0.000000
Asat_OT3098_v2_chr5C	98000000	100000000	2000000	6263	0.003132
Asat_OT3098_v2_chr5C	100000000	102000000	2000000	0	0.000000
Asat_OT3098_v2_chr5C	102000000	104000000	2000000	4043	0.002021
Asat_OT3098_v2_chr5C	104000000	106000000	2000000	0	0.000000
Asat_OT3098_v2_chr5C	106000000	108000000	2000000	0	0.000000
Asat_OT3098_v2_chr5C	108000000	110000000	2000000	0	0.000000
Asat_OT3098_v2_chr5C	110000000	112000000	2000000	0	0.000000
Asat_OT3098_v2_chr5C	112000000	114000000	2000000	0	0.000000
Asat_OT3098_v2_chr5C	114000000	116000000	2000000	0	0.000000
Asat_OT3098_v2_chr5C	116000000	118000000	2000000	0	0.000000
Asat_OT3098_v2_chr5C	118000000	120000000	2000000	0	0.000000
Asat_OT3098_v2_chr5C	120000000	122000000	2000000	0	0.000000
Asat_OT3098_v2_chr5C	122000000	124000000	2000000	3704	0.001852
Asat_OT3098_v2_chr5C	124000000	126000000	2000000	18723	0.009362
Asat_OT3098_v2_chr5C	126000000	128000000	2000000	7696	0.003848
Asat_OT3098_v2_chr5C	128000000	130000000	2000000	0	0.000000
Asat_OT3098_v2_chr5C	130000000	132000000	2000000	0	0.000000
Asat_OT3098_v2_chr5C	132000000	134000000	2000000	0	0.000000
Asat_OT3098_v2_chr5C	134000000	136000000	2000000	0	0.000000
Asat_OT3098_v2_chr5C	136000000	138000000	2000000	0	0.000000
Asat_OT3098_v2_chr5C	138000000	140000000	2000000	0	0.000000
Asat_OT3098_v2_chr5C	140000000	142000000	2000000	0	0.000000
Asat_OT3098_v2_chr5C	142000000	144000000	2000000	0	0.000000
Asat_OT3098_v2_chr5C	144000000	146000000	2000000	8663	0.004332
Asat_OT3098_v2_chr5C	146000000	148000000	2000000	0	0.000000
Asat_OT3098_v2_chr5C	148000000	150000000	2000000	0	0.000000
Asat_OT3098_v2_chr5C	150000000	152000000	2000000	9111	0.004555
Asat_OT3098_v2_chr5C	152000000	154000000	2000000	3689	0.001845
Asat_OT3098_v2_chr5C	154000000	156000000	2000000	1816	0.000908
Asat_OT3098_v2_chr5C	156000000	158000000	2000000	0	0.000000
Asat_OT3098_v2_chr5C	158000000	160000000	2000000	4673	0.002337
Asat_OT3098_v2_chr5C	160000000	162000000	2000000	0	0.000000
Asat_OT3098_v2_chr5C	162000000	164000000	2000000	0	0.000000
Asat_OT3098_v2_chr5C	164000000	166000000	2000000	0	0.000000
Asat_OT3098_v2_chr5C	166000000	168000000	2000000	7520	0.003760
Asat_OT3098_v2_chr5C	168000000	170000000	2000000	3529	0.001765
Asat_OT3098_v2_chr5C	170000000	172000000	2000000	0	0.000000
Asat_OT3098_v2_chr5C	172000000	174000000	2000000	0	0.000000
Asat_OT3098_v2_chr5C	174000000	176000000	2000000	0	0.000000
Asat_OT3098_v2_chr5C	176000000	178000000	2000000	0	0.000000
Asat_OT3098_v2_chr5C	178000000	180000000	2000000	0	0.000000
Asat_OT3098_v2_chr5C	180000000	182000000	2000000	1011	0.000505
Asat_OT3098_v2_chr5C	182000000	184000000	2000000	0	0.000000
Asat_OT3098_v2_chr5C	184000000	186000000	2000000	3842	0.001921
Asat_OT3098_v2_chr5C	186000000	188000000	2000000	4982	0.002491
Asat_OT3098_v2_chr5C	188000000	190000000	2000000	10753	0.005377
Asat_OT3098_v2_chr5C	190000000	192000000	2000000	3210	0.001605
Asat_OT3098_v2_chr5C	192000000	194000000	2000000	3292	0.001646
Asat_OT3098_v2_chr5C	194000000	196000000	2000000	0	0.000000
Asat_OT3098_v2_chr5C	196000000	198000000	2000000	0	0.000000
Asat_OT3098_v2_chr5C	198000000	200000000	2000000	0	0.000000
Asat_OT3098_v2_chr5C	200000000	202000000	2000000	0	0.000000
Asat_OT3098_v2_chr5C	202000000	204000000	2000000	0	0.000000
Asat_OT3098_v2_chr5C	204000000	206000000	2000000	0	0.000000
Asat_OT3098_v2_chr5C	206000000	208000000	2000000	0	0.000000
Asat_OT3098_v2_chr5C	208000000	210000000	2000000	0	0.000000
Asat_OT3098_v2_chr5C	210000000	212000000	2000000	14243	0.007122
Asat_OT3098_v2_chr5C	212000000	214000000	2000000	18512	0.009256
Asat_OT3098_v2_chr5C	214000000	216000000	2000000	10678	0.005339
Asat_OT3098_v2_chr5C	216000000	218000000	2000000	0	0.000000
Asat_OT3098_v2_chr5C	218000000	220000000	2000000	0	0.000000
Asat_OT3098_v2_chr5C	220000000	222000000	2000000	16943	0.008471
Asat_OT3098_v2_chr5C	222000000	224000000	2000000	90388	0.045194
Asat_OT3098_v2_chr5C	224000000	226000000	2000000	112329	0.056164
Asat_OT3098_v2_chr5C	226000000	228000000	2000000	105632	0.052816
Asat_OT3098_v2_chr5C	228000000	230000000	2000000	93328	0.046664
Asat_OT3098_v2_chr5C	230000000	232000000	2000000	67192	0.033596
Asat_OT3098_v2_chr5C	232000000	234000000	2000000	36725	0.018363
Asat_OT3098_v2_chr5C	234000000	236000000	2000000	150220	0.075110
Asat_OT3098_v2_chr5C	236000000	238000000	2000000	126270	0.063135
Asat_OT3098_v2_chr5C	238000000	240000000	2000000	12888	0.006444
Asat_OT3098_v2_chr5C	240000000	242000000	2000000	9600	0.004800
Asat_OT3098_v2_chr5C	242000000	244000000	2000000	0	0.000000
Asat_OT3098_v2_chr5C	244000000	246000000	2000000	0	0.000000
Asat_OT3098_v2_chr5C	246000000	248000000	2000000	1312	0.000656
Asat_OT3098_v2_chr5C	248000000	250000000	2000000	4621	0.002311
Asat_OT3098_v2_chr5C	250000000	252000000	2000000	0	0.000000
Asat_OT3098_v2_chr5C	252000000	254000000	2000000	1167	0.000584
Asat_OT3098_v2_chr5C	254000000	256000000	2000000	7590	0.003795
Asat_OT3098_v2_chr5C	256000000	258000000	2000000	18393	0.009196
Asat_OT3098_v2_chr5C	258000000	260000000	2000000	39582	0.019791
Asat_OT3098_v2_chr5C	260000000	262000000	2000000	80568	0.040284
Asat_OT3098_v2_chr5C	262000000	264000000	2000000	48759	0.024379
Asat_OT3098_v2_chr5C	264000000	266000000	2000000	27179	0.013589
Asat_OT3098_v2_chr5C	266000000	268000000	2000000	14327	0.007163
Asat_OT3098_v2_chr5C	268000000	270000000	2000000	12249	0.006124
Asat_OT3098_v2_chr5C	270000000	272000000	2000000	8692	0.004346
Asat_OT3098_v2_chr5C	272000000	274000000	2000000	60653	0.030326
Asat_OT3098_v2_chr5C	274000000	276000000	2000000	0	0.000000
Asat_OT3098_v2_chr5C	276000000	278000000	2000000	34862	0.017431
Asat_OT3098_v2_chr5C	278000000	280000000	2000000	7524	0.003762
Asat_OT3098_v2_chr5C	280000000	282000000	2000000	27929	0.013964
Asat_OT3098_v2_chr5C	282000000	284000000	2000000	25376	0.012688
Asat_OT3098_v2_chr5C	284000000	286000000	2000000	0	0.000000
Asat_OT3098_v2_chr5C	286000000	288000000	2000000	0	0.000000
Asat_OT3098_v2_chr5C	288000000	290000000	2000000	8943	0.004471
Asat_OT3098_v2_chr5C	290000000	292000000	2000000	24145	0.012072
Asat_OT3098_v2_chr5C	292000000	294000000	2000000	14349	0.007175
Asat_OT3098_v2_chr5C	294000000	296000000	2000000	17870	0.008935
Asat_OT3098_v2_chr5C	296000000	298000000	2000000	40606	0.020303
Asat_OT3098_v2_chr5C	298000000	300000000	2000000	8485	0.004242
Asat_OT3098_v2_chr5C	300000000	302000000	2000000	0	0.000000
Asat_OT3098_v2_chr5C	302000000	304000000	2000000	0	0.000000
Asat_OT3098_v2_chr5C	304000000	306000000	2000000	0	0.000000
Asat_OT3098_v2_chr5C	306000000	308000000	2000000	2432	0.001216
Asat_OT3098_v2_chr5C	308000000	310000000	2000000	0	0.000000
Asat_OT3098_v2_chr5C	310000000	312000000	2000000	0	0.000000
Asat_OT3098_v2_chr5C	312000000	314000000	2000000	3357	0.001679
Asat_OT3098_v2_chr5C	314000000	316000000	2000000	3310	0.001655
Asat_OT3098_v2_chr5C	316000000	318000000	2000000	1121	0.000561
Asat_OT3098_v2_chr5C	318000000	320000000	2000000	1167	0.000584
Asat_OT3098_v2_chr5C	320000000	322000000	2000000	0	0.000000
Asat_OT3098_v2_chr5C	322000000	324000000	2000000	0	0.000000
Asat_OT3098_v2_chr5C	324000000	326000000	2000000	0	0.000000
Asat_OT3098_v2_chr5C	326000000	328000000	2000000	0	0.000000
Asat_OT3098_v2_chr5C	328000000	330000000	2000000	0	0.000000
Asat_OT3098_v2_chr5C	330000000	332000000	2000000	0	0.000000
Asat_OT3098_v2_chr5C	332000000	334000000	2000000	0	0.000000
Asat_OT3098_v2_chr5C	334000000	336000000	2000000	0	0.000000
Asat_OT3098_v2_chr5C	336000000	338000000	2000000	1074	0.000537
Asat_OT3098_v2_chr5C	338000000	340000000	2000000	0	0.000000
Asat_OT3098_v2_chr5C	340000000	342000000	2000000	0	0.000000
Asat_OT3098_v2_chr5C	342000000	344000000	2000000	0	0.000000
Asat_OT3098_v2_chr5C	344000000	346000000	2000000	4669	0.002335
Asat_OT3098_v2_chr5C	346000000	348000000	2000000	0	0.000000
Asat_OT3098_v2_chr5C	348000000	350000000	2000000	0	0.000000
Asat_OT3098_v2_chr5C	350000000	352000000	2000000	0	0.000000
Asat_OT3098_v2_chr5C	352000000	354000000	2000000	3466	0.001733
Asat_OT3098_v2_chr5C	354000000	356000000	2000000	1037	0.000518
Asat_OT3098_v2_chr5C	356000000	358000000	2000000	3564	0.001782
Asat_OT3098_v2_chr5C	358000000	360000000	2000000	0	0.000000
Asat_OT3098_v2_chr5C	360000000	362000000	2000000	0	0.000000
Asat_OT3098_v2_chr5C	362000000	364000000	2000000	0	0.000000
Asat_OT3098_v2_chr5C	364000000	366000000	2000000	0	0.000000
Asat_OT3098_v2_chr5C	366000000	368000000	2000000	0	0.000000
Asat_OT3098_v2_chr5C	368000000	370000000	2000000	0	0.000000
Asat_OT3098_v2_chr5C	370000000	372000000	2000000	0	0.000000
Asat_OT3098_v2_chr5C	372000000	374000000	2000000	1170	0.000585
Asat_OT3098_v2_chr5C	374000000	376000000	2000000	0	0.000000
Asat_OT3098_v2_chr5C	376000000	378000000	2000000	0	0.000000
Asat_OT3098_v2_chr5C	378000000	380000000	2000000	0	0.000000
Asat_OT3098_v2_chr5C	380000000	382000000	2000000	0	0.000000
Asat_OT3098_v2_chr5C	382000000	384000000	2000000	0	0.000000
Asat_OT3098_v2_chr5C	384000000	386000000	2000000	0	0.000000
Asat_OT3098_v2_chr5C	386000000	388000000	2000000	0	0.000000
Asat_OT3098_v2_chr5C	388000000	390000000	2000000	0	0.000000
Asat_OT3098_v2_chr5C	390000000	392000000	2000000	0	0.000000
Asat_OT3098_v2_chr5C	392000000	394000000	2000000	0	0.000000
Asat_OT3098_v2_chr5C	394000000	396000000	2000000	0	0.000000
Asat_OT3098_v2_chr5C	396000000	398000000	2000000	0	0.000000
Asat_OT3098_v2_chr5C	398000000	400000000	2000000	0	0.000000
Asat_OT3098_v2_chr5C	400000000	402000000	2000000	0	0.000000
Asat_OT3098_v2_chr5C	402000000	404000000	2000000	0	0.000000
Asat_OT3098_v2_chr5C	404000000	406000000	2000000	0	0.000000
Asat_OT3098_v2_chr5C	406000000	408000000	2000000	7614	0.003807
Asat_OT3098_v2_chr5C	408000000	410000000	2000000	0	0.000000
Asat_OT3098_v2_chr5C	410000000	412000000	2000000	0	0.000000
Asat_OT3098_v2_chr5C	412000000	414000000	2000000	0	0.000000
Asat_OT3098_v2_chr5C	414000000	416000000	2000000	0	0.000000
Asat_OT3098_v2_chr5C	416000000	418000000	2000000	0	0.000000
Asat_OT3098_v2_chr5C	418000000	420000000	2000000	0	0.000000
Asat_OT3098_v2_chr5C	420000000	422000000	2000000	0	0.000000
Asat_OT3098_v2_chr5C	422000000	424000000	2000000	0	0.000000
Asat_OT3098_v2_chr5C	424000000	426000000	2000000	0	0.000000
Asat_OT3098_v2_chr5C	426000000	428000000	2000000	0	0.000000
Asat_OT3098_v2_chr5C	428000000	430000000	2000000	0	0.000000
Asat_OT3098_v2_chr5C	430000000	432000000	2000000	0	0.000000
Asat_OT3098_v2_chr5C	432000000	434000000	2000000	0	0.000000
Asat_OT3098_v2_chr5C	434000000	436000000	2000000	0	0.000000
Asat_OT3098_v2_chr5C	436000000	438000000	2000000	1159	0.000580
Asat_OT3098_v2_chr5C	438000000	440000000	2000000	1172	0.000586
Asat_OT3098_v2_chr5C	440000000	442000000	2000000	3447	0.001723
Asat_OT3098_v2_chr5C	442000000	444000000	2000000	0	0.000000
Asat_OT3098_v2_chr5C	444000000	446000000	2000000	0	0.000000
Asat_OT3098_v2_chr5C	446000000	448000000	2000000	0	0.000000
Asat_OT3098_v2_chr5C	448000000	450000000	2000000	0	0.000000
Asat_OT3098_v2_chr5C	450000000	452000000	2000000	0	0.000000
Asat_OT3098_v2_chr5C	452000000	454000000	2000000	0	0.000000
Asat_OT3098_v2_chr5C	454000000	456000000	2000000	0	0.000000
Asat_OT3098_v2_chr5C	456000000	458000000	2000000	0	0.000000
Asat_OT3098_v2_chr5C	458000000	460000000	2000000	0	0.000000
Asat_OT3098_v2_chr5C	460000000	462000000	2000000	1249	0.000624
Asat_OT3098_v2_chr5C	462000000	464000000	2000000	0	0.000000
Asat_OT3098_v2_chr5C	464000000	466000000	2000000	0	0.000000
Asat_OT3098_v2_chr5C	466000000	468000000	2000000	1523	0.000762
Asat_OT3098_v2_chr5C	468000000	470000000	2000000	0	0.000000
Asat_OT3098_v2_chr5C	470000000	472000000	2000000	0	0.000000
Asat_OT3098_v2_chr5C	472000000	474000000	2000000	0	0.000000
Asat_OT3098_v2_chr5C	474000000	476000000	2000000	0	0.000000
Asat_OT3098_v2_chr5C	476000000	478000000	2000000	0	0.000000
Asat_OT3098_v2_chr5C	478000000	480000000	2000000	0	0.000000
Asat_OT3098_v2_chr5C	480000000	482000000	2000000	3750	0.001875
Asat_OT3098_v2_chr5C	482000000	484000000	2000000	0	0.000000
Asat_OT3098_v2_chr5C	484000000	486000000	2000000	0	0.000000
Asat_OT3098_v2_chr5C	486000000	488000000	2000000	0	0.000000
Asat_OT3098_v2_chr5C	488000000	490000000	2000000	0	0.000000
Asat_OT3098_v2_chr5C	490000000	492000000	2000000	0	0.000000
Asat_OT3098_v2_chr5C	492000000	494000000	2000000	0	0.000000
Asat_OT3098_v2_chr5C	494000000	496000000	2000000	0	0.000000
Asat_OT3098_v2_chr5C	496000000	498000000	2000000	0	0.000000
Asat_OT3098_v2_chr5C	498000000	500000000	2000000	3948	0.001974
Asat_OT3098_v2_chr5C	500000000	502000000	2000000	0	0.000000
Asat_OT3098_v2_chr5C	502000000	504000000	2000000	0	0.000000
Asat_OT3098_v2_chr5C	504000000	506000000	2000000	0	0.000000
Asat_OT3098_v2_chr5C	506000000	508000000	2000000	0	0.000000
Asat_OT3098_v2_chr5C	508000000	510000000	2000000	0	0.000000
Asat_OT3098_v2_chr5C	510000000	512000000	2000000	0	0.000000
Asat_OT3098_v2_chr5C	512000000	514000000	2000000	0	0.000000
Asat_OT3098_v2_chr5C	514000000	516000000	2000000	0	0.000000
Asat_OT3098_v2_chr5C	516000000	518000000	2000000	0	0.000000
Asat_OT3098_v2_chr5C	518000000	520000000	2000000	1433	0.000717
Asat_OT3098_v2_chr5C	520000000	522000000	2000000	0	0.000000
Asat_OT3098_v2_chr5C	522000000	524000000	2000000	5518	0.002759
Asat_OT3098_v2_chr5C	524000000	526000000	2000000	0	0.000000
Asat_OT3098_v2_chr5C	526000000	528000000	2000000	1479	0.000740
Asat_OT3098_v2_chr5C	528000000	530000000	2000000	0	0.000000
Asat_OT3098_v2_chr5C	530000000	532000000	2000000	0	0.000000
Asat_OT3098_v2_chr5C	532000000	534000000	2000000	0	0.000000
Asat_OT3098_v2_chr5C	534000000	536000000	2000000	1717	0.000858
Asat_OT3098_v2_chr5C	536000000	538000000	2000000	3470	0.001735
Asat_OT3098_v2_chr5C	538000000	540000000	2000000	0	0.000000
Asat_OT3098_v2_chr5C	540000000	542000000	2000000	3714	0.001857
Asat_OT3098_v2_chr5C	542000000	544000000	2000000	4217	0.002109
Asat_OT3098_v2_chr5C	544000000	546000000	2000000	0	0.000000
Asat_OT3098_v2_chr5C	546000000	548000000	2000000	0	0.000000
Asat_OT3098_v2_chr5C	548000000	550000000	2000000	0	0.000000
Asat_OT3098_v2_chr5C	550000000	552000000	2000000	0	0.000000
Asat_OT3098_v2_chr5C	552000000	554000000	2000000	0	0.000000
Asat_OT3098_v2_chr5C	554000000	556000000	2000000	1174	0.000587
Asat_OT3098_v2_chr5C	556000000	558000000	2000000	0	0.000000
Asat_OT3098_v2_chr5C	558000000	560000000	2000000	0	0.000000
Asat_OT3098_v2_chr5C	560000000	562000000	2000000	0	0.000000
Asat_OT3098_v2_chr5C	562000000	564000000	2000000	0	0.000000
Asat_OT3098_v2_chr5C	564000000	566000000	2000000	0	0.000000
Asat_OT3098_v2_chr5C	566000000	568000000	2000000	0	0.000000
Asat_OT3098_v2_chr5C	568000000	570000000	2000000	0	0.000000
Asat_OT3098_v2_chr5C	570000000	572000000	2000000	0	0.000000
Asat_OT3098_v2_chr5C	572000000	574000000	2000000	0	0.000000
Asat_OT3098_v2_chr5C	574000000	576000000	2000000	0	0.000000
Asat_OT3098_v2_chr5C	576000000	578000000	2000000	0	0.000000
Asat_OT3098_v2_chr5C	578000000	580000000	2000000	0	0.000000
Asat_OT3098_v2_chr5C	580000000	582000000	2000000	0	0.000000
Asat_OT3098_v2_chr5C	582000000	584000000	2000000	4675	0.002338
Asat_OT3098_v2_chr5C	584000000	586000000	2000000	0	0.000000
Asat_OT3098_v2_chr5C	586000000	588000000	2000000	0	0.000000
Asat_OT3098_v2_chr5C	588000000	590000000	2000000	0	0.000000
Asat_OT3098_v2_chr5C	590000000	592000000	2000000	0	0.000000
Asat_OT3098_v2_chr5C	592000000	594000000	2000000	0	0.000000
Asat_OT3098_v2_chr5C	594000000	596000000	2000000	0	0.000000
Asat_OT3098_v2_chr5C	596000000	598000000	2000000	0	0.000000
Asat_OT3098_v2_chr5C	598000000	600000000	2000000	0	0.000000
Asat_OT3098_v2_chr5C	600000000	602000000	2000000	0	0.000000
Asat_OT3098_v2_chr5C	602000000	604000000	2000000	0	0.000000
Asat_OT3098_v2_chr5C	604000000	606000000	2000000	0	0.000000
Asat_OT3098_v2_chr5C	606000000	608000000	2000000	0	0.000000
Asat_OT3098_v2_chr5C	608000000	610000000	2000000	0	0.000000
Asat_OT3098_v2_chr5C	610000000	612000000	2000000	0	0.000000
Asat_OT3098_v2_chr5C	612000000	613160974	1160974	0	0.000000
Asat_OT3098_v2_chr5D	0	2000000	2000000	0	0.000000
Asat_OT3098_v2_chr5D	2000000	4000000	2000000	4836	0.002418
Asat_OT3098_v2_chr5D	4000000	6000000	2000000	10378	0.005189
Asat_OT3098_v2_chr5D	6000000	8000000	2000000	0	0.000000
Asat_OT3098_v2_chr5D	8000000	10000000	2000000	0	0.000000
Asat_OT3098_v2_chr5D	10000000	12000000	2000000	0	0.000000
Asat_OT3098_v2_chr5D	12000000	14000000	2000000	0	0.000000
Asat_OT3098_v2_chr5D	14000000	16000000	2000000	0	0.000000
Asat_OT3098_v2_chr5D	16000000	18000000	2000000	0	0.000000
Asat_OT3098_v2_chr5D	18000000	20000000	2000000	0	0.000000
Asat_OT3098_v2_chr5D	20000000	22000000	2000000	0	0.000000
Asat_OT3098_v2_chr5D	22000000	24000000	2000000	11885	0.005942
Asat_OT3098_v2_chr5D	24000000	26000000	2000000	5574	0.002787
Asat_OT3098_v2_chr5D	26000000	28000000	2000000	0	0.000000
Asat_OT3098_v2_chr5D	28000000	30000000	2000000	0	0.000000
Asat_OT3098_v2_chr5D	30000000	32000000	2000000	0	0.000000
Asat_OT3098_v2_chr5D	32000000	34000000	2000000	0	0.000000
Asat_OT3098_v2_chr5D	34000000	36000000	2000000	0	0.000000
Asat_OT3098_v2_chr5D	36000000	38000000	2000000	9359	0.004679
Asat_OT3098_v2_chr5D	38000000	40000000	2000000	0	0.000000
Asat_OT3098_v2_chr5D	40000000	42000000	2000000	0	0.000000
Asat_OT3098_v2_chr5D	42000000	44000000	2000000	4290	0.002145
Asat_OT3098_v2_chr5D	44000000	46000000	2000000	8935	0.004468
Asat_OT3098_v2_chr5D	46000000	48000000	2000000	0	0.000000
Asat_OT3098_v2_chr5D	48000000	50000000	2000000	0	0.000000
Asat_OT3098_v2_chr5D	50000000	52000000	2000000	0	0.000000
Asat_OT3098_v2_chr5D	52000000	54000000	2000000	0	0.000000
Asat_OT3098_v2_chr5D	54000000	56000000	2000000	0	0.000000
Asat_OT3098_v2_chr5D	56000000	58000000	2000000	5034	0.002517
Asat_OT3098_v2_chr5D	58000000	60000000	2000000	0	0.000000
Asat_OT3098_v2_chr5D	60000000	62000000	2000000	0	0.000000
Asat_OT3098_v2_chr5D	62000000	64000000	2000000	0	0.000000
Asat_OT3098_v2_chr5D	64000000	66000000	2000000	0	0.000000
Asat_OT3098_v2_chr5D	66000000	68000000	2000000	0	0.000000
Asat_OT3098_v2_chr5D	68000000	70000000	2000000	0	0.000000
Asat_OT3098_v2_chr5D	70000000	72000000	2000000	4148	0.002074
Asat_OT3098_v2_chr5D	72000000	74000000	2000000	0	0.000000
Asat_OT3098_v2_chr5D	74000000	76000000	2000000	0	0.000000
Asat_OT3098_v2_chr5D	76000000	78000000	2000000	0	0.000000
Asat_OT3098_v2_chr5D	78000000	80000000	2000000	4625	0.002312
Asat_OT3098_v2_chr5D	80000000	82000000	2000000	0	0.000000
Asat_OT3098_v2_chr5D	82000000	84000000	2000000	0	0.000000
Asat_OT3098_v2_chr5D	84000000	86000000	2000000	5845	0.002923
Asat_OT3098_v2_chr5D	86000000	88000000	2000000	5045	0.002523
Asat_OT3098_v2_chr5D	88000000	90000000	2000000	0	0.000000
Asat_OT3098_v2_chr5D	90000000	92000000	2000000	0	0.000000
Asat_OT3098_v2_chr5D	92000000	94000000	2000000	0	0.000000
Asat_OT3098_v2_chr5D	94000000	96000000	2000000	0	0.000000
Asat_OT3098_v2_chr5D	96000000	98000000	2000000	0	0.000000
Asat_OT3098_v2_chr5D	98000000	100000000	2000000	5679	0.002840
Asat_OT3098_v2_chr5D	100000000	102000000	2000000	0	0.000000
Asat_OT3098_v2_chr5D	102000000	104000000	2000000	0	0.000000
Asat_OT3098_v2_chr5D	104000000	106000000	2000000	0	0.000000
Asat_OT3098_v2_chr5D	106000000	108000000	2000000	6887	0.003443
Asat_OT3098_v2_chr5D	108000000	110000000	2000000	6811	0.003406
Asat_OT3098_v2_chr5D	110000000	112000000	2000000	11547	0.005773
Asat_OT3098_v2_chr5D	112000000	114000000	2000000	0	0.000000
Asat_OT3098_v2_chr5D	114000000	116000000	2000000	0	0.000000
Asat_OT3098_v2_chr5D	116000000	118000000	2000000	0	0.000000
Asat_OT3098_v2_chr5D	118000000	120000000	2000000	0	0.000000
Asat_OT3098_v2_chr5D	120000000	122000000	2000000	0	0.000000
Asat_OT3098_v2_chr5D	122000000	124000000	2000000	7458	0.003729
Asat_OT3098_v2_chr5D	124000000	126000000	2000000	0	0.000000
Asat_OT3098_v2_chr5D	126000000	128000000	2000000	0	0.000000
Asat_OT3098_v2_chr5D	128000000	130000000	2000000	0	0.000000
Asat_OT3098_v2_chr5D	130000000	132000000	2000000	0	0.000000
Asat_OT3098_v2_chr5D	132000000	134000000	2000000	0	0.000000
Asat_OT3098_v2_chr5D	134000000	136000000	2000000	0	0.000000
Asat_OT3098_v2_chr5D	136000000	138000000	2000000	0	0.000000
Asat_OT3098_v2_chr5D	138000000	140000000	2000000	3225	0.001613
Asat_OT3098_v2_chr5D	140000000	142000000	2000000	0	0.000000
Asat_OT3098_v2_chr5D	142000000	144000000	2000000	2201	0.001100
Asat_OT3098_v2_chr5D	144000000	146000000	2000000	18880	0.009440
Asat_OT3098_v2_chr5D	146000000	148000000	2000000	8716	0.004358
Asat_OT3098_v2_chr5D	148000000	150000000	2000000	12522	0.006261
Asat_OT3098_v2_chr5D	150000000	152000000	2000000	0	0.000000
Asat_OT3098_v2_chr5D	152000000	154000000	2000000	0	0.000000
Asat_OT3098_v2_chr5D	154000000	156000000	2000000	4617	0.002308
Asat_OT3098_v2_chr5D	156000000	158000000	2000000	5348	0.002674
Asat_OT3098_v2_chr5D	158000000	160000000	2000000	3042	0.001521
Asat_OT3098_v2_chr5D	160000000	162000000	2000000	6178	0.003089
Asat_OT3098_v2_chr5D	162000000	164000000	2000000	13404	0.006702
Asat_OT3098_v2_chr5D	164000000	166000000	2000000	0	0.000000
Asat_OT3098_v2_chr5D	166000000	168000000	2000000	0	0.000000
Asat_OT3098_v2_chr5D	168000000	170000000	2000000	12769	0.006385
Asat_OT3098_v2_chr5D	170000000	172000000	2000000	0	0.000000
Asat_OT3098_v2_chr5D	172000000	174000000	2000000	2201	0.001100
Asat_OT3098_v2_chr5D	174000000	176000000	2000000	154723	0.077361
Asat_OT3098_v2_chr5D	176000000	178000000	2000000	131926	0.065963
Asat_OT3098_v2_chr5D	178000000	180000000	2000000	26478	0.013239
Asat_OT3098_v2_chr5D	180000000	182000000	2000000	13070	0.006535
Asat_OT3098_v2_chr5D	182000000	184000000	2000000	30990	0.015495
Asat_OT3098_v2_chr5D	184000000	186000000	2000000	14129	0.007064
Asat_OT3098_v2_chr5D	186000000	188000000	2000000	57684	0.028842
Asat_OT3098_v2_chr5D	188000000	190000000	2000000	340264	0.170132
Asat_OT3098_v2_chr5D	190000000	192000000	2000000	386975	0.193488
Asat_OT3098_v2_chr5D	192000000	194000000	2000000	266933	0.133466
Asat_OT3098_v2_chr5D	194000000	196000000	2000000	68032	0.034016
Asat_OT3098_v2_chr5D	196000000	198000000	2000000	24451	0.012226
Asat_OT3098_v2_chr5D	198000000	200000000	2000000	19851	0.009926
Asat_OT3098_v2_chr5D	200000000	202000000	2000000	35080	0.017540
Asat_OT3098_v2_chr5D	202000000	204000000	2000000	1126	0.000563
Asat_OT3098_v2_chr5D	204000000	206000000	2000000	1121	0.000561
Asat_OT3098_v2_chr5D	206000000	208000000	2000000	65849	0.032925
Asat_OT3098_v2_chr5D	208000000	210000000	2000000	1023	0.000512
Asat_OT3098_v2_chr5D	210000000	212000000	2000000	0	0.000000
Asat_OT3098_v2_chr5D	212000000	214000000	2000000	0	0.000000
Asat_OT3098_v2_chr5D	214000000	216000000	2000000	2189	0.001094
Asat_OT3098_v2_chr5D	216000000	218000000	2000000	2271	0.001136
Asat_OT3098_v2_chr5D	218000000	220000000	2000000	0	0.000000
Asat_OT3098_v2_chr5D	220000000	222000000	2000000	13165	0.006582
Asat_OT3098_v2_chr5D	222000000	224000000	2000000	10137	0.005069
Asat_OT3098_v2_chr5D	224000000	226000000	2000000	3341	0.001670
Asat_OT3098_v2_chr5D	226000000	228000000	2000000	0	0.000000
Asat_OT3098_v2_chr5D	228000000	230000000	2000000	6745	0.003373
Asat_OT3098_v2_chr5D	230000000	232000000	2000000	0	0.000000
Asat_OT3098_v2_chr5D	232000000	234000000	2000000	0	0.000000
Asat_OT3098_v2_chr5D	234000000	236000000	2000000	2206	0.001103
Asat_OT3098_v2_chr5D	236000000	238000000	2000000	0	0.000000
Asat_OT3098_v2_chr5D	238000000	240000000	2000000	1125	0.000562
Asat_OT3098_v2_chr5D	240000000	242000000	2000000	0	0.000000
Asat_OT3098_v2_chr5D	242000000	244000000	2000000	0	0.000000
Asat_OT3098_v2_chr5D	244000000	246000000	2000000	0	0.000000
Asat_OT3098_v2_chr5D	246000000	248000000	2000000	0	0.000000
Asat_OT3098_v2_chr5D	248000000	250000000	2000000	0	0.000000
Asat_OT3098_v2_chr5D	250000000	252000000	2000000	0	0.000000
Asat_OT3098_v2_chr5D	252000000	254000000	2000000	0	0.000000
Asat_OT3098_v2_chr5D	254000000	256000000	2000000	0	0.000000
Asat_OT3098_v2_chr5D	256000000	258000000	2000000	0	0.000000
Asat_OT3098_v2_chr5D	258000000	260000000	2000000	0	0.000000
Asat_OT3098_v2_chr5D	260000000	262000000	2000000	0	0.000000
Asat_OT3098_v2_chr5D	262000000	264000000	2000000	0	0.000000
Asat_OT3098_v2_chr5D	264000000	266000000	2000000	0	0.000000
Asat_OT3098_v2_chr5D	266000000	268000000	2000000	0	0.000000
Asat_OT3098_v2_chr5D	268000000	270000000	2000000	5344	0.002672
Asat_OT3098_v2_chr5D	270000000	272000000	2000000	0	0.000000
Asat_OT3098_v2_chr5D	272000000	274000000	2000000	0	0.000000
Asat_OT3098_v2_chr5D	274000000	276000000	2000000	0	0.000000
Asat_OT3098_v2_chr5D	276000000	278000000	2000000	0	0.000000
Asat_OT3098_v2_chr5D	278000000	280000000	2000000	0	0.000000
Asat_OT3098_v2_chr5D	280000000	282000000	2000000	0	0.000000
Asat_OT3098_v2_chr5D	282000000	284000000	2000000	0	0.000000
Asat_OT3098_v2_chr5D	284000000	286000000	2000000	0	0.000000
Asat_OT3098_v2_chr5D	286000000	288000000	2000000	0	0.000000
Asat_OT3098_v2_chr5D	288000000	290000000	2000000	0	0.000000
Asat_OT3098_v2_chr5D	290000000	292000000	2000000	1004	0.000502
Asat_OT3098_v2_chr5D	292000000	294000000	2000000	0	0.000000
Asat_OT3098_v2_chr5D	294000000	296000000	2000000	0	0.000000
Asat_OT3098_v2_chr5D	296000000	298000000	2000000	0	0.000000
Asat_OT3098_v2_chr5D	298000000	300000000	2000000	6129	0.003064
Asat_OT3098_v2_chr5D	300000000	302000000	2000000	0	0.000000
Asat_OT3098_v2_chr5D	302000000	304000000	2000000	0	0.000000
Asat_OT3098_v2_chr5D	304000000	306000000	2000000	5143	0.002572
Asat_OT3098_v2_chr5D	306000000	308000000	2000000	0	0.000000
Asat_OT3098_v2_chr5D	308000000	310000000	2000000	0	0.000000
Asat_OT3098_v2_chr5D	310000000	312000000	2000000	0	0.000000
Asat_OT3098_v2_chr5D	312000000	314000000	2000000	0	0.000000
Asat_OT3098_v2_chr5D	314000000	316000000	2000000	7312	0.003656
Asat_OT3098_v2_chr5D	316000000	318000000	2000000	11526	0.005763
Asat_OT3098_v2_chr5D	318000000	320000000	2000000	0	0.000000
Asat_OT3098_v2_chr5D	320000000	322000000	2000000	0	0.000000
Asat_OT3098_v2_chr5D	322000000	324000000	2000000	2032	0.001016
Asat_OT3098_v2_chr5D	324000000	326000000	2000000	0	0.000000
Asat_OT3098_v2_chr5D	326000000	328000000	2000000	6573	0.003286
Asat_OT3098_v2_chr5D	328000000	330000000	2000000	12475	0.006237
Asat_OT3098_v2_chr5D	330000000	332000000	2000000	0	0.000000
Asat_OT3098_v2_chr5D	332000000	334000000	2000000	0	0.000000
Asat_OT3098_v2_chr5D	334000000	336000000	2000000	5562	0.002781
Asat_OT3098_v2_chr5D	336000000	338000000	2000000	4367	0.002184
Asat_OT3098_v2_chr5D	338000000	340000000	2000000	0	0.000000
Asat_OT3098_v2_chr5D	340000000	342000000	2000000	0	0.000000
Asat_OT3098_v2_chr5D	342000000	344000000	2000000	0	0.000000
Asat_OT3098_v2_chr5D	344000000	346000000	2000000	0	0.000000
Asat_OT3098_v2_chr5D	346000000	348000000	2000000	14683	0.007341
Asat_OT3098_v2_chr5D	348000000	350000000	2000000	0	0.000000
Asat_OT3098_v2_chr5D	350000000	352000000	2000000	2557	0.001278
Asat_OT3098_v2_chr5D	352000000	354000000	2000000	0	0.000000
Asat_OT3098_v2_chr5D	354000000	356000000	2000000	0	0.000000
Asat_OT3098_v2_chr5D	356000000	358000000	2000000	3658	0.001829
Asat_OT3098_v2_chr5D	358000000	360000000	2000000	0	0.000000
Asat_OT3098_v2_chr5D	360000000	362000000	2000000	0	0.000000
Asat_OT3098_v2_chr5D	362000000	364000000	2000000	0	0.000000
Asat_OT3098_v2_chr5D	364000000	366000000	2000000	0	0.000000
Asat_OT3098_v2_chr5D	366000000	368000000	2000000	0	0.000000
Asat_OT3098_v2_chr5D	368000000	370000000	2000000	0	0.000000
Asat_OT3098_v2_chr5D	370000000	372000000	2000000	0	0.000000
Asat_OT3098_v2_chr5D	372000000	374000000	2000000	3249	0.001625
Asat_OT3098_v2_chr5D	374000000	376000000	2000000	0	0.000000
Asat_OT3098_v2_chr5D	376000000	378000000	2000000	0	0.000000
Asat_OT3098_v2_chr5D	378000000	380000000	2000000	0	0.000000
Asat_OT3098_v2_chr5D	380000000	382000000	2000000	0	0.000000
Asat_OT3098_v2_chr5D	382000000	384000000	2000000	0	0.000000
Asat_OT3098_v2_chr5D	384000000	386000000	2000000	0	0.000000
Asat_OT3098_v2_chr5D	386000000	388000000	2000000	0	0.000000
Asat_OT3098_v2_chr5D	388000000	390000000	2000000	0	0.000000
Asat_OT3098_v2_chr5D	390000000	392000000	2000000	0	0.000000
Asat_OT3098_v2_chr5D	392000000	394000000	2000000	0	0.000000
Asat_OT3098_v2_chr5D	394000000	396000000	2000000	6897	0.003449
Asat_OT3098_v2_chr5D	396000000	398000000	2000000	0	0.000000
Asat_OT3098_v2_chr5D	398000000	400000000	2000000	0	0.000000
Asat_OT3098_v2_chr5D	400000000	402000000	2000000	8889	0.004444
Asat_OT3098_v2_chr5D	402000000	404000000	2000000	0	0.000000
Asat_OT3098_v2_chr5D	404000000	406000000	2000000	0	0.000000
Asat_OT3098_v2_chr5D	406000000	408000000	2000000	0	0.000000
Asat_OT3098_v2_chr5D	408000000	410000000	2000000	0	0.000000
Asat_OT3098_v2_chr5D	410000000	412000000	2000000	0	0.000000
Asat_OT3098_v2_chr5D	412000000	414000000	2000000	7104	0.003552
Asat_OT3098_v2_chr5D	414000000	416000000	2000000	0	0.000000
Asat_OT3098_v2_chr5D	416000000	418000000	2000000	5563	0.002782
Asat_OT3098_v2_chr5D	418000000	420000000	2000000	0	0.000000
Asat_OT3098_v2_chr5D	420000000	422000000	2000000	4664	0.002332
Asat_OT3098_v2_chr5D	422000000	424000000	2000000	0	0.000000
Asat_OT3098_v2_chr5D	424000000	426000000	2000000	4395	0.002197
Asat_OT3098_v2_chr5D	426000000	428000000	2000000	0	0.000000
Asat_OT3098_v2_chr5D	428000000	430000000	2000000	0	0.000000
Asat_OT3098_v2_chr5D	430000000	432000000	2000000	0	0.000000
Asat_OT3098_v2_chr5D	432000000	434000000	2000000	0	0.000000
Asat_OT3098_v2_chr5D	434000000	436000000	2000000	0	0.000000
Asat_OT3098_v2_chr5D	436000000	438000000	2000000	0	0.000000
Asat_OT3098_v2_chr5D	438000000	440000000	2000000	6570	0.003285
Asat_OT3098_v2_chr5D	440000000	442000000	2000000	0	0.000000
Asat_OT3098_v2_chr5D	442000000	444000000	2000000	0	0.000000
Asat_OT3098_v2_chr5D	444000000	446000000	2000000	0	0.000000
Asat_OT3098_v2_chr5D	446000000	448000000	2000000	0	0.000000
Asat_OT3098_v2_chr5D	448000000	450000000	2000000	0	0.000000
Asat_OT3098_v2_chr5D	450000000	452000000	2000000	0	0.000000
Asat_OT3098_v2_chr5D	452000000	454000000	2000000	2921	0.001460
Asat_OT3098_v2_chr5D	454000000	456000000	2000000	0	0.000000
Asat_OT3098_v2_chr5D	456000000	458000000	2000000	0	0.000000
Asat_OT3098_v2_chr5D	458000000	460000000	2000000	0	0.000000
Asat_OT3098_v2_chr5D	460000000	462000000	2000000	4770	0.002385
Asat_OT3098_v2_chr5D	462000000	464000000	2000000	0	0.000000
Asat_OT3098_v2_chr5D	464000000	466000000	2000000	0	0.000000
Asat_OT3098_v2_chr5D	466000000	468000000	2000000	0	0.000000
Asat_OT3098_v2_chr5D	468000000	470000000	2000000	0	0.000000
Asat_OT3098_v2_chr5D	470000000	472000000	2000000	0	0.000000
Asat_OT3098_v2_chr5D	472000000	474000000	2000000	0	0.000000
Asat_OT3098_v2_chr5D	474000000	476000000	2000000	0	0.000000
Asat_OT3098_v2_chr5D	476000000	478000000	2000000	0	0.000000
Asat_OT3098_v2_chr5D	478000000	480000000	2000000	0	0.000000
Asat_OT3098_v2_chr5D	480000000	482000000	2000000	0	0.000000
Asat_OT3098_v2_chr5D	482000000	484000000	2000000	0	0.000000
Asat_OT3098_v2_chr5D	484000000	486000000	2000000	0	0.000000
Asat_OT3098_v2_chr5D	486000000	488000000	2000000	0	0.000000
Asat_OT3098_v2_chr5D	488000000	490000000	2000000	0	0.000000
Asat_OT3098_v2_chr5D	490000000	492000000	2000000	0	0.000000
Asat_OT3098_v2_chr5D	492000000	494000000	2000000	0	0.000000
Asat_OT3098_v2_chr5D	494000000	496000000	2000000	0	0.000000
Asat_OT3098_v2_chr5D	496000000	498000000	2000000	0	0.000000
Asat_OT3098_v2_chr5D	498000000	499214392	1214392	0	0.000000
Asat_OT3098_v2_chr6A	0	2000000	2000000	0	0.000000
Asat_OT3098_v2_chr6A	2000000	4000000	2000000	5093	0.002547
Asat_OT3098_v2_chr6A	4000000	6000000	2000000	0	0.000000
Asat_OT3098_v2_chr6A	6000000	8000000	2000000	0	0.000000
Asat_OT3098_v2_chr6A	8000000	10000000	2000000	7909	0.003954
Asat_OT3098_v2_chr6A	10000000	12000000	2000000	0	0.000000
Asat_OT3098_v2_chr6A	12000000	14000000	2000000	5948	0.002974
Asat_OT3098_v2_chr6A	14000000	16000000	2000000	10599	0.005300
Asat_OT3098_v2_chr6A	16000000	18000000	2000000	0	0.000000
Asat_OT3098_v2_chr6A	18000000	20000000	2000000	6876	0.003438
Asat_OT3098_v2_chr6A	20000000	22000000	2000000	1013	0.000507
Asat_OT3098_v2_chr6A	22000000	24000000	2000000	11783	0.005892
Asat_OT3098_v2_chr6A	24000000	26000000	2000000	0	0.000000
Asat_OT3098_v2_chr6A	26000000	28000000	2000000	0	0.000000
Asat_OT3098_v2_chr6A	28000000	30000000	2000000	0	0.000000
Asat_OT3098_v2_chr6A	30000000	32000000	2000000	1369	0.000684
Asat_OT3098_v2_chr6A	32000000	34000000	2000000	0	0.000000
Asat_OT3098_v2_chr6A	34000000	36000000	2000000	5904	0.002952
Asat_OT3098_v2_chr6A	36000000	38000000	2000000	4737	0.002368
Asat_OT3098_v2_chr6A	38000000	40000000	2000000	0	0.000000
Asat_OT3098_v2_chr6A	40000000	42000000	2000000	1174	0.000587
Asat_OT3098_v2_chr6A	42000000	44000000	2000000	0	0.000000
Asat_OT3098_v2_chr6A	44000000	46000000	2000000	0	0.000000
Asat_OT3098_v2_chr6A	46000000	48000000	2000000	0	0.000000
Asat_OT3098_v2_chr6A	48000000	50000000	2000000	0	0.000000
Asat_OT3098_v2_chr6A	50000000	52000000	2000000	5984	0.002992
Asat_OT3098_v2_chr6A	52000000	54000000	2000000	6951	0.003475
Asat_OT3098_v2_chr6A	54000000	56000000	2000000	0	0.000000
Asat_OT3098_v2_chr6A	56000000	58000000	2000000	0	0.000000
Asat_OT3098_v2_chr6A	58000000	60000000	2000000	0	0.000000
Asat_OT3098_v2_chr6A	60000000	62000000	2000000	0	0.000000
Asat_OT3098_v2_chr6A	62000000	64000000	2000000	6969	0.003485
Asat_OT3098_v2_chr6A	64000000	66000000	2000000	0	0.000000
Asat_OT3098_v2_chr6A	66000000	68000000	2000000	0	0.000000
Asat_OT3098_v2_chr6A	68000000	70000000	2000000	0	0.000000
Asat_OT3098_v2_chr6A	70000000	72000000	2000000	2657	0.001329
Asat_OT3098_v2_chr6A	72000000	74000000	2000000	5443	0.002721
Asat_OT3098_v2_chr6A	74000000	76000000	2000000	0	0.000000
Asat_OT3098_v2_chr6A	76000000	78000000	2000000	5597	0.002799
Asat_OT3098_v2_chr6A	78000000	80000000	2000000	3852	0.001926
Asat_OT3098_v2_chr6A	80000000	82000000	2000000	0	0.000000
Asat_OT3098_v2_chr6A	82000000	84000000	2000000	6867	0.003433
Asat_OT3098_v2_chr6A	84000000	86000000	2000000	0	0.000000
Asat_OT3098_v2_chr6A	86000000	88000000	2000000	10886	0.005443
Asat_OT3098_v2_chr6A	88000000	90000000	2000000	0	0.000000
Asat_OT3098_v2_chr6A	90000000	92000000	2000000	0	0.000000
Asat_OT3098_v2_chr6A	92000000	94000000	2000000	0	0.000000
Asat_OT3098_v2_chr6A	94000000	96000000	2000000	0	0.000000
Asat_OT3098_v2_chr6A	96000000	98000000	2000000	0	0.000000
Asat_OT3098_v2_chr6A	98000000	100000000	2000000	0	0.000000
Asat_OT3098_v2_chr6A	100000000	102000000	2000000	0	0.000000
Asat_OT3098_v2_chr6A	102000000	104000000	2000000	0	0.000000
Asat_OT3098_v2_chr6A	104000000	106000000	2000000	0	0.000000
Asat_OT3098_v2_chr6A	106000000	108000000	2000000	0	0.000000
Asat_OT3098_v2_chr6A	108000000	110000000	2000000	0	0.000000
Asat_OT3098_v2_chr6A	110000000	112000000	2000000	0	0.000000
Asat_OT3098_v2_chr6A	112000000	114000000	2000000	9980	0.004990
Asat_OT3098_v2_chr6A	114000000	116000000	2000000	0	0.000000
Asat_OT3098_v2_chr6A	116000000	118000000	2000000	1554	0.000777
Asat_OT3098_v2_chr6A	118000000	120000000	2000000	12193	0.006097
Asat_OT3098_v2_chr6A	120000000	122000000	2000000	6081	0.003040
Asat_OT3098_v2_chr6A	122000000	124000000	2000000	5142	0.002571
Asat_OT3098_v2_chr6A	124000000	126000000	2000000	6871	0.003436
Asat_OT3098_v2_chr6A	126000000	128000000	2000000	29419	0.014710
Asat_OT3098_v2_chr6A	128000000	130000000	2000000	19831	0.009916
Asat_OT3098_v2_chr6A	130000000	132000000	2000000	65442	0.032721
Asat_OT3098_v2_chr6A	132000000	134000000	2000000	81492	0.040746
Asat_OT3098_v2_chr6A	134000000	136000000	2000000	308769	0.154385
Asat_OT3098_v2_chr6A	136000000	138000000	2000000	360114	0.180057
Asat_OT3098_v2_chr6A	138000000	140000000	2000000	497127	0.248563
Asat_OT3098_v2_chr6A	140000000	142000000	2000000	468082	0.234041
Asat_OT3098_v2_chr6A	142000000	144000000	2000000	73702	0.036851
Asat_OT3098_v2_chr6A	144000000	146000000	2000000	7773	0.003887
Asat_OT3098_v2_chr6A	146000000	148000000	2000000	53558	0.026779
Asat_OT3098_v2_chr6A	148000000	150000000	2000000	0	0.000000
Asat_OT3098_v2_chr6A	150000000	152000000	2000000	0	0.000000
Asat_OT3098_v2_chr6A	152000000	154000000	2000000	6015	0.003008
Asat_OT3098_v2_chr6A	154000000	156000000	2000000	0	0.000000
Asat_OT3098_v2_chr6A	156000000	158000000	2000000	0	0.000000
Asat_OT3098_v2_chr6A	158000000	160000000	2000000	0	0.000000
Asat_OT3098_v2_chr6A	160000000	162000000	2000000	0	0.000000
Asat_OT3098_v2_chr6A	162000000	164000000	2000000	5663	0.002831
Asat_OT3098_v2_chr6A	164000000	166000000	2000000	0	0.000000
Asat_OT3098_v2_chr6A	166000000	168000000	2000000	0	0.000000
Asat_OT3098_v2_chr6A	168000000	170000000	2000000	0	0.000000
Asat_OT3098_v2_chr6A	170000000	172000000	2000000	5183	0.002592
Asat_OT3098_v2_chr6A	172000000	174000000	2000000	7896	0.003948
Asat_OT3098_v2_chr6A	174000000	176000000	2000000	0	0.000000
Asat_OT3098_v2_chr6A	176000000	178000000	2000000	0	0.000000
Asat_OT3098_v2_chr6A	178000000	180000000	2000000	3755	0.001878
Asat_OT3098_v2_chr6A	180000000	182000000	2000000	5794	0.002897
Asat_OT3098_v2_chr6A	182000000	184000000	2000000	6218	0.003109
Asat_OT3098_v2_chr6A	184000000	186000000	2000000	10040	0.005020
Asat_OT3098_v2_chr6A	186000000	188000000	2000000	1045	0.000522
Asat_OT3098_v2_chr6A	188000000	190000000	2000000	4947	0.002474
Asat_OT3098_v2_chr6A	190000000	192000000	2000000	2307	0.001154
Asat_OT3098_v2_chr6A	192000000	194000000	2000000	0	0.000000
Asat_OT3098_v2_chr6A	194000000	196000000	2000000	0	0.000000
Asat_OT3098_v2_chr6A	196000000	198000000	2000000	0	0.000000
Asat_OT3098_v2_chr6A	198000000	200000000	2000000	8424	0.004212
Asat_OT3098_v2_chr6A	200000000	202000000	2000000	0	0.000000
Asat_OT3098_v2_chr6A	202000000	204000000	2000000	0	0.000000
Asat_OT3098_v2_chr6A	204000000	206000000	2000000	8870	0.004435
Asat_OT3098_v2_chr6A	206000000	208000000	2000000	0	0.000000
Asat_OT3098_v2_chr6A	208000000	210000000	2000000	1022	0.000511
Asat_OT3098_v2_chr6A	210000000	212000000	2000000	4980	0.002490
Asat_OT3098_v2_chr6A	212000000	214000000	2000000	0	0.000000
Asat_OT3098_v2_chr6A	214000000	216000000	2000000	0	0.000000
Asat_OT3098_v2_chr6A	216000000	218000000	2000000	0	0.000000
Asat_OT3098_v2_chr6A	218000000	220000000	2000000	14251	0.007125
Asat_OT3098_v2_chr6A	220000000	222000000	2000000	9374	0.004687
Asat_OT3098_v2_chr6A	222000000	224000000	2000000	4229	0.002115
Asat_OT3098_v2_chr6A	224000000	226000000	2000000	11737	0.005868
Asat_OT3098_v2_chr6A	226000000	228000000	2000000	0	0.000000
Asat_OT3098_v2_chr6A	228000000	230000000	2000000	0	0.000000
Asat_OT3098_v2_chr6A	230000000	232000000	2000000	0	0.000000
Asat_OT3098_v2_chr6A	232000000	234000000	2000000	0	0.000000
Asat_OT3098_v2_chr6A	234000000	236000000	2000000	0	0.000000
Asat_OT3098_v2_chr6A	236000000	238000000	2000000	0	0.000000
Asat_OT3098_v2_chr6A	238000000	240000000	2000000	0	0.000000
Asat_OT3098_v2_chr6A	240000000	242000000	2000000	0	0.000000
Asat_OT3098_v2_chr6A	242000000	244000000	2000000	6095	0.003047
Asat_OT3098_v2_chr6A	244000000	246000000	2000000	0	0.000000
Asat_OT3098_v2_chr6A	246000000	248000000	2000000	10555	0.005278
Asat_OT3098_v2_chr6A	248000000	250000000	2000000	5528	0.002764
Asat_OT3098_v2_chr6A	250000000	252000000	2000000	0	0.000000
Asat_OT3098_v2_chr6A	252000000	254000000	2000000	1001	0.000500
Asat_OT3098_v2_chr6A	254000000	256000000	2000000	0	0.000000
Asat_OT3098_v2_chr6A	256000000	258000000	2000000	0	0.000000
Asat_OT3098_v2_chr6A	258000000	260000000	2000000	6888	0.003444
Asat_OT3098_v2_chr6A	260000000	262000000	2000000	0	0.000000
Asat_OT3098_v2_chr6A	262000000	264000000	2000000	6836	0.003418
Asat_OT3098_v2_chr6A	264000000	266000000	2000000	0	0.000000
Asat_OT3098_v2_chr6A	266000000	268000000	2000000	20846	0.010423
Asat_OT3098_v2_chr6A	268000000	270000000	2000000	6609	0.003305
Asat_OT3098_v2_chr6A	270000000	272000000	2000000	0	0.000000
Asat_OT3098_v2_chr6A	272000000	274000000	2000000	0	0.000000
Asat_OT3098_v2_chr6A	274000000	276000000	2000000	2619	0.001309
Asat_OT3098_v2_chr6A	276000000	278000000	2000000	0	0.000000
Asat_OT3098_v2_chr6A	278000000	280000000	2000000	4969	0.002485
Asat_OT3098_v2_chr6A	280000000	282000000	2000000	0	0.000000
Asat_OT3098_v2_chr6A	282000000	284000000	2000000	0	0.000000
Asat_OT3098_v2_chr6A	284000000	286000000	2000000	30500	0.015250
Asat_OT3098_v2_chr6A	286000000	288000000	2000000	6880	0.003440
Asat_OT3098_v2_chr6A	288000000	290000000	2000000	0	0.000000
Asat_OT3098_v2_chr6A	290000000	292000000	2000000	0	0.000000
Asat_OT3098_v2_chr6A	292000000	294000000	2000000	0	0.000000
Asat_OT3098_v2_chr6A	294000000	296000000	2000000	0	0.000000
Asat_OT3098_v2_chr6A	296000000	298000000	2000000	6896	0.003448
Asat_OT3098_v2_chr6A	298000000	300000000	2000000	4615	0.002308
Asat_OT3098_v2_chr6A	300000000	302000000	2000000	6799	0.003400
Asat_OT3098_v2_chr6A	302000000	304000000	2000000	5005	0.002502
Asat_OT3098_v2_chr6A	304000000	306000000	2000000	0	0.000000
Asat_OT3098_v2_chr6A	306000000	308000000	2000000	5265	0.002632
Asat_OT3098_v2_chr6A	308000000	310000000	2000000	5160	0.002580
Asat_OT3098_v2_chr6A	310000000	312000000	2000000	4412	0.002206
Asat_OT3098_v2_chr6A	312000000	314000000	2000000	0	0.000000
Asat_OT3098_v2_chr6A	314000000	316000000	2000000	0	0.000000
Asat_OT3098_v2_chr6A	316000000	318000000	2000000	7226	0.003613
Asat_OT3098_v2_chr6A	318000000	320000000	2000000	0	0.000000
Asat_OT3098_v2_chr6A	320000000	322000000	2000000	0	0.000000
Asat_OT3098_v2_chr6A	322000000	324000000	2000000	0	0.000000
Asat_OT3098_v2_chr6A	324000000	326000000	2000000	0	0.000000
Asat_OT3098_v2_chr6A	326000000	328000000	2000000	4636	0.002318
Asat_OT3098_v2_chr6A	328000000	330000000	2000000	11468	0.005734
Asat_OT3098_v2_chr6A	330000000	332000000	2000000	0	0.000000
Asat_OT3098_v2_chr6A	332000000	334000000	2000000	3678	0.001839
Asat_OT3098_v2_chr6A	334000000	336000000	2000000	9341	0.004671
Asat_OT3098_v2_chr6A	336000000	338000000	2000000	5698	0.002849
Asat_OT3098_v2_chr6A	338000000	340000000	2000000	0	0.000000
Asat_OT3098_v2_chr6A	340000000	342000000	2000000	0	0.000000
Asat_OT3098_v2_chr6A	342000000	344000000	2000000	0	0.000000
Asat_OT3098_v2_chr6A	344000000	346000000	2000000	0	0.000000
Asat_OT3098_v2_chr6A	346000000	348000000	2000000	0	0.000000
Asat_OT3098_v2_chr6A	348000000	350000000	2000000	3214	0.001607
Asat_OT3098_v2_chr6A	350000000	352000000	2000000	0	0.000000
Asat_OT3098_v2_chr6A	352000000	354000000	2000000	0	0.000000
Asat_OT3098_v2_chr6A	354000000	356000000	2000000	11414	0.005707
Asat_OT3098_v2_chr6A	356000000	358000000	2000000	0	0.000000
Asat_OT3098_v2_chr6A	358000000	360000000	2000000	0	0.000000
Asat_OT3098_v2_chr6A	360000000	362000000	2000000	0	0.000000
Asat_OT3098_v2_chr6A	362000000	364000000	2000000	0	0.000000
Asat_OT3098_v2_chr6A	364000000	366000000	2000000	0	0.000000
Asat_OT3098_v2_chr6A	366000000	368000000	2000000	9677	0.004838
Asat_OT3098_v2_chr6A	368000000	370000000	2000000	1419	0.000709
Asat_OT3098_v2_chr6A	370000000	372000000	2000000	6184	0.003092
Asat_OT3098_v2_chr6A	372000000	374000000	2000000	3626	0.001813
Asat_OT3098_v2_chr6A	374000000	376000000	2000000	0	0.000000
Asat_OT3098_v2_chr6A	376000000	378000000	2000000	0	0.000000
Asat_OT3098_v2_chr6A	378000000	380000000	2000000	0	0.000000
Asat_OT3098_v2_chr6A	380000000	382000000	2000000	0	0.000000
Asat_OT3098_v2_chr6A	382000000	384000000	2000000	0	0.000000
Asat_OT3098_v2_chr6A	384000000	386000000	2000000	0	0.000000
Asat_OT3098_v2_chr6A	386000000	388000000	2000000	0	0.000000
Asat_OT3098_v2_chr6A	388000000	390000000	2000000	0	0.000000
Asat_OT3098_v2_chr6A	390000000	392000000	2000000	0	0.000000
Asat_OT3098_v2_chr6A	392000000	394000000	2000000	0	0.000000
Asat_OT3098_v2_chr6A	394000000	396000000	2000000	6501	0.003250
Asat_OT3098_v2_chr6A	396000000	398000000	2000000	0	0.000000
Asat_OT3098_v2_chr6A	398000000	400000000	2000000	0	0.000000
Asat_OT3098_v2_chr6A	400000000	402000000	2000000	6777	0.003389
Asat_OT3098_v2_chr6A	402000000	404000000	2000000	5201	0.002600
Asat_OT3098_v2_chr6A	404000000	406000000	2000000	6010	0.003005
Asat_OT3098_v2_chr6A	406000000	408000000	2000000	5000	0.002500
Asat_OT3098_v2_chr6A	408000000	410000000	2000000	0	0.000000
Asat_OT3098_v2_chr6A	410000000	412000000	2000000	0	0.000000
Asat_OT3098_v2_chr6A	412000000	414000000	2000000	1015	0.000508
Asat_OT3098_v2_chr6A	414000000	416000000	2000000	3288	0.001644
Asat_OT3098_v2_chr6A	416000000	418000000	2000000	0	0.000000
Asat_OT3098_v2_chr6A	418000000	420000000	2000000	5417	0.002708
Asat_OT3098_v2_chr6A	420000000	422000000	2000000	0	0.000000
Asat_OT3098_v2_chr6A	422000000	424000000	2000000	0	0.000000
Asat_OT3098_v2_chr6A	424000000	426000000	2000000	0	0.000000
Asat_OT3098_v2_chr6A	426000000	428000000	2000000	1119	0.000559
Asat_OT3098_v2_chr6A	428000000	430000000	2000000	0	0.000000
Asat_OT3098_v2_chr6A	430000000	432000000	2000000	0	0.000000
Asat_OT3098_v2_chr6A	432000000	434000000	2000000	0	0.000000
Asat_OT3098_v2_chr6A	434000000	436000000	2000000	0	0.000000
Asat_OT3098_v2_chr6A	436000000	438000000	2000000	0	0.000000
Asat_OT3098_v2_chr6A	438000000	440000000	2000000	0	0.000000
Asat_OT3098_v2_chr6A	440000000	442000000	2000000	5098	0.002549
Asat_OT3098_v2_chr6A	442000000	444000000	2000000	0	0.000000
Asat_OT3098_v2_chr6A	444000000	446000000	2000000	0	0.000000
Asat_OT3098_v2_chr6A	446000000	448000000	2000000	0	0.000000
Asat_OT3098_v2_chr6A	448000000	448461343	461343	0	0.000000
Asat_OT3098_v2_chr6C	0	2000000	2000000	0	0.000000
Asat_OT3098_v2_chr6C	2000000	4000000	2000000	0	0.000000
Asat_OT3098_v2_chr6C	4000000	6000000	2000000	0	0.000000
Asat_OT3098_v2_chr6C	6000000	8000000	2000000	0	0.000000
Asat_OT3098_v2_chr6C	8000000	10000000	2000000	0	0.000000
Asat_OT3098_v2_chr6C	10000000	12000000	2000000	0	0.000000
Asat_OT3098_v2_chr6C	12000000	14000000	2000000	2499	0.001249
Asat_OT3098_v2_chr6C	14000000	16000000	2000000	0	0.000000
Asat_OT3098_v2_chr6C	16000000	18000000	2000000	0	0.000000
Asat_OT3098_v2_chr6C	18000000	20000000	2000000	1743	0.000871
Asat_OT3098_v2_chr6C	20000000	22000000	2000000	0	0.000000
Asat_OT3098_v2_chr6C	22000000	24000000	2000000	0	0.000000
Asat_OT3098_v2_chr6C	24000000	26000000	2000000	0	0.000000
Asat_OT3098_v2_chr6C	26000000	28000000	2000000	0	0.000000
Asat_OT3098_v2_chr6C	28000000	30000000	2000000	0	0.000000
Asat_OT3098_v2_chr6C	30000000	32000000	2000000	3238	0.001619
Asat_OT3098_v2_chr6C	32000000	34000000	2000000	0	0.000000
Asat_OT3098_v2_chr6C	34000000	36000000	2000000	0	0.000000
Asat_OT3098_v2_chr6C	36000000	38000000	2000000	1100	0.000550
Asat_OT3098_v2_chr6C	38000000	40000000	2000000	0	0.000000
Asat_OT3098_v2_chr6C	40000000	42000000	2000000	0	0.000000
Asat_OT3098_v2_chr6C	42000000	44000000	2000000	0	0.000000
Asat_OT3098_v2_chr6C	44000000	46000000	2000000	0	0.000000
Asat_OT3098_v2_chr6C	46000000	48000000	2000000	0	0.000000
Asat_OT3098_v2_chr6C	48000000	50000000	2000000	0	0.000000
Asat_OT3098_v2_chr6C	50000000	52000000	2000000	13924	0.006962
Asat_OT3098_v2_chr6C	52000000	54000000	2000000	0	0.000000
Asat_OT3098_v2_chr6C	54000000	56000000	2000000	0	0.000000
Asat_OT3098_v2_chr6C	56000000	58000000	2000000	0	0.000000
Asat_OT3098_v2_chr6C	58000000	60000000	2000000	0	0.000000
Asat_OT3098_v2_chr6C	60000000	62000000	2000000	0	0.000000
Asat_OT3098_v2_chr6C	62000000	64000000	2000000	0	0.000000
Asat_OT3098_v2_chr6C	64000000	66000000	2000000	0	0.000000
Asat_OT3098_v2_chr6C	66000000	68000000	2000000	0	0.000000
Asat_OT3098_v2_chr6C	68000000	70000000	2000000	0	0.000000
Asat_OT3098_v2_chr6C	70000000	72000000	2000000	0	0.000000
Asat_OT3098_v2_chr6C	72000000	74000000	2000000	0	0.000000
Asat_OT3098_v2_chr6C	74000000	76000000	2000000	0	0.000000
Asat_OT3098_v2_chr6C	76000000	78000000	2000000	0	0.000000
Asat_OT3098_v2_chr6C	78000000	80000000	2000000	0	0.000000
Asat_OT3098_v2_chr6C	80000000	82000000	2000000	0	0.000000
Asat_OT3098_v2_chr6C	82000000	84000000	2000000	0	0.000000
Asat_OT3098_v2_chr6C	84000000	86000000	2000000	0	0.000000
Asat_OT3098_v2_chr6C	86000000	88000000	2000000	5167	0.002583
Asat_OT3098_v2_chr6C	88000000	90000000	2000000	2936	0.001468
Asat_OT3098_v2_chr6C	90000000	92000000	2000000	0	0.000000
Asat_OT3098_v2_chr6C	92000000	94000000	2000000	5972	0.002986
Asat_OT3098_v2_chr6C	94000000	96000000	2000000	0	0.000000
Asat_OT3098_v2_chr6C	96000000	98000000	2000000	0	0.000000
Asat_OT3098_v2_chr6C	98000000	100000000	2000000	0	0.000000
Asat_OT3098_v2_chr6C	100000000	102000000	2000000	0	0.000000
Asat_OT3098_v2_chr6C	102000000	104000000	2000000	0	0.000000
Asat_OT3098_v2_chr6C	104000000	106000000	2000000	3135	0.001568
Asat_OT3098_v2_chr6C	106000000	108000000	2000000	0	0.000000
Asat_OT3098_v2_chr6C	108000000	110000000	2000000	0	0.000000
Asat_OT3098_v2_chr6C	110000000	112000000	2000000	0	0.000000
Asat_OT3098_v2_chr6C	112000000	114000000	2000000	4684	0.002342
Asat_OT3098_v2_chr6C	114000000	116000000	2000000	0	0.000000
Asat_OT3098_v2_chr6C	116000000	118000000	2000000	4151	0.002076
Asat_OT3098_v2_chr6C	118000000	120000000	2000000	0	0.000000
Asat_OT3098_v2_chr6C	120000000	122000000	2000000	0	0.000000
Asat_OT3098_v2_chr6C	122000000	124000000	2000000	0	0.000000
Asat_OT3098_v2_chr6C	124000000	126000000	2000000	0	0.000000
Asat_OT3098_v2_chr6C	126000000	128000000	2000000	3659	0.001829
Asat_OT3098_v2_chr6C	128000000	130000000	2000000	0	0.000000
Asat_OT3098_v2_chr6C	130000000	132000000	2000000	3336	0.001668
Asat_OT3098_v2_chr6C	132000000	134000000	2000000	2547	0.001273
Asat_OT3098_v2_chr6C	134000000	136000000	2000000	0	0.000000
Asat_OT3098_v2_chr6C	136000000	138000000	2000000	0	0.000000
Asat_OT3098_v2_chr6C	138000000	140000000	2000000	0	0.000000
Asat_OT3098_v2_chr6C	140000000	142000000	2000000	0	0.000000
Asat_OT3098_v2_chr6C	142000000	144000000	2000000	0	0.000000
Asat_OT3098_v2_chr6C	144000000	146000000	2000000	0	0.000000
Asat_OT3098_v2_chr6C	146000000	148000000	2000000	0	0.000000
Asat_OT3098_v2_chr6C	148000000	150000000	2000000	0	0.000000
Asat_OT3098_v2_chr6C	150000000	152000000	2000000	0	0.000000
Asat_OT3098_v2_chr6C	152000000	154000000	2000000	0	0.000000
Asat_OT3098_v2_chr6C	154000000	156000000	2000000	5370	0.002685
Asat_OT3098_v2_chr6C	156000000	158000000	2000000	0	0.000000
Asat_OT3098_v2_chr6C	158000000	160000000	2000000	0	0.000000
Asat_OT3098_v2_chr6C	160000000	162000000	2000000	0	0.000000
Asat_OT3098_v2_chr6C	162000000	164000000	2000000	0	0.000000
Asat_OT3098_v2_chr6C	164000000	166000000	2000000	0	0.000000
Asat_OT3098_v2_chr6C	166000000	168000000	2000000	1008	0.000504
Asat_OT3098_v2_chr6C	168000000	170000000	2000000	0	0.000000
Asat_OT3098_v2_chr6C	170000000	172000000	2000000	1714	0.000857
Asat_OT3098_v2_chr6C	172000000	174000000	2000000	0	0.000000
Asat_OT3098_v2_chr6C	174000000	176000000	2000000	5208	0.002604
Asat_OT3098_v2_chr6C	176000000	178000000	2000000	0	0.000000
Asat_OT3098_v2_chr6C	178000000	180000000	2000000	5065	0.002533
Asat_OT3098_v2_chr6C	180000000	182000000	2000000	5233	0.002616
Asat_OT3098_v2_chr6C	182000000	184000000	2000000	0	0.000000
Asat_OT3098_v2_chr6C	184000000	186000000	2000000	0	0.000000
Asat_OT3098_v2_chr6C	186000000	188000000	2000000	1041	0.000521
Asat_OT3098_v2_chr6C	188000000	190000000	2000000	0	0.000000
Asat_OT3098_v2_chr6C	190000000	192000000	2000000	0	0.000000
Asat_OT3098_v2_chr6C	192000000	194000000	2000000	3373	0.001687
Asat_OT3098_v2_chr6C	194000000	196000000	2000000	0	0.000000
Asat_OT3098_v2_chr6C	196000000	198000000	2000000	0	0.000000
Asat_OT3098_v2_chr6C	198000000	200000000	2000000	1635	0.000817
Asat_OT3098_v2_chr6C	200000000	202000000	2000000	0	0.000000
Asat_OT3098_v2_chr6C	202000000	204000000	2000000	0	0.000000
Asat_OT3098_v2_chr6C	204000000	206000000	2000000	0	0.000000
Asat_OT3098_v2_chr6C	206000000	208000000	2000000	0	0.000000
Asat_OT3098_v2_chr6C	208000000	210000000	2000000	0	0.000000
Asat_OT3098_v2_chr6C	210000000	212000000	2000000	0	0.000000
Asat_OT3098_v2_chr6C	212000000	214000000	2000000	1169	0.000584
Asat_OT3098_v2_chr6C	214000000	216000000	2000000	0	0.000000
Asat_OT3098_v2_chr6C	216000000	218000000	2000000	5590	0.002795
Asat_OT3098_v2_chr6C	218000000	220000000	2000000	0	0.000000
Asat_OT3098_v2_chr6C	220000000	222000000	2000000	0	0.000000
Asat_OT3098_v2_chr6C	222000000	224000000	2000000	0	0.000000
Asat_OT3098_v2_chr6C	224000000	226000000	2000000	0	0.000000
Asat_OT3098_v2_chr6C	226000000	228000000	2000000	5133	0.002567
Asat_OT3098_v2_chr6C	228000000	230000000	2000000	0	0.000000
Asat_OT3098_v2_chr6C	230000000	232000000	2000000	0	0.000000
Asat_OT3098_v2_chr6C	232000000	234000000	2000000	0	0.000000
Asat_OT3098_v2_chr6C	234000000	236000000	2000000	5491	0.002746
Asat_OT3098_v2_chr6C	236000000	238000000	2000000	0	0.000000
Asat_OT3098_v2_chr6C	238000000	240000000	2000000	0	0.000000
Asat_OT3098_v2_chr6C	240000000	242000000	2000000	0	0.000000
Asat_OT3098_v2_chr6C	242000000	244000000	2000000	0	0.000000
Asat_OT3098_v2_chr6C	244000000	246000000	2000000	0	0.000000
Asat_OT3098_v2_chr6C	246000000	248000000	2000000	0	0.000000
Asat_OT3098_v2_chr6C	248000000	250000000	2000000	0	0.000000
Asat_OT3098_v2_chr6C	250000000	252000000	2000000	0	0.000000
Asat_OT3098_v2_chr6C	252000000	254000000	2000000	2183	0.001092
Asat_OT3098_v2_chr6C	254000000	256000000	2000000	6823	0.003412
Asat_OT3098_v2_chr6C	256000000	258000000	2000000	0	0.000000
Asat_OT3098_v2_chr6C	258000000	260000000	2000000	0	0.000000
Asat_OT3098_v2_chr6C	260000000	262000000	2000000	0	0.000000
Asat_OT3098_v2_chr6C	262000000	264000000	2000000	0	0.000000
Asat_OT3098_v2_chr6C	264000000	266000000	2000000	0	0.000000
Asat_OT3098_v2_chr6C	266000000	268000000	2000000	3735	0.001868
Asat_OT3098_v2_chr6C	268000000	270000000	2000000	0	0.000000
Asat_OT3098_v2_chr6C	270000000	272000000	2000000	0	0.000000
Asat_OT3098_v2_chr6C	272000000	274000000	2000000	0	0.000000
Asat_OT3098_v2_chr6C	274000000	276000000	2000000	0	0.000000
Asat_OT3098_v2_chr6C	276000000	278000000	2000000	0	0.000000
Asat_OT3098_v2_chr6C	278000000	280000000	2000000	0	0.000000
Asat_OT3098_v2_chr6C	280000000	282000000	2000000	0	0.000000
Asat_OT3098_v2_chr6C	282000000	284000000	2000000	0	0.000000
Asat_OT3098_v2_chr6C	284000000	286000000	2000000	2703	0.001352
Asat_OT3098_v2_chr6C	286000000	288000000	2000000	0	0.000000
Asat_OT3098_v2_chr6C	288000000	290000000	2000000	0	0.000000
Asat_OT3098_v2_chr6C	290000000	292000000	2000000	0	0.000000
Asat_OT3098_v2_chr6C	292000000	294000000	2000000	0	0.000000
Asat_OT3098_v2_chr6C	294000000	296000000	2000000	0	0.000000
Asat_OT3098_v2_chr6C	296000000	298000000	2000000	0	0.000000
Asat_OT3098_v2_chr6C	298000000	300000000	2000000	6043	0.003021
Asat_OT3098_v2_chr6C	300000000	302000000	2000000	2233	0.001117
Asat_OT3098_v2_chr6C	302000000	304000000	2000000	0	0.000000
Asat_OT3098_v2_chr6C	304000000	306000000	2000000	0	0.000000
Asat_OT3098_v2_chr6C	306000000	308000000	2000000	0	0.000000
Asat_OT3098_v2_chr6C	308000000	310000000	2000000	0	0.000000
Asat_OT3098_v2_chr6C	310000000	312000000	2000000	0	0.000000
Asat_OT3098_v2_chr6C	312000000	314000000	2000000	3434	0.001717
Asat_OT3098_v2_chr6C	314000000	316000000	2000000	1051	0.000526
Asat_OT3098_v2_chr6C	316000000	318000000	2000000	0	0.000000
Asat_OT3098_v2_chr6C	318000000	320000000	2000000	3392	0.001696
Asat_OT3098_v2_chr6C	320000000	322000000	2000000	2878	0.001439
Asat_OT3098_v2_chr6C	322000000	324000000	2000000	0	0.000000
Asat_OT3098_v2_chr6C	324000000	326000000	2000000	1058	0.000529
Asat_OT3098_v2_chr6C	326000000	328000000	2000000	16491	0.008245
Asat_OT3098_v2_chr6C	328000000	330000000	2000000	34280	0.017140
Asat_OT3098_v2_chr6C	330000000	332000000	2000000	21048	0.010524
Asat_OT3098_v2_chr6C	332000000	334000000	2000000	21083	0.010542
Asat_OT3098_v2_chr6C	334000000	336000000	2000000	10488	0.005244
Asat_OT3098_v2_chr6C	336000000	338000000	2000000	8980	0.004490
Asat_OT3098_v2_chr6C	338000000	340000000	2000000	14987	0.007494
Asat_OT3098_v2_chr6C	340000000	342000000	2000000	2870	0.001435
Asat_OT3098_v2_chr6C	342000000	344000000	2000000	6908	0.003454
Asat_OT3098_v2_chr6C	344000000	346000000	2000000	0	0.000000
Asat_OT3098_v2_chr6C	346000000	348000000	2000000	2921	0.001460
Asat_OT3098_v2_chr6C	348000000	350000000	2000000	1045	0.000522
Asat_OT3098_v2_chr6C	350000000	352000000	2000000	7499	0.003749
Asat_OT3098_v2_chr6C	352000000	354000000	2000000	0	0.000000
Asat_OT3098_v2_chr6C	354000000	356000000	2000000	0	0.000000
Asat_OT3098_v2_chr6C	356000000	358000000	2000000	0	0.000000
Asat_OT3098_v2_chr6C	358000000	360000000	2000000	0	0.000000
Asat_OT3098_v2_chr6C	360000000	362000000	2000000	8141	0.004071
Asat_OT3098_v2_chr6C	362000000	364000000	2000000	4175	0.002087
Asat_OT3098_v2_chr6C	364000000	366000000	2000000	33019	0.016509
Asat_OT3098_v2_chr6C	366000000	368000000	2000000	0	0.000000
Asat_OT3098_v2_chr6C	368000000	370000000	2000000	15112	0.007556
Asat_OT3098_v2_chr6C	370000000	372000000	2000000	12676	0.006338
Asat_OT3098_v2_chr6C	372000000	374000000	2000000	22247	0.011123
Asat_OT3098_v2_chr6C	374000000	376000000	2000000	36152	0.018076
Asat_OT3098_v2_chr6C	376000000	378000000	2000000	26082	0.013041
Asat_OT3098_v2_chr6C	378000000	380000000	2000000	22278	0.011139
Asat_OT3098_v2_chr6C	380000000	382000000	2000000	30094	0.015047
Asat_OT3098_v2_chr6C	382000000	384000000	2000000	3594	0.001797
Asat_OT3098_v2_chr6C	384000000	386000000	2000000	18678	0.009339
Asat_OT3098_v2_chr6C	386000000	388000000	2000000	0	0.000000
Asat_OT3098_v2_chr6C	388000000	390000000	2000000	12675	0.006338
Asat_OT3098_v2_chr6C	390000000	392000000	2000000	28517	0.014259
Asat_OT3098_v2_chr6C	392000000	394000000	2000000	19778	0.009889
Asat_OT3098_v2_chr6C	394000000	396000000	2000000	70245	0.035123
Asat_OT3098_v2_chr6C	396000000	398000000	2000000	54213	0.027106
Asat_OT3098_v2_chr6C	398000000	400000000	2000000	45071	0.022535
Asat_OT3098_v2_chr6C	400000000	402000000	2000000	14099	0.007050
Asat_OT3098_v2_chr6C	402000000	404000000	2000000	12158	0.006079
Asat_OT3098_v2_chr6C	404000000	406000000	2000000	21604	0.010802
Asat_OT3098_v2_chr6C	406000000	408000000	2000000	20431	0.010216
Asat_OT3098_v2_chr6C	408000000	410000000	2000000	0	0.000000
Asat_OT3098_v2_chr6C	410000000	412000000	2000000	0	0.000000
Asat_OT3098_v2_chr6C	412000000	414000000	2000000	4140	0.002070
Asat_OT3098_v2_chr6C	414000000	416000000	2000000	0	0.000000
Asat_OT3098_v2_chr6C	416000000	418000000	2000000	0	0.000000
Asat_OT3098_v2_chr6C	418000000	420000000	2000000	13277	0.006639
Asat_OT3098_v2_chr6C	420000000	422000000	2000000	0	0.000000
Asat_OT3098_v2_chr6C	422000000	424000000	2000000	3707	0.001853
Asat_OT3098_v2_chr6C	424000000	426000000	2000000	0	0.000000
Asat_OT3098_v2_chr6C	426000000	428000000	2000000	0	0.000000
Asat_OT3098_v2_chr6C	428000000	430000000	2000000	3745	0.001873
Asat_OT3098_v2_chr6C	430000000	432000000	2000000	0	0.000000
Asat_OT3098_v2_chr6C	432000000	434000000	2000000	0	0.000000
Asat_OT3098_v2_chr6C	434000000	436000000	2000000	0	0.000000
Asat_OT3098_v2_chr6C	436000000	438000000	2000000	0	0.000000
Asat_OT3098_v2_chr6C	438000000	440000000	2000000	2775	0.001388
Asat_OT3098_v2_chr6C	440000000	442000000	2000000	3556	0.001778
Asat_OT3098_v2_chr6C	442000000	444000000	2000000	0	0.000000
Asat_OT3098_v2_chr6C	444000000	446000000	2000000	0	0.000000
Asat_OT3098_v2_chr6C	446000000	448000000	2000000	1031	0.000516
Asat_OT3098_v2_chr6C	448000000	450000000	2000000	3892	0.001946
Asat_OT3098_v2_chr6C	450000000	452000000	2000000	0	0.000000
Asat_OT3098_v2_chr6C	452000000	454000000	2000000	0	0.000000
Asat_OT3098_v2_chr6C	454000000	456000000	2000000	3113	0.001556
Asat_OT3098_v2_chr6C	456000000	458000000	2000000	0	0.000000
Asat_OT3098_v2_chr6C	458000000	460000000	2000000	0	0.000000
Asat_OT3098_v2_chr6C	460000000	462000000	2000000	4020	0.002010
Asat_OT3098_v2_chr6C	462000000	464000000	2000000	3708	0.001854
Asat_OT3098_v2_chr6C	464000000	466000000	2000000	0	0.000000
Asat_OT3098_v2_chr6C	466000000	468000000	2000000	0	0.000000
Asat_OT3098_v2_chr6C	468000000	470000000	2000000	0	0.000000
Asat_OT3098_v2_chr6C	470000000	472000000	2000000	0	0.000000
Asat_OT3098_v2_chr6C	472000000	474000000	2000000	0	0.000000
Asat_OT3098_v2_chr6C	474000000	476000000	2000000	0	0.000000
Asat_OT3098_v2_chr6C	476000000	478000000	2000000	2972	0.001486
Asat_OT3098_v2_chr6C	478000000	480000000	2000000	4766	0.002383
Asat_OT3098_v2_chr6C	480000000	482000000	2000000	0	0.000000
Asat_OT3098_v2_chr6C	482000000	484000000	2000000	0	0.000000
Asat_OT3098_v2_chr6C	484000000	486000000	2000000	0	0.000000
Asat_OT3098_v2_chr6C	486000000	488000000	2000000	4329	0.002165
Asat_OT3098_v2_chr6C	488000000	490000000	2000000	0	0.000000
Asat_OT3098_v2_chr6C	490000000	492000000	2000000	0	0.000000
Asat_OT3098_v2_chr6C	492000000	494000000	2000000	3582	0.001791
Asat_OT3098_v2_chr6C	494000000	496000000	2000000	0	0.000000
Asat_OT3098_v2_chr6C	496000000	498000000	2000000	2242	0.001121
Asat_OT3098_v2_chr6C	498000000	500000000	2000000	2147	0.001074
Asat_OT3098_v2_chr6C	500000000	502000000	2000000	0	0.000000
Asat_OT3098_v2_chr6C	502000000	504000000	2000000	0	0.000000
Asat_OT3098_v2_chr6C	504000000	506000000	2000000	0	0.000000
Asat_OT3098_v2_chr6C	506000000	508000000	2000000	3463	0.001731
Asat_OT3098_v2_chr6C	508000000	510000000	2000000	2577	0.001288
Asat_OT3098_v2_chr6C	510000000	512000000	2000000	0	0.000000
Asat_OT3098_v2_chr6C	512000000	514000000	2000000	0	0.000000
Asat_OT3098_v2_chr6C	514000000	516000000	2000000	0	0.000000
Asat_OT3098_v2_chr6C	516000000	518000000	2000000	0	0.000000
Asat_OT3098_v2_chr6C	518000000	520000000	2000000	4387	0.002194
Asat_OT3098_v2_chr6C	520000000	522000000	2000000	0	0.000000
Asat_OT3098_v2_chr6C	522000000	524000000	2000000	0	0.000000
Asat_OT3098_v2_chr6C	524000000	526000000	2000000	3540	0.001770
Asat_OT3098_v2_chr6C	526000000	528000000	2000000	0	0.000000
Asat_OT3098_v2_chr6C	528000000	530000000	2000000	0	0.000000
Asat_OT3098_v2_chr6C	530000000	532000000	2000000	0	0.000000
Asat_OT3098_v2_chr6C	532000000	534000000	2000000	5668	0.002834
Asat_OT3098_v2_chr6C	534000000	536000000	2000000	0	0.000000
Asat_OT3098_v2_chr6C	536000000	538000000	2000000	0	0.000000
Asat_OT3098_v2_chr6C	538000000	540000000	2000000	1170	0.000585
Asat_OT3098_v2_chr6C	540000000	542000000	2000000	1163	0.000581
Asat_OT3098_v2_chr6C	542000000	544000000	2000000	0	0.000000
Asat_OT3098_v2_chr6C	544000000	546000000	2000000	0	0.000000
Asat_OT3098_v2_chr6C	546000000	548000000	2000000	1097	0.000549
Asat_OT3098_v2_chr6C	548000000	550000000	2000000	0	0.000000
Asat_OT3098_v2_chr6C	550000000	552000000	2000000	0	0.000000
Asat_OT3098_v2_chr6C	552000000	554000000	2000000	0	0.000000
Asat_OT3098_v2_chr6C	554000000	556000000	2000000	0	0.000000
Asat_OT3098_v2_chr6C	556000000	558000000	2000000	0	0.000000
Asat_OT3098_v2_chr6C	558000000	560000000	2000000	0	0.000000
Asat_OT3098_v2_chr6C	560000000	562000000	2000000	0	0.000000
Asat_OT3098_v2_chr6C	562000000	564000000	2000000	1758	0.000879
Asat_OT3098_v2_chr6C	564000000	566000000	2000000	0	0.000000
Asat_OT3098_v2_chr6C	566000000	568000000	2000000	0	0.000000
Asat_OT3098_v2_chr6C	568000000	570000000	2000000	3692	0.001846
Asat_OT3098_v2_chr6C	570000000	572000000	2000000	0	0.000000
Asat_OT3098_v2_chr6C	572000000	574000000	2000000	0	0.000000
Asat_OT3098_v2_chr6C	574000000	576000000	2000000	0	0.000000
Asat_OT3098_v2_chr6C	576000000	578000000	2000000	0	0.000000
Asat_OT3098_v2_chr6C	578000000	580000000	2000000	0	0.000000
Asat_OT3098_v2_chr6C	580000000	582000000	2000000	0	0.000000
Asat_OT3098_v2_chr6C	582000000	584000000	2000000	0	0.000000
Asat_OT3098_v2_chr6C	584000000	586000000	2000000	5807	0.002903
Asat_OT3098_v2_chr6C	586000000	588000000	2000000	0	0.000000
Asat_OT3098_v2_chr6C	588000000	590000000	2000000	0	0.000000
Asat_OT3098_v2_chr6C	590000000	592000000	2000000	0	0.000000
Asat_OT3098_v2_chr6C	592000000	594000000	2000000	0	0.000000
Asat_OT3098_v2_chr6C	594000000	596000000	2000000	5519	0.002759
Asat_OT3098_v2_chr6C	596000000	598000000	2000000	5413	0.002707
Asat_OT3098_v2_chr6C	598000000	600000000	2000000	3828	0.001914
Asat_OT3098_v2_chr6C	600000000	602000000	2000000	0	0.000000
Asat_OT3098_v2_chr6C	602000000	604000000	2000000	0	0.000000
Asat_OT3098_v2_chr6C	604000000	606000000	2000000	4725	0.002363
Asat_OT3098_v2_chr6C	606000000	608000000	2000000	0	0.000000
Asat_OT3098_v2_chr6C	608000000	610000000	2000000	4792	0.002396
Asat_OT3098_v2_chr6C	610000000	612000000	2000000	4341	0.002171
Asat_OT3098_v2_chr6C	612000000	614000000	2000000	0	0.000000
Asat_OT3098_v2_chr6C	614000000	616000000	2000000	0	0.000000
Asat_OT3098_v2_chr6C	616000000	618000000	2000000	0	0.000000
Asat_OT3098_v2_chr6C	618000000	620000000	2000000	0	0.000000
Asat_OT3098_v2_chr6C	620000000	622000000	2000000	0	0.000000
Asat_OT3098_v2_chr6C	622000000	624000000	2000000	0	0.000000
Asat_OT3098_v2_chr6C	624000000	626000000	2000000	3433	0.001716
Asat_OT3098_v2_chr6C	626000000	626220839	220839	0	0.000000
Asat_OT3098_v2_chr6D	0	2000000	2000000	0	0.000000
Asat_OT3098_v2_chr6D	2000000	4000000	2000000	1174	0.000587
Asat_OT3098_v2_chr6D	4000000	6000000	2000000	4463	0.002231
Asat_OT3098_v2_chr6D	6000000	8000000	2000000	0	0.000000
Asat_OT3098_v2_chr6D	8000000	10000000	2000000	0	0.000000
Asat_OT3098_v2_chr6D	10000000	12000000	2000000	1081	0.000540
Asat_OT3098_v2_chr6D	12000000	14000000	2000000	3803	0.001901
Asat_OT3098_v2_chr6D	14000000	16000000	2000000	1122	0.000561
Asat_OT3098_v2_chr6D	16000000	18000000	2000000	0	0.000000
Asat_OT3098_v2_chr6D	18000000	20000000	2000000	0	0.000000
Asat_OT3098_v2_chr6D	20000000	22000000	2000000	0	0.000000
Asat_OT3098_v2_chr6D	22000000	24000000	2000000	0	0.000000
Asat_OT3098_v2_chr6D	24000000	26000000	2000000	0	0.000000
Asat_OT3098_v2_chr6D	26000000	28000000	2000000	0	0.000000
Asat_OT3098_v2_chr6D	28000000	30000000	2000000	0	0.000000
Asat_OT3098_v2_chr6D	30000000	32000000	2000000	0	0.000000
Asat_OT3098_v2_chr6D	32000000	34000000	2000000	4994	0.002497
Asat_OT3098_v2_chr6D	34000000	36000000	2000000	8633	0.004317
Asat_OT3098_v2_chr6D	36000000	38000000	2000000	6817	0.003409
Asat_OT3098_v2_chr6D	38000000	40000000	2000000	12456	0.006228
Asat_OT3098_v2_chr6D	40000000	42000000	2000000	7022	0.003511
Asat_OT3098_v2_chr6D	42000000	44000000	2000000	6211	0.003106
Asat_OT3098_v2_chr6D	44000000	46000000	2000000	0	0.000000
Asat_OT3098_v2_chr6D	46000000	48000000	2000000	0	0.000000
Asat_OT3098_v2_chr6D	48000000	50000000	2000000	0	0.000000
Asat_OT3098_v2_chr6D	50000000	52000000	2000000	0	0.000000
Asat_OT3098_v2_chr6D	52000000	54000000	2000000	4425	0.002213
Asat_OT3098_v2_chr6D	54000000	56000000	2000000	4991	0.002495
Asat_OT3098_v2_chr6D	56000000	58000000	2000000	12645	0.006322
Asat_OT3098_v2_chr6D	58000000	60000000	2000000	0	0.000000
Asat_OT3098_v2_chr6D	60000000	62000000	2000000	0	0.000000
Asat_OT3098_v2_chr6D	62000000	64000000	2000000	5677	0.002838
Asat_OT3098_v2_chr6D	64000000	66000000	2000000	0	0.000000
Asat_OT3098_v2_chr6D	66000000	68000000	2000000	0	0.000000
Asat_OT3098_v2_chr6D	68000000	70000000	2000000	1128	0.000564
Asat_OT3098_v2_chr6D	70000000	72000000	2000000	0	0.000000
Asat_OT3098_v2_chr6D	72000000	74000000	2000000	0	0.000000
Asat_OT3098_v2_chr6D	74000000	76000000	2000000	0	0.000000
Asat_OT3098_v2_chr6D	76000000	78000000	2000000	4626	0.002313
Asat_OT3098_v2_chr6D	78000000	80000000	2000000	1209	0.000605
Asat_OT3098_v2_chr6D	80000000	82000000	2000000	2688	0.001344
Asat_OT3098_v2_chr6D	82000000	84000000	2000000	5705	0.002853
Asat_OT3098_v2_chr6D	84000000	86000000	2000000	6889	0.003445
Asat_OT3098_v2_chr6D	86000000	88000000	2000000	12995	0.006497
Asat_OT3098_v2_chr6D	88000000	90000000	2000000	13504	0.006752
Asat_OT3098_v2_chr6D	90000000	92000000	2000000	6628	0.003314
Asat_OT3098_v2_chr6D	92000000	94000000	2000000	21559	0.010779
Asat_OT3098_v2_chr6D	94000000	96000000	2000000	54823	0.027411
Asat_OT3098_v2_chr6D	96000000	98000000	2000000	137927	0.068963
Asat_OT3098_v2_chr6D	98000000	100000000	2000000	413920	0.206960
Asat_OT3098_v2_chr6D	100000000	102000000	2000000	474906	0.237453
Asat_OT3098_v2_chr6D	102000000	104000000	2000000	233046	0.116523
Asat_OT3098_v2_chr6D	104000000	106000000	2000000	52456	0.026228
Asat_OT3098_v2_chr6D	106000000	108000000	2000000	23708	0.011854
Asat_OT3098_v2_chr6D	108000000	110000000	2000000	20321	0.010160
Asat_OT3098_v2_chr6D	110000000	112000000	2000000	42007	0.021004
Asat_OT3098_v2_chr6D	112000000	114000000	2000000	6795	0.003397
Asat_OT3098_v2_chr6D	114000000	116000000	2000000	0	0.000000
Asat_OT3098_v2_chr6D	116000000	118000000	2000000	5995	0.002998
Asat_OT3098_v2_chr6D	118000000	120000000	2000000	0	0.000000
Asat_OT3098_v2_chr6D	120000000	122000000	2000000	0	0.000000
Asat_OT3098_v2_chr6D	122000000	124000000	2000000	0	0.000000
Asat_OT3098_v2_chr6D	124000000	126000000	2000000	0	0.000000
Asat_OT3098_v2_chr6D	126000000	128000000	2000000	5661	0.002831
Asat_OT3098_v2_chr6D	128000000	130000000	2000000	3669	0.001834
Asat_OT3098_v2_chr6D	130000000	132000000	2000000	0	0.000000
Asat_OT3098_v2_chr6D	132000000	134000000	2000000	0	0.000000
Asat_OT3098_v2_chr6D	134000000	136000000	2000000	0	0.000000
Asat_OT3098_v2_chr6D	136000000	138000000	2000000	5207	0.002603
Asat_OT3098_v2_chr6D	138000000	140000000	2000000	0	0.000000
Asat_OT3098_v2_chr6D	140000000	142000000	2000000	0	0.000000
Asat_OT3098_v2_chr6D	142000000	144000000	2000000	0	0.000000
Asat_OT3098_v2_chr6D	144000000	146000000	2000000	0	0.000000
Asat_OT3098_v2_chr6D	146000000	148000000	2000000	0	0.000000
Asat_OT3098_v2_chr6D	148000000	150000000	2000000	3228	0.001614
Asat_OT3098_v2_chr6D	150000000	152000000	2000000	0	0.000000
Asat_OT3098_v2_chr6D	152000000	154000000	2000000	0	0.000000
Asat_OT3098_v2_chr6D	154000000	156000000	2000000	0	0.000000
Asat_OT3098_v2_chr6D	156000000	158000000	2000000	14239	0.007119
Asat_OT3098_v2_chr6D	158000000	160000000	2000000	0	0.000000
Asat_OT3098_v2_chr6D	160000000	162000000	2000000	0	0.000000
Asat_OT3098_v2_chr6D	162000000	164000000	2000000	5028	0.002514
Asat_OT3098_v2_chr6D	164000000	166000000	2000000	0	0.000000
Asat_OT3098_v2_chr6D	166000000	168000000	2000000	0	0.000000
Asat_OT3098_v2_chr6D	168000000	170000000	2000000	0	0.000000
Asat_OT3098_v2_chr6D	170000000	172000000	2000000	4997	0.002498
Asat_OT3098_v2_chr6D	172000000	174000000	2000000	0	0.000000
Asat_OT3098_v2_chr6D	174000000	176000000	2000000	0	0.000000
Asat_OT3098_v2_chr6D	176000000	178000000	2000000	4472	0.002236
Asat_OT3098_v2_chr6D	178000000	180000000	2000000	1023	0.000512
Asat_OT3098_v2_chr6D	180000000	182000000	2000000	0	0.000000
Asat_OT3098_v2_chr6D	182000000	184000000	2000000	6401	0.003200
Asat_OT3098_v2_chr6D	184000000	186000000	2000000	0	0.000000
Asat_OT3098_v2_chr6D	186000000	188000000	2000000	0	0.000000
Asat_OT3098_v2_chr6D	188000000	190000000	2000000	0	0.000000
Asat_OT3098_v2_chr6D	190000000	192000000	2000000	4906	0.002453
Asat_OT3098_v2_chr6D	192000000	194000000	2000000	0	0.000000
Asat_OT3098_v2_chr6D	194000000	196000000	2000000	0	0.000000
Asat_OT3098_v2_chr6D	196000000	198000000	2000000	0	0.000000
Asat_OT3098_v2_chr6D	198000000	200000000	2000000	3564	0.001782
Asat_OT3098_v2_chr6D	200000000	202000000	2000000	7859	0.003929
Asat_OT3098_v2_chr6D	202000000	204000000	2000000	6810	0.003405
Asat_OT3098_v2_chr6D	204000000	206000000	2000000	0	0.000000
Asat_OT3098_v2_chr6D	206000000	208000000	2000000	0	0.000000
Asat_OT3098_v2_chr6D	208000000	210000000	2000000	0	0.000000
Asat_OT3098_v2_chr6D	210000000	212000000	2000000	0	0.000000
Asat_OT3098_v2_chr6D	212000000	214000000	2000000	0	0.000000
Asat_OT3098_v2_chr6D	214000000	216000000	2000000	0	0.000000
Asat_OT3098_v2_chr6D	216000000	218000000	2000000	0	0.000000
Asat_OT3098_v2_chr6D	218000000	220000000	2000000	0	0.000000
Asat_OT3098_v2_chr6D	220000000	222000000	2000000	6220	0.003110
Asat_OT3098_v2_chr6D	222000000	224000000	2000000	0	0.000000
Asat_OT3098_v2_chr6D	224000000	226000000	2000000	0	0.000000
Asat_OT3098_v2_chr6D	226000000	228000000	2000000	0	0.000000
Asat_OT3098_v2_chr6D	228000000	230000000	2000000	5185	0.002593
Asat_OT3098_v2_chr6D	230000000	232000000	2000000	8362	0.004181
Asat_OT3098_v2_chr6D	232000000	234000000	2000000	0	0.000000
Asat_OT3098_v2_chr6D	234000000	236000000	2000000	0	0.000000
Asat_OT3098_v2_chr6D	236000000	238000000	2000000	8616	0.004308
Asat_OT3098_v2_chr6D	238000000	240000000	2000000	0	0.000000
Asat_OT3098_v2_chr6D	240000000	242000000	2000000	0	0.000000
Asat_OT3098_v2_chr6D	242000000	244000000	2000000	0	0.000000
Asat_OT3098_v2_chr6D	244000000	246000000	2000000	6807	0.003403
Asat_OT3098_v2_chr6D	246000000	248000000	2000000	0	0.000000
Asat_OT3098_v2_chr6D	248000000	250000000	2000000	0	0.000000
Asat_OT3098_v2_chr6D	250000000	252000000	2000000	0	0.000000
Asat_OT3098_v2_chr6D	252000000	254000000	2000000	0	0.000000
Asat_OT3098_v2_chr6D	254000000	256000000	2000000	0	0.000000
Asat_OT3098_v2_chr6D	256000000	258000000	2000000	0	0.000000
Asat_OT3098_v2_chr6D	258000000	260000000	2000000	0	0.000000
Asat_OT3098_v2_chr6D	260000000	262000000	2000000	11856	0.005928
Asat_OT3098_v2_chr6D	262000000	264000000	2000000	0	0.000000
Asat_OT3098_v2_chr6D	264000000	266000000	2000000	0	0.000000
Asat_OT3098_v2_chr6D	266000000	268000000	2000000	0	0.000000
Asat_OT3098_v2_chr6D	268000000	270000000	2000000	0	0.000000
Asat_OT3098_v2_chr6D	270000000	272000000	2000000	0	0.000000
Asat_OT3098_v2_chr6D	272000000	274000000	2000000	0	0.000000
Asat_OT3098_v2_chr6D	274000000	276000000	2000000	0	0.000000
Asat_OT3098_v2_chr6D	276000000	278000000	2000000	0	0.000000
Asat_OT3098_v2_chr6D	278000000	280000000	2000000	2764	0.001382
Asat_OT3098_v2_chr6D	280000000	282000000	2000000	0	0.000000
Asat_OT3098_v2_chr6D	282000000	284000000	2000000	0	0.000000
Asat_OT3098_v2_chr6D	284000000	286000000	2000000	0	0.000000
Asat_OT3098_v2_chr6D	286000000	288000000	2000000	0	0.000000
Asat_OT3098_v2_chr6D	288000000	290000000	2000000	0	0.000000
Asat_OT3098_v2_chr6D	290000000	292000000	2000000	6042	0.003021
Asat_OT3098_v2_chr6D	292000000	294000000	2000000	0	0.000000
Asat_OT3098_v2_chr6D	294000000	296000000	2000000	0	0.000000
Asat_OT3098_v2_chr6D	296000000	298000000	2000000	0	0.000000
Asat_OT3098_v2_chr6D	298000000	298028472	28472	0	0.000000
Asat_OT3098_v2_chr7A	0	2000000	2000000	0	0.000000
Asat_OT3098_v2_chr7A	2000000	4000000	2000000	0	0.000000
Asat_OT3098_v2_chr7A	4000000	6000000	2000000	6924	0.003462
Asat_OT3098_v2_chr7A	6000000	8000000	2000000	0	0.000000
Asat_OT3098_v2_chr7A	8000000	10000000	2000000	0	0.000000
Asat_OT3098_v2_chr7A	10000000	12000000	2000000	12424	0.006212
Asat_OT3098_v2_chr7A	12000000	14000000	2000000	0	0.000000
Asat_OT3098_v2_chr7A	14000000	16000000	2000000	0	0.000000
Asat_OT3098_v2_chr7A	16000000	18000000	2000000	0	0.000000
Asat_OT3098_v2_chr7A	18000000	20000000	2000000	0	0.000000
Asat_OT3098_v2_chr7A	20000000	22000000	2000000	0	0.000000
Asat_OT3098_v2_chr7A	22000000	24000000	2000000	1023	0.000512
Asat_OT3098_v2_chr7A	24000000	26000000	2000000	0	0.000000
Asat_OT3098_v2_chr7A	26000000	28000000	2000000	6115	0.003057
Asat_OT3098_v2_chr7A	28000000	30000000	2000000	6836	0.003418
Asat_OT3098_v2_chr7A	30000000	32000000	2000000	6896	0.003448
Asat_OT3098_v2_chr7A	32000000	34000000	2000000	0	0.000000
Asat_OT3098_v2_chr7A	34000000	36000000	2000000	1013	0.000507
Asat_OT3098_v2_chr7A	36000000	38000000	2000000	2167	0.001084
Asat_OT3098_v2_chr7A	38000000	40000000	2000000	0	0.000000
Asat_OT3098_v2_chr7A	40000000	42000000	2000000	0	0.000000
Asat_OT3098_v2_chr7A	42000000	44000000	2000000	0	0.000000
Asat_OT3098_v2_chr7A	44000000	46000000	2000000	0	0.000000
Asat_OT3098_v2_chr7A	46000000	48000000	2000000	10193	0.005097
Asat_OT3098_v2_chr7A	48000000	50000000	2000000	0	0.000000
Asat_OT3098_v2_chr7A	50000000	52000000	2000000	0	0.000000
Asat_OT3098_v2_chr7A	52000000	54000000	2000000	9760	0.004880
Asat_OT3098_v2_chr7A	54000000	56000000	2000000	0	0.000000
Asat_OT3098_v2_chr7A	56000000	58000000	2000000	5000	0.002500
Asat_OT3098_v2_chr7A	58000000	60000000	2000000	0	0.000000
Asat_OT3098_v2_chr7A	60000000	62000000	2000000	0	0.000000
Asat_OT3098_v2_chr7A	62000000	64000000	2000000	5013	0.002507
Asat_OT3098_v2_chr7A	64000000	66000000	2000000	0	0.000000
Asat_OT3098_v2_chr7A	66000000	68000000	2000000	0	0.000000
Asat_OT3098_v2_chr7A	68000000	70000000	2000000	4200	0.002100
Asat_OT3098_v2_chr7A	70000000	72000000	2000000	0	0.000000
Asat_OT3098_v2_chr7A	72000000	74000000	2000000	0	0.000000
Asat_OT3098_v2_chr7A	74000000	76000000	2000000	1245	0.000623
Asat_OT3098_v2_chr7A	76000000	78000000	2000000	0	0.000000
Asat_OT3098_v2_chr7A	78000000	80000000	2000000	0	0.000000
Asat_OT3098_v2_chr7A	80000000	82000000	2000000	0	0.000000
Asat_OT3098_v2_chr7A	82000000	84000000	2000000	0	0.000000
Asat_OT3098_v2_chr7A	84000000	86000000	2000000	6749	0.003374
Asat_OT3098_v2_chr7A	86000000	88000000	2000000	1018	0.000509
Asat_OT3098_v2_chr7A	88000000	90000000	2000000	6608	0.003304
Asat_OT3098_v2_chr7A	90000000	92000000	2000000	0	0.000000
Asat_OT3098_v2_chr7A	92000000	94000000	2000000	0	0.000000
Asat_OT3098_v2_chr7A	94000000	96000000	2000000	0	0.000000
Asat_OT3098_v2_chr7A	96000000	98000000	2000000	0	0.000000
Asat_OT3098_v2_chr7A	98000000	100000000	2000000	0	0.000000
Asat_OT3098_v2_chr7A	100000000	102000000	2000000	0	0.000000
Asat_OT3098_v2_chr7A	102000000	104000000	2000000	0	0.000000
Asat_OT3098_v2_chr7A	104000000	106000000	2000000	0	0.000000
Asat_OT3098_v2_chr7A	106000000	108000000	2000000	0	0.000000
Asat_OT3098_v2_chr7A	108000000	110000000	2000000	1108	0.000554
Asat_OT3098_v2_chr7A	110000000	112000000	2000000	1021	0.000510
Asat_OT3098_v2_chr7A	112000000	114000000	2000000	4563	0.002282
Asat_OT3098_v2_chr7A	114000000	116000000	2000000	0	0.000000
Asat_OT3098_v2_chr7A	116000000	118000000	2000000	0	0.000000
Asat_OT3098_v2_chr7A	118000000	120000000	2000000	6414	0.003207
Asat_OT3098_v2_chr7A	120000000	122000000	2000000	0	0.000000
Asat_OT3098_v2_chr7A	122000000	124000000	2000000	0	0.000000
Asat_OT3098_v2_chr7A	124000000	126000000	2000000	0	0.000000
Asat_OT3098_v2_chr7A	126000000	128000000	2000000	0	0.000000
Asat_OT3098_v2_chr7A	128000000	130000000	2000000	0	0.000000
Asat_OT3098_v2_chr7A	130000000	132000000	2000000	12156	0.006078
Asat_OT3098_v2_chr7A	132000000	134000000	2000000	0	0.000000
Asat_OT3098_v2_chr7A	134000000	136000000	2000000	0	0.000000
Asat_OT3098_v2_chr7A	136000000	138000000	2000000	6718	0.003359
Asat_OT3098_v2_chr7A	138000000	140000000	2000000	0	0.000000
Asat_OT3098_v2_chr7A	140000000	142000000	2000000	6102	0.003051
Asat_OT3098_v2_chr7A	142000000	144000000	2000000	5356	0.002678
Asat_OT3098_v2_chr7A	144000000	146000000	2000000	0	0.000000
Asat_OT3098_v2_chr7A	146000000	148000000	2000000	0	0.000000
Asat_OT3098_v2_chr7A	148000000	150000000	2000000	6840	0.003420
Asat_OT3098_v2_chr7A	150000000	152000000	2000000	0	0.000000
Asat_OT3098_v2_chr7A	152000000	154000000	2000000	0	0.000000
Asat_OT3098_v2_chr7A	154000000	156000000	2000000	0	0.000000
Asat_OT3098_v2_chr7A	156000000	158000000	2000000	0	0.000000
Asat_OT3098_v2_chr7A	158000000	160000000	2000000	2960	0.001480
Asat_OT3098_v2_chr7A	160000000	162000000	2000000	0	0.000000
Asat_OT3098_v2_chr7A	162000000	164000000	2000000	0	0.000000
Asat_OT3098_v2_chr7A	164000000	166000000	2000000	0	0.000000
Asat_OT3098_v2_chr7A	166000000	168000000	2000000	0	0.000000
Asat_OT3098_v2_chr7A	168000000	170000000	2000000	0	0.000000
Asat_OT3098_v2_chr7A	170000000	172000000	2000000	0	0.000000
Asat_OT3098_v2_chr7A	172000000	174000000	2000000	8211	0.004105
Asat_OT3098_v2_chr7A	174000000	176000000	2000000	15886	0.007943
Asat_OT3098_v2_chr7A	176000000	178000000	2000000	8421	0.004210
Asat_OT3098_v2_chr7A	178000000	180000000	2000000	0	0.000000
Asat_OT3098_v2_chr7A	180000000	182000000	2000000	4998	0.002499
Asat_OT3098_v2_chr7A	182000000	184000000	2000000	0	0.000000
Asat_OT3098_v2_chr7A	184000000	186000000	2000000	0	0.000000
Asat_OT3098_v2_chr7A	186000000	188000000	2000000	0	0.000000
Asat_OT3098_v2_chr7A	188000000	190000000	2000000	0	0.000000
Asat_OT3098_v2_chr7A	190000000	192000000	2000000	0	0.000000
Asat_OT3098_v2_chr7A	192000000	194000000	2000000	0	0.000000
Asat_OT3098_v2_chr7A	194000000	196000000	2000000	0	0.000000
Asat_OT3098_v2_chr7A	196000000	198000000	2000000	0	0.000000
Asat_OT3098_v2_chr7A	198000000	200000000	2000000	0	0.000000
Asat_OT3098_v2_chr7A	200000000	202000000	2000000	0	0.000000
Asat_OT3098_v2_chr7A	202000000	204000000	2000000	0	0.000000
Asat_OT3098_v2_chr7A	204000000	206000000	2000000	0	0.000000
Asat_OT3098_v2_chr7A	206000000	208000000	2000000	6870	0.003435
Asat_OT3098_v2_chr7A	208000000	210000000	2000000	0	0.000000
Asat_OT3098_v2_chr7A	210000000	212000000	2000000	0	0.000000
Asat_OT3098_v2_chr7A	212000000	214000000	2000000	0	0.000000
Asat_OT3098_v2_chr7A	214000000	216000000	2000000	4959	0.002479
Asat_OT3098_v2_chr7A	216000000	218000000	2000000	5621	0.002811
Asat_OT3098_v2_chr7A	218000000	220000000	2000000	0	0.000000
Asat_OT3098_v2_chr7A	220000000	222000000	2000000	6838	0.003419
Asat_OT3098_v2_chr7A	222000000	224000000	2000000	1778	0.000889
Asat_OT3098_v2_chr7A	224000000	226000000	2000000	0	0.000000
Asat_OT3098_v2_chr7A	226000000	228000000	2000000	4535	0.002267
Asat_OT3098_v2_chr7A	228000000	230000000	2000000	0	0.000000
Asat_OT3098_v2_chr7A	230000000	232000000	2000000	0	0.000000
Asat_OT3098_v2_chr7A	232000000	234000000	2000000	0	0.000000
Asat_OT3098_v2_chr7A	234000000	236000000	2000000	0	0.000000
Asat_OT3098_v2_chr7A	236000000	238000000	2000000	0	0.000000
Asat_OT3098_v2_chr7A	238000000	240000000	2000000	6664	0.003332
Asat_OT3098_v2_chr7A	240000000	242000000	2000000	0	0.000000
Asat_OT3098_v2_chr7A	242000000	244000000	2000000	0	0.000000
Asat_OT3098_v2_chr7A	244000000	246000000	2000000	0	0.000000
Asat_OT3098_v2_chr7A	246000000	248000000	2000000	0	0.000000
Asat_OT3098_v2_chr7A	248000000	250000000	2000000	6769	0.003384
Asat_OT3098_v2_chr7A	250000000	252000000	2000000	0	0.000000
Asat_OT3098_v2_chr7A	252000000	254000000	2000000	0	0.000000
Asat_OT3098_v2_chr7A	254000000	256000000	2000000	0	0.000000
Asat_OT3098_v2_chr7A	256000000	258000000	2000000	0	0.000000
Asat_OT3098_v2_chr7A	258000000	260000000	2000000	0	0.000000
Asat_OT3098_v2_chr7A	260000000	262000000	2000000	0	0.000000
Asat_OT3098_v2_chr7A	262000000	264000000	2000000	0	0.000000
Asat_OT3098_v2_chr7A	264000000	266000000	2000000	0	0.000000
Asat_OT3098_v2_chr7A	266000000	268000000	2000000	0	0.000000
Asat_OT3098_v2_chr7A	268000000	270000000	2000000	0	0.000000
Asat_OT3098_v2_chr7A	270000000	272000000	2000000	14974	0.007487
Asat_OT3098_v2_chr7A	272000000	274000000	2000000	9215	0.004607
Asat_OT3098_v2_chr7A	274000000	276000000	2000000	0	0.000000
Asat_OT3098_v2_chr7A	276000000	278000000	2000000	0	0.000000
Asat_OT3098_v2_chr7A	278000000	280000000	2000000	6900	0.003450
Asat_OT3098_v2_chr7A	280000000	282000000	2000000	0	0.000000
Asat_OT3098_v2_chr7A	282000000	284000000	2000000	0	0.000000
Asat_OT3098_v2_chr7A	284000000	286000000	2000000	0	0.000000
Asat_OT3098_v2_chr7A	286000000	288000000	2000000	4336	0.002168
Asat_OT3098_v2_chr7A	288000000	290000000	2000000	5345	0.002672
Asat_OT3098_v2_chr7A	290000000	292000000	2000000	0	0.000000
Asat_OT3098_v2_chr7A	292000000	294000000	2000000	0	0.000000
Asat_OT3098_v2_chr7A	294000000	296000000	2000000	16599	0.008299
Asat_OT3098_v2_chr7A	296000000	298000000	2000000	5616	0.002808
Asat_OT3098_v2_chr7A	298000000	300000000	2000000	11317	0.005659
Asat_OT3098_v2_chr7A	300000000	302000000	2000000	5655	0.002828
Asat_OT3098_v2_chr7A	302000000	304000000	2000000	2053	0.001027
Asat_OT3098_v2_chr7A	304000000	306000000	2000000	19869	0.009935
Asat_OT3098_v2_chr7A	306000000	308000000	2000000	0	0.000000
Asat_OT3098_v2_chr7A	308000000	310000000	2000000	0	0.000000
Asat_OT3098_v2_chr7A	310000000	312000000	2000000	14728	0.007364
Asat_OT3098_v2_chr7A	312000000	314000000	2000000	9113	0.004556
Asat_OT3098_v2_chr7A	314000000	316000000	2000000	11389	0.005694
Asat_OT3098_v2_chr7A	316000000	318000000	2000000	0	0.000000
Asat_OT3098_v2_chr7A	318000000	320000000	2000000	53716	0.026858
Asat_OT3098_v2_chr7A	320000000	322000000	2000000	162156	0.081078
Asat_OT3098_v2_chr7A	322000000	324000000	2000000	270298	0.135149
Asat_OT3098_v2_chr7A	324000000	326000000	2000000	277706	0.138853
Asat_OT3098_v2_chr7A	326000000	328000000	2000000	420636	0.210318
Asat_OT3098_v2_chr7A	328000000	330000000	2000000	274662	0.137331
Asat_OT3098_v2_chr7A	330000000	332000000	2000000	128773	0.064386
Asat_OT3098_v2_chr7A	332000000	334000000	2000000	74074	0.037037
Asat_OT3098_v2_chr7A	334000000	336000000	2000000	43981	0.021990
Asat_OT3098_v2_chr7A	336000000	338000000	2000000	46338	0.023169
Asat_OT3098_v2_chr7A	338000000	340000000	2000000	33480	0.016740
Asat_OT3098_v2_chr7A	340000000	342000000	2000000	3791	0.001896
Asat_OT3098_v2_chr7A	342000000	344000000	2000000	6093	0.003047
Asat_OT3098_v2_chr7A	344000000	346000000	2000000	6854	0.003427
Asat_OT3098_v2_chr7A	346000000	348000000	2000000	4618	0.002309
Asat_OT3098_v2_chr7A	348000000	350000000	2000000	3158	0.001579
Asat_OT3098_v2_chr7A	350000000	352000000	2000000	0	0.000000
Asat_OT3098_v2_chr7A	352000000	354000000	2000000	0	0.000000
Asat_OT3098_v2_chr7A	354000000	356000000	2000000	0	0.000000
Asat_OT3098_v2_chr7A	356000000	358000000	2000000	0	0.000000
Asat_OT3098_v2_chr7A	358000000	360000000	2000000	2064	0.001032
Asat_OT3098_v2_chr7A	360000000	362000000	2000000	0	0.000000
Asat_OT3098_v2_chr7A	362000000	364000000	2000000	3812	0.001906
Asat_OT3098_v2_chr7A	364000000	366000000	2000000	1442	0.000721
Asat_OT3098_v2_chr7A	366000000	368000000	2000000	5212	0.002606
Asat_OT3098_v2_chr7A	368000000	370000000	2000000	0	0.000000
Asat_OT3098_v2_chr7A	370000000	372000000	2000000	0	0.000000
Asat_OT3098_v2_chr7A	372000000	374000000	2000000	0	0.000000
Asat_OT3098_v2_chr7A	374000000	376000000	2000000	1007	0.000504
Asat_OT3098_v2_chr7A	376000000	378000000	2000000	5674	0.002837
Asat_OT3098_v2_chr7A	378000000	380000000	2000000	0	0.000000
Asat_OT3098_v2_chr7A	380000000	382000000	2000000	2031	0.001015
Asat_OT3098_v2_chr7A	382000000	384000000	2000000	0	0.000000
Asat_OT3098_v2_chr7A	384000000	386000000	2000000	6824	0.003412
Asat_OT3098_v2_chr7A	386000000	388000000	2000000	8156	0.004078
Asat_OT3098_v2_chr7A	388000000	390000000	2000000	0	0.000000
Asat_OT3098_v2_chr7A	390000000	392000000	2000000	0	0.000000
Asat_OT3098_v2_chr7A	392000000	394000000	2000000	0	0.000000
Asat_OT3098_v2_chr7A	394000000	396000000	2000000	0	0.000000
Asat_OT3098_v2_chr7A	396000000	398000000	2000000	0	0.000000
Asat_OT3098_v2_chr7A	398000000	400000000	2000000	1019	0.000509
Asat_OT3098_v2_chr7A	400000000	402000000	2000000	0	0.000000
Asat_OT3098_v2_chr7A	402000000	404000000	2000000	0	0.000000
Asat_OT3098_v2_chr7A	404000000	406000000	2000000	0	0.000000
Asat_OT3098_v2_chr7A	406000000	408000000	2000000	0	0.000000
Asat_OT3098_v2_chr7A	408000000	410000000	2000000	0	0.000000
Asat_OT3098_v2_chr7A	410000000	412000000	2000000	5101	0.002550
Asat_OT3098_v2_chr7A	412000000	414000000	2000000	0	0.000000
Asat_OT3098_v2_chr7A	414000000	416000000	2000000	3991	0.001995
Asat_OT3098_v2_chr7A	416000000	418000000	2000000	0	0.000000
Asat_OT3098_v2_chr7A	418000000	420000000	2000000	0	0.000000
Asat_OT3098_v2_chr7A	420000000	422000000	2000000	5311	0.002655
Asat_OT3098_v2_chr7A	422000000	424000000	2000000	0	0.000000
Asat_OT3098_v2_chr7A	424000000	426000000	2000000	4636	0.002318
Asat_OT3098_v2_chr7A	426000000	428000000	2000000	0	0.000000
Asat_OT3098_v2_chr7A	428000000	430000000	2000000	4976	0.002488
Asat_OT3098_v2_chr7A	430000000	432000000	2000000	0	0.000000
Asat_OT3098_v2_chr7A	432000000	434000000	2000000	0	0.000000
Asat_OT3098_v2_chr7A	434000000	436000000	2000000	0	0.000000
Asat_OT3098_v2_chr7A	436000000	438000000	2000000	0	0.000000
Asat_OT3098_v2_chr7A	438000000	440000000	2000000	6839	0.003419
Asat_OT3098_v2_chr7A	440000000	442000000	2000000	0	0.000000
Asat_OT3098_v2_chr7A	442000000	444000000	2000000	0	0.000000
Asat_OT3098_v2_chr7A	444000000	446000000	2000000	17948	0.008974
Asat_OT3098_v2_chr7A	446000000	448000000	2000000	0	0.000000
Asat_OT3098_v2_chr7A	448000000	450000000	2000000	5279	0.002639
Asat_OT3098_v2_chr7A	450000000	452000000	2000000	0	0.000000
Asat_OT3098_v2_chr7A	452000000	454000000	2000000	0	0.000000
Asat_OT3098_v2_chr7A	454000000	456000000	2000000	0	0.000000
Asat_OT3098_v2_chr7A	456000000	458000000	2000000	0	0.000000
Asat_OT3098_v2_chr7A	458000000	460000000	2000000	0	0.000000
Asat_OT3098_v2_chr7A	460000000	462000000	2000000	2538	0.001269
Asat_OT3098_v2_chr7A	462000000	464000000	2000000	0	0.000000
Asat_OT3098_v2_chr7A	464000000	466000000	2000000	0	0.000000
Asat_OT3098_v2_chr7A	466000000	468000000	2000000	0	0.000000
Asat_OT3098_v2_chr7A	468000000	470000000	2000000	0	0.000000
Asat_OT3098_v2_chr7A	470000000	472000000	2000000	3604	0.001802
Asat_OT3098_v2_chr7A	472000000	474000000	2000000	0	0.000000
Asat_OT3098_v2_chr7A	474000000	476000000	2000000	0	0.000000
Asat_OT3098_v2_chr7A	476000000	478000000	2000000	0	0.000000
Asat_OT3098_v2_chr7A	478000000	480000000	2000000	0	0.000000
Asat_OT3098_v2_chr7A	480000000	482000000	2000000	0	0.000000
Asat_OT3098_v2_chr7A	482000000	484000000	2000000	0	0.000000
Asat_OT3098_v2_chr7A	484000000	486000000	2000000	0	0.000000
Asat_OT3098_v2_chr7A	486000000	488000000	2000000	0	0.000000
Asat_OT3098_v2_chr7A	488000000	490000000	2000000	13264	0.006632
Asat_OT3098_v2_chr7A	490000000	492000000	2000000	6890	0.003445
Asat_OT3098_v2_chr7A	492000000	493511962	1511962	0	0.000000
Asat_OT3098_v2_chr7C	0	2000000	2000000	0	0.000000
Asat_OT3098_v2_chr7C	2000000	4000000	2000000	0	0.000000
Asat_OT3098_v2_chr7C	4000000	6000000	2000000	0	0.000000
Asat_OT3098_v2_chr7C	6000000	8000000	2000000	1307	0.000654
Asat_OT3098_v2_chr7C	8000000	10000000	2000000	0	0.000000
Asat_OT3098_v2_chr7C	10000000	12000000	2000000	0	0.000000
Asat_OT3098_v2_chr7C	12000000	14000000	2000000	0	0.000000
Asat_OT3098_v2_chr7C	14000000	16000000	2000000	0	0.000000
Asat_OT3098_v2_chr7C	16000000	18000000	2000000	4479	0.002240
Asat_OT3098_v2_chr7C	18000000	20000000	2000000	1004	0.000502
Asat_OT3098_v2_chr7C	20000000	22000000	2000000	0	0.000000
Asat_OT3098_v2_chr7C	22000000	24000000	2000000	0	0.000000
Asat_OT3098_v2_chr7C	24000000	26000000	2000000	0	0.000000
Asat_OT3098_v2_chr7C	26000000	28000000	2000000	3528	0.001764
Asat_OT3098_v2_chr7C	28000000	30000000	2000000	0	0.000000
Asat_OT3098_v2_chr7C	30000000	32000000	2000000	0	0.000000
Asat_OT3098_v2_chr7C	32000000	34000000	2000000	0	0.000000
Asat_OT3098_v2_chr7C	34000000	36000000	2000000	0	0.000000
Asat_OT3098_v2_chr7C	36000000	38000000	2000000	0	0.000000
Asat_OT3098_v2_chr7C	38000000	40000000	2000000	7144	0.003572
Asat_OT3098_v2_chr7C	40000000	42000000	2000000	0	0.000000
Asat_OT3098_v2_chr7C	42000000	44000000	2000000	0	0.000000
Asat_OT3098_v2_chr7C	44000000	46000000	2000000	1701	0.000851
Asat_OT3098_v2_chr7C	46000000	48000000	2000000	0	0.000000
Asat_OT3098_v2_chr7C	48000000	50000000	2000000	0	0.000000
Asat_OT3098_v2_chr7C	50000000	52000000	2000000	0	0.000000
Asat_OT3098_v2_chr7C	52000000	54000000	2000000	0	0.000000
Asat_OT3098_v2_chr7C	54000000	56000000	2000000	0	0.000000
Asat_OT3098_v2_chr7C	56000000	58000000	2000000	6124	0.003062
Asat_OT3098_v2_chr7C	58000000	60000000	2000000	5301	0.002651
Asat_OT3098_v2_chr7C	60000000	62000000	2000000	0	0.000000
Asat_OT3098_v2_chr7C	62000000	64000000	2000000	5879	0.002939
Asat_OT3098_v2_chr7C	64000000	66000000	2000000	0	0.000000
Asat_OT3098_v2_chr7C	66000000	68000000	2000000	0	0.000000
Asat_OT3098_v2_chr7C	68000000	70000000	2000000	0	0.000000
Asat_OT3098_v2_chr7C	70000000	72000000	2000000	0	0.000000
Asat_OT3098_v2_chr7C	72000000	74000000	2000000	0	0.000000
Asat_OT3098_v2_chr7C	74000000	76000000	2000000	0	0.000000
Asat_OT3098_v2_chr7C	76000000	78000000	2000000	0	0.000000
Asat_OT3098_v2_chr7C	78000000	80000000	2000000	3984	0.001992
Asat_OT3098_v2_chr7C	80000000	82000000	2000000	0	0.000000
Asat_OT3098_v2_chr7C	82000000	84000000	2000000	0	0.000000
Asat_OT3098_v2_chr7C	84000000	86000000	2000000	2324	0.001162
Asat_OT3098_v2_chr7C	86000000	88000000	2000000	0	0.000000
Asat_OT3098_v2_chr7C	88000000	90000000	2000000	0	0.000000
Asat_OT3098_v2_chr7C	90000000	92000000	2000000	0	0.000000
Asat_OT3098_v2_chr7C	92000000	94000000	2000000	6081	0.003040
Asat_OT3098_v2_chr7C	94000000	96000000	2000000	0	0.000000
Asat_OT3098_v2_chr7C	96000000	98000000	2000000	0	0.000000
Asat_OT3098_v2_chr7C	98000000	100000000	2000000	2509	0.001254
Asat_OT3098_v2_chr7C	100000000	102000000	2000000	0	0.000000
Asat_OT3098_v2_chr7C	102000000	104000000	2000000	0	0.000000
Asat_OT3098_v2_chr7C	104000000	106000000	2000000	0	0.000000
Asat_OT3098_v2_chr7C	106000000	108000000	2000000	0	0.000000
Asat_OT3098_v2_chr7C	108000000	110000000	2000000	0	0.000000
Asat_OT3098_v2_chr7C	110000000	112000000	2000000	0	0.000000
Asat_OT3098_v2_chr7C	112000000	114000000	2000000	0	0.000000
Asat_OT3098_v2_chr7C	114000000	116000000	2000000	3596	0.001798
Asat_OT3098_v2_chr7C	116000000	118000000	2000000	0	0.000000
Asat_OT3098_v2_chr7C	118000000	120000000	2000000	0	0.000000
Asat_OT3098_v2_chr7C	120000000	122000000	2000000	0	0.000000
Asat_OT3098_v2_chr7C	122000000	124000000	2000000	0	0.000000
Asat_OT3098_v2_chr7C	124000000	126000000	2000000	0	0.000000
Asat_OT3098_v2_chr7C	126000000	128000000	2000000	0	0.000000
Asat_OT3098_v2_chr7C	128000000	130000000	2000000	0	0.000000
Asat_OT3098_v2_chr7C	130000000	132000000	2000000	0	0.000000
Asat_OT3098_v2_chr7C	132000000	134000000	2000000	1980	0.000990
Asat_OT3098_v2_chr7C	134000000	136000000	2000000	3082	0.001541
Asat_OT3098_v2_chr7C	136000000	138000000	2000000	0	0.000000
Asat_OT3098_v2_chr7C	138000000	140000000	2000000	0	0.000000
Asat_OT3098_v2_chr7C	140000000	142000000	2000000	0	0.000000
Asat_OT3098_v2_chr7C	142000000	144000000	2000000	4746	0.002373
Asat_OT3098_v2_chr7C	144000000	146000000	2000000	0	0.000000
Asat_OT3098_v2_chr7C	146000000	148000000	2000000	0	0.000000
Asat_OT3098_v2_chr7C	148000000	150000000	2000000	1168	0.000584
Asat_OT3098_v2_chr7C	150000000	152000000	2000000	0	0.000000
Asat_OT3098_v2_chr7C	152000000	154000000	2000000	1605	0.000803
Asat_OT3098_v2_chr7C	154000000	156000000	2000000	0	0.000000
Asat_OT3098_v2_chr7C	156000000	158000000	2000000	3766	0.001883
Asat_OT3098_v2_chr7C	158000000	160000000	2000000	0	0.000000
Asat_OT3098_v2_chr7C	160000000	162000000	2000000	2481	0.001241
Asat_OT3098_v2_chr7C	162000000	164000000	2000000	0	0.000000
Asat_OT3098_v2_chr7C	164000000	166000000	2000000	0	0.000000
Asat_OT3098_v2_chr7C	166000000	168000000	2000000	3551	0.001775
Asat_OT3098_v2_chr7C	168000000	170000000	2000000	0	0.000000
Asat_OT3098_v2_chr7C	170000000	172000000	2000000	0	0.000000
Asat_OT3098_v2_chr7C	172000000	174000000	2000000	2804	0.001402
Asat_OT3098_v2_chr7C	174000000	176000000	2000000	0	0.000000
Asat_OT3098_v2_chr7C	176000000	178000000	2000000	0	0.000000
Asat_OT3098_v2_chr7C	178000000	180000000	2000000	0	0.000000
Asat_OT3098_v2_chr7C	180000000	182000000	2000000	0	0.000000
Asat_OT3098_v2_chr7C	182000000	184000000	2000000	0	0.000000
Asat_OT3098_v2_chr7C	184000000	186000000	2000000	0	0.000000
Asat_OT3098_v2_chr7C	186000000	188000000	2000000	0	0.000000
Asat_OT3098_v2_chr7C	188000000	190000000	2000000	0	0.000000
Asat_OT3098_v2_chr7C	190000000	192000000	2000000	0	0.000000
Asat_OT3098_v2_chr7C	192000000	194000000	2000000	0	0.000000
Asat_OT3098_v2_chr7C	194000000	196000000	2000000	1065	0.000532
Asat_OT3098_v2_chr7C	196000000	198000000	2000000	6939	0.003469
Asat_OT3098_v2_chr7C	198000000	200000000	2000000	0	0.000000
Asat_OT3098_v2_chr7C	200000000	202000000	2000000	0	0.000000
Asat_OT3098_v2_chr7C	202000000	204000000	2000000	0	0.000000
Asat_OT3098_v2_chr7C	204000000	206000000	2000000	0	0.000000
Asat_OT3098_v2_chr7C	206000000	208000000	2000000	0	0.000000
Asat_OT3098_v2_chr7C	208000000	210000000	2000000	0	0.000000
Asat_OT3098_v2_chr7C	210000000	212000000	2000000	0	0.000000
Asat_OT3098_v2_chr7C	212000000	214000000	2000000	0	0.000000
Asat_OT3098_v2_chr7C	214000000	216000000	2000000	5207	0.002603
Asat_OT3098_v2_chr7C	216000000	218000000	2000000	0	0.000000
Asat_OT3098_v2_chr7C	218000000	220000000	2000000	0	0.000000
Asat_OT3098_v2_chr7C	220000000	222000000	2000000	0	0.000000
Asat_OT3098_v2_chr7C	222000000	224000000	2000000	0	0.000000
Asat_OT3098_v2_chr7C	224000000	226000000	2000000	0	0.000000
Asat_OT3098_v2_chr7C	226000000	228000000	2000000	1806	0.000903
Asat_OT3098_v2_chr7C	228000000	230000000	2000000	5991	0.002995
Asat_OT3098_v2_chr7C	230000000	232000000	2000000	0	0.000000
Asat_OT3098_v2_chr7C	232000000	234000000	2000000	3623	0.001811
Asat_OT3098_v2_chr7C	234000000	236000000	2000000	0	0.000000
Asat_OT3098_v2_chr7C	236000000	238000000	2000000	0	0.000000
Asat_OT3098_v2_chr7C	238000000	240000000	2000000	0	0.000000
Asat_OT3098_v2_chr7C	240000000	242000000	2000000	0	0.000000
Asat_OT3098_v2_chr7C	242000000	244000000	2000000	0	0.000000
Asat_OT3098_v2_chr7C	244000000	246000000	2000000	0	0.000000
Asat_OT3098_v2_chr7C	246000000	248000000	2000000	0	0.000000
Asat_OT3098_v2_chr7C	248000000	250000000	2000000	0	0.000000
Asat_OT3098_v2_chr7C	250000000	252000000	2000000	0	0.000000
Asat_OT3098_v2_chr7C	252000000	254000000	2000000	3889	0.001945
Asat_OT3098_v2_chr7C	254000000	256000000	2000000	0	0.000000
Asat_OT3098_v2_chr7C	256000000	258000000	2000000	0	0.000000
Asat_OT3098_v2_chr7C	258000000	260000000	2000000	0	0.000000
Asat_OT3098_v2_chr7C	260000000	262000000	2000000	0	0.000000
Asat_OT3098_v2_chr7C	262000000	264000000	2000000	4795	0.002397
Asat_OT3098_v2_chr7C	264000000	266000000	2000000	0	0.000000
Asat_OT3098_v2_chr7C	266000000	268000000	2000000	0	0.000000
Asat_OT3098_v2_chr7C	268000000	270000000	2000000	16170	0.008085
Asat_OT3098_v2_chr7C	270000000	272000000	2000000	30317	0.015159
Asat_OT3098_v2_chr7C	272000000	274000000	2000000	6631	0.003315
Asat_OT3098_v2_chr7C	274000000	276000000	2000000	0	0.000000
Asat_OT3098_v2_chr7C	276000000	278000000	2000000	12604	0.006302
Asat_OT3098_v2_chr7C	278000000	280000000	2000000	5362	0.002681
Asat_OT3098_v2_chr7C	280000000	282000000	2000000	0	0.000000
Asat_OT3098_v2_chr7C	282000000	284000000	2000000	0	0.000000
Asat_OT3098_v2_chr7C	284000000	286000000	2000000	0	0.000000
Asat_OT3098_v2_chr7C	286000000	288000000	2000000	0	0.000000
Asat_OT3098_v2_chr7C	288000000	290000000	2000000	4083	0.002041
Asat_OT3098_v2_chr7C	290000000	292000000	2000000	0	0.000000
Asat_OT3098_v2_chr7C	292000000	294000000	2000000	0	0.000000
Asat_OT3098_v2_chr7C	294000000	296000000	2000000	0	0.000000
Asat_OT3098_v2_chr7C	296000000	298000000	2000000	2975	0.001488
Asat_OT3098_v2_chr7C	298000000	300000000	2000000	18990	0.009495
Asat_OT3098_v2_chr7C	300000000	302000000	2000000	32413	0.016206
Asat_OT3098_v2_chr7C	302000000	304000000	2000000	14488	0.007244
Asat_OT3098_v2_chr7C	304000000	306000000	2000000	2157	0.001079
Asat_OT3098_v2_chr7C	306000000	308000000	2000000	7653	0.003827
Asat_OT3098_v2_chr7C	308000000	310000000	2000000	19730	0.009865
Asat_OT3098_v2_chr7C	310000000	312000000	2000000	3640	0.001820
Asat_OT3098_v2_chr7C	312000000	314000000	2000000	0	0.000000
Asat_OT3098_v2_chr7C	314000000	316000000	2000000	0	0.000000
Asat_OT3098_v2_chr7C	316000000	318000000	2000000	40930	0.020465
Asat_OT3098_v2_chr7C	318000000	320000000	2000000	6301	0.003151
Asat_OT3098_v2_chr7C	320000000	322000000	2000000	5318	0.002659
Asat_OT3098_v2_chr7C	322000000	324000000	2000000	4106	0.002053
Asat_OT3098_v2_chr7C	324000000	326000000	2000000	12962	0.006481
Asat_OT3098_v2_chr7C	326000000	328000000	2000000	31517	0.015759
Asat_OT3098_v2_chr7C	328000000	330000000	2000000	68461	0.034230
Asat_OT3098_v2_chr7C	330000000	332000000	2000000	30605	0.015303
Asat_OT3098_v2_chr7C	332000000	334000000	2000000	4785	0.002393
Asat_OT3098_v2_chr7C	334000000	336000000	2000000	21718	0.010859
Asat_OT3098_v2_chr7C	336000000	338000000	2000000	4616	0.002308
Asat_OT3098_v2_chr7C	338000000	340000000	2000000	4742	0.002371
Asat_OT3098_v2_chr7C	340000000	342000000	2000000	0	0.000000
Asat_OT3098_v2_chr7C	342000000	344000000	2000000	26815	0.013407
Asat_OT3098_v2_chr7C	344000000	346000000	2000000	64740	0.032370
Asat_OT3098_v2_chr7C	346000000	348000000	2000000	104470	0.052235
Asat_OT3098_v2_chr7C	348000000	350000000	2000000	62862	0.031431
Asat_OT3098_v2_chr7C	350000000	352000000	2000000	63240	0.031620
Asat_OT3098_v2_chr7C	352000000	354000000	2000000	29571	0.014786
Asat_OT3098_v2_chr7C	354000000	356000000	2000000	2435	0.001218
Asat_OT3098_v2_chr7C	356000000	358000000	2000000	0	0.000000
Asat_OT3098_v2_chr7C	358000000	360000000	2000000	3701	0.001850
Asat_OT3098_v2_chr7C	360000000	362000000	2000000	5955	0.002978
Asat_OT3098_v2_chr7C	362000000	364000000	2000000	0	0.000000
Asat_OT3098_v2_chr7C	364000000	366000000	2000000	0	0.000000
Asat_OT3098_v2_chr7C	366000000	368000000	2000000	6065	0.003033
Asat_OT3098_v2_chr7C	368000000	370000000	2000000	0	0.000000
Asat_OT3098_v2_chr7C	370000000	372000000	2000000	4543	0.002272
Asat_OT3098_v2_chr7C	372000000	374000000	2000000	0	0.000000
Asat_OT3098_v2_chr7C	374000000	376000000	2000000	0	0.000000
Asat_OT3098_v2_chr7C	376000000	378000000	2000000	0	0.000000
Asat_OT3098_v2_chr7C	378000000	380000000	2000000	0	0.000000
Asat_OT3098_v2_chr7C	380000000	382000000	2000000	0	0.000000
Asat_OT3098_v2_chr7C	382000000	384000000	2000000	3208	0.001604
Asat_OT3098_v2_chr7C	384000000	386000000	2000000	0	0.000000
Asat_OT3098_v2_chr7C	386000000	388000000	2000000	0	0.000000
Asat_OT3098_v2_chr7C	388000000	390000000	2000000	0	0.000000
Asat_OT3098_v2_chr7C	390000000	392000000	2000000	0	0.000000
Asat_OT3098_v2_chr7C	392000000	394000000	2000000	0	0.000000
Asat_OT3098_v2_chr7C	394000000	396000000	2000000	1734	0.000867
Asat_OT3098_v2_chr7C	396000000	398000000	2000000	9355	0.004678
Asat_OT3098_v2_chr7C	398000000	400000000	2000000	0	0.000000
Asat_OT3098_v2_chr7C	400000000	402000000	2000000	0	0.000000
Asat_OT3098_v2_chr7C	402000000	404000000	2000000	6204	0.003102
Asat_OT3098_v2_chr7C	404000000	406000000	2000000	0	0.000000
Asat_OT3098_v2_chr7C	406000000	408000000	2000000	0	0.000000
Asat_OT3098_v2_chr7C	408000000	410000000	2000000	0	0.000000
Asat_OT3098_v2_chr7C	410000000	412000000	2000000	9430	0.004715
Asat_OT3098_v2_chr7C	412000000	414000000	2000000	0	0.000000
Asat_OT3098_v2_chr7C	414000000	416000000	2000000	2895	0.001448
Asat_OT3098_v2_chr7C	416000000	418000000	2000000	4752	0.002376
Asat_OT3098_v2_chr7C	418000000	420000000	2000000	4723	0.002361
Asat_OT3098_v2_chr7C	420000000	422000000	2000000	0	0.000000
Asat_OT3098_v2_chr7C	422000000	424000000	2000000	0	0.000000
Asat_OT3098_v2_chr7C	424000000	426000000	2000000	1333	0.000666
Asat_OT3098_v2_chr7C	426000000	428000000	2000000	0	0.000000
Asat_OT3098_v2_chr7C	428000000	430000000	2000000	0	0.000000
Asat_OT3098_v2_chr7C	430000000	432000000	2000000	0	0.000000
Asat_OT3098_v2_chr7C	432000000	434000000	2000000	0	0.000000
Asat_OT3098_v2_chr7C	434000000	436000000	2000000	0	0.000000
Asat_OT3098_v2_chr7C	436000000	438000000	2000000	0	0.000000
Asat_OT3098_v2_chr7C	438000000	440000000	2000000	1165	0.000583
Asat_OT3098_v2_chr7C	440000000	442000000	2000000	5431	0.002716
Asat_OT3098_v2_chr7C	442000000	444000000	2000000	0	0.000000
Asat_OT3098_v2_chr7C	444000000	446000000	2000000	0	0.000000
Asat_OT3098_v2_chr7C	446000000	448000000	2000000	2280	0.001140
Asat_OT3098_v2_chr7C	448000000	450000000	2000000	0	0.000000
Asat_OT3098_v2_chr7C	450000000	452000000	2000000	0	0.000000
Asat_OT3098_v2_chr7C	452000000	454000000	2000000	0	0.000000
Asat_OT3098_v2_chr7C	454000000	456000000	2000000	0	0.000000
Asat_OT3098_v2_chr7C	456000000	458000000	2000000	0	0.000000
Asat_OT3098_v2_chr7C	458000000	460000000	2000000	6099	0.003050
Asat_OT3098_v2_chr7C	460000000	462000000	2000000	0	0.000000
Asat_OT3098_v2_chr7C	462000000	464000000	2000000	0	0.000000
Asat_OT3098_v2_chr7C	464000000	466000000	2000000	0	0.000000
Asat_OT3098_v2_chr7C	466000000	468000000	2000000	0	0.000000
Asat_OT3098_v2_chr7C	468000000	470000000	2000000	0	0.000000
Asat_OT3098_v2_chr7C	470000000	472000000	2000000	0	0.000000
Asat_OT3098_v2_chr7C	472000000	474000000	2000000	0	0.000000
Asat_OT3098_v2_chr7C	474000000	476000000	2000000	0	0.000000
Asat_OT3098_v2_chr7C	476000000	478000000	2000000	0	0.000000
Asat_OT3098_v2_chr7C	478000000	480000000	2000000	0	0.000000
Asat_OT3098_v2_chr7C	480000000	482000000	2000000	3852	0.001926
Asat_OT3098_v2_chr7C	482000000	484000000	2000000	0	0.000000
Asat_OT3098_v2_chr7C	484000000	486000000	2000000	0	0.000000
Asat_OT3098_v2_chr7C	486000000	488000000	2000000	0	0.000000
Asat_OT3098_v2_chr7C	488000000	490000000	2000000	0	0.000000
Asat_OT3098_v2_chr7C	490000000	492000000	2000000	4707	0.002354
Asat_OT3098_v2_chr7C	492000000	494000000	2000000	3046	0.001523
Asat_OT3098_v2_chr7C	494000000	496000000	2000000	0	0.000000
Asat_OT3098_v2_chr7C	496000000	498000000	2000000	4790	0.002395
Asat_OT3098_v2_chr7C	498000000	500000000	2000000	3643	0.001821
Asat_OT3098_v2_chr7C	500000000	502000000	2000000	0	0.000000
Asat_OT3098_v2_chr7C	502000000	504000000	2000000	0	0.000000
Asat_OT3098_v2_chr7C	504000000	506000000	2000000	4669	0.002335
Asat_OT3098_v2_chr7C	506000000	508000000	2000000	3885	0.001942
Asat_OT3098_v2_chr7C	508000000	510000000	2000000	4435	0.002217
Asat_OT3098_v2_chr7C	510000000	512000000	2000000	0	0.000000
Asat_OT3098_v2_chr7C	512000000	514000000	2000000	0	0.000000
Asat_OT3098_v2_chr7C	514000000	516000000	2000000	3905	0.001953
Asat_OT3098_v2_chr7C	516000000	518000000	2000000	4026	0.002013
Asat_OT3098_v2_chr7C	518000000	520000000	2000000	4957	0.002478
Asat_OT3098_v2_chr7C	520000000	522000000	2000000	2370	0.001185
Asat_OT3098_v2_chr7C	522000000	524000000	2000000	0	0.000000
Asat_OT3098_v2_chr7C	524000000	526000000	2000000	4108	0.002054
Asat_OT3098_v2_chr7C	526000000	528000000	2000000	4819	0.002410
Asat_OT3098_v2_chr7C	528000000	530000000	2000000	0	0.000000
Asat_OT3098_v2_chr7C	530000000	532000000	2000000	3109	0.001554
Asat_OT3098_v2_chr7C	532000000	534000000	2000000	0	0.000000
Asat_OT3098_v2_chr7C	534000000	536000000	2000000	0	0.000000
Asat_OT3098_v2_chr7C	536000000	538000000	2000000	0	0.000000
Asat_OT3098_v2_chr7C	538000000	540000000	2000000	0	0.000000
Asat_OT3098_v2_chr7C	540000000	542000000	2000000	2482	0.001241
Asat_OT3098_v2_chr7C	542000000	544000000	2000000	0	0.000000
Asat_OT3098_v2_chr7C	544000000	546000000	2000000	0	0.000000
Asat_OT3098_v2_chr7C	546000000	548000000	2000000	0	0.000000
Asat_OT3098_v2_chr7C	548000000	550000000	2000000	656	0.000328
Asat_OT3098_v2_chr7C	550000000	551718542	1718542	3102	0.001805
Asat_OT3098_v2_chr7D	0	2000000	2000000	0	0.000000
Asat_OT3098_v2_chr7D	2000000	4000000	2000000	0	0.000000
Asat_OT3098_v2_chr7D	4000000	6000000	2000000	1040	0.000520
Asat_OT3098_v2_chr7D	6000000	8000000	2000000	0	0.000000
Asat_OT3098_v2_chr7D	8000000	10000000	2000000	0	0.000000
Asat_OT3098_v2_chr7D	10000000	12000000	2000000	0	0.000000
Asat_OT3098_v2_chr7D	12000000	14000000	2000000	0	0.000000
Asat_OT3098_v2_chr7D	14000000	16000000	2000000	0	0.000000
Asat_OT3098_v2_chr7D	16000000	18000000	2000000	0	0.000000
Asat_OT3098_v2_chr7D	18000000	20000000	2000000	0	0.000000
Asat_OT3098_v2_chr7D	20000000	22000000	2000000	0	0.000000
Asat_OT3098_v2_chr7D	22000000	24000000	2000000	0	0.000000
Asat_OT3098_v2_chr7D	24000000	26000000	2000000	0	0.000000
Asat_OT3098_v2_chr7D	26000000	28000000	2000000	0	0.000000
Asat_OT3098_v2_chr7D	28000000	30000000	2000000	0	0.000000
Asat_OT3098_v2_chr7D	30000000	32000000	2000000	0	0.000000
Asat_OT3098_v2_chr7D	32000000	34000000	2000000	0	0.000000
Asat_OT3098_v2_chr7D	34000000	36000000	2000000	0	0.000000
Asat_OT3098_v2_chr7D	36000000	38000000	2000000	0	0.000000
Asat_OT3098_v2_chr7D	38000000	40000000	2000000	0	0.000000
Asat_OT3098_v2_chr7D	40000000	42000000	2000000	0	0.000000
Asat_OT3098_v2_chr7D	42000000	44000000	2000000	0	0.000000
Asat_OT3098_v2_chr7D	44000000	46000000	2000000	2039	0.001020
Asat_OT3098_v2_chr7D	46000000	48000000	2000000	6478	0.003239
Asat_OT3098_v2_chr7D	48000000	50000000	2000000	0	0.000000
Asat_OT3098_v2_chr7D	50000000	52000000	2000000	0	0.000000
Asat_OT3098_v2_chr7D	52000000	54000000	2000000	1023	0.000512
Asat_OT3098_v2_chr7D	54000000	56000000	2000000	6935	0.003468
Asat_OT3098_v2_chr7D	56000000	58000000	2000000	0	0.000000
Asat_OT3098_v2_chr7D	58000000	60000000	2000000	0	0.000000
Asat_OT3098_v2_chr7D	60000000	62000000	2000000	6079	0.003040
Asat_OT3098_v2_chr7D	62000000	64000000	2000000	11375	0.005687
Asat_OT3098_v2_chr7D	64000000	66000000	2000000	0	0.000000
Asat_OT3098_v2_chr7D	66000000	68000000	2000000	0	0.000000
Asat_OT3098_v2_chr7D	68000000	70000000	2000000	0	0.000000
Asat_OT3098_v2_chr7D	70000000	72000000	2000000	0	0.000000
Asat_OT3098_v2_chr7D	72000000	74000000	2000000	0	0.000000
Asat_OT3098_v2_chr7D	74000000	76000000	2000000	0	0.000000
Asat_OT3098_v2_chr7D	76000000	78000000	2000000	0	0.000000
Asat_OT3098_v2_chr7D	78000000	80000000	2000000	0	0.000000
Asat_OT3098_v2_chr7D	80000000	82000000	2000000	0	0.000000
Asat_OT3098_v2_chr7D	82000000	84000000	2000000	0	0.000000
Asat_OT3098_v2_chr7D	84000000	86000000	2000000	2025	0.001012
Asat_OT3098_v2_chr7D	86000000	88000000	2000000	0	0.000000
Asat_OT3098_v2_chr7D	88000000	90000000	2000000	8044	0.004022
Asat_OT3098_v2_chr7D	90000000	92000000	2000000	2738	0.001369
Asat_OT3098_v2_chr7D	92000000	94000000	2000000	0	0.000000
Asat_OT3098_v2_chr7D	94000000	96000000	2000000	0	0.000000
Asat_OT3098_v2_chr7D	96000000	98000000	2000000	0	0.000000
Asat_OT3098_v2_chr7D	98000000	100000000	2000000	0	0.000000
Asat_OT3098_v2_chr7D	100000000	102000000	2000000	0	0.000000
Asat_OT3098_v2_chr7D	102000000	104000000	2000000	6905	0.003452
Asat_OT3098_v2_chr7D	104000000	106000000	2000000	0	0.000000
Asat_OT3098_v2_chr7D	106000000	108000000	2000000	6236	0.003118
Asat_OT3098_v2_chr7D	108000000	110000000	2000000	0	0.000000
Asat_OT3098_v2_chr7D	110000000	112000000	2000000	0	0.000000
Asat_OT3098_v2_chr7D	112000000	114000000	2000000	0	0.000000
Asat_OT3098_v2_chr7D	114000000	116000000	2000000	0	0.000000
Asat_OT3098_v2_chr7D	116000000	118000000	2000000	6861	0.003430
Asat_OT3098_v2_chr7D	118000000	120000000	2000000	0	0.000000
Asat_OT3098_v2_chr7D	120000000	122000000	2000000	0	0.000000
Asat_OT3098_v2_chr7D	122000000	124000000	2000000	0	0.000000
Asat_OT3098_v2_chr7D	124000000	126000000	2000000	11775	0.005888
Asat_OT3098_v2_chr7D	126000000	128000000	2000000	0	0.000000
Asat_OT3098_v2_chr7D	128000000	130000000	2000000	9505	0.004752
Asat_OT3098_v2_chr7D	130000000	132000000	2000000	0	0.000000
Asat_OT3098_v2_chr7D	132000000	134000000	2000000	0	0.000000
Asat_OT3098_v2_chr7D	134000000	136000000	2000000	4986	0.002493
Asat_OT3098_v2_chr7D	136000000	138000000	2000000	0	0.000000
Asat_OT3098_v2_chr7D	138000000	140000000	2000000	6801	0.003400
Asat_OT3098_v2_chr7D	140000000	142000000	2000000	0	0.000000
Asat_OT3098_v2_chr7D	142000000	144000000	2000000	4657	0.002328
Asat_OT3098_v2_chr7D	144000000	146000000	2000000	6627	0.003314
Asat_OT3098_v2_chr7D	146000000	148000000	2000000	0	0.000000
Asat_OT3098_v2_chr7D	148000000	150000000	2000000	0	0.000000
Asat_OT3098_v2_chr7D	150000000	152000000	2000000	0	0.000000
Asat_OT3098_v2_chr7D	152000000	154000000	2000000	0	0.000000
Asat_OT3098_v2_chr7D	154000000	156000000	2000000	0	0.000000
Asat_OT3098_v2_chr7D	156000000	158000000	2000000	5117	0.002559
Asat_OT3098_v2_chr7D	158000000	160000000	2000000	0	0.000000
Asat_OT3098_v2_chr7D	160000000	162000000	2000000	0	0.000000
Asat_OT3098_v2_chr7D	162000000	164000000	2000000	0	0.000000
Asat_OT3098_v2_chr7D	164000000	166000000	2000000	0	0.000000
Asat_OT3098_v2_chr7D	166000000	168000000	2000000	6391	0.003195
Asat_OT3098_v2_chr7D	168000000	170000000	2000000	0	0.000000
Asat_OT3098_v2_chr7D	170000000	172000000	2000000	0	0.000000
Asat_OT3098_v2_chr7D	172000000	174000000	2000000	0	0.000000
Asat_OT3098_v2_chr7D	174000000	176000000	2000000	5467	0.002733
Asat_OT3098_v2_chr7D	176000000	178000000	2000000	0	0.000000
Asat_OT3098_v2_chr7D	178000000	180000000	2000000	16655	0.008327
Asat_OT3098_v2_chr7D	180000000	182000000	2000000	5815	0.002907
Asat_OT3098_v2_chr7D	182000000	184000000	2000000	7378	0.003689
Asat_OT3098_v2_chr7D	184000000	186000000	2000000	0	0.000000
Asat_OT3098_v2_chr7D	186000000	188000000	2000000	0	0.000000
Asat_OT3098_v2_chr7D	188000000	190000000	2000000	6927	0.003463
Asat_OT3098_v2_chr7D	190000000	192000000	2000000	0	0.000000
Asat_OT3098_v2_chr7D	192000000	194000000	2000000	4184	0.002092
Asat_OT3098_v2_chr7D	194000000	196000000	2000000	0	0.000000
Asat_OT3098_v2_chr7D	196000000	198000000	2000000	4333	0.002167
Asat_OT3098_v2_chr7D	198000000	200000000	2000000	3455	0.001728
Asat_OT3098_v2_chr7D	200000000	202000000	2000000	0	0.000000
Asat_OT3098_v2_chr7D	202000000	204000000	2000000	5538	0.002769
Asat_OT3098_v2_chr7D	204000000	206000000	2000000	2731	0.001365
Asat_OT3098_v2_chr7D	206000000	208000000	2000000	10807	0.005404
Asat_OT3098_v2_chr7D	208000000	210000000	2000000	1017	0.000508
Asat_OT3098_v2_chr7D	210000000	212000000	2000000	4492	0.002246
Asat_OT3098_v2_chr7D	212000000	214000000	2000000	8849	0.004424
Asat_OT3098_v2_chr7D	214000000	216000000	2000000	34497	0.017248
Asat_OT3098_v2_chr7D	216000000	218000000	2000000	0	0.000000
Asat_OT3098_v2_chr7D	218000000	220000000	2000000	10730	0.005365
Asat_OT3098_v2_chr7D	220000000	222000000	2000000	10895	0.005448
Asat_OT3098_v2_chr7D	222000000	224000000	2000000	172984	0.086492
Asat_OT3098_v2_chr7D	224000000	226000000	2000000	437138	0.218569
Asat_OT3098_v2_chr7D	226000000	228000000	2000000	336459	0.168230
Asat_OT3098_v2_chr7D	228000000	230000000	2000000	362144	0.181072
Asat_OT3098_v2_chr7D	230000000	232000000	2000000	304427	0.152214
Asat_OT3098_v2_chr7D	232000000	234000000	2000000	120463	0.060232
Asat_OT3098_v2_chr7D	234000000	236000000	2000000	20730	0.010365
Asat_OT3098_v2_chr7D	236000000	238000000	2000000	36679	0.018340
Asat_OT3098_v2_chr7D	238000000	240000000	2000000	83025	0.041513
Asat_OT3098_v2_chr7D	240000000	242000000	2000000	6777	0.003389
Asat_OT3098_v2_chr7D	242000000	244000000	2000000	0	0.000000
Asat_OT3098_v2_chr7D	244000000	246000000	2000000	7929	0.003965
Asat_OT3098_v2_chr7D	246000000	248000000	2000000	0	0.000000
Asat_OT3098_v2_chr7D	248000000	250000000	2000000	0	0.000000
Asat_OT3098_v2_chr7D	250000000	252000000	2000000	0	0.000000
Asat_OT3098_v2_chr7D	252000000	254000000	2000000	9284	0.004642
Asat_OT3098_v2_chr7D	254000000	256000000	2000000	12867	0.006433
Asat_OT3098_v2_chr7D	256000000	258000000	2000000	5558	0.002779
Asat_OT3098_v2_chr7D	258000000	260000000	2000000	0	0.000000
Asat_OT3098_v2_chr7D	260000000	262000000	2000000	0	0.000000
Asat_OT3098_v2_chr7D	262000000	264000000	2000000	3791	0.001896
Asat_OT3098_v2_chr7D	264000000	266000000	2000000	2076	0.001038
Asat_OT3098_v2_chr7D	266000000	268000000	2000000	1443	0.000722
Asat_OT3098_v2_chr7D	268000000	270000000	2000000	5961	0.002981
Asat_OT3098_v2_chr7D	270000000	272000000	2000000	4871	0.002436
Asat_OT3098_v2_chr7D	272000000	274000000	2000000	0	0.000000
Asat_OT3098_v2_chr7D	274000000	276000000	2000000	0	0.000000
Asat_OT3098_v2_chr7D	276000000	278000000	2000000	1665	0.000833
Asat_OT3098_v2_chr7D	278000000	280000000	2000000	0	0.000000
Asat_OT3098_v2_chr7D	280000000	282000000	2000000	0	0.000000
Asat_OT3098_v2_chr7D	282000000	284000000	2000000	0	0.000000
Asat_OT3098_v2_chr7D	284000000	286000000	2000000	0	0.000000
Asat_OT3098_v2_chr7D	286000000	288000000	2000000	0	0.000000
Asat_OT3098_v2_chr7D	288000000	290000000	2000000	5910	0.002955
Asat_OT3098_v2_chr7D	290000000	292000000	2000000	0	0.000000
Asat_OT3098_v2_chr7D	292000000	294000000	2000000	0	0.000000
Asat_OT3098_v2_chr7D	294000000	296000000	2000000	0	0.000000
Asat_OT3098_v2_chr7D	296000000	298000000	2000000	1123	0.000562
Asat_OT3098_v2_chr7D	298000000	300000000	2000000	6324	0.003162
Asat_OT3098_v2_chr7D	300000000	302000000	2000000	1018	0.000509
Asat_OT3098_v2_chr7D	302000000	304000000	2000000	0	0.000000
Asat_OT3098_v2_chr7D	304000000	306000000	2000000	0	0.000000
Asat_OT3098_v2_chr7D	306000000	308000000	2000000	0	0.000000
Asat_OT3098_v2_chr7D	308000000	310000000	2000000	0	0.000000
Asat_OT3098_v2_chr7D	310000000	312000000	2000000	0	0.000000
Asat_OT3098_v2_chr7D	312000000	314000000	2000000	0	0.000000
Asat_OT3098_v2_chr7D	314000000	316000000	2000000	6801	0.003400
Asat_OT3098_v2_chr7D	316000000	318000000	2000000	11341	0.005671
Asat_OT3098_v2_chr7D	318000000	320000000	2000000	6114	0.003057
Asat_OT3098_v2_chr7D	320000000	322000000	2000000	0	0.000000
Asat_OT3098_v2_chr7D	322000000	324000000	2000000	0	0.000000
Asat_OT3098_v2_chr7D	324000000	326000000	2000000	4964	0.002482
Asat_OT3098_v2_chr7D	326000000	328000000	2000000	0	0.000000
Asat_OT3098_v2_chr7D	328000000	330000000	2000000	6854	0.003427
Asat_OT3098_v2_chr7D	330000000	332000000	2000000	0	0.000000
Asat_OT3098_v2_chr7D	332000000	334000000	2000000	0	0.000000
Asat_OT3098_v2_chr7D	334000000	336000000	2000000	0	0.000000
Asat_OT3098_v2_chr7D	336000000	338000000	2000000	0	0.000000
Asat_OT3098_v2_chr7D	338000000	340000000	2000000	0	0.000000
Asat_OT3098_v2_chr7D	340000000	342000000	2000000	0	0.000000
Asat_OT3098_v2_chr7D	342000000	344000000	2000000	0	0.000000
Asat_OT3098_v2_chr7D	344000000	346000000	2000000	0	0.000000
Asat_OT3098_v2_chr7D	346000000	348000000	2000000	0	0.000000
Asat_OT3098_v2_chr7D	348000000	350000000	2000000	0	0.000000
Asat_OT3098_v2_chr7D	350000000	352000000	2000000	11056	0.005528
Asat_OT3098_v2_chr7D	352000000	354000000	2000000	0	0.000000
Asat_OT3098_v2_chr7D	354000000	356000000	2000000	0	0.000000
Asat_OT3098_v2_chr7D	356000000	358000000	2000000	0	0.000000
Asat_OT3098_v2_chr7D	358000000	360000000	2000000	0	0.000000
Asat_OT3098_v2_chr7D	360000000	362000000	2000000	5479	0.002740
Asat_OT3098_v2_chr7D	362000000	364000000	2000000	0	0.000000
Asat_OT3098_v2_chr7D	364000000	366000000	2000000	8904	0.004452
Asat_OT3098_v2_chr7D	366000000	368000000	2000000	0	0.000000
Asat_OT3098_v2_chr7D	368000000	370000000	2000000	6810	0.003405
Asat_OT3098_v2_chr7D	370000000	372000000	2000000	2068	0.001034
Asat_OT3098_v2_chr7D	372000000	374000000	2000000	0	0.000000
Asat_OT3098_v2_chr7D	374000000	376000000	2000000	0	0.000000
Asat_OT3098_v2_chr7D	376000000	378000000	2000000	0	0.000000
Asat_OT3098_v2_chr7D	378000000	380000000	2000000	17062	0.008531
Asat_OT3098_v2_chr7D	380000000	382000000	2000000	0	0.000000
Asat_OT3098_v2_chr7D	382000000	384000000	2000000	0	0.000000
Asat_OT3098_v2_chr7D	384000000	386000000	2000000	0	0.000000
Asat_OT3098_v2_chr7D	386000000	388000000	2000000	0	0.000000
Asat_OT3098_v2_chr7D	388000000	390000000	2000000	0	0.000000
Asat_OT3098_v2_chr7D	390000000	392000000	2000000	0	0.000000
Asat_OT3098_v2_chr7D	392000000	394000000	2000000	6795	0.003397
Asat_OT3098_v2_chr7D	394000000	396000000	2000000	0	0.000000
Asat_OT3098_v2_chr7D	396000000	398000000	2000000	0	0.000000
Asat_OT3098_v2_chr7D	398000000	400000000	2000000	0	0.000000
Asat_OT3098_v2_chr7D	400000000	402000000	2000000	0	0.000000
Asat_OT3098_v2_chr7D	402000000	404000000	2000000	6045	0.003023
Asat_OT3098_v2_chr7D	404000000	406000000	2000000	0	0.000000
Asat_OT3098_v2_chr7D	406000000	408000000	2000000	0	0.000000
Asat_OT3098_v2_chr7D	408000000	410000000	2000000	0	0.000000
Asat_OT3098_v2_chr7D	410000000	412000000	2000000	0	0.000000
Asat_OT3098_v2_chr7D	412000000	414000000	2000000	0	0.000000
Asat_OT3098_v2_chr7D	414000000	416000000	2000000	0	0.000000
Asat_OT3098_v2_chr7D	416000000	418000000	2000000	1023	0.000512
Asat_OT3098_v2_chr7D	418000000	420000000	2000000	5394	0.002697
Asat_OT3098_v2_chr7D	420000000	422000000	2000000	0	0.000000
Asat_OT3098_v2_chr7D	422000000	424000000	2000000	0	0.000000
Asat_OT3098_v2_chr7D	424000000	426000000	2000000	5806	0.002903
Asat_OT3098_v2_chr7D	426000000	428000000	2000000	6889	0.003445
Asat_OT3098_v2_chr7D	428000000	430000000	2000000	0	0.000000
Asat_OT3098_v2_chr7D	430000000	432000000	2000000	6200	0.003100
Asat_OT3098_v2_chr7D	432000000	434000000	2000000	0	0.000000
Asat_OT3098_v2_chr7D	434000000	436000000	2000000	0	0.000000
Asat_OT3098_v2_chr7D	436000000	438000000	2000000	0	0.000000
Asat_OT3098_v2_chr7D	438000000	440000000	2000000	11848	0.005924
Asat_OT3098_v2_chr7D	440000000	442000000	2000000	0	0.000000
Asat_OT3098_v2_chr7D	442000000	444000000	2000000	6735	0.003367
Asat_OT3098_v2_chr7D	444000000	446000000	2000000	0	0.000000
Asat_OT3098_v2_chr7D	446000000	448000000	2000000	1004	0.000502
Asat_OT3098_v2_chr7D	448000000	450000000	2000000	5063	0.002531
Asat_OT3098_v2_chr7D	450000000	452000000	2000000	1024	0.000512
Asat_OT3098_v2_chr7D	452000000	454000000	2000000	0	0.000000
Asat_OT3098_v2_chr7D	454000000	456000000	2000000	1041	0.000521
Asat_OT3098_v2_chr7D	456000000	458000000	2000000	0	0.000000
Asat_OT3098_v2_chr7D	458000000	460000000	2000000	0	0.000000
Asat_OT3098_v2_chr7D	460000000	462000000	2000000	6748	0.003374
Asat_OT3098_v2_chr7D	462000000	464000000	2000000	5487	0.002743
Asat_OT3098_v2_chr7D	464000000	466000000	2000000	0	0.000000
Asat_OT3098_v2_chr7D	466000000	468000000	2000000	0	0.000000
Asat_OT3098_v2_chr7D	468000000	470000000	2000000	0	0.000000
Asat_OT3098_v2_chr7D	470000000	472000000	2000000	0	0.000000
Asat_OT3098_v2_chr7D	472000000	474000000	2000000	6763	0.003381
Asat_OT3098_v2_chr7D	474000000	476000000	2000000	0	0.000000
Asat_OT3098_v2_chr7D	476000000	478000000	2000000	0	0.000000
Asat_OT3098_v2_chr7D	478000000	480000000	2000000	0	0.000000
Asat_OT3098_v2_chr7D	480000000	482000000	2000000	0	0.000000
Asat_OT3098_v2_chr7D	482000000	484000000	2000000	0	0.000000
Asat_OT3098_v2_chr7D	484000000	486000000	2000000	0	0.000000
Asat_OT3098_v2_chr7D	486000000	488000000	2000000	0	0.000000
Asat_OT3098_v2_chr7D	488000000	490000000	2000000	5489	0.002744
Asat_OT3098_v2_chr7D	490000000	492000000	2000000	0	0.000000
Asat_OT3098_v2_chr7D	492000000	494000000	2000000	0	0.000000
Asat_OT3098_v2_chr7D	494000000	496000000	2000000	0	0.000000
Asat_OT3098_v2_chr7D	496000000	498000000	2000000	0	0.000000
Asat_OT3098_v2_chr7D	498000000	500000000	2000000	0	0.000000
Asat_OT3098_v2_chr7D	500000000	502000000	2000000	0	0.000000
Asat_OT3098_v2_chr7D	502000000	504000000	2000000	0	0.000000
Asat_OT3098_v2_chr7D	504000000	506000000	2000000	0	0.000000
Asat_OT3098_v2_chr7D	506000000	508000000	2000000	0	0.000000
Asat_OT3098_v2_chr7D	508000000	510000000	2000000	10850	0.005425
Asat_OT3098_v2_chr7D	510000000	512000000	2000000	3147	0.001574
Asat_OT3098_v2_chr7D	512000000	514000000	2000000	0	0.000000
Asat_OT3098_v2_chr7D	514000000	516000000	2000000	12231	0.006116
Asat_OT3098_v2_chr7D	516000000	518000000	2000000	1089	0.000544
Asat_OT3098_v2_chr7D	518000000	520000000	2000000	0	0.000000
Asat_OT3098_v2_chr7D	520000000	522000000	2000000	0	0.000000
Asat_OT3098_v2_chr7D	522000000	524000000	2000000	0	0.000000
Asat_OT3098_v2_chr7D	524000000	526000000	2000000	0	0.000000
Asat_OT3098_v2_chr7D	526000000	528000000	2000000	0	0.000000
Asat_OT3098_v2_chr7D	528000000	528225653	225653	0	0.000000
