seq1	seq2	aligned	pos1	pos2	matches	sim	TI	TVInDel1	InDel2	del_max1	del_max2	Ns1	Ns2	N3
RLG_Alon_Ava	RLG_Alon_Ava	8730	1-8751	1-8757	8537	97.78	107	86	27	21	17	7	0	0
RLG_Alon_Ava	RLG_Alon_Ava	8737	1-8751	1-8775	8534	97.67	109	94	38	14	17	3	0	0
RLG_Alon_Ava	RLG_Alon_Ava	8720	1-8745	1-8751	8569	98.26	79	72	31	25	17	13	0	0
RLG_Alon_Ava	RLG_Alon_Ava	8744	1-8751	1-8777	8594	98.28	85	65	33	7	17	3	0	0
RLG_Alon_Ava	RLG_Alon_Ava	8750	1-8751	1-8799	8569	97.93	102	79	49	1	39	1	0	0
RLG_Alon_Ava	RLG_Alon_Ava	8737	1-8746	1-8771	8543	97.77	97	97	34	9	16	3	0	0
RLG_Alon_Ava	RLG_Alon_Ava	8731	1-8751	1-8765	8554	97.97	99	78	34	20	16	13	0	0
RLG_Alon_Ava	RLG_Alon_Ava	8741	1-8751	1-8772	8532	97.6	116	93	31	10	17	3	0	0
RLG_Alon_Ava	RLG_Alon_Ava	8691	1-8751	1-8714	8480	97.57	109	102	23	60	17	42	0	0
RLG_Alon_Ava	RLG_Alon_Ava	8663	1-8751	1-8796	8045	92.86	321	297	133	88	21	23	0	0
RLG_Alon_Ava	RLG_Alon_Ava	8729	1-8751	1-8753	8592	98.43	79	58	24	22	16	16	0	0
RLG_Alon_Ava	RLG_Alon_Ava	8741	1-8745	1-8767	8600	98.38	77	64	26	4	17	1	0	0
RLG_Alon_Ava	RLG_Alon_Ava	8742	1-8751	1-8773	8572	98.05	100	70	31	9	13	3	0	0
RLG_Alon_Ava	RLG_Alon_Ava	8707	1-8713	1-8780	8632	99.13	49	26	73	6	69	2	0	0
RLG_Alon_Ava	RLG_Alon_Ava	8649	1-8713	1-8720	8491	98.17	97	61	71	64	69	20	0	0
RLG_Alon_Ava	RLG_Alon_Ava	8663	1-8713	1-8743	8435	97.36	130	98	80	50	69	18	0	0
RLG_Alon_Ava	RLG_Alon_Ava	8668	1-8713	1-8752	8463	97.63	114	91	84	45	69	13	0	0
RLG_Alon_Ava	RLG_Alon_Ava	8687	1-8713	1-8770	8478	97.59	114	95	83	26	69	13	0	0
RLG_Alon_Ava	RLG_Alon_Ava	8676	1-8712	1-8751	8502	97.99	98	76	75	36	69	13	0	0
RLG_Alon_Ava	RLG_Alon_Ava	8690	1-8713	1-8772	8515	97.98	97	78	82	23	69	13	0	0
RLG_Alon_Ava	RLG_Alon_Ava	8697	1-8713	1-8794	8509	97.83	112	76	97	16	69	12	0	0
RLG_Alon_Ava	RLG_Alon_Ava	8696	1-8714	1-8772	8546	98.27	84	66	76	18	69	9	0	0
RLG_Alon_Ava	RLG_Alon_Ava	8686	1-8713	1-8760	8561	98.56	65	60	74	27	69	13	0	0
RLG_Alon_Ava	RLG_Alon_Ava	8688	1-8712	1-8766	8477	97.57	119	92	78	24	69	13	0	0
RLG_Alon_Ava	RLG_Alon_Ava	8673	1-8713	1-8709	8453	97.46	117	103	36	40	27	30	0	0
RLG_Alon_Ava	RLG_Alon_Ava	8609	1-8713	1-8791	7990	92.8	322	297	182	104	66	21	0	0
RLG_Alon_Ava	RLG_Alon_Ava	8676	1-8713	1-8748	8517	98.16	100	59	72	37	69	16	0	0
RLG_Alon_Ava	RLG_Alon_Ava	8692	1-8712	1-8767	8537	98.21	85	70	75	20	69	14	0	0
RLG_Alon_Ava	RLG_Alon_Ava	8692	1-8714	1-8769	8512	97.92	111	69	77	22	69	11	0	0
RLG_Alon_Ava	RLG_Alon_Ava	8720	1-8785	1-8725	8562	98.18	96	62	5	65	1	22	0	0
RLG_Alon_Ava	RLG_Alon_Ava	8737	1-8785	1-8748	8514	97.44	130	93	11	48	1	16	0	0
RLG_Alon_Ava	RLG_Alon_Ava	8739	1-8785	1-8757	8538	97.69	115	86	18	46	5	15	0	0
RLG_Alon_Ava	RLG_Alon_Ava	8758	1-8785	1-8775	8549	97.61	115	94	17	27	2	15	0	0
RLG_Alon_Ava	RLG_Alon_Ava	8743	1-8779	1-8751	8574	98.06	96	73	8	36	1	13	0	0
RLG_Alon_Ava	RLG_Alon_Ava	8760	1-8785	1-8777	8587	98.02	96	77	17	25	4	15	0	0
RLG_Alon_Ava	RLG_Alon_Ava	8767	1-8785	1-8799	8576	97.82	111	80	32	18	23	14	0	0
RLG_Alon_Ava	RLG_Alon_Ava	8675	1-8678	1-8677	8626	99.43	22	27	2	3	2	2	0	0
RLG_Alon_Ava	RLG_Alon_Ava	8760	1-8780	1-8771	8610	98.28	79	71	11	20	1	11	0	0
RLG_Alon_Ava	RLG_Alon_Ava	8759	1-8785	1-8765	8629	98.51	66	64	6	26	1	13	0	0
RLG_Alon_Ava	RLG_Alon_Ava	8761	1-8785	1-8772	8547	97.55	124	90	11	24	1	15	0	0
RLG_Alon_Ava	RLG_Alon_Ava	8702	1-8785	1-8714	8484	97.49	118	100	12	83	1	42	0	0
RLG_Alon_Ava	RLG_Alon_Ava	8680	1-8785	1-8796	8058	92.83	322	300	116	105	21	21	0	0
RLG_Alon_Ava	RLG_Alon_Ava	8748	1-8785	1-8753	8590	98.19	96	62	5	37	1	16	0	0
RLG_Alon_Ava	RLG_Alon_Ava	8758	1-8779	1-8767	8610	98.31	85	63	9	21	2	16	0	0
RLG_Alon_Ava	RLG_Alon_Ava	8762	1-8785	1-8773	8584	97.96	110	68	11	23	2	13	0	0
RLG_Alon_Ava	RLG_Alon_Ava	8693	1-8725	1-8748	8469	97.42	132	92	55	32	17	16	0	0
RLG_Alon_Ava	RLG_Alon_Ava	8704	1-8725	1-8757	8503	97.69	113	88	53	21	17	7	0	0
RLG_Alon_Ava	RLG_Alon_Ava	8718	1-8725	1-8775	8524	97.77	108	86	57	7	17	3	0	0
RLG_Alon_Ava	RLG_Alon_Ava	8706	1-8719	1-8751	8527	97.94	97	82	45	13	17	3	0	0
RLG_Alon_Ava	RLG_Alon_Ava	8715	1-8725	1-8777	8534	97.92	94	87	62	10	17	3	0	0
RLG_Alon_Ava	RLG_Alon_Ava	8721	1-8725	1-8799	8530	97.8	109	82	78	4	23	1	0	0
RLG_Alon_Ava	RLG_Alon_Ava	8715	1-8720	1-8771	8551	98.11	95	69	56	5	16	3	0	0
RLG_Alon_Ava	RLG_Alon_Ava	8720	1-8725	1-8765	8553	98.08	101	66	45	5	16	1	0	0
RLG_Alon_Ava	RLG_Alon_Ava	8714	1-8725	1-8772	8503	97.57	117	94	58	11	17	3	0	0
RLG_Alon_Ava	RLG_Alon_Ava	8667	1-8725	1-8714	8447	97.46	114	106	47	58	17	42	0	0
RLG_Alon_Ava	RLG_Alon_Ava	8614	1-8725	1-8796	8011	92.99	316	287	182	111	35	21	0	0
RLG_Alon_Ava	RLG_Alon_Ava	8702	1-8725	1-8753	8536	98.09	96	70	51	23	17	16	0	0
RLG_Alon_Ava	RLG_Alon_Ava	8714	1-8719	1-8767	8550	98.11	86	78	53	5	17	1	0	0
RLG_Alon_Ava	RLG_Alon_Ava	8714	1-8725	1-8773	8510	97.65	118	86	59	11	16	3	0	0
RLG_Alon_Ava	RLG_Alon_Ava	8725	1-8748	1-8757	8595	98.51	86	44	32	23	18	9	0	0
RLG_Alon_Ava	RLG_Alon_Ava	8740	1-8748	1-8775	8578	98.14	101	61	35	8	16	2	0	0
RLG_Alon_Ava	RLG_Alon_Ava	8716	1-8742	1-8751	8527	97.83	116	73	35	26	16	13	0	0
RLG_Alon_Ava	RLG_Alon_Ava	8737	1-8748	1-8777	8551	97.87	107	79	40	11	16	2	0	0
RLG_Alon_Ava	RLG_Alon_Ava	8739	1-8748	1-8799	8561	97.96	105	73	60	9	38	1	0	0
RLG_Alon_Ava	RLG_Alon_Ava	8731	1-8743	1-8771	8471	97.02	136	124	40	12	21	1	0	0
RLG_Alon_Ava	RLG_Alon_Ava	8721	1-8748	1-8765	8479	97.22	133	109	44	27	16	13	0	0
RLG_Alon_Ava	RLG_Alon_Ava	8740	1-8748	1-8772	8589	98.27	96	55	32	8	16	3	0	0
RLG_Alon_Ava	RLG_Alon_Ava	8683	1-8748	1-8714	8554	98.51	74	55	31	65	16	42	0	0
RLG_Alon_Ava	RLG_Alon_Ava	8638	1-8748	1-8796	8077	93.5	293	268	158	110	39	23	0	0
RLG_Alon_Ava	RLG_Alon_Ava	8719	1-8748	1-8753	8513	97.63	123	83	34	29	21	16	0	0
RLG_Alon_Ava	RLG_Alon_Ava	8729	1-8742	1-8767	8526	97.67	121	82	38	13	16	2	0	0
RLG_Alon_Ava	RLG_Alon_Ava	8737	1-8748	1-8773	8542	97.76	117	78	36	11	23	1	0	0
RLG_Alon_Ava	RLG_Alon_Ava	8746	1-8757	1-8775	8608	98.42	87	51	29	11	9	5	0	0
RLG_Alon_Ava	RLG_Alon_Ava	8722	1-8751	1-8751	8557	98.1	102	63	29	29	12	13	0	0
RLG_Alon_Ava	RLG_Alon_Ava	8744	1-8757	1-8777	8581	98.13	94	69	33	13	9	4	0	0
RLG_Alon_Ava	RLG_Alon_Ava	8747	1-8757	1-8799	8587	98.17	99	61	52	10	22	5	0	0
RLG_Alon_Ava	RLG_Alon_Ava	8737	1-8752	1-8771	8503	97.32	121	113	34	15	13	4	0	0
RLG_Alon_Ava	RLG_Alon_Ava	8726	1-8757	1-8765	8514	97.57	118	94	39	31	17	13	0	0
RLG_Alon_Ava	RLG_Alon_Ava	8745	1-8757	1-8772	8616	98.52	80	49	27	12	9	5	0	0
RLG_Alon_Ava	RLG_Alon_Ava	8700	1-8757	1-8714	8565	98.44	83	52	14	57	7	42	0	0
RLG_Alon_Ava	RLG_Alon_Ava	8653	1-8757	1-8796	8093	93.52	294	266	143	104	21	23	0	0
RLG_Alon_Ava	RLG_Alon_Ava	8724	1-8757	1-8753	8543	97.92	112	69	29	33	9	16	0	0
RLG_Alon_Ava	RLG_Alon_Ava	8737	1-8751	1-8767	8555	97.91	112	70	30	14	7	6	0	0
RLG_Alon_Ava	RLG_Alon_Ava	8743	1-8757	1-8773	8570	98.02	108	65	30	14	10	5	0	0
RLG_Alon_Ava	RLG_Alon_Ava	8681	1-8684	1-8686	8503	97.94	98	80	5	3	1	2	0	0
RLG_Alon_Ava	RLG_Alon_Ava	8740	1-8769	1-8751	8579	98.15	92	69	11	29	4	13	0	0
RLG_Alon_Ava	RLG_Alon_Ava	8759	1-8775	1-8777	8586	98.02	94	79	18	16	3	3	0	0
RLG_Alon_Ava	RLG_Alon_Ava	8763	1-8775	1-8799	8613	98.28	91	59	36	12	22	2	0	0
RLG_Alon_Ava	RLG_Alon_Ava	8756	1-8770	1-8771	8520	97.3	121	115	15	14	4	2	0	0
RLG_Alon_Ava	RLG_Alon_Ava	8744	1-8775	1-8765	8530	97.55	116	98	21	31	9	13	0	0
RLG_Alon_Ava	RLG_Alon_Ava	8765	1-8775	1-8772	8637	98.53	80	48	7	10	2	3	0	0
RLG_Alon_Ava	RLG_Alon_Ava	8705	1-8775	1-8714	8551	98.23	90	64	9	70	3	42	0	0
RLG_Alon_Ava	RLG_Alon_Ava	8678	1-8775	1-8796	8090	93.22	303	285	118	97	21	23	0	0
RLG_Alon_Ava	RLG_Alon_Ava	8742	1-8775	1-8753	8565	97.97	102	75	11	33	3	16	0	0
RLG_Alon_Ava	RLG_Alon_Ava	8754	1-8769	1-8767	8579	98	99	76	13	15	3	2	0	0
RLG_Alon_Ava	RLG_Alon_Ava	8758	1-8775	1-8773	8585	98.02	101	72	15	17	2	3	0	0
RLG_Alon_Ava	RLG_Alon_Ava	8739	1-8751	1-8771	8587	98.26	84	68	32	12	13	4	0	0
RLG_Alon_Ava	RLG_Alon_Ava	8744	1-8751	1-8793	8602	98.37	86	56	49	7	22	3	0	0
RLG_Alon_Ava	RLG_Alon_Ava	8742	1-8751	1-8770	8536	97.64	107	99	28	9	13	1	0	0
RLG_Alon_Ava	RLG_Alon_Ava	8741	1-8751	1-8759	8557	97.89	102	82	18	10	5	1	0	0
RLG_Alon_Ava	RLG_Alon_Ava	8746	1-8754	1-8769	8567	97.95	104	75	23	8	13	4	0	0
RLG_Alon_Ava	RLG_Alon_Ava	8681	1-8751	1-8708	8497	97.88	105	79	27	70	13	42	0	0
RLG_Alon_Ava	RLG_Alon_Ava	8657	1-8751	1-8790	8057	93.06	309	291	133	94	21	23	0	0
RLG_Alon_Ava	RLG_Alon_Ava	8725	1-8751	1-8747	8583	98.37	91	51	22	26	12	16	0	0
RLG_Alon_Ava	RLG_Alon_Ava	8748	1-8756	1-8772	8618	98.51	80	50	24	8	13	5	0	0
RLG_Alon_Ava	RLG_Alon_Ava	8743	1-8751	1-8767	8592	98.27	89	62	24	8	13	3	0	0
RLG_Alon_Ava	RLG_Alon_Ava	8765	1-8777	1-8799	8624	98.39	72	69	34	12	22	3	0	0
RLG_Alon_Ava	RLG_Alon_Ava	8756	1-8772	1-8771	8563	97.79	95	98	15	16	4	3	0	0
RLG_Alon_Ava	RLG_Alon_Ava	8744	1-8777	1-8765	8565	97.95	99	80	21	33	9	13	0	0
RLG_Alon_Ava	RLG_Alon_Ava	8761	1-8777	1-8772	8588	98.02	95	78	11	16	3	4	0	0
RLG_Alon_Ava	RLG_Alon_Ava	8703	1-8777	1-8714	8529	98	90	84	11	74	3	42	0	0
RLG_Alon_Ava	RLG_Alon_Ava	8679	1-8777	1-8796	8068	92.96	309	302	117	98	21	23	0	0
RLG_Alon_Ava	RLG_Alon_Ava	8744	1-8777	1-8753	8611	98.47	75	58	9	33	3	16	0	0
RLG_Alon_Ava	RLG_Alon_Ava	8680	1-8684	1-8681	8516	98.11	90	74	1	4	1	3	0	0
RLG_Alon_Ava	RLG_Alon_Ava	8763	1-8777	1-8773	8608	98.23	87	68	10	14	3	4	0	0
RLG_Alon_Ava	RLG_Alon_Ava	8762	1-8794	1-8771	8560	97.69	103	99	9	32	3	23	0	0
RLG_Alon_Ava	RLG_Alon_Ava	8755	1-8799	1-8765	8555	97.71	109	91	10	44	8	23	0	0
RLG_Alon_Ava	RLG_Alon_Ava	8765	1-8799	1-8772	8604	98.16	99	62	7	34	1	22	0	0
RLG_Alon_Ava	RLG_Alon_Ava	8708	1-8799	1-8714	8548	98.16	89	71	6	91	1	42	0	0
RLG_Alon_Ava	RLG_Alon_Ava	8688	1-8799	1-8796	8072	92.9	319	297	108	111	18	23	0	0
RLG_Alon_Ava	RLG_Alon_Ava	8753	1-8799	1-8753	8603	98.28	93	57	0	46	0	23	0	0
RLG_Alon_Ava	RLG_Alon_Ava	8763	1-8793	1-8767	8616	98.32	90	57	4	30	1	22	0	0
RLG_Alon_Ava	RLG_Alon_Ava	8764	1-8799	1-8773	8633	98.5	79	52	9	35	2	22	0	0
RLG_Alon_Ava	RLG_Alon_Ava	8751	1-8771	1-8760	8604	98.32	87	60	9	20	5	13	0	0
RLG_Alon_Ava	RLG_Alon_Ava	8754	1-8770	1-8766	8516	97.28	127	111	12	16	1	4	0	0
RLG_Alon_Ava	RLG_Alon_Ava	8695	1-8771	1-8709	8454	97.22	119	122	14	76	3	42	0	0
RLG_Alon_Ava	RLG_Alon_Ava	8671	1-8771	1-8791	8045	92.78	311	315	120	100	21	23	0	0
RLG_Alon_Ava	RLG_Alon_Ava	8740	1-8771	1-8748	8568	98.03	97	75	8	31	3	16	0	0
RLG_Alon_Ava	RLG_Alon_Ava	8754	1-8770	1-8767	8580	98.01	87	87	13	16	3	5	0	0
RLG_Alon_Ava	RLG_Alon_Ava	8759	1-8774	1-8771	8559	97.71	109	91	12	15	2	3	0	0
RLG_Alon_Ava	RLG_Alon_Ava	8745	1-8765	1-8772	8515	97.36	128	102	27	20	13	9	0	0
RLG_Alon_Ava	RLG_Alon_Ava	8687	1-8765	1-8714	8459	97.37	118	110	27	78	13	42	0	0
RLG_Alon_Ava	RLG_Alon_Ava	8666	1-8765	1-8796	8034	92.7	323	309	130	99	21	23	0	0
RLG_Alon_Ava	RLG_Alon_Ava	8735	1-8765	1-8753	8572	98.13	98	65	18	30	12	16	0	0
RLG_Alon_Ava	RLG_Alon_Ava	8743	1-8759	1-8767	8583	98.16	86	74	24	16	13	10	0	0
RLG_Alon_Ava	RLG_Alon_Ava	8747	1-8765	1-8773	8546	97.7	118	83	26	18	13	7	0	0
RLG_Alon_Ava	RLG_Alon_Ava	8703	1-8772	1-8714	8558	98.33	85	60	11	69	3	42	0	0
RLG_Alon_Ava	RLG_Alon_Ava	8678	1-8772	1-8796	8102	93.36	302	274	118	94	21	23	0	0
RLG_Alon_Ava	RLG_Alon_Ava	8744	1-8772	1-8753	8553	97.81	111	80	9	28	3	17	0	0
RLG_Alon_Ava	RLG_Alon_Ava	8759	1-8769	1-8770	8570	97.84	109	80	11	10	3	1	0	0
RLG_Alon_Ava	RLG_Alon_Ava	8761	1-8772	1-8773	8580	97.93	110	71	12	11	3	3	0	0
RLG_Alon_Ava	RLG_Alon_Ava	8626	1-8714	1-8796	8031	93.1	308	287	170	88	39	21	0	0
RLG_Alon_Ava	RLG_Alon_Ava	8666	1-8673	1-8750	8407	97.01	160	99	84	7	62	4	0	0
RLG_Alon_Ava	RLG_Alon_Ava	8685	1-8714	1-8753	8490	97.75	109	86	68	29	42	16	0	0
RLG_Alon_Ava	RLG_Alon_Ava	8698	1-8708	1-8767	8508	97.81	106	84	69	10	42	1	0	0
RLG_Alon_Ava	RLG_Alon_Ava	8702	1-8714	1-8773	8523	97.94	103	76	71	12	42	3	0	0
RLG_Alon_Ava	RLG_Alon_Ava	8666	1-8796	1-8753	8037	92.74	329	300	87	130	23	21	0	0
RLG_Alon_Ava	RLG_Alon_Ava	8675	1-8790	1-8767	8055	92.85	323	297	92	115	23	21	0	0
RLG_Alon_Ava	RLG_Alon_Ava	8679	1-8796	1-8773	8068	92.96	312	299	94	117	23	21	0	0
RLG_Alon_Ava	RLG_Alon_Ava	8743	1-8747	1-8767	8654	98.98	53	36	24	4	16	2	0	0
RLG_Alon_Ava	RLG_Alon_Ava	8743	1-8753	1-8773	8592	98.27	98	53	30	10	16	3	0	0
RLG_Alon_Ava	RLG_Alon_Ava	8755	1-8767	1-8767	8602	98.25	91	62	12	12	3	3	0	0
RLG_Alon_Ava	RLG_Alon_Ava	8668	1-8673	1-8686	8616	99.4	30	22	18	5	8	4	0	0
RLG_Alon_Ava	RLG_Alon_Ava	8644	1-8673	1-8653	8610	99.6	21	13	9	29	3	16	0	0
RLG_Alon_Ava	RLG_Alon_Ava	8669	1-8673	1-8674	8636	99.61	18	15	5	4	3	4	0	0
RLG_Alon_Ava	RLG_Alon_Ava	8668	1-8673	1-8678	8616	99.4	30	22	10	5	3	5	0	0
RLG_Alon_Ava	RLG_Alon_Ava	8661	1-8673	1-8685	8534	98.53	73	54	24	12	16	8	0	0
RLG_Alon_Ava	RLG_Alon_Ava	8661	1-8673	1-8686	8517	98.33	73	71	25	12	16	8	0	0
RLG_Alon_Ava	RLG_Alon_Ava	8661	1-8673	1-8679	8614	99.45	22	25	18	12	11	4	0	0
RLG_Alon_Ava	RLG_Alon_Ava	8670	1-8673	1-8680	8616	99.37	26	28	10	3	3	3	0	0
RLG_Alon_Ava	RLG_Alon_Ava	8667	1-8673	1-8679	8409	97.02	157	101	12	6	4	3	0	0
RLG_Alon_Ava	RLG_Alon_Ava	8661	1-8673	1-8675	8521	98.38	76	64	14	12	5	8	0	0
RLG_Alon_Ava	RLG_Alon_Ava	8661	1-8673	1-8668	8633	99.67	14	14	7	12	3	8	0	0
RLG_Alon_Ava	RLG_Alon_Ava	8661	1-8673	1-8669	8532	98.51	72	57	8	12	3	8	0	0
RLG_Alon_Ava	RLG_Alon_Ava	8660	1-8673	1-8671	8523	98.41	79	58	11	13	3	8	0	0
RLG_Alon_Ava	RLG_Alon_Ava	8661	1-8673	1-8669	8389	96.85	170	102	8	12	3	5	0	0
RLG_Alon_Ava	RLG_Alon_Ava	8661	1-8673	1-8676	8524	98.41	79	58	15	12	6	8	0	0
RLG_Alon_Ava	RLG_Alon_Ava	8661	1-8673	1-8676	8416	97.17	150	95	15	12	3	4	0	0
RLG_Alon_Ava	RLG_Alon_Ava	8661	1-8673	1-8669	8397	96.95	158	106	8	12	3	4	0	0
RLG_Alon_Ava	RLG_Alon_Ava	8665	1-8673	1-8673	8409	97.04	153	103	8	8	3	3	0	0
RLG_Alon_Ava	RLG_Alon_Ava	8668	1-8673	1-8678	8617	99.41	25	26	10	5	3	4	0	0
RLG_Alon_Ava	RLG_Alon_Ava	8668	1-8673	1-8681	8516	98.24	89	63	13	5	4	4	0	0
RLG_Alon_Ava	RLG_Alon_Ava	8668	1-8673	1-8683	8517	98.25	89	62	15	5	6	4	0	0
RLG_Alon_Ava	RLG_Alon_Ava	8670	1-8673	1-8686	8623	99.45	29	18	16	3	8	2	0	0
RLG_Alon_Ava	RLG_Alon_Ava	8667	1-8673	1-8679	8615	99.4	30	22	12	6	4	4	0	0
RLG_Alon_Ava	RLG_Alon_Ava	8669	1-8673	1-8677	8624	99.48	26	19	8	4	3	4	0	0
RLG_Alon_Ava	RLG_Alon_Ava	8669	1-8673	1-8677	8632	99.57	18	19	8	4	3	4	0	0
RLG_Alon_Ava	RLG_Alon_Ava	8666	1-8673	1-8681	8436	97.34	138	92	15	7	7	4	0	0
RLG_Alon_Ava	RLG_Alon_Ava	8666	1-8673	1-8677	8440	97.39	138	88	11	7	3	4	0	0
RLG_Alon_Ava	RLG_Alon_Ava	8653	1-8673	1-8663	8500	98.23	91	62	10	20	3	16	0	0
RLG_Alon_Ava	RLG_Alon_Ava	8668	1-8673	1-8680	8521	98.3	75	72	12	5	3	4	0	0
RLG_Alon_Ava	RLG_Alon_Ava	8670	1-8673	1-8681	8630	99.53	20	20	11	3	4	3	0	0
RLG_Alon_Ava	RLG_Alon_Ava	8657	1-8673	1-8668	8623	99.6	20	14	11	16	3	8	0	0
RLG_Alon_Ava	RLG_Alon_Ava	8668	1-8673	1-8682	8522	98.31	87	59	14	5	5	4	0	0
RLG_Alon_Ava	RLG_Alon_Ava	8664	1-8673	1-8671	8610	99.37	28	26	7	9	3	5	0	0
RLG_Alon_Ava	RLG_Alon_Ava	8667	1-8673	1-8679	8494	98	96	77	12	6	4	4	0	0
RLG_Alon_Ava	RLG_Alon_Ava	8667	1-8673	1-8674	8544	98.58	66	57	7	6	3	5	0	0
RLG_Alon_Ava	RLG_Alon_Ava	8599	1-8673	1-8611	8335	96.92	157	107	12	74	4	30	0	0
RLG_Alon_Ava	RLG_Alon_Ava	8612	1-8673	1-8621	8350	96.95	158	104	9	61	3	19	0	0
RLG_Alon_Ava	RLG_Alon_Ava	8667	1-8673	1-8700	8425	97.2	145	97	33	6	17	4	0	0
RLG_Alon_Ava	RLG_Alon_Ava	8664	1-8673	1-8683	8512	98.24	80	72	19	9	11	5	0	0
RLG_Alon_Ava	RLG_Alon_Ava	8662	1-8673	1-8671	8531	98.48	70	61	9	11	3	6	0	0
RLG_Alon_Ava	RLG_Alon_Ava	8665	1-8673	1-8673	8511	98.22	80	74	8	8	3	3	0	0
RLG_Alon_Ava	RLG_Alon_Ava	8645	1-8673	1-8664	8386	97	154	105	19	28	10	21	0	0
RLG_Alon_Ava	RLG_Alon_Ava	8665	1-8673	1-8722	8463	97.66	118	84	57	8	21	3	0	0
RLG_Alon_Ava	RLG_Alon_Ava	8627	1-8673	1-8637	8446	97.9	98	83	10	46	3	13	0	0
RLG_Alon_Ava	RLG_Alon_Ava	8659	1-8673	1-8674	8422	97.26	132	105	15	14	6	4	0	0
RLG_Alon_Ava	RLG_Alon_Ava	8636	1-8673	1-8646	8449	97.83	99	88	10	37	3	17	0	0
RLG_Alon_Ava	RLG_Alon_Ava	8661	1-8673	1-8676	8508	98.23	87	66	15	12	6	8	0	0
RLG_Alon_Ava	RLG_Alon_Ava	8668	1-8673	1-8677	8501	98.07	93	74	9	5	3	4	0	0
RLG_Alon_Ava	RLG_Alon_Ava	8623	1-8673	1-8663	8426	97.71	109	88	40	50	30	40	0	0
RLG_Alon_Ava	RLG_Alon_Ava	8655	1-8673	1-8663	8439	97.5	117	99	8	18	3	9	0	0
RLG_Alon_Ava	RLG_Alon_Ava	8661	1-8673	1-8679	8454	97.6	115	92	18	12	9	4	0	0
RLG_Alon_Ava	RLG_Alon_Ava	8660	1-8667	1-8679	8447	97.54	126	87	19	7	9	4	0	0
RLG_Alon_Ava	RLG_Alon_Ava	8642	1-8673	1-8669	8451	97.78	103	88	27	31	16	19	0	0
RLG_Alon_Ava	RLG_Alon_Ava	8662	1-8673	1-8682	8451	97.56	117	94	20	11	11	3	0	0
RLG_Alon_Ava	RLG_Alon_Ava	8655	1-8673	1-8687	8412	97.19	151	92	32	18	20	9	0	0
RLG_Alon_Ava	RLG_Alon_Ava	8647	1-8673	1-8657	8388	97	145	114	10	26	3	11	0	0
RLG_Alon_Ava	RLG_Alon_Ava	8652	1-8673	1-8662	8432	97.45	123	97	10	21	3	9	0	0
RLG_Alon_Ava	RLG_Alon_Ava	8664	1-8673	1-8677	8443	97.44	122	99	13	9	4	5	0	0
RLG_Alon_Ava	RLG_Alon_Ava	8631	1-8673	1-8639	8388	97.18	144	99	8	42	3	16	0	0
RLG_Alon_Ava	RLG_Alon_Ava	8659	1-8750	1-8663	8466	97.77	114	79	4	91	3	62	0	0
RLG_Alon_Ava	RLG_Alon_Ava	8681	1-8750	1-8684	8450	97.33	137	94	3	69	1	62	0	0
RLG_Alon_Ava	RLG_Alon_Ava	8673	1-8750	1-8675	8422	97.1	149	102	2	77	1	62	0	0
RLG_Alon_Ava	RLG_Alon_Ava	8677	1-8750	1-8680	8396	96.76	172	109	3	73	1	62	0	0
RLG_Alon_Ava	RLG_Alon_Ava	8677	1-8750	1-8696	8408	96.89	162	107	19	73	16	62	0	0
RLG_Alon_Ava	RLG_Alon_Ava	8682	1-8750	1-8686	8410	96.86	161	111	4	68	1	62	0	0
RLG_Alon_Ava	RLG_Alon_Ava	8678	1-8750	1-8681	8393	96.71	173	112	3	72	1	62	0	0
RLG_Alon_Ava	RLG_Alon_Ava	8674	1-8750	1-8677	8403	96.87	159	112	3	76	1	62	0	0
RLG_Alon_Ava	RLG_Alon_Ava	8673	1-8750	1-8676	8406	96.92	158	109	3	77	1	62	0	0
RLG_Alon_Ava	RLG_Alon_Ava	8678	1-8750	1-8681	8403	96.83	161	114	3	72	1	62	0	0
RLG_Alon_Ava	RLG_Alon_Ava	8684	1-8750	1-8686	8408	96.82	166	110	2	66	1	62	0	0
RLG_Alon_Ava	RLG_Alon_Ava	8650	1-8750	1-8653	8385	96.93	163	102	3	100	1	62	0	0
RLG_Alon_Ava	RLG_Alon_Ava	8671	1-8750	1-8674	8407	96.95	160	104	3	79	1	62	0	0
RLG_Alon_Ava	RLG_Alon_Ava	8675	1-8750	1-8678	8402	96.85	166	107	3	75	1	62	0	0
RLG_Alon_Ava	RLG_Alon_Ava	8665	1-8750	1-8685	8434	97.33	138	93	20	85	16	62	0	0
RLG_Alon_Ava	RLG_Alon_Ava	8667	1-8750	1-8686	8425	97.2	134	108	19	83	16	62	0	0
RLG_Alon_Ava	RLG_Alon_Ava	8674	1-8750	1-8679	8405	96.89	156	113	5	76	2	62	0	0
RLG_Alon_Ava	RLG_Alon_Ava	8675	1-8750	1-8680	8405	96.88	160	110	5	75	1	62	0	0
RLG_Alon_Ava	RLG_Alon_Ava	8678	1-8750	1-8679	8534	98.34	88	56	1	72	1	62	0	0
RLG_Alon_Ava	RLG_Alon_Ava	8672	1-8750	1-8675	8432	97.23	143	97	3	78	1	62	0	0
RLG_Alon_Ava	RLG_Alon_Ava	8665	1-8750	1-8668	8402	96.96	160	103	3	85	1	62	0	0
RLG_Alon_Ava	RLG_Alon_Ava	8666	1-8750	1-8669	8432	97.29	138	96	3	84	1	62	0	0
RLG_Alon_Ava	RLG_Alon_Ava	8669	1-8750	1-8671	8417	97.09	149	103	2	81	1	62	0	0
RLG_Alon_Ava	RLG_Alon_Ava	8669	1-8750	1-8669	8535	98.45	70	64	0	81	0	62	0	0
RLG_Alon_Ava	RLG_Alon_Ava	8673	1-8750	1-8676	8434	97.24	148	91	3	77	1	62	0	0
RLG_Alon_Ava	RLG_Alon_Ava	8670	1-8750	1-8676	8506	98.1	97	67	6	80	2	62	0	0
RLG_Alon_Ava	RLG_Alon_Ava	8669	1-8750	1-8669	8524	98.32	85	60	0	81	0	62	0	0
RLG_Alon_Ava	RLG_Alon_Ava	8672	1-8750	1-8673	8535	98.42	80	57	1	78	1	62	0	0
RLG_Alon_Ava	RLG_Alon_Ava	8675	1-8750	1-8678	8396	96.78	164	115	3	75	1	62	0	0
RLG_Alon_Ava	RLG_Alon_Ava	8678	1-8750	1-8681	8451	97.38	136	91	3	72	1	62	0	0
RLG_Alon_Ava	RLG_Alon_Ava	8680	1-8750	1-8683	8454	97.39	136	90	3	70	1	62	0	0
RLG_Alon_Ava	RLG_Alon_Ava	8680	1-8750	1-8686	8410	96.88	166	104	6	70	2	62	0	0
RLG_Alon_Ava	RLG_Alon_Ava	8675	1-8750	1-8679	8402	96.85	166	107	4	75	1	62	0	0
RLG_Alon_Ava	RLG_Alon_Ava	8674	1-8750	1-8677	8403	96.87	161	110	3	76	1	62	0	0
RLG_Alon_Ava	RLG_Alon_Ava	8674	1-8750	1-8677	8409	96.94	156	109	3	76	1	62	0	0
RLG_Alon_Ava	RLG_Alon_Ava	8678	1-8750	1-8681	8493	97.86	102	83	3	72	1	62	0	0
RLG_Alon_Ava	RLG_Alon_Ava	8674	1-8750	1-8677	8494	97.92	101	79	3	76	1	62	0	0
RLG_Alon_Ava	RLG_Alon_Ava	8659	1-8750	1-8663	8431	97.36	138	90	4	91	1	62	0	0
RLG_Alon_Ava	RLG_Alon_Ava	8677	1-8750	1-8680	8430	97.15	141	106	3	73	1	62	0	0
RLG_Alon_Ava	RLG_Alon_Ava	8677	1-8750	1-8681	8409	96.91	158	110	4	73	1	62	0	0
RLG_Alon_Ava	RLG_Alon_Ava	8662	1-8750	1-8668	8393	96.89	163	106	6	88	1	62	0	0
RLG_Alon_Ava	RLG_Alon_Ava	8679	1-8750	1-8682	8459	97.46	134	86	3	71	1	62	0	0
RLG_Alon_Ava	RLG_Alon_Ava	8668	1-8750	1-8671	8387	96.75	166	115	3	82	1	62	0	0
RLG_Alon_Ava	RLG_Alon_Ava	8677	1-8750	1-8679	8419	97.02	148	110	2	73	1	62	0	0
RLG_Alon_Ava	RLG_Alon_Ava	8671	1-8750	1-8674	8415	97.04	145	111	3	79	1	62	0	0
RLG_Alon_Ava	RLG_Alon_Ava	8606	1-8750	1-8611	8423	97.87	108	75	5	144	2	62	0	0
RLG_Alon_Ava	RLG_Alon_Ava	8618	1-8750	1-8621	8437	97.89	109	72	3	132	1	62	0	0
RLG_Alon_Ava	RLG_Alon_Ava	8683	1-8750	1-8700	8495	97.83	101	87	17	67	8	62	0	0
RLG_Alon_Ava	RLG_Alon_Ava	8678	1-8750	1-8683	8414	96.95	152	112	5	72	2	63	0	0
RLG_Alon_Ava	RLG_Alon_Ava	8668	1-8750	1-8671	8417	97.1	140	111	3	82	1	62	0	0
RLG_Alon_Ava	RLG_Alon_Ava	8669	1-8750	1-8673	8408	96.98	149	112	4	81	1	63	0	0
RLG_Alon_Ava	RLG_Alon_Ava	8662	1-8750	1-8664	8528	98.45	72	62	2	88	1	62	0	0
RLG_Alon_Ava	RLG_Alon_Ava	8675	1-8750	1-8722	8391	96.72	162	122	47	75	21	62	0	0
RLG_Alon_Ava	RLG_Alon_Ava	8635	1-8750	1-8637	8398	97.25	129	108	2	115	1	62	0	0
RLG_Alon_Ava	RLG_Alon_Ava	8673	1-8750	1-8674	8390	96.73	155	128	1	77	1	62	0	0
RLG_Alon_Ava	RLG_Alon_Ava	8644	1-8750	1-8646	8396	97.13	135	113	2	106	1	62	0	0
RLG_Alon_Ava	RLG_Alon_Ava	8672	1-8750	1-8676	8429	97.19	142	101	4	78	1	62	0	0
RLG_Alon_Ava	RLG_Alon_Ava	8675	1-8750	1-8677	8423	97.09	145	107	2	75	1	62	0	0
RLG_Alon_Ava	RLG_Alon_Ava	8640	1-8750	1-8663	8396	97.17	140	104	23	110	21	62	0	0
RLG_Alon_Ava	RLG_Alon_Ava	8660	1-8750	1-8663	8406	97.06	139	115	3	90	1	62	0	0
RLG_Alon_Ava	RLG_Alon_Ava	8678	1-8750	1-8679	8416	96.98	148	114	1	72	1	62	0	0
RLG_Alon_Ava	RLG_Alon_Ava	8675	1-8744	1-8679	8446	97.36	139	90	4	69	1	62	0	0
RLG_Alon_Ava	RLG_Alon_Ava	8659	1-8750	1-8669	8413	97.15	136	110	10	91	7	62	0	0
RLG_Alon_Ava	RLG_Alon_Ava	8678	1-8750	1-8682	8412	96.93	150	116	4	72	2	62	0	0
RLG_Alon_Ava	RLG_Alon_Ava	8672	1-8750	1-8687	8495	97.95	95	82	15	78	11	62	0	0
RLG_Alon_Ava	RLG_Alon_Ava	8655	1-8750	1-8657	8400	97.05	143	112	2	95	2	62	0	0
RLG_Alon_Ava	RLG_Alon_Ava	8657	1-8750	1-8662	8375	96.74	164	118	5	93	2	63	0	0
RLG_Alon_Ava	RLG_Alon_Ava	8665	1-8750	1-8677	8389	96.81	158	118	12	85	5	63	0	0
RLG_Alon_Ava	RLG_Alon_Ava	8639	1-8750	1-8639	8410	97.34	134	95	0	111	0	62	0	0
RLG_Alon_Ava	RLG_Alon_Ava	8660	1-8663	1-8684	8414	97.15	151	95	24	3	12	2	0	0
RLG_Alon_Ava	RLG_Alon_Ava	8659	1-8663	1-8675	8418	97.21	141	100	16	4	11	3	0	0
RLG_Alon_Ava	RLG_Alon_Ava	8658	1-8663	1-8680	8373	96.7	170	115	22	5	11	3	0	0
RLG_Alon_Ava	RLG_Alon_Ava	8659	1-8663	1-8696	8386	96.84	160	113	37	4	16	3	0	0
RLG_Alon_Ava	RLG_Alon_Ava	8659	1-8663	1-8686	8382	96.8	161	116	27	4	14	3	0	0
RLG_Alon_Ava	RLG_Alon_Ava	8659	1-8663	1-8681	8372	96.68	169	118	22	4	11	3	0	0
RLG_Alon_Ava	RLG_Alon_Ava	8658	1-8663	1-8677	8382	96.81	158	118	19	5	11	4	0	0
RLG_Alon_Ava	RLG_Alon_Ava	8659	1-8663	1-8676	8387	96.85	157	115	17	4	11	3	0	0
RLG_Alon_Ava	RLG_Alon_Ava	8655	1-8663	1-8681	8377	96.78	159	119	26	8	13	3	0	0
RLG_Alon_Ava	RLG_Alon_Ava	8659	1-8663	1-8686	8378	96.75	163	118	27	4	12	3	0	0
RLG_Alon_Ava	RLG_Alon_Ava	8634	1-8663	1-8653	8364	96.87	162	108	19	29	11	16	0	0
RLG_Alon_Ava	RLG_Alon_Ava	8655	1-8663	1-8674	8386	96.89	159	110	19	8	11	3	0	0
RLG_Alon_Ava	RLG_Alon_Ava	8658	1-8663	1-8678	8378	96.76	167	113	20	5	11	4	0	0
RLG_Alon_Ava	RLG_Alon_Ava	8651	1-8663	1-8685	8401	97.11	155	95	34	12	16	8	0	0
RLG_Alon_Ava	RLG_Alon_Ava	8651	1-8663	1-8686	8388	96.95	153	110	35	12	16	8	0	0
RLG_Alon_Ava	RLG_Alon_Ava	8651	1-8663	1-8679	8374	96.79	156	121	28	12	15	3	0	0
RLG_Alon_Ava	RLG_Alon_Ava	8660	1-8663	1-8680	8378	96.74	162	120	20	3	11	2	0	0
RLG_Alon_Ava	RLG_Alon_Ava	8660	1-8663	1-8679	8482	97.94	94	84	19	3	11	2	0	0
RLG_Alon_Ava	RLG_Alon_Ava	8651	1-8663	1-8675	8396	97.05	158	97	24	12	11	8	0	0
RLG_Alon_Ava	RLG_Alon_Ava	8651	1-8663	1-8668	8383	96.9	159	109	17	12	11	8	0	0
RLG_Alon_Ava	RLG_Alon_Ava	8651	1-8663	1-8669	8398	97.07	154	99	18	12	11	8	0	0
RLG_Alon_Ava	RLG_Alon_Ava	8651	1-8663	1-8671	8415	97.27	139	97	20	12	11	8	0	0
RLG_Alon_Ava	RLG_Alon_Ava	8658	1-8663	1-8669	8460	97.71	120	78	11	5	11	3	0	0
RLG_Alon_Ava	RLG_Alon_Ava	8651	1-8663	1-8676	8394	97.02	161	96	25	12	11	8	0	0
RLG_Alon_Ava	RLG_Alon_Ava	8658	1-8663	1-8676	8489	98.04	95	74	18	5	11	2	0	0
RLG_Alon_Ava	RLG_Alon_Ava	8655	1-8663	1-8669	8476	97.93	92	87	14	8	11	4	0	0
RLG_Alon_Ava	RLG_Alon_Ava	8660	1-8663	1-8673	8489	98.02	87	84	13	3	11	2	0	0
RLG_Alon_Ava	RLG_Alon_Ava	8658	1-8663	1-8678	8375	96.73	162	121	20	5	11	3	0	0
RLG_Alon_Ava	RLG_Alon_Ava	8659	1-8663	1-8681	8430	97.35	133	96	22	4	11	3	0	0
RLG_Alon_Ava	RLG_Alon_Ava	8659	1-8663	1-8683	8431	97.36	133	95	24	4	11	3	0	0
RLG_Alon_Ava	RLG_Alon_Ava	8660	1-8663	1-8686	8385	96.82	165	110	26	3	12	1	0	0
RLG_Alon_Ava	RLG_Alon_Ava	8657	1-8663	1-8679	8379	96.78	165	113	22	6	11	3	0	0
RLG_Alon_Ava	RLG_Alon_Ava	8659	1-8663	1-8677	8380	96.77	163	116	18	4	11	3	0	0
RLG_Alon_Ava	RLG_Alon_Ava	8659	1-8663	1-8677	8389	96.88	154	116	18	4	11	3	0	0
RLG_Alon_Ava	RLG_Alon_Ava	8657	1-8663	1-8681	8472	97.86	97	88	24	6	11	3	0	0
RLG_Alon_Ava	RLG_Alon_Ava	8657	1-8663	1-8677	8475	97.89	96	86	20	6	11	3	0	0
RLG_Alon_Ava	RLG_Alon_Ava	8644	1-8663	1-8663	8414	97.33	133	97	19	19	11	16	0	0
RLG_Alon_Ava	RLG_Alon_Ava	8659	1-8663	1-8680	8402	97.03	151	106	21	4	11	3	0	0
RLG_Alon_Ava	RLG_Alon_Ava	8660	1-8663	1-8681	8388	96.85	156	116	21	3	11	2	0	0
RLG_Alon_Ava	RLG_Alon_Ava	8647	1-8663	1-8668	8375	96.85	163	109	21	16	11	8	0	0
RLG_Alon_Ava	RLG_Alon_Ava	8659	1-8663	1-8682	8436	97.42	131	92	23	4	11	3	0	0
RLG_Alon_Ava	RLG_Alon_Ava	8658	1-8663	1-8671	8375	96.73	162	121	13	5	11	3	0	0
RLG_Alon_Ava	RLG_Alon_Ava	8658	1-8663	1-8679	8376	96.74	166	116	21	5	11	3	0	0
RLG_Alon_Ava	RLG_Alon_Ava	8658	1-8663	1-8674	8382	96.81	154	122	16	5	11	4	0	0
RLG_Alon_Ava	RLG_Alon_Ava	8607	1-8663	1-8611	8559	99.44	21	27	4	56	2	30	0	0
RLG_Alon_Ava	RLG_Alon_Ava	8620	1-8663	1-8621	8574	99.46	22	24	1	43	1	19	0	0
RLG_Alon_Ava	RLG_Alon_Ava	8659	1-8663	1-8700	8464	97.74	109	86	41	4	21	3	0	0
RLG_Alon_Ava	RLG_Alon_Ava	8655	1-8663	1-8683	8359	96.58	166	130	28	8	15	4	0	0
RLG_Alon_Ava	RLG_Alon_Ava	8658	1-8663	1-8671	8376	96.74	158	124	13	5	11	4	0	0
RLG_Alon_Ava	RLG_Alon_Ava	8657	1-8663	1-8673	8361	96.58	164	132	16	6	11	2	0	0
RLG_Alon_Ava	RLG_Alon_Ava	8638	1-8663	1-8664	8443	97.74	100	95	26	25	14	21	0	0
RLG_Alon_Ava	RLG_Alon_Ava	8657	1-8663	1-8722	8358	96.54	175	124	65	6	21	2	0	0
RLG_Alon_Ava	RLG_Alon_Ava	8624	1-8663	1-8637	8373	97.08	143	108	13	39	11	13	0	0
RLG_Alon_Ava	RLG_Alon_Ava	8652	1-8663	1-8674	8342	96.41	174	136	22	11	11	3	0	0
RLG_Alon_Ava	RLG_Alon_Ava	8633	1-8663	1-8646	8372	96.97	146	115	13	30	11	17	0	0
RLG_Alon_Ava	RLG_Alon_Ava	8652	1-8663	1-8676	8388	96.94	159	105	24	11	11	8	0	0
RLG_Alon_Ava	RLG_Alon_Ava	8659	1-8663	1-8677	8383	96.81	163	113	18	4	11	3	0	0
RLG_Alon_Ava	RLG_Alon_Ava	8616	1-8663	1-8663	8374	97.19	140	102	47	47	34	40	0	0
RLG_Alon_Ava	RLG_Alon_Ava	8650	1-8663	1-8663	8371	96.77	154	125	13	13	11	5	0	0
RLG_Alon_Ava	RLG_Alon_Ava	8654	1-8663	1-8679	8392	96.97	149	113	25	9	13	3	0	0
RLG_Alon_Ava	RLG_Alon_Ava	8651	1-8657	1-8679	8425	97.38	126	100	28	6	13	3	0	0
RLG_Alon_Ava	RLG_Alon_Ava	8635	1-8663	1-8669	8387	97.12	139	109	34	28	20	19	0	0
RLG_Alon_Ava	RLG_Alon_Ava	8655	1-8663	1-8682	8389	96.92	151	115	27	8	15	3	0	0
RLG_Alon_Ava	RLG_Alon_Ava	8648	1-8663	1-8687	8444	97.64	114	90	39	15	24	9	0	0
RLG_Alon_Ava	RLG_Alon_Ava	8644	1-8663	1-8657	8393	97.09	147	104	13	19	11	7	0	0
RLG_Alon_Ava	RLG_Alon_Ava	8647	1-8663	1-8662	8354	96.61	161	132	15	16	11	9	0	0
RLG_Alon_Ava	RLG_Alon_Ava	8655	1-8663	1-8677	8369	96.69	155	131	22	8	11	4	0	0
RLG_Alon_Ava	RLG_Alon_Ava	8628	1-8663	1-8639	8371	97.02	150	107	11	35	11	16	0	0
RLG_Alon_Ava	RLG_Alon_Ava	8675	1-8684	1-8675	8566	98.74	60	49	0	9	0	8	0	0
RLG_Alon_Ava	RLG_Alon_Ava	8679	1-8684	1-8680	8525	98.22	88	66	1	5	1	3	0	0
RLG_Alon_Ava	RLG_Alon_Ava	8679	1-8684	1-8696	8536	98.35	80	63	17	5	16	4	0	0
RLG_Alon_Ava	RLG_Alon_Ava	8683	1-8684	1-8686	8540	98.35	77	66	3	1	1	1	0	0
RLG_Alon_Ava	RLG_Alon_Ava	8680	1-8684	1-8681	8521	98.16	87	72	1	4	1	3	0	0
RLG_Alon_Ava	RLG_Alon_Ava	8676	1-8684	1-8677	8531	98.32	76	69	1	8	1	6	0	0
RLG_Alon_Ava	RLG_Alon_Ava	8675	1-8684	1-8676	8534	98.37	75	66	1	9	1	8	0	0
RLG_Alon_Ava	RLG_Alon_Ava	8679	1-8684	1-8681	8534	98.32	76	69	2	5	1	2	0	0
RLG_Alon_Ava	RLG_Alon_Ava	8682	1-8684	1-8686	8528	98.22	86	68	4	2	1	1	0	0
RLG_Alon_Ava	RLG_Alon_Ava	8652	1-8684	1-8653	8515	98.41	78	59	1	32	1	16	0	0
RLG_Alon_Ava	RLG_Alon_Ava	8673	1-8684	1-8674	8537	98.43	75	61	1	11	1	6	0	0
RLG_Alon_Ava	RLG_Alon_Ava	8677	1-8684	1-8678	8524	98.23	85	68	1	7	1	5	0	0
RLG_Alon_Ava	RLG_Alon_Ava	8667	1-8684	1-8685	8645	99.74	14	8	18	17	16	8	0	0
RLG_Alon_Ava	RLG_Alon_Ava	8669	1-8684	1-8686	8630	99.55	14	25	17	15	16	8	0	0
RLG_Alon_Ava	RLG_Alon_Ava	8675	1-8684	1-8679	8533	98.36	71	71	4	9	3	3	0	0
RLG_Alon_Ava	RLG_Alon_Ava	8678	1-8684	1-8680	8521	98.19	81	76	2	6	1	6	0	0
RLG_Alon_Ava	RLG_Alon_Ava	8678	1-8684	1-8679	8435	97.19	143	100	1	6	1	4	0	0
RLG_Alon_Ava	RLG_Alon_Ava	8672	1-8684	1-8675	8636	99.58	18	18	3	12	1	8	0	0
RLG_Alon_Ava	RLG_Alon_Ava	8667	1-8684	1-8668	8536	98.48	71	60	1	17	1	8	0	0
RLG_Alon_Ava	RLG_Alon_Ava	8668	1-8684	1-8669	8643	99.71	14	11	1	16	1	8	0	0
RLG_Alon_Ava	RLG_Alon_Ava	8669	1-8684	1-8671	8563	98.77	60	46	2	15	1	8	0	0
RLG_Alon_Ava	RLG_Alon_Ava	8668	1-8684	1-8669	8436	97.32	147	85	1	16	1	13	0	0
RLG_Alon_Ava	RLG_Alon_Ava	8673	1-8684	1-8676	8640	99.61	21	12	3	11	1	8	0	0
RLG_Alon_Ava	RLG_Alon_Ava	8668	1-8684	1-8676	8437	97.33	138	93	8	16	2	12	0	0
RLG_Alon_Ava	RLG_Alon_Ava	8668	1-8684	1-8669	8423	97.17	142	103	1	16	1	9	0	0
RLG_Alon_Ava	RLG_Alon_Ava	8672	1-8684	1-8673	8436	97.27	137	99	1	12	1	10	0	0
RLG_Alon_Ava	RLG_Alon_Ava	8677	1-8684	1-8678	8526	98.25	80	71	1	7	1	5	0	0
RLG_Alon_Ava	RLG_Alon_Ava	8678	1-8684	1-8681	8568	98.73	62	48	3	6	1	4	0	0
RLG_Alon_Ava	RLG_Alon_Ava	8680	1-8684	1-8683	8570	98.73	63	47	3	4	1	2	0	0
RLG_Alon_Ava	RLG_Alon_Ava	8683	1-8684	1-8686	8535	98.29	84	64	3	1	1	1	0	0
RLG_Alon_Ava	RLG_Alon_Ava	8677	1-8684	1-8679	8524	98.23	85	68	2	7	1	4	0	0
RLG_Alon_Ava	RLG_Alon_Ava	8676	1-8684	1-8677	8529	98.3	82	65	1	8	1	7	0	0
RLG_Alon_Ava	RLG_Alon_Ava	8676	1-8684	1-8677	8539	98.42	72	65	1	8	1	7	0	0
RLG_Alon_Ava	RLG_Alon_Ava	8678	1-8684	1-8681	8481	97.72	118	79	3	6	1	2	0	0
RLG_Alon_Ava	RLG_Alon_Ava	8675	1-8684	1-8677	8482	97.77	116	77	2	9	1	5	0	0
RLG_Alon_Ava	RLG_Alon_Ava	8660	1-8684	1-8663	8550	98.72	62	48	3	24	1	16	0	0
RLG_Alon_Ava	RLG_Alon_Ava	8677	1-8684	1-8680	8588	98.97	50	39	3	7	1	5	0	0
RLG_Alon_Ava	RLG_Alon_Ava	8680	1-8684	1-8681	8540	98.38	74	66	1	4	1	4	0	0
RLG_Alon_Ava	RLG_Alon_Ava	8664	1-8684	1-8668	8525	98.39	77	62	4	20	1	8	0	0
RLG_Alon_Ava	RLG_Alon_Ava	8679	1-8684	1-8682	8574	98.79	60	45	3	5	1	3	0	0
RLG_Alon_Ava	RLG_Alon_Ava	8670	1-8684	1-8671	8516	98.22	83	71	1	14	1	13	0	0
RLG_Alon_Ava	RLG_Alon_Ava	8677	1-8684	1-8679	8605	99.17	35	37	2	7	1	4	0	0
RLG_Alon_Ava	RLG_Alon_Ava	8673	1-8684	1-8674	8553	98.61	56	64	1	11	1	9	0	0
RLG_Alon_Ava	RLG_Alon_Ava	8606	1-8684	1-8611	8362	97.16	148	96	5	78	2	30	0	0
RLG_Alon_Ava	RLG_Alon_Ava	8619	1-8684	1-8621	8384	97.27	148	87	2	65	1	19	0	0
RLG_Alon_Ava	RLG_Alon_Ava	8682	1-8684	1-8700	8441	97.22	141	100	18	2	9	1	0	0
RLG_Alon_Ava	RLG_Alon_Ava	8678	1-8684	1-8683	8525	98.23	74	79	5	6	3	2	0	0
RLG_Alon_Ava	RLG_Alon_Ava	8670	1-8684	1-8671	8539	98.48	63	68	1	14	1	6	0	0
RLG_Alon_Ava	RLG_Alon_Ava	8671	1-8684	1-8673	8519	98.24	72	80	2	13	1	9	0	0
RLG_Alon_Ava	RLG_Alon_Ava	8660	1-8684	1-8664	8427	97.3	130	103	4	24	1	21	0	0
RLG_Alon_Ava	RLG_Alon_Ava	8677	1-8684	1-8722	8426	97.1	135	116	45	7	21	3	0	0
RLG_Alon_Ava	RLG_Alon_Ava	8634	1-8684	1-8637	8421	97.53	109	104	3	50	1	18	0	0
RLG_Alon_Ava	RLG_Alon_Ava	8672	1-8684	1-8674	8432	97.23	129	111	2	12	1	3	0	0
RLG_Alon_Ava	RLG_Alon_Ava	8643	1-8684	1-8646	8419	97.4	115	109	3	41	1	18	0	0
RLG_Alon_Ava	RLG_Alon_Ava	8673	1-8684	1-8676	8618	99.36	28	27	3	11	1	8	0	0
RLG_Alon_Ava	RLG_Alon_Ava	8675	1-8684	1-8677	8609	99.23	32	34	2	9	1	7	0	0
RLG_Alon_Ava	RLG_Alon_Ava	8638	1-8684	1-8663	8438	97.68	113	87	25	46	22	40	0	0
RLG_Alon_Ava	RLG_Alon_Ava	8660	1-8684	1-8663	8436	97.41	116	108	3	24	1	17	0	0
RLG_Alon_Ava	RLG_Alon_Ava	8676	1-8684	1-8679	8456	97.46	124	96	3	8	1	3	0	0
RLG_Alon_Ava	RLG_Alon_Ava	8674	1-8678	1-8679	8490	97.87	108	76	5	4	1	1	0	0
RLG_Alon_Ava	RLG_Alon_Ava	8657	1-8684	1-8669	8453	97.64	114	90	12	27	8	19	0	0
RLG_Alon_Ava	RLG_Alon_Ava	8677	1-8684	1-8682	8453	97.41	126	98	5	7	3	3	0	0
RLG_Alon_Ava	RLG_Alon_Ava	8670	1-8684	1-8687	8427	97.19	141	102	17	14	12	9	0	0
RLG_Alon_Ava	RLG_Alon_Ava	8654	1-8684	1-8657	8408	97.15	136	110	3	30	2	19	0	0
RLG_Alon_Ava	RLG_Alon_Ava	8658	1-8684	1-8662	8444	97.52	116	98	4	26	2	11	0	0
RLG_Alon_Ava	RLG_Alon_Ava	8671	1-8684	1-8677	8461	97.57	116	94	6	13	4	6	0	0
RLG_Alon_Ava	RLG_Alon_Ava	8638	1-8684	1-8639	8404	97.29	128	106	1	46	1	17	0	0
RLG_Alon_Ava	RLG_Alon_Ava	8674	1-8675	1-8680	8501	98	98	75	6	1	5	1	0	0
RLG_Alon_Ava	RLG_Alon_Ava	8675	1-8675	1-8696	8515	98.15	88	72	21	0	16	0	0	0
RLG_Alon_Ava	RLG_Alon_Ava	8675	1-8675	1-8686	8513	98.13	87	75	11	0	9	0	0	0
RLG_Alon_Ava	RLG_Alon_Ava	8675	1-8675	1-8681	8499	97.97	99	77	6	0	5	0	0	0
RLG_Alon_Ava	RLG_Alon_Ava	8674	1-8675	1-8677	8509	98.09	87	78	3	1	2	1	0	0
RLG_Alon_Ava	RLG_Alon_Ava	8675	1-8675	1-8676	8514	98.14	86	75	1	0	1	0	0	0
RLG_Alon_Ava	RLG_Alon_Ava	8671	1-8675	1-8681	8509	98.13	86	76	10	4	9	2	0	0
RLG_Alon_Ava	RLG_Alon_Ava	8674	1-8675	1-8686	8502	98.01	95	77	12	1	8	1	0	0
RLG_Alon_Ava	RLG_Alon_Ava	8650	1-8675	1-8653	8495	98.2	87	68	3	25	2	16	0	0
RLG_Alon_Ava	RLG_Alon_Ava	8671	1-8675	1-8674	8519	98.24	84	68	3	4	2	2	0	0
RLG_Alon_Ava	RLG_Alon_Ava	8674	1-8675	1-8678	8507	98.07	94	73	4	1	3	1	0	0
RLG_Alon_Ava	RLG_Alon_Ava	8667	1-8675	1-8685	8553	98.68	63	51	18	8	16	8	0	0
RLG_Alon_Ava	RLG_Alon_Ava	8667	1-8675	1-8686	8536	98.48	63	68	19	8	16	8	0	0
RLG_Alon_Ava	RLG_Alon_Ava	8667	1-8675	1-8679	8508	98.16	79	80	12	8	11	3	0	0
RLG_Alon_Ava	RLG_Alon_Ava	8675	1-8675	1-8680	8530	98.32	76	69	5	0	2	0	0	0
RLG_Alon_Ava	RLG_Alon_Ava	8673	1-8675	1-8679	8402	96.87	154	117	6	2	4	1	0	0
RLG_Alon_Ava	RLG_Alon_Ava	8667	1-8675	1-8675	8544	98.58	66	57	8	8	5	8	0	0
RLG_Alon_Ava	RLG_Alon_Ava	8667	1-8675	1-8668	8518	98.28	80	69	1	8	1	8	0	0
RLG_Alon_Ava	RLG_Alon_Ava	8667	1-8675	1-8669	8555	98.7	62	50	2	8	1	8	0	0
RLG_Alon_Ava	RLG_Alon_Ava	8666	1-8675	1-8671	8599	99.22	30	37	5	9	3	8	0	0
RLG_Alon_Ava	RLG_Alon_Ava	8668	1-8675	1-8669	8414	97.06	160	94	1	7	1	5	0	0
RLG_Alon_Ava	RLG_Alon_Ava	8667	1-8675	1-8676	8548	98.62	68	51	9	8	6	8	0	0
RLG_Alon_Ava	RLG_Alon_Ava	8667	1-8675	1-8676	8451	97.5	134	82	9	8	2	4	0	0
RLG_Alon_Ava	RLG_Alon_Ava	8668	1-8675	1-8669	8395	96.85	152	121	1	7	1	4	0	0
RLG_Alon_Ava	RLG_Alon_Ava	8671	1-8675	1-8673	8407	96.95	147	117	2	4	1	2	0	0
RLG_Alon_Ava	RLG_Alon_Ava	8674	1-8675	1-8678	8506	98.06	88	80	4	1	3	1	0	0
RLG_Alon_Ava	RLG_Alon_Ava	8674	1-8675	1-8681	8529	98.32	77	68	7	1	4	1	0	0
RLG_Alon_Ava	RLG_Alon_Ava	8674	1-8675	1-8683	8530	98.33	77	67	9	1	6	1	0	0
RLG_Alon_Ava	RLG_Alon_Ava	8674	1-8675	1-8686	8511	98.12	94	69	12	1	8	1	0	0
RLG_Alon_Ava	RLG_Alon_Ava	8673	1-8675	1-8679	8504	98.05	96	73	6	2	4	1	0	0
RLG_Alon_Ava	RLG_Alon_Ava	8675	1-8675	1-8677	8508	98.07	93	74	2	0	1	0	0	0
RLG_Alon_Ava	RLG_Alon_Ava	8675	1-8675	1-8677	8521	98.22	84	70	2	0	1	0	0	0
RLG_Alon_Ava	RLG_Alon_Ava	8672	1-8675	1-8681	8454	97.48	127	91	9	3	7	1	0	0
RLG_Alon_Ava	RLG_Alon_Ava	8672	1-8675	1-8677	8456	97.5	127	89	5	3	3	1	0	0
RLG_Alon_Ava	RLG_Alon_Ava	8658	1-8675	1-8663	8514	98.33	77	67	5	17	1	16	0	0
RLG_Alon_Ava	RLG_Alon_Ava	8674	1-8675	1-8680	8513	98.14	85	76	6	1	3	1	0	0
RLG_Alon_Ava	RLG_Alon_Ava	8675	1-8675	1-8681	8518	98.19	86	71	6	0	4	0	0	0
RLG_Alon_Ava	RLG_Alon_Ava	8663	1-8675	1-8668	8506	98.18	86	71	5	12	1	8	0	0
RLG_Alon_Ava	RLG_Alon_Ava	8674	1-8675	1-8682	8535	98.39	75	64	8	1	5	1	0	0
RLG_Alon_Ava	RLG_Alon_Ava	8670	1-8675	1-8671	8499	98.02	91	80	1	5	1	5	0	0
RLG_Alon_Ava	RLG_Alon_Ava	8673	1-8675	1-8679	8521	98.24	84	68	6	2	4	1	0	0
RLG_Alon_Ava	RLG_Alon_Ava	8673	1-8675	1-8674	8522	98.25	70	81	1	2	1	1	0	0
RLG_Alon_Ava	RLG_Alon_Ava	8606	1-8675	1-8611	8366	97.21	139	101	5	69	2	30	0	0
RLG_Alon_Ava	RLG_Alon_Ava	8618	1-8675	1-8621	8382	97.26	138	98	3	57	1	19	0	0
RLG_Alon_Ava	RLG_Alon_Ava	8674	1-8675	1-8700	8440	97.3	140	94	26	1	17	1	0	0
RLG_Alon_Ava	RLG_Alon_Ava	8670	1-8675	1-8683	8496	97.99	88	86	13	5	11	1	0	0
RLG_Alon_Ava	RLG_Alon_Ava	8670	1-8675	1-8671	8504	98.08	78	88	1	5	1	4	0	0
RLG_Alon_Ava	RLG_Alon_Ava	8670	1-8675	1-8673	8495	97.98	87	88	3	5	1	1	0	0
RLG_Alon_Ava	RLG_Alon_Ava	8652	1-8675	1-8664	8393	97	147	112	12	23	10	21	0	0
RLG_Alon_Ava	RLG_Alon_Ava	8671	1-8675	1-8722	8421	97.11	138	112	51	4	21	1	0	0
RLG_Alon_Ava	RLG_Alon_Ava	8634	1-8675	1-8637	8412	97.42	115	107	3	41	1	13	0	0
RLG_Alon_Ava	RLG_Alon_Ava	8666	1-8675	1-8674	8414	97.09	134	118	8	9	6	3	0	0
RLG_Alon_Ava	RLG_Alon_Ava	8643	1-8675	1-8646	8410	97.3	119	114	3	32	1	17	0	0
RLG_Alon_Ava	RLG_Alon_Ava	8666	1-8675	1-8676	8533	98.46	76	57	10	9	6	8	0	0
RLG_Alon_Ava	RLG_Alon_Ava	8674	1-8675	1-8677	8526	98.29	83	65	3	1	1	1	0	0
RLG_Alon_Ava	RLG_Alon_Ava	8630	1-8675	1-8663	8442	97.82	109	79	33	45	30	40	0	0
RLG_Alon_Ava	RLG_Alon_Ava	8659	1-8675	1-8663	8424	97.28	119	116	4	16	1	9	0	0
RLG_Alon_Ava	RLG_Alon_Ava	8668	1-8675	1-8679	8469	97.7	116	83	11	7	9	3	0	0
RLG_Alon_Ava	RLG_Alon_Ava	8666	1-8669	1-8679	8465	97.68	115	86	13	3	9	1	0	0
RLG_Alon_Ava	RLG_Alon_Ava	8649	1-8675	1-8669	8461	97.82	104	84	20	26	16	19	0	0
RLG_Alon_Ava	RLG_Alon_Ava	8668	1-8675	1-8682	8465	97.65	118	85	14	7	11	3	0	0
RLG_Alon_Ava	RLG_Alon_Ava	8662	1-8675	1-8687	8417	97.17	146	99	25	13	20	9	0	0
RLG_Alon_Ava	RLG_Alon_Ava	8654	1-8675	1-8657	8428	97.38	127	99	3	21	2	11	0	0
RLG_Alon_Ava	RLG_Alon_Ava	8658	1-8675	1-8662	8429	97.35	122	107	4	17	2	9	0	0
RLG_Alon_Ava	RLG_Alon_Ava	8669	1-8675	1-8677	8443	97.39	120	106	8	6	4	1	0	0
RLG_Alon_Ava	RLG_Alon_Ava	8638	1-8675	1-8639	8402	97.26	131	105	1	37	1	16	0	0
RLG_Alon_Ava	RLG_Alon_Ava	8679	1-8680	1-8696	8631	99.44	29	19	17	1	16	1	0	0
RLG_Alon_Ava	RLG_Alon_Ava	8680	1-8680	1-8686	8648	99.63	22	10	6	0	4	0	0	0
RLG_Alon_Ava	RLG_Alon_Ava	8680	1-8680	1-8681	8629	99.41	35	16	1	0	1	0	0	0
RLG_Alon_Ava	RLG_Alon_Ava	8676	1-8680	1-8677	8640	99.58	22	14	1	4	1	3	0	0
RLG_Alon_Ava	RLG_Alon_Ava	8675	1-8680	1-8676	8643	99.63	21	11	1	5	1	5	0	0
RLG_Alon_Ava	RLG_Alon_Ava	8676	1-8680	1-8681	8639	99.57	22	15	5	4	4	2	0	0
RLG_Alon_Ava	RLG_Alon_Ava	8679	1-8680	1-8686	8633	99.46	30	16	7	1	3	1	0	0
RLG_Alon_Ava	RLG_Alon_Ava	8652	1-8680	1-8653	8596	99.35	34	22	1	28	1	16	0	0
RLG_Alon_Ava	RLG_Alon_Ava	8673	1-8680	1-8674	8618	99.36	31	24	1	7	1	3	0	0
RLG_Alon_Ava	RLG_Alon_Ava	8677	1-8680	1-8678	8633	99.49	32	12	1	3	1	2	0	0
RLG_Alon_Ava	RLG_Alon_Ava	8667	1-8680	1-8685	8508	98.16	92	67	18	13	16	8	0	0
RLG_Alon_Ava	RLG_Alon_Ava	8669	1-8680	1-8686	8494	97.98	91	84	17	11	16	8	0	0
RLG_Alon_Ava	RLG_Alon_Ava	8673	1-8680	1-8679	8634	99.55	23	16	6	7	6	3	0	0
RLG_Alon_Ava	RLG_Alon_Ava	8677	1-8680	1-8680	8623	99.37	31	23	3	3	1	3	0	0
RLG_Alon_Ava	RLG_Alon_Ava	8676	1-8680	1-8679	8397	96.78	170	109	3	4	1	1	0	0
RLG_Alon_Ava	RLG_Alon_Ava	8672	1-8680	1-8675	8501	98.02	94	77	3	8	1	8	0	0
RLG_Alon_Ava	RLG_Alon_Ava	8667	1-8680	1-8668	8611	99.35	31	25	1	13	1	8	0	0
RLG_Alon_Ava	RLG_Alon_Ava	8668	1-8680	1-8669	8506	98.13	93	69	1	12	1	8	0	0
RLG_Alon_Ava	RLG_Alon_Ava	8669	1-8680	1-8671	8502	98.07	97	70	2	11	1	8	0	0
RLG_Alon_Ava	RLG_Alon_Ava	8667	1-8680	1-8669	8382	96.71	179	106	2	13	1	10	0	0
RLG_Alon_Ava	RLG_Alon_Ava	8672	1-8680	1-8676	8504	98.06	97	71	4	8	1	8	0	0
RLG_Alon_Ava	RLG_Alon_Ava	8666	1-8680	1-8676	8401	96.94	159	106	10	14	2	9	0	0
RLG_Alon_Ava	RLG_Alon_Ava	8667	1-8680	1-8669	8387	96.76	167	113	2	13	1	6	0	0
RLG_Alon_Ava	RLG_Alon_Ava	8670	1-8680	1-8673	8398	96.86	162	110	3	10	1	7	0	0
RLG_Alon_Ava	RLG_Alon_Ava	8677	1-8680	1-8678	8636	99.52	26	15	1	3	1	2	0	0
RLG_Alon_Ava	RLG_Alon_Ava	8678	1-8680	1-8681	8522	98.2	93	63	3	2	1	1	0	0
RLG_Alon_Ava	RLG_Alon_Ava	8679	1-8680	1-8683	8524	98.21	93	62	4	1	1	1	0	0
RLG_Alon_Ava	RLG_Alon_Ava	8679	1-8680	1-8686	8641	99.56	30	8	7	1	3	1	0	0
RLG_Alon_Ava	RLG_Alon_Ava	8677	1-8680	1-8679	8633	99.49	32	12	2	3	1	1	0	0
RLG_Alon_Ava	RLG_Alon_Ava	8676	1-8680	1-8677	8634	99.51	31	11	1	4	1	4	0	0
RLG_Alon_Ava	RLG_Alon_Ava	8676	1-8680	1-8677	8649	99.68	18	9	1	4	1	4	0	0
RLG_Alon_Ava	RLG_Alon_Ava	8677	1-8680	1-8681	8438	97.24	145	94	4	3	1	1	0	0
RLG_Alon_Ava	RLG_Alon_Ava	8674	1-8680	1-8677	8442	97.32	142	90	3	6	1	3	0	0
RLG_Alon_Ava	RLG_Alon_Ava	8659	1-8680	1-8663	8505	98.22	93	61	4	21	1	16	0	0
RLG_Alon_Ava	RLG_Alon_Ava	8677	1-8680	1-8680	8523	98.22	81	73	3	3	1	2	0	0
RLG_Alon_Ava	RLG_Alon_Ava	8679	1-8680	1-8681	8649	99.65	20	10	2	1	1	1	0	0
RLG_Alon_Ava	RLG_Alon_Ava	8664	1-8680	1-8668	8606	99.33	35	23	4	16	1	8	0	0
RLG_Alon_Ava	RLG_Alon_Ava	8679	1-8680	1-8682	8530	98.28	90	59	3	1	1	1	0	0
RLG_Alon_Ava	RLG_Alon_Ava	8670	1-8680	1-8671	8625	99.48	29	16	1	10	1	10	0	0
RLG_Alon_Ava	RLG_Alon_Ava	8677	1-8680	1-8679	8500	97.96	100	77	2	3	1	1	0	0
RLG_Alon_Ava	RLG_Alon_Ava	8673	1-8680	1-8674	8549	98.57	68	56	1	7	1	6	0	0
RLG_Alon_Ava	RLG_Alon_Ava	8605	1-8680	1-8611	8322	96.71	168	115	6	75	2	30	0	0
RLG_Alon_Ava	RLG_Alon_Ava	8617	1-8680	1-8621	8335	96.72	169	113	4	63	1	19	0	0
RLG_Alon_Ava	RLG_Alon_Ava	8678	1-8680	1-8700	8421	97.03	156	101	22	2	12	1	0	0
RLG_Alon_Ava	RLG_Alon_Ava	8675	1-8680	1-8683	8519	98.2	84	72	8	5	6	1	0	0
RLG_Alon_Ava	RLG_Alon_Ava	8670	1-8680	1-8671	8538	98.47	73	59	1	10	1	6	0	0
RLG_Alon_Ava	RLG_Alon_Ava	8670	1-8680	1-8673	8512	98.17	83	75	3	10	1	6	0	0
RLG_Alon_Ava	RLG_Alon_Ava	8656	1-8680	1-8664	8377	96.77	166	113	8	24	4	21	0	0
RLG_Alon_Ava	RLG_Alon_Ava	8675	1-8680	1-8722	8463	97.55	123	89	47	5	21	1	0	0
RLG_Alon_Ava	RLG_Alon_Ava	8633	1-8680	1-8637	8438	97.74	107	88	4	47	1	15	0	0
RLG_Alon_Ava	RLG_Alon_Ava	8670	1-8680	1-8674	8423	97.15	137	110	4	10	1	3	0	0
RLG_Alon_Ava	RLG_Alon_Ava	8642	1-8680	1-8646	8439	97.65	110	93	4	38	1	17	0	0
RLG_Alon_Ava	RLG_Alon_Ava	8671	1-8680	1-8676	8490	97.91	102	79	5	9	1	8	0	0
RLG_Alon_Ava	RLG_Alon_Ava	8675	1-8680	1-8677	8504	98.02	97	74	2	5	1	4	0	0
RLG_Alon_Ava	RLG_Alon_Ava	8634	1-8680	1-8663	8414	97.45	125	95	29	46	25	40	0	0
RLG_Alon_Ava	RLG_Alon_Ava	8658	1-8680	1-8663	8433	97.4	122	103	5	22	1	14	0	0
RLG_Alon_Ava	RLG_Alon_Ava	8672	1-8680	1-8679	8453	97.47	122	97	7	8	4	3	0	0
RLG_Alon_Ava	RLG_Alon_Ava	8671	1-8674	1-8679	8445	97.39	133	93	8	3	4	1	0	0
RLG_Alon_Ava	RLG_Alon_Ava	8653	1-8680	1-8669	8450	97.65	109	94	16	27	11	19	0	0
RLG_Alon_Ava	RLG_Alon_Ava	8672	1-8680	1-8682	8449	97.42	124	99	10	8	6	3	0	0
RLG_Alon_Ava	RLG_Alon_Ava	8666	1-8680	1-8687	8410	97.04	161	95	21	14	15	9	0	0
RLG_Alon_Ava	RLG_Alon_Ava	8653	1-8680	1-8657	8384	96.89	150	119	4	27	2	16	0	0
RLG_Alon_Ava	RLG_Alon_Ava	8658	1-8680	1-8662	8428	97.34	127	103	4	22	2	9	0	0
RLG_Alon_Ava	RLG_Alon_Ava	8671	1-8680	1-8677	8444	97.38	126	101	6	9	4	3	0	0
RLG_Alon_Ava	RLG_Alon_Ava	8637	1-8680	1-8639	8388	97.11	147	102	2	43	1	16	0	0
RLG_Alon_Ava	RLG_Alon_Ava	8680	1-8696	1-8686	8642	99.56	19	19	6	16	5	16	0	0
RLG_Alon_Ava	RLG_Alon_Ava	8680	1-8696	1-8681	8624	99.35	31	25	1	16	1	16	0	0
RLG_Alon_Ava	RLG_Alon_Ava	8677	1-8696	1-8677	8636	99.52	19	22	0	19	0	16	0	0
RLG_Alon_Ava	RLG_Alon_Ava	8676	1-8696	1-8676	8639	99.57	18	19	0	20	0	16	0	0
RLG_Alon_Ava	RLG_Alon_Ava	8676	1-8696	1-8681	8634	99.51	20	22	5	20	5	16	0	0
RLG_Alon_Ava	RLG_Alon_Ava	8679	1-8696	1-8686	8633	99.46	27	19	7	17	4	16	0	0
RLG_Alon_Ava	RLG_Alon_Ava	8653	1-8696	1-8653	8606	99.45	27	20	0	43	0	16	0	0
RLG_Alon_Ava	RLG_Alon_Ava	8674	1-8696	1-8674	8632	99.51	20	22	0	22	0	16	0	0
RLG_Alon_Ava	RLG_Alon_Ava	8678	1-8696	1-8678	8629	99.43	28	21	0	18	0	16	0	0
RLG_Alon_Ava	RLG_Alon_Ava	8668	1-8696	1-8685	8522	98.31	83	63	17	28	16	16	0	0
RLG_Alon_Ava	RLG_Alon_Ava	8670	1-8696	1-8686	8507	98.11	83	80	16	26	16	16	0	0
RLG_Alon_Ava	RLG_Alon_Ava	8672	1-8696	1-8679	8628	99.49	19	25	7	24	7	16	0	0
RLG_Alon_Ava	RLG_Alon_Ava	8678	1-8696	1-8680	8621	99.34	28	29	2	18	1	16	0	0
RLG_Alon_Ava	RLG_Alon_Ava	8677	1-8696	1-8679	8409	96.91	160	108	2	19	1	16	0	0
RLG_Alon_Ava	RLG_Alon_Ava	8672	1-8696	1-8675	8512	98.15	86	74	3	24	1	16	0	0
RLG_Alon_Ava	RLG_Alon_Ava	8668	1-8696	1-8668	8627	99.52	20	21	0	28	0	16	0	0
RLG_Alon_Ava	RLG_Alon_Ava	8669	1-8696	1-8669	8520	98.28	82	67	0	27	0	16	0	0
RLG_Alon_Ava	RLG_Alon_Ava	8670	1-8696	1-8671	8516	98.22	87	67	1	26	1	16	0	0
RLG_Alon_Ava	RLG_Alon_Ava	8668	1-8696	1-8669	8394	96.83	168	106	1	28	1	16	0	0
RLG_Alon_Ava	RLG_Alon_Ava	8672	1-8696	1-8676	8515	98.18	89	68	4	24	2	16	0	0
RLG_Alon_Ava	RLG_Alon_Ava	8667	1-8696	1-8676	8413	97.06	151	103	9	29	2	16	0	0
RLG_Alon_Ava	RLG_Alon_Ava	8668	1-8696	1-8669	8399	96.89	157	112	1	28	1	16	0	0
RLG_Alon_Ava	RLG_Alon_Ava	8671	1-8696	1-8673	8411	97	152	108	2	25	1	16	0	0
RLG_Alon_Ava	RLG_Alon_Ava	8678	1-8696	1-8678	8632	99.46	22	24	0	18	0	16	0	0
RLG_Alon_Ava	RLG_Alon_Ava	8679	1-8696	1-8681	8528	98.26	87	64	2	17	1	16	0	0
RLG_Alon_Ava	RLG_Alon_Ava	8679	1-8696	1-8683	8530	98.28	87	62	4	17	2	16	0	0
RLG_Alon_Ava	RLG_Alon_Ava	8679	1-8696	1-8686	8638	99.52	26	15	7	17	4	16	0	0
RLG_Alon_Ava	RLG_Alon_Ava	8678	1-8696	1-8679	8630	99.44	28	20	1	18	1	16	0	0
RLG_Alon_Ava	RLG_Alon_Ava	8677	1-8696	1-8677	8632	99.48	24	21	0	19	0	16	0	0
RLG_Alon_Ava	RLG_Alon_Ava	8677	1-8696	1-8677	8645	99.63	14	18	0	19	0	16	0	0
RLG_Alon_Ava	RLG_Alon_Ava	8677	1-8696	1-8681	8450	97.38	135	92	4	19	2	16	0	0
RLG_Alon_Ava	RLG_Alon_Ava	8675	1-8696	1-8677	8453	97.44	134	88	2	21	1	16	0	0
RLG_Alon_Ava	RLG_Alon_Ava	8660	1-8696	1-8663	8512	98.29	87	61	3	36	1	16	0	0
RLG_Alon_Ava	RLG_Alon_Ava	8678	1-8696	1-8680	8531	98.3	75	72	2	18	1	16	0	0
RLG_Alon_Ava	RLG_Alon_Ava	8680	1-8696	1-8681	8645	99.59	16	19	1	16	1	16	0	0
RLG_Alon_Ava	RLG_Alon_Ava	8665	1-8696	1-8668	8618	99.45	23	24	3	31	1	16	0	0
RLG_Alon_Ava	RLG_Alon_Ava	8679	1-8696	1-8682	8535	98.34	85	59	3	17	1	16	0	0
RLG_Alon_Ava	RLG_Alon_Ava	8671	1-8696	1-8671	8621	99.42	25	25	0	25	0	16	0	0
RLG_Alon_Ava	RLG_Alon_Ava	8678	1-8696	1-8679	8507	98.02	94	77	1	18	1	16	0	0
RLG_Alon_Ava	RLG_Alon_Ava	8674	1-8696	1-8674	8555	98.62	62	57	0	22	0	16	0	0
RLG_Alon_Ava	RLG_Alon_Ava	8606	1-8696	1-8611	8334	96.83	158	114	5	90	2	30	0	0
RLG_Alon_Ava	RLG_Alon_Ava	8618	1-8696	1-8621	8348	96.86	159	111	3	78	1	19	0	0
RLG_Alon_Ava	RLG_Alon_Ava	8678	1-8696	1-8700	8435	97.19	146	97	22	18	13	16	0	0
RLG_Alon_Ava	RLG_Alon_Ava	8675	1-8696	1-8683	8530	98.32	76	69	8	21	7	16	0	0
RLG_Alon_Ava	RLG_Alon_Ava	8671	1-8696	1-8671	8543	98.52	67	61	0	25	0	16	0	0
RLG_Alon_Ava	RLG_Alon_Ava	8671	1-8696	1-8673	8523	98.29	75	73	2	25	1	16	0	0
RLG_Alon_Ava	RLG_Alon_Ava	8656	1-8696	1-8664	8385	96.86	158	113	8	40	6	21	0	0
RLG_Alon_Ava	RLG_Alon_Ava	8675	1-8696	1-8722	8480	97.75	110	85	47	21	21	16	0	0
RLG_Alon_Ava	RLG_Alon_Ava	8634	1-8696	1-8637	8450	97.86	96	88	3	62	1	29	0	0
RLG_Alon_Ava	RLG_Alon_Ava	8670	1-8696	1-8674	8436	97.3	129	105	4	26	2	16	0	0
RLG_Alon_Ava	RLG_Alon_Ava	8643	1-8696	1-8646	8453	97.8	97	93	3	53	1	17	0	0
RLG_Alon_Ava	RLG_Alon_Ava	8671	1-8696	1-8676	8503	98.06	92	76	5	25	2	16	0	0
RLG_Alon_Ava	RLG_Alon_Ava	8676	1-8696	1-8677	8512	98.1	90	74	1	20	1	16	0	0
RLG_Alon_Ava	RLG_Alon_Ava	8634	1-8696	1-8663	8426	97.59	115	93	29	62	26	40	0	0
RLG_Alon_Ava	RLG_Alon_Ava	8659	1-8696	1-8663	8449	97.57	113	97	4	37	1	16	0	0
RLG_Alon_Ava	RLG_Alon_Ava	8672	1-8696	1-8679	8467	97.63	111	94	7	24	5	16	0	0
RLG_Alon_Ava	RLG_Alon_Ava	8671	1-8690	1-8679	8460	97.56	122	89	8	19	5	16	0	0
RLG_Alon_Ava	RLG_Alon_Ava	8653	1-8696	1-8669	8462	97.79	100	91	16	43	12	19	0	0
RLG_Alon_Ava	RLG_Alon_Ava	8672	1-8696	1-8682	8463	97.58	113	96	10	24	7	16	0	0
RLG_Alon_Ava	RLG_Alon_Ava	8666	1-8696	1-8687	8420	97.16	151	95	21	30	16	16	0	0
RLG_Alon_Ava	RLG_Alon_Ava	8654	1-8696	1-8657	8403	97.09	139	112	3	42	2	16	0	0
RLG_Alon_Ava	RLG_Alon_Ava	8659	1-8696	1-8662	8442	97.49	116	101	3	37	2	16	0	0
RLG_Alon_Ava	RLG_Alon_Ava	8672	1-8696	1-8677	8458	97.53	115	99	5	24	4	16	0	0
RLG_Alon_Ava	RLG_Alon_Ava	8638	1-8696	1-8639	8396	97.19	140	102	1	58	1	16	0	0
RLG_Alon_Ava	RLG_Alon_Ava	8681	1-8686	1-8681	8643	99.56	24	14	0	5	0	4	0	0
RLG_Alon_Ava	RLG_Alon_Ava	8677	1-8686	1-8677	8655	99.74	11	11	0	9	0	7	0	0
RLG_Alon_Ava	RLG_Alon_Ava	8676	1-8686	1-8676	8655	99.75	12	9	0	10	0	10	0	0
RLG_Alon_Ava	RLG_Alon_Ava	8681	1-8686	1-8681	8651	99.65	15	15	0	5	0	2	0	0
RLG_Alon_Ava	RLG_Alon_Ava	8683	1-8686	1-8686	8645	99.56	20	18	3	3	1	1	0	0
RLG_Alon_Ava	RLG_Alon_Ava	8653	1-8686	1-8653	8609	99.49	23	21	0	33	0	16	0	0
RLG_Alon_Ava	RLG_Alon_Ava	8674	1-8686	1-8674	8631	99.5	20	23	0	12	0	7	0	0
RLG_Alon_Ava	RLG_Alon_Ava	8678	1-8686	1-8678	8644	99.6	21	13	0	8	0	7	0	0
RLG_Alon_Ava	RLG_Alon_Ava	8668	1-8686	1-8685	8518	98.26	83	67	17	18	16	10	0	0
RLG_Alon_Ava	RLG_Alon_Ava	8670	1-8686	1-8686	8507	98.11	80	83	16	16	16	8	0	0
RLG_Alon_Ava	RLG_Alon_Ava	8677	1-8686	1-8679	8649	99.67	12	16	2	9	2	3	0	0
RLG_Alon_Ava	RLG_Alon_Ava	8678	1-8686	1-8680	8636	99.51	20	22	2	8	1	7	0	0
RLG_Alon_Ava	RLG_Alon_Ava	8677	1-8686	1-8679	8407	96.88	160	110	2	9	1	6	0	0
RLG_Alon_Ava	RLG_Alon_Ava	8673	1-8686	1-8675	8509	98.1	87	77	2	13	1	8	0	0
RLG_Alon_Ava	RLG_Alon_Ava	8668	1-8686	1-8668	8621	99.45	22	25	0	18	0	10	0	0
RLG_Alon_Ava	RLG_Alon_Ava	8669	1-8686	1-8669	8517	98.24	82	70	0	17	0	9	0	0
RLG_Alon_Ava	RLG_Alon_Ava	8670	1-8686	1-8671	8513	98.18	86	71	1	16	1	8	0	0
RLG_Alon_Ava	RLG_Alon_Ava	8668	1-8686	1-8669	8390	96.79	170	108	1	18	1	15	0	0
RLG_Alon_Ava	RLG_Alon_Ava	8674	1-8686	1-8676	8516	98.17	88	70	2	12	1	8	0	0
RLG_Alon_Ava	RLG_Alon_Ava	8667	1-8686	1-8676	8409	97.02	152	106	9	19	2	14	0	0
RLG_Alon_Ava	RLG_Alon_Ava	8668	1-8686	1-8669	8397	96.87	158	113	1	18	1	11	0	0
RLG_Alon_Ava	RLG_Alon_Ava	8671	1-8686	1-8673	8407	96.95	152	112	2	15	1	12	0	0
RLG_Alon_Ava	RLG_Alon_Ava	8678	1-8686	1-8678	8649	99.66	15	14	0	8	0	6	0	0
RLG_Alon_Ava	RLG_Alon_Ava	8679	1-8686	1-8681	8530	98.28	85	64	2	7	1	6	0	0
RLG_Alon_Ava	RLG_Alon_Ava	8681	1-8686	1-8683	8533	98.29	84	64	2	5	1	4	0	0
RLG_Alon_Ava	RLG_Alon_Ava	8683	1-8686	1-8686	8656	99.68	19	8	3	3	2	1	0	0
RLG_Alon_Ava	RLG_Alon_Ava	8678	1-8686	1-8679	8642	99.58	24	12	1	8	1	6	0	0
RLG_Alon_Ava	RLG_Alon_Ava	8677	1-8686	1-8677	8645	99.63	20	12	0	9	0	9	0	0
RLG_Alon_Ava	RLG_Alon_Ava	8677	1-8686	1-8677	8661	99.81	7	9	0	9	0	8	0	0
RLG_Alon_Ava	RLG_Alon_Ava	8680	1-8686	1-8681	8447	97.31	137	96	1	6	1	3	0	0
RLG_Alon_Ava	RLG_Alon_Ava	8676	1-8686	1-8677	8450	97.39	134	92	1	10	1	7	0	0
RLG_Alon_Ava	RLG_Alon_Ava	8660	1-8686	1-8663	8516	98.33	82	62	3	26	1	16	0	0
RLG_Alon_Ava	RLG_Alon_Ava	8678	1-8686	1-8680	8534	98.34	70	74	2	8	1	7	0	0
RLG_Alon_Ava	RLG_Alon_Ava	8680	1-8686	1-8681	8661	99.78	9	10	1	6	1	5	0	0
RLG_Alon_Ava	RLG_Alon_Ava	8665	1-8686	1-8668	8619	99.46	24	22	3	21	1	9	0	0
RLG_Alon_Ava	RLG_Alon_Ava	8680	1-8686	1-8682	8539	98.37	81	60	2	6	1	5	0	0
RLG_Alon_Ava	RLG_Alon_Ava	8671	1-8686	1-8671	8635	99.58	20	16	0	15	0	15	0	0
RLG_Alon_Ava	RLG_Alon_Ava	8678	1-8686	1-8679	8509	98.05	92	77	1	8	1	6	0	0
RLG_Alon_Ava	RLG_Alon_Ava	8674	1-8686	1-8674	8561	98.69	57	56	0	12	0	10	0	0
RLG_Alon_Ava	RLG_Alon_Ava	8606	1-8686	1-8611	8330	96.79	159	117	5	80	2	30	0	0
RLG_Alon_Ava	RLG_Alon_Ava	8618	1-8686	1-8621	8344	96.82	160	114	3	68	1	19	0	0
RLG_Alon_Ava	RLG_Alon_Ava	8683	1-8686	1-8700	8435	97.14	146	102	17	3	8	1	0	0
RLG_Alon_Ava	RLG_Alon_Ava	8680	1-8686	1-8683	8534	98.31	73	73	3	6	2	1	0	0
RLG_Alon_Ava	RLG_Alon_Ava	8671	1-8686	1-8671	8549	98.59	62	60	0	15	0	7	0	0
RLG_Alon_Ava	RLG_Alon_Ava	8671	1-8686	1-8673	8521	98.27	74	76	2	15	1	11	0	0
RLG_Alon_Ava	RLG_Alon_Ava	8662	1-8686	1-8664	8387	96.82	161	114	2	24	1	21	0	0
RLG_Alon_Ava	RLG_Alon_Ava	8676	1-8686	1-8722	8470	97.62	116	90	46	10	21	4	0	0
RLG_Alon_Ava	RLG_Alon_Ava	8634	1-8686	1-8637	8444	97.79	101	89	3	52	1	20	0	0
RLG_Alon_Ava	RLG_Alon_Ava	8672	1-8686	1-8674	8433	97.24	129	110	2	14	1	3	0	0
RLG_Alon_Ava	RLG_Alon_Ava	8643	1-8686	1-8646	8447	97.73	102	94	3	43	1	20	0	0
RLG_Alon_Ava	RLG_Alon_Ava	8673	1-8686	1-8676	8503	98.03	91	79	3	13	1	8	0	0
RLG_Alon_Ava	RLG_Alon_Ava	8676	1-8686	1-8677	8515	98.14	86	75	1	10	1	9	0	0
RLG_Alon_Ava	RLG_Alon_Ava	8639	1-8686	1-8663	8431	97.59	113	95	24	47	21	40	0	0
RLG_Alon_Ava	RLG_Alon_Ava	8659	1-8686	1-8663	8441	97.48	114	104	4	27	1	19	0	0
RLG_Alon_Ava	RLG_Alon_Ava	8677	1-8686	1-8679	8464	97.54	116	97	2	9	1	3	0	0
RLG_Alon_Ava	RLG_Alon_Ava	8676	1-8680	1-8679	8457	97.47	125	94	3	4	1	1	0	0
RLG_Alon_Ava	RLG_Alon_Ava	8658	1-8686	1-8669	8461	97.72	103	94	11	28	7	19	0	0
RLG_Alon_Ava	RLG_Alon_Ava	8677	1-8686	1-8682	8460	97.49	118	99	5	9	2	3	0	0
RLG_Alon_Ava	RLG_Alon_Ava	8671	1-8686	1-8687	8425	97.16	150	96	16	15	11	9	0	0
RLG_Alon_Ava	RLG_Alon_Ava	8654	1-8686	1-8657	8393	96.98	142	119	3	32	2	20	0	0
RLG_Alon_Ava	RLG_Alon_Ava	8659	1-8686	1-8662	8438	97.44	118	103	3	27	2	12	0	0
RLG_Alon_Ava	RLG_Alon_Ava	8672	1-8686	1-8677	8453	97.47	117	102	5	14	4	7	0	0
RLG_Alon_Ava	RLG_Alon_Ava	8638	1-8686	1-8639	8388	97.1	145	105	1	48	1	19	0	0
RLG_Alon_Ava	RLG_Alon_Ava	8677	1-8681	1-8677	8638	99.55	23	16	0	4	0	3	0	0
RLG_Alon_Ava	RLG_Alon_Ava	8676	1-8681	1-8676	8641	99.59	22	13	0	5	0	5	0	0
RLG_Alon_Ava	RLG_Alon_Ava	8677	1-8681	1-8681	8633	99.49	23	21	4	4	4	2	0	0
RLG_Alon_Ava	RLG_Alon_Ava	8680	1-8681	1-8686	8623	99.34	33	24	6	1	3	1	0	0
RLG_Alon_Ava	RLG_Alon_Ava	8653	1-8681	1-8653	8598	99.36	27	28	0	28	0	16	0	0
RLG_Alon_Ava	RLG_Alon_Ava	8674	1-8681	1-8674	8612	99.28	32	30	0	7	0	3	0	0
RLG_Alon_Ava	RLG_Alon_Ava	8678	1-8681	1-8678	8647	99.64	17	14	0	3	0	2	0	0
RLG_Alon_Ava	RLG_Alon_Ava	8668	1-8681	1-8685	8504	98.1	91	73	17	13	16	8	0	0
RLG_Alon_Ava	RLG_Alon_Ava	8670	1-8681	1-8686	8492	97.94	88	90	16	11	16	8	0	0
RLG_Alon_Ava	RLG_Alon_Ava	8673	1-8681	1-8679	8627	99.46	24	22	6	8	6	3	0	0
RLG_Alon_Ava	RLG_Alon_Ava	8678	1-8681	1-8680	8621	99.34	32	25	2	3	1	3	0	0
RLG_Alon_Ava	RLG_Alon_Ava	8677	1-8681	1-8679	8396	96.76	169	112	2	4	1	1	0	0
RLG_Alon_Ava	RLG_Alon_Ava	8673	1-8681	1-8675	8515	98.17	79	79	2	8	1	8	0	0
RLG_Alon_Ava	RLG_Alon_Ava	8668	1-8681	1-8668	8605	99.27	32	31	0	13	0	8	0	0
RLG_Alon_Ava	RLG_Alon_Ava	8669	1-8681	1-8669	8502	98.07	92	75	0	12	0	8	0	0
RLG_Alon_Ava	RLG_Alon_Ava	8670	1-8681	1-8671	8500	98.03	98	72	1	11	1	8	0	0
RLG_Alon_Ava	RLG_Alon_Ava	8668	1-8681	1-8669	8383	96.71	176	109	1	13	1	10	0	0
RLG_Alon_Ava	RLG_Alon_Ava	8673	1-8681	1-8676	8518	98.21	82	73	3	8	1	8	0	0
RLG_Alon_Ava	RLG_Alon_Ava	8667	1-8681	1-8676	8397	96.88	162	108	9	14	2	9	0	0
RLG_Alon_Ava	RLG_Alon_Ava	8668	1-8681	1-8669	8386	96.74	166	116	1	13	1	6	0	0
RLG_Alon_Ava	RLG_Alon_Ava	8671	1-8681	1-8673	8397	96.84	161	113	2	10	1	7	0	0
RLG_Alon_Ava	RLG_Alon_Ava	8678	1-8681	1-8678	8631	99.45	27	20	0	3	0	2	0	0
RLG_Alon_Ava	RLG_Alon_Ava	8679	1-8681	1-8681	8515	98.11	94	70	2	2	1	1	0	0
RLG_Alon_Ava	RLG_Alon_Ava	8680	1-8681	1-8683	8517	98.12	94	69	3	1	1	1	0	0
RLG_Alon_Ava	RLG_Alon_Ava	8680	1-8681	1-8686	8655	99.71	15	10	6	1	3	1	0	0
RLG_Alon_Ava	RLG_Alon_Ava	8678	1-8681	1-8679	8647	99.64	17	14	1	3	1	1	0	0
RLG_Alon_Ava	RLG_Alon_Ava	8677	1-8681	1-8677	8628	99.43	32	17	0	4	0	4	0	0
RLG_Alon_Ava	RLG_Alon_Ava	8677	1-8681	1-8677	8643	99.6	19	15	0	4	0	4	0	0
RLG_Alon_Ava	RLG_Alon_Ava	8678	1-8681	1-8681	8435	97.19	146	97	3	3	1	1	0	0
RLG_Alon_Ava	RLG_Alon_Ava	8675	1-8681	1-8677	8439	97.27	143	93	2	6	1	3	0	0
RLG_Alon_Ava	RLG_Alon_Ava	8660	1-8681	1-8663	8498	98.12	94	68	3	21	1	16	0	0
RLG_Alon_Ava	RLG_Alon_Ava	8678	1-8681	1-8680	8517	98.14	82	79	2	3	1	2	0	0
RLG_Alon_Ava	RLG_Alon_Ava	8680	1-8681	1-8681	8643	99.57	21	16	1	1	1	1	0	0
RLG_Alon_Ava	RLG_Alon_Ava	8665	1-8681	1-8668	8604	99.29	36	25	3	16	1	8	0	0
RLG_Alon_Ava	RLG_Alon_Ava	8680	1-8681	1-8682	8523	98.19	91	66	2	1	1	1	0	0
RLG_Alon_Ava	RLG_Alon_Ava	8671	1-8681	1-8671	8619	99.4	30	22	0	10	0	10	0	0
RLG_Alon_Ava	RLG_Alon_Ava	8678	1-8681	1-8679	8510	98.06	89	79	1	3	1	1	0	0
RLG_Alon_Ava	RLG_Alon_Ava	8674	1-8681	1-8674	8543	98.48	69	62	0	7	0	6	0	0
RLG_Alon_Ava	RLG_Alon_Ava	8606	1-8681	1-8611	8321	96.68	167	118	5	75	2	30	0	0
RLG_Alon_Ava	RLG_Alon_Ava	8618	1-8681	1-8621	8334	96.7	168	116	3	63	1	19	0	0
RLG_Alon_Ava	RLG_Alon_Ava	8679	1-8681	1-8700	8418	96.99	157	104	21	2	12	1	0	0
RLG_Alon_Ava	RLG_Alon_Ava	8676	1-8681	1-8683	8519	98.19	83	74	7	5	6	1	0	0
RLG_Alon_Ava	RLG_Alon_Ava	8671	1-8681	1-8671	8531	98.38	74	66	0	10	0	6	0	0
RLG_Alon_Ava	RLG_Alon_Ava	8671	1-8681	1-8673	8512	98.16	82	77	2	10	1	6	0	0
RLG_Alon_Ava	RLG_Alon_Ava	8657	1-8681	1-8664	8374	96.73	167	116	7	24	4	21	0	0
RLG_Alon_Ava	RLG_Alon_Ava	8676	1-8681	1-8722	8462	97.53	122	92	46	5	21	1	0	0
RLG_Alon_Ava	RLG_Alon_Ava	8634	1-8681	1-8637	8434	97.68	109	91	3	47	1	15	0	0
RLG_Alon_Ava	RLG_Alon_Ava	8671	1-8681	1-8674	8421	97.11	138	112	3	10	1	3	0	0
RLG_Alon_Ava	RLG_Alon_Ava	8643	1-8681	1-8646	8437	97.61	110	96	3	38	1	17	0	0
RLG_Alon_Ava	RLG_Alon_Ava	8672	1-8681	1-8676	8500	98.01	91	81	4	9	1	8	0	0
RLG_Alon_Ava	RLG_Alon_Ava	8676	1-8681	1-8677	8514	98.13	86	76	1	5	1	4	0	0
RLG_Alon_Ava	RLG_Alon_Ava	8635	1-8681	1-8663	8412	97.41	126	97	28	46	25	40	0	0
RLG_Alon_Ava	RLG_Alon_Ava	8659	1-8681	1-8663	8429	97.34	124	106	4	22	1	14	0	0
RLG_Alon_Ava	RLG_Alon_Ava	8673	1-8681	1-8679	8448	97.4	126	99	6	8	4	3	0	0
RLG_Alon_Ava	RLG_Alon_Ava	8672	1-8675	1-8679	8445	97.38	131	96	7	3	4	1	0	0
RLG_Alon_Ava	RLG_Alon_Ava	8654	1-8681	1-8669	8443	97.56	115	96	15	27	11	19	0	0
RLG_Alon_Ava	RLG_Alon_Ava	8673	1-8681	1-8682	8444	97.35	128	101	9	8	6	3	0	0
RLG_Alon_Ava	RLG_Alon_Ava	8667	1-8681	1-8687	8409	97.02	160	98	20	14	15	9	0	0
RLG_Alon_Ava	RLG_Alon_Ava	8654	1-8681	1-8657	8381	96.84	152	121	3	27	2	16	0	0
RLG_Alon_Ava	RLG_Alon_Ava	8659	1-8681	1-8662	8422	97.26	131	106	3	22	2	9	0	0
RLG_Alon_Ava	RLG_Alon_Ava	8672	1-8681	1-8677	8438	97.3	130	104	5	9	4	3	0	0
RLG_Alon_Ava	RLG_Alon_Ava	8638	1-8681	1-8639	8380	97.01	151	107	1	43	1	16	0	0
RLG_Alon_Ava	RLG_Alon_Ava	8675	1-8677	1-8676	8657	99.79	9	9	1	2	1	2	0	0
RLG_Alon_Ava	RLG_Alon_Ava	8673	1-8677	1-8681	8641	99.63	14	18	8	4	7	2	0	0
RLG_Alon_Ava	RLG_Alon_Ava	8676	1-8677	1-8686	8635	99.52	20	21	10	1	6	1	0	0
RLG_Alon_Ava	RLG_Alon_Ava	8653	1-8677	1-8653	8609	99.49	21	23	0	24	0	16	0	0
RLG_Alon_Ava	RLG_Alon_Ava	8673	1-8677	1-8674	8628	99.48	19	26	1	4	1	2	0	0
RLG_Alon_Ava	RLG_Alon_Ava	8677	1-8677	1-8678	8643	99.6	19	15	1	0	1	0	0	0
RLG_Alon_Ava	RLG_Alon_Ava	8667	1-8677	1-8685	8518	98.28	80	69	18	10	16	8	0	0
RLG_Alon_Ava	RLG_Alon_Ava	8669	1-8677	1-8686	8504	98.09	79	86	17	8	16	8	0	0
RLG_Alon_Ava	RLG_Alon_Ava	8669	1-8677	1-8679	8639	99.65	11	19	10	8	9	3	0	0
RLG_Alon_Ava	RLG_Alon_Ava	8677	1-8677	1-8680	8633	99.49	19	25	3	0	2	0	0	0
RLG_Alon_Ava	RLG_Alon_Ava	8674	1-8677	1-8679	8405	96.89	156	113	5	3	2	1	0	0
RLG_Alon_Ava	RLG_Alon_Ava	8669	1-8677	1-8675	8507	98.13	83	79	6	8	3	8	0	0
RLG_Alon_Ava	RLG_Alon_Ava	8667	1-8677	1-8668	8621	99.46	19	27	1	10	1	8	0	0
RLG_Alon_Ava	RLG_Alon_Ava	8668	1-8677	1-8669	8516	98.24	80	72	1	9	1	8	0	0
RLG_Alon_Ava	RLG_Alon_Ava	8668	1-8677	1-8671	8511	98.18	84	73	3	9	1	8	0	0
RLG_Alon_Ava	RLG_Alon_Ava	8667	1-8677	1-8669	8389	96.79	167	111	2	10	1	7	0	0
RLG_Alon_Ava	RLG_Alon_Ava	8669	1-8677	1-8676	8510	98.16	86	73	7	8	4	8	0	0
RLG_Alon_Ava	RLG_Alon_Ava	8666	1-8677	1-8676	8409	97.03	149	108	10	11	2	6	0	0
RLG_Alon_Ava	RLG_Alon_Ava	8667	1-8677	1-8669	8395	96.86	155	117	2	10	1	4	0	0
RLG_Alon_Ava	RLG_Alon_Ava	8670	1-8677	1-8673	8406	96.95	150	114	3	7	2	4	0	0
RLG_Alon_Ava	RLG_Alon_Ava	8676	1-8677	1-8678	8644	99.63	15	17	2	1	1	1	0	0
RLG_Alon_Ava	RLG_Alon_Ava	8676	1-8677	1-8681	8531	98.32	79	66	5	1	2	1	0	0
RLG_Alon_Ava	RLG_Alon_Ava	8676	1-8677	1-8683	8532	98.34	79	65	7	1	4	1	0	0
RLG_Alon_Ava	RLG_Alon_Ava	8676	1-8677	1-8686	8647	99.66	18	11	10	1	6	1	0	0
RLG_Alon_Ava	RLG_Alon_Ava	8675	1-8677	1-8679	8641	99.6	19	15	4	2	2	1	0	0
RLG_Alon_Ava	RLG_Alon_Ava	8676	1-8677	1-8677	8644	99.63	18	14	1	1	1	1	0	0
RLG_Alon_Ava	RLG_Alon_Ava	8676	1-8677	1-8677	8656	99.76	7	13	1	1	1	1	0	0
RLG_Alon_Ava	RLG_Alon_Ava	8674	1-8677	1-8681	8441	97.31	134	99	7	3	5	1	0	0
RLG_Alon_Ava	RLG_Alon_Ava	8674	1-8677	1-8677	8448	97.39	131	95	3	3	1	1	0	0
RLG_Alon_Ava	RLG_Alon_Ava	8659	1-8677	1-8663	8512	98.3	82	65	4	18	2	16	0	0
RLG_Alon_Ava	RLG_Alon_Ava	8676	1-8677	1-8680	8532	98.34	68	76	4	1	1	1	0	0
RLG_Alon_Ava	RLG_Alon_Ava	8677	1-8677	1-8681	8655	99.74	9	13	4	0	2	0	0	0
RLG_Alon_Ava	RLG_Alon_Ava	8664	1-8677	1-8668	8620	99.49	22	22	4	13	1	8	0	0
RLG_Alon_Ava	RLG_Alon_Ava	8676	1-8677	1-8682	8537	98.39	77	62	6	1	3	1	0	0
RLG_Alon_Ava	RLG_Alon_Ava	8670	1-8677	1-8671	8634	99.58	17	19	1	7	1	7	0	0
RLG_Alon_Ava	RLG_Alon_Ava	8675	1-8677	1-8679	8508	98.07	87	80	4	2	2	1	0	0
RLG_Alon_Ava	RLG_Alon_Ava	8674	1-8677	1-8674	8558	98.66	57	59	0	3	0	3	0	0
RLG_Alon_Ava	RLG_Alon_Ava	8605	1-8677	1-8611	8330	96.8	156	119	6	72	2	30	0	0
RLG_Alon_Ava	RLG_Alon_Ava	8617	1-8677	1-8621	8344	96.83	156	117	4	60	2	19	0	0
RLG_Alon_Ava	RLG_Alon_Ava	8675	1-8677	1-8700	8426	97.12	143	106	25	2	15	1	0	0
RLG_Alon_Ava	RLG_Alon_Ava	8673	1-8677	1-8683	8524	98.28	73	76	10	4	9	1	0	0
RLG_Alon_Ava	RLG_Alon_Ava	8671	1-8677	1-8671	8546	98.55	62	63	0	6	0	6	0	0
RLG_Alon_Ava	RLG_Alon_Ava	8670	1-8677	1-8673	8521	98.28	71	78	3	7	2	3	0	0
RLG_Alon_Ava	RLG_Alon_Ava	8653	1-8677	1-8664	8381	96.85	155	117	11	24	8	21	0	0
RLG_Alon_Ava	RLG_Alon_Ava	8672	1-8677	1-8722	8464	97.6	114	94	50	5	21	1	0	0
RLG_Alon_Ava	RLG_Alon_Ava	8633	1-8677	1-8637	8443	97.79	98	92	4	44	1	13	0	0
RLG_Alon_Ava	RLG_Alon_Ava	8667	1-8677	1-8674	8426	97.21	127	114	7	10	4	3	0	0
RLG_Alon_Ava	RLG_Alon_Ava	8642	1-8677	1-8646	8446	97.73	99	97	4	35	1	17	0	0
RLG_Alon_Ava	RLG_Alon_Ava	8668	1-8677	1-8676	8496	98.01	91	81	8	9	4	8	0	0
RLG_Alon_Ava	RLG_Alon_Ava	8675	1-8677	1-8677	8514	98.14	84	77	2	2	1	1	0	0
RLG_Alon_Ava	RLG_Alon_Ava	8631	1-8677	1-8663	8423	97.59	111	97	32	46	28	40	0	0
RLG_Alon_Ava	RLG_Alon_Ava	8658	1-8677	1-8663	8440	97.48	111	107	5	19	2	11	0	0
RLG_Alon_Ava	RLG_Alon_Ava	8669	1-8677	1-8679	8455	97.53	114	100	10	8	7	3	0	0
RLG_Alon_Ava	RLG_Alon_Ava	8668	1-8671	1-8679	8449	97.47	123	96	11	3	7	1	0	0
RLG_Alon_Ava	RLG_Alon_Ava	8650	1-8677	1-8669	8452	97.71	102	96	19	27	14	19	0	0
RLG_Alon_Ava	RLG_Alon_Ava	8669	1-8677	1-8682	8451	97.48	116	102	13	8	9	3	0	0
RLG_Alon_Ava	RLG_Alon_Ava	8664	1-8677	1-8687	8417	97.14	148	99	23	13	18	9	0	0
RLG_Alon_Ava	RLG_Alon_Ava	8653	1-8677	1-8657	8390	96.96	140	123	4	24	2	13	0	0
RLG_Alon_Ava	RLG_Alon_Ava	8658	1-8677	1-8662	8433	97.4	119	106	4	19	2	9	0	0
RLG_Alon_Ava	RLG_Alon_Ava	8672	1-8677	1-8677	8446	97.39	118	108	5	5	4	1	0	0
RLG_Alon_Ava	RLG_Alon_Ava	8637	1-8677	1-8639	8388	97.11	142	107	2	40	1	16	0	0
RLG_Alon_Ava	RLG_Alon_Ava	8672	1-8676	1-8681	8644	99.67	13	15	9	4	9	2	0	0
RLG_Alon_Ava	RLG_Alon_Ava	8675	1-8676	1-8686	8638	99.57	19	18	11	1	8	1	0	0
RLG_Alon_Ava	RLG_Alon_Ava	8651	1-8676	1-8653	8609	99.51	21	21	2	25	2	16	0	0
RLG_Alon_Ava	RLG_Alon_Ava	8672	1-8676	1-8674	8631	99.52	18	23	2	4	2	2	0	0
RLG_Alon_Ava	RLG_Alon_Ava	8675	1-8676	1-8678	8645	99.65	18	12	3	1	3	1	0	0
RLG_Alon_Ava	RLG_Alon_Ava	8668	1-8676	1-8685	8523	98.32	79	66	17	8	16	8	0	0
RLG_Alon_Ava	RLG_Alon_Ava	8668	1-8676	1-8686	8507	98.14	78	83	18	8	16	8	0	0
RLG_Alon_Ava	RLG_Alon_Ava	8668	1-8676	1-8679	8642	99.7	10	16	11	8	11	3	0	0
RLG_Alon_Ava	RLG_Alon_Ava	8676	1-8676	1-8680	8636	99.53	18	22	4	0	2	0	0	0
RLG_Alon_Ava	RLG_Alon_Ava	8673	1-8676	1-8679	8408	96.94	155	110	6	3	4	1	0	0
RLG_Alon_Ava	RLG_Alon_Ava	8668	1-8676	1-8675	8510	98.17	82	76	7	8	5	8	0	0
RLG_Alon_Ava	RLG_Alon_Ava	8668	1-8676	1-8668	8626	99.51	18	24	0	8	0	8	0	0
RLG_Alon_Ava	RLG_Alon_Ava	8668	1-8676	1-8669	8521	98.3	78	69	1	8	1	8	0	0
RLG_Alon_Ava	RLG_Alon_Ava	8667	1-8676	1-8671	8514	98.23	83	70	4	9	3	8	0	0
RLG_Alon_Ava	RLG_Alon_Ava	8668	1-8676	1-8669	8394	96.83	166	108	1	8	1	5	0	0
RLG_Alon_Ava	RLG_Alon_Ava	8668	1-8676	1-8676	8513	98.21	85	70	8	8	6	8	0	0
RLG_Alon_Ava	RLG_Alon_Ava	8667	1-8676	1-8676	8414	97.08	148	105	9	9	2	4	0	0
RLG_Alon_Ava	RLG_Alon_Ava	8668	1-8676	1-8669	8400	96.9	154	114	1	8	1	4	0	0
RLG_Alon_Ava	RLG_Alon_Ava	8671	1-8676	1-8673	8411	97	149	111	2	5	1	2	0	0
RLG_Alon_Ava	RLG_Alon_Ava	8675	1-8676	1-8678	8647	99.67	13	15	3	1	3	1	0	0
RLG_Alon_Ava	RLG_Alon_Ava	8675	1-8676	1-8681	8533	98.36	79	63	6	1	4	1	0	0
RLG_Alon_Ava	RLG_Alon_Ava	8675	1-8676	1-8683	8534	98.37	79	62	8	1	6	1	0	0
RLG_Alon_Ava	RLG_Alon_Ava	8675	1-8676	1-8686	8650	99.71	17	8	11	1	8	1	0	0
RLG_Alon_Ava	RLG_Alon_Ava	8674	1-8676	1-8679	8644	99.65	18	12	5	2	4	1	0	0
RLG_Alon_Ava	RLG_Alon_Ava	8676	1-8676	1-8677	8648	99.67	17	11	1	0	1	0	0	0
RLG_Alon_Ava	RLG_Alon_Ava	8676	1-8676	1-8677	8661	99.82	6	9	1	0	1	0	0	0
RLG_Alon_Ava	RLG_Alon_Ava	8673	1-8676	1-8681	8445	97.37	132	96	8	3	7	1	0	0
RLG_Alon_Ava	RLG_Alon_Ava	8673	1-8676	1-8677	8451	97.44	130	92	4	3	3	1	0	0
RLG_Alon_Ava	RLG_Alon_Ava	8659	1-8676	1-8663	8516	98.34	81	62	4	17	1	16	0	0
RLG_Alon_Ava	RLG_Alon_Ava	8675	1-8676	1-8680	8535	98.38	67	73	5	1	3	1	0	0
RLG_Alon_Ava	RLG_Alon_Ava	8676	1-8676	1-8681	8658	99.79	8	10	5	0	4	0	0	0
RLG_Alon_Ava	RLG_Alon_Ava	8664	1-8676	1-8668	8624	99.53	21	19	4	12	1	8	0	0
RLG_Alon_Ava	RLG_Alon_Ava	8675	1-8676	1-8682	8540	98.44	76	59	7	1	5	1	0	0
RLG_Alon_Ava	RLG_Alon_Ava	8671	1-8676	1-8671	8639	99.63	16	16	0	5	0	5	0	0
RLG_Alon_Ava	RLG_Alon_Ava	8674	1-8676	1-8679	8511	98.12	86	77	5	2	4	1	0	0
RLG_Alon_Ava	RLG_Alon_Ava	8674	1-8676	1-8674	8562	98.7	56	56	0	2	0	1	0	0
RLG_Alon_Ava	RLG_Alon_Ava	8606	1-8676	1-8611	8334	96.83	155	117	5	70	2	30	0	0
RLG_Alon_Ava	RLG_Alon_Ava	8618	1-8676	1-8621	8348	96.86	156	114	3	58	1	19	0	0
RLG_Alon_Ava	RLG_Alon_Ava	8674	1-8676	1-8700	8429	97.17	142	103	26	2	17	1	0	0
RLG_Alon_Ava	RLG_Alon_Ava	8671	1-8676	1-8683	8526	98.32	72	73	12	5	11	1	0	0
RLG_Alon_Ava	RLG_Alon_Ava	8671	1-8676	1-8671	8548	98.58	60	63	0	5	0	4	0	0
RLG_Alon_Ava	RLG_Alon_Ava	8671	1-8676	1-8673	8526	98.32	70	75	2	5	1	1	0	0
RLG_Alon_Ava	RLG_Alon_Ava	8652	1-8676	1-8664	8384	96.9	154	114	12	24	10	21	0	0
RLG_Alon_Ava	RLG_Alon_Ava	8671	1-8676	1-8722	8467	97.64	114	90	51	5	21	1	0	0
RLG_Alon_Ava	RLG_Alon_Ava	8634	1-8676	1-8637	8448	97.84	97	89	3	42	1	13	0	0
RLG_Alon_Ava	RLG_Alon_Ava	8666	1-8676	1-8674	8430	97.27	126	110	8	10	6	3	0	0
RLG_Alon_Ava	RLG_Alon_Ava	8643	1-8676	1-8646	8451	97.77	98	94	3	33	1	17	0	0
RLG_Alon_Ava	RLG_Alon_Ava	8667	1-8676	1-8676	8500	98.07	89	78	9	9	6	8	0	0
RLG_Alon_Ava	RLG_Alon_Ava	8675	1-8676	1-8677	8518	98.19	83	74	2	1	1	1	0	0
RLG_Alon_Ava	RLG_Alon_Ava	8630	1-8676	1-8663	8425	97.62	111	94	33	46	30	40	0	0
RLG_Alon_Ava	RLG_Alon_Ava	8659	1-8676	1-8663	8445	97.52	110	104	4	17	1	9	0	0
RLG_Alon_Ava	RLG_Alon_Ava	8668	1-8676	1-8679	8458	97.57	113	97	11	8	9	3	0	0
RLG_Alon_Ava	RLG_Alon_Ava	8667	1-8670	1-8679	8452	97.51	122	93	12	3	9	1	0	0
RLG_Alon_Ava	RLG_Alon_Ava	8649	1-8676	1-8669	8455	97.75	101	93	20	27	16	19	0	0
RLG_Alon_Ava	RLG_Alon_Ava	8668	1-8676	1-8682	8454	97.53	115	99	14	8	11	3	0	0
RLG_Alon_Ava	RLG_Alon_Ava	8662	1-8676	1-8687	8419	97.19	147	96	25	14	20	9	0	0
RLG_Alon_Ava	RLG_Alon_Ava	8654	1-8676	1-8657	8394	96.99	140	120	3	22	2	11	0	0
RLG_Alon_Ava	RLG_Alon_Ava	8659	1-8676	1-8662	8439	97.45	117	103	3	17	2	9	0	0
RLG_Alon_Ava	RLG_Alon_Ava	8671	1-8676	1-8677	8450	97.45	116	105	6	5	4	1	0	0
RLG_Alon_Ava	RLG_Alon_Ava	8638	1-8676	1-8639	8392	97.15	141	105	1	38	1	16	0	0
RLG_Alon_Ava	RLG_Alon_Ava	8679	1-8681	1-8686	8632	99.45	24	23	7	2	2	1	0	0
RLG_Alon_Ava	RLG_Alon_Ava	8649	1-8681	1-8653	8603	99.46	24	22	4	32	2	16	0	0
RLG_Alon_Ava	RLG_Alon_Ava	8674	1-8681	1-8674	8623	99.41	23	28	0	7	0	7	0	0
RLG_Alon_Ava	RLG_Alon_Ava	8674	1-8681	1-8678	8638	99.58	19	17	4	7	2	6	0	0
RLG_Alon_Ava	RLG_Alon_Ava	8664	1-8681	1-8685	8515	98.28	80	69	21	17	16	9	0	0
RLG_Alon_Ava	RLG_Alon_Ava	8666	1-8681	1-8686	8500	98.08	80	86	20	15	16	8	0	0
RLG_Alon_Ava	RLG_Alon_Ava	8673	1-8681	1-8679	8637	99.58	15	21	6	8	2	3	0	0
RLG_Alon_Ava	RLG_Alon_Ava	8674	1-8681	1-8680	8630	99.49	21	23	6	7	2	7	0	0
RLG_Alon_Ava	RLG_Alon_Ava	8673	1-8681	1-8679	8402	96.87	157	114	6	8	2	5	0	0
RLG_Alon_Ava	RLG_Alon_Ava	8669	1-8681	1-8675	8512	98.18	78	79	6	12	2	8	0	0
RLG_Alon_Ava	RLG_Alon_Ava	8664	1-8681	1-8668	8616	99.44	21	27	4	17	2	9	0	0
RLG_Alon_Ava	RLG_Alon_Ava	8665	1-8681	1-8669	8513	98.24	80	72	4	16	2	8	0	0
RLG_Alon_Ava	RLG_Alon_Ava	8666	1-8681	1-8671	8507	98.16	86	73	5	15	2	8	0	0
RLG_Alon_Ava	RLG_Alon_Ava	8664	1-8681	1-8669	8386	96.79	167	111	5	17	2	14	0	0
RLG_Alon_Ava	RLG_Alon_Ava	8670	1-8681	1-8676	8516	98.22	81	73	6	11	2	8	0	0
RLG_Alon_Ava	RLG_Alon_Ava	8663	1-8681	1-8676	8407	97.04	147	109	13	18	2	13	0	0
RLG_Alon_Ava	RLG_Alon_Ava	8664	1-8681	1-8669	8393	96.87	155	116	5	17	2	10	0	0
RLG_Alon_Ava	RLG_Alon_Ava	8667	1-8681	1-8673	8403	96.95	150	114	6	14	2	11	0	0
RLG_Alon_Ava	RLG_Alon_Ava	8674	1-8681	1-8678	8642	99.63	16	16	4	7	2	6	0	0
RLG_Alon_Ava	RLG_Alon_Ava	8675	1-8681	1-8681	8525	98.27	82	68	6	6	2	5	0	0
RLG_Alon_Ava	RLG_Alon_Ava	8677	1-8681	1-8683	8528	98.28	82	67	6	4	2	3	0	0
RLG_Alon_Ava	RLG_Alon_Ava	8679	1-8681	1-8686	8648	99.64	18	13	7	2	2	1	0	0
RLG_Alon_Ava	RLG_Alon_Ava	8674	1-8681	1-8679	8637	99.57	19	18	5	7	2	5	0	0
RLG_Alon_Ava	RLG_Alon_Ava	8673	1-8681	1-8677	8637	99.58	20	16	4	8	2	8	0	0
RLG_Alon_Ava	RLG_Alon_Ava	8673	1-8681	1-8677	8649	99.72	10	14	4	8	2	8	0	0
RLG_Alon_Ava	RLG_Alon_Ava	8675	1-8681	1-8681	8445	97.34	132	98	6	6	2	3	0	0
RLG_Alon_Ava	RLG_Alon_Ava	8672	1-8681	1-8677	8446	97.39	130	96	5	9	2	6	0	0
RLG_Alon_Ava	RLG_Alon_Ava	8656	1-8681	1-8663	8508	98.29	83	65	7	25	2	16	0	0
RLG_Alon_Ava	RLG_Alon_Ava	8674	1-8681	1-8680	8528	98.31	70	76	6	7	2	6	0	0
RLG_Alon_Ava	RLG_Alon_Ava	8676	1-8681	1-8681	8649	99.68	12	15	5	5	2	5	0	0
RLG_Alon_Ava	RLG_Alon_Ava	8661	1-8681	1-8668	8607	99.37	26	28	7	20	2	8	0	0
RLG_Alon_Ava	RLG_Alon_Ava	8676	1-8681	1-8682	8534	98.36	80	62	6	5	2	4	0	0
RLG_Alon_Ava	RLG_Alon_Ava	8667	1-8681	1-8671	8631	99.58	19	17	4	14	2	14	0	0
RLG_Alon_Ava	RLG_Alon_Ava	8674	1-8681	1-8679	8508	98.08	85	81	5	7	2	5	0	0
RLG_Alon_Ava	RLG_Alon_Ava	8670	1-8681	1-8674	8554	98.66	59	57	4	11	2	10	0	0
RLG_Alon_Ava	RLG_Alon_Ava	8602	1-8681	1-8611	8325	96.77	157	120	9	79	4	30	0	0
RLG_Alon_Ava	RLG_Alon_Ava	8614	1-8681	1-8621	8339	96.8	158	117	7	67	2	19	0	0
RLG_Alon_Ava	RLG_Alon_Ava	8679	1-8681	1-8700	8428	97.1	146	105	21	2	8	1	0	0
RLG_Alon_Ava	RLG_Alon_Ava	8676	1-8681	1-8683	8526	98.27	74	76	7	5	2	1	0	0
RLG_Alon_Ava	RLG_Alon_Ava	8667	1-8681	1-8671	8541	98.54	63	63	4	14	2	7	0	0
RLG_Alon_Ava	RLG_Alon_Ava	8667	1-8681	1-8673	8516	98.25	73	78	6	14	2	10	0	0
RLG_Alon_Ava	RLG_Alon_Ava	8657	1-8681	1-8664	8383	96.83	157	117	7	24	2	21	0	0
RLG_Alon_Ava	RLG_Alon_Ava	8672	1-8681	1-8722	8464	97.6	115	93	50	9	21	4	0	0
RLG_Alon_Ava	RLG_Alon_Ava	8630	1-8681	1-8637	8441	97.8	99	90	7	51	2	19	0	0
RLG_Alon_Ava	RLG_Alon_Ava	8668	1-8681	1-8674	8430	97.25	125	113	6	13	2	3	0	0
RLG_Alon_Ava	RLG_Alon_Ava	8639	1-8681	1-8646	8444	97.74	100	95	7	42	2	19	0	0
RLG_Alon_Ava	RLG_Alon_Ava	8669	1-8681	1-8676	8499	98.03	88	82	7	12	2	8	0	0
RLG_Alon_Ava	RLG_Alon_Ava	8672	1-8681	1-8677	8513	98.16	82	77	5	9	2	8	0	0
RLG_Alon_Ava	RLG_Alon_Ava	8635	1-8681	1-8663	8423	97.54	114	98	28	46	21	40	0	0
RLG_Alon_Ava	RLG_Alon_Ava	8657	1-8681	1-8663	8438	97.47	112	107	6	24	2	18	0	0
RLG_Alon_Ava	RLG_Alon_Ava	8673	1-8681	1-8679	8459	97.53	114	100	6	8	2	3	0	0
RLG_Alon_Ava	RLG_Alon_Ava	8672	1-8675	1-8679	8451	97.45	124	97	7	3	2	1	0	0
RLG_Alon_Ava	RLG_Alon_Ava	8654	1-8681	1-8669	8456	97.71	101	97	15	27	7	19	0	0
RLG_Alon_Ava	RLG_Alon_Ava	8673	1-8681	1-8682	8455	97.48	116	102	9	8	2	3	0	0
RLG_Alon_Ava	RLG_Alon_Ava	8667	1-8681	1-8687	8418	97.12	150	99	20	14	11	9	0	0
RLG_Alon_Ava	RLG_Alon_Ava	8650	1-8681	1-8657	8388	96.97	140	122	7	31	2	20	0	0
RLG_Alon_Ava	RLG_Alon_Ava	8655	1-8681	1-8662	8434	97.44	116	105	7	26	2	12	0	0
RLG_Alon_Ava	RLG_Alon_Ava	8668	1-8681	1-8677	8449	97.47	116	103	9	13	4	7	0	0
RLG_Alon_Ava	RLG_Alon_Ava	8634	1-8681	1-8639	8388	97.15	138	108	5	47	2	18	0	0
RLG_Alon_Ava	RLG_Alon_Ava	8652	1-8686	1-8653	8598	99.37	31	23	1	34	1	16	0	0
RLG_Alon_Ava	RLG_Alon_Ava	8673	1-8686	1-8674	8620	99.38	28	25	1	13	1	6	0	0
RLG_Alon_Ava	RLG_Alon_Ava	8677	1-8686	1-8678	8627	99.42	29	21	1	9	1	5	0	0
RLG_Alon_Ava	RLG_Alon_Ava	8667	1-8686	1-8685	8510	98.18	89	68	18	19	16	8	0	0
RLG_Alon_Ava	RLG_Alon_Ava	8669	1-8686	1-8686	8496	98	88	85	17	17	16	8	0	0
RLG_Alon_Ava	RLG_Alon_Ava	8675	1-8686	1-8679	8630	99.48	21	24	4	11	3	3	0	0
RLG_Alon_Ava	RLG_Alon_Ava	8677	1-8686	1-8680	8618	99.32	28	31	3	9	1	6	0	0
RLG_Alon_Ava	RLG_Alon_Ava	8678	1-8686	1-8679	8404	96.84	161	113	1	8	1	4	0	0
RLG_Alon_Ava	RLG_Alon_Ava	8674	1-8686	1-8675	8503	98.02	92	79	1	12	1	8	0	0
RLG_Alon_Ava	RLG_Alon_Ava	8667	1-8686	1-8668	8613	99.37	28	26	1	19	1	8	0	0
RLG_Alon_Ava	RLG_Alon_Ava	8668	1-8686	1-8669	8508	98.15	89	71	1	18	1	8	0	0
RLG_Alon_Ava	RLG_Alon_Ava	8671	1-8686	1-8671	8519	98.24	85	67	0	15	0	8	0	0
RLG_Alon_Ava	RLG_Alon_Ava	8669	1-8686	1-8669	8387	96.74	172	110	0	17	0	13	0	0
RLG_Alon_Ava	RLG_Alon_Ava	8675	1-8686	1-8676	8507	98.06	96	72	1	11	1	8	0	0
RLG_Alon_Ava	RLG_Alon_Ava	8670	1-8686	1-8676	8408	96.97	154	108	6	16	2	12	0	0
RLG_Alon_Ava	RLG_Alon_Ava	8669	1-8686	1-8669	8393	96.81	160	116	0	17	0	9	0	0
RLG_Alon_Ava	RLG_Alon_Ava	8672	1-8686	1-8673	8405	96.92	155	112	1	14	1	10	0	0
RLG_Alon_Ava	RLG_Alon_Ava	8677	1-8686	1-8678	8630	99.45	24	23	1	9	1	5	0	0
RLG_Alon_Ava	RLG_Alon_Ava	8680	1-8686	1-8681	8531	98.28	85	64	1	6	1	4	0	0
RLG_Alon_Ava	RLG_Alon_Ava	8682	1-8686	1-8683	8534	98.29	85	63	1	4	1	2	0	0
RLG_Alon_Ava	RLG_Alon_Ava	8682	1-8686	1-8686	8638	99.49	28	16	4	4	2	1	0	0
RLG_Alon_Ava	RLG_Alon_Ava	8677	1-8686	1-8679	8627	99.42	30	20	2	9	1	4	0	0
RLG_Alon_Ava	RLG_Alon_Ava	8676	1-8686	1-8677	8629	99.45	28	19	1	10	1	7	0	0
RLG_Alon_Ava	RLG_Alon_Ava	8676	1-8686	1-8677	8643	99.61	16	17	1	10	1	7	0	0
RLG_Alon_Ava	RLG_Alon_Ava	8679	1-8686	1-8681	8443	97.28	139	97	2	7	1	2	0	0
RLG_Alon_Ava	RLG_Alon_Ava	8675	1-8686	1-8677	8445	97.34	137	93	2	11	1	6	0	0
RLG_Alon_Ava	RLG_Alon_Ava	8661	1-8686	1-8663	8514	98.3	85	62	2	25	1	16	0	0
RLG_Alon_Ava	RLG_Alon_Ava	8679	1-8686	1-8680	8531	98.29	74	74	1	7	1	5	0	0
RLG_Alon_Ava	RLG_Alon_Ava	8679	1-8686	1-8681	8643	99.58	18	18	2	7	1	4	0	0
RLG_Alon_Ava	RLG_Alon_Ava	8664	1-8686	1-8668	8607	99.34	31	26	4	22	1	8	0	0
RLG_Alon_Ava	RLG_Alon_Ava	8681	1-8686	1-8682	8539	98.36	82	60	1	5	1	3	0	0
RLG_Alon_Ava	RLG_Alon_Ava	8670	1-8686	1-8671	8619	99.41	27	24	1	16	1	13	0	0
RLG_Alon_Ava	RLG_Alon_Ava	8679	1-8686	1-8679	8526	98.23	88	65	0	7	0	4	0	0
RLG_Alon_Ava	RLG_Alon_Ava	8673	1-8686	1-8674	8547	98.54	66	60	1	13	1	9	0	0
RLG_Alon_Ava	RLG_Alon_Ava	8606	1-8686	1-8611	8326	96.74	161	119	5	80	2	30	0	0
RLG_Alon_Ava	RLG_Alon_Ava	8618	1-8686	1-8621	8340	96.77	162	116	3	68	1	19	0	0
RLG_Alon_Ava	RLG_Alon_Ava	8683	1-8686	1-8700	8431	97.09	148	104	17	3	9	1	0	0
RLG_Alon_Ava	RLG_Alon_Ava	8680	1-8686	1-8683	8539	98.37	76	65	3	6	3	1	0	0
RLG_Alon_Ava	RLG_Alon_Ava	8670	1-8686	1-8671	8535	98.44	71	64	1	16	1	6	0	0
RLG_Alon_Ava	RLG_Alon_Ava	8672	1-8686	1-8673	8530	98.36	75	67	1	14	1	9	0	0
RLG_Alon_Ava	RLG_Alon_Ava	8661	1-8686	1-8664	8388	96.84	158	115	3	25	1	21	0	0
RLG_Alon_Ava	RLG_Alon_Ava	8675	1-8686	1-8722	8467	97.6	120	88	47	11	21	3	0	0
RLG_Alon_Ava	RLG_Alon_Ava	8635	1-8686	1-8637	8443	97.77	103	89	2	51	1	18	0	0
RLG_Alon_Ava	RLG_Alon_Ava	8673	1-8686	1-8674	8434	97.24	133	106	1	13	1	3	0	0
RLG_Alon_Ava	RLG_Alon_Ava	8644	1-8686	1-8646	8446	97.7	104	94	2	42	1	18	0	0
RLG_Alon_Ava	RLG_Alon_Ava	8674	1-8686	1-8676	8514	98.15	89	71	2	12	1	8	0	0
RLG_Alon_Ava	RLG_Alon_Ava	8677	1-8686	1-8677	8533	98.34	82	62	0	9	0	7	0	0
RLG_Alon_Ava	RLG_Alon_Ava	8639	1-8686	1-8663	8429	97.56	117	93	24	47	22	40	0	0
RLG_Alon_Ava	RLG_Alon_Ava	8660	1-8686	1-8663	8440	97.45	118	102	3	26	1	17	0	0
RLG_Alon_Ava	RLG_Alon_Ava	8677	1-8686	1-8679	8464	97.54	118	95	2	9	1	3	0	0
RLG_Alon_Ava	RLG_Alon_Ava	8676	1-8680	1-8679	8460	97.51	126	90	3	4	1	1	0	0
RLG_Alon_Ava	RLG_Alon_Ava	8658	1-8686	1-8669	8460	97.71	106	92	11	28	8	19	0	0
RLG_Alon_Ava	RLG_Alon_Ava	8677	1-8686	1-8682	8460	97.49	120	97	5	9	3	3	0	0
RLG_Alon_Ava	RLG_Alon_Ava	8671	1-8686	1-8687	8423	97.13	150	98	16	15	12	9	0	0
RLG_Alon_Ava	RLG_Alon_Ava	8655	1-8686	1-8657	8396	97	144	115	2	31	2	19	0	0
RLG_Alon_Ava	RLG_Alon_Ava	8660	1-8686	1-8662	8441	97.47	119	100	2	26	2	11	0	0
RLG_Alon_Ava	RLG_Alon_Ava	8673	1-8686	1-8677	8457	97.5	119	97	4	13	4	6	0	0
RLG_Alon_Ava	RLG_Alon_Ava	8639	1-8686	1-8639	8389	97.1	147	103	0	47	0	17	0	0
RLG_Alon_Ava	RLG_Alon_Ava	8649	1-8653	1-8674	8614	99.59	19	16	25	4	16	2	0	0
RLG_Alon_Ava	RLG_Alon_Ava	8653	1-8653	1-8678	8607	99.46	23	23	25	0	16	0	0	0
RLG_Alon_Ava	RLG_Alon_Ava	8651	1-8653	1-8685	8514	98.41	80	57	34	2	16	2	0	0
RLG_Alon_Ava	RLG_Alon_Ava	8653	1-8653	1-8686	8502	98.25	79	72	33	0	16	0	0	0
RLG_Alon_Ava	RLG_Alon_Ava	8645	1-8653	1-8679	8595	99.42	23	27	34	8	16	3	0	0
RLG_Alon_Ava	RLG_Alon_Ava	8653	1-8653	1-8680	8589	99.26	31	33	27	0	16	0	0	0
RLG_Alon_Ava	RLG_Alon_Ava	8650	1-8653	1-8679	8384	96.92	162	104	29	3	16	1	0	0
RLG_Alon_Ava	RLG_Alon_Ava	8653	1-8653	1-8675	8511	98.35	75	67	22	0	16	0	0	0
RLG_Alon_Ava	RLG_Alon_Ava	8651	1-8653	1-8668	8617	99.6	19	15	17	2	16	2	0	0
RLG_Alon_Ava	RLG_Alon_Ava	8652	1-8653	1-8669	8512	98.38	80	60	17	1	16	1	0	0
RLG_Alon_Ava	RLG_Alon_Ava	8652	1-8653	1-8671	8507	98.32	84	61	19	1	16	1	0	0
RLG_Alon_Ava	RLG_Alon_Ava	8643	1-8653	1-8669	8365	96.78	173	105	26	10	16	7	0	0
RLG_Alon_Ava	RLG_Alon_Ava	8653	1-8653	1-8676	8514	98.39	78	61	23	0	16	0	0	0
RLG_Alon_Ava	RLG_Alon_Ava	8642	1-8653	1-8676	8391	97.09	153	98	34	11	16	6	0	0
RLG_Alon_Ava	RLG_Alon_Ava	8643	1-8653	1-8669	8376	96.91	158	109	26	10	16	4	0	0
RLG_Alon_Ava	RLG_Alon_Ava	8646	1-8653	1-8673	8385	96.98	155	106	27	7	16	4	0	0
RLG_Alon_Ava	RLG_Alon_Ava	8652	1-8653	1-8678	8609	99.5	24	19	26	1	16	1	0	0
RLG_Alon_Ava	RLG_Alon_Ava	8652	1-8653	1-8681	8495	98.18	91	66	29	1	16	1	0	0
RLG_Alon_Ava	RLG_Alon_Ava	8652	1-8653	1-8683	8496	98.19	91	65	31	1	16	1	0	0
RLG_Alon_Ava	RLG_Alon_Ava	8652	1-8653	1-8686	8611	99.52	22	19	34	1	16	1	0	0
RLG_Alon_Ava	RLG_Alon_Ava	8651	1-8653	1-8679	8605	99.46	23	23	28	2	16	1	0	0
RLG_Alon_Ava	RLG_Alon_Ava	8652	1-8653	1-8677	8600	99.39	30	22	25	1	16	1	0	0
RLG_Alon_Ava	RLG_Alon_Ava	8652	1-8653	1-8677	8614	99.56	19	19	25	1	16	1	0	0
RLG_Alon_Ava	RLG_Alon_Ava	8650	1-8653	1-8681	8415	97.28	139	96	31	3	16	1	0	0
RLG_Alon_Ava	RLG_Alon_Ava	8650	1-8653	1-8677	8420	97.34	138	92	27	3	16	1	0	0
RLG_Alon_Ava	RLG_Alon_Ava	8651	1-8653	1-8663	8491	98.15	94	66	12	2	8	1	0	0
RLG_Alon_Ava	RLG_Alon_Ava	8652	1-8653	1-8680	8498	98.22	78	76	28	1	16	1	0	0
RLG_Alon_Ava	RLG_Alon_Ava	8653	1-8653	1-8681	8613	99.53	21	19	28	0	16	0	0	0
RLG_Alon_Ava	RLG_Alon_Ava	8648	1-8653	1-8668	8611	99.57	22	15	20	5	16	2	0	0
RLG_Alon_Ava	RLG_Alon_Ava	8652	1-8653	1-8682	8500	98.24	90	62	30	1	16	1	0	0
RLG_Alon_Ava	RLG_Alon_Ava	8646	1-8653	1-8671	8599	99.45	26	21	25	7	16	7	0	0
RLG_Alon_Ava	RLG_Alon_Ava	8651	1-8653	1-8679	8478	98	91	82	28	2	16	1	0	0
RLG_Alon_Ava	RLG_Alon_Ava	8650	1-8653	1-8674	8520	98.49	69	61	24	3	16	3	0	0
RLG_Alon_Ava	RLG_Alon_Ava	8581	1-8653	1-8611	8311	96.85	160	110	30	72	16	30	0	0
RLG_Alon_Ava	RLG_Alon_Ava	8593	1-8653	1-8621	8326	96.89	161	106	28	60	16	19	0	0
RLG_Alon_Ava	RLG_Alon_Ava	8651	1-8653	1-8700	8402	97.12	149	100	49	2	16	1	0	0
RLG_Alon_Ava	RLG_Alon_Ava	8649	1-8653	1-8683	8492	98.18	81	76	34	4	16	1	0	0
RLG_Alon_Ava	RLG_Alon_Ava	8647	1-8653	1-8671	8509	98.4	73	65	24	6	16	6	0	0
RLG_Alon_Ava	RLG_Alon_Ava	8646	1-8653	1-8673	8489	98.18	79	78	27	7	16	3	0	0
RLG_Alon_Ava	RLG_Alon_Ava	8634	1-8653	1-8664	8367	96.9	158	109	30	19	16	16	0	0
RLG_Alon_Ava	RLG_Alon_Ava	8648	1-8653	1-8722	8444	97.64	116	88	74	5	21	1	0	0
RLG_Alon_Ava	RLG_Alon_Ava	8622	1-8653	1-8637	8428	97.74	103	91	15	31	8	13	0	0
RLG_Alon_Ava	RLG_Alon_Ava	8644	1-8653	1-8674	8400	97.17	134	110	30	9	15	3	0	0
RLG_Alon_Ava	RLG_Alon_Ava	8618	1-8653	1-8646	8423	97.73	103	92	28	35	16	17	0	0
RLG_Alon_Ava	RLG_Alon_Ava	8652	1-8653	1-8676	8500	98.24	83	69	24	1	16	1	0	0
RLG_Alon_Ava	RLG_Alon_Ava	8651	1-8653	1-8677	8484	98.06	88	79	26	2	16	1	0	0
RLG_Alon_Ava	RLG_Alon_Ava	8607	1-8653	1-8663	8400	97.59	116	91	56	46	28	40	0	0
RLG_Alon_Ava	RLG_Alon_Ava	8634	1-8653	1-8663	8412	97.42	120	102	29	19	16	11	0	0
RLG_Alon_Ava	RLG_Alon_Ava	8645	1-8653	1-8679	8432	97.53	118	95	34	8	16	3	0	0
RLG_Alon_Ava	RLG_Alon_Ava	8644	1-8647	1-8679	8431	97.53	123	90	35	3	16	1	0	0
RLG_Alon_Ava	RLG_Alon_Ava	8626	1-8653	1-8669	8429	97.71	106	91	43	27	16	19	0	0
RLG_Alon_Ava	RLG_Alon_Ava	8645	1-8653	1-8682	8428	97.48	120	97	37	8	16	3	0	0
RLG_Alon_Ava	RLG_Alon_Ava	8640	1-8653	1-8687	8394	97.15	152	94	47	13	18	9	0	0
RLG_Alon_Ava	RLG_Alon_Ava	8629	1-8653	1-8657	8364	96.92	148	117	28	24	16	13	0	0
RLG_Alon_Ava	RLG_Alon_Ava	8634	1-8653	1-8662	8408	97.38	125	101	28	19	16	9	0	0
RLG_Alon_Ava	RLG_Alon_Ava	8648	1-8653	1-8677	8421	97.37	124	103	29	5	16	1	0	0
RLG_Alon_Ava	RLG_Alon_Ava	8629	1-8653	1-8639	8382	97.13	144	103	10	24	8	11	0	0
RLG_Alon_Ava	RLG_Alon_Ava	8673	1-8674	1-8678	8620	99.38	28	25	5	1	2	1	0	0
RLG_Alon_Ava	RLG_Alon_Ava	8664	1-8674	1-8685	8526	98.4	77	61	21	10	16	8	0	0
RLG_Alon_Ava	RLG_Alon_Ava	8666	1-8674	1-8686	8512	98.22	76	78	20	8	16	8	0	0
RLG_Alon_Ava	RLG_Alon_Ava	8666	1-8674	1-8679	8617	99.43	20	29	13	8	9	3	0	0
RLG_Alon_Ava	RLG_Alon_Ava	8674	1-8674	1-8680	8613	99.29	28	33	6	0	2	0	0	0
RLG_Alon_Ava	RLG_Alon_Ava	8671	1-8674	1-8679	8405	96.93	159	107	8	3	2	1	0	0
RLG_Alon_Ava	RLG_Alon_Ava	8666	1-8674	1-8675	8515	98.25	80	71	9	8	3	8	0	0
RLG_Alon_Ava	RLG_Alon_Ava	8664	1-8674	1-8668	8633	99.64	12	19	4	10	2	8	0	0
RLG_Alon_Ava	RLG_Alon_Ava	8665	1-8674	1-8669	8524	98.37	77	64	4	9	2	8	0	0
RLG_Alon_Ava	RLG_Alon_Ava	8665	1-8674	1-8671	8519	98.31	81	65	6	9	2	8	0	0
RLG_Alon_Ava	RLG_Alon_Ava	8664	1-8674	1-8669	8387	96.8	170	107	5	10	2	7	0	0
RLG_Alon_Ava	RLG_Alon_Ava	8666	1-8674	1-8676	8518	98.29	83	65	10	8	4	8	0	0
RLG_Alon_Ava	RLG_Alon_Ava	8663	1-8674	1-8676	8413	97.11	150	100	13	11	2	6	0	0
RLG_Alon_Ava	RLG_Alon_Ava	8664	1-8674	1-8669	8395	96.89	158	111	5	10	2	4	0	0
RLG_Alon_Ava	RLG_Alon_Ava	8667	1-8674	1-8673	8406	96.98	153	108	6	7	2	4	0	0
RLG_Alon_Ava	RLG_Alon_Ava	8673	1-8674	1-8678	8621	99.4	24	28	5	1	2	1	0	0
RLG_Alon_Ava	RLG_Alon_Ava	8673	1-8674	1-8681	8516	98.18	89	68	8	1	2	1	0	0
RLG_Alon_Ava	RLG_Alon_Ava	8673	1-8674	1-8683	8517	98.2	89	67	10	1	4	1	0	0
RLG_Alon_Ava	RLG_Alon_Ava	8673	1-8674	1-8686	8625	99.44	27	21	13	1	6	1	0	0
RLG_Alon_Ava	RLG_Alon_Ava	8672	1-8674	1-8679	8619	99.38	28	25	7	2	2	1	0	0
RLG_Alon_Ava	RLG_Alon_Ava	8673	1-8674	1-8677	8622	99.41	27	24	4	1	2	1	0	0
RLG_Alon_Ava	RLG_Alon_Ava	8673	1-8674	1-8677	8634	99.55	16	23	4	1	2	1	0	0
RLG_Alon_Ava	RLG_Alon_Ava	8671	1-8674	1-8681	8435	97.27	139	97	10	3	5	1	0	0
RLG_Alon_Ava	RLG_Alon_Ava	8671	1-8674	1-8677	8440	97.33	138	93	6	3	2	1	0	0
RLG_Alon_Ava	RLG_Alon_Ava	8656	1-8674	1-8663	8497	98.16	91	68	7	18	2	16	0	0
RLG_Alon_Ava	RLG_Alon_Ava	8673	1-8674	1-8680	8520	98.23	75	78	7	1	2	1	0	0
RLG_Alon_Ava	RLG_Alon_Ava	8674	1-8674	1-8681	8633	99.52	18	23	7	0	2	0	0	0
RLG_Alon_Ava	RLG_Alon_Ava	8661	1-8674	1-8668	8626	99.59	16	19	7	13	2	8	0	0
RLG_Alon_Ava	RLG_Alon_Ava	8673	1-8674	1-8682	8522	98.25	87	64	9	1	3	1	0	0
RLG_Alon_Ava	RLG_Alon_Ava	8667	1-8674	1-8671	8612	99.36	26	29	4	7	2	7	0	0
RLG_Alon_Ava	RLG_Alon_Ava	8672	1-8674	1-8679	8492	97.92	96	84	7	2	2	1	0	0
RLG_Alon_Ava	RLG_Alon_Ava	8670	1-8674	1-8674	8541	98.51	66	63	4	4	2	3	0	0
RLG_Alon_Ava	RLG_Alon_Ava	8602	1-8674	1-8611	8333	96.87	157	112	9	72	4	30	0	0
RLG_Alon_Ava	RLG_Alon_Ava	8614	1-8674	1-8621	8347	96.9	158	109	7	60	2	19	0	0
RLG_Alon_Ava	RLG_Alon_Ava	8672	1-8674	1-8700	8424	97.14	146	102	28	2	15	1	0	0
RLG_Alon_Ava	RLG_Alon_Ava	8669	1-8674	1-8683	8511	98.17	82	76	14	5	9	1	0	0
RLG_Alon_Ava	RLG_Alon_Ava	8667	1-8674	1-8671	8529	98.4	71	67	4	7	2	6	0	0
RLG_Alon_Ava	RLG_Alon_Ava	8667	1-8674	1-8673	8509	98.17	80	78	6	7	2	3	0	0
RLG_Alon_Ava	RLG_Alon_Ava	8650	1-8674	1-8664	8385	96.93	155	110	14	24	8	21	0	0
RLG_Alon_Ava	RLG_Alon_Ava	8669	1-8674	1-8722	8462	97.61	117	90	53	5	21	1	0	0
RLG_Alon_Ava	RLG_Alon_Ava	8630	1-8674	1-8637	8443	97.83	99	88	7	44	2	13	0	0
RLG_Alon_Ava	RLG_Alon_Ava	8664	1-8674	1-8674	8420	97.18	132	112	10	10	4	3	0	0
RLG_Alon_Ava	RLG_Alon_Ava	8639	1-8674	1-8646	8446	97.76	100	93	7	35	2	17	0	0
RLG_Alon_Ava	RLG_Alon_Ava	8665	1-8674	1-8676	8504	98.14	88	73	11	9	4	8	0	0
RLG_Alon_Ava	RLG_Alon_Ava	8672	1-8674	1-8677	8498	97.99	93	81	5	2	2	1	0	0
RLG_Alon_Ava	RLG_Alon_Ava	8628	1-8674	1-8663	8421	97.6	112	95	35	46	28	40	0	0
RLG_Alon_Ava	RLG_Alon_Ava	8657	1-8674	1-8663	8435	97.43	117	105	6	17	2	11	0	0
RLG_Alon_Ava	RLG_Alon_Ava	8666	1-8674	1-8679	8453	97.54	115	98	13	8	7	3	0	0
RLG_Alon_Ava	RLG_Alon_Ava	8665	1-8668	1-8679	8447	97.48	126	92	14	3	7	1	0	0
RLG_Alon_Ava	RLG_Alon_Ava	8647	1-8674	1-8669	8450	97.72	103	94	22	27	14	19	0	0
RLG_Alon_Ava	RLG_Alon_Ava	8666	1-8674	1-8682	8449	97.49	117	100	16	8	9	3	0	0
RLG_Alon_Ava	RLG_Alon_Ava	8660	1-8674	1-8687	8412	97.13	151	97	27	14	18	9	0	0
RLG_Alon_Ava	RLG_Alon_Ava	8650	1-8674	1-8657	8386	96.94	145	119	7	24	2	13	0	0
RLG_Alon_Ava	RLG_Alon_Ava	8655	1-8674	1-8662	8431	97.41	122	102	7	19	2	9	0	0
RLG_Alon_Ava	RLG_Alon_Ava	8668	1-8674	1-8677	8443	97.4	121	104	9	6	4	1	0	0
RLG_Alon_Ava	RLG_Alon_Ava	8634	1-8674	1-8639	8385	97.11	144	105	5	40	2	16	0	0
RLG_Alon_Ava	RLG_Alon_Ava	8667	1-8678	1-8685	8510	98.18	89	68	18	11	16	8	0	0
RLG_Alon_Ava	RLG_Alon_Ava	8669	1-8678	1-8686	8498	98.02	86	85	17	9	16	8	0	0
RLG_Alon_Ava	RLG_Alon_Ava	8670	1-8678	1-8679	8632	99.56	20	18	9	8	8	3	0	0
RLG_Alon_Ava	RLG_Alon_Ava	8677	1-8678	1-8680	8629	99.44	28	20	3	1	2	1	0	0
RLG_Alon_Ava	RLG_Alon_Ava	8675	1-8678	1-8679	8402	96.85	165	108	4	3	2	1	0	0
RLG_Alon_Ava	RLG_Alon_Ava	8670	1-8678	1-8675	8520	98.26	76	74	5	8	2	8	0	0
RLG_Alon_Ava	RLG_Alon_Ava	8667	1-8678	1-8668	8613	99.37	28	26	1	11	1	8	0	0
RLG_Alon_Ava	RLG_Alon_Ava	8668	1-8678	1-8669	8510	98.17	87	71	1	10	1	8	0	0
RLG_Alon_Ava	RLG_Alon_Ava	8669	1-8678	1-8671	8504	98.09	93	72	2	9	1	8	0	0
RLG_Alon_Ava	RLG_Alon_Ava	8667	1-8678	1-8669	8385	96.74	176	106	2	11	1	8	0	0
RLG_Alon_Ava	RLG_Alon_Ava	8670	1-8678	1-8676	8523	98.3	79	68	6	8	3	8	0	0
RLG_Alon_Ava	RLG_Alon_Ava	8666	1-8678	1-8676	8405	96.98	158	103	10	12	2	7	0	0
RLG_Alon_Ava	RLG_Alon_Ava	8667	1-8678	1-8669	8391	96.81	164	112	2	11	1	4	0	0
RLG_Alon_Ava	RLG_Alon_Ava	8670	1-8678	1-8673	8402	96.9	159	109	3	8	2	5	0	0
RLG_Alon_Ava	RLG_Alon_Ava	8677	1-8678	1-8678	8639	99.56	20	18	1	1	1	1	0	0
RLG_Alon_Ava	RLG_Alon_Ava	8677	1-8678	1-8681	8524	98.23	88	65	4	1	1	1	0	0
RLG_Alon_Ava	RLG_Alon_Ava	8677	1-8678	1-8683	8525	98.24	88	64	6	1	3	1	0	0
RLG_Alon_Ava	RLG_Alon_Ava	8677	1-8678	1-8686	8659	99.79	11	7	9	1	5	1	0	0
RLG_Alon_Ava	RLG_Alon_Ava	8676	1-8678	1-8679	8654	99.74	12	10	3	2	1	1	0	0
RLG_Alon_Ava	RLG_Alon_Ava	8676	1-8678	1-8677	8636	99.53	27	13	1	2	1	2	0	0
RLG_Alon_Ava	RLG_Alon_Ava	8676	1-8678	1-8677	8650	99.7	14	12	1	2	1	2	0	0
RLG_Alon_Ava	RLG_Alon_Ava	8675	1-8678	1-8681	8438	97.26	143	94	6	3	4	1	0	0
RLG_Alon_Ava	RLG_Alon_Ava	8675	1-8678	1-8677	8444	97.33	140	91	2	3	1	1	0	0
RLG_Alon_Ava	RLG_Alon_Ava	8659	1-8678	1-8663	8503	98.19	91	65	4	19	2	16	0	0
RLG_Alon_Ava	RLG_Alon_Ava	8677	1-8678	1-8680	8525	98.24	77	75	3	1	1	1	0	0
RLG_Alon_Ava	RLG_Alon_Ava	8678	1-8678	1-8681	8650	99.67	16	12	3	0	2	0	0	0
RLG_Alon_Ava	RLG_Alon_Ava	8664	1-8678	1-8668	8608	99.35	31	25	4	14	1	8	0	0
RLG_Alon_Ava	RLG_Alon_Ava	8677	1-8678	1-8682	8530	98.3	86	61	5	1	2	1	0	0
RLG_Alon_Ava	RLG_Alon_Ava	8670	1-8678	1-8671	8630	99.53	22	18	1	8	1	8	0	0
RLG_Alon_Ava	RLG_Alon_Ava	8676	1-8678	1-8679	8517	98.16	84	75	3	2	1	1	0	0
RLG_Alon_Ava	RLG_Alon_Ava	8674	1-8678	1-8674	8550	98.57	66	58	0	4	0	4	0	0
RLG_Alon_Ava	RLG_Alon_Ava	8605	1-8678	1-8611	8325	96.74	165	115	6	73	2	30	0	0
RLG_Alon_Ava	RLG_Alon_Ava	8617	1-8678	1-8621	8339	96.77	166	112	4	61	2	19	0	0
RLG_Alon_Ava	RLG_Alon_Ava	8676	1-8678	1-8700	8423	97.08	152	101	24	2	14	1	0	0
RLG_Alon_Ava	RLG_Alon_Ava	8674	1-8678	1-8683	8523	98.25	79	72	9	4	8	1	0	0
RLG_Alon_Ava	RLG_Alon_Ava	8671	1-8678	1-8671	8535	98.43	73	63	0	7	0	7	0	0
RLG_Alon_Ava	RLG_Alon_Ava	8670	1-8678	1-8673	8519	98.25	78	73	3	8	2	4	0	0
RLG_Alon_Ava	RLG_Alon_Ava	8654	1-8678	1-8664	8378	96.81	164	112	10	24	7	21	0	0
RLG_Alon_Ava	RLG_Alon_Ava	8673	1-8678	1-8722	8464	97.59	120	89	49	5	21	1	0	0
RLG_Alon_Ava	RLG_Alon_Ava	8633	1-8678	1-8637	8439	97.75	107	87	4	45	1	13	0	0
RLG_Alon_Ava	RLG_Alon_Ava	8668	1-8678	1-8674	8423	97.17	136	109	6	10	3	3	0	0
RLG_Alon_Ava	RLG_Alon_Ava	8642	1-8678	1-8646	8442	97.68	108	92	4	36	1	17	0	0
RLG_Alon_Ava	RLG_Alon_Ava	8669	1-8678	1-8676	8505	98.1	87	77	7	9	3	8	0	0
RLG_Alon_Ava	RLG_Alon_Ava	8675	1-8678	1-8677	8522	98.23	81	72	2	3	1	2	0	0
RLG_Alon_Ava	RLG_Alon_Ava	8632	1-8678	1-8663	8419	97.53	121	92	31	46	27	40	0	0
RLG_Alon_Ava	RLG_Alon_Ava	8658	1-8678	1-8663	8436	97.43	120	102	5	20	2	12	0	0
RLG_Alon_Ava	RLG_Alon_Ava	8670	1-8678	1-8679	8454	97.5	121	95	9	8	6	3	0	0
RLG_Alon_Ava	RLG_Alon_Ava	8669	1-8672	1-8679	8450	97.47	128	91	10	3	6	1	0	0
RLG_Alon_Ava	RLG_Alon_Ava	8651	1-8678	1-8669	8449	97.66	111	91	18	27	13	19	0	0
RLG_Alon_Ava	RLG_Alon_Ava	8670	1-8678	1-8682	8450	97.46	123	97	12	8	8	3	0	0
RLG_Alon_Ava	RLG_Alon_Ava	8665	1-8678	1-8687	8414	97.1	157	94	22	13	17	9	0	0
RLG_Alon_Ava	RLG_Alon_Ava	8653	1-8678	1-8657	8384	96.89	151	118	4	25	2	14	0	0
RLG_Alon_Ava	RLG_Alon_Ava	8658	1-8678	1-8662	8429	97.35	128	101	4	20	2	9	0	0
RLG_Alon_Ava	RLG_Alon_Ava	8672	1-8678	1-8677	8440	97.32	131	101	5	6	4	2	0	0
RLG_Alon_Ava	RLG_Alon_Ava	8637	1-8678	1-8639	8387	97.1	147	103	2	41	1	16	0	0
RLG_Alon_Ava	RLG_Alon_Ava	8684	1-8685	1-8686	8645	99.55	16	23	2	1	2	1	0	0
RLG_Alon_Ava	RLG_Alon_Ava	8660	1-8685	1-8679	8514	98.31	75	71	19	25	11	16	0	0
RLG_Alon_Ava	RLG_Alon_Ava	8668	1-8685	1-8680	8507	98.14	85	76	12	17	8	16	0	0
RLG_Alon_Ava	RLG_Alon_Ava	8665	1-8685	1-8679	8423	97.2	146	96	14	20	8	16	0	0
RLG_Alon_Ava	RLG_Alon_Ava	8668	1-8685	1-8675	8633	99.59	19	16	7	17	5	16	0	0
RLG_Alon_Ava	RLG_Alon_Ava	8668	1-8685	1-8668	8537	98.48	73	58	0	17	0	16	0	0
RLG_Alon_Ava	RLG_Alon_Ava	8668	1-8685	1-8669	8644	99.72	15	9	1	17	1	16	0	0
RLG_Alon_Ava	RLG_Alon_Ava	8667	1-8685	1-8671	8561	98.77	62	44	4	18	3	16	0	0
RLG_Alon_Ava	RLG_Alon_Ava	8660	1-8685	1-8669	8426	97.29	148	86	9	25	8	16	0	0
RLG_Alon_Ava	RLG_Alon_Ava	8668	1-8685	1-8676	8636	99.63	22	10	8	17	6	16	0	0
RLG_Alon_Ava	RLG_Alon_Ava	8659	1-8685	1-8676	8424	97.28	142	93	17	26	8	16	0	0
RLG_Alon_Ava	RLG_Alon_Ava	8660	1-8685	1-8669	8415	97.17	145	100	9	25	8	16	0	0
RLG_Alon_Ava	RLG_Alon_Ava	8663	1-8685	1-8673	8426	97.26	140	97	10	22	8	16	0	0
RLG_Alon_Ava	RLG_Alon_Ava	8667	1-8685	1-8678	8513	98.22	83	71	11	18	8	16	0	0
RLG_Alon_Ava	RLG_Alon_Ava	8667	1-8685	1-8681	8556	98.71	68	43	14	18	8	16	0	0
RLG_Alon_Ava	RLG_Alon_Ava	8667	1-8685	1-8683	8557	98.73	68	42	16	18	8	16	0	0
RLG_Alon_Ava	RLG_Alon_Ava	8667	1-8685	1-8686	8515	98.24	88	64	19	18	8	16	0	0
RLG_Alon_Ava	RLG_Alon_Ava	8666	1-8685	1-8679	8509	98.18	89	68	13	19	8	16	0	0
RLG_Alon_Ava	RLG_Alon_Ava	8668	1-8685	1-8677	8517	98.25	86	65	9	17	8	16	0	0
RLG_Alon_Ava	RLG_Alon_Ava	8668	1-8685	1-8677	8526	98.36	77	65	9	17	8	16	0	0
RLG_Alon_Ava	RLG_Alon_Ava	8665	1-8685	1-8681	8467	97.71	122	76	16	20	8	16	0	0
RLG_Alon_Ava	RLG_Alon_Ava	8665	1-8685	1-8677	8471	97.76	122	72	12	20	8	16	0	0
RLG_Alon_Ava	RLG_Alon_Ava	8651	1-8685	1-8663	8538	98.69	69	44	12	34	8	16	0	0
RLG_Alon_Ava	RLG_Alon_Ava	8667	1-8685	1-8680	8574	98.92	54	39	13	18	8	16	0	0
RLG_Alon_Ava	RLG_Alon_Ava	8668	1-8685	1-8681	8523	98.32	79	66	13	17	8	16	0	0
RLG_Alon_Ava	RLG_Alon_Ava	8664	1-8685	1-8668	8525	98.39	79	60	4	21	1	16	0	0
RLG_Alon_Ava	RLG_Alon_Ava	8667	1-8685	1-8682	8561	98.77	65	41	15	18	8	16	0	0
RLG_Alon_Ava	RLG_Alon_Ava	8663	1-8685	1-8671	8505	98.17	86	72	8	22	8	16	0	0
RLG_Alon_Ava	RLG_Alon_Ava	8666	1-8685	1-8679	8590	99.12	39	37	13	19	8	16	0	0
RLG_Alon_Ava	RLG_Alon_Ava	8666	1-8685	1-8674	8541	98.55	61	64	8	19	8	16	0	0
RLG_Alon_Ava	RLG_Alon_Ava	8598	1-8685	1-8611	8349	97.1	152	97	13	87	8	30	0	0
RLG_Alon_Ava	RLG_Alon_Ava	8610	1-8685	1-8621	8372	97.23	152	86	11	75	8	19	0	0
RLG_Alon_Ava	RLG_Alon_Ava	8666	1-8685	1-8700	8428	97.25	139	99	34	19	17	16	0	0
RLG_Alon_Ava	RLG_Alon_Ava	8663	1-8685	1-8683	8505	98.17	79	79	20	22	11	16	0	0
RLG_Alon_Ava	RLG_Alon_Ava	8661	1-8685	1-8671	8527	98.45	66	68	10	24	8	16	0	0
RLG_Alon_Ava	RLG_Alon_Ava	8663	1-8685	1-8673	8506	98.18	76	81	10	22	8	16	0	0
RLG_Alon_Ava	RLG_Alon_Ava	8649	1-8685	1-8664	8410	97.23	135	104	15	36	10	16	0	0
RLG_Alon_Ava	RLG_Alon_Ava	8663	1-8685	1-8722	8412	97.1	136	115	59	22	21	16	0	0
RLG_Alon_Ava	RLG_Alon_Ava	8626	1-8685	1-8637	8409	97.48	111	106	11	59	8	16	0	0
RLG_Alon_Ava	RLG_Alon_Ava	8658	1-8685	1-8674	8420	97.25	128	110	16	27	8	16	0	0
RLG_Alon_Ava	RLG_Alon_Ava	8635	1-8685	1-8646	8407	97.35	117	111	11	50	8	17	0	0
RLG_Alon_Ava	RLG_Alon_Ava	8667	1-8685	1-8676	8613	99.37	30	24	9	18	6	16	0	0
RLG_Alon_Ava	RLG_Alon_Ava	8667	1-8685	1-8677	8597	99.19	36	34	10	18	8	16	0	0
RLG_Alon_Ava	RLG_Alon_Ava	8622	1-8685	1-8663	8422	97.68	114	86	41	63	30	56	0	0
RLG_Alon_Ava	RLG_Alon_Ava	8651	1-8685	1-8663	8426	97.39	117	108	12	34	8	16	0	0
RLG_Alon_Ava	RLG_Alon_Ava	8660	1-8685	1-8679	8441	97.47	124	95	19	25	9	16	0	0
RLG_Alon_Ava	RLG_Alon_Ava	8659	1-8679	1-8679	8474	97.86	114	71	20	20	9	16	0	0
RLG_Alon_Ava	RLG_Alon_Ava	8641	1-8685	1-8669	8440	97.67	113	88	28	44	16	19	0	0
RLG_Alon_Ava	RLG_Alon_Ava	8660	1-8685	1-8682	8437	97.42	126	97	22	25	11	16	0	0
RLG_Alon_Ava	RLG_Alon_Ava	8654	1-8685	1-8687	8412	97.2	141	101	33	31	20	16	0	0
RLG_Alon_Ava	RLG_Alon_Ava	8646	1-8685	1-8657	8397	97.12	137	112	11	39	8	16	0	0
RLG_Alon_Ava	RLG_Alon_Ava	8651	1-8685	1-8662	8438	97.53	122	91	11	34	8	16	0	0
RLG_Alon_Ava	RLG_Alon_Ava	8663	1-8685	1-8677	8450	97.54	121	92	14	22	8	16	0	0
RLG_Alon_Ava	RLG_Alon_Ava	8630	1-8685	1-8639	8394	97.26	129	107	9	55	8	16	0	0
RLG_Alon_Ava	RLG_Alon_Ava	8662	1-8686	1-8679	8500	98.12	74	88	17	24	9	16	0	0
RLG_Alon_Ava	RLG_Alon_Ava	8670	1-8686	1-8680	8493	97.95	84	93	10	16	8	16	0	0
RLG_Alon_Ava	RLG_Alon_Ava	8667	1-8686	1-8679	8411	97.04	141	115	12	19	8	16	0	0
RLG_Alon_Ava	RLG_Alon_Ava	8670	1-8686	1-8675	8620	99.42	17	33	5	16	3	16	0	0
RLG_Alon_Ava	RLG_Alon_Ava	8668	1-8686	1-8668	8521	98.3	72	75	0	18	0	16	0	0
RLG_Alon_Ava	RLG_Alon_Ava	8669	1-8686	1-8669	8627	99.51	16	26	0	17	0	16	0	0
RLG_Alon_Ava	RLG_Alon_Ava	8669	1-8686	1-8671	8546	98.58	62	61	2	17	1	16	0	0
RLG_Alon_Ava	RLG_Alon_Ava	8660	1-8686	1-8669	8413	97.14	146	101	9	26	8	16	0	0
RLG_Alon_Ava	RLG_Alon_Ava	8670	1-8686	1-8676	8623	99.45	20	27	6	16	4	16	0	0
RLG_Alon_Ava	RLG_Alon_Ava	8659	1-8686	1-8676	8412	97.14	140	107	17	27	8	16	0	0
RLG_Alon_Ava	RLG_Alon_Ava	8660	1-8686	1-8669	8401	97	140	119	9	26	8	16	0	0
RLG_Alon_Ava	RLG_Alon_Ava	8663	1-8686	1-8673	8412	97.1	135	116	10	23	8	16	0	0
RLG_Alon_Ava	RLG_Alon_Ava	8669	1-8686	1-8678	8499	98.03	83	87	9	17	8	16	0	0
RLG_Alon_Ava	RLG_Alon_Ava	8669	1-8686	1-8681	8543	98.54	64	62	12	17	8	16	0	0
RLG_Alon_Ava	RLG_Alon_Ava	8669	1-8686	1-8683	8544	98.55	64	61	14	17	8	16	0	0
RLG_Alon_Ava	RLG_Alon_Ava	8669	1-8686	1-8686	8503	98.08	85	81	17	17	8	16	0	0
RLG_Alon_Ava	RLG_Alon_Ava	8668	1-8686	1-8679	8497	98.02	86	85	11	18	8	16	0	0
RLG_Alon_Ava	RLG_Alon_Ava	8669	1-8686	1-8677	8501	98.06	86	82	8	17	8	16	0	0
RLG_Alon_Ava	RLG_Alon_Ava	8669	1-8686	1-8677	8510	98.16	76	83	8	17	8	16	0	0
RLG_Alon_Ava	RLG_Alon_Ava	8667	1-8686	1-8681	8456	97.56	118	93	14	19	8	16	0	0
RLG_Alon_Ava	RLG_Alon_Ava	8667	1-8686	1-8677	8461	97.62	117	89	10	19	8	16	0	0
RLG_Alon_Ava	RLG_Alon_Ava	8652	1-8686	1-8663	8525	98.53	65	62	11	34	8	16	0	0
RLG_Alon_Ava	RLG_Alon_Ava	8669	1-8686	1-8680	8559	98.73	54	56	11	17	8	16	0	0
RLG_Alon_Ava	RLG_Alon_Ava	8670	1-8686	1-8681	8509	98.14	78	83	11	16	8	16	0	0
RLG_Alon_Ava	RLG_Alon_Ava	8665	1-8686	1-8668	8510	98.21	78	77	3	21	1	16	0	0
RLG_Alon_Ava	RLG_Alon_Ava	8669	1-8686	1-8682	8548	98.6	61	60	13	17	8	16	0	0
RLG_Alon_Ava	RLG_Alon_Ava	8663	1-8686	1-8671	8489	97.99	85	89	8	23	8	16	0	0
RLG_Alon_Ava	RLG_Alon_Ava	8668	1-8686	1-8679	8575	98.92	39	54	11	18	8	16	0	0
RLG_Alon_Ava	RLG_Alon_Ava	8666	1-8686	1-8674	8524	98.36	61	81	8	20	8	16	0	0
RLG_Alon_Ava	RLG_Alon_Ava	8598	1-8686	1-8611	8336	96.95	150	112	13	88	8	30	0	0
RLG_Alon_Ava	RLG_Alon_Ava	8610	1-8686	1-8621	8357	97.06	150	103	11	76	8	19	0	0
RLG_Alon_Ava	RLG_Alon_Ava	8668	1-8686	1-8700	8417	97.1	137	114	32	18	15	16	0	0
RLG_Alon_Ava	RLG_Alon_Ava	8665	1-8686	1-8683	8490	97.98	79	96	18	21	9	16	0	0
RLG_Alon_Ava	RLG_Alon_Ava	8663	1-8686	1-8671	8511	98.24	67	85	8	23	8	16	0	0
RLG_Alon_Ava	RLG_Alon_Ava	8663	1-8686	1-8673	8490	98	77	96	10	23	8	16	0	0
RLG_Alon_Ava	RLG_Alon_Ava	8652	1-8686	1-8664	8401	97.09	132	119	12	34	8	16	0	0
RLG_Alon_Ava	RLG_Alon_Ava	8665	1-8686	1-8722	8402	96.96	133	130	57	21	21	16	0	0
RLG_Alon_Ava	RLG_Alon_Ava	8626	1-8686	1-8637	8398	97.35	109	119	11	60	8	16	0	0
RLG_Alon_Ava	RLG_Alon_Ava	8660	1-8686	1-8674	8402	97.02	130	128	14	26	8	16	0	0
RLG_Alon_Ava	RLG_Alon_Ava	8635	1-8686	1-8646	8396	97.23	115	124	11	51	8	17	0	0
RLG_Alon_Ava	RLG_Alon_Ava	8669	1-8686	1-8676	8597	99.16	31	41	7	17	4	16	0	0
RLG_Alon_Ava	RLG_Alon_Ava	8668	1-8686	1-8677	8581	98.99	36	51	9	18	8	16	0	0
RLG_Alon_Ava	RLG_Alon_Ava	8624	1-8686	1-8663	8413	97.55	112	99	39	62	28	40	0	0
RLG_Alon_Ava	RLG_Alon_Ava	8651	1-8686	1-8663	8415	97.27	115	121	12	35	8	16	0	0
RLG_Alon_Ava	RLG_Alon_Ava	8662	1-8686	1-8679	8428	97.29	124	110	17	24	8	16	0	0
RLG_Alon_Ava	RLG_Alon_Ava	8661	1-8680	1-8679	8461	97.69	110	90	18	19	8	16	0	0
RLG_Alon_Ava	RLG_Alon_Ava	8643	1-8686	1-8669	8426	97.48	113	104	26	43	14	19	0	0
RLG_Alon_Ava	RLG_Alon_Ava	8662	1-8686	1-8682	8424	97.25	126	112	20	24	9	16	0	0
RLG_Alon_Ava	RLG_Alon_Ava	8656	1-8686	1-8687	8403	97.07	137	116	31	30	18	16	0	0
RLG_Alon_Ava	RLG_Alon_Ava	8646	1-8686	1-8657	8383	96.95	137	126	11	40	8	16	0	0
RLG_Alon_Ava	RLG_Alon_Ava	8651	1-8686	1-8662	8420	97.32	119	112	11	35	8	16	0	0
RLG_Alon_Ava	RLG_Alon_Ava	8664	1-8686	1-8677	8433	97.33	118	113	13	22	8	16	0	0
RLG_Alon_Ava	RLG_Alon_Ava	8630	1-8686	1-8639	8383	97.13	127	120	9	56	8	16	0	0
RLG_Alon_Ava	RLG_Alon_Ava	8670	1-8679	1-8680	8623	99.45	20	27	10	9	3	9	0	0
RLG_Alon_Ava	RLG_Alon_Ava	8669	1-8679	1-8679	8401	96.9	157	111	10	10	3	7	0	0
RLG_Alon_Ava	RLG_Alon_Ava	8665	1-8679	1-8675	8506	98.16	78	81	10	14	3	8	0	0
RLG_Alon_Ava	RLG_Alon_Ava	8660	1-8679	1-8668	8610	99.42	20	30	8	19	3	11	0	0
RLG_Alon_Ava	RLG_Alon_Ava	8661	1-8679	1-8669	8512	98.27	75	74	8	18	3	10	0	0
RLG_Alon_Ava	RLG_Alon_Ava	8662	1-8679	1-8671	8510	98.24	77	75	9	17	3	8	0	0
RLG_Alon_Ava	RLG_Alon_Ava	8660	1-8679	1-8669	8384	96.81	163	113	9	19	3	16	0	0
RLG_Alon_Ava	RLG_Alon_Ava	8666	1-8679	1-8676	8509	98.18	82	75	10	13	3	8	0	0
RLG_Alon_Ava	RLG_Alon_Ava	8659	1-8679	1-8676	8404	97.05	143	112	17	20	3	15	0	0
RLG_Alon_Ava	RLG_Alon_Ava	8660	1-8679	1-8669	8390	96.88	155	115	9	19	3	12	0	0
RLG_Alon_Ava	RLG_Alon_Ava	8663	1-8679	1-8673	8401	96.97	150	112	10	16	3	13	0	0
RLG_Alon_Ava	RLG_Alon_Ava	8670	1-8679	1-8678	8634	99.58	15	21	8	9	3	8	0	0
RLG_Alon_Ava	RLG_Alon_Ava	8671	1-8679	1-8681	8527	98.33	79	65	10	8	3	7	0	0
RLG_Alon_Ava	RLG_Alon_Ava	8673	1-8679	1-8683	8529	98.33	79	65	10	6	3	5	0	0
RLG_Alon_Ava	RLG_Alon_Ava	8675	1-8679	1-8686	8642	99.61	19	14	11	4	3	3	0	0
RLG_Alon_Ava	RLG_Alon_Ava	8670	1-8679	1-8679	8632	99.56	20	18	9	9	3	7	0	0
RLG_Alon_Ava	RLG_Alon_Ava	8669	1-8679	1-8677	8634	99.59	19	16	8	10	3	10	0	0
RLG_Alon_Ava	RLG_Alon_Ava	8669	1-8679	1-8677	8647	99.74	7	15	8	10	3	10	0	0
RLG_Alon_Ava	RLG_Alon_Ava	8672	1-8679	1-8681	8440	97.32	133	99	9	7	3	4	0	0
RLG_Alon_Ava	RLG_Alon_Ava	8668	1-8679	1-8677	8443	97.4	131	94	9	11	3	8	0	0
RLG_Alon_Ava	RLG_Alon_Ava	8652	1-8679	1-8663	8509	98.34	80	63	11	27	3	16	0	0
RLG_Alon_Ava	RLG_Alon_Ava	8670	1-8679	1-8680	8528	98.36	63	79	10	9	3	8	0	0
RLG_Alon_Ava	RLG_Alon_Ava	8672	1-8679	1-8681	8647	99.71	9	16	9	7	3	7	0	0
RLG_Alon_Ava	RLG_Alon_Ava	8657	1-8679	1-8668	8605	99.39	23	29	11	22	3	10	0	0
RLG_Alon_Ava	RLG_Alon_Ava	8672	1-8679	1-8682	8536	98.43	76	60	10	7	3	6	0	0
RLG_Alon_Ava	RLG_Alon_Ava	8663	1-8679	1-8671	8623	99.53	18	22	8	16	3	16	0	0
RLG_Alon_Ava	RLG_Alon_Ava	8670	1-8679	1-8679	8506	98.1	82	82	9	9	3	7	0	0
RLG_Alon_Ava	RLG_Alon_Ava	8666	1-8679	1-8674	8553	98.69	51	62	8	13	3	12	0	0
RLG_Alon_Ava	RLG_Alon_Ava	8598	1-8679	1-8611	8324	96.81	152	122	13	81	3	30	0	0
RLG_Alon_Ava	RLG_Alon_Ava	8610	1-8679	1-8621	8338	96.84	153	119	11	69	3	19	0	0
RLG_Alon_Ava	RLG_Alon_Ava	8677	1-8679	1-8700	8427	97.11	143	107	23	2	6	1	0	0
RLG_Alon_Ava	RLG_Alon_Ava	8674	1-8679	1-8683	8528	98.31	66	80	9	5	3	1	0	0
RLG_Alon_Ava	RLG_Alon_Ava	8663	1-8679	1-8671	8542	98.6	56	65	8	16	3	9	0	0
RLG_Alon_Ava	RLG_Alon_Ava	8663	1-8679	1-8673	8516	98.3	66	81	10	16	3	12	0	0
RLG_Alon_Ava	RLG_Alon_Ava	8654	1-8679	1-8664	8380	96.83	154	120	10	25	3	21	0	0
RLG_Alon_Ava	RLG_Alon_Ava	8668	1-8679	1-8722	8461	97.61	114	93	54	11	21	6	0	0
RLG_Alon_Ava	RLG_Alon_Ava	8629	1-8679	1-8637	8439	97.79	97	93	8	50	1	21	0	0
RLG_Alon_Ava	RLG_Alon_Ava	8667	1-8679	1-8674	8430	97.26	123	114	7	12	1	5	0	0
RLG_Alon_Ava	RLG_Alon_Ava	8638	1-8679	1-8646	8442	97.73	98	98	8	41	1	21	0	0
RLG_Alon_Ava	RLG_Alon_Ava	8665	1-8679	1-8676	8496	98.04	85	84	11	14	3	8	0	0
RLG_Alon_Ava	RLG_Alon_Ava	8668	1-8679	1-8677	8510	98.17	79	79	9	11	3	10	0	0
RLG_Alon_Ava	RLG_Alon_Ava	8636	1-8679	1-8663	8429	97.6	106	101	27	43	19	40	0	0
RLG_Alon_Ava	RLG_Alon_Ava	8654	1-8679	1-8663	8441	97.53	106	107	9	25	1	20	0	0
RLG_Alon_Ava	RLG_Alon_Ava	8672	1-8679	1-8679	8463	97.58	108	101	7	7	1	2	0	0
RLG_Alon_Ava	RLG_Alon_Ava	8668	1-8673	1-8679	8450	97.48	124	94	11	5	3	2	0	0
RLG_Alon_Ava	RLG_Alon_Ava	8655	1-8679	1-8669	8461	97.75	96	98	14	24	5	19	0	0
RLG_Alon_Ava	RLG_Alon_Ava	8674	1-8679	1-8682	8460	97.53	111	103	8	5	1	1	0	0
RLG_Alon_Ava	RLG_Alon_Ava	8666	1-8679	1-8687	8415	97.1	150	101	21	13	9	9	0	0
RLG_Alon_Ava	RLG_Alon_Ava	8649	1-8679	1-8657	8391	97.01	135	123	8	30	2	22	0	0
RLG_Alon_Ava	RLG_Alon_Ava	8651	1-8679	1-8662	8430	97.44	116	105	11	28	3	14	0	0
RLG_Alon_Ava	RLG_Alon_Ava	8664	1-8679	1-8677	8446	97.48	113	105	13	15	4	9	0	0
RLG_Alon_Ava	RLG_Alon_Ava	8633	1-8679	1-8639	8388	97.16	137	108	6	46	1	20	0	0
RLG_Alon_Ava	RLG_Alon_Ava	8676	1-8680	1-8679	8396	96.77	165	115	3	4	2	1	0	0
RLG_Alon_Ava	RLG_Alon_Ava	8670	1-8680	1-8675	8500	98.03	88	82	5	10	3	8	0	0
RLG_Alon_Ava	RLG_Alon_Ava	8668	1-8680	1-8668	8614	99.37	24	30	0	12	0	8	0	0
RLG_Alon_Ava	RLG_Alon_Ava	8669	1-8680	1-8669	8505	98.1	85	79	0	11	0	8	0	0
RLG_Alon_Ava	RLG_Alon_Ava	8669	1-8680	1-8671	8498	98.02	90	81	2	11	1	8	0	0
RLG_Alon_Ava	RLG_Alon_Ava	8668	1-8680	1-8669	8391	96.8	168	109	1	12	1	7	0	0
RLG_Alon_Ava	RLG_Alon_Ava	8670	1-8680	1-8676	8503	98.07	91	76	6	10	4	8	0	0
RLG_Alon_Ava	RLG_Alon_Ava	8668	1-8680	1-8676	8408	97	154	106	8	12	2	6	0	0
RLG_Alon_Ava	RLG_Alon_Ava	8668	1-8680	1-8669	8385	96.73	164	119	1	12	1	4	0	0
RLG_Alon_Ava	RLG_Alon_Ava	8672	1-8680	1-8673	8397	96.82	159	116	1	8	1	4	0	0
RLG_Alon_Ava	RLG_Alon_Ava	8677	1-8680	1-8678	8626	99.41	24	27	1	3	1	1	0	0
RLG_Alon_Ava	RLG_Alon_Ava	8677	1-8680	1-8681	8515	98.13	88	74	4	3	2	1	0	0
RLG_Alon_Ava	RLG_Alon_Ava	8677	1-8680	1-8683	8516	98.14	88	73	6	3	4	1	0	0
RLG_Alon_Ava	RLG_Alon_Ava	8678	1-8680	1-8686	8635	99.5	27	16	8	2	6	1	0	0
RLG_Alon_Ava	RLG_Alon_Ava	8676	1-8680	1-8679	8628	99.44	28	20	3	4	2	1	0	0
RLG_Alon_Ava	RLG_Alon_Ava	8677	1-8680	1-8677	8627	99.42	27	23	0	3	0	1	0	0
RLG_Alon_Ava	RLG_Alon_Ava	8677	1-8680	1-8677	8639	99.56	16	22	0	3	0	1	0	0
RLG_Alon_Ava	RLG_Alon_Ava	8675	1-8680	1-8681	8440	97.29	140	95	6	5	5	1	0	0
RLG_Alon_Ava	RLG_Alon_Ava	8675	1-8680	1-8677	8447	97.37	137	91	2	5	1	1	0	0
RLG_Alon_Ava	RLG_Alon_Ava	8661	1-8680	1-8663	8497	98.1	90	74	2	19	1	16	0	0
RLG_Alon_Ava	RLG_Alon_Ava	8677	1-8680	1-8680	8517	98.15	76	84	3	3	1	1	0	0
RLG_Alon_Ava	RLG_Alon_Ava	8679	1-8680	1-8681	8639	99.53	18	22	2	1	2	1	0	0
RLG_Alon_Ava	RLG_Alon_Ava	8665	1-8680	1-8668	8601	99.26	29	35	3	15	1	8	0	0
RLG_Alon_Ava	RLG_Alon_Ava	8677	1-8680	1-8682	8522	98.21	85	70	5	3	3	1	0	0
RLG_Alon_Ava	RLG_Alon_Ava	8671	1-8680	1-8671	8617	99.37	26	28	0	9	0	7	0	0
RLG_Alon_Ava	RLG_Alon_Ava	8676	1-8680	1-8679	8499	97.95	93	84	3	4	2	1	0	0
RLG_Alon_Ava	RLG_Alon_Ava	8674	1-8680	1-8674	8542	98.47	66	66	0	6	0	3	0	0
RLG_Alon_Ava	RLG_Alon_Ava	8606	1-8680	1-8611	8324	96.72	160	122	5	74	2	30	0	0
RLG_Alon_Ava	RLG_Alon_Ava	8619	1-8680	1-8621	8339	96.75	161	119	2	61	1	19	0	0
RLG_Alon_Ava	RLG_Alon_Ava	8676	1-8680	1-8700	8428	97.14	144	104	24	4	15	1	0	0
RLG_Alon_Ava	RLG_Alon_Ava	8673	1-8680	1-8683	8518	98.21	79	76	10	7	9	2	0	0
RLG_Alon_Ava	RLG_Alon_Ava	8671	1-8680	1-8671	8530	98.37	71	70	0	9	0	6	0	0
RLG_Alon_Ava	RLG_Alon_Ava	8672	1-8680	1-8673	8517	98.21	77	78	1	8	1	3	0	0
RLG_Alon_Ava	RLG_Alon_Ava	8654	1-8680	1-8664	8377	96.79	158	119	10	26	8	21	0	0
RLG_Alon_Ava	RLG_Alon_Ava	8674	1-8680	1-8722	8466	97.6	115	93	48	6	21	1	0	0
RLG_Alon_Ava	RLG_Alon_Ava	8634	1-8680	1-8637	8445	97.81	98	91	3	46	1	13	0	0
RLG_Alon_Ava	RLG_Alon_Ava	8668	1-8680	1-8674	8431	97.26	129	108	6	12	4	3	0	0
RLG_Alon_Ava	RLG_Alon_Ava	8643	1-8680	1-8646	8448	97.74	99	96	3	37	1	17	0	0
RLG_Alon_Ava	RLG_Alon_Ava	8670	1-8680	1-8676	8486	97.87	99	85	6	10	4	8	0	0
RLG_Alon_Ava	RLG_Alon_Ava	8676	1-8680	1-8677	8503	98	92	81	1	4	1	1	0	0
RLG_Alon_Ava	RLG_Alon_Ava	8632	1-8680	1-8663	8420	97.54	116	96	31	48	28	40	0	0
RLG_Alon_Ava	RLG_Alon_Ava	8660	1-8680	1-8663	8445	97.51	110	105	3	20	1	11	0	0
RLG_Alon_Ava	RLG_Alon_Ava	8670	1-8680	1-8679	8457	97.54	114	99	9	10	7	3	0	0
RLG_Alon_Ava	RLG_Alon_Ava	8669	1-8674	1-8679	8446	97.42	127	96	10	5	7	1	0	0
RLG_Alon_Ava	RLG_Alon_Ava	8651	1-8680	1-8669	8454	97.72	102	95	18	29	14	19	0	0
RLG_Alon_Ava	RLG_Alon_Ava	8671	1-8680	1-8682	8454	97.49	116	101	11	9	9	3	0	0
RLG_Alon_Ava	RLG_Alon_Ava	8664	1-8680	1-8687	8418	97.16	149	97	23	16	18	9	0	0
RLG_Alon_Ava	RLG_Alon_Ava	8654	1-8680	1-8657	8390	96.94	142	122	3	26	2	13	0	0
RLG_Alon_Ava	RLG_Alon_Ava	8659	1-8680	1-8662	8434	97.4	119	106	3	21	2	9	0	0
RLG_Alon_Ava	RLG_Alon_Ava	8672	1-8680	1-8677	8446	97.39	118	108	5	8	4	2	0	0
RLG_Alon_Ava	RLG_Alon_Ava	8638	1-8680	1-8639	8391	97.14	140	107	1	42	1	16	0	0
RLG_Alon_Ava	RLG_Alon_Ava	8669	1-8679	1-8675	8415	97.07	148	106	6	10	1	8	0	0
RLG_Alon_Ava	RLG_Alon_Ava	8665	1-8679	1-8668	8401	96.95	158	106	3	14	1	8	0	0
RLG_Alon_Ava	RLG_Alon_Ava	8666	1-8679	1-8669	8419	97.14	145	102	3	13	1	8	0	0
RLG_Alon_Ava	RLG_Alon_Ava	8669	1-8679	1-8671	8409	97	146	114	2	10	1	8	0	0
RLG_Alon_Ava	RLG_Alon_Ava	8669	1-8679	1-8669	8513	98.2	86	70	0	10	0	9	0	0
RLG_Alon_Ava	RLG_Alon_Ava	8669	1-8679	1-8676	8418	97.1	151	100	7	10	2	8	0	0
RLG_Alon_Ava	RLG_Alon_Ava	8669	1-8679	1-8676	8498	98.02	89	82	7	10	2	8	0	0
RLG_Alon_Ava	RLG_Alon_Ava	8669	1-8679	1-8669	8641	99.67	16	12	0	10	0	5	0	0
RLG_Alon_Ava	RLG_Alon_Ava	8673	1-8679	1-8673	8653	99.76	11	9	0	6	0	6	0	0
RLG_Alon_Ava	RLG_Alon_Ava	8675	1-8679	1-8678	8400	96.82	160	115	3	4	1	1	0	0
RLG_Alon_Ava	RLG_Alon_Ava	8678	1-8679	1-8681	8478	97.69	116	84	3	1	1	1	0	0
RLG_Alon_Ava	RLG_Alon_Ava	8678	1-8679	1-8683	8480	97.71	116	82	5	1	2	1	0	0
RLG_Alon_Ava	RLG_Alon_Ava	8677	1-8679	1-8686	8409	96.91	163	105	9	2	4	1	0	0
RLG_Alon_Ava	RLG_Alon_Ava	8675	1-8679	1-8679	8403	96.86	164	108	4	4	1	1	0	0
RLG_Alon_Ava	RLG_Alon_Ava	8674	1-8679	1-8677	8401	96.85	163	110	3	5	1	3	0	0
RLG_Alon_Ava	RLG_Alon_Ava	8674	1-8679	1-8677	8411	96.96	154	109	3	5	1	3	0	0
RLG_Alon_Ava	RLG_Alon_Ava	8675	1-8679	1-8681	8525	98.27	74	76	6	4	3	1	0	0
RLG_Alon_Ava	RLG_Alon_Ava	8674	1-8679	1-8677	8528	98.31	73	73	3	5	1	1	0	0
RLG_Alon_Ava	RLG_Alon_Ava	8660	1-8679	1-8663	8459	97.67	119	82	3	19	1	16	0	0
RLG_Alon_Ava	RLG_Alon_Ava	8677	1-8679	1-8680	8418	97.01	144	115	3	2	1	1	0	0
RLG_Alon_Ava	RLG_Alon_Ava	8678	1-8679	1-8681	8411	96.92	156	111	3	1	1	1	0	0
RLG_Alon_Ava	RLG_Alon_Ava	8662	1-8679	1-8668	8392	96.88	163	107	6	17	1	8	0	0
RLG_Alon_Ava	RLG_Alon_Ava	8678	1-8679	1-8682	8485	97.77	114	79	4	1	1	1	0	0
RLG_Alon_Ava	RLG_Alon_Ava	8668	1-8679	1-8671	8393	96.82	160	115	3	11	1	9	0	0
RLG_Alon_Ava	RLG_Alon_Ava	8677	1-8679	1-8679	8405	96.86	153	119	2	2	1	1	0	0
RLG_Alon_Ava	RLG_Alon_Ava	8671	1-8679	1-8674	8418	97.08	142	111	3	8	1	5	0	0
RLG_Alon_Ava	RLG_Alon_Ava	8606	1-8679	1-8611	8436	98.02	91	79	5	73	2	30	0	0
RLG_Alon_Ava	RLG_Alon_Ava	8619	1-8679	1-8621	8451	98.05	92	76	2	60	1	19	0	0
RLG_Alon_Ava	RLG_Alon_Ava	8678	1-8679	1-8700	8480	97.71	101	97	22	1	13	1	0	0
RLG_Alon_Ava	RLG_Alon_Ava	8674	1-8679	1-8683	8393	96.76	160	121	9	5	7	2	0	0
RLG_Alon_Ava	RLG_Alon_Ava	8668	1-8679	1-8671	8416	97.09	140	112	3	11	1	6	0	0
RLG_Alon_Ava	RLG_Alon_Ava	8671	1-8679	1-8673	8391	96.77	158	122	2	8	1	5	0	0
RLG_Alon_Ava	RLG_Alon_Ava	8657	1-8679	1-8664	8499	98.17	88	70	7	22	6	21	0	0
RLG_Alon_Ava	RLG_Alon_Ava	8675	1-8679	1-8722	8379	96.58	171	125	47	4	21	1	0	0
RLG_Alon_Ava	RLG_Alon_Ava	8635	1-8679	1-8637	8392	97.18	135	108	2	44	1	14	0	0
RLG_Alon_Ava	RLG_Alon_Ava	8670	1-8679	1-8674	8376	96.6	162	132	4	9	3	3	0	0
RLG_Alon_Ava	RLG_Alon_Ava	8644	1-8679	1-8646	8393	97.09	138	113	2	35	1	17	0	0
RLG_Alon_Ava	RLG_Alon_Ava	8671	1-8679	1-8676	8410	96.98	150	111	5	8	2	8	0	0
RLG_Alon_Ava	RLG_Alon_Ava	8675	1-8679	1-8677	8408	96.92	152	115	2	4	1	3	0	0
RLG_Alon_Ava	RLG_Alon_Ava	8635	1-8679	1-8663	8374	96.97	142	119	28	44	26	40	0	0
RLG_Alon_Ava	RLG_Alon_Ava	8661	1-8679	1-8663	8400	96.98	144	117	2	18	1	13	0	0
RLG_Alon_Ava	RLG_Alon_Ava	8672	1-8679	1-8679	8392	96.77	152	128	7	7	6	3	0	0
RLG_Alon_Ava	RLG_Alon_Ava	8670	1-8673	1-8679	8467	97.65	119	84	9	3	5	1	0	0
RLG_Alon_Ava	RLG_Alon_Ava	8654	1-8679	1-8669	8386	96.9	143	125	15	25	12	19	0	0
RLG_Alon_Ava	RLG_Alon_Ava	8674	1-8679	1-8682	8387	96.69	156	131	8	5	7	3	0	0
RLG_Alon_Ava	RLG_Alon_Ava	8667	1-8679	1-8687	8479	97.83	98	90	20	12	16	9	0	0
RLG_Alon_Ava	RLG_Alon_Ava	8655	1-8679	1-8657	8386	96.89	146	123	2	24	2	15	0	0
RLG_Alon_Ava	RLG_Alon_Ava	8658	1-8679	1-8662	8384	96.83	152	122	4	21	2	9	0	0
RLG_Alon_Ava	RLG_Alon_Ava	8671	1-8679	1-8677	8397	96.84	151	123	6	8	4	3	0	0
RLG_Alon_Ava	RLG_Alon_Ava	8639	1-8679	1-8639	8394	97.16	142	103	0	40	0	16	0	0
RLG_Alon_Ava	RLG_Alon_Ava	8668	1-8675	1-8668	8524	98.33	76	68	0	7	0	5	0	0
RLG_Alon_Ava	RLG_Alon_Ava	8669	1-8675	1-8669	8631	99.56	19	19	0	6	0	4	0	0
RLG_Alon_Ava	RLG_Alon_Ava	8670	1-8675	1-8671	8551	98.62	65	54	1	5	1	2	0	0
RLG_Alon_Ava	RLG_Alon_Ava	8660	1-8675	1-8669	8416	97.18	152	92	9	15	8	10	0	0
RLG_Alon_Ava	RLG_Alon_Ava	8675	1-8675	1-8676	8653	99.74	10	12	1	0	1	0	0	0
RLG_Alon_Ava	RLG_Alon_Ava	8661	1-8675	1-8676	8418	97.19	144	99	15	14	8	9	0	0
RLG_Alon_Ava	RLG_Alon_Ava	8660	1-8675	1-8669	8404	97.04	146	110	9	15	8	6	0	0
RLG_Alon_Ava	RLG_Alon_Ava	8663	1-8675	1-8673	8415	97.13	141	107	10	12	8	7	0	0
RLG_Alon_Ava	RLG_Alon_Ava	8670	1-8675	1-8678	8502	98.06	87	81	8	5	8	2	0	0
RLG_Alon_Ava	RLG_Alon_Ava	8671	1-8675	1-8681	8544	98.53	69	58	10	4	8	1	0	0
RLG_Alon_Ava	RLG_Alon_Ava	8672	1-8675	1-8683	8547	98.55	69	56	11	3	8	1	0	0
RLG_Alon_Ava	RLG_Alon_Ava	8672	1-8675	1-8686	8526	98.31	75	71	14	3	8	1	0	0
RLG_Alon_Ava	RLG_Alon_Ava	8670	1-8675	1-8679	8520	98.26	76	74	9	5	8	1	0	0
RLG_Alon_Ava	RLG_Alon_Ava	8669	1-8675	1-8677	8505	98.1	89	75	8	6	8	4	0	0
RLG_Alon_Ava	RLG_Alon_Ava	8669	1-8675	1-8677	8513	98.2	80	76	8	6	8	4	0	0
RLG_Alon_Ava	RLG_Alon_Ava	8670	1-8675	1-8681	8460	97.57	124	86	11	5	8	1	0	0
RLG_Alon_Ava	RLG_Alon_Ava	8668	1-8675	1-8677	8462	97.62	123	83	9	7	8	2	0	0
RLG_Alon_Ava	RLG_Alon_Ava	8652	1-8675	1-8663	8523	98.5	70	59	11	23	8	16	0	0
RLG_Alon_Ava	RLG_Alon_Ava	8670	1-8675	1-8680	8564	98.77	57	49	10	5	8	2	0	0
RLG_Alon_Ava	RLG_Alon_Ava	8672	1-8675	1-8681	8513	98.16	82	77	9	3	8	1	0	0
RLG_Alon_Ava	RLG_Alon_Ava	8665	1-8675	1-8668	8513	98.24	82	70	3	10	1	4	0	0
RLG_Alon_Ava	RLG_Alon_Ava	8672	1-8675	1-8682	8551	98.6	66	55	10	3	8	1	0	0
RLG_Alon_Ava	RLG_Alon_Ava	8663	1-8675	1-8671	8492	98.02	89	82	8	12	8	10	0	0
RLG_Alon_Ava	RLG_Alon_Ava	8670	1-8675	1-8679	8597	99.15	30	43	9	5	8	1	0	0
RLG_Alon_Ava	RLG_Alon_Ava	8666	1-8675	1-8674	8528	98.4	64	74	8	9	8	6	0	0
RLG_Alon_Ava	RLG_Alon_Ava	8598	1-8675	1-8611	8344	97.04	155	99	13	77	8	30	0	0
RLG_Alon_Ava	RLG_Alon_Ava	8610	1-8675	1-8621	8365	97.15	155	90	11	65	8	19	0	0
RLG_Alon_Ava	RLG_Alon_Ava	8671	1-8675	1-8700	8422	97.12	144	105	29	4	12	1	0	0
RLG_Alon_Ava	RLG_Alon_Ava	8668	1-8675	1-8683	8503	98.09	80	85	15	7	8	1	0	0
RLG_Alon_Ava	RLG_Alon_Ava	8663	1-8675	1-8671	8512	98.25	71	80	8	12	8	9	0	0
RLG_Alon_Ava	RLG_Alon_Ava	8663	1-8675	1-8673	8499	98.1	77	87	10	12	8	6	0	0
RLG_Alon_Ava	RLG_Alon_Ava	8654	1-8675	1-8664	8405	97.12	138	111	10	21	5	16	0	0
RLG_Alon_Ava	RLG_Alon_Ava	8668	1-8675	1-8722	8414	97.06	137	117	54	7	21	1	0	0
RLG_Alon_Ava	RLG_Alon_Ava	8626	1-8675	1-8637	8400	97.38	114	112	11	49	8	15	0	0
RLG_Alon_Ava	RLG_Alon_Ava	8663	1-8675	1-8674	8415	97.13	135	113	11	12	8	3	0	0
RLG_Alon_Ava	RLG_Alon_Ava	8635	1-8675	1-8646	8398	97.25	120	117	11	40	8	17	0	0
RLG_Alon_Ava	RLG_Alon_Ava	8672	1-8675	1-8676	8619	99.38	22	31	4	3	1	1	0	0
RLG_Alon_Ava	RLG_Alon_Ava	8668	1-8675	1-8677	8601	99.22	27	40	9	7	8	4	0	0
RLG_Alon_Ava	RLG_Alon_Ava	8627	1-8675	1-8663	8421	97.61	115	91	36	48	25	40	0	0
RLG_Alon_Ava	RLG_Alon_Ava	8651	1-8675	1-8663	8416	97.28	121	114	12	24	8	14	0	0
RLG_Alon_Ava	RLG_Alon_Ava	8665	1-8675	1-8679	8438	97.38	129	98	14	10	8	3	0	0
RLG_Alon_Ava	RLG_Alon_Ava	8664	1-8669	1-8679	8476	97.83	111	77	15	5	8	1	0	0
RLG_Alon_Ava	RLG_Alon_Ava	8646	1-8675	1-8669	8437	97.58	118	91	23	29	11	19	0	0
RLG_Alon_Ava	RLG_Alon_Ava	8665	1-8675	1-8682	8434	97.33	131	100	17	10	8	3	0	0
RLG_Alon_Ava	RLG_Alon_Ava	8659	1-8675	1-8687	8406	97.07	146	107	28	16	15	9	0	0
RLG_Alon_Ava	RLG_Alon_Ava	8646	1-8675	1-8657	8391	97.05	142	113	11	29	8	16	0	0
RLG_Alon_Ava	RLG_Alon_Ava	8651	1-8675	1-8662	8436	97.51	124	91	11	24	8	9	0	0
RLG_Alon_Ava	RLG_Alon_Ava	8664	1-8675	1-8677	8451	97.54	123	90	13	11	8	3	0	0
RLG_Alon_Ava	RLG_Alon_Ava	8630	1-8675	1-8639	8393	97.25	128	109	9	45	8	16	0	0
RLG_Alon_Ava	RLG_Alon_Ava	8668	1-8668	1-8669	8535	98.46	72	61	1	0	1	0	0	0
RLG_Alon_Ava	RLG_Alon_Ava	8667	1-8668	1-8671	8526	98.37	79	62	4	1	3	1	0	0
RLG_Alon_Ava	RLG_Alon_Ava	8660	1-8668	1-8669	8384	96.81	170	106	9	8	8	5	0	0
RLG_Alon_Ava	RLG_Alon_Ava	8668	1-8668	1-8676	8527	98.37	79	62	8	0	6	0	0	0
RLG_Alon_Ava	RLG_Alon_Ava	8659	1-8668	1-8676	8410	97.12	150	99	17	9	8	4	0	0
RLG_Alon_Ava	RLG_Alon_Ava	8660	1-8668	1-8669	8393	96.91	157	110	9	8	8	4	0	0
RLG_Alon_Ava	RLG_Alon_Ava	8663	1-8668	1-8673	8404	97.01	152	107	10	5	8	2	0	0
RLG_Alon_Ava	RLG_Alon_Ava	8667	1-8668	1-8678	8616	99.41	22	29	11	1	8	1	0	0
RLG_Alon_Ava	RLG_Alon_Ava	8667	1-8668	1-8681	8511	98.2	89	67	14	1	8	1	0	0
RLG_Alon_Ava	RLG_Alon_Ava	8667	1-8668	1-8683	8512	98.21	89	66	16	1	8	1	0	0
RLG_Alon_Ava	RLG_Alon_Ava	8667	1-8668	1-8686	8618	99.43	27	22	19	1	8	1	0	0
RLG_Alon_Ava	RLG_Alon_Ava	8666	1-8668	1-8679	8612	99.37	28	26	13	2	8	1	0	0
RLG_Alon_Ava	RLG_Alon_Ava	8668	1-8668	1-8677	8616	99.4	27	25	9	0	8	0	0	0
RLG_Alon_Ava	RLG_Alon_Ava	8668	1-8668	1-8677	8629	99.55	16	23	9	0	8	0	0	0
RLG_Alon_Ava	RLG_Alon_Ava	8665	1-8668	1-8681	8431	97.29	138	96	16	3	8	1	0	0
RLG_Alon_Ava	RLG_Alon_Ava	8665	1-8668	1-8677	8435	97.34	138	92	12	3	8	1	0	0
RLG_Alon_Ava	RLG_Alon_Ava	8651	1-8668	1-8663	8494	98.18	91	66	12	17	8	16	0	0
RLG_Alon_Ava	RLG_Alon_Ava	8667	1-8668	1-8680	8515	98.24	75	77	13	1	8	1	0	0
RLG_Alon_Ava	RLG_Alon_Ava	8668	1-8668	1-8681	8626	99.51	18	24	13	0	8	0	0	0
RLG_Alon_Ava	RLG_Alon_Ava	8664	1-8668	1-8668	8632	99.63	14	18	4	4	1	2	0	0
RLG_Alon_Ava	RLG_Alon_Ava	8667	1-8668	1-8682	8517	98.26	87	63	15	1	8	1	0	0
RLG_Alon_Ava	RLG_Alon_Ava	8663	1-8668	1-8671	8608	99.36	25	30	8	5	8	5	0	0
RLG_Alon_Ava	RLG_Alon_Ava	8666	1-8668	1-8679	8487	97.93	96	83	13	2	8	1	0	0
RLG_Alon_Ava	RLG_Alon_Ava	8666	1-8668	1-8674	8538	98.52	66	62	8	2	8	1	0	0
RLG_Alon_Ava	RLG_Alon_Ava	8598	1-8668	1-8611	8330	96.88	157	111	13	70	8	30	0	0
RLG_Alon_Ava	RLG_Alon_Ava	8610	1-8668	1-8621	8344	96.91	158	108	11	58	8	19	0	0
RLG_Alon_Ava	RLG_Alon_Ava	8666	1-8668	1-8700	8419	97.14	146	101	34	2	17	1	0	0
RLG_Alon_Ava	RLG_Alon_Ava	8663	1-8668	1-8683	8504	98.16	82	77	20	5	11	1	0	0
RLG_Alon_Ava	RLG_Alon_Ava	8661	1-8668	1-8671	8526	98.44	69	66	10	7	8	6	0	0
RLG_Alon_Ava	RLG_Alon_Ava	8663	1-8668	1-8673	8504	98.16	80	79	10	5	8	1	0	0
RLG_Alon_Ava	RLG_Alon_Ava	8649	1-8668	1-8664	8382	96.91	157	110	15	19	10	16	0	0
RLG_Alon_Ava	RLG_Alon_Ava	8663	1-8668	1-8722	8457	97.62	118	88	59	5	21	1	0	0
RLG_Alon_Ava	RLG_Alon_Ava	8626	1-8668	1-8637	8439	97.83	99	88	11	42	8	13	0	0
RLG_Alon_Ava	RLG_Alon_Ava	8658	1-8668	1-8674	8419	97.23	132	107	16	10	8	3	0	0
RLG_Alon_Ava	RLG_Alon_Ava	8635	1-8668	1-8646	8442	97.76	100	93	11	33	8	17	0	0
RLG_Alon_Ava	RLG_Alon_Ava	8667	1-8668	1-8676	8510	98.18	87	70	9	1	6	1	0	0
RLG_Alon_Ava	RLG_Alon_Ava	8667	1-8668	1-8677	8494	98	93	80	10	1	8	1	0	0
RLG_Alon_Ava	RLG_Alon_Ava	8622	1-8668	1-8663	8417	97.62	113	92	41	46	30	40	0	0
RLG_Alon_Ava	RLG_Alon_Ava	8651	1-8668	1-8663	8431	97.45	117	103	12	17	8	9	0	0
RLG_Alon_Ava	RLG_Alon_Ava	8660	1-8668	1-8679	8449	97.56	115	96	19	8	9	3	0	0
RLG_Alon_Ava	RLG_Alon_Ava	8659	1-8662	1-8679	8442	97.49	126	91	20	3	9	1	0	0
RLG_Alon_Ava	RLG_Alon_Ava	8641	1-8668	1-8669	8446	97.74	103	92	28	27	16	19	0	0
RLG_Alon_Ava	RLG_Alon_Ava	8660	1-8668	1-8682	8445	97.51	117	98	22	8	11	3	0	0
RLG_Alon_Ava	RLG_Alon_Ava	8654	1-8668	1-8687	8409	97.16	151	94	33	14	20	9	0	0
RLG_Alon_Ava	RLG_Alon_Ava	8646	1-8668	1-8657	8382	96.94	145	119	11	22	8	11	0	0
RLG_Alon_Ava	RLG_Alon_Ava	8651	1-8668	1-8662	8426	97.39	123	102	11	17	8	9	0	0
RLG_Alon_Ava	RLG_Alon_Ava	8663	1-8668	1-8677	8437	97.39	122	104	14	5	8	1	0	0
RLG_Alon_Ava	RLG_Alon_Ava	8630	1-8668	1-8639	8381	97.11	145	104	9	38	8	16	0	0
RLG_Alon_Ava	RLG_Alon_Ava	8668	1-8669	1-8671	8559	98.74	62	47	3	1	2	1	0	0
RLG_Alon_Ava	RLG_Alon_Ava	8660	1-8669	1-8669	8423	97.26	148	89	9	9	8	6	0	0
RLG_Alon_Ava	RLG_Alon_Ava	8669	1-8669	1-8676	8634	99.59	22	13	7	0	5	0	0	0
RLG_Alon_Ava	RLG_Alon_Ava	8659	1-8669	1-8676	8421	97.25	142	96	17	10	8	5	0	0
RLG_Alon_Ava	RLG_Alon_Ava	8660	1-8669	1-8669	8411	97.12	142	107	9	9	8	4	0	0
RLG_Alon_Ava	RLG_Alon_Ava	8663	1-8669	1-8673	8422	97.21	137	104	10	6	8	3	0	0
RLG_Alon_Ava	RLG_Alon_Ava	8668	1-8669	1-8678	8514	98.22	80	74	10	1	8	1	0	0
RLG_Alon_Ava	RLG_Alon_Ava	8668	1-8669	1-8681	8552	98.66	66	50	13	1	8	1	0	0
RLG_Alon_Ava	RLG_Alon_Ava	8668	1-8669	1-8683	8553	98.67	66	49	15	1	8	1	0	0
RLG_Alon_Ava	RLG_Alon_Ava	8668	1-8669	1-8686	8513	98.21	88	67	18	1	8	1	0	0
RLG_Alon_Ava	RLG_Alon_Ava	8667	1-8669	1-8679	8507	98.15	89	71	12	2	8	1	0	0
RLG_Alon_Ava	RLG_Alon_Ava	8669	1-8669	1-8677	8515	98.22	86	68	8	0	8	0	0	0
RLG_Alon_Ava	RLG_Alon_Ava	8669	1-8669	1-8677	8525	98.33	79	65	8	0	8	0	0	0
RLG_Alon_Ava	RLG_Alon_Ava	8666	1-8669	1-8681	8463	97.65	120	83	15	3	8	1	0	0
RLG_Alon_Ava	RLG_Alon_Ava	8666	1-8669	1-8677	8467	97.7	120	79	11	3	8	1	0	0
RLG_Alon_Ava	RLG_Alon_Ava	8652	1-8669	1-8663	8533	98.62	67	52	11	17	8	16	0	0
RLG_Alon_Ava	RLG_Alon_Ava	8668	1-8669	1-8680	8572	98.89	54	42	12	1	8	1	0	0
RLG_Alon_Ava	RLG_Alon_Ava	8669	1-8669	1-8681	8523	98.31	80	66	12	0	8	0	0	0
RLG_Alon_Ava	RLG_Alon_Ava	8665	1-8669	1-8668	8523	98.36	79	63	3	4	1	2	0	0
RLG_Alon_Ava	RLG_Alon_Ava	8668	1-8669	1-8682	8557	98.71	63	48	14	1	8	1	0	0
RLG_Alon_Ava	RLG_Alon_Ava	8663	1-8669	1-8671	8505	98.17	83	75	8	6	8	6	0	0
RLG_Alon_Ava	RLG_Alon_Ava	8667	1-8669	1-8679	8588	99.08	39	40	12	2	8	1	0	0
RLG_Alon_Ava	RLG_Alon_Ava	8666	1-8669	1-8674	8539	98.53	60	67	8	3	8	2	0	0
RLG_Alon_Ava	RLG_Alon_Ava	8598	1-8669	1-8611	8347	97.08	151	100	13	71	8	30	0	0
RLG_Alon_Ava	RLG_Alon_Ava	8610	1-8669	1-8621	8368	97.18	151	91	11	59	8	19	0	0
RLG_Alon_Ava	RLG_Alon_Ava	8667	1-8669	1-8700	8425	97.2	140	102	33	2	16	1	0	0
RLG_Alon_Ava	RLG_Alon_Ava	8664	1-8669	1-8683	8503	98.14	78	83	19	5	10	1	0	0
RLG_Alon_Ava	RLG_Alon_Ava	8662	1-8669	1-8671	8525	98.41	66	71	9	7	8	6	0	0
RLG_Alon_Ava	RLG_Alon_Ava	8663	1-8669	1-8673	8504	98.16	75	84	10	6	8	2	0	0
RLG_Alon_Ava	RLG_Alon_Ava	8650	1-8669	1-8664	8408	97.2	135	107	14	19	9	16	0	0
RLG_Alon_Ava	RLG_Alon_Ava	8664	1-8669	1-8722	8410	97.06	136	118	58	5	21	1	0	0
RLG_Alon_Ava	RLG_Alon_Ava	8626	1-8669	1-8637	8407	97.46	110	109	11	43	8	13	0	0
RLG_Alon_Ava	RLG_Alon_Ava	8659	1-8669	1-8674	8415	97.18	131	113	15	10	8	3	0	0
RLG_Alon_Ava	RLG_Alon_Ava	8635	1-8669	1-8646	8405	97.33	116	114	11	34	8	17	0	0
RLG_Alon_Ava	RLG_Alon_Ava	8668	1-8669	1-8676	8610	99.33	30	28	8	1	5	1	0	0
RLG_Alon_Ava	RLG_Alon_Ava	8668	1-8669	1-8677	8595	99.15	36	37	9	1	8	1	0	0
RLG_Alon_Ava	RLG_Alon_Ava	8623	1-8669	1-8663	8421	97.65	114	88	40	46	29	40	0	0
RLG_Alon_Ava	RLG_Alon_Ava	8651	1-8669	1-8663	8423	97.36	117	111	12	18	8	10	0	0
RLG_Alon_Ava	RLG_Alon_Ava	8661	1-8669	1-8679	8439	97.43	128	94	18	8	8	3	0	0
RLG_Alon_Ava	RLG_Alon_Ava	8660	1-8663	1-8679	8471	97.81	111	78	19	3	8	1	0	0
RLG_Alon_Ava	RLG_Alon_Ava	8642	1-8669	1-8669	8435	97.6	115	92	27	27	15	19	0	0
RLG_Alon_Ava	RLG_Alon_Ava	8661	1-8669	1-8682	8435	97.39	130	96	21	8	10	3	0	0
RLG_Alon_Ava	RLG_Alon_Ava	8655	1-8669	1-8687	8408	97.14	143	104	32	14	19	9	0	0
RLG_Alon_Ava	RLG_Alon_Ava	8646	1-8669	1-8657	8393	97.07	139	114	11	23	8	12	0	0
RLG_Alon_Ava	RLG_Alon_Ava	8651	1-8669	1-8662	8428	97.42	125	98	11	18	8	9	0	0
RLG_Alon_Ava	RLG_Alon_Ava	8664	1-8669	1-8677	8441	97.42	124	99	13	5	8	1	0	0
RLG_Alon_Ava	RLG_Alon_Ava	8630	1-8669	1-8639	8392	97.24	128	110	9	39	8	16	0	0
RLG_Alon_Ava	RLG_Alon_Ava	8661	1-8671	1-8669	8403	97.02	162	96	8	10	8	8	0	0
RLG_Alon_Ava	RLG_Alon_Ava	8670	1-8671	1-8676	8554	98.66	68	48	6	1	3	1	0	0
RLG_Alon_Ava	RLG_Alon_Ava	8660	1-8671	1-8676	8445	97.51	132	83	16	11	8	7	0	0
RLG_Alon_Ava	RLG_Alon_Ava	8661	1-8671	1-8669	8398	96.96	145	118	8	10	8	4	0	0
RLG_Alon_Ava	RLG_Alon_Ava	8664	1-8671	1-8673	8409	97.05	140	115	9	7	8	5	0	0
RLG_Alon_Ava	RLG_Alon_Ava	8669	1-8671	1-8678	8506	98.11	88	75	9	2	8	1	0	0
RLG_Alon_Ava	RLG_Alon_Ava	8671	1-8671	1-8681	8544	98.53	68	59	10	0	8	0	0	0
RLG_Alon_Ava	RLG_Alon_Ava	8671	1-8671	1-8683	8545	98.54	68	58	12	0	8	0	0	0
RLG_Alon_Ava	RLG_Alon_Ava	8669	1-8671	1-8686	8508	98.14	92	69	17	2	8	1	0	0
RLG_Alon_Ava	RLG_Alon_Ava	8668	1-8671	1-8679	8503	98.09	93	72	11	3	8	1	0	0
RLG_Alon_Ava	RLG_Alon_Ava	8668	1-8671	1-8677	8509	98.16	90	69	9	3	8	2	0	0
RLG_Alon_Ava	RLG_Alon_Ava	8668	1-8671	1-8677	8517	98.25	81	70	9	3	8	2	0	0
RLG_Alon_Ava	RLG_Alon_Ava	8668	1-8671	1-8681	8448	97.46	126	94	13	3	8	1	0	0
RLG_Alon_Ava	RLG_Alon_Ava	8668	1-8671	1-8677	8452	97.5	125	91	9	3	8	1	0	0
RLG_Alon_Ava	RLG_Alon_Ava	8653	1-8671	1-8663	8524	98.5	70	59	10	18	8	16	0	0
RLG_Alon_Ava	RLG_Alon_Ava	8671	1-8671	1-8680	8526	98.32	78	67	9	0	8	0	0	0
RLG_Alon_Ava	RLG_Alon_Ava	8670	1-8671	1-8681	8517	98.23	83	70	11	1	8	1	0	0
RLG_Alon_Ava	RLG_Alon_Ava	8664	1-8671	1-8668	8517	98.3	83	64	4	7	1	2	0	0
RLG_Alon_Ava	RLG_Alon_Ava	8671	1-8671	1-8682	8550	98.6	66	55	11	0	8	0	0	0
RLG_Alon_Ava	RLG_Alon_Ava	8662	1-8671	1-8671	8496	98.08	90	76	9	9	8	8	0	0
RLG_Alon_Ava	RLG_Alon_Ava	8670	1-8671	1-8679	8538	98.47	75	57	9	1	8	1	0	0
RLG_Alon_Ava	RLG_Alon_Ava	8665	1-8671	1-8674	8522	98.34	69	74	9	6	8	4	0	0
RLG_Alon_Ava	RLG_Alon_Ava	8598	1-8671	1-8611	8362	97.25	137	99	13	73	8	30	0	0
RLG_Alon_Ava	RLG_Alon_Ava	8610	1-8671	1-8621	8378	97.3	136	96	11	61	8	19	0	0
RLG_Alon_Ava	RLG_Alon_Ava	8670	1-8671	1-8700	8438	97.32	139	93	30	1	14	1	0	0
RLG_Alon_Ava	RLG_Alon_Ava	8667	1-8671	1-8683	8503	98.1	80	84	16	4	8	1	0	0
RLG_Alon_Ava	RLG_Alon_Ava	8662	1-8671	1-8671	8504	98.17	77	81	9	9	8	7	0	0
RLG_Alon_Ava	RLG_Alon_Ava	8664	1-8671	1-8673	8500	98.1	79	85	9	7	8	4	0	0
RLG_Alon_Ava	RLG_Alon_Ava	8653	1-8671	1-8664	8398	97.05	145	110	11	18	7	16	0	0
RLG_Alon_Ava	RLG_Alon_Ava	8665	1-8671	1-8722	8414	97.1	140	111	57	6	21	1	0	0
RLG_Alon_Ava	RLG_Alon_Ava	8627	1-8671	1-8637	8400	97.36	117	110	10	44	8	13	0	0
RLG_Alon_Ava	RLG_Alon_Ava	8662	1-8671	1-8674	8408	97.06	135	119	12	9	8	3	0	0
RLG_Alon_Ava	RLG_Alon_Ava	8636	1-8671	1-8646	8398	97.24	121	117	10	35	8	17	0	0
RLG_Alon_Ava	RLG_Alon_Ava	8671	1-8671	1-8676	8558	98.69	66	47	5	0	3	0	0	0
RLG_Alon_Ava	RLG_Alon_Ava	8669	1-8671	1-8677	8541	98.52	72	56	8	2	8	2	0	0
RLG_Alon_Ava	RLG_Alon_Ava	8626	1-8671	1-8663	8441	97.85	106	79	37	45	27	40	0	0
RLG_Alon_Ava	RLG_Alon_Ava	8652	1-8671	1-8663	8411	97.21	123	118	11	19	8	12	0	0
RLG_Alon_Ava	RLG_Alon_Ava	8664	1-8671	1-8679	8460	97.64	115	89	15	7	8	3	0	0
RLG_Alon_Ava	RLG_Alon_Ava	8663	1-8665	1-8679	8466	97.72	110	87	16	2	8	1	0	0
RLG_Alon_Ava	RLG_Alon_Ava	8645	1-8671	1-8669	8456	97.81	104	85	24	26	13	19	0	0
RLG_Alon_Ava	RLG_Alon_Ava	8664	1-8671	1-8682	8456	97.59	117	91	18	7	8	3	0	0
RLG_Alon_Ava	RLG_Alon_Ava	8658	1-8671	1-8687	8414	97.18	145	99	29	13	17	9	0	0
RLG_Alon_Ava	RLG_Alon_Ava	8647	1-8671	1-8657	8420	97.37	126	101	10	24	8	14	0	0
RLG_Alon_Ava	RLG_Alon_Ava	8652	1-8671	1-8662	8425	97.37	120	107	10	19	8	9	0	0
RLG_Alon_Ava	RLG_Alon_Ava	8665	1-8671	1-8677	8436	97.35	123	106	12	6	8	2	0	0
RLG_Alon_Ava	RLG_Alon_Ava	8631	1-8671	1-8639	8392	97.23	132	107	8	40	8	16	0	0
RLG_Alon_Ava	RLG_Alon_Ava	8660	1-8669	1-8676	8419	97.21	155	86	16	9	11	8	0	0
RLG_Alon_Ava	RLG_Alon_Ava	8667	1-8669	1-8676	8498	98.05	95	74	9	2	2	1	0	0
RLG_Alon_Ava	RLG_Alon_Ava	8665	1-8669	1-8669	8507	98.17	84	74	4	4	4	4	0	0
RLG_Alon_Ava	RLG_Alon_Ava	8669	1-8669	1-8673	8520	98.28	78	71	4	0	3	0	0	0
RLG_Alon_Ava	RLG_Alon_Ava	8667	1-8669	1-8678	8385	96.74	171	111	11	2	8	1	0	0
RLG_Alon_Ava	RLG_Alon_Ava	8669	1-8669	1-8681	8444	97.4	146	79	12	0	9	0	0	0
RLG_Alon_Ava	RLG_Alon_Ava	8669	1-8669	1-8683	8445	97.41	146	78	14	0	11	0	0	0
RLG_Alon_Ava	RLG_Alon_Ava	8667	1-8669	1-8686	8391	96.81	174	102	19	2	13	1	0	0
RLG_Alon_Ava	RLG_Alon_Ava	8666	1-8669	1-8679	8385	96.75	174	107	13	3	9	1	0	0
RLG_Alon_Ava	RLG_Alon_Ava	8668	1-8669	1-8677	8390	96.79	169	109	9	1	6	1	0	0
RLG_Alon_Ava	RLG_Alon_Ava	8668	1-8669	1-8677	8398	96.88	163	107	9	1	6	1	0	0
RLG_Alon_Ava	RLG_Alon_Ava	8666	1-8669	1-8681	8499	98.07	101	66	15	3	12	1	0	0
RLG_Alon_Ava	RLG_Alon_Ava	8666	1-8669	1-8677	8504	98.13	100	62	11	3	8	1	0	0
RLG_Alon_Ava	RLG_Alon_Ava	8653	1-8669	1-8663	8428	97.39	147	78	10	16	6	16	0	0
RLG_Alon_Ava	RLG_Alon_Ava	8669	1-8669	1-8680	8420	97.12	156	93	11	0	8	0	0	0
RLG_Alon_Ava	RLG_Alon_Ava	8668	1-8669	1-8681	8395	96.85	165	108	13	1	9	1	0	0
RLG_Alon_Ava	RLG_Alon_Ava	8656	1-8669	1-8668	8374	96.74	174	108	12	13	6	8	0	0
RLG_Alon_Ava	RLG_Alon_Ava	8669	1-8669	1-8682	8450	97.47	144	75	13	0	10	0	0	0
RLG_Alon_Ava	RLG_Alon_Ava	8668	1-8669	1-8671	8382	96.7	172	114	3	1	1	1	0	0
RLG_Alon_Ava	RLG_Alon_Ava	8668	1-8669	1-8679	8409	97.01	160	99	11	1	9	1	0	0
RLG_Alon_Ava	RLG_Alon_Ava	8667	1-8669	1-8674	8397	96.88	156	114	7	2	4	1	0	0
RLG_Alon_Ava	RLG_Alon_Ava	8606	1-8669	1-8611	8411	97.73	116	79	5	63	2	30	0	0
RLG_Alon_Ava	RLG_Alon_Ava	8618	1-8669	1-8621	8425	97.76	117	76	3	51	1	19	0	0
RLG_Alon_Ava	RLG_Alon_Ava	8669	1-8669	1-8700	8488	97.91	103	78	31	0	22	0	0	0
RLG_Alon_Ava	RLG_Alon_Ava	8665	1-8669	1-8683	8382	96.73	164	119	18	4	16	1	0	0
RLG_Alon_Ava	RLG_Alon_Ava	8667	1-8669	1-8671	8396	96.87	154	117	4	2	1	1	0	0
RLG_Alon_Ava	RLG_Alon_Ava	8666	1-8669	1-8673	8384	96.74	161	121	7	3	4	1	0	0
RLG_Alon_Ava	RLG_Alon_Ava	8648	1-8669	1-8664	8487	98.13	83	78	16	21	15	21	0	0
RLG_Alon_Ava	RLG_Alon_Ava	8665	1-8669	1-8722	8382	96.73	170	113	57	4	21	1	0	0
RLG_Alon_Ava	RLG_Alon_Ava	8635	1-8669	1-8637	8394	97.2	141	100	2	34	1	13	0	0
RLG_Alon_Ava	RLG_Alon_Ava	8662	1-8669	1-8674	8379	96.73	160	123	12	7	11	3	0	0
RLG_Alon_Ava	RLG_Alon_Ava	8644	1-8669	1-8646	8390	97.06	147	107	2	25	1	17	0	0
RLG_Alon_Ava	RLG_Alon_Ava	8661	1-8669	1-8676	8414	97.14	155	92	15	8	11	8	0	0
RLG_Alon_Ava	RLG_Alon_Ava	8669	1-8669	1-8677	8416	97.08	157	96	8	0	6	0	0	0
RLG_Alon_Ava	RLG_Alon_Ava	8626	1-8669	1-8663	8394	97.31	138	94	37	43	35	40	0	0
RLG_Alon_Ava	RLG_Alon_Ava	8660	1-8669	1-8663	8404	97.04	145	111	3	9	1	4	0	0
RLG_Alon_Ava	RLG_Alon_Ava	8664	1-8669	1-8679	8409	97.05	148	107	15	5	14	3	0	0
RLG_Alon_Ava	RLG_Alon_Ava	8661	1-8663	1-8679	8440	97.44	145	76	18	2	14	1	0	0
RLG_Alon_Ava	RLG_Alon_Ava	8645	1-8669	1-8669	8402	97.18	140	103	24	24	21	19	0	0
RLG_Alon_Ava	RLG_Alon_Ava	8664	1-8669	1-8682	8405	97.01	150	109	18	5	16	3	0	0
RLG_Alon_Ava	RLG_Alon_Ava	8658	1-8669	1-8687	8482	97.96	103	73	29	11	25	9	0	0
RLG_Alon_Ava	RLG_Alon_Ava	8655	1-8669	1-8657	8413	97.2	142	100	2	14	2	6	0	0
RLG_Alon_Ava	RLG_Alon_Ava	8657	1-8669	1-8662	8369	96.67	174	114	5	12	2	9	0	0
RLG_Alon_Ava	RLG_Alon_Ava	8664	1-8669	1-8677	8382	96.74	170	112	13	5	7	1	0	0
RLG_Alon_Ava	RLG_Alon_Ava	8639	1-8669	1-8639	8403	97.26	145	91	0	30	0	16	0	0
RLG_Alon_Ava	RLG_Alon_Ava	8661	1-8676	1-8676	8420	97.21	147	94	15	15	8	10	0	0
RLG_Alon_Ava	RLG_Alon_Ava	8660	1-8676	1-8669	8407	97.07	149	104	9	16	8	7	0	0
RLG_Alon_Ava	RLG_Alon_Ava	8663	1-8676	1-8673	8418	97.17	144	101	10	13	8	8	0	0
RLG_Alon_Ava	RLG_Alon_Ava	8670	1-8676	1-8678	8505	98.09	90	75	8	6	8	3	0	0
RLG_Alon_Ava	RLG_Alon_Ava	8671	1-8676	1-8681	8547	98.56	72	52	10	5	8	2	0	0
RLG_Alon_Ava	RLG_Alon_Ava	8673	1-8676	1-8683	8548	98.55	74	51	10	3	8	1	0	0
RLG_Alon_Ava	RLG_Alon_Ava	8673	1-8676	1-8686	8530	98.35	79	64	13	3	8	1	0	0
RLG_Alon_Ava	RLG_Alon_Ava	8670	1-8676	1-8679	8523	98.3	79	68	9	6	8	2	0	0
RLG_Alon_Ava	RLG_Alon_Ava	8669	1-8676	1-8677	8508	98.14	92	69	8	7	8	5	0	0
RLG_Alon_Ava	RLG_Alon_Ava	8669	1-8676	1-8677	8516	98.23	83	70	8	7	8	5	0	0
RLG_Alon_Ava	RLG_Alon_Ava	8671	1-8676	1-8681	8464	97.61	127	80	10	5	8	1	0	0
RLG_Alon_Ava	RLG_Alon_Ava	8668	1-8676	1-8677	8465	97.65	126	77	9	8	8	3	0	0
RLG_Alon_Ava	RLG_Alon_Ava	8652	1-8676	1-8663	8526	98.54	73	53	11	24	8	16	0	0
RLG_Alon_Ava	RLG_Alon_Ava	8670	1-8676	1-8680	8567	98.81	60	43	10	6	8	3	0	0
RLG_Alon_Ava	RLG_Alon_Ava	8672	1-8676	1-8681	8516	98.2	85	71	9	4	8	2	0	0
RLG_Alon_Ava	RLG_Alon_Ava	8665	1-8676	1-8668	8516	98.28	85	64	3	11	1	5	0	0
RLG_Alon_Ava	RLG_Alon_Ava	8672	1-8676	1-8682	8553	98.62	70	49	10	4	8	1	0	0
RLG_Alon_Ava	RLG_Alon_Ava	8663	1-8676	1-8671	8495	98.06	92	76	8	13	8	11	0	0
RLG_Alon_Ava	RLG_Alon_Ava	8670	1-8676	1-8679	8600	99.19	33	37	9	6	8	2	0	0
RLG_Alon_Ava	RLG_Alon_Ava	8666	1-8676	1-8674	8531	98.44	67	68	8	10	8	7	0	0
RLG_Alon_Ava	RLG_Alon_Ava	8598	1-8676	1-8611	8343	97.03	158	97	13	78	8	30	0	0
RLG_Alon_Ava	RLG_Alon_Ava	8610	1-8676	1-8621	8364	97.14	158	88	11	66	8	19	0	0
RLG_Alon_Ava	RLG_Alon_Ava	8672	1-8676	1-8700	8424	97.14	149	99	28	4	11	1	0	0
RLG_Alon_Ava	RLG_Alon_Ava	8669	1-8676	1-8683	8508	98.14	83	78	14	7	8	1	0	0
RLG_Alon_Ava	RLG_Alon_Ava	8663	1-8676	1-8671	8515	98.29	74	74	8	13	8	10	0	0
RLG_Alon_Ava	RLG_Alon_Ava	8663	1-8676	1-8673	8504	98.16	80	79	10	13	8	7	0	0
RLG_Alon_Ava	RLG_Alon_Ava	8655	1-8676	1-8664	8407	97.13	143	105	9	21	4	16	0	0
RLG_Alon_Ava	RLG_Alon_Ava	8668	1-8676	1-8722	8418	97.11	139	111	54	8	21	1	0	0
RLG_Alon_Ava	RLG_Alon_Ava	8626	1-8676	1-8637	8403	97.41	117	106	11	50	8	16	0	0
RLG_Alon_Ava	RLG_Alon_Ava	8664	1-8676	1-8674	8418	97.16	139	107	10	12	8	3	0	0
RLG_Alon_Ava	RLG_Alon_Ava	8635	1-8676	1-8646	8401	97.29	123	111	11	41	8	17	0	0
RLG_Alon_Ava	RLG_Alon_Ava	8673	1-8676	1-8676	8622	99.41	25	26	3	3	1	1	0	0
RLG_Alon_Ava	RLG_Alon_Ava	8668	1-8676	1-8677	8604	99.26	30	34	9	8	8	5	0	0
RLG_Alon_Ava	RLG_Alon_Ava	8628	1-8676	1-8663	8421	97.6	122	85	35	48	24	40	0	0
RLG_Alon_Ava	RLG_Alon_Ava	8651	1-8676	1-8663	8419	97.31	124	108	12	25	8	15	0	0
RLG_Alon_Ava	RLG_Alon_Ava	8666	1-8676	1-8679	8442	97.41	132	92	13	10	8	3	0	0
RLG_Alon_Ava	RLG_Alon_Ava	8665	1-8670	1-8679	8476	97.81	114	75	14	5	8	1	0	0
RLG_Alon_Ava	RLG_Alon_Ava	8647	1-8676	1-8669	8440	97.6	122	85	22	29	10	19	0	0
RLG_Alon_Ava	RLG_Alon_Ava	8666	1-8676	1-8682	8438	97.36	134	94	16	10	8	3	0	0
RLG_Alon_Ava	RLG_Alon_Ava	8660	1-8676	1-8687	8408	97.09	151	101	27	16	14	9	0	0
RLG_Alon_Ava	RLG_Alon_Ava	8646	1-8676	1-8657	8394	97.08	145	107	11	30	8	17	0	0
RLG_Alon_Ava	RLG_Alon_Ava	8651	1-8676	1-8662	8435	97.5	123	93	11	25	8	9	0	0
RLG_Alon_Ava	RLG_Alon_Ava	8664	1-8676	1-8677	8447	97.49	127	90	13	12	8	5	0	0
RLG_Alon_Ava	RLG_Alon_Ava	8630	1-8676	1-8639	8396	97.28	131	103	9	46	8	16	0	0
RLG_Alon_Ava	RLG_Alon_Ava	8664	1-8676	1-8669	8492	98.01	87	85	5	12	3	4	0	0
RLG_Alon_Ava	RLG_Alon_Ava	8669	1-8676	1-8673	8505	98.1	82	82	4	7	2	2	0	0
RLG_Alon_Ava	RLG_Alon_Ava	8666	1-8676	1-8678	8404	96.97	151	111	12	10	7	2	0	0
RLG_Alon_Ava	RLG_Alon_Ava	8669	1-8676	1-8681	8436	97.31	137	96	12	7	8	1	0	0
RLG_Alon_Ava	RLG_Alon_Ava	8669	1-8676	1-8683	8437	97.32	137	95	14	7	10	1	0	0
RLG_Alon_Ava	RLG_Alon_Ava	8668	1-8676	1-8686	8410	97.02	156	102	18	8	12	1	0	0
RLG_Alon_Ava	RLG_Alon_Ava	8666	1-8676	1-8679	8405	96.98	156	105	13	10	8	1	0	0
RLG_Alon_Ava	RLG_Alon_Ava	8667	1-8676	1-8677	8406	96.98	155	106	10	9	5	2	0	0
RLG_Alon_Ava	RLG_Alon_Ava	8667	1-8676	1-8677	8416	97.1	145	106	10	9	5	2	0	0
RLG_Alon_Ava	RLG_Alon_Ava	8666	1-8676	1-8681	8498	98.06	84	84	15	10	11	2	0	0
RLG_Alon_Ava	RLG_Alon_Ava	8666	1-8676	1-8677	8503	98.11	83	80	11	10	7	2	0	0
RLG_Alon_Ava	RLG_Alon_Ava	8654	1-8676	1-8663	8420	97.29	138	96	9	22	5	16	0	0
RLG_Alon_Ava	RLG_Alon_Ava	8668	1-8676	1-8680	8418	97.11	146	104	12	8	7	2	0	0
RLG_Alon_Ava	RLG_Alon_Ava	8668	1-8676	1-8681	8415	97.08	147	106	13	8	8	2	0	0
RLG_Alon_Ava	RLG_Alon_Ava	8655	1-8676	1-8668	8400	97.05	154	101	13	21	5	8	0	0
RLG_Alon_Ava	RLG_Alon_Ava	8669	1-8676	1-8682	8443	97.39	134	92	13	7	9	1	0	0
RLG_Alon_Ava	RLG_Alon_Ava	8666	1-8676	1-8671	8403	96.96	152	111	5	10	1	2	0	0
RLG_Alon_Ava	RLG_Alon_Ava	8667	1-8676	1-8679	8408	97.01	150	109	12	9	8	2	0	0
RLG_Alon_Ava	RLG_Alon_Ava	8666	1-8676	1-8674	8410	97.04	142	114	8	10	3	2	0	0
RLG_Alon_Ava	RLG_Alon_Ava	8604	1-8676	1-8611	8441	98.1	92	71	7	72	2	30	0	0
RLG_Alon_Ava	RLG_Alon_Ava	8617	1-8676	1-8621	8460	98.17	89	68	4	59	1	19	0	0
RLG_Alon_Ava	RLG_Alon_Ava	8669	1-8676	1-8700	8503	98.08	94	72	31	7	21	2	0	0
RLG_Alon_Ava	RLG_Alon_Ava	8664	1-8676	1-8683	8391	96.84	153	120	19	12	15	2	0	0
RLG_Alon_Ava	RLG_Alon_Ava	8666	1-8676	1-8671	8398	96.9	148	120	5	10	1	2	0	0
RLG_Alon_Ava	RLG_Alon_Ava	8666	1-8676	1-8673	8393	96.84	151	122	7	10	3	2	0	0
RLG_Alon_Ava	RLG_Alon_Ava	8648	1-8676	1-8664	8493	98.2	83	72	16	28	14	21	0	0
RLG_Alon_Ava	RLG_Alon_Ava	8666	1-8676	1-8722	8388	96.79	160	118	56	10	21	2	0	0
RLG_Alon_Ava	RLG_Alon_Ava	8634	1-8676	1-8637	8395	97.23	137	102	3	42	1	13	0	0
RLG_Alon_Ava	RLG_Alon_Ava	8662	1-8676	1-8674	8386	96.81	152	124	12	14	10	3	0	0
RLG_Alon_Ava	RLG_Alon_Ava	8643	1-8676	1-8646	8394	97.11	140	109	3	33	1	17	0	0
RLG_Alon_Ava	RLG_Alon_Ava	8661	1-8676	1-8676	8420	97.21	146	95	15	15	10	8	0	0
RLG_Alon_Ava	RLG_Alon_Ava	8668	1-8676	1-8677	8413	97.05	150	105	9	8	5	2	0	0
RLG_Alon_Ava	RLG_Alon_Ava	8626	1-8676	1-8663	8424	97.65	121	81	37	50	34	40	0	0
RLG_Alon_Ava	RLG_Alon_Ava	8659	1-8676	1-8663	8406	97.07	136	117	4	17	1	5	0	0
RLG_Alon_Ava	RLG_Alon_Ava	8663	1-8676	1-8679	8437	97.39	133	93	16	13	13	3	0	0
RLG_Alon_Ava	RLG_Alon_Ava	8661	1-8671	1-8680	8438	97.42	131	92	19	10	13	2	0	0
RLG_Alon_Ava	RLG_Alon_Ava	8644	1-8676	1-8669	8430	97.52	125	89	25	32	20	19	0	0
RLG_Alon_Ava	RLG_Alon_Ava	8664	1-8676	1-8682	8434	97.34	135	95	18	12	15	3	0	0
RLG_Alon_Ava	RLG_Alon_Ava	8658	1-8676	1-8687	8481	97.95	98	79	29	18	24	9	0	0
RLG_Alon_Ava	RLG_Alon_Ava	8654	1-8676	1-8657	8455	97.7	120	79	3	22	1	7	0	0
RLG_Alon_Ava	RLG_Alon_Ava	8658	1-8676	1-8662	8372	96.69	162	124	4	18	1	9	0	0
RLG_Alon_Ava	RLG_Alon_Ava	8666	1-8676	1-8677	8385	96.75	158	123	11	10	5	2	0	0
RLG_Alon_Ava	RLG_Alon_Ava	8637	1-8676	1-8639	8395	97.19	143	99	2	39	1	16	0	0
RLG_Alon_Ava	RLG_Alon_Ava	8668	1-8669	1-8673	8646	99.74	9	13	5	1	4	1	0	0
RLG_Alon_Ava	RLG_Alon_Ava	8667	1-8669	1-8678	8388	96.78	160	119	11	2	4	1	0	0
RLG_Alon_Ava	RLG_Alon_Ava	8669	1-8669	1-8681	8468	97.68	114	87	12	0	5	0	0	0
RLG_Alon_Ava	RLG_Alon_Ava	8669	1-8669	1-8683	8469	97.69	114	86	14	0	7	0	0	0
RLG_Alon_Ava	RLG_Alon_Ava	8667	1-8669	1-8686	8397	96.88	162	108	19	2	9	1	0	0
RLG_Alon_Ava	RLG_Alon_Ava	8666	1-8669	1-8679	8392	96.83	162	112	13	3	5	1	0	0
RLG_Alon_Ava	RLG_Alon_Ava	8668	1-8669	1-8677	8392	96.81	161	115	9	1	4	1	0	0
RLG_Alon_Ava	RLG_Alon_Ava	8668	1-8669	1-8677	8403	96.94	152	113	9	1	4	1	0	0
RLG_Alon_Ava	RLG_Alon_Ava	8666	1-8669	1-8681	8513	98.23	73	80	15	3	8	1	0	0
RLG_Alon_Ava	RLG_Alon_Ava	8666	1-8669	1-8677	8517	98.28	73	76	11	3	4	1	0	0
RLG_Alon_Ava	RLG_Alon_Ava	8653	1-8669	1-8663	8450	97.65	117	86	10	16	4	16	0	0
RLG_Alon_Ava	RLG_Alon_Ava	8669	1-8669	1-8680	8407	96.97	143	119	11	0	4	0	0	0
RLG_Alon_Ava	RLG_Alon_Ava	8668	1-8669	1-8681	8400	96.9	153	115	13	1	5	1	0	0
RLG_Alon_Ava	RLG_Alon_Ava	8656	1-8669	1-8668	8383	96.84	161	112	12	13	4	8	0	0
RLG_Alon_Ava	RLG_Alon_Ava	8669	1-8669	1-8682	8474	97.75	112	83	13	0	6	0	0	0
RLG_Alon_Ava	RLG_Alon_Ava	8664	1-8669	1-8671	8386	96.79	159	119	7	5	4	4	0	0
RLG_Alon_Ava	RLG_Alon_Ava	8668	1-8669	1-8679	8394	96.83	151	123	11	1	5	1	0	0
RLG_Alon_Ava	RLG_Alon_Ava	8667	1-8669	1-8674	8413	97.06	140	114	7	2	4	1	0	0
RLG_Alon_Ava	RLG_Alon_Ava	8602	1-8669	1-8611	8430	98	89	83	9	67	4	30	0	0
RLG_Alon_Ava	RLG_Alon_Ava	8614	1-8669	1-8621	8445	98.03	89	80	7	55	4	19	0	0
RLG_Alon_Ava	RLG_Alon_Ava	8669	1-8669	1-8700	8470	97.7	99	100	31	0	18	0	0	0
RLG_Alon_Ava	RLG_Alon_Ava	8665	1-8669	1-8683	8382	96.73	157	126	18	4	12	1	0	0
RLG_Alon_Ava	RLG_Alon_Ava	8664	1-8669	1-8671	8405	97.01	141	118	7	5	4	3	0	0
RLG_Alon_Ava	RLG_Alon_Ava	8666	1-8669	1-8673	8383	96.73	156	127	7	3	4	1	0	0
RLG_Alon_Ava	RLG_Alon_Ava	8648	1-8669	1-8664	8488	98.14	86	74	16	21	11	21	0	0
RLG_Alon_Ava	RLG_Alon_Ava	8665	1-8669	1-8722	8370	96.59	167	128	57	4	21	1	0	0
RLG_Alon_Ava	RLG_Alon_Ava	8631	1-8669	1-8637	8384	97.13	135	112	6	38	4	13	0	0
RLG_Alon_Ava	RLG_Alon_Ava	8662	1-8669	1-8674	8365	96.57	161	136	12	7	7	3	0	0
RLG_Alon_Ava	RLG_Alon_Ava	8640	1-8669	1-8646	8385	97.04	138	117	6	29	4	17	0	0
RLG_Alon_Ava	RLG_Alon_Ava	8661	1-8669	1-8676	8400	96.98	147	114	15	8	7	8	0	0
RLG_Alon_Ava	RLG_Alon_Ava	8669	1-8669	1-8677	8399	96.88	150	120	8	0	4	0	0	0
RLG_Alon_Ava	RLG_Alon_Ava	8626	1-8669	1-8663	8364	96.96	139	123	37	43	31	40	0	0
RLG_Alon_Ava	RLG_Alon_Ava	8656	1-8669	1-8663	8390	96.92	143	123	7	13	4	8	0	0
RLG_Alon_Ava	RLG_Alon_Ava	8664	1-8669	1-8679	8380	96.72	152	132	15	5	10	3	0	0
RLG_Alon_Ava	RLG_Alon_Ava	8661	1-8663	1-8679	8456	97.63	117	88	18	2	10	1	0	0
RLG_Alon_Ava	RLG_Alon_Ava	8645	1-8669	1-8669	8376	96.88	140	129	24	24	17	19	0	0
RLG_Alon_Ava	RLG_Alon_Ava	8664	1-8669	1-8682	8376	96.67	153	135	18	5	12	3	0	0
RLG_Alon_Ava	RLG_Alon_Ava	8658	1-8669	1-8687	8468	97.8	96	94	29	11	21	9	0	0
RLG_Alon_Ava	RLG_Alon_Ava	8651	1-8669	1-8657	8378	96.84	145	128	6	18	4	10	0	0
RLG_Alon_Ava	RLG_Alon_Ava	8654	1-8669	1-8662	8376	96.78	151	127	8	15	4	9	0	0
RLG_Alon_Ava	RLG_Alon_Ava	8664	1-8669	1-8677	8391	96.84	148	125	13	5	4	1	0	0
RLG_Alon_Ava	RLG_Alon_Ava	8635	1-8669	1-8639	8388	97.13	140	107	4	34	4	16	0	0
RLG_Alon_Ava	RLG_Alon_Ava	8670	1-8673	1-8678	8399	96.87	154	117	8	3	5	1	0	0
RLG_Alon_Ava	RLG_Alon_Ava	8672	1-8673	1-8681	8479	97.77	109	84	9	1	6	1	0	0
RLG_Alon_Ava	RLG_Alon_Ava	8672	1-8673	1-8683	8480	97.78	109	83	11	1	8	1	0	0
RLG_Alon_Ava	RLG_Alon_Ava	8671	1-8673	1-8686	8410	96.98	157	104	15	2	10	1	0	0
RLG_Alon_Ava	RLG_Alon_Ava	8669	1-8673	1-8679	8403	96.93	157	109	10	4	6	1	0	0
RLG_Alon_Ava	RLG_Alon_Ava	8671	1-8673	1-8677	8403	96.9	156	112	6	2	3	1	0	0
RLG_Alon_Ava	RLG_Alon_Ava	8671	1-8673	1-8677	8414	97.03	146	111	6	2	3	1	0	0
RLG_Alon_Ava	RLG_Alon_Ava	8669	1-8673	1-8681	8524	98.32	68	77	12	4	9	1	0	0
RLG_Alon_Ava	RLG_Alon_Ava	8669	1-8673	1-8677	8528	98.37	67	74	8	4	5	1	0	0
RLG_Alon_Ava	RLG_Alon_Ava	8657	1-8673	1-8663	8462	97.74	111	84	6	16	3	16	0	0
RLG_Alon_Ava	RLG_Alon_Ava	8672	1-8673	1-8680	8418	97.07	138	116	8	1	5	1	0	0
RLG_Alon_Ava	RLG_Alon_Ava	8672	1-8673	1-8681	8413	97.01	148	111	9	1	6	1	0	0
RLG_Alon_Ava	RLG_Alon_Ava	8659	1-8673	1-8668	8394	96.93	156	109	9	14	3	8	0	0
RLG_Alon_Ava	RLG_Alon_Ava	8672	1-8673	1-8682	8485	97.84	107	80	10	1	7	1	0	0
RLG_Alon_Ava	RLG_Alon_Ava	8668	1-8673	1-8671	8398	96.88	154	116	3	5	1	3	0	0
RLG_Alon_Ava	RLG_Alon_Ava	8671	1-8673	1-8679	8405	96.93	146	120	8	2	6	1	0	0
RLG_Alon_Ava	RLG_Alon_Ava	8670	1-8673	1-8674	8423	97.15	134	113	4	3	1	2	0	0
RLG_Alon_Ava	RLG_Alon_Ava	8606	1-8673	1-8611	8443	98.1	84	79	5	67	2	30	0	0
RLG_Alon_Ava	RLG_Alon_Ava	8619	1-8673	1-8621	8456	98.1	86	77	2	54	1	19	0	0
RLG_Alon_Ava	RLG_Alon_Ava	8672	1-8673	1-8700	8481	97.79	94	97	28	1	19	1	0	0
RLG_Alon_Ava	RLG_Alon_Ava	8668	1-8673	1-8683	8393	96.82	152	123	15	5	13	2	0	0
RLG_Alon_Ava	RLG_Alon_Ava	8668	1-8673	1-8671	8417	97.1	136	115	3	5	1	2	0	0
RLG_Alon_Ava	RLG_Alon_Ava	8670	1-8673	1-8673	8395	96.82	151	124	3	3	1	1	0	0
RLG_Alon_Ava	RLG_Alon_Ava	8651	1-8673	1-8664	8499	98.24	81	71	13	22	12	21	0	0
RLG_Alon_Ava	RLG_Alon_Ava	8669	1-8673	1-8722	8382	96.68	162	125	53	4	21	1	0	0
RLG_Alon_Ava	RLG_Alon_Ava	8635	1-8673	1-8637	8396	97.23	130	109	2	38	1	13	0	0
RLG_Alon_Ava	RLG_Alon_Ava	8665	1-8673	1-8674	8377	96.67	157	131	9	8	8	3	0	0
RLG_Alon_Ava	RLG_Alon_Ava	8644	1-8673	1-8646	8397	97.14	133	114	2	29	1	17	0	0
RLG_Alon_Ava	RLG_Alon_Ava	8665	1-8673	1-8676	8412	97.08	142	111	11	8	8	8	0	0
RLG_Alon_Ava	RLG_Alon_Ava	8672	1-8673	1-8677	8410	96.97	145	117	5	1	3	1	0	0
RLG_Alon_Ava	RLG_Alon_Ava	8629	1-8673	1-8663	8375	97.05	134	120	34	44	32	40	0	0
RLG_Alon_Ava	RLG_Alon_Ava	8661	1-8673	1-8663	8403	97.02	138	120	2	12	1	7	0	0
RLG_Alon_Ava	RLG_Alon_Ava	8667	1-8673	1-8679	8392	96.82	145	130	12	6	11	3	0	0
RLG_Alon_Ava	RLG_Alon_Ava	8664	1-8667	1-8679	8467	97.72	112	85	15	3	11	1	0	0
RLG_Alon_Ava	RLG_Alon_Ava	8648	1-8673	1-8669	8387	96.98	135	126	21	25	18	19	0	0
RLG_Alon_Ava	RLG_Alon_Ava	8668	1-8673	1-8682	8389	96.78	147	132	14	5	13	3	0	0
RLG_Alon_Ava	RLG_Alon_Ava	8661	1-8673	1-8687	8479	97.89	91	91	26	12	22	9	0	0
RLG_Alon_Ava	RLG_Alon_Ava	8655	1-8673	1-8657	8390	96.93	140	125	2	18	2	9	0	0
RLG_Alon_Ava	RLG_Alon_Ava	8658	1-8673	1-8662	8387	96.86	147	124	4	15	2	9	0	0
RLG_Alon_Ava	RLG_Alon_Ava	8667	1-8673	1-8677	8402	96.94	143	122	10	6	4	2	0	0
RLG_Alon_Ava	RLG_Alon_Ava	8639	1-8673	1-8639	8400	97.23	135	104	0	34	0	16	0	0
RLG_Alon_Ava	RLG_Alon_Ava	8677	1-8678	1-8681	8525	98.24	83	69	4	1	1	1	0	0
RLG_Alon_Ava	RLG_Alon_Ava	8677	1-8678	1-8683	8526	98.25	83	68	6	1	3	1	0	0
RLG_Alon_Ava	RLG_Alon_Ava	8677	1-8678	1-8686	8642	99.59	22	13	9	1	5	1	0	0
RLG_Alon_Ava	RLG_Alon_Ava	8676	1-8678	1-8679	8634	99.51	24	18	3	2	1	1	0	0
RLG_Alon_Ava	RLG_Alon_Ava	8676	1-8678	1-8677	8637	99.55	23	16	1	2	1	2	0	0
RLG_Alon_Ava	RLG_Alon_Ava	8676	1-8678	1-8677	8656	99.76	8	12	1	2	1	2	0	0
RLG_Alon_Ava	RLG_Alon_Ava	8675	1-8678	1-8681	8440	97.29	135	100	6	3	3	1	0	0
RLG_Alon_Ava	RLG_Alon_Ava	8675	1-8678	1-8677	8442	97.31	134	99	2	3	1	1	0	0
RLG_Alon_Ava	RLG_Alon_Ava	8659	1-8678	1-8663	8509	98.26	83	67	4	19	1	16	0	0
RLG_Alon_Ava	RLG_Alon_Ava	8677	1-8678	1-8680	8525	98.24	73	79	3	1	1	1	0	0
RLG_Alon_Ava	RLG_Alon_Ava	8678	1-8678	1-8681	8655	99.73	10	13	3	0	1	0	0	0
RLG_Alon_Ava	RLG_Alon_Ava	8664	1-8678	1-8668	8612	99.39	26	26	4	14	1	8	0	0
RLG_Alon_Ava	RLG_Alon_Ava	8677	1-8678	1-8682	8532	98.32	80	65	5	1	2	1	0	0
RLG_Alon_Ava	RLG_Alon_Ava	8670	1-8678	1-8671	8654	99.81	9	7	1	8	1	8	0	0
RLG_Alon_Ava	RLG_Alon_Ava	8676	1-8678	1-8679	8501	97.98	92	83	3	2	1	1	0	0
RLG_Alon_Ava	RLG_Alon_Ava	8673	1-8678	1-8674	8552	98.6	60	61	1	5	1	4	0	0
RLG_Alon_Ava	RLG_Alon_Ava	8605	1-8678	1-8611	8323	96.72	160	122	6	73	2	30	0	0
RLG_Alon_Ava	RLG_Alon_Ava	8617	1-8678	1-8621	8338	96.76	161	118	4	61	1	19	0	0
RLG_Alon_Ava	RLG_Alon_Ava	8676	1-8678	1-8700	8421	97.06	148	107	24	2	14	1	0	0
RLG_Alon_Ava	RLG_Alon_Ava	8673	1-8678	1-8683	8520	98.23	76	77	10	5	8	1	0	0
RLG_Alon_Ava	RLG_Alon_Ava	8670	1-8678	1-8671	8540	98.5	65	65	1	8	1	6	0	0
RLG_Alon_Ava	RLG_Alon_Ava	8670	1-8678	1-8673	8514	98.2	76	80	3	8	1	4	0	0
RLG_Alon_Ava	RLG_Alon_Ava	8654	1-8678	1-8664	8374	96.76	160	120	10	24	7	21	0	0
RLG_Alon_Ava	RLG_Alon_Ava	8673	1-8678	1-8722	8460	97.54	118	95	49	5	21	1	0	0
RLG_Alon_Ava	RLG_Alon_Ava	8633	1-8678	1-8637	8437	97.72	102	94	4	45	1	13	0	0
RLG_Alon_Ava	RLG_Alon_Ava	8668	1-8678	1-8674	8426	97.2	127	115	6	10	3	3	0	0
RLG_Alon_Ava	RLG_Alon_Ava	8642	1-8678	1-8646	8440	97.66	103	99	4	36	1	17	0	0
RLG_Alon_Ava	RLG_Alon_Ava	8669	1-8678	1-8676	8493	97.96	93	83	7	9	3	8	0	0
RLG_Alon_Ava	RLG_Alon_Ava	8675	1-8678	1-8677	8507	98.06	89	79	2	3	1	2	0	0
RLG_Alon_Ava	RLG_Alon_Ava	8632	1-8678	1-8663	8415	97.48	117	100	31	46	27	40	0	0
RLG_Alon_Ava	RLG_Alon_Ava	8658	1-8678	1-8663	8434	97.41	115	109	5	20	1	12	0	0
RLG_Alon_Ava	RLG_Alon_Ava	8670	1-8678	1-8679	8453	97.49	115	102	9	8	6	3	0	0
RLG_Alon_Ava	RLG_Alon_Ava	8669	1-8672	1-8679	8446	97.42	124	99	10	3	6	1	0	0
RLG_Alon_Ava	RLG_Alon_Ava	8651	1-8678	1-8669	8446	97.63	106	99	18	27	13	19	0	0
RLG_Alon_Ava	RLG_Alon_Ava	8670	1-8678	1-8682	8449	97.45	117	104	12	8	8	3	0	0
RLG_Alon_Ava	RLG_Alon_Ava	8664	1-8678	1-8687	8410	97.06	153	101	23	14	17	9	0	0
RLG_Alon_Ava	RLG_Alon_Ava	8653	1-8678	1-8657	8384	96.89	145	124	4	25	2	14	0	0
RLG_Alon_Ava	RLG_Alon_Ava	8658	1-8678	1-8662	8427	97.33	122	109	4	20	2	9	0	0
RLG_Alon_Ava	RLG_Alon_Ava	8671	1-8678	1-8677	8442	97.35	120	109	6	7	4	1	0	0
RLG_Alon_Ava	RLG_Alon_Ava	8637	1-8678	1-8639	8381	97.03	146	110	2	41	1	16	0	0
RLG_Alon_Ava	RLG_Alon_Ava	8681	1-8681	1-8683	8680	99.98	0	1	2	0	2	0	0	0
RLG_Alon_Ava	RLG_Alon_Ava	8679	1-8681	1-8686	8528	98.26	89	62	7	2	4	1	0	0
RLG_Alon_Ava	RLG_Alon_Ava	8678	1-8681	1-8679	8523	98.21	89	66	1	3	1	1	0	0
RLG_Alon_Ava	RLG_Alon_Ava	8676	1-8681	1-8677	8526	98.27	86	64	1	5	1	3	0	0
RLG_Alon_Ava	RLG_Alon_Ava	8676	1-8681	1-8677	8536	98.38	77	63	1	5	1	3	0	0
RLG_Alon_Ava	RLG_Alon_Ava	8677	1-8681	1-8681	8541	98.43	84	52	4	4	3	1	0	0
RLG_Alon_Ava	RLG_Alon_Ava	8676	1-8681	1-8677	8547	98.51	81	48	1	5	1	1	0	0
RLG_Alon_Ava	RLG_Alon_Ava	8662	1-8681	1-8663	8632	99.65	18	12	1	19	1	16	0	0
RLG_Alon_Ava	RLG_Alon_Ava	8679	1-8681	1-8680	8553	98.54	70	56	1	2	1	1	0	0
RLG_Alon_Ava	RLG_Alon_Ava	8679	1-8681	1-8681	8535	98.34	79	65	2	2	1	1	0	0
RLG_Alon_Ava	RLG_Alon_Ava	8664	1-8681	1-8668	8501	98.11	92	71	4	17	1	8	0	0
RLG_Alon_Ava	RLG_Alon_Ava	8681	1-8681	1-8682	8659	99.74	13	9	1	0	1	0	0	0
RLG_Alon_Ava	RLG_Alon_Ava	8670	1-8681	1-8671	8517	98.23	84	69	1	11	1	9	0	0
RLG_Alon_Ava	RLG_Alon_Ava	8679	1-8681	1-8679	8555	98.57	67	57	0	2	0	1	0	0
RLG_Alon_Ava	RLG_Alon_Ava	8673	1-8681	1-8674	8546	98.53	62	65	1	8	1	5	0	0
RLG_Alon_Ava	RLG_Alon_Ava	8606	1-8681	1-8611	8378	97.35	130	98	5	75	2	30	0	0
RLG_Alon_Ava	RLG_Alon_Ava	8618	1-8681	1-8621	8391	97.36	134	93	3	63	1	19	0	0
RLG_Alon_Ava	RLG_Alon_Ava	8679	1-8681	1-8700	8463	97.51	125	91	21	2	13	1	0	0
RLG_Alon_Ava	RLG_Alon_Ava	8676	1-8681	1-8683	8523	98.23	76	77	7	5	7	1	0	0
RLG_Alon_Ava	RLG_Alon_Ava	8670	1-8681	1-8671	8539	98.48	64	67	1	11	1	8	0	0
RLG_Alon_Ava	RLG_Alon_Ava	8672	1-8681	1-8673	8519	98.23	75	78	1	9	1	5	0	0
RLG_Alon_Ava	RLG_Alon_Ava	8657	1-8681	1-8664	8433	97.41	130	94	7	24	6	21	0	0
RLG_Alon_Ava	RLG_Alon_Ava	8674	1-8681	1-8722	8444	97.34	128	102	48	7	21	1	0	0
RLG_Alon_Ava	RLG_Alon_Ava	8636	1-8681	1-8637	8431	97.62	105	100	1	45	1	14	0	0
RLG_Alon_Ava	RLG_Alon_Ava	8671	1-8681	1-8674	8421	97.11	131	119	3	10	2	3	0	0
RLG_Alon_Ava	RLG_Alon_Ava	8645	1-8681	1-8646	8431	97.52	109	105	1	36	1	17	0	0
RLG_Alon_Ava	RLG_Alon_Ava	8672	1-8681	1-8676	8544	98.52	71	57	4	9	2	8	0	0
RLG_Alon_Ava	RLG_Alon_Ava	8677	1-8681	1-8677	8560	98.65	64	53	0	4	0	3	0	0
RLG_Alon_Ava	RLG_Alon_Ava	8636	1-8681	1-8663	8434	97.66	108	94	27	45	26	40	0	0
RLG_Alon_Ava	RLG_Alon_Ava	8660	1-8681	1-8663	8442	97.48	115	103	3	21	1	13	0	0
RLG_Alon_Ava	RLG_Alon_Ava	8673	1-8681	1-8679	8447	97.39	125	101	6	8	5	3	0	0
RLG_Alon_Ava	RLG_Alon_Ava	8672	1-8675	1-8679	8547	98.55	76	49	7	3	5	1	0	0
RLG_Alon_Ava	RLG_Alon_Ava	8654	1-8681	1-8669	8446	97.59	111	97	15	27	12	19	0	0
RLG_Alon_Ava	RLG_Alon_Ava	8673	1-8681	1-8682	8443	97.34	126	104	9	8	7	3	0	0
RLG_Alon_Ava	RLG_Alon_Ava	8667	1-8681	1-8687	8450	97.49	129	88	20	14	16	9	0	0
RLG_Alon_Ava	RLG_Alon_Ava	8655	1-8681	1-8657	8419	97.27	129	107	2	26	2	15	0	0
RLG_Alon_Ava	RLG_Alon_Ava	8656	1-8681	1-8662	8478	97.94	95	83	6	25	5	13	0	0
RLG_Alon_Ava	RLG_Alon_Ava	8674	1-8681	1-8677	8492	97.9	95	87	3	7	3	3	0	0
RLG_Alon_Ava	RLG_Alon_Ava	8639	1-8681	1-8639	8422	97.48	119	98	0	42	0	16	0	0
RLG_Alon_Ava	RLG_Alon_Ava	8681	1-8683	1-8686	8531	98.27	89	61	5	2	2	1	0	0
RLG_Alon_Ava	RLG_Alon_Ava	8678	1-8683	1-8679	8525	98.23	89	64	1	5	1	2	0	0
RLG_Alon_Ava	RLG_Alon_Ava	8676	1-8683	1-8677	8527	98.28	86	63	1	7	1	5	0	0
RLG_Alon_Ava	RLG_Alon_Ava	8676	1-8683	1-8677	8537	98.39	77	62	1	7	1	5	0	0
RLG_Alon_Ava	RLG_Alon_Ava	8679	1-8683	1-8681	8544	98.44	84	51	2	4	1	1	0	0
RLG_Alon_Ava	RLG_Alon_Ava	8676	1-8683	1-8677	8548	98.52	81	47	1	7	1	3	0	0
RLG_Alon_Ava	RLG_Alon_Ava	8662	1-8683	1-8663	8633	99.66	18	11	1	21	1	16	0	0
RLG_Alon_Ava	RLG_Alon_Ava	8679	1-8683	1-8680	8554	98.55	70	55	1	4	1	3	0	0
RLG_Alon_Ava	RLG_Alon_Ava	8679	1-8683	1-8681	8537	98.36	79	63	2	4	1	2	0	0
RLG_Alon_Ava	RLG_Alon_Ava	8664	1-8683	1-8668	8502	98.13	92	70	4	19	1	8	0	0
RLG_Alon_Ava	RLG_Alon_Ava	8682	1-8683	1-8682	8662	99.76	13	7	0	1	0	1	0	0
RLG_Alon_Ava	RLG_Alon_Ava	8670	1-8683	1-8671	8518	98.24	84	68	1	13	1	11	0	0
RLG_Alon_Ava	RLG_Alon_Ava	8679	1-8683	1-8679	8557	98.59	67	55	0	4	0	2	0	0
RLG_Alon_Ava	RLG_Alon_Ava	8673	1-8683	1-8674	8547	98.54	62	64	1	10	1	7	0	0
RLG_Alon_Ava	RLG_Alon_Ava	8606	1-8683	1-8611	8379	97.36	130	97	5	77	2	30	0	0
RLG_Alon_Ava	RLG_Alon_Ava	8618	1-8683	1-8621	8392	97.37	134	92	3	65	1	19	0	0
RLG_Alon_Ava	RLG_Alon_Ava	8681	1-8683	1-8700	8466	97.52	125	90	19	2	11	1	0	0
RLG_Alon_Ava	RLG_Alon_Ava	8678	1-8683	1-8683	8525	98.23	75	78	5	5	5	1	0	0
RLG_Alon_Ava	RLG_Alon_Ava	8670	1-8683	1-8671	8540	98.5	64	66	1	13	1	10	0	0
RLG_Alon_Ava	RLG_Alon_Ava	8672	1-8683	1-8673	8520	98.24	75	77	1	11	1	7	0	0
RLG_Alon_Ava	RLG_Alon_Ava	8659	1-8683	1-8664	8435	97.41	130	94	5	24	4	21	0	0
RLG_Alon_Ava	RLG_Alon_Ava	8675	1-8683	1-8722	8446	97.36	129	100	47	8	21	1	0	0
RLG_Alon_Ava	RLG_Alon_Ava	8636	1-8683	1-8637	8432	97.63	105	99	1	47	1	16	0	0
RLG_Alon_Ava	RLG_Alon_Ava	8673	1-8683	1-8674	8423	97.11	132	118	1	10	1	3	0	0
RLG_Alon_Ava	RLG_Alon_Ava	8645	1-8683	1-8646	8432	97.53	109	104	1	38	1	17	0	0
RLG_Alon_Ava	RLG_Alon_Ava	8674	1-8683	1-8676	8546	98.52	71	57	2	9	1	8	0	0
RLG_Alon_Ava	RLG_Alon_Ava	8677	1-8683	1-8677	8561	98.66	64	52	0	6	0	5	0	0
RLG_Alon_Ava	RLG_Alon_Ava	8638	1-8683	1-8663	8437	97.67	108	93	25	45	24	40	0	0
RLG_Alon_Ava	RLG_Alon_Ava	8660	1-8683	1-8663	8443	97.49	115	102	3	23	1	15	0	0
RLG_Alon_Ava	RLG_Alon_Ava	8675	1-8683	1-8679	8450	97.4	124	101	4	8	3	3	0	0
RLG_Alon_Ava	RLG_Alon_Ava	8674	1-8677	1-8679	8550	98.57	76	48	5	3	3	1	0	0
RLG_Alon_Ava	RLG_Alon_Ava	8656	1-8683	1-8669	8448	97.59	112	96	13	27	10	19	0	0
RLG_Alon_Ava	RLG_Alon_Ava	8675	1-8683	1-8682	8446	97.36	126	103	7	8	5	3	0	0
RLG_Alon_Ava	RLG_Alon_Ava	8669	1-8683	1-8687	8453	97.5	129	87	18	14	14	9	0	0
RLG_Alon_Ava	RLG_Alon_Ava	8655	1-8683	1-8657	8420	97.28	129	106	2	28	2	17	0	0
RLG_Alon_Ava	RLG_Alon_Ava	8661	1-8683	1-8662	8481	97.92	97	83	1	22	1	9	0	0
RLG_Alon_Ava	RLG_Alon_Ava	8674	1-8683	1-8677	8497	97.95	94	83	3	9	3	4	0	0
RLG_Alon_Ava	RLG_Alon_Ava	8639	1-8683	1-8639	8423	97.49	119	97	0	44	0	16	0	0
RLG_Alon_Ava	RLG_Alon_Ava	8678	1-8686	1-8679	8668	99.88	6	4	1	8	1	4	0	0
RLG_Alon_Ava	RLG_Alon_Ava	8676	1-8686	1-8677	8641	99.59	26	9	1	10	1	7	0	0
RLG_Alon_Ava	RLG_Alon_Ava	8676	1-8686	1-8677	8655	99.75	14	7	1	10	1	7	0	0
RLG_Alon_Ava	RLG_Alon_Ava	8678	1-8686	1-8681	8449	97.36	140	89	3	8	1	2	0	0
RLG_Alon_Ava	RLG_Alon_Ava	8674	1-8686	1-8677	8452	97.44	137	85	3	12	1	6	0	0
RLG_Alon_Ava	RLG_Alon_Ava	8661	1-8686	1-8663	8512	98.27	89	60	2	25	1	16	0	0
RLG_Alon_Ava	RLG_Alon_Ava	8677	1-8686	1-8680	8530	98.3	75	72	3	9	1	5	0	0
RLG_Alon_Ava	RLG_Alon_Ava	8680	1-8686	1-8681	8656	99.72	16	8	1	6	1	4	0	0
RLG_Alon_Ava	RLG_Alon_Ava	8664	1-8686	1-8668	8611	99.38	30	23	4	22	1	8	0	0
RLG_Alon_Ava	RLG_Alon_Ava	8680	1-8686	1-8682	8537	98.35	85	58	2	6	1	3	0	0
RLG_Alon_Ava	RLG_Alon_Ava	8670	1-8686	1-8671	8631	99.55	25	14	1	16	1	13	0	0
RLG_Alon_Ava	RLG_Alon_Ava	8677	1-8686	1-8679	8522	98.21	84	71	2	9	1	4	0	0
RLG_Alon_Ava	RLG_Alon_Ava	8673	1-8686	1-8674	8555	98.63	64	54	1	13	1	9	0	0
RLG_Alon_Ava	RLG_Alon_Ava	8605	1-8686	1-8611	8331	96.81	163	111	6	81	2	30	0	0
RLG_Alon_Ava	RLG_Alon_Ava	8618	1-8686	1-8621	8346	96.84	164	108	3	68	1	19	0	0
RLG_Alon_Ava	RLG_Alon_Ava	8681	1-8686	1-8700	8435	97.16	152	94	19	5	9	2	0	0
RLG_Alon_Ava	RLG_Alon_Ava	8678	1-8686	1-8683	8533	98.32	78	67	5	8	3	3	0	0
RLG_Alon_Ava	RLG_Alon_Ava	8670	1-8686	1-8671	8543	98.53	69	58	1	16	1	6	0	0
RLG_Alon_Ava	RLG_Alon_Ava	8671	1-8686	1-8673	8525	98.31	77	69	2	15	1	9	0	0
RLG_Alon_Ava	RLG_Alon_Ava	8659	1-8686	1-8664	8389	96.88	162	108	5	27	1	21	0	0
RLG_Alon_Ava	RLG_Alon_Ava	8676	1-8686	1-8722	8474	97.67	119	83	46	10	21	3	0	0
RLG_Alon_Ava	RLG_Alon_Ava	8634	1-8686	1-8637	8444	97.79	105	85	3	52	1	18	0	0
RLG_Alon_Ava	RLG_Alon_Ava	8671	1-8686	1-8674	8432	97.24	135	104	3	15	1	3	0	0
RLG_Alon_Ava	RLG_Alon_Ava	8643	1-8686	1-8646	8447	97.73	106	90	3	43	1	18	0	0
RLG_Alon_Ava	RLG_Alon_Ava	8673	1-8686	1-8676	8514	98.16	86	73	3	13	1	8	0	0
RLG_Alon_Ava	RLG_Alon_Ava	8675	1-8686	1-8677	8527	98.29	80	68	2	11	1	7	0	0
RLG_Alon_Ava	RLG_Alon_Ava	8638	1-8686	1-8663	8427	97.55	119	92	25	48	22	40	0	0
RLG_Alon_Ava	RLG_Alon_Ava	8659	1-8686	1-8663	8443	97.5	118	98	4	27	1	17	0	0
RLG_Alon_Ava	RLG_Alon_Ava	8675	1-8686	1-8679	8463	97.55	121	91	4	11	1	3	0	0
RLG_Alon_Ava	RLG_Alon_Ava	8674	1-8680	1-8679	8459	97.52	127	88	5	6	1	2	0	0
RLG_Alon_Ava	RLG_Alon_Ava	8656	1-8686	1-8669	8459	97.72	109	88	13	30	8	19	0	0
RLG_Alon_Ava	RLG_Alon_Ava	8676	1-8686	1-8682	8460	97.51	123	93	6	10	3	3	0	0
RLG_Alon_Ava	RLG_Alon_Ava	8669	1-8686	1-8687	8423	97.16	156	90	18	17	12	9	0	0
RLG_Alon_Ava	RLG_Alon_Ava	8653	1-8686	1-8657	8394	97	148	111	4	33	2	19	0	0
RLG_Alon_Ava	RLG_Alon_Ava	8659	1-8686	1-8662	8434	97.4	125	100	3	27	1	11	0	0
RLG_Alon_Ava	RLG_Alon_Ava	8672	1-8686	1-8677	8450	97.44	124	98	5	14	3	6	0	0
RLG_Alon_Ava	RLG_Alon_Ava	8637	1-8686	1-8639	8393	97.17	145	99	2	49	1	17	0	0
RLG_Alon_Ava	RLG_Alon_Ava	8675	1-8679	1-8677	8637	99.56	25	13	2	4	1	3	0	0
RLG_Alon_Ava	RLG_Alon_Ava	8675	1-8679	1-8677	8647	99.67	16	12	2	4	1	3	0	0
RLG_Alon_Ava	RLG_Alon_Ava	8675	1-8679	1-8681	8438	97.26	143	94	6	4	3	1	0	0
RLG_Alon_Ava	RLG_Alon_Ava	8674	1-8679	1-8677	8443	97.33	140	91	3	5	1	1	0	0
RLG_Alon_Ava	RLG_Alon_Ava	8659	1-8679	1-8663	8503	98.19	91	65	4	20	1	16	0	0
RLG_Alon_Ava	RLG_Alon_Ava	8676	1-8679	1-8680	8524	98.24	77	75	4	3	1	1	0	0
RLG_Alon_Ava	RLG_Alon_Ava	8678	1-8679	1-8681	8647	99.64	18	13	3	1	1	1	0	0
RLG_Alon_Ava	RLG_Alon_Ava	8663	1-8679	1-8668	8605	99.33	31	27	5	16	1	8	0	0
RLG_Alon_Ava	RLG_Alon_Ava	8678	1-8679	1-8682	8531	98.3	86	61	4	1	1	1	0	0
RLG_Alon_Ava	RLG_Alon_Ava	8669	1-8679	1-8671	8625	99.49	26	18	2	10	1	9	0	0
RLG_Alon_Ava	RLG_Alon_Ava	8676	1-8679	1-8679	8517	98.16	84	75	3	3	1	1	0	0
RLG_Alon_Ava	RLG_Alon_Ava	8672	1-8679	1-8674	8548	98.57	66	58	2	7	1	5	0	0
RLG_Alon_Ava	RLG_Alon_Ava	8604	1-8679	1-8611	8326	96.76	163	115	7	75	2	30	0	0
RLG_Alon_Ava	RLG_Alon_Ava	8616	1-8679	1-8621	8340	96.79	164	112	5	63	1	19	0	0
RLG_Alon_Ava	RLG_Alon_Ava	8676	1-8679	1-8700	8425	97.1	152	99	24	3	13	1	0	0
RLG_Alon_Ava	RLG_Alon_Ava	8673	1-8679	1-8683	8522	98.25	80	71	10	6	7	1	0	0
RLG_Alon_Ava	RLG_Alon_Ava	8669	1-8679	1-8671	8533	98.43	72	64	2	10	1	8	0	0
RLG_Alon_Ava	RLG_Alon_Ava	8669	1-8679	1-8673	8518	98.25	78	73	4	10	1	5	0	0
RLG_Alon_Ava	RLG_Alon_Ava	8654	1-8679	1-8664	8382	96.85	160	112	10	25	6	21	0	0
RLG_Alon_Ava	RLG_Alon_Ava	8673	1-8679	1-8722	8464	97.59	121	88	49	6	21	1	0	0
RLG_Alon_Ava	RLG_Alon_Ava	8633	1-8679	1-8637	8437	97.72	107	89	4	46	1	14	0	0
RLG_Alon_Ava	RLG_Alon_Ava	8668	1-8679	1-8674	8423	97.17	136	109	6	11	2	3	0	0
RLG_Alon_Ava	RLG_Alon_Ava	8642	1-8679	1-8646	8440	97.66	108	94	4	37	1	17	0	0
RLG_Alon_Ava	RLG_Alon_Ava	8669	1-8679	1-8676	8504	98.09	88	77	7	10	2	8	0	0
RLG_Alon_Ava	RLG_Alon_Ava	8674	1-8679	1-8677	8521	98.23	81	72	3	5	1	3	0	0
RLG_Alon_Ava	RLG_Alon_Ava	8633	1-8679	1-8663	8418	97.5	120	95	30	46	26	40	0	0
RLG_Alon_Ava	RLG_Alon_Ava	8657	1-8679	1-8663	8436	97.44	119	102	6	22	1	13	0	0
RLG_Alon_Ava	RLG_Alon_Ava	8670	1-8679	1-8679	8451	97.47	122	97	9	9	5	3	0	0
RLG_Alon_Ava	RLG_Alon_Ava	8669	1-8673	1-8679	8450	97.47	128	91	10	4	5	1	0	0
RLG_Alon_Ava	RLG_Alon_Ava	8651	1-8679	1-8669	8449	97.66	110	92	18	28	12	19	0	0
RLG_Alon_Ava	RLG_Alon_Ava	8670	1-8679	1-8682	8447	97.42	125	98	12	9	7	3	0	0
RLG_Alon_Ava	RLG_Alon_Ava	8664	1-8679	1-8687	8413	97.1	157	94	23	15	16	9	0	0
RLG_Alon_Ava	RLG_Alon_Ava	8652	1-8679	1-8657	8385	96.91	151	116	5	27	2	15	0	0
RLG_Alon_Ava	RLG_Alon_Ava	8653	1-8679	1-8662	8426	97.37	126	101	9	26	5	13	0	0
RLG_Alon_Ava	RLG_Alon_Ava	8671	1-8679	1-8677	8438	97.31	127	106	6	8	3	3	0	0
RLG_Alon_Ava	RLG_Alon_Ava	8636	1-8679	1-8639	8387	97.11	146	103	3	43	1	16	0	0
RLG_Alon_Ava	RLG_Alon_Ava	8677	1-8677	1-8677	8651	99.7	15	11	0	0	0	0	0	0
RLG_Alon_Ava	RLG_Alon_Ava	8674	1-8677	1-8681	8438	97.27	139	97	7	3	6	1	0	0
RLG_Alon_Ava	RLG_Alon_Ava	8674	1-8677	1-8677	8444	97.34	137	93	3	3	2	1	0	0
RLG_Alon_Ava	RLG_Alon_Ava	8660	1-8677	1-8663	8508	98.24	88	64	3	17	1	16	0	0
RLG_Alon_Ava	RLG_Alon_Ava	8676	1-8677	1-8680	8528	98.29	74	74	4	1	2	1	0	0
RLG_Alon_Ava	RLG_Alon_Ava	8677	1-8677	1-8681	8649	99.67	16	12	4	0	3	0	0	0
RLG_Alon_Ava	RLG_Alon_Ava	8665	1-8677	1-8668	8611	99.37	30	24	3	12	1	8	0	0
RLG_Alon_Ava	RLG_Alon_Ava	8676	1-8677	1-8682	8533	98.35	83	60	6	1	4	1	0	0
RLG_Alon_Ava	RLG_Alon_Ava	8671	1-8677	1-8671	8629	99.51	25	17	0	6	0	6	0	0
RLG_Alon_Ava	RLG_Alon_Ava	8675	1-8677	1-8679	8506	98.05	93	76	4	2	3	1	0	0
RLG_Alon_Ava	RLG_Alon_Ava	8674	1-8677	1-8674	8554	98.61	63	57	0	3	0	2	0	0
RLG_Alon_Ava	RLG_Alon_Ava	8606	1-8677	1-8611	8326	96.74	162	118	5	71	2	30	0	0
RLG_Alon_Ava	RLG_Alon_Ava	8618	1-8677	1-8621	8340	96.77	163	115	3	59	1	19	0	0
RLG_Alon_Ava	RLG_Alon_Ava	8675	1-8677	1-8700	8423	97.09	148	104	25	2	16	1	0	0
RLG_Alon_Ava	RLG_Alon_Ava	8672	1-8677	1-8683	8523	98.28	74	75	11	5	10	1	0	0
RLG_Alon_Ava	RLG_Alon_Ava	8670	1-8677	1-8671	8542	98.52	67	61	1	7	1	6	0	0
RLG_Alon_Ava	RLG_Alon_Ava	8671	1-8677	1-8673	8522	98.28	73	76	2	6	1	2	0	0
RLG_Alon_Ava	RLG_Alon_Ava	8653	1-8677	1-8664	8377	96.81	161	115	11	24	9	21	0	0
RLG_Alon_Ava	RLG_Alon_Ava	8672	1-8677	1-8722	8464	97.6	116	92	50	5	21	1	0	0
RLG_Alon_Ava	RLG_Alon_Ava	8634	1-8677	1-8637	8441	97.76	103	90	3	43	1	13	0	0
RLG_Alon_Ava	RLG_Alon_Ava	8667	1-8677	1-8674	8427	97.23	129	111	7	10	5	3	0	0
RLG_Alon_Ava	RLG_Alon_Ava	8643	1-8677	1-8646	8445	97.7	103	95	3	34	1	17	0	0
RLG_Alon_Ava	RLG_Alon_Ava	8668	1-8677	1-8676	8494	97.99	96	78	8	9	5	8	0	0
RLG_Alon_Ava	RLG_Alon_Ava	8676	1-8677	1-8677	8513	98.12	90	73	1	1	1	1	0	0
RLG_Alon_Ava	RLG_Alon_Ava	8631	1-8677	1-8663	8419	97.54	118	94	32	46	29	40	0	0
RLG_Alon_Ava	RLG_Alon_Ava	8659	1-8677	1-8663	8438	97.44	117	104	4	18	1	10	0	0
RLG_Alon_Ava	RLG_Alon_Ava	8669	1-8677	1-8679	8456	97.54	116	97	10	8	8	3	0	0
RLG_Alon_Ava	RLG_Alon_Ava	8668	1-8671	1-8679	8449	97.47	125	94	11	3	8	1	0	0
RLG_Alon_Ava	RLG_Alon_Ava	8650	1-8677	1-8669	8453	97.72	104	93	19	27	15	19	0	0
RLG_Alon_Ava	RLG_Alon_Ava	8669	1-8677	1-8682	8452	97.49	118	99	13	8	10	3	0	0
RLG_Alon_Ava	RLG_Alon_Ava	8663	1-8677	1-8687	8412	97.1	154	97	24	14	19	9	0	0
RLG_Alon_Ava	RLG_Alon_Ava	8654	1-8677	1-8657	8390	96.94	144	120	3	23	2	12	0	0
RLG_Alon_Ava	RLG_Alon_Ava	8659	1-8677	1-8662	8430	97.35	125	104	3	18	2	9	0	0
RLG_Alon_Ava	RLG_Alon_Ava	8672	1-8677	1-8677	8442	97.34	124	106	5	5	4	1	0	0
RLG_Alon_Ava	RLG_Alon_Ava	8638	1-8677	1-8639	8389	97.11	144	105	1	39	1	16	0	0
RLG_Alon_Ava	RLG_Alon_Ava	8674	1-8677	1-8681	8448	97.39	130	96	7	3	6	1	0	0
RLG_Alon_Ava	RLG_Alon_Ava	8674	1-8677	1-8677	8458	97.5	126	90	3	3	1	1	0	0
RLG_Alon_Ava	RLG_Alon_Ava	8660	1-8677	1-8663	8522	98.4	77	61	3	17	1	16	0	0
RLG_Alon_Ava	RLG_Alon_Ava	8676	1-8677	1-8680	8538	98.4	65	73	4	1	2	1	0	0
RLG_Alon_Ava	RLG_Alon_Ava	8677	1-8677	1-8681	8674	99.96	2	1	4	0	3	0	0	0
RLG_Alon_Ava	RLG_Alon_Ava	8665	1-8677	1-8668	8623	99.51	19	23	3	12	1	8	0	0
RLG_Alon_Ava	RLG_Alon_Ava	8676	1-8677	1-8682	8543	98.46	74	59	6	1	4	1	0	0
RLG_Alon_Ava	RLG_Alon_Ava	8671	1-8677	1-8671	8647	99.72	11	13	0	6	0	6	0	0
RLG_Alon_Ava	RLG_Alon_Ava	8675	1-8677	1-8679	8514	98.14	84	77	4	2	3	1	0	0
RLG_Alon_Ava	RLG_Alon_Ava	8674	1-8677	1-8674	8567	98.76	52	55	0	3	0	2	0	0
RLG_Alon_Ava	RLG_Alon_Ava	8606	1-8677	1-8611	8338	96.88	152	116	5	71	2	30	0	0
RLG_Alon_Ava	RLG_Alon_Ava	8618	1-8677	1-8621	8352	96.91	153	113	3	59	1	19	0	0
RLG_Alon_Ava	RLG_Alon_Ava	8675	1-8677	1-8700	8435	97.23	139	101	25	2	16	1	0	0
RLG_Alon_Ava	RLG_Alon_Ava	8672	1-8677	1-8683	8533	98.39	68	71	11	5	10	1	0	0
RLG_Alon_Ava	RLG_Alon_Ava	8671	1-8677	1-8671	8551	98.61	58	62	0	6	0	5	0	0
RLG_Alon_Ava	RLG_Alon_Ava	8671	1-8677	1-8673	8529	98.36	68	74	2	6	1	2	0	0
RLG_Alon_Ava	RLG_Alon_Ava	8653	1-8677	1-8664	8388	96.93	151	114	11	24	9	21	0	0
RLG_Alon_Ava	RLG_Alon_Ava	8672	1-8677	1-8722	8474	97.71	109	89	50	5	21	1	0	0
RLG_Alon_Ava	RLG_Alon_Ava	8634	1-8677	1-8637	8452	97.89	94	88	3	43	1	13	0	0
RLG_Alon_Ava	RLG_Alon_Ava	8667	1-8677	1-8674	8436	97.33	122	109	7	10	5	3	0	0
RLG_Alon_Ava	RLG_Alon_Ava	8643	1-8677	1-8646	8455	97.82	95	93	3	34	1	17	0	0
RLG_Alon_Ava	RLG_Alon_Ava	8668	1-8677	1-8676	8504	98.1	86	78	8	9	5	8	0	0
RLG_Alon_Ava	RLG_Alon_Ava	8676	1-8677	1-8677	8521	98.21	81	74	1	1	1	1	0	0
RLG_Alon_Ava	RLG_Alon_Ava	8631	1-8677	1-8663	8428	97.64	109	94	32	46	29	40	0	0
RLG_Alon_Ava	RLG_Alon_Ava	8659	1-8677	1-8663	8449	97.57	107	103	4	18	1	10	0	0
RLG_Alon_Ava	RLG_Alon_Ava	8669	1-8677	1-8679	8468	97.68	109	92	10	8	8	3	0	0
RLG_Alon_Ava	RLG_Alon_Ava	8668	1-8671	1-8679	8457	97.56	118	93	11	3	8	1	0	0
RLG_Alon_Ava	RLG_Alon_Ava	8650	1-8677	1-8669	8459	97.79	98	93	19	27	15	19	0	0
RLG_Alon_Ava	RLG_Alon_Ava	8669	1-8677	1-8682	8464	97.63	111	94	13	8	10	3	0	0
RLG_Alon_Ava	RLG_Alon_Ava	8663	1-8677	1-8687	8423	97.22	145	95	24	14	19	9	0	0
RLG_Alon_Ava	RLG_Alon_Ava	8654	1-8677	1-8657	8399	97.05	137	118	3	23	2	12	0	0
RLG_Alon_Ava	RLG_Alon_Ava	8659	1-8677	1-8662	8441	97.48	113	105	3	18	2	9	0	0
RLG_Alon_Ava	RLG_Alon_Ava	8671	1-8677	1-8677	8456	97.52	113	102	6	6	4	1	0	0
RLG_Alon_Ava	RLG_Alon_Ava	8638	1-8677	1-8639	8396	97.19	138	104	1	39	1	16	0	0
RLG_Alon_Ava	RLG_Alon_Ava	8677	1-8681	1-8677	8670	99.91	3	4	0	4	0	4	0	0
RLG_Alon_Ava	RLG_Alon_Ava	8658	1-8681	1-8663	8520	98.4	85	53	5	23	1	16	0	0
RLG_Alon_Ava	RLG_Alon_Ava	8676	1-8681	1-8680	8466	97.57	123	87	4	5	1	4	0	0
RLG_Alon_Ava	RLG_Alon_Ava	8677	1-8681	1-8681	8451	97.39	131	95	4	4	1	2	0	0
RLG_Alon_Ava	RLG_Alon_Ava	8662	1-8681	1-8668	8422	97.22	141	99	6	19	2	8	0	0
RLG_Alon_Ava	RLG_Alon_Ava	8678	1-8681	1-8682	8548	98.5	81	49	4	3	1	2	0	0
RLG_Alon_Ava	RLG_Alon_Ava	8668	1-8681	1-8671	8432	97.27	135	101	3	13	1	12	0	0
RLG_Alon_Ava	RLG_Alon_Ava	8676	1-8681	1-8679	8456	97.46	129	91	3	5	1	3	0	0
RLG_Alon_Ava	RLG_Alon_Ava	8671	1-8681	1-8674	8448	97.42	121	102	3	10	1	8	0	0
RLG_Alon_Ava	RLG_Alon_Ava	8604	1-8681	1-8611	8421	97.87	94	89	7	77	2	30	0	0
RLG_Alon_Ava	RLG_Alon_Ava	8616	1-8681	1-8621	8434	97.88	98	84	5	65	1	19	0	0
RLG_Alon_Ava	RLG_Alon_Ava	8678	1-8681	1-8700	8518	98.15	84	76	22	3	11	1	0	0
RLG_Alon_Ava	RLG_Alon_Ava	8675	1-8681	1-8683	8436	97.24	133	106	8	6	5	1	0	0
RLG_Alon_Ava	RLG_Alon_Ava	8668	1-8681	1-8671	8443	97.4	123	102	3	13	1	6	0	0
RLG_Alon_Ava	RLG_Alon_Ava	8669	1-8681	1-8673	8428	97.21	132	109	4	12	1	8	0	0
RLG_Alon_Ava	RLG_Alon_Ava	8657	1-8681	1-8664	8474	97.88	92	91	7	24	3	21	0	0
RLG_Alon_Ava	RLG_Alon_Ava	8673	1-8681	1-8722	8425	97.14	141	107	49	8	21	1	0	0
RLG_Alon_Ava	RLG_Alon_Ava	8632	1-8681	1-8637	8408	97.4	122	102	5	49	1	17	0	0
RLG_Alon_Ava	RLG_Alon_Ava	8670	1-8681	1-8674	8394	96.81	149	127	4	11	2	3	0	0
RLG_Alon_Ava	RLG_Alon_Ava	8641	1-8681	1-8646	8408	97.3	126	107	5	40	1	17	0	0
RLG_Alon_Ava	RLG_Alon_Ava	8671	1-8681	1-8676	8460	97.56	125	86	5	10	1	8	0	0
RLG_Alon_Ava	RLG_Alon_Ava	8674	1-8681	1-8677	8461	97.54	125	88	3	7	1	6	0	0
RLG_Alon_Ava	RLG_Alon_Ava	8635	1-8681	1-8663	8412	97.41	121	102	28	46	23	40	0	0
RLG_Alon_Ava	RLG_Alon_Ava	8657	1-8681	1-8663	8419	97.25	129	109	6	24	1	16	0	0
RLG_Alon_Ava	RLG_Alon_Ava	8672	1-8681	1-8679	8422	97.11	142	108	7	9	3	3	0	0
RLG_Alon_Ava	RLG_Alon_Ava	8671	1-8675	1-8679	8536	98.44	82	53	8	4	3	1	0	0
RLG_Alon_Ava	RLG_Alon_Ava	8654	1-8681	1-8669	8416	97.24	132	106	15	27	9	19	0	0
RLG_Alon_Ava	RLG_Alon_Ava	8672	1-8681	1-8682	8418	97.07	144	110	10	9	5	3	0	0
RLG_Alon_Ava	RLG_Alon_Ava	8667	1-8681	1-8687	8496	98.02	92	79	20	14	13	9	0	0
RLG_Alon_Ava	RLG_Alon_Ava	8652	1-8681	1-8657	8419	97.3	133	100	5	29	3	17	0	0
RLG_Alon_Ava	RLG_Alon_Ava	8656	1-8681	1-8662	8433	97.42	126	97	6	25	2	12	0	0
RLG_Alon_Ava	RLG_Alon_Ava	8670	1-8681	1-8677	8450	97.46	125	95	7	11	4	4	0	0
RLG_Alon_Ava	RLG_Alon_Ava	8636	1-8681	1-8639	8399	97.25	136	101	3	45	1	16	0	0
RLG_Alon_Ava	RLG_Alon_Ava	8658	1-8677	1-8663	8530	98.52	81	47	5	19	1	16	0	0
RLG_Alon_Ava	RLG_Alon_Ava	8676	1-8677	1-8680	8472	97.64	120	84	4	1	1	1	0	0
RLG_Alon_Ava	RLG_Alon_Ava	8675	1-8677	1-8681	8456	97.47	128	91	6	2	2	1	0	0
RLG_Alon_Ava	RLG_Alon_Ava	8662	1-8677	1-8668	8426	97.27	141	95	6	15	2	8	0	0
RLG_Alon_Ava	RLG_Alon_Ava	8676	1-8677	1-8682	8552	98.57	78	46	6	1	2	1	0	0
RLG_Alon_Ava	RLG_Alon_Ava	8668	1-8677	1-8671	8438	97.34	132	98	3	9	1	8	0	0
RLG_Alon_Ava	RLG_Alon_Ava	8675	1-8677	1-8679	8461	97.53	126	88	4	2	1	1	0	0
RLG_Alon_Ava	RLG_Alon_Ava	8671	1-8677	1-8674	8454	97.49	119	98	3	6	1	4	0	0
RLG_Alon_Ava	RLG_Alon_Ava	8604	1-8677	1-8611	8424	97.9	93	87	7	73	2	30	0	0
RLG_Alon_Ava	RLG_Alon_Ava	8616	1-8677	1-8621	8437	97.92	97	82	5	61	1	19	0	0
RLG_Alon_Ava	RLG_Alon_Ava	8675	1-8677	1-8700	8515	98.15	84	76	25	2	14	1	0	0
RLG_Alon_Ava	RLG_Alon_Ava	8671	1-8677	1-8683	8440	97.33	130	101	12	6	9	1	0	0
RLG_Alon_Ava	RLG_Alon_Ava	8668	1-8677	1-8671	8452	97.5	118	98	3	9	1	6	0	0
RLG_Alon_Ava	RLG_Alon_Ava	8669	1-8677	1-8673	8434	97.28	130	105	4	8	1	4	0	0
RLG_Alon_Ava	RLG_Alon_Ava	8653	1-8677	1-8664	8475	97.94	91	87	11	24	7	21	0	0
RLG_Alon_Ava	RLG_Alon_Ava	8670	1-8677	1-8722	8429	97.22	138	103	52	7	21	1	0	0
RLG_Alon_Ava	RLG_Alon_Ava	8632	1-8677	1-8637	8413	97.46	121	98	5	45	1	13	0	0
RLG_Alon_Ava	RLG_Alon_Ava	8666	1-8677	1-8674	8397	96.89	146	123	8	11	4	3	0	0
RLG_Alon_Ava	RLG_Alon_Ava	8641	1-8677	1-8646	8413	97.36	125	103	5	36	1	17	0	0
RLG_Alon_Ava	RLG_Alon_Ava	8668	1-8677	1-8676	8459	97.58	125	84	8	9	3	8	0	0
RLG_Alon_Ava	RLG_Alon_Ava	8674	1-8677	1-8677	8467	97.61	123	84	3	3	1	2	0	0
RLG_Alon_Ava	RLG_Alon_Ava	8631	1-8677	1-8663	8414	97.48	120	97	32	46	27	40	0	0
RLG_Alon_Ava	RLG_Alon_Ava	8657	1-8677	1-8663	8424	97.3	128	105	6	20	1	12	0	0
RLG_Alon_Ava	RLG_Alon_Ava	8668	1-8677	1-8679	8423	97.17	141	104	11	9	7	3	0	0
RLG_Alon_Ava	RLG_Alon_Ava	8668	1-8671	1-8679	8535	98.46	83	50	11	3	6	1	0	0
RLG_Alon_Ava	RLG_Alon_Ava	8650	1-8677	1-8669	8416	97.29	132	102	19	27	13	19	0	0
RLG_Alon_Ava	RLG_Alon_Ava	8668	1-8677	1-8682	8419	97.12	143	106	14	9	9	3	0	0
RLG_Alon_Ava	RLG_Alon_Ava	8663	1-8677	1-8687	8497	98.08	91	75	24	14	17	9	0	0
RLG_Alon_Ava	RLG_Alon_Ava	8652	1-8677	1-8657	8424	97.36	132	96	5	25	3	13	0	0
RLG_Alon_Ava	RLG_Alon_Ava	8657	1-8677	1-8662	8435	97.43	128	94	5	20	2	9	0	0
RLG_Alon_Ava	RLG_Alon_Ava	8670	1-8677	1-8677	8453	97.49	126	91	7	7	4	2	0	0
RLG_Alon_Ava	RLG_Alon_Ava	8636	1-8677	1-8639	8404	97.31	135	97	3	41	1	16	0	0
RLG_Alon_Ava	RLG_Alon_Ava	8661	1-8663	1-8680	8532	98.51	71	58	19	2	16	1	0	0
RLG_Alon_Ava	RLG_Alon_Ava	8661	1-8663	1-8681	8520	98.37	79	62	20	2	16	1	0	0
RLG_Alon_Ava	RLG_Alon_Ava	8648	1-8663	1-8668	8483	98.09	94	71	20	15	16	8	0	0
RLG_Alon_Ava	RLG_Alon_Ava	8662	1-8663	1-8682	8645	99.8	11	6	20	1	16	1	0	0
RLG_Alon_Ava	RLG_Alon_Ava	8654	1-8663	1-8671	8501	98.23	85	68	17	9	16	6	0	0
RLG_Alon_Ava	RLG_Alon_Ava	8660	1-8663	1-8679	8534	98.54	68	58	19	3	16	1	0	0
RLG_Alon_Ava	RLG_Alon_Ava	8657	1-8663	1-8674	8530	98.53	63	64	17	6	16	2	0	0
RLG_Alon_Ava	RLG_Alon_Ava	8590	1-8663	1-8611	8362	97.34	131	97	21	73	16	30	0	0
RLG_Alon_Ava	RLG_Alon_Ava	8603	1-8663	1-8621	8375	97.34	134	94	18	60	16	19	0	0
RLG_Alon_Ava	RLG_Alon_Ava	8660	1-8663	1-8700	8446	97.52	126	88	40	3	16	1	0	0
RLG_Alon_Ava	RLG_Alon_Ava	8657	1-8663	1-8683	8506	98.25	77	74	26	6	16	2	0	0
RLG_Alon_Ava	RLG_Alon_Ava	8654	1-8663	1-8671	8522	98.47	65	67	17	9	16	5	0	0
RLG_Alon_Ava	RLG_Alon_Ava	8657	1-8663	1-8673	8503	98.22	77	77	16	6	16	2	0	0
RLG_Alon_Ava	RLG_Alon_Ava	8638	1-8663	1-8664	8414	97.4	131	93	26	25	16	21	0	0
RLG_Alon_Ava	RLG_Alon_Ava	8656	1-8663	1-8722	8430	97.38	127	99	66	7	21	1	0	0
RLG_Alon_Ava	RLG_Alon_Ava	8633	1-8663	1-8637	8423	97.56	107	103	4	30	3	13	0	0
RLG_Alon_Ava	RLG_Alon_Ava	8653	1-8663	1-8674	8407	97.15	129	117	21	10	15	3	0	0
RLG_Alon_Ava	RLG_Alon_Ava	8629	1-8663	1-8646	8415	97.51	110	104	17	34	16	17	0	0
RLG_Alon_Ava	RLG_Alon_Ava	8654	1-8663	1-8676	8527	98.53	70	57	22	9	16	8	0	0
RLG_Alon_Ava	RLG_Alon_Ava	8661	1-8663	1-8677	8541	98.61	65	55	16	2	16	1	0	0
RLG_Alon_Ava	RLG_Alon_Ava	8617	1-8663	1-8663	8414	97.64	110	93	46	46	29	40	0	0
RLG_Alon_Ava	RLG_Alon_Ava	8645	1-8663	1-8663	8427	97.47	116	102	18	18	16	10	0	0
RLG_Alon_Ava	RLG_Alon_Ava	8654	1-8663	1-8679	8431	97.42	124	99	25	9	16	3	0	0
RLG_Alon_Ava	RLG_Alon_Ava	8653	1-8657	1-8679	8527	98.54	76	50	26	4	16	1	0	0
RLG_Alon_Ava	RLG_Alon_Ava	8635	1-8663	1-8669	8427	97.59	112	96	34	28	16	19	0	0
RLG_Alon_Ava	RLG_Alon_Ava	8655	1-8663	1-8682	8428	97.37	126	101	27	8	16	3	0	0
RLG_Alon_Ava	RLG_Alon_Ava	8648	1-8663	1-8687	8432	97.5	130	86	39	15	19	9	0	0
RLG_Alon_Ava	RLG_Alon_Ava	8639	1-8663	1-8657	8405	97.29	129	105	18	24	16	12	0	0
RLG_Alon_Ava	RLG_Alon_Ava	8645	1-8663	1-8662	8462	97.88	97	86	17	18	16	9	0	0
RLG_Alon_Ava	RLG_Alon_Ava	8657	1-8663	1-8677	8478	97.93	96	83	20	6	16	2	0	0
RLG_Alon_Ava	RLG_Alon_Ava	8639	1-8663	1-8639	8424	97.51	118	97	0	24	0	10	0	0
RLG_Alon_Ava	RLG_Alon_Ava	8678	1-8680	1-8681	8538	98.38	67	73	3	2	1	1	0	0
RLG_Alon_Ava	RLG_Alon_Ava	8664	1-8680	1-8668	8507	98.18	78	79	4	16	1	8	0	0
RLG_Alon_Ava	RLG_Alon_Ava	8679	1-8680	1-8682	8558	98.6	67	54	3	1	2	1	0	0
RLG_Alon_Ava	RLG_Alon_Ava	8670	1-8680	1-8671	8516	98.22	75	79	1	10	1	8	0	0
RLG_Alon_Ava	RLG_Alon_Ava	8678	1-8680	1-8679	8573	98.79	57	48	1	2	1	1	0	0
RLG_Alon_Ava	RLG_Alon_Ava	8673	1-8680	1-8674	8566	98.76	46	61	1	7	1	4	0	0
RLG_Alon_Ava	RLG_Alon_Ava	8606	1-8680	1-8611	8350	97.02	148	108	5	74	2	30	0	0
RLG_Alon_Ava	RLG_Alon_Ava	8618	1-8680	1-8621	8371	97.13	148	99	3	62	1	19	0	0
RLG_Alon_Ava	RLG_Alon_Ava	8678	1-8680	1-8700	8433	97.17	141	104	22	2	14	1	0	0
RLG_Alon_Ava	RLG_Alon_Ava	8675	1-8680	1-8683	8542	98.46	60	73	8	5	8	1	0	0
RLG_Alon_Ava	RLG_Alon_Ava	8670	1-8680	1-8671	8549	98.6	55	66	1	10	1	7	0	0
RLG_Alon_Ava	RLG_Alon_Ava	8672	1-8680	1-8673	8539	98.46	59	74	1	8	1	4	0	0
RLG_Alon_Ava	RLG_Alon_Ava	8656	1-8680	1-8664	8409	97.14	136	111	8	24	7	21	0	0
RLG_Alon_Ava	RLG_Alon_Ava	8673	1-8680	1-8722	8413	97	138	122	49	7	21	1	0	0
RLG_Alon_Ava	RLG_Alon_Ava	8635	1-8680	1-8637	8409	97.38	110	116	2	45	1	13	0	0
RLG_Alon_Ava	RLG_Alon_Ava	8670	1-8680	1-8674	8430	97.23	122	118	4	10	3	3	0	0
RLG_Alon_Ava	RLG_Alon_Ava	8644	1-8680	1-8646	8408	97.26	115	121	2	36	1	17	0	0
RLG_Alon_Ava	RLG_Alon_Ava	8671	1-8680	1-8676	8567	98.8	60	44	5	9	3	8	0	0
RLG_Alon_Ava	RLG_Alon_Ava	8677	1-8680	1-8677	8577	98.84	55	45	0	3	0	2	0	0
RLG_Alon_Ava	RLG_Alon_Ava	8634	1-8680	1-8663	8426	97.59	115	93	29	46	27	40	0	0
RLG_Alon_Ava	RLG_Alon_Ava	8660	1-8680	1-8663	8446	97.52	105	109	3	20	1	12	0	0
RLG_Alon_Ava	RLG_Alon_Ava	8672	1-8680	1-8679	8459	97.54	113	100	7	8	6	3	0	0
RLG_Alon_Ava	RLG_Alon_Ava	8672	1-8675	1-8680	8464	97.6	120	88	8	3	6	1	0	0
RLG_Alon_Ava	RLG_Alon_Ava	8653	1-8680	1-8669	8453	97.68	106	94	16	27	13	19	0	0
RLG_Alon_Ava	RLG_Alon_Ava	8672	1-8680	1-8682	8455	97.49	115	102	10	8	8	3	0	0
RLG_Alon_Ava	RLG_Alon_Ava	8666	1-8680	1-8687	8418	97.13	143	105	21	14	17	9	0	0
RLG_Alon_Ava	RLG_Alon_Ava	8655	1-8680	1-8657	8402	97.07	138	115	2	25	2	14	0	0
RLG_Alon_Ava	RLG_Alon_Ava	8660	1-8680	1-8662	8438	97.43	115	107	2	20	2	9	0	0
RLG_Alon_Ava	RLG_Alon_Ava	8673	1-8680	1-8677	8449	97.41	118	106	4	7	4	2	0	0
RLG_Alon_Ava	RLG_Alon_Ava	8639	1-8680	1-8639	8394	97.16	135	110	0	41	0	16	0	0
RLG_Alon_Ava	RLG_Alon_Ava	8665	1-8681	1-8668	8621	99.49	20	24	3	16	1	8	0	0
RLG_Alon_Ava	RLG_Alon_Ava	8679	1-8681	1-8682	8543	98.43	76	60	3	2	1	1	0	0
RLG_Alon_Ava	RLG_Alon_Ava	8671	1-8681	1-8671	8644	99.68	13	14	0	10	0	9	0	0
RLG_Alon_Ava	RLG_Alon_Ava	8678	1-8681	1-8679	8514	98.11	86	78	1	3	1	1	0	0
RLG_Alon_Ava	RLG_Alon_Ava	8674	1-8681	1-8674	8564	98.73	54	56	0	7	0	5	0	0
RLG_Alon_Ava	RLG_Alon_Ava	8606	1-8681	1-8611	8335	96.85	154	117	5	75	2	30	0	0
RLG_Alon_Ava	RLG_Alon_Ava	8619	1-8681	1-8621	8350	96.87	155	114	2	62	1	19	0	0
RLG_Alon_Ava	RLG_Alon_Ava	8678	1-8681	1-8700	8434	97.18	142	102	22	3	13	1	0	0
RLG_Alon_Ava	RLG_Alon_Ava	8675	1-8681	1-8683	8533	98.36	70	72	8	6	7	2	0	0
RLG_Alon_Ava	RLG_Alon_Ava	8671	1-8681	1-8671	8552	98.62	59	60	0	10	0	6	0	0
RLG_Alon_Ava	RLG_Alon_Ava	8672	1-8681	1-8673	8527	98.32	69	76	1	9	1	5	0	0
RLG_Alon_Ava	RLG_Alon_Ava	8656	1-8681	1-8664	8387	96.89	154	115	8	25	6	21	0	0
RLG_Alon_Ava	RLG_Alon_Ava	8676	1-8681	1-8722	8474	97.67	112	90	46	5	21	1	0	0
RLG_Alon_Ava	RLG_Alon_Ava	8634	1-8681	1-8637	8449	97.85	96	89	3	47	1	14	0	0
RLG_Alon_Ava	RLG_Alon_Ava	8670	1-8681	1-8674	8435	97.28	125	110	4	11	2	3	0	0
RLG_Alon_Ava	RLG_Alon_Ava	8643	1-8681	1-8646	8452	97.79	97	94	3	38	1	17	0	0
RLG_Alon_Ava	RLG_Alon_Ava	8672	1-8681	1-8676	8505	98.07	88	79	4	9	2	8	0	0
RLG_Alon_Ava	RLG_Alon_Ava	8676	1-8681	1-8677	8519	98.19	82	75	1	5	1	3	0	0
RLG_Alon_Ava	RLG_Alon_Ava	8634	1-8681	1-8663	8428	97.61	111	95	29	47	26	40	0	0
RLG_Alon_Ava	RLG_Alon_Ava	8660	1-8681	1-8663	8447	97.54	109	104	3	21	1	13	0	0
RLG_Alon_Ava	RLG_Alon_Ava	8672	1-8681	1-8679	8468	97.64	111	93	7	9	5	3	0	0
RLG_Alon_Ava	RLG_Alon_Ava	8671	1-8675	1-8679	8457	97.53	120	94	8	4	5	1	0	0
RLG_Alon_Ava	RLG_Alon_Ava	8653	1-8681	1-8669	8459	97.75	100	94	16	28	12	19	0	0
RLG_Alon_Ava	RLG_Alon_Ava	8673	1-8681	1-8682	8465	97.6	113	95	9	8	7	3	0	0
RLG_Alon_Ava	RLG_Alon_Ava	8666	1-8681	1-8687	8423	97.19	147	96	21	15	16	9	0	0
RLG_Alon_Ava	RLG_Alon_Ava	8654	1-8681	1-8657	8396	97.01	139	119	3	27	2	15	0	0
RLG_Alon_Ava	RLG_Alon_Ava	8659	1-8681	1-8662	8439	97.45	116	104	3	22	2	9	0	0
RLG_Alon_Ava	RLG_Alon_Ava	8672	1-8681	1-8677	8455	97.49	115	102	5	9	4	2	0	0
RLG_Alon_Ava	RLG_Alon_Ava	8638	1-8681	1-8639	8393	97.16	140	105	1	43	1	16	0	0
RLG_Alon_Ava	RLG_Alon_Ava	8664	1-8668	1-8682	8507	98.18	90	67	18	4	8	1	0	0
RLG_Alon_Ava	RLG_Alon_Ava	8659	1-8668	1-8671	8602	99.34	28	29	12	9	8	6	0	0
RLG_Alon_Ava	RLG_Alon_Ava	8663	1-8668	1-8679	8479	97.87	99	85	16	5	8	1	0	0
RLG_Alon_Ava	RLG_Alon_Ava	8662	1-8668	1-8674	8529	98.46	69	64	12	6	8	2	0	0
RLG_Alon_Ava	RLG_Alon_Ava	8594	1-8668	1-8611	8322	96.83	161	111	17	74	8	30	0	0
RLG_Alon_Ava	RLG_Alon_Ava	8606	1-8668	1-8621	8336	96.86	162	108	15	62	8	19	0	0
RLG_Alon_Ava	RLG_Alon_Ava	8663	1-8668	1-8700	8411	97.09	149	103	37	5	16	1	0	0
RLG_Alon_Ava	RLG_Alon_Ava	8660	1-8668	1-8683	8496	98.1	84	80	23	8	10	1	0	0
RLG_Alon_Ava	RLG_Alon_Ava	8658	1-8668	1-8671	8518	98.38	72	68	13	10	8	6	0	0
RLG_Alon_Ava	RLG_Alon_Ava	8659	1-8668	1-8673	8495	98.1	83	81	14	9	8	2	0	0
RLG_Alon_Ava	RLG_Alon_Ava	8646	1-8668	1-8664	8373	96.84	161	112	18	22	9	16	0	0
RLG_Alon_Ava	RLG_Alon_Ava	8660	1-8668	1-8722	8450	97.57	119	91	62	8	21	1	0	0
RLG_Alon_Ava	RLG_Alon_Ava	8622	1-8668	1-8637	8429	97.76	103	90	15	46	8	13	0	0
RLG_Alon_Ava	RLG_Alon_Ava	8655	1-8668	1-8674	8408	97.14	135	112	19	13	8	3	0	0
RLG_Alon_Ava	RLG_Alon_Ava	8631	1-8668	1-8646	8432	97.69	104	95	15	37	8	17	0	0
RLG_Alon_Ava	RLG_Alon_Ava	8664	1-8668	1-8676	8500	98.1	91	73	12	4	5	1	0	0
RLG_Alon_Ava	RLG_Alon_Ava	8664	1-8668	1-8677	8486	97.94	96	82	13	4	8	1	0	0
RLG_Alon_Ava	RLG_Alon_Ava	8619	1-8668	1-8663	8408	97.55	117	94	44	49	29	40	0	0
RLG_Alon_Ava	RLG_Alon_Ava	8647	1-8668	1-8663	8422	97.39	120	105	16	21	8	10	0	0
RLG_Alon_Ava	RLG_Alon_Ava	8657	1-8668	1-8679	8440	97.49	119	98	22	11	8	3	0	0
RLG_Alon_Ava	RLG_Alon_Ava	8656	1-8662	1-8679	8434	97.43	129	93	23	6	8	1	0	0
RLG_Alon_Ava	RLG_Alon_Ava	8638	1-8668	1-8669	8437	97.67	107	94	31	30	15	19	0	0
RLG_Alon_Ava	RLG_Alon_Ava	8657	1-8668	1-8682	8436	97.44	121	100	25	11	10	3	0	0
RLG_Alon_Ava	RLG_Alon_Ava	8651	1-8668	1-8687	8399	97.08	155	97	36	17	19	9	0	0
RLG_Alon_Ava	RLG_Alon_Ava	8642	1-8668	1-8657	8373	96.88	149	120	15	26	8	12	0	0
RLG_Alon_Ava	RLG_Alon_Ava	8647	1-8668	1-8662	8414	97.3	129	104	15	21	8	9	0	0
RLG_Alon_Ava	RLG_Alon_Ava	8660	1-8668	1-8677	8426	97.29	128	106	17	8	8	1	0	0
RLG_Alon_Ava	RLG_Alon_Ava	8627	1-8668	1-8639	8372	97.04	149	106	12	41	8	16	0	0
RLG_Alon_Ava	RLG_Alon_Ava	8670	1-8682	1-8671	8524	98.31	81	65	1	12	1	10	0	0
RLG_Alon_Ava	RLG_Alon_Ava	8679	1-8682	1-8679	8561	98.64	64	54	0	3	0	1	0	0
RLG_Alon_Ava	RLG_Alon_Ava	8673	1-8682	1-8674	8552	98.6	60	61	1	9	1	6	0	0
RLG_Alon_Ava	RLG_Alon_Ava	8606	1-8682	1-8611	8384	97.42	128	94	5	76	2	30	0	0
RLG_Alon_Ava	RLG_Alon_Ava	8618	1-8682	1-8621	8396	97.42	131	91	3	64	1	19	0	0
RLG_Alon_Ava	RLG_Alon_Ava	8680	1-8682	1-8700	8471	97.59	123	86	20	2	12	1	0	0
RLG_Alon_Ava	RLG_Alon_Ava	8677	1-8682	1-8683	8530	98.3	75	72	6	5	6	1	0	0
RLG_Alon_Ava	RLG_Alon_Ava	8670	1-8682	1-8671	8545	98.55	62	63	1	12	1	9	0	0
RLG_Alon_Ava	RLG_Alon_Ava	8672	1-8682	1-8673	8525	98.3	73	74	1	10	1	6	0	0
RLG_Alon_Ava	RLG_Alon_Ava	8658	1-8682	1-8664	8440	97.48	129	89	6	24	5	21	0	0
RLG_Alon_Ava	RLG_Alon_Ava	8675	1-8682	1-8722	8451	97.41	127	97	47	7	21	1	0	0
RLG_Alon_Ava	RLG_Alon_Ava	8636	1-8682	1-8637	8439	97.71	101	96	1	46	1	15	0	0
RLG_Alon_Ava	RLG_Alon_Ava	8672	1-8682	1-8674	8429	97.19	129	114	2	10	1	3	0	0
RLG_Alon_Ava	RLG_Alon_Ava	8645	1-8682	1-8646	8437	97.59	107	101	1	37	1	17	0	0
RLG_Alon_Ava	RLG_Alon_Ava	8673	1-8682	1-8676	8551	98.59	68	54	3	9	1	8	0	0
RLG_Alon_Ava	RLG_Alon_Ava	8677	1-8682	1-8677	8565	98.7	61	51	0	5	0	4	0	0
RLG_Alon_Ava	RLG_Alon_Ava	8637	1-8682	1-8663	8442	97.74	106	89	26	45	25	40	0	0
RLG_Alon_Ava	RLG_Alon_Ava	8660	1-8682	1-8663	8448	97.55	113	99	3	22	1	14	0	0
RLG_Alon_Ava	RLG_Alon_Ava	8674	1-8682	1-8679	8455	97.47	122	97	5	8	4	3	0	0
RLG_Alon_Ava	RLG_Alon_Ava	8673	1-8676	1-8679	8554	98.62	73	46	6	3	4	1	0	0
RLG_Alon_Ava	RLG_Alon_Ava	8655	1-8682	1-8669	8454	97.67	109	92	14	27	11	19	0	0
RLG_Alon_Ava	RLG_Alon_Ava	8674	1-8682	1-8682	8451	97.42	124	99	8	8	6	3	0	0
RLG_Alon_Ava	RLG_Alon_Ava	8668	1-8682	1-8687	8457	97.56	128	83	19	14	15	9	0	0
RLG_Alon_Ava	RLG_Alon_Ava	8655	1-8682	1-8657	8425	97.34	127	103	2	27	2	16	0	0
RLG_Alon_Ava	RLG_Alon_Ava	8661	1-8682	1-8662	8486	97.97	95	80	1	21	1	9	0	0
RLG_Alon_Ava	RLG_Alon_Ava	8674	1-8682	1-8677	8501	98	93	80	3	8	3	3	0	0
RLG_Alon_Ava	RLG_Alon_Ava	8639	1-8682	1-8639	8428	97.55	117	94	0	43	0	16	0	0
RLG_Alon_Ava	RLG_Alon_Ava	8669	1-8671	1-8679	8492	97.95	94	83	10	2	9	1	0	0
RLG_Alon_Ava	RLG_Alon_Ava	8670	1-8671	1-8674	8545	98.55	63	62	4	1	4	1	0	0
RLG_Alon_Ava	RLG_Alon_Ava	8606	1-8671	1-8611	8321	96.68	162	123	5	65	2	30	0	0
RLG_Alon_Ava	RLG_Alon_Ava	8618	1-8671	1-8621	8335	96.71	163	120	3	53	1	19	0	0
RLG_Alon_Ava	RLG_Alon_Ava	8669	1-8671	1-8700	8412	97.03	149	108	31	2	22	1	0	0
RLG_Alon_Ava	RLG_Alon_Ava	8666	1-8671	1-8683	8507	98.16	80	79	17	5	16	1	0	0
RLG_Alon_Ava	RLG_Alon_Ava	8670	1-8671	1-8671	8530	98.38	71	69	1	1	1	1	0	0
RLG_Alon_Ava	RLG_Alon_Ava	8667	1-8671	1-8673	8508	98.16	78	81	6	4	4	1	0	0
RLG_Alon_Ava	RLG_Alon_Ava	8647	1-8671	1-8664	8368	96.77	159	120	17	24	15	21	0	0
RLG_Alon_Ava	RLG_Alon_Ava	8666	1-8671	1-8722	8451	97.51	119	96	56	5	21	1	0	0
RLG_Alon_Ava	RLG_Alon_Ava	8634	1-8671	1-8637	8436	97.7	105	93	3	37	1	13	0	0
RLG_Alon_Ava	RLG_Alon_Ava	8661	1-8671	1-8674	8414	97.14	131	116	13	10	11	3	0	0
RLG_Alon_Ava	RLG_Alon_Ava	8643	1-8671	1-8646	8437	97.61	106	100	3	28	1	17	0	0
RLG_Alon_Ava	RLG_Alon_Ava	8662	1-8671	1-8676	8482	97.92	96	84	14	9	11	8	0	0
RLG_Alon_Ava	RLG_Alon_Ava	8670	1-8671	1-8677	8499	98.02	91	80	7	1	6	1	0	0
RLG_Alon_Ava	RLG_Alon_Ava	8625	1-8671	1-8663	8406	97.46	119	100	38	46	35	40	0	0
RLG_Alon_Ava	RLG_Alon_Ava	8659	1-8671	1-8663	8431	97.36	118	110	4	12	1	4	0	0
RLG_Alon_Ava	RLG_Alon_Ava	8663	1-8671	1-8679	8442	97.44	118	103	16	8	14	3	0	0
RLG_Alon_Ava	RLG_Alon_Ava	8662	1-8665	1-8679	8437	97.4	126	99	17	3	14	1	0	0
RLG_Alon_Ava	RLG_Alon_Ava	8644	1-8671	1-8669	8436	97.59	109	99	25	27	21	19	0	0
RLG_Alon_Ava	RLG_Alon_Ava	8663	1-8671	1-8682	8438	97.4	120	105	19	8	16	3	0	0
RLG_Alon_Ava	RLG_Alon_Ava	8657	1-8671	1-8687	8403	97.06	153	101	30	14	25	9	0	0
RLG_Alon_Ava	RLG_Alon_Ava	8654	1-8671	1-8657	8378	96.81	150	126	3	17	2	6	0	0
RLG_Alon_Ava	RLG_Alon_Ava	8658	1-8671	1-8662	8420	97.25	127	111	4	13	2	9	0	0
RLG_Alon_Ava	RLG_Alon_Ava	8665	1-8671	1-8677	8432	97.31	123	110	12	6	7	1	0	0
RLG_Alon_Ava	RLG_Alon_Ava	8638	1-8671	1-8639	8378	96.99	149	111	1	33	1	16	0	0
RLG_Alon_Ava	RLG_Alon_Ava	8672	1-8679	1-8674	8529	98.35	68	75	2	7	1	5	0	0
RLG_Alon_Ava	RLG_Alon_Ava	8605	1-8679	1-8611	8324	96.73	163	118	6	74	2	30	0	0
RLG_Alon_Ava	RLG_Alon_Ava	8617	1-8679	1-8621	8345	96.84	163	109	4	62	1	19	0	0
RLG_Alon_Ava	RLG_Alon_Ava	8678	1-8679	1-8700	8418	97	148	112	22	1	13	1	0	0
RLG_Alon_Ava	RLG_Alon_Ava	8675	1-8679	1-8683	8522	98.23	77	76	8	4	7	1	0	0
RLG_Alon_Ava	RLG_Alon_Ava	8669	1-8679	1-8671	8510	98.16	76	83	2	10	1	8	0	0
RLG_Alon_Ava	RLG_Alon_Ava	8671	1-8679	1-8673	8518	98.23	75	78	2	8	1	5	0	0
RLG_Alon_Ava	RLG_Alon_Ava	8656	1-8679	1-8664	8401	97.05	137	118	8	23	6	21	0	0
RLG_Alon_Ava	RLG_Alon_Ava	8673	1-8679	1-8722	8408	96.94	141	124	49	6	21	1	0	0
RLG_Alon_Ava	RLG_Alon_Ava	8634	1-8679	1-8637	8391	97.18	121	122	3	45	1	14	0	0
RLG_Alon_Ava	RLG_Alon_Ava	8670	1-8679	1-8674	8410	97	139	121	4	9	2	3	0	0
RLG_Alon_Ava	RLG_Alon_Ava	8643	1-8679	1-8646	8389	97.06	127	127	3	36	1	17	0	0
RLG_Alon_Ava	RLG_Alon_Ava	8671	1-8679	1-8676	8613	99.33	26	32	5	8	2	8	0	0
RLG_Alon_Ava	RLG_Alon_Ava	8676	1-8679	1-8677	8632	99.49	21	23	1	3	1	3	0	0
RLG_Alon_Ava	RLG_Alon_Ava	8634	1-8679	1-8663	8416	97.47	125	93	29	45	26	40	0	0
RLG_Alon_Ava	RLG_Alon_Ava	8659	1-8679	1-8663	8416	97.19	125	118	4	20	1	13	0	0
RLG_Alon_Ava	RLG_Alon_Ava	8672	1-8679	1-8679	8433	97.24	136	103	7	7	5	3	0	0
RLG_Alon_Ava	RLG_Alon_Ava	8671	1-8673	1-8679	8475	97.73	114	82	8	2	5	1	0	0
RLG_Alon_Ava	RLG_Alon_Ava	8653	1-8679	1-8669	8432	97.44	124	97	16	26	12	19	0	0
RLG_Alon_Ava	RLG_Alon_Ava	8672	1-8679	1-8682	8431	97.22	137	104	10	7	7	3	0	0
RLG_Alon_Ava	RLG_Alon_Ava	8666	1-8679	1-8687	8403	96.96	150	113	21	13	16	9	0	0
RLG_Alon_Ava	RLG_Alon_Ava	8654	1-8679	1-8657	8393	96.98	141	120	3	25	2	15	0	0
RLG_Alon_Ava	RLG_Alon_Ava	8654	1-8679	1-8662	8430	97.41	127	97	8	25	5	13	0	0
RLG_Alon_Ava	RLG_Alon_Ava	8672	1-8679	1-8677	8443	97.35	129	100	5	7	4	3	0	0
RLG_Alon_Ava	RLG_Alon_Ava	8638	1-8679	1-8639	8388	97.1	131	119	1	41	1	16	0	0
RLG_Alon_Ava	RLG_Alon_Ava	8605	1-8674	1-8611	8331	96.81	151	123	6	69	2	30	0	0
RLG_Alon_Ava	RLG_Alon_Ava	8617	1-8674	1-8621	8348	96.87	151	118	4	57	2	19	0	0
RLG_Alon_Ava	RLG_Alon_Ava	8672	1-8674	1-8700	8426	97.16	138	108	28	2	18	1	0	0
RLG_Alon_Ava	RLG_Alon_Ava	8670	1-8674	1-8683	8593	99.11	36	41	13	4	12	1	0	0
RLG_Alon_Ava	RLG_Alon_Ava	8671	1-8674	1-8671	8632	99.55	23	16	0	3	0	3	0	0
RLG_Alon_Ava	RLG_Alon_Ava	8670	1-8674	1-8673	8591	99.08	36	43	3	4	2	1	0	0
RLG_Alon_Ava	RLG_Alon_Ava	8650	1-8674	1-8664	8399	97.09	135	116	14	24	11	21	0	0
RLG_Alon_Ava	RLG_Alon_Ava	8669	1-8674	1-8722	8422	97.15	131	116	53	5	21	1	0	0
RLG_Alon_Ava	RLG_Alon_Ava	8633	1-8674	1-8637	8408	97.39	112	113	4	41	1	13	0	0
RLG_Alon_Ava	RLG_Alon_Ava	8664	1-8674	1-8674	8452	97.55	104	108	10	10	7	3	0	0
RLG_Alon_Ava	RLG_Alon_Ava	8642	1-8674	1-8646	8406	97.26	116	120	4	32	1	17	0	0
RLG_Alon_Ava	RLG_Alon_Ava	8665	1-8674	1-8676	8519	98.31	70	76	11	9	7	8	0	0
RLG_Alon_Ava	RLG_Alon_Ava	8673	1-8674	1-8677	8534	98.39	65	74	4	1	2	1	0	0
RLG_Alon_Ava	RLG_Alon_Ava	8628	1-8674	1-8663	8421	97.6	105	102	35	46	31	40	0	0
RLG_Alon_Ava	RLG_Alon_Ava	8658	1-8674	1-8663	8485	98	86	87	5	16	2	8	0	0
RLG_Alon_Ava	RLG_Alon_Ava	8666	1-8674	1-8679	8450	97.5	107	109	13	8	10	3	0	0
RLG_Alon_Ava	RLG_Alon_Ava	8665	1-8668	1-8679	8453	97.55	113	99	14	3	10	1	0	0
RLG_Alon_Ava	RLG_Alon_Ava	8647	1-8674	1-8669	8445	97.66	97	105	22	27	17	19	0	0
RLG_Alon_Ava	RLG_Alon_Ava	8666	1-8674	1-8682	8446	97.46	109	111	16	8	12	3	0	0
RLG_Alon_Ava	RLG_Alon_Ava	8661	1-8674	1-8687	8421	97.22	138	102	26	13	21	9	0	0
RLG_Alon_Ava	RLG_Alon_Ava	8653	1-8674	1-8657	8388	96.93	136	129	4	21	2	10	0	0
RLG_Alon_Ava	RLG_Alon_Ava	8658	1-8674	1-8662	8436	97.43	111	111	4	16	2	9	0	0
RLG_Alon_Ava	RLG_Alon_Ava	8669	1-8674	1-8677	8449	97.46	109	111	8	5	4	1	0	0
RLG_Alon_Ava	RLG_Alon_Ava	8637	1-8674	1-8639	8413	97.4	120	104	2	37	1	16	0	0
RLG_Alon_Ava	RLG_Alon_Ava	8567	1-8611	1-8621	8531	99.57	19	17	54	44	30	19	0	0
RLG_Alon_Ava	RLG_Alon_Ava	8606	1-8611	1-8700	8410	97.72	109	87	94	5	30	2	0	0
RLG_Alon_Ava	RLG_Alon_Ava	8602	1-8611	1-8683	8309	96.59	161	132	81	9	30	2	0	0
RLG_Alon_Ava	RLG_Alon_Ava	8605	1-8611	1-8671	8326	96.75	153	126	66	6	30	2	0	0
RLG_Alon_Ava	RLG_Alon_Ava	8603	1-8611	1-8673	8312	96.61	159	132	70	8	30	2	0	0
RLG_Alon_Ava	RLG_Alon_Ava	8585	1-8611	1-8664	8399	97.83	96	90	79	26	30	21	0	0
RLG_Alon_Ava	RLG_Alon_Ava	8603	1-8611	1-8722	8308	96.57	168	127	119	8	30	2	0	0
RLG_Alon_Ava	RLG_Alon_Ava	8572	1-8611	1-8637	8325	97.11	140	107	65	39	30	13	0	0
RLG_Alon_Ava	RLG_Alon_Ava	8599	1-8611	1-8674	8297	96.48	165	137	75	12	30	3	0	0
RLG_Alon_Ava	RLG_Alon_Ava	8581	1-8611	1-8646	8324	97	143	114	65	30	30	17	0	0
RLG_Alon_Ava	RLG_Alon_Ava	8598	1-8611	1-8676	8335	96.94	157	106	78	13	30	8	0	0
RLG_Alon_Ava	RLG_Alon_Ava	8606	1-8611	1-8677	8331	96.8	160	115	71	5	30	2	0	0
RLG_Alon_Ava	RLG_Alon_Ava	8563	1-8611	1-8663	8323	97.19	136	104	100	48	35	40	0	0
RLG_Alon_Ava	RLG_Alon_Ava	8597	1-8611	1-8663	8325	96.83	146	126	66	14	30	4	0	0
RLG_Alon_Ava	RLG_Alon_Ava	8601	1-8611	1-8679	8342	96.98	145	114	78	10	30	3	0	0
RLG_Alon_Ava	RLG_Alon_Ava	8598	1-8605	1-8679	8379	97.45	118	101	81	7	30	2	0	0
RLG_Alon_Ava	RLG_Alon_Ava	8584	1-8611	1-8669	8338	97.13	136	110	85	27	30	19	0	0
RLG_Alon_Ava	RLG_Alon_Ava	8601	1-8611	1-8682	8338	96.94	147	116	81	10	30	3	0	0
RLG_Alon_Ava	RLG_Alon_Ava	8597	1-8611	1-8687	8395	97.65	111	91	90	14	30	9	0	0
RLG_Alon_Ava	RLG_Alon_Ava	8592	1-8611	1-8657	8340	97.06	144	108	65	19	30	6	0	0
RLG_Alon_Ava	RLG_Alon_Ava	8593	1-8611	1-8662	8308	96.68	153	132	69	18	30	9	0	0
RLG_Alon_Ava	RLG_Alon_Ava	8601	1-8611	1-8677	8320	96.73	150	131	76	10	30	2	0	0
RLG_Alon_Ava	RLG_Alon_Ava	8576	1-8611	1-8639	8323	97.04	143	110	63	35	30	16	0	0
RLG_Alon_Ava	RLG_Alon_Ava	8618	1-8621	1-8700	8425	97.76	107	86	82	3	24	1	0	0
RLG_Alon_Ava	RLG_Alon_Ava	8614	1-8621	1-8683	8323	96.62	164	127	69	7	19	2	0	0
RLG_Alon_Ava	RLG_Alon_Ava	8617	1-8621	1-8671	8342	96.8	155	120	54	4	19	2	0	0
RLG_Alon_Ava	RLG_Alon_Ava	8616	1-8621	1-8673	8324	96.61	163	129	57	5	19	1	0	0
RLG_Alon_Ava	RLG_Alon_Ava	8597	1-8621	1-8664	8415	97.88	95	87	67	24	19	21	0	0
RLG_Alon_Ava	RLG_Alon_Ava	8616	1-8621	1-8722	8321	96.57	173	122	106	5	21	1	0	0
RLG_Alon_Ava	RLG_Alon_Ava	8586	1-8621	1-8637	8344	97.18	142	100	51	35	19	13	0	0
RLG_Alon_Ava	RLG_Alon_Ava	8611	1-8621	1-8674	8309	96.49	168	134	63	10	19	3	0	0
RLG_Alon_Ava	RLG_Alon_Ava	8595	1-8621	1-8646	8343	97.06	145	107	51	26	19	17	0	0
RLG_Alon_Ava	RLG_Alon_Ava	8611	1-8621	1-8676	8357	97.05	156	98	65	10	19	8	0	0
RLG_Alon_Ava	RLG_Alon_Ava	8618	1-8621	1-8677	8352	96.91	160	106	59	3	19	1	0	0
RLG_Alon_Ava	RLG_Alon_Ava	8575	1-8621	1-8663	8340	97.25	134	101	88	46	37	40	0	0
RLG_Alon_Ava	RLG_Alon_Ava	8612	1-8621	1-8663	8340	96.84	151	121	51	9	19	3	0	0
RLG_Alon_Ava	RLG_Alon_Ava	8613	1-8621	1-8679	8358	97.03	144	111	66	8	19	3	0	0
RLG_Alon_Ava	RLG_Alon_Ava	8610	1-8615	1-8679	8389	97.43	125	96	69	5	19	1	0	0
RLG_Alon_Ava	RLG_Alon_Ava	8613	1-8621	1-8669	8370	97.17	136	107	56	8	23	3	0	0
RLG_Alon_Ava	RLG_Alon_Ava	8614	1-8621	1-8682	8355	96.99	148	111	68	7	19	3	0	0
RLG_Alon_Ava	RLG_Alon_Ava	8607	1-8621	1-8687	8409	97.69	110	88	80	14	27	9	0	0
RLG_Alon_Ava	RLG_Alon_Ava	8606	1-8621	1-8657	8358	97.11	143	105	51	15	19	4	0	0
RLG_Alon_Ava	RLG_Alon_Ava	8605	1-8621	1-8662	8320	96.68	156	129	57	16	19	9	0	0
RLG_Alon_Ava	RLG_Alon_Ava	8613	1-8621	1-8677	8331	96.72	154	128	64	8	19	2	0	0
RLG_Alon_Ava	RLG_Alon_Ava	8590	1-8621	1-8639	8335	97.03	148	107	49	31	19	16	0	0
RLG_Alon_Ava	RLG_Alon_Ava	8682	1-8700	1-8683	8419	96.97	149	114	1	18	1	5	0	0
RLG_Alon_Ava	RLG_Alon_Ava	8669	1-8700	1-8671	8426	97.19	134	109	2	31	1	21	0	0
RLG_Alon_Ava	RLG_Alon_Ava	8671	1-8700	1-8673	8411	97	144	116	2	29	1	17	0	0
RLG_Alon_Ava	RLG_Alon_Ava	8660	1-8700	1-8664	8490	98.03	82	88	4	40	4	21	0	0
RLG_Alon_Ava	RLG_Alon_Ava	8676	1-8700	1-8722	8449	97.38	132	95	46	24	21	12	0	0
RLG_Alon_Ava	RLG_Alon_Ava	8635	1-8700	1-8637	8428	97.6	110	97	2	65	1	27	0	0
RLG_Alon_Ava	RLG_Alon_Ava	8674	1-8700	1-8674	8413	96.99	145	116	0	26	0	11	0	0
RLG_Alon_Ava	RLG_Alon_Ava	8644	1-8700	1-8646	8425	97.46	115	104	2	56	1	27	0	0
RLG_Alon_Ava	RLG_Alon_Ava	8673	1-8700	1-8676	8424	97.12	144	105	3	27	1	11	0	0
RLG_Alon_Ava	RLG_Alon_Ava	8676	1-8700	1-8677	8423	97.08	144	109	1	24	1	16	0	0
RLG_Alon_Ava	RLG_Alon_Ava	8647	1-8700	1-8663	8426	97.44	132	89	16	53	14	40	0	0
RLG_Alon_Ava	RLG_Alon_Ava	8660	1-8700	1-8663	8423	97.26	129	108	3	40	1	26	0	0
RLG_Alon_Ava	RLG_Alon_Ava	8678	1-8700	1-8679	8446	97.32	135	97	1	22	1	8	0	0
RLG_Alon_Ava	RLG_Alon_Ava	8676	1-8694	1-8679	8461	97.52	126	89	3	18	1	7	0	0
RLG_Alon_Ava	RLG_Alon_Ava	8666	1-8700	1-8669	8446	97.46	125	95	3	34	2	19	0	0
RLG_Alon_Ava	RLG_Alon_Ava	8680	1-8700	1-8682	8445	97.29	136	99	2	20	1	6	0	0
RLG_Alon_Ava	RLG_Alon_Ava	8676	1-8700	1-8687	8540	98.43	78	58	11	24	8	9	0	0
RLG_Alon_Ava	RLG_Alon_Ava	8657	1-8700	1-8657	8452	97.63	125	80	0	43	0	16	0	0
RLG_Alon_Ava	RLG_Alon_Ava	8659	1-8700	1-8662	8390	96.89	143	126	3	41	2	21	0	0
RLG_Alon_Ava	RLG_Alon_Ava	8672	1-8700	1-8677	8407	96.94	141	124	5	28	4	15	0	0
RLG_Alon_Ava	RLG_Alon_Ava	8639	1-8700	1-8639	8410	97.34	133	96	0	61	0	26	0	0
RLG_Alon_Ava	RLG_Alon_Ava	8668	1-8683	1-8671	8579	98.97	44	45	3	15	1	9	0	0
RLG_Alon_Ava	RLG_Alon_Ava	8671	1-8683	1-8673	8647	99.72	12	12	2	12	2	12	0	0
RLG_Alon_Ava	RLG_Alon_Ava	8658	1-8683	1-8664	8388	96.88	145	125	6	25	1	21	0	0
RLG_Alon_Ava	RLG_Alon_Ava	8673	1-8683	1-8722	8439	97.3	122	112	49	10	21	6	0	0
RLG_Alon_Ava	RLG_Alon_Ava	8631	1-8683	1-8637	8391	97.21	125	115	6	52	1	21	0	0
RLG_Alon_Ava	RLG_Alon_Ava	8671	1-8683	1-8674	8465	97.62	101	105	3	12	1	5	0	0
RLG_Alon_Ava	RLG_Alon_Ava	8640	1-8683	1-8646	8389	97.09	127	124	6	43	1	21	0	0
RLG_Alon_Ava	RLG_Alon_Ava	8670	1-8683	1-8676	8511	98.16	80	79	6	13	2	8	0	0
RLG_Alon_Ava	RLG_Alon_Ava	8673	1-8683	1-8677	8525	98.29	74	74	4	10	1	10	0	0
RLG_Alon_Ava	RLG_Alon_Ava	8638	1-8683	1-8663	8420	97.47	110	108	25	45	19	40	0	0
RLG_Alon_Ava	RLG_Alon_Ava	8656	1-8683	1-8663	8485	98.02	86	85	7	27	2	20	0	0
RLG_Alon_Ava	RLG_Alon_Ava	8676	1-8683	1-8679	8463	97.54	107	106	3	7	1	3	0	0
RLG_Alon_Ava	RLG_Alon_Ava	8675	1-8677	1-8679	8473	97.67	107	95	4	2	1	2	0	0
RLG_Alon_Ava	RLG_Alon_Ava	8659	1-8683	1-8669	8461	97.71	95	103	10	24	5	19	0	0
RLG_Alon_Ava	RLG_Alon_Ava	8678	1-8683	1-8682	8459	97.47	110	109	4	5	2	3	0	0
RLG_Alon_Ava	RLG_Alon_Ava	8671	1-8683	1-8687	8414	97.03	149	108	16	12	9	9	0	0
RLG_Alon_Ava	RLG_Alon_Ava	8654	1-8683	1-8657	8396	97.01	131	127	3	29	2	21	0	0
RLG_Alon_Ava	RLG_Alon_Ava	8659	1-8683	1-8662	8446	97.54	108	105	3	24	2	12	0	0
RLG_Alon_Ava	RLG_Alon_Ava	8673	1-8683	1-8677	8459	97.53	106	108	4	10	4	8	0	0
RLG_Alon_Ava	RLG_Alon_Ava	8637	1-8683	1-8639	8421	97.49	110	106	2	46	1	20	0	0
RLG_Alon_Ava	RLG_Alon_Ava	8665	1-8671	1-8673	8576	98.97	42	47	8	6	5	3	0	0
RLG_Alon_Ava	RLG_Alon_Ava	8647	1-8671	1-8664	8399	97.13	132	116	17	24	8	21	0	0
RLG_Alon_Ava	RLG_Alon_Ava	8666	1-8671	1-8722	8419	97.14	130	117	56	5	21	1	0	0
RLG_Alon_Ava	RLG_Alon_Ava	8633	1-8671	1-8637	8404	97.34	114	115	4	38	1	13	0	0
RLG_Alon_Ava	RLG_Alon_Ava	8661	1-8671	1-8674	8441	97.45	108	112	13	10	6	3	0	0
RLG_Alon_Ava	RLG_Alon_Ava	8642	1-8671	1-8646	8402	97.22	118	122	4	29	1	17	0	0
RLG_Alon_Ava	RLG_Alon_Ava	8662	1-8671	1-8676	8506	98.19	76	80	14	9	6	8	0	0
RLG_Alon_Ava	RLG_Alon_Ava	8669	1-8671	1-8677	8520	98.28	71	78	8	2	6	1	0	0
RLG_Alon_Ava	RLG_Alon_Ava	8625	1-8671	1-8663	8411	97.51	107	107	38	46	34	40	0	0
RLG_Alon_Ava	RLG_Alon_Ava	8658	1-8671	1-8663	8475	97.88	91	92	5	13	2	5	0	0
RLG_Alon_Ava	RLG_Alon_Ava	8663	1-8671	1-8679	8440	97.42	110	113	16	8	7	3	0	0
RLG_Alon_Ava	RLG_Alon_Ava	8662	1-8665	1-8679	8449	97.54	117	96	17	3	13	1	0	0
RLG_Alon_Ava	RLG_Alon_Ava	8644	1-8671	1-8669	8435	97.58	100	109	25	27	14	19	0	0
RLG_Alon_Ava	RLG_Alon_Ava	8663	1-8671	1-8682	8436	97.37	112	115	19	8	9	3	0	0
RLG_Alon_Ava	RLG_Alon_Ava	8658	1-8671	1-8687	8421	97.26	135	102	29	13	18	9	0	0
RLG_Alon_Ava	RLG_Alon_Ava	8653	1-8671	1-8657	8382	96.86	137	134	4	18	2	7	0	0
RLG_Alon_Ava	RLG_Alon_Ava	8658	1-8671	1-8662	8419	97.23	122	117	4	13	2	9	0	0
RLG_Alon_Ava	RLG_Alon_Ava	8666	1-8671	1-8677	8437	97.35	114	115	11	5	6	1	0	0
RLG_Alon_Ava	RLG_Alon_Ava	8637	1-8671	1-8639	8410	97.37	120	107	2	34	1	16	0	0
RLG_Alon_Ava	RLG_Alon_Ava	8649	1-8673	1-8664	8379	96.87	143	127	15	24	11	21	0	0
RLG_Alon_Ava	RLG_Alon_Ava	8669	1-8673	1-8722	8433	97.27	121	115	53	4	21	1	0	0
RLG_Alon_Ava	RLG_Alon_Ava	8632	1-8673	1-8637	8391	97.2	123	118	5	41	1	13	0	0
RLG_Alon_Ava	RLG_Alon_Ava	8665	1-8673	1-8674	8458	97.61	100	107	9	8	7	3	0	0
RLG_Alon_Ava	RLG_Alon_Ava	8641	1-8673	1-8646	8389	97.08	125	127	5	32	1	17	0	0
RLG_Alon_Ava	RLG_Alon_Ava	8665	1-8673	1-8676	8507	98.17	78	80	11	8	7	8	0	0
RLG_Alon_Ava	RLG_Alon_Ava	8672	1-8673	1-8677	8525	98.3	72	75	5	1	2	1	0	0
RLG_Alon_Ava	RLG_Alon_Ava	8627	1-8673	1-8663	8410	97.48	108	109	36	46	31	40	0	0
RLG_Alon_Ava	RLG_Alon_Ava	8658	1-8673	1-8663	8485	98	86	87	5	15	1	8	0	0
RLG_Alon_Ava	RLG_Alon_Ava	8667	1-8673	1-8679	8453	97.53	106	108	12	6	10	3	0	0
RLG_Alon_Ava	RLG_Alon_Ava	8666	1-8667	1-8679	8465	97.68	105	96	13	1	10	1	0	0
RLG_Alon_Ava	RLG_Alon_Ava	8648	1-8673	1-8669	8450	97.71	95	103	21	25	17	19	0	0
RLG_Alon_Ava	RLG_Alon_Ava	8668	1-8673	1-8682	8450	97.48	108	110	14	5	12	3	0	0
RLG_Alon_Ava	RLG_Alon_Ava	8659	1-8673	1-8687	8405	97.06	145	109	28	14	21	9	0	0
RLG_Alon_Ava	RLG_Alon_Ava	8655	1-8673	1-8657	8391	96.94	133	131	2	18	2	9	0	0
RLG_Alon_Ava	RLG_Alon_Ava	8660	1-8673	1-8662	8436	97.41	116	108	2	13	2	9	0	0
RLG_Alon_Ava	RLG_Alon_Ava	8669	1-8673	1-8677	8451	97.48	108	110	8	4	4	2	0	0
RLG_Alon_Ava	RLG_Alon_Ava	8638	1-8673	1-8639	8421	97.48	109	108	1	35	1	16	0	0
RLG_Alon_Ava	RLG_Alon_Ava	8655	1-8664	1-8722	8390	96.93	146	119	67	9	21	4	0	0
RLG_Alon_Ava	RLG_Alon_Ava	8614	1-8664	1-8637	8383	97.31	125	106	23	50	21	20	0	0
RLG_Alon_Ava	RLG_Alon_Ava	8653	1-8664	1-8674	8389	96.94	142	122	21	11	21	3	0	0
RLG_Alon_Ava	RLG_Alon_Ava	8623	1-8664	1-8646	8381	97.19	129	113	23	41	21	20	0	0
RLG_Alon_Ava	RLG_Alon_Ava	8656	1-8664	1-8676	8409	97.14	140	107	20	8	16	4	0	0
RLG_Alon_Ava	RLG_Alon_Ava	8654	1-8664	1-8677	8399	97.05	140	115	23	10	21	9	0	0
RLG_Alon_Ava	RLG_Alon_Ava	8641	1-8664	1-8663	8393	97.12	138	110	22	23	20	19	0	0
RLG_Alon_Ava	RLG_Alon_Ava	8639	1-8664	1-8663	8402	97.25	128	109	24	25	21	19	0	0
RLG_Alon_Ava	RLG_Alon_Ava	8657	1-8664	1-8679	8401	97.04	142	114	22	7	21	3	0	0
RLG_Alon_Ava	RLG_Alon_Ava	8654	1-8658	1-8679	8421	97.3	137	96	25	4	21	1	0	0
RLG_Alon_Ava	RLG_Alon_Ava	8638	1-8664	1-8669	8393	97.16	134	111	31	26	21	19	0	0
RLG_Alon_Ava	RLG_Alon_Ava	8657	1-8664	1-8682	8397	96.99	144	116	25	7	21	3	0	0
RLG_Alon_Ava	RLG_Alon_Ava	8653	1-8664	1-8687	8496	98.18	79	78	34	11	21	9	0	0
RLG_Alon_Ava	RLG_Alon_Ava	8635	1-8664	1-8657	8399	97.26	130	106	22	29	21	20	0	0
RLG_Alon_Ava	RLG_Alon_Ava	8637	1-8664	1-8662	8348	96.65	162	127	25	27	21	13	0	0
RLG_Alon_Ava	RLG_Alon_Ava	8650	1-8664	1-8677	8359	96.63	164	127	27	14	21	7	0	0
RLG_Alon_Ava	RLG_Alon_Ava	8618	1-8664	1-8639	8392	97.37	133	93	21	46	21	19	0	0
RLG_Alon_Ava	RLG_Alon_Ava	8631	1-8722	1-8637	8497	98.44	61	73	6	91	1	21	0	0
RLG_Alon_Ava	RLG_Alon_Ava	8671	1-8722	1-8674	8453	97.48	116	102	3	51	1	21	0	0
RLG_Alon_Ava	RLG_Alon_Ava	8640	1-8722	1-8646	8501	98.39	62	77	6	82	1	21	0	0
RLG_Alon_Ava	RLG_Alon_Ava	8668	1-8722	1-8676	8410	97.02	138	120	8	54	2	21	0	0
RLG_Alon_Ava	RLG_Alon_Ava	8671	1-8722	1-8677	8413	97.02	137	121	6	51	1	21	0	0
RLG_Alon_Ava	RLG_Alon_Ava	8632	1-8722	1-8663	8386	97.15	133	113	31	90	25	40	0	0
RLG_Alon_Ava	RLG_Alon_Ava	8657	1-8722	1-8663	8452	97.63	107	98	6	65	1	21	0	0
RLG_Alon_Ava	RLG_Alon_Ava	8672	1-8722	1-8679	8466	97.62	111	95	7	50	4	21	0	0
RLG_Alon_Ava	RLG_Alon_Ava	8669	1-8716	1-8679	8428	97.21	140	101	10	47	4	21	0	0
RLG_Alon_Ava	RLG_Alon_Ava	8653	1-8722	1-8669	8460	97.76	102	91	16	69	11	21	0	0
RLG_Alon_Ava	RLG_Alon_Ava	8673	1-8722	1-8682	8463	97.57	113	97	9	49	6	21	0	0
RLG_Alon_Ava	RLG_Alon_Ava	8665	1-8722	1-8687	8420	97.17	145	100	22	57	15	21	0	0
RLG_Alon_Ava	RLG_Alon_Ava	8654	1-8722	1-8657	8438	97.5	119	97	3	68	1	21	0	0
RLG_Alon_Ava	RLG_Alon_Ava	8656	1-8722	1-8662	8406	97.11	132	118	6	66	2	21	0	0
RLG_Alon_Ava	RLG_Alon_Ava	8669	1-8722	1-8677	8424	97.17	129	116	8	53	4	21	0	0
RLG_Alon_Ava	RLG_Alon_Ava	8637	1-8722	1-8639	8454	97.88	103	80	2	85	1	21	0	0
RLG_Alon_Ava	RLG_Alon_Ava	8632	1-8637	1-8674	8401	97.32	120	111	42	5	16	1	0	0
RLG_Alon_Ava	RLG_Alon_Ava	8620	1-8637	1-8646	8596	99.72	11	13	26	17	13	17	0	0
RLG_Alon_Ava	RLG_Alon_Ava	8627	1-8637	1-8676	8395	97.31	116	116	49	10	16	8	0	0
RLG_Alon_Ava	RLG_Alon_Ava	8635	1-8637	1-8677	8398	97.25	118	119	42	2	13	1	0	0
RLG_Alon_Ava	RLG_Alon_Ava	8597	1-8637	1-8663	8394	97.63	113	90	66	40	40	40	0	0
RLG_Alon_Ava	RLG_Alon_Ava	8634	1-8637	1-8663	8465	98.04	89	80	29	3	13	2	0	0
RLG_Alon_Ava	RLG_Alon_Ava	8634	1-8637	1-8679	8457	97.94	91	86	45	3	19	1	0	0
RLG_Alon_Ava	RLG_Alon_Ava	8627	1-8631	1-8679	8381	97.14	139	107	52	4	19	1	0	0
RLG_Alon_Ava	RLG_Alon_Ava	8615	1-8637	1-8669	8453	98.11	82	80	54	22	26	19	0	0
RLG_Alon_Ava	RLG_Alon_Ava	8634	1-8637	1-8682	8453	97.9	93	88	48	3	21	1	0	0
RLG_Alon_Ava	RLG_Alon_Ava	8624	1-8637	1-8687	8421	97.64	121	82	63	13	30	9	0	0
RLG_Alon_Ava	RLG_Alon_Ava	8629	1-8637	1-8657	8416	97.53	115	98	28	8	13	3	0	0
RLG_Alon_Ava	RLG_Alon_Ava	8623	1-8637	1-8662	8390	97.29	125	108	39	14	13	9	0	0
RLG_Alon_Ava	RLG_Alon_Ava	8631	1-8637	1-8677	8403	97.35	123	105	46	6	13	1	0	0
RLG_Alon_Ava	RLG_Alon_Ava	8625	1-8637	1-8639	8451	97.98	93	81	14	12	13	3	0	0
RLG_Alon_Ava	RLG_Alon_Ava	8640	1-8674	1-8646	8399	97.21	125	116	6	34	1	17	0	0
RLG_Alon_Ava	RLG_Alon_Ava	8665	1-8674	1-8676	8407	97.02	138	120	11	9	3	8	0	0
RLG_Alon_Ava	RLG_Alon_Ava	8668	1-8674	1-8677	8415	97.08	135	118	9	6	3	5	0	0
RLG_Alon_Ava	RLG_Alon_Ava	8633	1-8674	1-8663	8407	97.38	117	109	30	41	24	40	0	0
RLG_Alon_Ava	RLG_Alon_Ava	8656	1-8674	1-8663	8499	98.18	75	82	7	18	1	15	0	0
RLG_Alon_Ava	RLG_Alon_Ava	8673	1-8674	1-8679	8473	97.69	103	97	6	1	3	1	0	0
RLG_Alon_Ava	RLG_Alon_Ava	8667	1-8668	1-8679	8408	97.01	142	117	12	1	3	1	0	0
RLG_Alon_Ava	RLG_Alon_Ava	8654	1-8674	1-8669	8465	97.81	95	94	15	20	10	19	0	0
RLG_Alon_Ava	RLG_Alon_Ava	8673	1-8674	1-8682	8469	97.64	105	99	9	1	5	1	0	0
RLG_Alon_Ava	RLG_Alon_Ava	8663	1-8674	1-8687	8428	97.28	132	103	24	11	14	9	0	0
RLG_Alon_Ava	RLG_Alon_Ava	8654	1-8674	1-8657	8424	97.34	124	106	3	20	1	17	0	0
RLG_Alon_Ava	RLG_Alon_Ava	8653	1-8674	1-8662	8407	97.15	123	123	9	21	3	9	0	0
RLG_Alon_Ava	RLG_Alon_Ava	8666	1-8674	1-8677	8423	97.19	122	121	11	8	4	4	0	0
RLG_Alon_Ava	RLG_Alon_Ava	8638	1-8674	1-8639	8441	97.71	109	88	1	36	1	15	0	0
RLG_Alon_Ava	RLG_Alon_Ava	8636	1-8646	1-8676	8393	97.18	122	121	40	10	17	8	0	0
RLG_Alon_Ava	RLG_Alon_Ava	8644	1-8646	1-8677	8397	97.14	123	124	33	2	17	1	0	0
RLG_Alon_Ava	RLG_Alon_Ava	8606	1-8646	1-8663	8392	97.51	117	97	57	40	40	40	0	0
RLG_Alon_Ava	RLG_Alon_Ava	8643	1-8646	1-8663	8465	97.94	93	85	20	3	17	2	0	0
RLG_Alon_Ava	RLG_Alon_Ava	8643	1-8646	1-8679	8455	97.82	95	93	36	3	19	1	0	0
RLG_Alon_Ava	RLG_Alon_Ava	8636	1-8640	1-8679	8381	97.04	143	112	43	4	19	1	0	0
RLG_Alon_Ava	RLG_Alon_Ava	8624	1-8646	1-8669	8451	97.99	86	87	45	22	26	19	0	0
RLG_Alon_Ava	RLG_Alon_Ava	8643	1-8646	1-8682	8451	97.77	97	95	39	3	21	1	0	0
RLG_Alon_Ava	RLG_Alon_Ava	8633	1-8646	1-8687	8421	97.54	126	86	54	13	30	9	0	0
RLG_Alon_Ava	RLG_Alon_Ava	8638	1-8646	1-8657	8414	97.4	119	105	19	8	17	3	0	0
RLG_Alon_Ava	RLG_Alon_Ava	8632	1-8646	1-8662	8392	97.21	129	111	30	14	17	9	0	0
RLG_Alon_Ava	RLG_Alon_Ava	8640	1-8646	1-8677	8403	97.25	127	110	37	6	17	1	0	0
RLG_Alon_Ava	RLG_Alon_Ava	8621	1-8646	1-8639	8441	97.91	98	82	18	25	17	16	0	0
RLG_Alon_Ava	RLG_Alon_Ava	8669	1-8676	1-8677	8616	99.38	24	29	8	7	8	5	0	0
RLG_Alon_Ava	RLG_Alon_Ava	8629	1-8676	1-8663	8419	97.56	121	89	34	47	24	40	0	0
RLG_Alon_Ava	RLG_Alon_Ava	8653	1-8676	1-8663	8414	97.23	125	114	10	23	8	15	0	0
RLG_Alon_Ava	RLG_Alon_Ava	8667	1-8676	1-8679	8436	97.33	129	102	12	9	8	3	0	0
RLG_Alon_Ava	RLG_Alon_Ava	8667	1-8671	1-8680	8478	97.81	111	78	13	4	8	2	0	0
RLG_Alon_Ava	RLG_Alon_Ava	8648	1-8676	1-8669	8432	97.5	120	96	21	28	10	19	0	0
RLG_Alon_Ava	RLG_Alon_Ava	8668	1-8676	1-8682	8433	97.28	131	104	14	8	8	3	0	0
RLG_Alon_Ava	RLG_Alon_Ava	8661	1-8676	1-8687	8407	97.06	146	108	26	15	14	9	0	0
RLG_Alon_Ava	RLG_Alon_Ava	8647	1-8676	1-8657	8393	97.06	137	117	10	29	8	17	0	0
RLG_Alon_Ava	RLG_Alon_Ava	8652	1-8676	1-8662	8429	97.42	122	101	10	24	8	9	0	0
RLG_Alon_Ava	RLG_Alon_Ava	8665	1-8676	1-8677	8446	97.47	121	98	12	11	8	4	0	0
RLG_Alon_Ava	RLG_Alon_Ava	8631	1-8676	1-8639	8387	97.17	132	112	8	45	8	16	0	0
RLG_Alon_Ava	RLG_Alon_Ava	8632	1-8677	1-8663	8420	97.54	122	90	31	45	29	40	0	0
RLG_Alon_Ava	RLG_Alon_Ava	8660	1-8677	1-8663	8423	97.26	122	115	3	17	1	10	0	0
RLG_Alon_Ava	RLG_Alon_Ava	8670	1-8677	1-8679	8438	97.32	132	100	9	7	8	3	0	0
RLG_Alon_Ava	RLG_Alon_Ava	8669	1-8671	1-8679	8478	97.79	112	79	10	2	8	1	0	0
RLG_Alon_Ava	RLG_Alon_Ava	8651	1-8677	1-8669	8436	97.51	121	94	18	26	15	19	0	0
RLG_Alon_Ava	RLG_Alon_Ava	8670	1-8677	1-8682	8434	97.27	134	102	12	7	10	3	0	0
RLG_Alon_Ava	RLG_Alon_Ava	8664	1-8677	1-8687	8407	97.03	147	110	23	13	19	9	0	0
RLG_Alon_Ava	RLG_Alon_Ava	8655	1-8677	1-8657	8397	97.01	141	117	2	22	2	12	0	0
RLG_Alon_Ava	RLG_Alon_Ava	8660	1-8677	1-8662	8434	97.39	130	96	2	17	2	9	0	0
RLG_Alon_Ava	RLG_Alon_Ava	8673	1-8677	1-8677	8447	97.39	129	97	4	4	4	1	0	0
RLG_Alon_Ava	RLG_Alon_Ava	8639	1-8677	1-8639	8394	97.16	129	116	0	38	0	16	0	0
RLG_Alon_Ava	RLG_Alon_Ava	8621	1-8663	1-8663	8416	97.62	106	99	42	42	40	39	0	0
RLG_Alon_Ava	RLG_Alon_Ava	8639	1-8663	1-8679	8509	98.49	85	45	40	24	40	21	0	0
RLG_Alon_Ava	RLG_Alon_Ava	8632	1-8657	1-8679	8402	97.33	131	99	47	25	40	21	0	0
RLG_Alon_Ava	RLG_Alon_Ava	8627	1-8663	1-8669	8512	98.66	72	43	42	36	40	19	0	0
RLG_Alon_Ava	RLG_Alon_Ava	8641	1-8663	1-8682	8506	98.43	88	47	41	22	40	19	0	0
RLG_Alon_Ava	RLG_Alon_Ava	8640	1-8663	1-8687	8422	97.47	132	86	47	23	40	10	0	0
RLG_Alon_Ava	RLG_Alon_Ava	8615	1-8663	1-8657	8424	97.78	110	81	42	48	40	41	0	0
RLG_Alon_Ava	RLG_Alon_Ava	8616	1-8663	1-8662	8404	97.53	110	102	46	47	40	20	0	0
RLG_Alon_Ava	RLG_Alon_Ava	8629	1-8663	1-8677	8421	97.58	108	100	48	34	40	15	0	0
RLG_Alon_Ava	RLG_Alon_Ava	8599	1-8663	1-8639	8383	97.48	117	99	40	64	40	39	0	0
RLG_Alon_Ava	RLG_Alon_Ava	8659	1-8663	1-8679	8493	98.08	81	85	20	4	18	1	0	0
RLG_Alon_Ava	RLG_Alon_Ava	8652	1-8657	1-8679	8404	97.13	142	106	27	5	18	1	0	0
RLG_Alon_Ava	RLG_Alon_Ava	8640	1-8663	1-8669	8486	98.21	74	80	29	23	25	19	0	0
RLG_Alon_Ava	RLG_Alon_Ava	8660	1-8663	1-8682	8490	98.03	83	87	22	3	20	1	0	0
RLG_Alon_Ava	RLG_Alon_Ava	8649	1-8663	1-8687	8439	97.57	123	87	38	14	29	9	0	0
RLG_Alon_Ava	RLG_Alon_Ava	8653	1-8663	1-8657	8454	97.7	101	98	4	10	2	3	0	0
RLG_Alon_Ava	RLG_Alon_Ava	8648	1-8663	1-8662	8429	97.46	109	110	14	15	5	9	0	0
RLG_Alon_Ava	RLG_Alon_Ava	8656	1-8663	1-8677	8440	97.5	107	109	21	7	10	2	0	0
RLG_Alon_Ava	RLG_Alon_Ava	8637	1-8663	1-8639	8488	98.27	78	71	2	26	2	16	0	0
RLG_Alon_Ava	RLG_Alon_Ava	8672	1-8673	1-8679	8428	97.18	142	102	7	1	3	1	0	0
RLG_Alon_Ava	RLG_Alon_Ava	8660	1-8679	1-8669	8633	99.68	16	11	9	19	7	19	0	0
RLG_Alon_Ava	RLG_Alon_Ava	8679	1-8679	1-8682	8663	99.81	10	6	3	0	2	0	0	0
RLG_Alon_Ava	RLG_Alon_Ava	8667	1-8679	1-8687	8440	97.38	137	90	20	12	11	9	0	0
RLG_Alon_Ava	RLG_Alon_Ava	8655	1-8679	1-8657	8500	98.2	86	69	2	24	2	20	0	0
RLG_Alon_Ava	RLG_Alon_Ava	8655	1-8679	1-8662	8482	98	84	89	7	24	3	12	0	0
RLG_Alon_Ava	RLG_Alon_Ava	8668	1-8679	1-8677	8499	98.05	84	85	9	11	4	7	0	0
RLG_Alon_Ava	RLG_Alon_Ava	8639	1-8679	1-8639	8452	97.83	102	85	0	40	0	18	0	0
RLG_Alon_Ava	RLG_Alon_Ava	8653	1-8679	1-8663	8427	97.38	128	98	10	26	7	19	0	0
RLG_Alon_Ava	RLG_Alon_Ava	8672	1-8679	1-8676	8424	97.14	144	104	4	7	2	3	0	0
RLG_Alon_Ava	RLG_Alon_Ava	8664	1-8679	1-8681	8442	97.43	131	91	17	15	11	9	0	0
RLG_Alon_Ava	RLG_Alon_Ava	8649	1-8679	1-8651	8436	97.53	119	94	2	30	2	17	0	0
RLG_Alon_Ava	RLG_Alon_Ava	8654	1-8679	1-8656	8475	97.93	104	75	2	25	2	12	0	0
RLG_Alon_Ava	RLG_Alon_Ava	8667	1-8679	1-8671	8490	97.95	103	74	4	12	4	7	0	0
RLG_Alon_Ava	RLG_Alon_Ava	8632	1-8679	1-8633	8406	97.38	129	97	1	47	1	18	0	0
RLG_Alon_Ava	RLG_Alon_Ava	8662	1-8669	1-8682	8630	99.63	19	13	20	7	19	5	0	0
RLG_Alon_Ava	RLG_Alon_Ava	8657	1-8669	1-8687	8442	97.51	127	88	30	12	19	9	0	0
RLG_Alon_Ava	RLG_Alon_Ava	8636	1-8669	1-8657	8488	98.28	82	66	21	33	19	27	0	0
RLG_Alon_Ava	RLG_Alon_Ava	8636	1-8669	1-8662	8477	98.15	76	83	26	33	19	13	0	0
RLG_Alon_Ava	RLG_Alon_Ava	8649	1-8669	1-8677	8491	98.17	77	81	28	20	19	14	0	0
RLG_Alon_Ava	RLG_Alon_Ava	8620	1-8669	1-8639	8445	97.96	94	81	19	49	19	25	0	0
RLG_Alon_Ava	RLG_Alon_Ava	8669	1-8682	1-8687	8438	97.33	139	92	18	13	9	9	0	0
RLG_Alon_Ava	RLG_Alon_Ava	8655	1-8682	1-8657	8495	98.15	89	71	2	27	2	22	0	0
RLG_Alon_Ava	RLG_Alon_Ava	8655	1-8682	1-8662	8477	97.94	88	90	7	27	3	14	0	0
RLG_Alon_Ava	RLG_Alon_Ava	8668	1-8682	1-8677	8494	97.99	85	89	9	14	4	9	0	0
RLG_Alon_Ava	RLG_Alon_Ava	8639	1-8682	1-8639	8448	97.78	104	87	0	43	0	20	0	0
RLG_Alon_Ava	RLG_Alon_Ava	8645	1-8687	1-8657	8420	97.39	136	89	12	42	9	31	0	0
RLG_Alon_Ava	RLG_Alon_Ava	8647	1-8687	1-8662	8382	96.93	148	117	15	40	9	24	0	0
RLG_Alon_Ava	RLG_Alon_Ava	8661	1-8687	1-8677	8403	97.02	146	112	16	26	9	13	0	0
RLG_Alon_Ava	RLG_Alon_Ava	8628	1-8687	1-8639	8410	97.47	134	84	11	59	9	29	0	0
RLG_Alon_Ava	RLG_Alon_Ava	8644	1-8657	1-8662	8405	97.23	119	120	18	13	8	9	0	0
RLG_Alon_Ava	RLG_Alon_Ava	8652	1-8657	1-8677	8419	97.3	117	116	25	5	13	2	0	0
RLG_Alon_Ava	RLG_Alon_Ava	8637	1-8657	1-8639	8436	97.67	109	92	2	20	2	16	0	0
RLG_Alon_Ava	RLG_Alon_Ava	8661	1-8662	1-8677	8645	99.81	8	8	16	1	9	1	0	0
RLG_Alon_Ava	RLG_Alon_Ava	8629	1-8662	1-8639	8392	97.25	126	111	10	33	9	16	0	0
RLG_Alon_Ava	RLG_Alon_Ava	8637	1-8677	1-8639	8403	97.29	124	110	2	40	1	16	0	0
RLG_Asat_Ava	RLG_Asat_Ava	8672	1-8746	1-8713	8492	97.92	99	81	41	74	18	69	0	0
RLG_Asat_Ava	RLG_Asat_Ava	8744	1-8751	1-8785	8570	98.01	98	76	41	7	20	1	0	0
RLG_Asat_Ava	RLG_Asat_Ava	8703	1-8751	1-8725	8522	97.92	94	87	22	48	16	17	0	0
RLG_Asat_Ava	RLG_Asat_Ava	8741	1-8748	1-8751	8510	97.35	91	140	9	3	5	2	0	0
RLG_Asat_Ava	RLG_Asat_Ava	8667	1-8678	1-8673	8618	99.43	23	26	6	11	4	4	0	0
RLG_Asat_Ava	RLG_Asat_Ava	8673	1-8678	1-8750	8406	96.92	151	116	77	5	62	2	0	0
RLG_Asat_Ava	RLG_Asat_Ava	8657	1-8678	1-8663	8380	96.8	155	122	6	21	3	11	0	0
RLG_Asat_Ava	RLG_Asat_Ava	8675	1-8678	1-8684	8530	98.32	73	72	9	3	6	2	0	0
RLG_Asat_Ava	RLG_Asat_Ava	8673	1-8678	1-8675	8509	98.1	83	81	2	5	2	2	0	0
RLG_Asat_Ava	RLG_Asat_Ava	8675	1-8678	1-8680	8618	99.34	31	26	5	3	3	2	0	0
RLG_Asat_Ava	RLG_Asat_Ava	8676	1-8678	1-8696	8632	99.49	21	23	20	2	16	2	0	0
RLG_Asat_Ava	RLG_Asat_Ava	8676	1-8678	1-8686	8630	99.46	20	26	10	2	7	2	0	0
RLG_Asat_Ava	RLG_Asat_Ava	8676	1-8678	1-8681	8620	99.35	28	28	5	2	3	2	0	0
RLG_Asat_Ava	RLG_Asat_Ava	8675	1-8678	1-8677	8625	99.42	20	30	2	3	2	2	0	0
RLG_Asat_Ava	RLG_Asat_Ava	8674	1-8678	1-8676	8629	99.48	19	26	2	4	2	2	0	0
RLG_Asat_Ava	RLG_Asat_Ava	8672	1-8678	1-8681	8628	99.49	17	27	9	6	7	4	0	0
RLG_Asat_Ava	RLG_Asat_Ava	8675	1-8678	1-8686	8619	99.35	28	28	11	3	6	2	0	0
RLG_Asat_Ava	RLG_Asat_Ava	8651	1-8678	1-8653	8601	99.42	26	24	2	27	2	16	0	0
RLG_Asat_Ava	RLG_Asat_Ava	8672	1-8678	1-8674	8619	99.38	23	30	2	6	2	4	0	0
RLG_Asat_Ava	RLG_Asat_Ava	8675	1-8678	1-8678	8621	99.37	25	29	3	3	2	2	0	0
RLG_Asat_Ava	RLG_Asat_Ava	8666	1-8678	1-8685	8520	98.31	76	70	19	12	18	8	0	0
RLG_Asat_Ava	RLG_Asat_Ava	8668	1-8678	1-8686	8504	98.1	76	88	18	10	18	8	0	0
RLG_Asat_Ava	RLG_Asat_Ava	8668	1-8678	1-8679	8618	99.42	18	32	11	10	9	3	0	0
RLG_Asat_Ava	RLG_Asat_Ava	8676	1-8678	1-8680	8608	99.21	29	39	4	2	2	2	0	0
RLG_Asat_Ava	RLG_Asat_Ava	8673	1-8678	1-8679	8399	96.84	157	117	6	5	2	2	0	0
RLG_Asat_Ava	RLG_Asat_Ava	8668	1-8678	1-8675	8510	98.17	75	83	7	10	3	8	0	0
RLG_Asat_Ava	RLG_Asat_Ava	8666	1-8678	1-8668	8613	99.38	23	30	2	12	2	8	0	0
RLG_Asat_Ava	RLG_Asat_Ava	8667	1-8678	1-8669	8516	98.25	76	75	2	11	2	8	0	0
RLG_Asat_Ava	RLG_Asat_Ava	8667	1-8678	1-8671	8512	98.21	82	73	4	11	2	8	0	0
RLG_Asat_Ava	RLG_Asat_Ava	8666	1-8678	1-8669	8392	96.83	160	114	3	12	2	7	0	0
RLG_Asat_Ava	RLG_Asat_Ava	8668	1-8678	1-8676	8513	98.21	78	77	8	10	4	8	0	0
RLG_Asat_Ava	RLG_Asat_Ava	8665	1-8678	1-8676	8407	97.02	146	112	11	13	2	6	0	0
RLG_Asat_Ava	RLG_Asat_Ava	8666	1-8678	1-8669	8390	96.81	155	121	3	12	2	4	0	0
RLG_Asat_Ava	RLG_Asat_Ava	8669	1-8678	1-8673	8401	96.9	151	117	4	9	2	4	0	0
RLG_Asat_Ava	RLG_Asat_Ava	8675	1-8678	1-8678	8625	99.42	23	27	3	3	2	2	0	0
RLG_Asat_Ava	RLG_Asat_Ava	8675	1-8678	1-8681	8517	98.17	86	72	6	3	2	2	0	0
RLG_Asat_Ava	RLG_Asat_Ava	8675	1-8678	1-8683	8518	98.19	86	71	8	3	4	2	0	0
RLG_Asat_Ava	RLG_Asat_Ava	8675	1-8678	1-8686	8630	99.48	23	22	11	3	6	2	0	0
RLG_Asat_Ava	RLG_Asat_Ava	8674	1-8678	1-8679	8622	99.4	25	27	5	4	2	2	0	0
RLG_Asat_Ava	RLG_Asat_Ava	8675	1-8678	1-8677	8635	99.53	15	25	2	3	2	2	0	0
RLG_Asat_Ava	RLG_Asat_Ava	8673	1-8678	1-8681	8437	97.27	135	101	8	5	4	2	0	0
RLG_Asat_Ava	RLG_Asat_Ava	8673	1-8678	1-8677	8442	97.33	134	97	4	5	2	2	0	0
RLG_Asat_Ava	RLG_Asat_Ava	8658	1-8678	1-8663	8502	98.19	86	70	5	20	2	16	0	0
RLG_Asat_Ava	RLG_Asat_Ava	8675	1-8678	1-8680	8525	98.27	68	82	5	3	2	2	0	0
RLG_Asat_Ava	RLG_Asat_Ava	8676	1-8678	1-8681	8633	99.5	17	26	5	2	2	2	0	0
RLG_Asat_Ava	RLG_Asat_Ava	8663	1-8678	1-8668	8606	99.34	27	30	5	15	2	8	0	0
RLG_Asat_Ava	RLG_Asat_Ava	8675	1-8678	1-8682	8523	98.24	84	68	7	3	3	2	0	0
RLG_Asat_Ava	RLG_Asat_Ava	8669	1-8678	1-8671	8615	99.37	26	28	2	9	2	7	0	0
RLG_Asat_Ava	RLG_Asat_Ava	8674	1-8678	1-8679	8501	98	85	88	5	4	2	2	0	0
RLG_Asat_Ava	RLG_Asat_Ava	8672	1-8678	1-8674	8545	98.53	61	66	2	6	2	3	0	0
RLG_Asat_Ava	RLG_Asat_Ava	8606	1-8678	1-8611	8329	96.78	154	123	5	72	2	30	0	0
RLG_Asat_Ava	RLG_Asat_Ava	8616	1-8678	1-8621	8342	96.81	154	120	5	62	2	19	0	0
RLG_Asat_Ava	RLG_Asat_Ava	8674	1-8678	1-8700	8425	97.12	143	106	26	4	15	2	0	0
RLG_Asat_Ava	RLG_Asat_Ava	8671	1-8678	1-8683	8520	98.25	73	78	12	7	9	2	0	0
RLG_Asat_Ava	RLG_Asat_Ava	8669	1-8678	1-8671	8532	98.41	66	71	2	9	2	6	0	0
RLG_Asat_Ava	RLG_Asat_Ava	8669	1-8678	1-8673	8513	98.2	72	84	4	9	2	3	0	0
RLG_Asat_Ava	RLG_Asat_Ava	8652	1-8678	1-8664	8380	96.85	150	122	12	26	8	21	0	0
RLG_Asat_Ava	RLG_Asat_Ava	8671	1-8678	1-8722	8468	97.65	109	94	51	7	21	2	0	0
RLG_Asat_Ava	RLG_Asat_Ava	8632	1-8678	1-8637	8441	97.78	94	97	5	46	2	13	0	0
RLG_Asat_Ava	RLG_Asat_Ava	8666	1-8678	1-8674	8426	97.23	124	116	8	12	4	3	0	0
RLG_Asat_Ava	RLG_Asat_Ava	8641	1-8678	1-8646	8442	97.69	97	102	5	37	2	17	0	0
RLG_Asat_Ava	RLG_Asat_Ava	8667	1-8678	1-8676	8501	98.08	81	85	9	11	4	8	0	0
RLG_Asat_Ava	RLG_Asat_Ava	8674	1-8678	1-8677	8508	98.08	82	84	3	4	2	2	0	0
RLG_Asat_Ava	RLG_Asat_Ava	8632	1-8678	1-8663	8424	97.59	108	100	31	46	28	38	0	0
RLG_Asat_Ava	RLG_Asat_Ava	8657	1-8678	1-8663	8432	97.4	113	112	6	21	2	11	0	0
RLG_Asat_Ava	RLG_Asat_Ava	8668	1-8678	1-8679	8458	97.57	105	105	11	10	7	3	0	0
RLG_Asat_Ava	RLG_Asat_Ava	8667	1-8672	1-8679	8449	97.48	120	98	12	5	7	2	0	0
RLG_Asat_Ava	RLG_Asat_Ava	8649	1-8678	1-8669	8453	97.73	94	102	20	29	14	19	0	0
RLG_Asat_Ava	RLG_Asat_Ava	8668	1-8678	1-8682	8454	97.53	107	107	14	10	9	3	0	0
RLG_Asat_Ava	RLG_Asat_Ava	8662	1-8678	1-8687	8409	97.07	151	102	25	16	18	9	0	0
RLG_Asat_Ava	RLG_Asat_Ava	8652	1-8678	1-8657	8395	97.02	134	123	5	26	2	13	0	0
RLG_Asat_Ava	RLG_Asat_Ava	8657	1-8678	1-8662	8434	97.42	112	111	5	21	2	9	0	0
RLG_Asat_Ava	RLG_Asat_Ava	8670	1-8678	1-8677	8446	97.41	113	111	7	8	4	2	0	0
RLG_Asat_Ava	RLG_Asat_Ava	8636	1-8678	1-8639	8385	97.09	141	110	3	42	2	16	0	0
RLG_Asat_Ava	RLG_Asat_Ava	8670	1-8684	1-8673	8525	98.32	82	63	3	14	2	7	0	0
RLG_Asat_Ava	RLG_Asat_Ava	8680	1-8684	1-8750	8423	97.03	152	105	70	4	62	2	0	0
RLG_Asat_Ava	RLG_Asat_Ava	8661	1-8684	1-8663	8414	97.14	144	103	2	23	1	11	0	0
RLG_Asat_Ava	RLG_Asat_Ava	8683	1-8684	1-8684	8568	98.67	63	52	1	1	1	1	0	0
RLG_Asat_Ava	RLG_Asat_Ava	8675	1-8684	1-8675	8661	99.83	5	9	0	9	0	7	0	0
RLG_Asat_Ava	RLG_Asat_Ava	8679	1-8684	1-8680	8499	97.92	101	79	1	5	1	2	0	0
RLG_Asat_Ava	RLG_Asat_Ava	8679	1-8684	1-8696	8512	98.07	92	75	17	5	16	3	0	0
RLG_Asat_Ava	RLG_Asat_Ava	8682	1-8684	1-8686	8514	98.06	90	78	4	2	2	2	0	0
RLG_Asat_Ava	RLG_Asat_Ava	8680	1-8684	1-8681	8497	97.89	102	81	1	4	1	2	0	0
RLG_Asat_Ava	RLG_Asat_Ava	8676	1-8684	1-8677	8507	98.05	89	80	1	8	1	5	0	0
RLG_Asat_Ava	RLG_Asat_Ava	8675	1-8684	1-8676	8510	98.09	88	77	1	9	1	7	0	0
RLG_Asat_Ava	RLG_Asat_Ava	8678	1-8684	1-8681	8510	98.06	89	79	3	6	2	2	0	0
RLG_Asat_Ava	RLG_Asat_Ava	8652	1-8684	1-8653	8493	98.16	89	70	1	32	1	16	0	0
RLG_Asat_Ava	RLG_Asat_Ava	8673	1-8684	1-8674	8517	98.2	86	70	1	11	1	5	0	0
RLG_Asat_Ava	RLG_Asat_Ava	8677	1-8684	1-8678	8506	98.02	96	75	1	7	1	4	0	0
RLG_Asat_Ava	RLG_Asat_Ava	8667	1-8684	1-8685	8549	98.63	65	53	18	17	16	8	0	0
RLG_Asat_Ava	RLG_Asat_Ava	8669	1-8684	1-8686	8534	98.44	65	70	17	15	16	8	0	0
RLG_Asat_Ava	RLG_Asat_Ava	8674	1-8684	1-8679	8509	98.09	82	83	5	10	4	3	0	0
RLG_Asat_Ava	RLG_Asat_Ava	8678	1-8684	1-8680	8529	98.28	78	71	2	6	1	5	0	0
RLG_Asat_Ava	RLG_Asat_Ava	8678	1-8684	1-8679	8402	96.81	157	119	1	6	1	3	0	0
RLG_Asat_Ava	RLG_Asat_Ava	8672	1-8684	1-8675	8545	98.53	68	59	3	12	1	8	0	0
RLG_Asat_Ava	RLG_Asat_Ava	8667	1-8684	1-8668	8514	98.23	82	71	1	17	1	8	0	0
RLG_Asat_Ava	RLG_Asat_Ava	8668	1-8684	1-8669	8551	98.65	65	52	1	16	1	8	0	0
RLG_Asat_Ava	RLG_Asat_Ava	8669	1-8684	1-8671	8598	99.18	32	39	2	15	1	8	0	0
RLG_Asat_Ava	RLG_Asat_Ava	8668	1-8684	1-8669	8408	97	163	97	1	16	1	12	0	0
RLG_Asat_Ava	RLG_Asat_Ava	8673	1-8684	1-8676	8548	98.55	71	54	3	11	1	8	0	0
RLG_Asat_Ava	RLG_Asat_Ava	8668	1-8684	1-8676	8446	97.43	137	85	8	16	2	11	0	0
RLG_Asat_Ava	RLG_Asat_Ava	8668	1-8684	1-8669	8390	96.79	155	123	1	16	1	8	0	0
RLG_Asat_Ava	RLG_Asat_Ava	8672	1-8684	1-8673	8402	96.88	150	120	1	12	1	9	0	0
RLG_Asat_Ava	RLG_Asat_Ava	8677	1-8684	1-8678	8502	97.98	91	84	1	7	1	4	0	0
RLG_Asat_Ava	RLG_Asat_Ava	8678	1-8684	1-8681	8528	98.27	79	71	3	6	1	3	0	0
RLG_Asat_Ava	RLG_Asat_Ava	8680	1-8684	1-8683	8530	98.27	79	71	3	4	1	2	0	0
RLG_Asat_Ava	RLG_Asat_Ava	8683	1-8684	1-8686	8514	98.05	97	72	3	1	1	1	0	0
RLG_Asat_Ava	RLG_Asat_Ava	8677	1-8684	1-8679	8504	98	98	75	2	7	1	3	0	0
RLG_Asat_Ava	RLG_Asat_Ava	8676	1-8684	1-8677	8505	98.02	95	76	1	8	1	6	0	0
RLG_Asat_Ava	RLG_Asat_Ava	8676	1-8684	1-8677	8515	98.14	87	74	1	8	1	6	0	0
RLG_Asat_Ava	RLG_Asat_Ava	8679	1-8684	1-8681	8451	97.37	131	97	2	5	1	2	0	0
RLG_Asat_Ava	RLG_Asat_Ava	8675	1-8684	1-8677	8454	97.45	129	92	2	9	1	4	0	0
RLG_Asat_Ava	RLG_Asat_Ava	8660	1-8684	1-8663	8510	98.26	81	69	3	24	1	16	0	0
RLG_Asat_Ava	RLG_Asat_Ava	8677	1-8684	1-8680	8512	98.09	87	78	3	7	1	4	0	0
RLG_Asat_Ava	RLG_Asat_Ava	8664	1-8684	1-8668	8503	98.14	88	73	4	20	1	8	0	0
RLG_Asat_Ava	RLG_Asat_Ava	8757	1-8771	1-8767	8619	98.42	76	62	10	14	3	3	0	0
RLG_Asat_Ava	RLG_Asat_Ava	8670	1-8684	1-8671	8493	97.95	94	83	1	14	1	12	0	0
RLG_Asat_Ava	RLG_Asat_Ava	8677	1-8684	1-8679	8521	98.2	86	70	2	7	1	3	0	0
RLG_Asat_Ava	RLG_Asat_Ava	8673	1-8684	1-8674	8516	98.18	74	83	1	11	1	8	0	0
RLG_Asat_Ava	RLG_Asat_Ava	8606	1-8684	1-8611	8360	97.14	142	104	5	78	2	30	0	0
RLG_Asat_Ava	RLG_Asat_Ava	8619	1-8684	1-8621	8377	97.19	141	101	2	65	1	19	0	0
RLG_Asat_Ava	RLG_Asat_Ava	8681	1-8684	1-8700	8440	97.22	144	97	19	3	10	2	0	0
RLG_Asat_Ava	RLG_Asat_Ava	8677	1-8684	1-8683	8496	97.91	91	90	6	7	4	3	0	0
RLG_Asat_Ava	RLG_Asat_Ava	8670	1-8684	1-8671	8499	98.02	81	90	1	14	1	11	0	0
RLG_Asat_Ava	RLG_Asat_Ava	8671	1-8684	1-8673	8491	97.92	90	90	2	13	1	8	0	0
RLG_Asat_Ava	RLG_Asat_Ava	8659	1-8684	1-8664	8393	96.92	150	116	5	25	3	21	0	0
RLG_Asat_Ava	RLG_Asat_Ava	8677	1-8684	1-8722	8419	97.02	143	115	45	7	21	2	0	0
RLG_Asat_Ava	RLG_Asat_Ava	8634	1-8684	1-8637	8406	97.35	118	110	3	50	1	17	0	0
RLG_Asat_Ava	RLG_Asat_Ava	8672	1-8684	1-8674	8411	96.99	139	122	2	12	1	3	0	0
RLG_Asat_Ava	RLG_Asat_Ava	8643	1-8684	1-8646	8404	97.23	122	117	3	41	1	17	0	0
RLG_Asat_Ava	RLG_Asat_Ava	8673	1-8684	1-8676	8532	98.37	79	62	3	11	1	8	0	0
RLG_Asat_Ava	RLG_Asat_Ava	8675	1-8684	1-8677	8523	98.24	85	67	2	9	1	6	0	0
RLG_Asat_Ava	RLG_Asat_Ava	8637	1-8684	1-8663	8444	97.76	112	81	26	47	23	40	0	0
RLG_Asat_Ava	RLG_Asat_Ava	8660	1-8684	1-8663	8419	97.21	122	119	3	24	1	16	0	0
RLG_Asat_Ava	RLG_Asat_Ava	8675	1-8684	1-8679	8468	97.61	120	87	4	9	2	3	0	0
RLG_Asat_Ava	RLG_Asat_Ava	8673	1-8678	1-8679	8465	97.6	119	89	6	5	2	2	0	0
RLG_Asat_Ava	RLG_Asat_Ava	8656	1-8684	1-8669	8462	97.75	107	87	13	28	9	19	0	0
RLG_Asat_Ava	RLG_Asat_Ava	8676	1-8684	1-8682	8465	97.56	122	89	6	8	4	3	0	0
RLG_Asat_Ava	RLG_Asat_Ava	8669	1-8684	1-8687	8418	97.1	149	102	18	15	13	9	0	0
RLG_Asat_Ava	RLG_Asat_Ava	8654	1-8684	1-8657	8423	97.33	130	101	3	30	2	18	0	0
RLG_Asat_Ava	RLG_Asat_Ava	8658	1-8684	1-8662	8424	97.29	122	112	4	26	2	10	0	0
RLG_Asat_Ava	RLG_Asat_Ava	8671	1-8684	1-8677	8440	97.33	122	109	6	13	4	5	0	0
RLG_Asat_Ava	RLG_Asat_Ava	8638	1-8684	1-8639	8396	97.19	134	108	1	46	1	16	0	0
RLG_Asat_Ava	RLG_Asat_Ava	8655	1-8673	1-8663	8391	96.94	159	105	8	18	3	11	0	0
RLG_Asat_Ava	RLG_Asat_Ava	8669	1-8673	1-8684	8544	98.55	71	54	15	4	8	3	0	0
RLG_Asat_Ava	RLG_Asat_Ava	8668	1-8673	1-8675	8527	98.37	80	61	7	5	3	4	0	0
RLG_Asat_Ava	RLG_Asat_Ava	8668	1-8673	1-8680	8614	99.37	33	21	12	5	5	4	0	0
RLG_Asat_Ava	RLG_Asat_Ava	8669	1-8673	1-8696	8629	99.53	24	16	27	4	16	4	0	0
RLG_Asat_Ava	RLG_Asat_Ava	8669	1-8673	1-8686	8624	99.48	24	21	17	4	10	4	0	0
RLG_Asat_Ava	RLG_Asat_Ava	8669	1-8673	1-8681	8610	99.31	34	25	12	4	5	4	0	0
RLG_Asat_Ava	RLG_Asat_Ava	8668	1-8673	1-8677	8626	99.51	21	21	9	5	3	5	0	0
RLG_Asat_Ava	RLG_Asat_Ava	8669	1-8673	1-8676	8631	99.56	20	18	7	4	3	4	0	0
RLG_Asat_Ava	RLG_Asat_Ava	8669	1-8673	1-8681	8625	99.49	21	23	12	4	9	4	0	0
RLG_Alon_Cereba	RLG_Alon_Cereba	7706	1-7752	1-7706	7636	99.09	34	36	0	46	0	45	0	0
RLG_Alon_Cereba	RLG_Alon_Cereba	7721	1-7752	1-7723	7636	98.89	39	46	2	31	1	22	0	0
RLG_Alon_Cereba	RLG_Alon_Cereba	7691	1-7752	1-7693	7610	98.94	46	35	2	61	2	27	0	0
RLG_Alon_Cereba	RLG_Alon_Cereba	7749	1-7752	1-7755	7657	98.81	56	36	6	3	3	2	0	0
RLG_Alon_Cereba	RLG_Alon_Cereba	7722	1-7752	1-7724	7644	98.98	37	41	2	30	1	29	0	0
RLG_Alon_Cereba	RLG_Alon_Cereba	7748	1-7752	1-7757	7682	99.14	35	31	9	4	9	1	0	0
RLG_Alon_Cereba	RLG_Alon_Cereba	7719	1-7752	1-7719	7657	99.19	29	33	0	33	0	31	0	0
RLG_Alon_Cereba	RLG_Alon_Cereba	7734	1-7734	1-7763	7592	98.16	99	43	29	0	25	0	0	0
RLG_Alon_Cereba	RLG_Alon_Cereba	7621	1-7734	1-7680	7183	94.25	242	196	59	113	18	66	0	0
RLG_Alon_Cereba	RLG_Alon_Cereba	7715	1-7734	1-7736	7584	98.3	84	47	21	19	18	16	0	0
RLG_Alon_Cereba	RLG_Alon_Cereba	7729	1-7734	1-7760	7596	98.27	86	47	31	5	27	3	0	0
RLG_Alon_Cereba	RLG_Alon_Cereba	7730	1-7734	1-7770	7599	98.3	86	45	40	4	26	1	0	0
RLG_Alon_Cereba	RLG_Alon_Cereba	7731	1-7734	1-7741	7608	98.4	87	36	10	3	3	1	0	0
RLG_Alon_Cereba	RLG_Alon_Cereba	7732	1-7734	1-7766	7595	98.22	93	44	34	2	29	1	0	0
RLG_Alon_Cereba	RLG_Alon_Cereba	7716	1-7734	1-7753	7434	96.34	165	117	37	18	20	10	0	0
RLG_Alon_Cereba	RLG_Alon_Cereba	7726	1-7752	1-7728	7635	98.82	43	48	2	26	2	23	0	0
RLG_Alon_Cereba	RLG_Alon_Cereba	7726	1-7734	1-7753	7492	96.97	149	85	27	8	22	3	0	0
RLG_Alon_Cereba	RLG_Alon_Cereba	7717	1-7734	1-7750	7600	98.48	77	40	33	17	27	12	0	0
RLG_Alon_Cereba	RLG_Alon_Cereba	7729	1-7734	1-7778	7593	98.24	86	50	49	5	46	1	0	0
RLG_Alon_Cereba	RLG_Alon_Cereba	7702	1-7734	1-7707	7551	98.03	93	58	5	32	1	16	0	0
RLG_Alon_Cereba	RLG_Alon_Cereba	7588	1-7752	1-7589	7493	98.74	52	43	1	164	1	108	0	0
RLG_Alon_Cereba	RLG_Alon_Cereba	7731	1-7734	1-7799	7605	98.37	89	37	68	3	63	1	0	0
RLG_Alon_Cereba	RLG_Alon_Cereba	7746	1-7752	1-7748	7646	98.7	61	39	2	6	1	3	0	0
RLG_Alon_Cereba	RLG_Alon_Cereba	7706	1-7756	1-7701	7578	98.33	81	47	3	36	1	28	0	0
RLG_Alon_Cereba	RLG_Alon_Cereba	7723	1-7749	1-7724	7580	98.14	100	43	5	15	1	15	0	0
RLG_Alon_Cereba	RLG_Alon_Cereba	7732	1-7734	1-7742	7618	98.52	79	35	10	2	6	1	0	0
RLG_Alon_Cereba	RLG_Alon_Cereba	7726	1-7752	1-7728	7641	98.89	40	45	2	26	1	16	0	0
RLG_Alon_Cereba	RLG_Alon_Cereba	7727	1-7734	1-7731	7588	98.2	94	45	4	7	1	3	0	0
RLG_Alon_Cereba	RLG_Alon_Cereba	7642	1-7763	1-7680	7193	94.12	242	207	38	121	15	66	0	0
RLG_Alon_Cereba	RLG_Alon_Cereba	7734	1-7763	1-7736	7611	98.4	75	48	2	29	1	17	0	0
RLG_Alon_Cereba	RLG_Alon_Cereba	7757	1-7763	1-7760	7644	98.54	67	46	3	6	1	3	0	0
RLG_Alon_Cereba	RLG_Alon_Cereba	7754	1-7763	1-7770	7630	98.4	71	53	16	9	12	3	0	0
RLG_Alon_Cereba	RLG_Alon_Cereba	7737	1-7763	1-7741	7612	98.38	79	46	4	26	3	22	0	0
RLG_Alon_Cereba	RLG_Alon_Cereba	7761	1-7763	1-7766	7663	98.73	58	40	5	2	3	1	0	0
RLG_Alon_Cereba	RLG_Alon_Cereba	7746	1-7763	1-7753	7462	96.33	160	124	7	17	3	6	0	0
RLG_Alon_Cereba	RLG_Alon_Cereba	7749	1-7763	1-7753	7521	97.05	138	90	4	14	3	4	0	0
RLG_Alon_Cereba	RLG_Alon_Cereba	7706	1-7763	1-7707	7611	98.76	56	39	1	57	1	25	0	0
RLG_Alon_Cereba	RLG_Alon_Cereba	7745	1-7763	1-7750	7620	98.38	80	45	5	18	1	12	0	0
RLG_Alon_Cereba	RLG_Alon_Cereba	7727	1-7763	1-7730	7604	98.4	74	49	3	36	1	29	0	0
RLG_Alon_Cereba	RLG_Alon_Cereba	7728	1-7763	1-7732	7601	98.35	79	48	4	35	2	17	0	0
RLG_Alon_Cereba	RLG_Alon_Cereba	7757	1-7763	1-7778	7627	98.32	80	50	21	6	10	1	0	0
RLG_Alon_Cereba	RLG_Alon_Cereba	7705	1-7763	1-7707	7560	98.11	81	64	2	58	1	26	0	0
RLG_Alon_Cereba	RLG_Alon_Cereba	7761	1-7763	1-7765	7696	99.16	38	27	4	2	2	1	0	0
RLG_Alon_Cereba	RLG_Alon_Cereba	7759	1-7763	1-7799	7635	98.4	74	50	40	4	37	1	0	0
RLG_Alon_Cereba	RLG_Alon_Cereba	7701	1-7763	1-7701	7593	98.59	68	40	0	62	0	53	0	0
RLG_Alon_Cereba	RLG_Alon_Cereba	7722	1-7763	1-7724	7639	98.92	55	28	2	41	1	41	0	0
RLG_Alon_Cereba	RLG_Alon_Cereba	7620	1-7763	1-7621	7504	98.47	70	46	1	143	1	139	0	0
RLG_Alon_Cereba	RLG_Alon_Cereba	7743	1-7763	1-7753	7614	98.33	84	45	10	20	8	13	0	0
RLG_Alon_Cereba	RLG_Alon_Cereba	7736	1-7763	1-7742	7614	98.42	74	48	6	27	6	24	0	0
RLG_Alon_Cereba	RLG_Alon_Cereba	7731	1-7763	1-7731	7600	98.3	83	48	0	32	0	24	0	0
RLG_Alon_Cereba	RLG_Alon_Cereba	7625	1-7680	1-7736	7188	94.26	230	207	111	55	66	24	0	0
RLG_Alon_Cereba	RLG_Alon_Cereba	7639	1-7680	1-7760	7192	94.14	241	206	121	41	66	15	0	0
RLG_Alon_Cereba	RLG_Alon_Cereba	7636	1-7680	1-7770	7193	94.19	233	210	134	44	66	15	0	0
RLG_Alon_Cereba	RLG_Alon_Cereba	7641	1-7680	1-7741	7196	94.17	234	211	100	39	66	15	0	0
RLG_Alon_Cereba	RLG_Alon_Cereba	7643	1-7680	1-7766	7196	94.15	235	212	123	37	66	15	0	0
RLG_Alon_Cereba	RLG_Alon_Cereba	7644	1-7680	1-7753	7232	94.61	224	188	109	36	66	15	0	0
RLG_Alon_Cereba	RLG_Alon_Cereba	7639	1-7680	1-7753	7190	94.12	243	206	114	41	66	15	0	0
RLG_Alon_Cereba	RLG_Alon_Cereba	7590	1-7680	1-7707	7135	94	240	215	117	90	66	25	0	0
RLG_Alon_Cereba	RLG_Alon_Cereba	7624	1-7680	1-7750	7199	94.42	228	197	126	56	66	15	0	0
RLG_Alon_Cereba	RLG_Alon_Cereba	7632	1-7680	1-7730	7196	94.28	230	206	98	48	66	15	0	0
RLG_Alon_Cereba	RLG_Alon_Cereba	7612	1-7680	1-7732	7183	94.36	229	200	120	68	66	24	0	0
RLG_Alon_Cereba	RLG_Alon_Cereba	7641	1-7680	1-7778	7213	94.39	225	203	137	39	66	15	0	0
RLG_Alon_Cereba	RLG_Alon_Cereba	7608	1-7680	1-7707	7139	93.83	241	228	99	72	66	16	0	0
RLG_Alon_Cereba	RLG_Alon_Cereba	7640	1-7680	1-7765	7207	94.33	230	203	125	40	66	15	0	0
RLG_Alon_Cereba	RLG_Alon_Cereba	7641	1-7680	1-7799	7212	94.38	229	200	158	39	66	15	0	0
RLG_Alon_Cereba	RLG_Alon_Cereba	7603	1-7680	1-7701	7162	94.19	235	206	98	77	66	31	0	0
RLG_Alon_Cereba	RLG_Alon_Cereba	7625	1-7680	1-7724	7185	94.22	243	197	99	55	66	25	0	0
RLG_Alon_Cereba	RLG_Alon_Cereba	7524	1-7680	1-7621	7091	94.24	229	204	97	156	66	113	0	0
RLG_Alon_Cereba	RLG_Alon_Cereba	7625	1-7680	1-7753	7175	94.09	244	206	128	55	66	15	0	0
RLG_Alon_Cereba	RLG_Alon_Cereba	7624	1-7680	1-7742	7184	94.22	234	206	118	56	66	18	0	0
RLG_Alon_Cereba	RLG_Alon_Cereba	7608	1-7680	1-7731	7172	94.26	232	204	123	72	66	37	0	0
RLG_Alon_Cereba	RLG_Alon_Cereba	7731	1-7736	1-7760	7632	98.71	54	45	29	5	17	3	0	0
RLG_Alon_Cereba	RLG_Alon_Cereba	7728	1-7736	1-7770	7660	99.12	38	30	42	8	17	4	0	0
RLG_Alon_Cereba	RLG_Alon_Cereba	7719	1-7736	1-7741	7621	98.73	56	42	22	17	17	15	0	0
RLG_Alon_Cereba	RLG_Alon_Cereba	7735	1-7736	1-7766	7657	98.99	48	30	31	1	17	1	0	0
RLG_Alon_Cereba	RLG_Alon_Cereba	7729	1-7736	1-7753	7456	96.46	146	127	24	7	17	3	0	0
RLG_Alon_Cereba	RLG_Alon_Cereba	7727	1-7736	1-7753	7508	97.16	125	94	26	9	17	3	0	0
RLG_Alon_Cereba	RLG_Alon_Cereba	7682	1-7736	1-7707	7577	98.63	62	43	25	54	17	25	0	0
RLG_Alon_Cereba	RLG_Alon_Cereba	7722	1-7736	1-7750	7605	98.48	65	52	28	14	17	12	0	0
RLG_Alon_Cereba	RLG_Alon_Cereba	7710	1-7736	1-7730	7606	98.65	56	48	20	26	17	21	0	0
RLG_Alon_Cereba	RLG_Alon_Cereba	7722	1-7736	1-7732	7646	99.01	48	28	10	14	7	13	0	0
RLG_Alon_Cereba	RLG_Alon_Cereba	7732	1-7736	1-7778	7645	98.87	51	36	46	4	28	1	0	0
RLG_Alon_Cereba	RLG_Alon_Cereba	7686	1-7736	1-7707	7591	98.76	55	40	21	50	17	19	0	0
RLG_Alon_Cereba	RLG_Alon_Cereba	7733	1-7736	1-7765	7618	98.51	68	47	32	3	17	1	0	0
RLG_Alon_Cereba	RLG_Alon_Cereba	7734	1-7736	1-7799	7640	98.78	55	39	65	2	45	1	0	0
RLG_Alon_Cereba	RLG_Alon_Cereba	7681	1-7736	1-7701	7594	98.86	44	43	20	55	17	46	0	0
RLG_Alon_Cereba	RLG_Alon_Cereba	7719	1-7736	1-7724	7587	98.28	85	47	5	17	1	16	0	0
RLG_Alon_Cereba	RLG_Alon_Cereba	7601	1-7736	1-7621	7516	98.88	40	45	20	135	17	132	0	0
RLG_Alon_Cereba	RLG_Alon_Cereba	7717	1-7736	1-7753	7626	98.82	54	37	36	19	17	13	0	0
RLG_Alon_Cereba	RLG_Alon_Cereba	7717	1-7736	1-7742	7618	98.71	55	44	25	19	17	17	0	0
RLG_Alon_Cereba	RLG_Alon_Cereba	7713	1-7736	1-7731	7628	98.89	58	27	18	23	17	17	0	0
RLG_Alon_Cereba	RLG_Alon_Cereba	7750	1-7760	1-7770	7648	98.68	50	52	20	10	12	4	0	0
RLG_Alon_Cereba	RLG_Alon_Cereba	7732	1-7760	1-7741	7612	98.44	68	52	9	28	3	24	0	0
RLG_Alon_Cereba	RLG_Alon_Cereba	7757	1-7760	1-7766	7649	98.6	55	53	9	3	3	1	0	0
RLG_Alon_Cereba	RLG_Alon_Cereba	7744	1-7760	1-7753	7459	96.31	157	128	9	16	3	7	0	0
RLG_Alon_Cereba	RLG_Alon_Cereba	7747	1-7760	1-7753	7521	97.08	134	92	6	13	3	5	0	0
RLG_Alon_Cereba	RLG_Alon_Cereba	7701	1-7760	1-7707	7587	98.51	61	53	6	59	3	25	0	0
RLG_Alon_Cereba	RLG_Alon_Cereba	7744	1-7760	1-7750	7618	98.37	76	50	6	16	3	12	0	0
RLG_Alon_Cereba	RLG_Alon_Cereba	7723	1-7760	1-7730	7603	98.44	68	52	7	37	3	30	0	0
RLG_Alon_Cereba	RLG_Alon_Cereba	7724	1-7760	1-7732	7609	98.51	65	50	8	36	3	17	0	0
RLG_Alon_Cereba	RLG_Alon_Cereba	7754	1-7760	1-7778	7648	98.63	70	36	24	6	10	2	0	0
RLG_Alon_Cereba	RLG_Alon_Cereba	7701	1-7760	1-7707	7569	98.28	70	62	6	59	3	28	0	0
RLG_Alon_Cereba	RLG_Alon_Cereba	7757	1-7760	1-7765	7640	98.49	67	50	8	3	3	1	0	0
RLG_Alon_Cereba	RLG_Alon_Cereba	7756	1-7760	1-7799	7635	98.43	69	52	43	4	36	1	0	0
RLG_Alon_Cereba	RLG_Alon_Cereba	7696	1-7760	1-7701	7617	98.97	44	35	5	64	3	55	0	0
RLG_Alon_Cereba	RLG_Alon_Cereba	7717	1-7760	1-7724	7605	98.54	67	45	7	43	3	42	0	0
RLG_Alon_Cereba	RLG_Alon_Cereba	7617	1-7760	1-7621	7545	99.05	41	31	4	143	3	142	0	0
RLG_Alon_Cereba	RLG_Alon_Cereba	7742	1-7760	1-7753	7653	98.85	54	35	11	18	7	13	0	0
RLG_Alon_Cereba	RLG_Alon_Cereba	7731	1-7760	1-7742	7628	98.66	53	50	11	29	6	26	0	0
RLG_Alon_Cereba	RLG_Alon_Cereba	7726	1-7760	1-7731	7606	98.44	70	50	5	34	3	26	0	0
RLG_Alon_Cereba	RLG_Alon_Cereba	7735	1-7770	1-7741	7644	98.82	50	41	6	35	3	23	0	0
RLG_Alon_Cereba	RLG_Alon_Cereba	7757	1-7770	1-7766	7669	98.86	51	37	9	13	4	12	0	0
RLG_Alon_Cereba	RLG_Alon_Cereba	7741	1-7770	1-7753	7461	96.38	147	133	12	29	4	12	0	0
RLG_Alon_Cereba	RLG_Alon_Cereba	7741	1-7770	1-7753	7521	97.15	121	99	12	29	4	12	0	0
RLG_Alon_Cereba	RLG_Alon_Cereba	7699	1-7770	1-7707	7592	98.61	60	47	8	71	4	25	0	0
RLG_Alon_Cereba	RLG_Alon_Cereba	7740	1-7770	1-7750	7610	98.32	68	62	10	30	4	12	0	0
RLG_Alon_Cereba	RLG_Alon_Cereba	7722	1-7770	1-7730	7620	98.67	51	51	8	48	4	33	0	0
RLG_Alon_Cereba	RLG_Alon_Cereba	7723	1-7770	1-7732	7639	98.91	48	36	9	47	4	17	0	0
RLG_Alon_Cereba	RLG_Alon_Cereba	7744	1-7770	1-7778	7649	98.77	50	45	34	26	28	12	0	0
RLG_Alon_Cereba	RLG_Alon_Cereba	7689	1-7693	1-7747	7663	99.66	14	12	58	4	26	3	0	0
RLG_Alon_Cereba	RLG_Alon_Cereba	7701	1-7770	1-7707	7604	98.74	51	46	6	69	2	27	0	0
RLG_Alon_Cereba	RLG_Alon_Cereba	7753	1-7770	1-7765	7638	98.51	63	52	12	17	4	12	0	0
RLG_Alon_Cereba	RLG_Alon_Cereba	7758	1-7770	1-7799	7659	98.72	52	47	41	12	33	12	0	0
RLG_Alon_Cereba	RLG_Alon_Cereba	7696	1-7770	1-7701	7607	98.84	44	45	5	74	2	54	0	0
RLG_Alon_Cereba	RLG_Alon_Cereba	7713	1-7770	1-7724	7586	98.35	78	49	11	57	4	45	0	0
RLG_Alon_Cereba	RLG_Alon_Cereba	7615	1-7770	1-7621	7525	98.81	41	49	6	155	2	140	0	0
RLG_Alon_Cereba	RLG_Alon_Cereba	7739	1-7770	1-7753	7646	98.79	53	40	14	31	4	15	0	0
RLG_Alon_Cereba	RLG_Alon_Cereba	7732	1-7770	1-7742	7655	99	38	39	10	38	6	25	0	0
RLG_Alon_Cereba	RLG_Alon_Cereba	7729	1-7770	1-7731	7643	98.88	51	35	2	41	2	25	0	0
RLG_Alon_Cereba	RLG_Alon_Cereba	7737	1-7741	1-7766	7626	98.56	68	43	29	4	26	3	0	0
RLG_Alon_Cereba	RLG_Alon_Cereba	7730	1-7741	1-7753	7448	96.35	150	132	23	11	17	5	0	0
RLG_Alon_Cereba	RLG_Alon_Cereba	7727	1-7741	1-7753	7504	97.11	128	95	26	14	19	4	0	0
RLG_Alon_Cereba	RLG_Alon_Cereba	7684	1-7741	1-7707	7569	98.5	67	48	23	57	21	25	0	0
RLG_Alon_Cereba	RLG_Alon_Cereba	7723	1-7741	1-7750	7593	98.31	75	55	27	18	24	12	0	0
RLG_Alon_Cereba	RLG_Alon_Cereba	7722	1-7741	1-7730	7659	99.18	34	29	8	19	8	14	0	0
RLG_Alon_Cereba	RLG_Alon_Cereba	7708	1-7741	1-7732	7611	98.74	57	40	24	33	22	17	0	0
RLG_Alon_Cereba	RLG_Alon_Cereba	7735	1-7741	1-7778	7634	98.69	51	50	43	6	43	4	0	0
RLG_Alon_Cereba	RLG_Alon_Cereba	7703	1-7741	1-7707	7589	98.52	60	54	4	38	1	16	0	0
RLG_Alon_Cereba	RLG_Alon_Cereba	7737	1-7741	1-7765	7618	98.46	69	50	28	4	24	1	0	0
RLG_Alon_Cereba	RLG_Alon_Cereba	7739	1-7741	1-7799	7682	99.26	32	25	60	2	60	2	0	0
RLG_Alon_Cereba	RLG_Alon_Cereba	7698	1-7741	1-7701	7587	98.55	68	43	3	43	1	31	0	0
RLG_Alon_Cereba	RLG_Alon_Cereba	7719	1-7741	1-7724	7586	98.27	87	46	5	22	1	18	0	0
RLG_Alon_Cereba	RLG_Alon_Cereba	7617	1-7741	1-7621	7503	98.5	61	53	4	124	1	120	0	0
RLG_Alon_Cereba	RLG_Alon_Cereba	7718	1-7741	1-7753	7596	98.41	75	47	35	23	31	13	0	0
RLG_Alon_Cereba	RLG_Alon_Cereba	7734	1-7741	1-7742	7638	98.75	57	39	8	7	6	3	0	0
RLG_Alon_Cereba	RLG_Alon_Cereba	7730	1-7741	1-7731	7632	98.73	61	37	1	11	1	3	0	0
RLG_Alon_Cereba	RLG_Alon_Cereba	7747	1-7766	1-7753	7462	96.32	152	133	6	19	3	9	0	0
RLG_Alon_Cereba	RLG_Alon_Cereba	7748	1-7766	1-7753	7523	97.09	127	98	5	18	3	7	0	0
RLG_Alon_Cereba	RLG_Alon_Cereba	7707	1-7766	1-7707	7613	98.78	53	41	0	59	0	25	0	0
RLG_Alon_Cereba	RLG_Alon_Cereba	7747	1-7766	1-7750	7613	98.27	73	61	3	19	1	12	0	0
RLG_Alon_Cereba	RLG_Alon_Cereba	7728	1-7766	1-7730	7611	98.48	65	52	2	38	1	32	0	0
RLG_Alon_Cereba	RLG_Alon_Cereba	7729	1-7766	1-7732	7629	98.7	63	37	3	37	2	17	0	0
RLG_Alon_Cereba	RLG_Alon_Cereba	7750	1-7766	1-7778	7640	98.58	64	46	28	16	28	11	0	0
RLG_Alon_Cereba	RLG_Alon_Cereba	7703	1-7766	1-7707	7591	98.54	65	47	4	63	1	30	0	0
RLG_Alon_Cereba	RLG_Alon_Cereba	7761	1-7766	1-7765	7665	98.76	53	43	4	5	2	2	0	0
RLG_Alon_Cereba	RLG_Alon_Cereba	7763	1-7766	1-7799	7652	98.57	66	45	36	3	34	1	0	0
RLG_Alon_Cereba	RLG_Alon_Cereba	7699	1-7766	1-7701	7606	98.79	52	41	2	67	1	57	0	0
RLG_Alon_Cereba	RLG_Alon_Cereba	7721	1-7766	1-7724	7620	98.69	67	34	3	45	1	44	0	0
RLG_Alon_Cereba	RLG_Alon_Cereba	7618	1-7766	1-7621	7518	98.68	51	49	3	148	1	143	0	0
RLG_Alon_Cereba	RLG_Alon_Cereba	7745	1-7766	1-7753	7631	98.52	65	49	8	21	5	13	0	0
RLG_Alon_Cereba	RLG_Alon_Cereba	7734	1-7766	1-7742	7619	98.51	66	49	8	32	6	28	0	0
RLG_Alon_Cereba	RLG_Alon_Cereba	7731	1-7766	1-7731	7632	98.71	64	35	0	35	0	28	0	0
RLG_Alon_Cereba	RLG_Alon_Cereba	7745	1-7753	1-7753	7452	96.21	170	123	8	8	3	3	0	0
RLG_Alon_Cereba	RLG_Alon_Cereba	7694	1-7753	1-7707	7403	96.21	158	133	13	59	4	25	0	0
RLG_Alon_Cereba	RLG_Alon_Cereba	7736	1-7753	1-7750	7460	96.43	154	122	14	17	7	12	0	0
RLG_Alon_Cereba	RLG_Alon_Cereba	7721	1-7753	1-7730	7435	96.29	152	134	9	32	3	23	0	0
RLG_Alon_Cereba	RLG_Alon_Cereba	7717	1-7753	1-7732	7438	96.38	153	126	15	36	5	17	0	0
RLG_Alon_Cereba	RLG_Alon_Cereba	7746	1-7753	1-7778	7465	96.37	149	132	32	7	26	3	0	0
RLG_Alon_Cereba	RLG_Alon_Cereba	7695	1-7753	1-7707	7394	96.08	156	145	12	58	3	21	0	0
RLG_Alon_Cereba	RLG_Alon_Cereba	7745	1-7753	1-7765	7464	96.37	152	129	20	8	7	3	0	0
RLG_Alon_Cereba	RLG_Alon_Cereba	7739	1-7753	1-7799	7459	96.38	151	129	60	14	43	9	0	0
RLG_Alon_Cereba	RLG_Alon_Cereba	7683	1-7753	1-7701	7409	96.43	154	120	18	70	10	33	0	0
RLG_Alon_Cereba	RLG_Alon_Cereba	7704	1-7753	1-7724	7417	96.27	168	119	20	49	10	35	0	0
RLG_Alon_Cereba	RLG_Alon_Cereba	7614	1-7753	1-7621	7346	96.48	141	127	7	139	3	122	0	0
RLG_Alon_Cereba	RLG_Alon_Cereba	7731	1-7753	1-7753	7445	96.3	161	125	22	22	14	13	0	0
RLG_Alon_Cereba	RLG_Alon_Cereba	7720	1-7753	1-7742	7442	96.39	152	126	22	33	9	19	0	0
RLG_Alon_Cereba	RLG_Alon_Cereba	7722	1-7753	1-7731	7436	96.29	154	132	9	31	3	19	0	0
RLG_Alon_Cereba	RLG_Alon_Cereba	7695	1-7753	1-7707	7462	96.97	137	96	12	58	3	25	0	0
RLG_Alon_Cereba	RLG_Alon_Cereba	7736	1-7753	1-7750	7519	97.19	133	84	14	17	5	12	0	0
RLG_Alon_Cereba	RLG_Alon_Cereba	7720	1-7753	1-7730	7490	97.02	131	99	10	33	3	25	0	0
RLG_Alon_Cereba	RLG_Alon_Cereba	7717	1-7753	1-7732	7498	97.16	126	93	15	36	3	17	0	0
RLG_Alon_Cereba	RLG_Alon_Cereba	7746	1-7753	1-7778	7527	97.17	123	96	32	7	24	3	0	0
RLG_Alon_Cereba	RLG_Alon_Cereba	7696	1-7753	1-7707	7446	96.75	136	114	11	57	3	23	0	0
RLG_Alon_Cereba	RLG_Alon_Cereba	7747	1-7753	1-7765	7528	97.17	128	91	18	6	5	3	0	0
RLG_Alon_Cereba	RLG_Alon_Cereba	7746	1-7753	1-7799	7521	97.09	128	97	53	7	41	3	0	0
RLG_Alon_Cereba	RLG_Alon_Cereba	7692	1-7753	1-7701	7466	97.06	133	93	9	61	3	50	0	0
RLG_Alon_Cereba	RLG_Alon_Cereba	7713	1-7753	1-7724	7480	96.97	142	91	11	40	3	37	0	0
RLG_Alon_Cereba	RLG_Alon_Cereba	7615	1-7753	1-7621	7399	97.16	124	92	6	138	3	122	0	0
RLG_Alon_Cereba	RLG_Alon_Cereba	7733	1-7753	1-7753	7508	97.09	137	88	20	20	12	13	0	0
RLG_Alon_Cereba	RLG_Alon_Cereba	7728	1-7753	1-7742	7505	97.11	125	98	14	25	6	21	0	0
RLG_Alon_Cereba	RLG_Alon_Cereba	7722	1-7753	1-7731	7489	96.98	133	100	9	31	3	21	0	0
RLG_Alon_Cereba	RLG_Alon_Cereba	7691	1-7707	1-7750	7568	98.4	72	51	59	16	25	12	0	0
RLG_Alon_Cereba	RLG_Alon_Cereba	7675	1-7707	1-7730	7566	98.57	60	49	55	32	25	27	0	0
RLG_Alon_Cereba	RLG_Alon_Cereba	7675	1-7707	1-7732	7586	98.84	55	34	57	32	25	17	0	0
RLG_Alon_Cereba	RLG_Alon_Cereba	7703	1-7707	1-7778	7588	98.5	68	47	75	4	25	1	0	0
RLG_Alon_Cereba	RLG_Alon_Cereba	7650	1-7707	1-7707	7544	98.61	60	46	57	57	25	25	0	0
RLG_Alon_Cereba	RLG_Alon_Cereba	7705	1-7707	1-7765	7594	98.55	61	50	60	2	25	1	0	0
RLG_Alon_Cereba	RLG_Alon_Cereba	7705	1-7707	1-7799	7593	98.54	62	50	94	2	39	1	0	0
RLG_Alon_Cereba	RLG_Alon_Cereba	7646	1-7707	1-7701	7532	98.5	65	49	55	61	25	52	0	0
RLG_Alon_Cereba	RLG_Alon_Cereba	7668	1-7707	1-7724	7549	98.44	76	43	56	39	25	39	0	0
RLG_Alon_Cereba	RLG_Alon_Cereba	7565	1-7707	1-7621	7451	98.49	61	53	56	142	25	124	0	0
RLG_Alon_Cereba	RLG_Alon_Cereba	7690	1-7707	1-7753	7556	98.25	81	53	63	17	25	13	0	0
RLG_Alon_Cereba	RLG_Alon_Cereba	7681	1-7707	1-7742	7558	98.39	70	53	61	26	25	23	0	0
RLG_Alon_Cereba	RLG_Alon_Cereba	7678	1-7707	1-7731	7583	98.76	60	35	53	29	25	23	0	0
RLG_Alon_Cereba	RLG_Alon_Cereba	7714	1-7750	1-7730	7582	98.28	76	56	16	36	12	30	0	0
RLG_Alon_Cereba	RLG_Alon_Cereba	7728	1-7750	1-7732	7607	98.43	66	55	4	22	1	17	0	0
RLG_Alon_Cereba	RLG_Alon_Cereba	7735	1-7750	1-7778	7612	98.4	71	52	43	15	28	9	0	0
RLG_Alon_Cereba	RLG_Alon_Cereba	7701	1-7750	1-7707	7568	98.27	74	59	6	49	1	28	0	0
RLG_Alon_Cereba	RLG_Alon_Cereba	7746	1-7750	1-7765	7620	98.37	71	55	19	4	12	1	0	0
RLG_Alon_Cereba	RLG_Alon_Cereba	7747	1-7750	1-7799	7614	98.28	75	58	52	3	20	1	0	0
RLG_Alon_Cereba	RLG_Alon_Cereba	7684	1-7750	1-7701	7571	98.52	67	46	17	66	12	55	0	0
RLG_Alon_Cereba	RLG_Alon_Cereba	7705	1-7750	1-7724	7575	98.31	87	43	19	45	12	42	0	0
RLG_Alon_Cereba	RLG_Alon_Cereba	7605	1-7750	1-7621	7498	98.59	64	43	16	145	12	128	0	0
RLG_Alon_Cereba	RLG_Alon_Cereba	7730	1-7750	1-7753	7602	98.34	78	50	23	20	12	13	0	0
RLG_Alon_Cereba	RLG_Alon_Cereba	7721	1-7750	1-7742	7601	98.44	71	49	21	29	12	26	0	0
RLG_Alon_Cereba	RLG_Alon_Cereba	7716	1-7750	1-7731	7587	98.32	76	53	15	34	12	26	0	0
RLG_Alon_Cereba	RLG_Alon_Cereba	7699	1-7730	1-7732	7596	98.66	54	49	33	31	28	17	0	0
RLG_Alon_Cereba	RLG_Alon_Cereba	7727	1-7730	1-7778	7630	98.74	50	47	51	3	49	2	0	0
RLG_Alon_Cereba	RLG_Alon_Cereba	7690	1-7730	1-7707	7570	98.43	58	62	17	40	10	16	0	0
RLG_Alon_Cereba	RLG_Alon_Cereba	7727	1-7730	1-7765	7603	98.39	68	56	38	3	30	1	0	0
RLG_Alon_Cereba	RLG_Alon_Cereba	7730	1-7730	1-7799	7688	99.45	17	25	69	0	66	0	0	0
RLG_Alon_Cereba	RLG_Alon_Cereba	7695	1-7730	1-7701	7560	98.24	73	62	6	35	2	25	0	0
RLG_Alon_Cereba	RLG_Alon_Cereba	7716	1-7730	1-7724	7589	98.35	78	49	8	14	2	12	0	0
RLG_Alon_Cereba	RLG_Alon_Cereba	7615	1-7730	1-7621	7490	98.35	64	61	6	115	2	101	0	0
RLG_Alon_Cereba	RLG_Alon_Cereba	7709	1-7730	1-7753	7583	98.36	73	53	44	21	37	13	0	0
RLG_Alon_Cereba	RLG_Alon_Cereba	7719	1-7730	1-7742	7608	98.56	60	51	23	11	12	8	0	0
RLG_Alon_Cereba	RLG_Alon_Cereba	7715	1-7730	1-7731	7607	98.6	62	46	16	15	12	8	0	0
RLG_Alon_Cereba	RLG_Alon_Cereba	7727	1-7732	1-7778	7631	98.75	53	43	51	5	21	2	0	0
RLG_Alon_Cereba	RLG_Alon_Cereba	7687	1-7732	1-7707	7617	99.08	39	31	20	45	17	26	0	0
RLG_Alon_Cereba	RLG_Alon_Cereba	7728	1-7732	1-7765	7604	98.39	73	51	37	4	17	2	0	0
RLG_Alon_Cereba	RLG_Alon_Cereba	7730	1-7732	1-7799	7640	98.83	52	38	69	2	38	2	0	0
RLG_Alon_Cereba	RLG_Alon_Cereba	7668	1-7732	1-7701	7564	98.64	60	44	33	64	17	53	0	0
RLG_Alon_Cereba	RLG_Alon_Cereba	7706	1-7732	1-7724	7574	98.28	88	44	18	26	13	23	0	0
RLG_Alon_Cereba	RLG_Alon_Cereba	7587	1-7732	1-7621	7481	98.6	57	49	34	145	17	140	0	0
RLG_Alon_Cereba	RLG_Alon_Cereba	7710	1-7732	1-7753	7594	98.49	70	46	43	22	17	13	0	0
RLG_Alon_Cereba	RLG_Alon_Cereba	7706	1-7732	1-7742	7610	98.75	57	39	36	26	17	24	0	0
RLG_Alon_Cereba	RLG_Alon_Cereba	7701	1-7732	1-7731	7642	99.23	40	19	30	31	17	24	0	0
RLG_Alon_Cereba	RLG_Alon_Cereba	7701	1-7778	1-7707	7598	98.66	52	51	6	77	2	47	0	0
RLG_Alon_Cereba	RLG_Alon_Cereba	7757	1-7778	1-7765	7633	98.4	70	54	8	21	3	10	0	0
RLG_Alon_Cereba	RLG_Alon_Cereba	7768	1-7778	1-7799	7660	98.6	53	55	31	10	27	10	0	0
RLG_Alon_Cereba	RLG_Alon_Cereba	7696	1-7778	1-7701	7589	98.6	65	42	5	82	1	47	0	0
RLG_Alon_Cereba	RLG_Alon_Cereba	7717	1-7778	1-7724	7582	98.25	85	50	7	61	1	61	0	0
RLG_Alon_Cereba	RLG_Alon_Cereba	7617	1-7778	1-7621	7517	98.68	59	41	4	161	1	145	0	0
RLG_Alon_Cereba	RLG_Alon_Cereba	7731	1-7778	1-7753	7622	98.59	74	35	22	47	16	28	0	0
RLG_Alon_Cereba	RLG_Alon_Cereba	7732	1-7778	1-7742	7620	98.55	60	52	10	46	6	45	0	0
RLG_Alon_Cereba	RLG_Alon_Cereba	7729	1-7778	1-7731	7630	98.71	57	42	2	49	1	45	0	0
RLG_Alon_Cereba	RLG_Alon_Cereba	7703	1-7707	1-7765	7567	98.23	73	63	62	4	28	1	0	0
RLG_Alon_Cereba	RLG_Alon_Cereba	7703	1-7707	1-7799	7594	98.58	57	52	96	4	64	1	0	0
RLG_Alon_Cereba	RLG_Alon_Cereba	7670	1-7707	1-7701	7543	98.34	65	62	31	37	16	27	0	0
RLG_Alon_Cereba	RLG_Alon_Cereba	7691	1-7707	1-7724	7542	98.06	90	59	33	16	16	14	0	0
RLG_Alon_Cereba	RLG_Alon_Cereba	7589	1-7707	1-7621	7471	98.44	62	56	32	118	16	111	0	0
RLG_Alon_Cereba	RLG_Alon_Cereba	7686	1-7707	1-7753	7552	98.25	77	57	67	21	35	13	0	0
RLG_Alon_Cereba	RLG_Alon_Cereba	7705	1-7707	1-7742	7585	98.44	63	57	37	2	16	1	0	0
RLG_Alon_Cereba	RLG_Alon_Cereba	7699	1-7707	1-7731	7621	98.98	48	30	32	8	16	3	0	0
RLG_Alon_Cereba	RLG_Alon_Cereba	7760	1-7765	1-7799	7640	98.45	69	51	39	5	36	1	0	0
RLG_Alon_Cereba	RLG_Alon_Cereba	7699	1-7765	1-7701	7597	98.67	64	38	2	66	1	55	0	0
RLG_Alon_Cereba	RLG_Alon_Cereba	7721	1-7765	1-7724	7641	98.96	50	30	3	44	1	42	0	0
RLG_Alon_Cereba	RLG_Alon_Cereba	7618	1-7765	1-7621	7511	98.59	64	43	3	147	1	143	0	0
RLG_Alon_Cereba	RLG_Alon_Cereba	7743	1-7765	1-7753	7617	98.37	77	49	10	22	7	13	0	0
RLG_Alon_Cereba	RLG_Alon_Cereba	7734	1-7765	1-7742	7620	98.52	65	49	8	31	6	26	0	0
RLG_Alon_Cereba	RLG_Alon_Cereba	7729	1-7765	1-7731	7604	98.38	77	48	2	36	1	26	0	0
RLG_Alon_Cereba	RLG_Alon_Cereba	7698	1-7799	1-7701	7585	98.53	67	46	3	101	1	91	0	0
RLG_Alon_Cereba	RLG_Alon_Cereba	7719	1-7799	1-7724	7603	98.49	78	38	5	80	1	78	0	0
RLG_Alon_Cereba	RLG_Alon_Cereba	7617	1-7799	1-7621	7502	98.49	62	53	4	182	1	178	0	0
RLG_Alon_Cereba	RLG_Alon_Cereba	7749	1-7799	1-7753	7622	98.36	75	52	4	50	2	29	0	0
RLG_Alon_Cereba	RLG_Alon_Cereba	7734	1-7799	1-7742	7633	98.69	59	42	8	65	6	62	0	0
RLG_Alon_Cereba	RLG_Alon_Cereba	7730	1-7799	1-7731	7635	98.77	59	36	1	69	1	62	0	0
RLG_Alon_Cereba	RLG_Alon_Cereba	7678	1-7701	1-7724	7579	98.71	68	31	46	23	28	23	0	0
RLG_Alon_Cereba	RLG_Alon_Cereba	7612	1-7701	1-7621	7551	99.19	30	31	9	89	7	86	0	0
RLG_Alon_Cereba	RLG_Alon_Cereba	7682	1-7701	1-7753	7602	98.95	49	31	71	19	62	13	0	0
RLG_Alon_Cereba	RLG_Alon_Cereba	7699	1-7701	1-7742	7603	98.75	52	44	43	2	29	1	0	0
RLG_Alon_Cereba	RLG_Alon_Cereba	7694	1-7701	1-7731	7583	98.55	65	46	37	7	29	3	0	0
RLG_Alon_Cereba	RLG_Alon_Cereba	7620	1-7724	1-7621	7502	98.45	70	48	1	104	1	90	0	0
RLG_Alon_Cereba	RLG_Alon_Cereba	7703	1-7724	1-7753	7583	98.44	75	45	50	21	49	13	0	0
RLG_Alon_Cereba	RLG_Alon_Cereba	7720	1-7724	1-7742	7598	98.41	75	47	22	4	16	1	0	0
RLG_Alon_Cereba	RLG_Alon_Cereba	7706	1-7724	1-7731	7578	98.33	89	39	25	18	25	9	0	0
RLG_Alon_Cereba	RLG_Alon_Cereba	7603	1-7621	1-7753	7529	99.02	41	33	150	18	148	13	0	0
RLG_Alon_Cereba	RLG_Alon_Cereba	7618	1-7621	1-7742	7520	98.71	47	51	124	3	115	1	0	0
RLG_Alon_Cereba	RLG_Alon_Cereba	7613	1-7621	1-7731	7499	98.5	64	50	118	8	115	3	0	0
RLG_Alon_Cereba	RLG_Alon_Cereba	7717	1-7753	1-7742	7624	98.79	55	38	25	36	13	33	0	0
RLG_Alon_Cereba	RLG_Alon_Cereba	7712	1-7753	1-7731	7591	98.43	76	45	19	41	13	33	0	0
RLG_Alon_Cereba	RLG_Alon_Cereba	7730	1-7742	1-7731	7624	98.62	64	42	1	12	1	6	0	0
RLG_Alon_Cereba	RLG_Alon_Cereba	7723	1-7726	1-7749	7625	98.73	60	38	26	3	24	2	0	0
RLG_Alon_Cereba	RLG_Alon_Cereba	7724	1-7726	1-7747	7625	98.71	64	35	23	2	19	2	0	0
RLG_Alon_Cereba	RLG_Alon_Cereba	7707	1-7726	1-7734	7617	98.83	55	35	27	19	24	16	0	0
RLG_Alon_Cereba	RLG_Alon_Cereba	7706	1-7726	1-7728	7618	98.85	49	39	22	20	20	16	0	0
RLG_Alon_Cereba	RLG_Alon_Cereba	7717	1-7726	1-7719	7619	98.73	58	40	2	9	1	6	0	0
RLG_Alon_Cereba	RLG_Alon_Cereba	7722	1-7726	1-7758	7616	98.62	66	40	36	4	32	3	0	0
RLG_Alon_Cereba	RLG_Alon_Cereba	7719	1-7726	1-7720	7612	98.61	62	45	1	7	1	5	0	0
RLG_Alon_Cereba	RLG_Alon_Cereba	7720	1-7726	1-7721	7615	98.63	61	44	1	6	1	5	0	0
RLG_Alon_Cereba	RLG_Alon_Cereba	7723	1-7726	1-7750	7676	99.39	32	15	27	3	26	2	0	0
RLG_Alon_Cereba	RLG_Alon_Cereba	7722	1-7726	1-7755	7628	98.78	54	40	33	4	31	4	0	0
RLG_Alon_Cereba	RLG_Alon_Cereba	7718	1-7726	1-7750	7614	98.65	69	35	32	8	26	4	0	0
RLG_Alon_Cereba	RLG_Alon_Cereba	7713	1-7716	1-7743	7632	98.94	47	34	30	3	26	1	0	0
RLG_Alon_Cereba	RLG_Alon_Cereba	7700	1-7716	1-7726	7618	98.93	43	39	26	16	26	14	0	0
RLG_Alon_Cereba	RLG_Alon_Cereba	7696	1-7716	1-7724	7616	98.96	42	38	28	20	26	19	0	0
RLG_Alon_Cereba	RLG_Alon_Cereba	7695	1-7716	1-7723	7619	99.01	38	38	28	21	26	17	0	0
RLG_Alon_Cereba	RLG_Alon_Cereba	7713	1-7716	1-7752	7665	99.37	29	19	39	3	26	1	0	0
RLG_Alon_Cereba	RLG_Alon_Cereba	7690	1-7716	1-7717	7620	99.08	41	29	27	26	26	19	0	0
RLG_Alon_Cereba	RLG_Alon_Cereba	7700	1-7716	1-7728	7617	98.92	39	44	28	16	26	13	0	0
RLG_Alon_Cereba	RLG_Alon_Cereba	7711	1-7716	1-7750	7637	99.04	42	32	39	5	26	3	0	0
RLG_Alon_Cereba	RLG_Alon_Cereba	7710	1-7716	1-7747	7635	99.02	47	28	37	6	26	3	0	0
RLG_Alon_Cereba	RLG_Alon_Cereba	7694	1-7716	1-7729	7604	98.83	52	38	35	22	26	20	0	0
RLG_Alon_Cereba	RLG_Alon_Cereba	7714	1-7716	1-7761	7641	99.05	43	30	47	2	26	1	0	0
RLG_Alon_Cereba	RLG_Alon_Cereba	7705	1-7716	1-7735	7613	98.8	47	45	30	11	26	10	0	0
RLG_Alon_Cereba	RLG_Alon_Cereba	7715	1-7716	1-7768	7615	98.7	55	45	53	1	26	1	0	0
RLG_Alon_Cereba	RLG_Alon_Cereba	7545	1-7716	1-7589	7477	99.09	40	28	44	171	26	169	0	0
RLG_Alon_Cereba	RLG_Alon_Cereba	7714	1-7716	1-7747	7635	98.97	43	36	33	2	26	1	0	0
RLG_Alon_Cereba	RLG_Alon_Cereba	7713	1-7716	1-7748	7633	98.96	53	27	35	3	26	1	0	0
RLG_Alon_Cereba	RLG_Alon_Cereba	7714	1-7716	1-7756	7625	98.84	51	38	42	2	26	1	0	0
RLG_Alon_Cereba	RLG_Alon_Cereba	7715	1-7716	1-7749	7637	98.98	45	33	34	1	26	1	0	0
RLG_Alon_Cereba	RLG_Alon_Cereba	7715	1-7716	1-7747	7642	99.05	43	30	32	1	26	1	0	0
RLG_Alon_Cereba	RLG_Alon_Cereba	7699	1-7716	1-7734	7638	99.2	32	29	35	17	26	16	0	0
RLG_Alon_Cereba	RLG_Alon_Cereba	7698	1-7716	1-7728	7629	99.1	34	35	30	18	26	16	0	0
RLG_Alon_Cereba	RLG_Alon_Cereba	7692	1-7716	1-7719	7623	99.1	41	28	27	24	26	23	0	0
RLG_Alon_Cereba	RLG_Alon_Cereba	7713	1-7716	1-7758	7620	98.79	55	38	45	3	26	1	0	0
RLG_Alon_Cereba	RLG_Alon_Cereba	7691	1-7716	1-7720	7610	98.94	46	35	29	25	26	22	0	0
RLG_Alon_Cereba	RLG_Alon_Cereba	7692	1-7716	1-7721	7613	98.97	45	34	29	24	26	22	0	0
RLG_Alon_Cereba	RLG_Alon_Cereba	7715	1-7716	1-7750	7648	99.13	35	32	35	1	26	1	0	0
RLG_Alon_Cereba	RLG_Alon_Cereba	7713	1-7716	1-7755	7639	99.04	39	35	42	3	26	2	0	0
RLG_Alon_Cereba	RLG_Alon_Cereba	7709	1-7716	1-7750	7621	98.85	56	32	41	7	26	2	0	0
RLG_Alon_Cereba	RLG_Alon_Cereba	7724	1-7743	1-7726	7645	98.97	49	30	2	19	1	16	0	0
RLG_Alon_Cereba	RLG_Alon_Cereba	7721	1-7743	1-7724	7628	98.79	50	43	3	22	1	21	0	0
RLG_Alon_Cereba	RLG_Alon_Cereba	7718	1-7743	1-7723	7620	98.73	53	45	5	25	2	19	0	0
RLG_Alon_Cereba	RLG_Alon_Cereba	7739	1-7743	1-7752	7656	98.92	53	30	13	4	11	3	0	0
RLG_Alon_Cereba	RLG_Alon_Cereba	7716	1-7743	1-7717	7647	99.1	43	26	1	27	1	21	0	0
RLG_Alon_Cereba	RLG_Alon_Cereba	7724	1-7743	1-7728	7628	98.75	49	47	4	19	2	15	0	0
RLG_Alon_Cereba	RLG_Alon_Cereba	7737	1-7743	1-7750	7652	98.9	50	35	13	6	9	3	0	0
RLG_Alon_Cereba	RLG_Alon_Cereba	7736	1-7743	1-7747	7650	98.88	55	31	11	7	7	3	0	0
RLG_Alon_Cereba	RLG_Alon_Cereba	7726	1-7743	1-7729	7620	98.62	61	45	3	17	1	14	0	0
RLG_Alon_Cereba	RLG_Alon_Cereba	7740	1-7743	1-7761	7654	98.88	52	34	21	3	17	2	0	0
RLG_Alon_Cereba	RLG_Alon_Cereba	7730	1-7743	1-7735	7626	98.65	57	47	5	13	1	12	0	0
RLG_Alon_Cereba	RLG_Alon_Cereba	7741	1-7743	1-7768	7622	98.46	69	50	27	2	13	2	0	0
RLG_Alon_Cereba	RLG_Alon_Cereba	7586	1-7743	1-7589	7493	98.77	57	36	3	157	1	100	0	0
RLG_Alon_Cereba	RLG_Alon_Cereba	7740	1-7743	1-7747	7652	98.86	51	37	7	3	4	2	0	0
RLG_Alon_Cereba	RLG_Alon_Cereba	7739	1-7743	1-7748	7634	98.64	70	35	9	4	5	3	0	0
RLG_Alon_Cereba	RLG_Alon_Cereba	7740	1-7743	1-7756	7652	98.86	56	32	16	3	14	2	0	0
RLG_Alon_Cereba	RLG_Alon_Cereba	7740	1-7743	1-7749	7638	98.68	62	40	9	3	5	2	0	0
RLG_Alon_Cereba	RLG_Alon_Cereba	7741	1-7743	1-7747	7642	98.72	63	36	6	2	1	2	0	0
RLG_Alon_Cereba	RLG_Alon_Cereba	7724	1-7743	1-7734	7632	98.8	55	37	10	19	5	16	0	0
RLG_Alon_Cereba	RLG_Alon_Cereba	7723	1-7743	1-7728	7631	98.8	50	42	5	20	1	16	0	0
RLG_Alon_Cereba	RLG_Alon_Cereba	7716	1-7743	1-7719	7619	98.74	58	39	3	27	1	25	0	0
RLG_Alon_Cereba	RLG_Alon_Cereba	7739	1-7743	1-7758	7629	98.57	63	47	19	4	13	3	0	0
RLG_Alon_Cereba	RLG_Alon_Cereba	7717	1-7743	1-7720	7606	98.56	63	48	3	26	1	24	0	0
RLG_Alon_Cereba	RLG_Alon_Cereba	7718	1-7743	1-7721	7609	98.58	62	47	3	25	1	24	0	0
RLG_Alon_Cereba	RLG_Alon_Cereba	7741	1-7743	1-7750	7677	99.17	39	25	9	2	7	2	0	0
RLG_Alon_Cereba	RLG_Alon_Cereba	7740	1-7743	1-7755	7642	98.73	53	45	15	3	12	3	0	0
RLG_Alon_Cereba	RLG_Alon_Cereba	7735	1-7743	1-7750	7630	98.64	66	39	15	8	7	4	0	0
RLG_Alon_Cereba	RLG_Alon_Cereba	7712	1-7726	1-7724	7638	99.04	37	37	12	14	9	14	0	0
RLG_Alon_Cereba	RLG_Alon_Cereba	7719	1-7726	1-7723	7628	98.82	46	45	4	7	2	3	0	0
RLG_Alon_Cereba	RLG_Alon_Cereba	7724	1-7726	1-7752	7646	98.99	50	28	28	2	27	1	0	0
RLG_Alon_Cereba	RLG_Alon_Cereba	7706	1-7726	1-7717	7660	99.4	31	15	11	20	9	14	0	0
RLG_Alon_Cereba	RLG_Alon_Cereba	7724	1-7726	1-7728	7631	98.79	48	45	4	2	2	1	0	0
RLG_Alon_Cereba	RLG_Alon_Cereba	7722	1-7726	1-7750	7632	98.83	52	38	28	4	25	3	0	0
RLG_Alon_Cereba	RLG_Alon_Cereba	7721	1-7726	1-7747	7630	98.82	56	35	26	5	23	3	0	0
RLG_Alon_Cereba	RLG_Alon_Cereba	7725	1-7726	1-7729	7646	98.97	48	31	4	1	2	1	0	0
RLG_Alon_Cereba	RLG_Alon_Cereba	7725	1-7726	1-7761	7635	98.83	54	36	36	1	33	1	0	0
RLG_Alon_Cereba	RLG_Alon_Cereba	7726	1-7726	1-7735	7651	99.02	43	32	9	0	4	0	0	0
RLG_Alon_Cereba	RLG_Alon_Cereba	7726	1-7726	1-7768	7607	98.45	68	51	42	0	25	0	0	0
RLG_Alon_Cereba	RLG_Alon_Cereba	7587	1-7726	1-7589	7493	98.76	56	38	2	139	1	68	0	0
RLG_Alon_Cereba	RLG_Alon_Cereba	7725	1-7726	1-7747	7628	98.74	53	44	22	1	20	1	0	0
RLG_Alon_Cereba	RLG_Alon_Cereba	7724	1-7726	1-7748	7624	98.7	63	37	24	2	21	1	0	0
RLG_Alon_Cereba	RLG_Alon_Cereba	7725	1-7726	1-7756	7664	99.21	39	22	31	1	30	1	0	0
RLG_Alon_Cereba	RLG_Alon_Cereba	7725	1-7726	1-7749	7626	98.71	56	43	24	1	21	1	0	0
RLG_Alon_Cereba	RLG_Alon_Cereba	7726	1-7726	1-7747	7627	98.71	61	38	21	0	16	0	0	0
RLG_Alon_Cereba	RLG_Alon_Cereba	7709	1-7726	1-7734	7620	98.84	51	38	25	17	21	16	0	0
RLG_Alon_Cereba	RLG_Alon_Cereba	7708	1-7726	1-7728	7621	98.87	45	42	20	18	17	16	0	0
RLG_Alon_Cereba	RLG_Alon_Cereba	7717	1-7726	1-7719	7618	98.71	53	46	2	9	1	9	0	0
RLG_Alon_Cereba	RLG_Alon_Cereba	7724	1-7726	1-7758	7617	98.61	62	45	34	2	29	1	0	0
RLG_Alon_Cereba	RLG_Alon_Cereba	7716	1-7726	1-7720	7613	98.66	58	45	4	10	2	8	0	0
RLG_Alon_Cereba	RLG_Alon_Cereba	7717	1-7726	1-7721	7616	98.69	57	44	4	9	2	8	0	0
RLG_Alon_Cereba	RLG_Alon_Cereba	7726	1-7726	1-7750	7683	99.44	25	18	24	0	23	0	0	0
RLG_Alon_Cereba	RLG_Alon_Cereba	7724	1-7726	1-7755	7629	98.77	51	44	31	2	28	2	0	0
RLG_Alon_Cereba	RLG_Alon_Cereba	7720	1-7726	1-7750	7615	98.63	65	40	30	6	23	2	0	0
RLG_Alon_Cereba	RLG_Alon_Cereba	7710	1-7724	1-7723	7611	98.71	46	53	13	14	11	9	0	0
RLG_Alon_Cereba	RLG_Alon_Cereba	7720	1-7724	1-7752	7631	98.84	51	38	32	4	32	2	0	0
RLG_Alon_Cereba	RLG_Alon_Cereba	7716	1-7724	1-7717	7648	99.11	36	32	1	8	1	2	0	0
RLG_Alon_Cereba	RLG_Alon_Cereba	7711	1-7724	1-7728	7608	98.66	49	54	17	13	15	9	0	0
RLG_Alon_Cereba	RLG_Alon_Cereba	7718	1-7724	1-7750	7620	98.73	53	45	32	6	30	3	0	0
RLG_Alon_Cereba	RLG_Alon_Cereba	7717	1-7724	1-7747	7619	98.73	57	41	30	7	28	3	0	0
RLG_Alon_Cereba	RLG_Alon_Cereba	7713	1-7724	1-7729	7674	99.49	21	18	16	11	16	9	0	0
RLG_Alon_Cereba	RLG_Alon_Cereba	7721	1-7724	1-7761	7625	98.75	55	41	40	3	38	1	0	0
RLG_Alon_Cereba	RLG_Alon_Cereba	7715	1-7724	1-7735	7684	99.59	14	17	20	9	18	9	0	0
RLG_Alon_Cereba	RLG_Alon_Cereba	7723	1-7724	1-7768	7602	98.43	67	54	45	1	30	1	0	0
RLG_Alon_Cereba	RLG_Alon_Cereba	7588	1-7724	1-7589	7485	98.64	58	45	1	136	1	79	0	0
RLG_Alon_Cereba	RLG_Alon_Cereba	7721	1-7724	1-7747	7618	98.66	54	49	26	3	25	1	0	0
RLG_Alon_Cereba	RLG_Alon_Cereba	7721	1-7724	1-7748	7615	98.62	63	43	27	3	26	2	0	0
RLG_Alon_Cereba	RLG_Alon_Cereba	7721	1-7724	1-7756	7637	98.91	43	41	35	3	35	1	0	0
RLG_Alon_Cereba	RLG_Alon_Cereba	7722	1-7724	1-7749	7622	98.7	52	48	27	2	26	1	0	0
RLG_Alon_Cereba	RLG_Alon_Cereba	7724	1-7724	1-7747	7620	98.65	58	46	23	0	21	0	0	0
RLG_Alon_Cereba	RLG_Alon_Cereba	7706	1-7724	1-7734	7612	98.78	49	45	28	18	26	16	0	0
RLG_Alon_Cereba	RLG_Alon_Cereba	7705	1-7724	1-7728	7613	98.8	43	49	23	19	22	16	0	0
RLG_Alon_Cereba	RLG_Alon_Cereba	7718	1-7724	1-7719	7627	98.82	46	45	1	6	1	4	0	0
RLG_Alon_Cereba	RLG_Alon_Cereba	7721	1-7724	1-7758	7610	98.56	61	50	37	3	34	2	0	0
RLG_Alon_Cereba	RLG_Alon_Cereba	7719	1-7724	1-7720	7604	98.51	58	57	1	5	1	3	0	0
RLG_Alon_Cereba	RLG_Alon_Cereba	7720	1-7724	1-7721	7607	98.53	57	56	1	4	1	3	0	0
RLG_Alon_Cereba	RLG_Alon_Cereba	7722	1-7724	1-7750	7659	99.18	30	33	28	2	28	1	0	0
RLG_Alon_Cereba	RLG_Alon_Cereba	7721	1-7724	1-7755	7623	98.73	48	50	34	3	33	3	0	0
RLG_Alon_Cereba	RLG_Alon_Cereba	7717	1-7724	1-7750	7607	98.57	65	45	33	7	28	3	0	0
RLG_Alon_Cereba	RLG_Alon_Cereba	7718	1-7723	1-7752	7646	99.06	42	30	34	5	30	2	0	0
RLG_Alon_Cereba	RLG_Alon_Cereba	7703	1-7723	1-7717	7617	98.88	47	39	14	20	9	11	0	0
RLG_Alon_Cereba	RLG_Alon_Cereba	7718	1-7723	1-7728	7642	99.01	31	45	10	5	4	2	0	0
RLG_Alon_Cereba	RLG_Alon_Cereba	7716	1-7723	1-7750	7643	99.05	35	38	34	7	28	3	0	0
RLG_Alon_Cereba	RLG_Alon_Cereba	7718	1-7723	1-7747	7645	99.05	39	34	29	5	26	2	0	0
RLG_Alon_Cereba	RLG_Alon_Cereba	7720	1-7723	1-7729	7621	98.71	52	47	9	3	5	2	0	0
RLG_Alon_Cereba	RLG_Alon_Cereba	7719	1-7723	1-7761	7648	99.08	37	34	42	4	36	2	0	0
RLG_Alon_Cereba	RLG_Alon_Cereba	7721	1-7723	1-7735	7621	98.7	50	50	14	2	7	2	0	0
RLG_Alon_Cereba	RLG_Alon_Cereba	7721	1-7723	1-7768	7627	98.78	51	43	47	2	28	2	0	0
RLG_Alon_Cereba	RLG_Alon_Cereba	7584	1-7723	1-7589	7508	98.99	39	37	5	139	3	68	0	0
RLG_Alon_Cereba	RLG_Alon_Cereba	7719	1-7723	1-7747	7645	99.04	37	37	28	4	23	2	0	0
RLG_Alon_Cereba	RLG_Alon_Cereba	7719	1-7723	1-7748	7650	99.1	38	31	29	4	24	2	0	0
RLG_Alon_Cereba	RLG_Alon_Cereba	7719	1-7723	1-7756	7625	98.78	48	46	37	4	33	2	0	0
RLG_Alon_Cereba	RLG_Alon_Cereba	7721	1-7723	1-7749	7666	99.28	31	24	28	2	24	1	0	0
RLG_Alon_Cereba	RLG_Alon_Cereba	7721	1-7723	1-7747	7651	99.09	34	36	26	2	19	2	0	0
RLG_Alon_Cereba	RLG_Alon_Cereba	7706	1-7723	1-7734	7652	99.29	25	29	28	17	24	16	0	0
RLG_Alon_Cereba	RLG_Alon_Cereba	7704	1-7723	1-7728	7652	99.32	20	32	24	19	20	16	0	0
RLG_Alon_Cereba	RLG_Alon_Cereba	7715	1-7723	1-7719	7644	99.07	34	37	4	8	3	6	0	0
RLG_Alon_Cereba	RLG_Alon_Cereba	7719	1-7723	1-7758	7633	98.88	43	43	39	4	32	2	0	0
RLG_Alon_Cereba	RLG_Alon_Cereba	7714	1-7723	1-7720	7641	99.05	30	43	6	9	3	5	0	0
RLG_Alon_Cereba	RLG_Alon_Cereba	7715	1-7723	1-7721	7644	99.07	29	42	6	8	3	5	0	0
RLG_Alon_Cereba	RLG_Alon_Cereba	7720	1-7723	1-7750	7640	98.96	41	39	30	3	26	2	0	0
RLG_Alon_Cereba	RLG_Alon_Cereba	7720	1-7723	1-7755	7663	99.26	27	30	35	3	31	2	0	0
RLG_Alon_Cereba	RLG_Alon_Cereba	7715	1-7723	1-7750	7638	99	48	29	35	8	26	3	0	0
RLG_Alon_Cereba	RLG_Alon_Cereba	7715	1-7752	1-7717	7639	99.01	50	26	2	37	1	32	0	0
RLG_Alon_Cereba	RLG_Alon_Cereba	7724	1-7752	1-7728	7646	98.99	46	32	4	28	2	26	0	0
RLG_Alon_Cereba	RLG_Alon_Cereba	7746	1-7752	1-7750	7669	99	50	27	4	6	2	3	0	0
RLG_Alon_Cereba	RLG_Alon_Cereba	7743	1-7752	1-7747	7665	98.99	55	23	4	9	2	4	0	0
RLG_Alon_Cereba	RLG_Alon_Cereba	7726	1-7752	1-7729	7633	98.79	60	33	3	26	1	25	0	0
RLG_Alon_Cereba	RLG_Alon_Cereba	7751	1-7752	1-7761	7674	99	52	25	10	1	6	1	0	0
RLG_Alon_Cereba	RLG_Alon_Cereba	7729	1-7752	1-7735	7638	98.82	56	35	6	23	2	23	0	0
RLG_Alon_Cereba	RLG_Alon_Cereba	7750	1-7752	1-7768	7649	98.69	61	40	18	2	13	2	0	0
RLG_Alon_Cereba	RLG_Alon_Cereba	7586	1-7752	1-7589	7504	98.91	55	27	3	166	1	111	0	0
RLG_Alon_Cereba	RLG_Alon_Cereba	7744	1-7752	1-7747	7662	98.94	51	31	3	8	1	7	0	0
RLG_Alon_Cereba	RLG_Alon_Cereba	7745	1-7752	1-7748	7662	98.92	60	23	3	7	1	6	0	0
RLG_Alon_Cereba	RLG_Alon_Cereba	7752	1-7752	1-7756	7657	98.77	57	38	4	0	3	0	0	0
RLG_Alon_Cereba	RLG_Alon_Cereba	7745	1-7752	1-7749	7663	98.94	52	30	4	7	1	6	0	0
RLG_Alon_Cereba	RLG_Alon_Cereba	7741	1-7752	1-7747	7664	99	51	26	6	11	2	11	0	0
RLG_Alon_Cereba	RLG_Alon_Cereba	7730	1-7752	1-7734	7665	99.15	40	25	4	22	2	16	0	0
RLG_Alon_Cereba	RLG_Alon_Cereba	7725	1-7752	1-7728	7653	99.06	42	30	3	27	1	16	0	0
RLG_Alon_Cereba	RLG_Alon_Cereba	7716	1-7752	1-7719	7644	99.06	48	24	3	36	1	36	0	0
RLG_Alon_Cereba	RLG_Alon_Cereba	7751	1-7752	1-7758	7654	98.74	60	37	7	1	2	1	0	0
RLG_Alon_Cereba	RLG_Alon_Cereba	7715	1-7752	1-7720	7633	98.93	50	32	5	37	3	35	0	0
RLG_Alon_Cereba	RLG_Alon_Cereba	7716	1-7752	1-7721	7636	98.96	49	31	5	36	3	35	0	0
RLG_Alon_Cereba	RLG_Alon_Cereba	7748	1-7752	1-7750	7675	99.05	44	29	2	4	1	4	0	0
RLG_Alon_Cereba	RLG_Alon_Cereba	7752	1-7752	1-7755	7671	98.95	46	35	3	0	1	0	0	0
RLG_Alon_Cereba	RLG_Alon_Cereba	7743	1-7752	1-7750	7653	98.83	62	28	7	9	2	4	0	0
RLG_Alon_Cereba	RLG_Alon_Cereba	7705	1-7717	1-7728	7616	98.84	47	42	23	12	15	9	0	0
RLG_Alon_Cereba	RLG_Alon_Cereba	7712	1-7717	1-7750	7626	98.88	51	35	38	5	30	3	0	0
RLG_Alon_Cereba	RLG_Alon_Cereba	7711	1-7717	1-7747	7625	98.88	55	31	36	6	28	3	0	0
RLG_Alon_Cereba	RLG_Alon_Cereba	7706	1-7717	1-7729	7629	99	47	30	23	11	16	9	0	0
RLG_Alon_Cereba	RLG_Alon_Cereba	7715	1-7717	1-7761	7631	98.91	53	31	46	2	38	1	0	0
RLG_Alon_Cereba	RLG_Alon_Cereba	7707	1-7717	1-7735	7635	99.06	42	30	28	10	18	9	0	0
RLG_Alon_Cereba	RLG_Alon_Cereba	7716	1-7717	1-7768	7607	98.58	64	45	52	1	30	1	0	0
RLG_Alon_Cereba	RLG_Alon_Cereba	7582	1-7717	1-7589	7491	98.79	56	35	7	135	2	79	0	0
RLG_Alon_Cereba	RLG_Alon_Cereba	7715	1-7717	1-7747	7626	98.84	52	37	32	2	25	1	0	0
RLG_Alon_Cereba	RLG_Alon_Cereba	7715	1-7717	1-7748	7618	98.74	64	33	33	2	26	1	0	0
RLG_Alon_Cereba	RLG_Alon_Cereba	7715	1-7717	1-7756	7655	99.22	39	21	41	2	35	1	0	0
RLG_Alon_Cereba	RLG_Alon_Cereba	7715	1-7717	1-7749	7623	98.8	55	37	34	2	26	1	0	0
RLG_Alon_Cereba	RLG_Alon_Cereba	7716	1-7717	1-7747	7619	98.74	60	37	31	1	21	1	0	0
RLG_Alon_Cereba	RLG_Alon_Cereba	7700	1-7717	1-7734	7615	98.89	50	35	34	17	26	16	0	0
RLG_Alon_Cereba	RLG_Alon_Cereba	7699	1-7717	1-7728	7616	98.92	43	40	29	18	22	16	0	0
RLG_Alon_Cereba	RLG_Alon_Cereba	7712	1-7717	1-7719	7630	98.93	49	33	7	5	2	4	0	0
RLG_Alon_Cereba	RLG_Alon_Cereba	7715	1-7717	1-7758	7614	98.69	58	43	43	2	34	1	0	0
RLG_Alon_Cereba	RLG_Alon_Cereba	7707	1-7717	1-7720	7608	98.71	58	41	13	10	4	7	0	0
RLG_Alon_Cereba	RLG_Alon_Cereba	7708	1-7717	1-7721	7611	98.74	57	40	13	9	4	7	0	0
RLG_Alon_Cereba	RLG_Alon_Cereba	7716	1-7717	1-7750	7680	99.53	24	12	34	1	28	1	0	0
RLG_Alon_Cereba	RLG_Alon_Cereba	7716	1-7717	1-7755	7626	98.83	47	43	39	1	33	1	0	0
RLG_Alon_Cereba	RLG_Alon_Cereba	7711	1-7717	1-7750	7613	98.72	62	36	39	6	28	3	0	0
RLG_Alon_Cereba	RLG_Alon_Cereba	7725	1-7728	1-7750	7691	99.55	6	28	25	3	24	3	0	0
RLG_Alon_Cereba	RLG_Alon_Cereba	7724	1-7728	1-7747	7689	99.54	10	25	23	4	22	3	0	0
RLG_Alon_Cereba	RLG_Alon_Cereba	7725	1-7728	1-7729	7633	98.8	47	45	4	3	1	2	0	0
RLG_Alon_Cereba	RLG_Alon_Cereba	7728	1-7728	1-7761	7696	99.58	8	24	33	0	32	0	0	0
RLG_Alon_Cereba	RLG_Alon_Cereba	7726	1-7728	1-7735	7623	98.66	54	49	9	2	3	2	0	0
RLG_Alon_Cereba	RLG_Alon_Cereba	7726	1-7728	1-7768	7622	98.65	51	53	42	2	24	2	0	0
RLG_Alon_Cereba	RLG_Alon_Cereba	7571	1-7728	1-7589	7540	99.59	13	18	18	157	17	156	0	0
RLG_Alon_Cereba	RLG_Alon_Cereba	7727	1-7728	1-7747	7691	99.53	9	27	20	1	19	1	0	0
RLG_Alon_Cereba	RLG_Alon_Cereba	7724	1-7728	1-7748	7638	98.88	47	39	24	4	20	2	0	0
RLG_Alon_Cereba	RLG_Alon_Cereba	7725	1-7728	1-7756	7640	98.89	43	42	31	3	29	2	0	0
RLG_Alon_Cereba	RLG_Alon_Cereba	7725	1-7728	1-7749	7643	98.93	38	44	24	3	20	2	0	0
RLG_Alon_Cereba	RLG_Alon_Cereba	7726	1-7728	1-7747	7641	98.89	41	44	21	2	15	2	0	0
RLG_Alon_Cereba	RLG_Alon_Cereba	7709	1-7728	1-7734	7641	99.11	29	39	25	19	20	16	0	0
RLG_Alon_Cereba	RLG_Alon_Cereba	7708	1-7728	1-7728	7636	99.06	28	44	20	20	16	16	0	0
RLG_Alon_Cereba	RLG_Alon_Cereba	7716	1-7728	1-7719	7624	98.8	42	50	3	12	1	10	0	0
RLG_Alon_Cereba	RLG_Alon_Cereba	7724	1-7728	1-7758	7626	98.73	50	48	34	4	28	2	0	0
RLG_Alon_Cereba	RLG_Alon_Cereba	7715	1-7728	1-7720	7627	98.85	38	50	5	13	2	9	0	0
RLG_Alon_Cereba	RLG_Alon_Cereba	7716	1-7728	1-7721	7630	98.88	37	49	5	12	2	9	0	0
RLG_Alon_Cereba	RLG_Alon_Cereba	7726	1-7728	1-7750	7642	98.91	39	45	24	2	22	2	0	0
RLG_Alon_Cereba	RLG_Alon_Cereba	7724	1-7728	1-7755	7644	98.96	34	46	31	4	27	2	0	0
RLG_Alon_Cereba	RLG_Alon_Cereba	7720	1-7728	1-7750	7626	98.78	53	41	30	8	22	2	0	0
RLG_Alon_Cereba	RLG_Alon_Cereba	7744	1-7750	1-7747	7731	99.83	9	4	3	6	3	3	0	0
RLG_Alon_Cereba	RLG_Alon_Cereba	7724	1-7750	1-7729	7632	98.8	52	40	5	26	3	23	0	0
RLG_Alon_Cereba	RLG_Alon_Cereba	7750	1-7750	1-7761	7724	99.66	12	14	11	0	8	0	0	0
RLG_Alon_Cereba	RLG_Alon_Cereba	7727	1-7750	1-7735	7624	98.66	58	45	8	23	3	21	0	0
RLG_Alon_Cereba	RLG_Alon_Cereba	7748	1-7750	1-7768	7648	98.7	55	45	20	2	13	2	0	0
RLG_Alon_Cereba	RLG_Alon_Cereba	7586	1-7750	1-7589	7540	99.39	22	24	3	164	3	109	0	0
RLG_Alon_Cereba	RLG_Alon_Cereba	7744	1-7750	1-7747	7711	99.57	11	22	3	6	3	5	0	0
RLG_Alon_Cereba	RLG_Alon_Cereba	7742	1-7750	1-7748	7660	98.94	52	30	6	8	3	4	0	0
RLG_Alon_Cereba	RLG_Alon_Cereba	7747	1-7750	1-7756	7662	98.9	47	38	9	3	5	2	0	0
RLG_Alon_Cereba	RLG_Alon_Cereba	7743	1-7750	1-7749	7668	99.03	40	35	6	7	3	4	0	0
RLG_Alon_Cereba	RLG_Alon_Cereba	7739	1-7750	1-7747	7666	99.05	41	32	8	11	3	9	0	0
RLG_Alon_Cereba	RLG_Alon_Cereba	7727	1-7750	1-7734	7664	99.18	33	30	7	23	3	16	0	0
RLG_Alon_Cereba	RLG_Alon_Cereba	7722	1-7750	1-7728	7656	99.14	31	35	6	28	3	16	0	0
RLG_Alon_Cereba	RLG_Alon_Cereba	7714	1-7750	1-7719	7633	98.94	44	37	5	36	3	34	0	0
RLG_Alon_Cereba	RLG_Alon_Cereba	7746	1-7750	1-7758	7649	98.74	55	42	12	4	4	2	0	0
RLG_Alon_Cereba	RLG_Alon_Cereba	7713	1-7750	1-7720	7632	98.94	40	41	7	37	3	33	0	0
RLG_Alon_Cereba	RLG_Alon_Cereba	7714	1-7750	1-7721	7635	98.97	39	40	7	36	3	33	0	0
RLG_Alon_Cereba	RLG_Alon_Cereba	7746	1-7750	1-7750	7666	98.96	44	36	4	4	3	2	0	0
RLG_Alon_Cereba	RLG_Alon_Cereba	7746	1-7750	1-7755	7669	99	37	40	9	4	3	2	0	0
RLG_Alon_Cereba	RLG_Alon_Cereba	7740	1-7750	1-7750	7649	98.82	57	34	10	10	3	2	0	0
RLG_Alon_Cereba	RLG_Alon_Cereba	7723	1-7747	1-7729	7632	98.82	54	37	6	24	3	21	0	0
RLG_Alon_Cereba	RLG_Alon_Cereba	7747	1-7747	1-7761	7720	99.65	17	10	14	0	10	0	0	0
RLG_Alon_Cereba	RLG_Alon_Cereba	7726	1-7747	1-7735	7624	98.67	61	41	9	21	3	19	0	0
RLG_Alon_Cereba	RLG_Alon_Cereba	7745	1-7747	1-7768	7645	98.7	59	41	23	2	13	2	0	0
RLG_Alon_Cereba	RLG_Alon_Cereba	7585	1-7747	1-7589	7539	99.39	26	20	4	162	3	107	0	0
RLG_Alon_Cereba	RLG_Alon_Cereba	7743	1-7747	1-7747	7709	99.56	16	18	4	4	3	3	0	0
RLG_Alon_Cereba	RLG_Alon_Cereba	7741	1-7747	1-7748	7658	98.92	57	26	7	6	3	2	0	0
RLG_Alon_Cereba	RLG_Alon_Cereba	7744	1-7747	1-7756	7659	98.9	51	34	12	3	7	2	0	0
RLG_Alon_Cereba	RLG_Alon_Cereba	7742	1-7747	1-7749	7666	99.01	45	31	7	5	3	2	0	0
RLG_Alon_Cereba	RLG_Alon_Cereba	7738	1-7747	1-7747	7666	99.06	44	28	9	9	3	7	0	0
RLG_Alon_Cereba	RLG_Alon_Cereba	7726	1-7747	1-7734	7663	99.18	37	26	8	21	3	16	0	0
RLG_Alon_Cereba	RLG_Alon_Cereba	7721	1-7747	1-7728	7654	99.13	36	31	7	26	3	16	0	0
RLG_Alon_Cereba	RLG_Alon_Cereba	7713	1-7747	1-7719	7631	98.93	49	33	6	34	3	32	0	0
RLG_Alon_Cereba	RLG_Alon_Cereba	7743	1-7747	1-7758	7648	98.77	58	37	15	4	6	2	0	0
RLG_Alon_Cereba	RLG_Alon_Cereba	7712	1-7747	1-7720	7632	98.96	43	37	8	35	3	31	0	0
RLG_Alon_Cereba	RLG_Alon_Cereba	7713	1-7747	1-7721	7635	98.98	42	36	8	34	3	31	0	0
RLG_Alon_Cereba	RLG_Alon_Cereba	7745	1-7747	1-7750	7665	98.96	48	32	5	2	3	2	0	0
RLG_Alon_Cereba	RLG_Alon_Cereba	7743	1-7747	1-7755	7665	98.99	42	36	12	4	5	2	0	0
RLG_Alon_Cereba	RLG_Alon_Cereba	7739	1-7747	1-7750	7647	98.81	62	30	11	8	3	2	0	0
RLG_Alon_Cereba	RLG_Alon_Cereba	7727	1-7729	1-7761	7639	98.86	53	35	34	2	31	1	0	0
RLG_Alon_Cereba	RLG_Alon_Cereba	7729	1-7729	1-7735	7695	99.56	23	11	6	0	2	0	0	0
RLG_Alon_Cereba	RLG_Alon_Cereba	7729	1-7729	1-7768	7613	98.49	63	53	39	0	23	0	0	0
RLG_Alon_Cereba	RLG_Alon_Cereba	7587	1-7729	1-7589	7487	98.68	59	41	2	142	1	68	0	0
RLG_Alon_Cereba	RLG_Alon_Cereba	7727	1-7729	1-7747	7630	98.74	52	45	20	2	18	1	0	0
RLG_Alon_Cereba	RLG_Alon_Cereba	7727	1-7729	1-7748	7620	98.61	67	40	21	2	19	1	0	0
RLG_Alon_Cereba	RLG_Alon_Cereba	7727	1-7729	1-7756	7652	99.02	42	33	29	2	28	1	0	0
RLG_Alon_Cereba	RLG_Alon_Cereba	7728	1-7729	1-7749	7624	98.65	58	46	21	1	19	1	0	0
RLG_Alon_Cereba	RLG_Alon_Cereba	7729	1-7729	1-7747	7626	98.66	62	41	18	0	14	0	0	0
RLG_Alon_Cereba	RLG_Alon_Cereba	7712	1-7729	1-7734	7616	98.75	55	41	22	17	19	16	0	0
RLG_Alon_Cereba	RLG_Alon_Cereba	7711	1-7729	1-7728	7616	98.76	49	46	17	18	15	16	0	0
RLG_Alon_Cereba	RLG_Alon_Cereba	7718	1-7729	1-7719	7610	98.6	58	50	1	11	1	11	0	0
RLG_Alon_Cereba	RLG_Alon_Cereba	7727	1-7729	1-7758	7617	98.57	62	48	31	2	27	1	0	0
RLG_Alon_Cereba	RLG_Alon_Cereba	7717	1-7729	1-7720	7607	98.57	62	48	3	12	2	10	0	0
RLG_Alon_Cereba	RLG_Alon_Cereba	7718	1-7729	1-7721	7610	98.6	61	47	3	11	2	10	0	0
RLG_Alon_Cereba	RLG_Alon_Cereba	7728	1-7729	1-7750	7654	99.04	41	33	22	1	21	1	0	0
RLG_Alon_Cereba	RLG_Alon_Cereba	7727	1-7729	1-7755	7626	98.69	54	47	28	2	26	2	0	0
RLG_Alon_Cereba	RLG_Alon_Cereba	7723	1-7729	1-7750	7613	98.57	67	43	27	6	21	2	0	0
RLG_Alon_Cereba	RLG_Alon_Cereba	7730	1-7761	1-7735	7633	98.74	58	39	5	31	1	29	0	0
RLG_Alon_Cereba	RLG_Alon_Cereba	7751	1-7761	1-7768	7653	98.73	57	41	17	10	13	8	0	0
RLG_Alon_Cereba	RLG_Alon_Cereba	7589	1-7761	1-7589	7543	99.39	24	22	0	172	0	117	0	0
RLG_Alon_Cereba	RLG_Alon_Cereba	7747	1-7761	1-7747	7712	99.54	15	20	0	14	0	13	0	0
RLG_Alon_Cereba	RLG_Alon_Cereba	7745	1-7761	1-7748	7664	98.95	53	28	3	16	1	12	0	0
RLG_Alon_Cereba	RLG_Alon_Cereba	7755	1-7761	1-7756	7670	98.9	49	36	1	6	1	3	0	0
RLG_Alon_Cereba	RLG_Alon_Cereba	7746	1-7761	1-7749	7671	99.03	44	31	3	15	1	12	0	0
RLG_Alon_Cereba	RLG_Alon_Cereba	7742	1-7761	1-7747	7664	98.99	46	32	5	19	1	17	0	0
RLG_Alon_Cereba	RLG_Alon_Cereba	7730	1-7761	1-7734	7667	99.18	35	28	4	31	2	16	0	0
RLG_Alon_Cereba	RLG_Alon_Cereba	7725	1-7761	1-7728	7659	99.14	33	33	3	36	1	16	0	0
RLG_Alon_Cereba	RLG_Alon_Cereba	7717	1-7761	1-7719	7636	98.95	46	35	2	44	1	42	0	0
RLG_Alon_Cereba	RLG_Alon_Cereba	7753	1-7761	1-7758	7653	98.71	57	43	5	8	1	4	0	0
RLG_Alon_Cereba	RLG_Alon_Cereba	7716	1-7761	1-7720	7633	98.92	44	39	4	45	2	41	0	0
RLG_Alon_Cereba	RLG_Alon_Cereba	7717	1-7761	1-7721	7636	98.95	43	38	4	44	2	41	0	0
RLG_Alon_Cereba	RLG_Alon_Cereba	7749	1-7761	1-7750	7672	99	45	32	1	12	1	10	0	0
RLG_Alon_Cereba	RLG_Alon_Cereba	7752	1-7761	1-7755	7676	99.01	40	36	3	9	1	5	0	0
RLG_Alon_Cereba	RLG_Alon_Cereba	7743	1-7761	1-7750	7654	98.85	59	30	7	18	2	10	0	0
RLG_Alon_Cereba	RLG_Alon_Cereba	7732	1-7735	1-7768	7606	98.37	71	55	36	3	21	1	0	0
RLG_Alon_Cereba	RLG_Alon_Cereba	7588	1-7735	1-7589	7485	98.64	61	42	1	147	1	68	0	0
RLG_Alon_Cereba	RLG_Alon_Cereba	7730	1-7735	1-7747	7621	98.58	60	49	17	5	16	1	0	0
RLG_Alon_Cereba	RLG_Alon_Cereba	7730	1-7735	1-7748	7620	98.57	68	42	18	5	17	2	0	0
RLG_Alon_Cereba	RLG_Alon_Cereba	7730	1-7735	1-7756	7643	98.87	49	38	26	5	26	1	0	0
RLG_Alon_Cereba	RLG_Alon_Cereba	7731	1-7735	1-7749	7626	98.64	57	48	18	4	17	1	0	0
RLG_Alon_Cereba	RLG_Alon_Cereba	7733	1-7735	1-7747	7621	98.55	64	48	14	2	12	1	0	0
RLG_Alon_Cereba	RLG_Alon_Cereba	7715	1-7735	1-7734	7617	98.72	54	44	19	20	17	16	0	0
RLG_Alon_Cereba	RLG_Alon_Cereba	7714	1-7735	1-7728	7615	98.71	48	51	14	21	13	16	0	0
RLG_Alon_Cereba	RLG_Alon_Cereba	7718	1-7735	1-7719	7617	98.69	53	48	1	17	1	13	0	0
RLG_Alon_Cereba	RLG_Alon_Cereba	7730	1-7735	1-7758	7615	98.51	66	49	28	5	25	2	0	0
RLG_Alon_Cereba	RLG_Alon_Cereba	7719	1-7735	1-7720	7606	98.53	61	52	1	16	1	12	0	0
RLG_Alon_Cereba	RLG_Alon_Cereba	7720	1-7735	1-7721	7609	98.56	60	51	1	15	1	12	0	0
RLG_Alon_Cereba	RLG_Alon_Cereba	7731	1-7735	1-7750	7662	99.1	36	33	19	4	19	1	0	0
RLG_Alon_Cereba	RLG_Alon_Cereba	7730	1-7735	1-7755	7627	98.66	52	51	25	5	24	3	0	0
RLG_Alon_Cereba	RLG_Alon_Cereba	7726	1-7735	1-7750	7614	98.55	69	43	24	9	19	3	0	0
RLG_Alon_Cereba	RLG_Alon_Cereba	7588	1-7768	1-7589	7481	98.58	63	44	1	180	1	109	0	0
RLG_Alon_Cereba	RLG_Alon_Cereba	7746	1-7768	1-7747	7651	98.77	54	41	1	22	1	13	0	0
RLG_Alon_Cereba	RLG_Alon_Cereba	7748	1-7768	1-7748	7636	98.55	70	42	0	20	0	13	0	0
RLG_Alon_Cereba	RLG_Alon_Cereba	7751	1-7768	1-7756	7637	98.52	61	53	5	17	5	13	0	0
RLG_Alon_Cereba	RLG_Alon_Cereba	7748	1-7768	1-7749	7643	98.64	61	44	1	20	1	13	0	0
RLG_Alon_Cereba	RLG_Alon_Cereba	7746	1-7768	1-7747	7640	98.63	61	45	1	22	1	13	0	0
RLG_Alon_Cereba	RLG_Alon_Cereba	7732	1-7768	1-7734	7636	98.75	51	45	2	36	2	16	0	0
RLG_Alon_Cereba	RLG_Alon_Cereba	7727	1-7768	1-7728	7628	98.71	49	50	1	41	1	16	0	0
RLG_Alon_Cereba	RLG_Alon_Cereba	7719	1-7768	1-7719	7616	98.66	61	42	0	49	0	34	0	0
RLG_Alon_Cereba	RLG_Alon_Cereba	7752	1-7768	1-7758	7663	98.85	46	43	6	16	4	13	0	0
RLG_Alon_Cereba	RLG_Alon_Cereba	7718	1-7768	1-7720	7604	98.52	62	52	2	50	2	33	0	0
RLG_Alon_Cereba	RLG_Alon_Cereba	7719	1-7768	1-7721	7607	98.54	61	51	2	49	2	33	0	0
RLG_Alon_Cereba	RLG_Alon_Cereba	7750	1-7768	1-7750	7643	98.61	62	45	0	18	0	13	0	0
RLG_Alon_Cereba	RLG_Alon_Cereba	7752	1-7768	1-7755	7658	98.78	51	43	3	16	3	13	0	0
RLG_Alon_Cereba	RLG_Alon_Cereba	7746	1-7768	1-7750	7669	99	49	28	4	22	2	13	0	0
RLG_Alon_Cereba	RLG_Alon_Cereba	7589	1-7589	1-7747	7542	99.38	25	22	158	0	104	0	0	0
RLG_Alon_Cereba	RLG_Alon_Cereba	7586	1-7589	1-7748	7498	98.83	58	30	162	3	105	1	0	0
RLG_Alon_Cereba	RLG_Alon_Cereba	7587	1-7589	1-7756	7491	98.73	58	38	169	2	114	1	0	0
RLG_Alon_Cereba	RLG_Alon_Cereba	7587	1-7589	1-7749	7505	98.91	47	35	162	2	105	1	0	0
RLG_Alon_Cereba	RLG_Alon_Cereba	7588	1-7589	1-7747	7507	98.93	51	30	159	1	100	1	0	0
RLG_Alon_Cereba	RLG_Alon_Cereba	7571	1-7589	1-7734	7503	99.1	39	29	163	18	105	16	0	0
RLG_Alon_Cereba	RLG_Alon_Cereba	7570	1-7589	1-7728	7503	99.11	35	32	158	19	68	16	0	0
RLG_Alon_Cereba	RLG_Alon_Cereba	7571	1-7589	1-7719	7495	98.99	44	32	148	18	146	17	0	0
RLG_Alon_Cereba	RLG_Alon_Cereba	7586	1-7589	1-7758	7485	98.66	61	40	172	3	113	1	0	0
RLG_Alon_Cereba	RLG_Alon_Cereba	7586	1-7589	1-7720	7501	98.87	47	38	134	3	68	1	0	0
RLG_Alon_Cereba	RLG_Alon_Cereba	7587	1-7589	1-7721	7504	98.9	46	37	134	2	68	1	0	0
RLG_Alon_Cereba	RLG_Alon_Cereba	7588	1-7589	1-7750	7503	98.87	49	36	162	1	107	1	0	0
RLG_Alon_Cereba	RLG_Alon_Cereba	7586	1-7589	1-7755	7504	98.91	42	40	169	3	112	2	0	0
RLG_Alon_Cereba	RLG_Alon_Cereba	7582	1-7589	1-7750	7487	98.74	60	35	168	7	107	2	0	0
RLG_Alon_Cereba	RLG_Alon_Cereba	7744	1-7747	1-7748	7658	98.88	52	34	4	3	1	1	0	0
RLG_Alon_Cereba	RLG_Alon_Cereba	7745	1-7747	1-7756	7657	98.86	48	40	11	2	10	1	0	0
RLG_Alon_Cereba	RLG_Alon_Cereba	7745	1-7747	1-7749	7669	99.01	43	33	4	2	1	1	0	0
RLG_Alon_Cereba	RLG_Alon_Cereba	7742	1-7747	1-7747	7663	98.97	43	36	5	5	1	4	0	0
RLG_Alon_Cereba	RLG_Alon_Cereba	7729	1-7747	1-7734	7662	99.13	33	34	5	18	2	16	0	0
RLG_Alon_Cereba	RLG_Alon_Cereba	7725	1-7747	1-7728	7654	99.08	32	39	3	22	1	16	0	0
RLG_Alon_Cereba	RLG_Alon_Cereba	7717	1-7747	1-7719	7631	98.88	45	41	2	30	1	29	0	0
RLG_Alon_Cereba	RLG_Alon_Cereba	7744	1-7747	1-7758	7643	98.69	56	45	14	3	9	1	0	0
RLG_Alon_Cereba	RLG_Alon_Cereba	7716	1-7747	1-7720	7629	98.87	44	43	4	31	2	28	0	0
RLG_Alon_Cereba	RLG_Alon_Cereba	7717	1-7747	1-7721	7632	98.89	43	42	4	30	2	28	0	0
RLG_Alon_Cereba	RLG_Alon_Cereba	7746	1-7747	1-7750	7666	98.96	44	36	4	1	3	1	0	0
RLG_Alon_Cereba	RLG_Alon_Cereba	7744	1-7747	1-7755	7668	99.01	38	38	11	3	8	2	0	0
RLG_Alon_Cereba	RLG_Alon_Cereba	7740	1-7747	1-7750	7649	98.82	59	32	10	7	3	2	0	0
RLG_Alon_Cereba	RLG_Alon_Cereba	7745	1-7748	1-7756	7643	98.68	65	37	11	3	9	1	0	0
RLG_Alon_Cereba	RLG_Alon_Cereba	7746	1-7748	1-7749	7668	98.99	48	30	3	2	1	1	0	0
RLG_Alon_Cereba	RLG_Alon_Cereba	7743	1-7748	1-7747	7672	99.08	47	24	4	5	2	5	0	0
RLG_Alon_Cereba	RLG_Alon_Cereba	7731	1-7748	1-7734	7662	99.1	43	26	3	17	2	16	0	0
RLG_Alon_Cereba	RLG_Alon_Cereba	7726	1-7748	1-7728	7659	99.13	36	31	2	22	1	16	0	0
RLG_Alon_Cereba	RLG_Alon_Cereba	7717	1-7748	1-7719	7645	99.06	45	27	2	31	1	30	0	0
RLG_Alon_Cereba	RLG_Alon_Cereba	7747	1-7748	1-7758	7649	98.73	61	37	11	1	8	1	0	0
RLG_Alon_Cereba	RLG_Alon_Cereba	7716	1-7748	1-7720	7634	98.93	49	33	4	32	3	29	0	0
RLG_Alon_Cereba	RLG_Alon_Cereba	7717	1-7748	1-7721	7637	98.96	48	32	4	31	3	29	0	0
RLG_Alon_Cereba	RLG_Alon_Cereba	7746	1-7748	1-7750	7655	98.82	58	33	4	2	2	1	0	0
RLG_Alon_Cereba	RLG_Alon_Cereba	7747	1-7748	1-7755	7671	99.01	44	32	8	1	7	1	0	0
RLG_Alon_Cereba	RLG_Alon_Cereba	7743	1-7748	1-7750	7652	98.82	62	29	7	5	2	3	0	0
RLG_Alon_Cereba	RLG_Alon_Cereba	7746	1-7756	1-7749	7647	98.72	56	43	3	10	1	9	0	0
RLG_Alon_Cereba	RLG_Alon_Cereba	7742	1-7756	1-7747	7644	98.73	60	38	5	14	1	14	0	0
RLG_Alon_Cereba	RLG_Alon_Cereba	7730	1-7756	1-7734	7641	98.84	51	38	4	26	2	16	0	0
RLG_Alon_Cereba	RLG_Alon_Cereba	7725	1-7756	1-7728	7639	98.88	44	42	3	31	1	16	0	0
RLG_Alon_Cereba	RLG_Alon_Cereba	7717	1-7756	1-7719	7617	98.7	57	43	2	39	1	39	0	0
RLG_Alon_Cereba	RLG_Alon_Cereba	7753	1-7756	1-7758	7638	98.51	64	51	5	3	2	1	0	0
RLG_Alon_Cereba	RLG_Alon_Cereba	7716	1-7756	1-7720	7613	98.66	58	45	4	40	2	38	0	0
RLG_Alon_Cereba	RLG_Alon_Cereba	7717	1-7756	1-7721	7616	98.69	57	44	4	39	2	38	0	0
RLG_Alon_Cereba	RLG_Alon_Cereba	7749	1-7756	1-7750	7693	99.27	34	22	1	7	1	7	0	0
RLG_Alon_Cereba	RLG_Alon_Cereba	7752	1-7756	1-7755	7655	98.74	51	46	3	4	1	2	0	0
RLG_Alon_Cereba	RLG_Alon_Cereba	7743	1-7756	1-7750	7635	98.6	66	42	7	13	3	7	0	0
RLG_Alon_Cereba	RLG_Alon_Cereba	7743	1-7749	1-7747	7669	99.04	41	33	4	6	1	5	0	0
RLG_Alon_Cereba	RLG_Alon_Cereba	7732	1-7749	1-7734	7673	99.23	33	26	2	17	1	16	0	0
RLG_Alon_Cereba	RLG_Alon_Cereba	7727	1-7749	1-7728	7672	99.28	27	28	1	22	1	16	0	0
RLG_Alon_Cereba	RLG_Alon_Cereba	7718	1-7749	1-7719	7644	99.04	42	32	1	31	1	30	0	0
RLG_Alon_Cereba	RLG_Alon_Cereba	7746	1-7749	1-7758	7650	98.76	55	41	12	3	8	1	0	0
RLG_Alon_Cereba	RLG_Alon_Cereba	7717	1-7749	1-7720	7641	99.01	38	38	3	32	2	29	0	0
RLG_Alon_Cereba	RLG_Alon_Cereba	7718	1-7749	1-7721	7644	99.04	37	37	3	31	2	29	0	0
RLG_Alon_Cereba	RLG_Alon_Cereba	7747	1-7749	1-7750	7664	98.92	48	35	3	2	2	1	0	0
RLG_Alon_Cereba	RLG_Alon_Cereba	7746	1-7749	1-7755	7683	99.18	34	29	9	3	7	2	0	0
RLG_Alon_Cereba	RLG_Alon_Cereba	7742	1-7749	1-7750	7655	98.87	57	30	8	7	2	2	0	0
RLG_Alon_Cereba	RLG_Alon_Cereba	7727	1-7747	1-7734	7665	99.19	32	30	7	20	5	16	0	0
RLG_Alon_Cereba	RLG_Alon_Cereba	7726	1-7747	1-7728	7668	99.24	30	28	2	21	1	16	0	0
RLG_Alon_Cereba	RLG_Alon_Cereba	7719	1-7747	1-7719	7645	99.04	43	31	0	28	0	25	0	0
RLG_Alon_Cereba	RLG_Alon_Cereba	7743	1-7747	1-7758	7643	98.7	58	42	15	4	13	2	0	0
RLG_Alon_Cereba	RLG_Alon_Cereba	7718	1-7747	1-7720	7645	99.05	43	30	2	29	2	24	0	0
RLG_Alon_Cereba	RLG_Alon_Cereba	7719	1-7747	1-7721	7648	99.08	42	29	2	28	2	24	0	0
RLG_Alon_Cereba	RLG_Alon_Cereba	7743	1-7747	1-7750	7654	98.85	52	37	7	4	7	1	0	0
RLG_Alon_Cereba	RLG_Alon_Cereba	7743	1-7747	1-7755	7669	99.04	38	36	12	4	12	2	0	0
RLG_Alon_Cereba	RLG_Alon_Cereba	7739	1-7747	1-7750	7644	98.77	62	33	11	8	7	3	0	0
RLG_Alon_Cereba	RLG_Alon_Cereba	7712	1-7734	1-7728	7662	99.35	22	28	16	22	16	16	0	0
RLG_Alon_Cereba	RLG_Alon_Cereba	7702	1-7734	1-7719	7639	99.18	36	27	17	32	16	30	0	0
RLG_Alon_Cereba	RLG_Alon_Cereba	7731	1-7734	1-7758	7644	98.87	49	38	27	3	16	2	0	0
RLG_Alon_Cereba	RLG_Alon_Cereba	7701	1-7734	1-7720	7635	99.14	35	31	19	33	16	29	0	0
RLG_Alon_Cereba	RLG_Alon_Cereba	7702	1-7734	1-7721	7638	99.16	34	30	19	32	16	29	0	0
RLG_Alon_Cereba	RLG_Alon_Cereba	7731	1-7734	1-7750	7652	98.97	44	35	19	3	16	2	0	0
RLG_Alon_Cereba	RLG_Alon_Cereba	7732	1-7734	1-7755	7667	99.15	31	34	23	2	16	2	0	0
RLG_Alon_Cereba	RLG_Alon_Cereba	7727	1-7734	1-7750	7642	98.89	51	34	23	7	16	3	0	0
RLG_Alon_Cereba	RLG_Alon_Cereba	7701	1-7728	1-7719	7639	99.19	30	32	18	27	16	26	0	0
RLG_Alon_Cereba	RLG_Alon_Cereba	7726	1-7728	1-7758	7642	98.91	42	42	32	2	16	1	0	0
RLG_Alon_Cereba	RLG_Alon_Cereba	7700	1-7728	1-7720	7639	99.2	29	32	20	28	16	25	0	0
RLG_Alon_Cereba	RLG_Alon_Cereba	7701	1-7728	1-7721	7642	99.23	28	31	20	27	16	25	0	0
RLG_Alon_Cereba	RLG_Alon_Cereba	7726	1-7728	1-7750	7648	98.99	38	40	24	2	16	1	0	0
RLG_Alon_Cereba	RLG_Alon_Cereba	7727	1-7728	1-7755	7664	99.18	24	39	28	1	16	1	0	0
RLG_Alon_Cereba	RLG_Alon_Cereba	7722	1-7728	1-7750	7638	98.91	45	39	28	6	16	3	0	0
RLG_Alon_Cereba	RLG_Alon_Cereba	7717	1-7719	1-7758	7629	98.85	48	40	41	2	38	1	0	0
RLG_Alon_Cereba	RLG_Alon_Cereba	7716	1-7719	1-7720	7630	98.88	45	41	4	3	3	1	0	0
RLG_Alon_Cereba	RLG_Alon_Cereba	7717	1-7719	1-7721	7633	98.91	44	40	4	2	3	1	0	0
RLG_Alon_Cereba	RLG_Alon_Cereba	7718	1-7719	1-7750	7636	98.93	45	37	32	1	32	1	0	0
RLG_Alon_Cereba	RLG_Alon_Cereba	7718	1-7719	1-7755	7648	99.09	37	33	37	1	37	1	0	0
RLG_Alon_Cereba	RLG_Alon_Cereba	7713	1-7719	1-7750	7630	98.92	50	33	37	6	32	4	0	0
RLG_Alon_Cereba	RLG_Alon_Cereba	7716	1-7758	1-7720	7622	98.78	52	42	4	42	3	37	0	0
RLG_Alon_Cereba	RLG_Alon_Cereba	7717	1-7758	1-7721	7625	98.8	51	41	4	41	3	37	0	0
RLG_Alon_Cereba	RLG_Alon_Cereba	7748	1-7758	1-7750	7647	98.69	56	45	2	10	1	6	0	0
RLG_Alon_Cereba	RLG_Alon_Cereba	7754	1-7758	1-7755	7657	98.74	47	50	1	4	1	1	0	0
RLG_Alon_Cereba	RLG_Alon_Cereba	7748	1-7758	1-7750	7708	99.48	17	23	2	10	1	6	0	0
RLG_Alon_Cereba	RLG_Alon_Cereba	7720	1-7720	1-7721	7716	99.94	1	3	1	0	1	0	0	0
RLG_Alon_Cereba	RLG_Alon_Cereba	7717	1-7720	1-7750	7623	98.78	51	43	33	3	31	2	0	0
RLG_Alon_Cereba	RLG_Alon_Cereba	7705	1-7720	1-7755	7635	99.09	35	35	50	15	36	15	0	0
RLG_Alon_Cereba	RLG_Alon_Cereba	7712	1-7720	1-7750	7617	98.76	56	39	38	8	31	4	0	0
RLG_Alon_Cereba	RLG_Alon_Cereba	7718	1-7721	1-7750	7626	98.8	50	42	32	3	31	2	0	0
RLG_Alon_Cereba	RLG_Alon_Cereba	7706	1-7721	1-7755	7638	99.11	34	34	49	15	36	15	0	0
RLG_Alon_Cereba	RLG_Alon_Cereba	7713	1-7721	1-7750	7620	98.79	55	38	37	8	31	4	0	0
RLG_Alon_Cereba	RLG_Alon_Cereba	7748	1-7750	1-7755	7666	98.94	43	39	7	2	5	2	0	0
RLG_Alon_Cereba	RLG_Alon_Cereba	7744	1-7750	1-7750	7652	98.81	58	34	6	6	2	2	0	0
RLG_Alon_Cereba	RLG_Alon_Cereba	7745	1-7755	1-7750	7666	98.97	47	32	5	10	2	5	0	0
RLG_Asat_Cereba	RLG_Asat_Cereba	7715	1-7752	1-7716	7638	99	38	39	1	37	1	26	0	0
RLG_Asat_Cereba	RLG_Asat_Cereba	7742	1-7752	1-7743	7663	98.97	43	36	1	10	1	8	0	0
RLG_Asat_Cereba	RLG_Asat_Cereba	7726	1-7752	1-7726	7680	99.4	25	21	0	26	0	24	0	0
RLG_Asat_Cereba	RLG_Asat_Cereba	7723	1-7752	1-7724	7650	99.05	32	41	1	29	1	29	0	0
RLG_Asat_Cereba	RLG_Asat_Cereba	7720	1-7752	1-7723	7630	98.83	42	48	3	32	2	27	0	0
RLG_Asat_Cereba	RLG_Asat_Cereba	7749	1-7752	1-7752	7672	99	45	32	3	3	3	2	0	0
RLG_Asat_Cereba	RLG_Asat_Cereba	7716	1-7752	1-7717	7670	99.4	26	20	1	36	1	29	0	0
RLG_Asat_Cereba	RLG_Asat_Cereba	7747	1-7752	1-7750	7657	98.83	47	43	3	5	2	3	0	0
RLG_Asat_Cereba	RLG_Asat_Cereba	7745	1-7752	1-7747	7655	98.83	51	39	2	7	2	3	0	0
RLG_Asat_Cereba	RLG_Asat_Cereba	7679	1-7734	1-7707	7537	98.15	95	47	28	55	24	25	0	0
RLG_Asat_Cereba	RLG_Asat_Cereba	7750	1-7752	1-7761	7660	98.83	49	41	11	2	9	1	0	0
RLG_Asat_Cereba	RLG_Asat_Cereba	7725	1-7734	1-7730	7580	98.12	93	52	5	9	1	3	0	0
RLG_Asat_Cereba	RLG_Asat_Cereba	7732	1-7752	1-7735	7660	99.06	36	36	3	20	1	20	0	0
RLG_Asat_Cereba	RLG_Asat_Cereba	7751	1-7752	1-7768	7632	98.46	62	57	17	1	13	1	0	0
RLG_Asat_Cereba	RLG_Asat_Cereba	7746	1-7752	1-7747	7651	98.77	48	47	1	6	1	4	0	0
RLG_Asat_Cereba	RLG_Asat_Cereba	7732	1-7734	1-7765	7602	98.31	88	42	33	2	27	1	0	0
RLG_Asat_Cereba	RLG_Asat_Cereba	7744	1-7752	1-7747	7644	98.7	57	43	3	8	1	8	0	0
RLG_Asat_Cereba	RLG_Asat_Cereba	7617	1-7734	1-7621	7500	98.46	72	45	4	117	1	114	0	0
RLG_Asat_Cereba	RLG_Asat_Cereba	7731	1-7752	1-7734	7644	98.87	46	41	3	21	2	16	0	0
RLG_Asat_Cereba	RLG_Asat_Cereba	7717	1-7752	1-7719	7632	98.89	45	40	2	35	1	33	0	0
RLG_Asat_Cereba	RLG_Asat_Cereba	7749	1-7752	1-7758	7639	98.58	58	52	9	3	5	2	0	0
RLG_Asat_Cereba	RLG_Asat_Cereba	7718	1-7752	1-7720	7618	98.7	52	48	2	34	1	32	0	0
RLG_Asat_Cereba	RLG_Asat_Cereba	7719	1-7752	1-7721	7621	98.73	51	47	2	33	1	32	0	0
RLG_Asat_Cereba	RLG_Asat_Cereba	7750	1-7752	1-7750	7706	99.43	21	23	0	2	0	1	0	0
RLG_Asat_Cereba	RLG_Asat_Cereba	7749	1-7752	1-7755	7655	98.78	45	49	6	3	4	3	0	0
RLG_Asat_Cereba	RLG_Asat_Cereba	7744	1-7752	1-7750	7641	98.66	60	43	6	8	2	3	0	0
RLG_Asat_Cereba	RLG_Asat_Cereba	7698	1-7706	1-7723	7616	98.93	41	41	25	8	23	8	0	0
RLG_Asat_Cereba	RLG_Asat_Cereba	7673	1-7706	1-7693	7599	99.03	42	32	20	33	18	15	0	0
RLG_Asat_Cereba	RLG_Asat_Cereba	7704	1-7706	1-7755	7636	99.11	47	21	51	2	48	1	0	0
RLG_Asat_Cereba	RLG_Asat_Cereba	7706	1-7706	1-7724	7669	99.51	19	18	18	0	16	0	0	0
RLG_Asat_Cereba	RLG_Asat_Cereba	7703	1-7706	1-7757	7624	98.97	44	35	54	3	54	1	0	0
RLG_Asat_Cereba	RLG_Asat_Cereba	7704	1-7706	1-7719	7613	98.81	45	46	15	2	14	1	0	0
RLG_Asat_Cereba	RLG_Asat_Cereba	7705	1-7706	1-7726	7621	98.9	50	34	21	1	18	1	0	0
RLG_Asat_Cereba	RLG_Asat_Cereba	7680	1-7706	1-7716	7658	99.71	15	7	36	26	35	26	0	0
RLG_Asat_Cereba	RLG_Asat_Cereba	7704	1-7706	1-7743	7630	99.03	43	31	39	2	37	1	0	0
RLG_Asat_Cereba	RLG_Asat_Cereba	7705	1-7706	1-7726	7624	98.94	42	39	21	1	21	1	0	0
RLG_Asat_Cereba	RLG_Asat_Cereba	7706	1-7706	1-7724	7628	98.98	39	39	18	0	16	0	0	0
RLG_Asat_Cereba	RLG_Asat_Cereba	7702	1-7706	1-7723	7630	99.06	36	36	21	4	18	3	0	0
RLG_Asat_Cereba	RLG_Asat_Cereba	7704	1-7706	1-7752	7663	99.46	25	16	48	2	48	1	0	0
RLG_Asat_Cereba	RLG_Asat_Cereba	7700	1-7706	1-7717	7634	99.14	38	28	17	6	16	2	0	0
RLG_Asat_Cereba	RLG_Asat_Cereba	7704	1-7706	1-7728	7623	98.94	38	43	24	2	22	1	0	0
RLG_Asat_Cereba	RLG_Asat_Cereba	7702	1-7706	1-7750	7635	99.13	38	29	48	4	46	3	0	0
RLG_Asat_Cereba	RLG_Asat_Cereba	7701	1-7706	1-7747	7633	99.11	43	25	46	5	44	3	0	0
RLG_Asat_Cereba	RLG_Asat_Cereba	7705	1-7706	1-7729	7611	98.78	51	43	24	1	23	1	0	0
RLG_Asat_Cereba	RLG_Asat_Cereba	7705	1-7706	1-7761	7640	99.15	40	25	56	1	54	1	0	0
RLG_Asat_Cereba	RLG_Asat_Cereba	7706	1-7706	1-7735	7615	98.81	48	43	29	0	25	0	0	0
RLG_Asat_Cereba	RLG_Asat_Cereba	7706	1-7706	1-7768	7615	98.81	51	40	62	0	46	0	0	0
RLG_Asat_Cereba	RLG_Asat_Cereba	7588	1-7706	1-7589	7514	99.02	45	29	1	118	1	63	0	0
RLG_Asat_Cereba	RLG_Asat_Cereba	7705	1-7706	1-7747	7635	99.09	39	31	42	1	41	1	0	0
RLG_Asat_Cereba	RLG_Asat_Cereba	7704	1-7706	1-7748	7630	99.03	50	24	44	2	42	1	0	0
RLG_Asat_Cereba	RLG_Asat_Cereba	7705	1-7706	1-7756	7623	98.93	47	35	51	1	51	1	0	0
RLG_Asat_Cereba	RLG_Asat_Cereba	7705	1-7706	1-7749	7640	99.15	37	28	44	1	42	1	0	0
RLG_Asat_Cereba	RLG_Asat_Cereba	7706	1-7706	1-7747	7640	99.14	39	27	41	0	37	0	0	0
RLG_Asat_Cereba	RLG_Asat_Cereba	7689	1-7706	1-7734	7635	99.29	28	26	45	17	42	16	0	0
RLG_Asat_Cereba	RLG_Asat_Cereba	7688	1-7706	1-7728	7627	99.2	30	31	40	18	38	16	0	0
RLG_Asat_Cereba	RLG_Asat_Cereba	7706	1-7706	1-7719	7642	99.16	36	28	13	0	12	0	0	0
RLG_Asat_Cereba	RLG_Asat_Cereba	7704	1-7706	1-7758	7622	98.93	48	34	54	2	50	1	0	0
RLG_Asat_Cereba	RLG_Asat_Cereba	7704	1-7706	1-7720	7618	98.88	47	39	16	2	13	1	0	0
RLG_Asat_Cereba	RLG_Asat_Cereba	7705	1-7706	1-7721	7621	98.9	46	38	16	1	13	1	0	0
RLG_Asat_Cereba	RLG_Asat_Cereba	7706	1-7706	1-7750	7647	99.23	32	27	44	0	44	0	0	0
RLG_Asat_Cereba	RLG_Asat_Cereba	7704	1-7706	1-7755	7638	99.14	35	31	51	2	49	2	0	0
RLG_Asat_Cereba	RLG_Asat_Cereba	7700	1-7706	1-7750	7622	98.98	51	27	50	6	44	2	0	0
RLG_Asat_Cereba	RLG_Asat_Cereba	7683	1-7723	1-7693	7617	99.14	38	28	10	40	8	15	0	0
RLG_Asat_Cereba	RLG_Asat_Cereba	7719	1-7723	1-7755	7645	99.04	47	27	36	4	25	1	0	0
RLG_Asat_Cereba	RLG_Asat_Cereba	7715	1-7723	1-7724	7634	98.95	40	41	9	8	8	7	0	0
RLG_Asat_Cereba	RLG_Asat_Cereba	7718	1-7723	1-7757	7618	98.7	49	51	39	5	31	1	0	0
RLG_Asat_Cereba	RLG_Asat_Cereba	7710	1-7723	1-7719	7614	98.75	44	52	9	13	8	9	0	0
RLG_Asat_Cereba	RLG_Asat_Cereba	7715	1-7723	1-7726	7626	98.84	51	38	11	8	8	5	0	0
RLG_Asat_Cereba	RLG_Asat_Cereba	7687	1-7723	1-7716	7610	98.99	40	37	29	36	20	26	0	0
RLG_Asat_Cereba	RLG_Asat_Cereba	7719	1-7723	1-7743	7620	98.71	53	46	24	4	14	1	0	0
RLG_Asat_Cereba	RLG_Asat_Cereba	7718	1-7723	1-7726	7629	98.84	46	43	8	5	8	2	0	0
RLG_Asat_Cereba	RLG_Asat_Cereba	7705	1-7723	1-7724	7610	98.76	44	51	19	18	9	16	0	0
RLG_Asat_Cereba	RLG_Asat_Cereba	7712	1-7723	1-7723	7643	99.1	31	38	11	11	8	5	0	0
RLG_Asat_Cereba	RLG_Asat_Cereba	7719	1-7723	1-7752	7639	98.96	49	31	33	4	25	1	0	0
RLG_Asat_Cereba	RLG_Asat_Cereba	7699	1-7723	1-7717	7616	98.92	43	40	18	24	9	16	0	0
RLG_Asat_Cereba	RLG_Asat_Cereba	7718	1-7723	1-7728	7646	99.06	34	38	10	5	8	1	0	0
RLG_Asat_Cereba	RLG_Asat_Cereba	7717	1-7723	1-7750	7645	99.06	39	33	33	6	23	3	0	0
RLG_Asat_Cereba	RLG_Asat_Cereba	7716	1-7723	1-7747	7644	99.06	42	30	31	7	21	3	0	0
RLG_Asat_Cereba	RLG_Asat_Cereba	7720	1-7723	1-7729	7625	98.76	50	45	9	3	8	1	0	0
RLG_Asat_Cereba	RLG_Asat_Cereba	7720	1-7723	1-7761	7650	99.09	40	30	41	3	31	1	0	0
RLG_Asat_Cereba	RLG_Asat_Cereba	7723	1-7723	1-7735	7627	98.75	49	47	12	0	8	0	0	0
RLG_Asat_Cereba	RLG_Asat_Cereba	7721	1-7723	1-7768	7607	98.52	61	53	47	2	23	1	0	0
RLG_Asat_Cereba	RLG_Asat_Cereba	7580	1-7723	1-7589	7506	99.02	43	31	9	143	8	68	0	0
RLG_Asat_Cereba	RLG_Asat_Cereba	7720	1-7723	1-7747	7643	99	39	38	27	3	18	1	0	0
RLG_Asat_Cereba	RLG_Asat_Cereba	7719	1-7723	1-7748	7639	98.96	46	34	29	4	19	1	0	0
RLG_Asat_Cereba	RLG_Asat_Cereba	7720	1-7723	1-7756	7626	98.78	49	45	36	3	28	1	0	0
RLG_Asat_Cereba	RLG_Asat_Cereba	7720	1-7723	1-7749	7645	99.02	38	37	29	3	19	1	0	0
RLG_Asat_Cereba	RLG_Asat_Cereba	7721	1-7723	1-7747	7638	98.92	43	40	26	2	14	1	0	0
RLG_Asat_Cereba	RLG_Asat_Cereba	7704	1-7723	1-7734	7639	99.15	31	34	30	19	19	16	0	0
RLG_Asat_Cereba	RLG_Asat_Cereba	7703	1-7723	1-7728	7637	99.14	28	38	25	20	15	16	0	0
RLG_Asat_Cereba	RLG_Asat_Cereba	7710	1-7723	1-7719	7621	98.84	44	45	9	13	8	11	0	0
RLG_Asat_Cereba	RLG_Asat_Cereba	7719	1-7723	1-7758	7622	98.74	52	45	39	4	27	1	0	0
RLG_Asat_Cereba	RLG_Asat_Cereba	7709	1-7723	1-7720	7624	98.89	40	45	11	14	8	10	0	0
RLG_Asat_Cereba	RLG_Asat_Cereba	7710	1-7723	1-7721	7627	98.92	39	44	11	13	8	10	0	0
RLG_Asat_Cereba	RLG_Asat_Cereba	7721	1-7723	1-7750	7639	98.93	39	43	29	2	21	1	0	0
RLG_Asat_Cereba	RLG_Asat_Cereba	7719	1-7723	1-7755	7642	99	35	42	36	4	26	2	0	0
RLG_Asat_Cereba	RLG_Asat_Cereba	7715	1-7723	1-7750	7622	98.79	55	38	35	8	21	2	0	0
RLG_Asat_Cereba	RLG_Asat_Cereba	7692	1-7693	1-7755	7660	99.58	18	14	63	1	30	1	0	0
RLG_Asat_Cereba	RLG_Asat_Cereba	7689	1-7693	1-7724	7617	99.06	41	31	35	4	15	2	0	0
RLG_Asat_Cereba	RLG_Asat_Cereba	7688	1-7693	1-7757	7592	98.75	54	42	69	5	36	2	0	0
RLG_Asat_Cereba	RLG_Asat_Cereba	7685	1-7693	1-7719	7591	98.77	50	44	34	8	15	4	0	0
RLG_Asat_Cereba	RLG_Asat_Cereba	7690	1-7693	1-7726	7603	98.86	58	29	36	3	15	2	0	0
RLG_Asat_Cereba	RLG_Asat_Cereba	7665	1-7693	1-7716	7593	99.06	42	30	51	28	17	26	0	0
RLG_Asat_Cereba	RLG_Asat_Cereba	7689	1-7693	1-7743	7602	98.86	52	35	54	4	19	2	0	0
RLG_Asat_Cereba	RLG_Asat_Cereba	7690	1-7693	1-7726	7604	98.88	52	34	36	3	15	2	0	0
RLG_Asat_Cereba	RLG_Asat_Cereba	7680	1-7693	1-7724	7586	98.77	53	41	44	13	15	11	0	0
RLG_Asat_Cereba	RLG_Asat_Cereba	7687	1-7693	1-7723	7618	99.1	35	34	36	6	15	3	0	0
RLG_Asat_Cereba	RLG_Asat_Cereba	7689	1-7693	1-7752	7617	99.06	50	22	63	4	30	2	0	0
RLG_Asat_Cereba	RLG_Asat_Cereba	7674	1-7693	1-7717	7592	98.93	51	31	43	19	15	11	0	0
RLG_Asat_Cereba	RLG_Asat_Cereba	7692	1-7693	1-7728	7671	99.72	6	15	36	1	15	1	0	0
RLG_Asat_Cereba	RLG_Asat_Cereba	7690	1-7693	1-7750	7664	99.66	10	16	60	3	28	3	0	0
RLG_Asat_Cereba	RLG_Asat_Cereba	7693	1-7693	1-7761	7667	99.66	12	14	68	0	36	0	0	0
RLG_Asat_Cereba	RLG_Asat_Cereba	7691	1-7693	1-7735	7598	98.79	56	37	44	2	15	2	0	0
RLG_Asat_Cereba	RLG_Asat_Cereba	7691	1-7693	1-7768	7596	98.76	55	40	77	2	28	2	0	0
RLG_Asat_Cereba	RLG_Asat_Cereba	7557	1-7693	1-7589	7525	99.57	20	12	32	136	15	68	0	0
RLG_Asat_Cereba	RLG_Asat_Cereba	7692	1-7693	1-7747	7663	99.62	14	15	55	1	23	1	0	0
RLG_Asat_Cereba	RLG_Asat_Cereba	7689	1-7693	1-7748	7610	98.97	51	28	59	4	24	2	0	0
RLG_Asat_Cereba	RLG_Asat_Cereba	7690	1-7693	1-7756	7611	98.97	47	32	66	3	33	2	0	0
RLG_Asat_Cereba	RLG_Asat_Cereba	7690	1-7693	1-7749	7616	99.03	42	32	59	3	24	2	0	0
RLG_Asat_Cereba	RLG_Asat_Cereba	7691	1-7693	1-7747	7615	99.01	44	32	56	2	19	2	0	0
RLG_Asat_Cereba	RLG_Asat_Cereba	7674	1-7693	1-7734	7614	99.21	33	27	60	19	24	16	0	0
RLG_Asat_Cereba	RLG_Asat_Cereba	7673	1-7693	1-7728	7609	99.16	31	33	55	20	20	16	0	0
RLG_Asat_Cereba	RLG_Asat_Cereba	7685	1-7693	1-7719	7600	98.89	46	39	34	8	15	6	0	0
RLG_Asat_Cereba	RLG_Asat_Cereba	7689	1-7693	1-7758	7600	98.84	54	35	69	4	32	2	0	0
RLG_Asat_Cereba	RLG_Asat_Cereba	7684	1-7693	1-7720	7603	98.94	42	39	36	9	15	5	0	0
RLG_Asat_Cereba	RLG_Asat_Cereba	7685	1-7693	1-7721	7606	98.97	41	38	36	8	15	5	0	0
RLG_Asat_Cereba	RLG_Asat_Cereba	7691	1-7693	1-7750	7615	99.01	43	33	59	2	26	2	0	0
RLG_Asat_Cereba	RLG_Asat_Cereba	7689	1-7693	1-7755	7616	99.05	37	36	66	4	31	2	0	0
RLG_Asat_Cereba	RLG_Asat_Cereba	7685	1-7693	1-7750	7599	98.88	57	29	65	8	26	2	0	0
RLG_Asat_Cereba	RLG_Asat_Cereba	7720	1-7755	1-7724	7643	99	50	27	4	35	1	32	0	0
RLG_Asat_Cereba	RLG_Asat_Cereba	7749	1-7755	1-7757	7646	98.67	63	40	8	6	6	2	0	0
RLG_Asat_Cereba	RLG_Asat_Cereba	7716	1-7755	1-7719	7618	98.72	57	41	3	39	2	34	0	0
RLG_Asat_Cereba	RLG_Asat_Cereba	7721	1-7755	1-7726	7626	98.76	67	28	5	34	3	30	0	0
RLG_Asat_Cereba	RLG_Asat_Cereba	7713	1-7755	1-7716	7637	99.01	51	25	3	42	1	26	0	0
RLG_Asat_Cereba	RLG_Asat_Cereba	7739	1-7755	1-7743	7646	98.79	61	32	4	16	3	11	0	0
RLG_Asat_Cereba	RLG_Asat_Cereba	7724	1-7755	1-7726	7632	98.8	61	31	2	31	1	27	0	0
RLG_Asat_Cereba	RLG_Asat_Cereba	7720	1-7755	1-7724	7620	98.7	62	38	4	35	2	32	0	0
RLG_Asat_Cereba	RLG_Asat_Cereba	7718	1-7755	1-7723	7645	99.05	44	29	5	37	2	30	0	0
RLG_Asat_Cereba	RLG_Asat_Cereba	7751	1-7755	1-7752	7670	98.95	59	22	1	4	1	2	0	0
RLG_Asat_Cereba	RLG_Asat_Cereba	7715	1-7755	1-7717	7628	98.87	59	28	2	40	1	32	0	0
RLG_Asat_Cereba	RLG_Asat_Cereba	7727	1-7755	1-7728	7689	99.5	15	23	1	28	1	26	0	0
RLG_Asat_Cereba	RLG_Asat_Cereba	7749	1-7755	1-7750	7713	99.53	19	17	1	6	1	3	0	0
RLG_Asat_Cereba	RLG_Asat_Cereba	7746	1-7755	1-7747	7709	99.52	24	13	1	9	1	4	0	0
RLG_Asat_Cereba	RLG_Asat_Cereba	7726	1-7755	1-7729	7634	98.8	60	32	3	29	1	25	0	0
RLG_Asat_Cereba	RLG_Asat_Cereba	7754	1-7755	1-7761	7720	99.56	21	13	7	1	6	1	0	0
RLG_Asat_Cereba	RLG_Asat_Cereba	7729	1-7755	1-7735	7624	98.64	68	37	6	26	2	23	0	0
RLG_Asat_Cereba	RLG_Asat_Cereba	7750	1-7755	1-7768	7650	98.7	64	36	18	5	13	2	0	0
RLG_Asat_Cereba	RLG_Asat_Cereba	7588	1-7755	1-7589	7536	99.31	31	21	1	167	1	111	0	0
RLG_Asat_Cereba	RLG_Asat_Cereba	7746	1-7755	1-7747	7705	99.47	22	19	1	9	1	7	0	0
RLG_Asat_Cereba	RLG_Asat_Cereba	7745	1-7755	1-7748	7659	98.88	61	25	3	10	1	6	0	0
RLG_Asat_Cereba	RLG_Asat_Cereba	7751	1-7755	1-7756	7666	98.9	54	31	5	4	3	2	0	0
RLG_Asat_Cereba	RLG_Asat_Cereba	7745	1-7755	1-7749	7667	98.99	51	27	4	10	1	6	0	0
RLG_Asat_Cereba	RLG_Asat_Cereba	7741	1-7755	1-7747	7658	98.92	54	29	6	14	2	11	0	0
RLG_Asat_Cereba	RLG_Asat_Cereba	7730	1-7755	1-7734	7663	99.13	42	25	4	25	2	16	0	0
RLG_Asat_Cereba	RLG_Asat_Cereba	7725	1-7755	1-7728	7655	99.09	40	30	3	30	1	16	0	0
RLG_Asat_Cereba	RLG_Asat_Cereba	7716	1-7755	1-7719	7637	98.97	51	28	3	39	1	36	0	0
RLG_Asat_Cereba	RLG_Asat_Cereba	7751	1-7755	1-7758	7649	98.68	64	38	7	4	2	2	0	0
RLG_Asat_Cereba	RLG_Asat_Cereba	7715	1-7755	1-7720	7630	98.89	51	34	5	40	3	35	0	0
RLG_Asat_Cereba	RLG_Asat_Cereba	7716	1-7755	1-7721	7633	98.92	50	33	5	39	3	35	0	0
RLG_Asat_Cereba	RLG_Asat_Cereba	7748	1-7755	1-7750	7667	98.95	53	28	2	7	1	4	0	0
RLG_Asat_Cereba	RLG_Asat_Cereba	7752	1-7755	1-7755	7669	98.92	48	35	3	3	1	2	0	0
RLG_Asat_Cereba	RLG_Asat_Cereba	7743	1-7755	1-7750	7647	98.76	67	29	7	12	2	4	0	0
RLG_Asat_Cereba	RLG_Asat_Cereba	7719	1-7724	1-7757	7634	98.89	47	38	38	5	38	1	0	0
RLG_Asat_Cereba	RLG_Asat_Cereba	7718	1-7724	1-7719	7627	98.82	43	48	1	6	1	2	0	0
RLG_Asat_Cereba	RLG_Asat_Cereba	7721	1-7724	1-7726	7638	98.92	49	34	5	3	2	1	0	0
RLG_Asat_Cereba	RLG_Asat_Cereba	7697	1-7724	1-7716	7662	99.54	19	16	19	27	19	26	0	0
RLG_Asat_Cereba	RLG_Asat_Cereba	7720	1-7724	1-7743	7636	98.91	45	39	23	4	21	1	0	0
RLG_Asat_Cereba	RLG_Asat_Cereba	7721	1-7724	1-7726	7641	98.96	42	38	5	3	5	1	0	0
RLG_Asat_Cereba	RLG_Asat_Cereba	7722	1-7724	1-7724	7623	98.71	44	55	2	2	1	1	0	0
RLG_Asat_Cereba	RLG_Asat_Cereba	7719	1-7724	1-7723	7648	99.08	37	34	4	5	2	3	0	0
RLG_Asat_Cereba	RLG_Asat_Cereba	7720	1-7724	1-7752	7670	99.35	28	22	32	4	32	1	0	0
RLG_Asat_Cereba	RLG_Asat_Cereba	7716	1-7724	1-7717	7631	98.89	43	42	1	8	1	2	0	0
RLG_Asat_Cereba	RLG_Asat_Cereba	7720	1-7724	1-7728	7641	98.97	37	42	8	4	6	1	0	0
RLG_Asat_Cereba	RLG_Asat_Cereba	7718	1-7724	1-7750	7642	99.01	41	35	32	6	30	3	0	0
RLG_Asat_Cereba	RLG_Asat_Cereba	7717	1-7724	1-7747	7641	99.01	45	31	30	7	28	3	0	0
RLG_Asat_Cereba	RLG_Asat_Cereba	7721	1-7724	1-7729	7626	98.76	52	43	8	3	7	1	0	0
RLG_Asat_Cereba	RLG_Asat_Cereba	7721	1-7724	1-7761	7647	99.04	43	31	40	3	38	1	0	0
RLG_Asat_Cereba	RLG_Asat_Cereba	7723	1-7724	1-7735	7633	98.83	47	43	12	1	9	1	0	0
RLG_Asat_Cereba	RLG_Asat_Cereba	7722	1-7724	1-7768	7625	98.74	54	43	46	2	30	1	0	0
RLG_Asat_Cereba	RLG_Asat_Cereba	7588	1-7724	1-7589	7507	98.93	45	36	1	136	1	68	0	0
RLG_Asat_Cereba	RLG_Asat_Cereba	7721	1-7724	1-7747	7646	99.02	42	33	26	3	25	1	0	0
RLG_Asat_Cereba	RLG_Asat_Cereba	7720	1-7724	1-7748	7635	98.89	53	32	28	4	26	1	0	0
RLG_Asat_Cereba	RLG_Asat_Cereba	7721	1-7724	1-7756	7629	98.8	50	42	35	3	35	1	0	0
RLG_Asat_Cereba	RLG_Asat_Cereba	7722	1-7724	1-7749	7647	99.02	44	31	27	2	26	1	0	0
RLG_Asat_Cereba	RLG_Asat_Cereba	7722	1-7724	1-7747	7645	99	42	35	25	2	21	1	0	0
RLG_Asat_Cereba	RLG_Asat_Cereba	7706	1-7724	1-7734	7642	99.16	31	33	28	18	26	16	0	0
RLG_Asat_Cereba	RLG_Asat_Cereba	7705	1-7724	1-7728	7632	99.05	34	39	23	19	22	16	0	0
RLG_Asat_Cereba	RLG_Asat_Cereba	7718	1-7724	1-7719	7635	98.92	43	40	1	6	1	4	0	0
RLG_Asat_Cereba	RLG_Asat_Cereba	7720	1-7724	1-7758	7628	98.8	51	41	38	4	34	1	0	0
RLG_Asat_Cereba	RLG_Asat_Cereba	7717	1-7724	1-7720	7628	98.84	46	43	3	7	2	3	0	0
RLG_Asat_Cereba	RLG_Asat_Cereba	7718	1-7724	1-7721	7631	98.87	45	42	3	6	2	3	0	0
RLG_Asat_Cereba	RLG_Asat_Cereba	7722	1-7724	1-7750	7655	99.13	35	32	28	2	28	1	0	0
RLG_Asat_Cereba	RLG_Asat_Cereba	7720	1-7724	1-7755	7649	99.08	38	33	35	4	33	2	0	0
RLG_Asat_Cereba	RLG_Asat_Cereba	7716	1-7724	1-7750	7631	98.89	55	30	34	8	28	2	0	0
RLG_Asat_Cereba	RLG_Asat_Cereba	7717	1-7757	1-7719	7646	99.07	37	34	2	40	1	40	0	0
RLG_Asat_Cereba	RLG_Asat_Cereba	7720	1-7757	1-7726	7651	99.1	46	23	6	37	2	36	0	0
RLG_Asat_Cereba	RLG_Asat_Cereba	7712	1-7757	1-7716	7625	98.87	47	40	4	45	1	26	0	0
RLG_Asat_Cereba	RLG_Asat_Cereba	7740	1-7757	1-7743	7662	98.99	47	31	3	17	2	17	0	0
RLG_Asat_Cereba	RLG_Asat_Cereba	7723	1-7757	1-7726	7658	99.15	39	26	3	34	1	33	0	0
RLG_Asat_Cereba	RLG_Asat_Cereba	7719	1-7757	1-7724	7634	98.89	44	41	5	38	1	38	0	0
RLG_Asat_Cereba	RLG_Asat_Cereba	7717	1-7757	1-7723	7619	98.73	53	45	6	40	2	36	0	0
RLG_Asat_Cereba	RLG_Asat_Cereba	7749	1-7757	1-7752	7654	98.77	56	39	3	8	1	6	0	0
RLG_Asat_Cereba	RLG_Asat_Cereba	7715	1-7757	1-7717	7661	99.3	34	20	2	42	1	38	0	0
RLG_Asat_Cereba	RLG_Asat_Cereba	7723	1-7757	1-7728	7619	98.65	49	55	5	34	2	32	0	0
RLG_Asat_Cereba	RLG_Asat_Cereba	7745	1-7757	1-7750	7649	98.76	52	44	5	12	2	8	0	0
RLG_Asat_Cereba	RLG_Asat_Cereba	7742	1-7757	1-7747	7646	98.76	56	40	5	15	2	10	0	0
RLG_Asat_Cereba	RLG_Asat_Cereba	7725	1-7757	1-7729	7629	98.75	53	43	4	32	1	31	0	0
RLG_Asat_Cereba	RLG_Asat_Cereba	7756	1-7757	1-7761	7651	98.64	57	48	5	1	2	1	0	0
RLG_Asat_Cereba	RLG_Asat_Cereba	7728	1-7757	1-7735	7637	98.82	50	41	7	29	1	29	0	0
RLG_Asat_Cereba	RLG_Asat_Cereba	7749	1-7757	1-7768	7630	98.46	66	53	19	8	13	8	0	0
RLG_Asat_Cereba	RLG_Asat_Cereba	7586	1-7757	1-7589	7483	98.64	59	44	3	171	1	117	0	0
RLG_Asat_Cereba	RLG_Asat_Cereba	7743	1-7757	1-7747	7649	98.78	52	42	4	14	1	13	0	0
RLG_Asat_Cereba	RLG_Asat_Cereba	7743	1-7757	1-7748	7632	98.56	70	41	5	14	1	12	0	0
RLG_Asat_Cereba	RLG_Asat_Cereba	7753	1-7757	1-7756	7670	98.92	47	36	3	4	1	3	0	0
RLG_Asat_Cereba	RLG_Asat_Cereba	7744	1-7757	1-7749	7642	98.68	61	41	5	13	1	12	0	0
RLG_Asat_Cereba	RLG_Asat_Cereba	7740	1-7757	1-7747	7635	98.64	63	42	7	17	1	17	0	0
RLG_Asat_Cereba	RLG_Asat_Cereba	7728	1-7757	1-7734	7629	98.71	56	43	6	29	2	16	0	0
RLG_Asat_Cereba	RLG_Asat_Cereba	7723	1-7757	1-7728	7626	98.74	49	48	5	34	1	16	0	0
RLG_Asat_Cereba	RLG_Asat_Cereba	7715	1-7757	1-7719	7613	98.67	57	45	4	42	1	42	0	0
RLG_Asat_Cereba	RLG_Asat_Cereba	7751	1-7757	1-7758	7628	98.41	68	55	7	6	1	4	0	0
RLG_Asat_Cereba	RLG_Asat_Cereba	7714	1-7757	1-7720	7604	98.57	59	51	6	43	2	41	0	0
RLG_Asat_Cereba	RLG_Asat_Cereba	7715	1-7757	1-7721	7607	98.6	58	50	6	42	2	41	0	0
RLG_Asat_Cereba	RLG_Asat_Cereba	7747	1-7757	1-7750	7701	99.4	30	16	3	10	1	10	0	0
RLG_Asat_Cereba	RLG_Asat_Cereba	7750	1-7757	1-7755	7650	98.7	54	46	5	7	1	5	0	0
RLG_Asat_Cereba	RLG_Asat_Cereba	7741	1-7757	1-7750	7632	98.59	68	41	9	16	2	10	0	0
RLG_Asat_Cereba	RLG_Asat_Cereba	7718	1-7719	1-7726	7651	99.13	41	26	8	1	4	1	0	0
RLG_Asat_Cereba	RLG_Asat_Cereba	7692	1-7719	1-7716	7604	98.85	44	44	24	27	21	26	0	0
RLG_Asat_Cereba	RLG_Asat_Cereba	7719	1-7719	1-7743	7633	98.88	46	40	24	0	23	0	0	0
RLG_Asat_Cereba	RLG_Asat_Cereba	7717	1-7719	1-7726	7656	99.2	34	27	9	2	7	1	0	0
RLG_Asat_Cereba	RLG_Asat_Cereba	7719	1-7719	1-7724	7625	98.78	41	53	5	0	2	0	0	0
RLG_Asat_Cereba	RLG_Asat_Cereba	7714	1-7719	1-7723	7614	98.7	45	55	9	5	4	3	0	0
RLG_Asat_Cereba	RLG_Asat_Cereba	7716	1-7719	1-7752	7624	98.8	53	39	36	3	34	2	0	0
RLG_Asat_Cereba	RLG_Asat_Cereba	7714	1-7719	1-7717	7657	99.26	27	30	3	5	2	2	0	0
RLG_Asat_Cereba	RLG_Asat_Cereba	7716	1-7719	1-7728	7615	98.69	46	55	12	3	8	1	0	0
RLG_Asat_Cereba	RLG_Asat_Cereba	7714	1-7719	1-7750	7616	98.72	50	48	36	5	32	3	0	0
RLG_Asat_Cereba	RLG_Asat_Cereba	7713	1-7719	1-7747	7616	98.74	53	44	34	6	30	3	0	0
RLG_Asat_Cereba	RLG_Asat_Cereba	7717	1-7719	1-7729	7629	98.85	46	42	12	2	9	1	0	0
RLG_Asat_Cereba	RLG_Asat_Cereba	7717	1-7719	1-7761	7619	98.73	52	46	44	2	40	1	0	0
RLG_Asat_Cereba	RLG_Asat_Cereba	7719	1-7719	1-7735	7631	98.85	45	43	16	0	11	0	0	0
RLG_Asat_Cereba	RLG_Asat_Cereba	7718	1-7719	1-7768	7597	98.43	60	61	50	1	32	1	0	0
RLG_Asat_Cereba	RLG_Asat_Cereba	7586	1-7719	1-7589	7485	98.66	54	47	3	133	1	68	0	0
RLG_Asat_Cereba	RLG_Asat_Cereba	7717	1-7719	1-7747	7616	98.69	51	50	30	2	27	1	0	0
RLG_Asat_Cereba	RLG_Asat_Cereba	7716	1-7719	1-7748	7608	98.6	63	45	32	3	28	2	0	0
RLG_Asat_Cereba	RLG_Asat_Cereba	7717	1-7719	1-7756	7644	99.05	40	33	39	2	37	1	0	0
RLG_Asat_Cereba	RLG_Asat_Cereba	7717	1-7719	1-7749	7612	98.63	54	51	32	2	28	1	0	0
RLG_Asat_Cereba	RLG_Asat_Cereba	7719	1-7719	1-7747	7610	98.58	61	48	28	0	23	0	0	0
RLG_Asat_Cereba	RLG_Asat_Cereba	7701	1-7719	1-7734	7605	98.75	49	47	33	18	28	16	0	0
RLG_Asat_Cereba	RLG_Asat_Cereba	7700	1-7719	1-7728	7610	98.83	40	50	28	19	24	16	0	0
RLG_Asat_Cereba	RLG_Asat_Cereba	7715	1-7719	1-7719	7612	98.66	50	53	4	4	1	2	0	0
RLG_Asat_Cereba	RLG_Asat_Cereba	7716	1-7719	1-7758	7609	98.61	52	55	42	3	36	2	0	0
RLG_Asat_Cereba	RLG_Asat_Cereba	7716	1-7719	1-7720	7603	98.53	56	57	4	3	1	1	0	0
RLG_Asat_Cereba	RLG_Asat_Cereba	7717	1-7719	1-7721	7606	98.56	55	56	4	2	1	1	0	0
RLG_Asat_Cereba	RLG_Asat_Cereba	7718	1-7719	1-7750	7665	99.31	27	26	32	1	30	1	0	0
RLG_Asat_Cereba	RLG_Asat_Cereba	7716	1-7719	1-7755	7616	98.7	46	54	39	3	35	3	0	0
RLG_Asat_Cereba	RLG_Asat_Cereba	7712	1-7719	1-7750	7607	98.63	56	49	38	7	30	3	0	0
RLG_Asat_Cereba	RLG_Asat_Cereba	7697	1-7726	1-7716	7616	98.94	48	33	19	29	17	26	0	0
RLG_Asat_Cereba	RLG_Asat_Cereba	7723	1-7726	1-7743	7641	98.93	55	27	20	3	19	1	0	0
RLG_Asat_Cereba	RLG_Asat_Cereba	7722	1-7726	1-7726	7668	99.3	39	15	4	4	3	2	0	0
RLG_Asat_Cereba	RLG_Asat_Cereba	7714	1-7726	1-7724	7636	98.98	42	36	10	12	9	11	0	0
RLG_Asat_Cereba	RLG_Asat_Cereba	7720	1-7726	1-7723	7628	98.8	52	40	3	6	2	3	0	0
RLG_Asat_Cereba	RLG_Asat_Cereba	7721	1-7726	1-7752	7639	98.93	56	26	31	5	30	3	0	0
RLG_Asat_Cereba	RLG_Asat_Cereba	7706	1-7726	1-7717	7655	99.33	37	14	11	20	9	11	0	0
RLG_Asat_Cereba	RLG_Asat_Cereba	7721	1-7726	1-7728	7627	98.78	54	40	7	5	4	2	0	0
RLG_Asat_Cereba	RLG_Asat_Cereba	7719	1-7726	1-7750	7628	98.82	58	33	31	7	28	3	0	0
RLG_Asat_Cereba	RLG_Asat_Cereba	7718	1-7726	1-7747	7628	98.83	61	29	29	8	26	3	0	0
RLG_Asat_Cereba	RLG_Asat_Cereba	7723	1-7726	1-7729	7641	98.93	52	30	6	3	5	2	0	0
RLG_Asat_Cereba	RLG_Asat_Cereba	7722	1-7726	1-7761	7632	98.83	60	30	39	4	36	2	0	0
RLG_Asat_Cereba	RLG_Asat_Cereba	7725	1-7726	1-7735	7646	98.97	48	31	10	1	7	1	0	0
RLG_Asat_Cereba	RLG_Asat_Cereba	7724	1-7726	1-7768	7604	98.44	73	47	44	2	28	2	0	0
RLG_Asat_Cereba	RLG_Asat_Cereba	7587	1-7726	1-7589	7493	98.76	61	33	2	139	1	68	0	0
RLG_Asat_Cereba	RLG_Asat_Cereba	7722	1-7726	1-7747	7625	98.74	60	37	25	4	23	2	0	0
RLG_Asat_Cereba	RLG_Asat_Cereba	7722	1-7726	1-7748	7619	98.66	69	34	26	4	24	3	0	0
RLG_Asat_Cereba	RLG_Asat_Cereba	7722	1-7726	1-7756	7677	99.41	36	9	34	4	33	2	0	0
