RLG_AatlCC7277As_Ava_chr1A-043050_TSD	0.447	-0.00964539066567122	-0.0146585897647419
RLG_AatlCC7277As_Ava_chr1A-110329_TSD	0.185	-0.00923565456244039	-0.0150481150212093
RLG_AatlCC7277As_Ava_chr1A-132627_TSD	1.579	-0.00869306462115311	0.000147115460753114
RLG_AatlCC7277As_Ava_chr1A-135235_TSD	0.98	-0.00970458951064533	-0.00655967634027059
RLG_AatlCC7277As_Ava_chr1A-140707_TSD	1.311	-0.00968591833094416	-0.00896267105979627
RLG_AatlCC7277As_Ava_chr1A-167515_TSD	0.564	-0.00961981497148836	-0.0144564323513006
RLG_AatlCC7277As_Ava_chr1A-175746_TSD	0.766	-0.00947331813790475	-0.0139117652233522
RLG_AatlCC7277As_Ava_chr1A-181045_TSD	0.448	-0.0102396727032471	-0.0156510549245943
RLG_AatlCC7277As_Ava_chr1A-185444_TSD	1.032	-0.00984228783946483	-0.0102765754079539
RLG_AatlCC7277As_Ava_chr1A-212045_TSD	1.466	-0.00912098391529735	-0.00200050659128017
RLG_AatlCC7277As_Ava_chr1A-212206_TSD	0.703	-0.00959195319959865	-0.0139552713737154
RLG_AatlCC7277As_Ava_chr1A-223891_TSD	0.801	-0.00978918860118498	-0.0103309260054024
RLG_AatlCC7277As_Ava_chr1A-225109_TSD	2.047	-0.0072490632387809	0.0069493272088672
RLG_AatlCC7277As_Ava_chr1A-231671_TSD	0.334	-0.00995169315900741	-0.01621882342759
RLG_AatlCC7277As_Ava_chr1A-232089_TSD	0.185	-0.009624494245586	-0.0156023170958683
RLG_AatlCC7277As_Ava_chr1A-232162_TSD	0.751	-0.00923643922200425	-0.0039832459505096
RLG_AatlCC7277As_Ava_chr1A-232210_TSD	0.432	-0.00933280686230806	-0.0136070413763669
RLG_AatlCC7277As_Ava_chr1A-232232_TSD	0.51	-0.00961579105243836	-0.012909819877797
RLG_AatlCC7277As_Ava_chr1A-232251_TSD	0.51	-0.00962507906448142	-0.0129090263662196
RLG_AatlCC7277As_Ava_chr1A-232475_TSD	0.828	-0.00966863320685676	-0.0106750280081074
RLG_AatlCC7277As_Ava_chr1A-232763_TSD	1.032	-0.00977553133885521	-0.00790320233380635
RLG_AatlCC7277As_Ava_chr1A-233040_TSD	0.447	-0.010169069218825	-0.0175276342662566
RLG_AatlCC7277As_Ava_chr1A-233285_TSD	1.006	-0.00883485039839975	-0.00418691497732291
RLG_AatlCC7277As_Ava_chr1A-234373_TSD	0.394	-0.00939619750784244	-0.0123647587916643
RLG_AatlCC7277As_Ava_chr1A-234497_TSD	1.643	-0.00615385446146961	0.00455172633526692
RLG_AatlCC7277As_Ava_chr1A-234958_TSD	0.657	-0.00928879551892461	-0.00759570141144491
RLG_AatlCC7277As_Ava_chr1A-246730_TSD	0.759	-0.00955411322766653	-0.0134998638899524
RLG_AatlCC7277As_Ava_chr1A-252567_TSD	1.07	-0.00991178358898049	-0.00685618833073968
RLG_AatlCC7277As_Ava_chr1A-263921_TSD	2.221	-0.00556175519621071	0.00423227476265595
RLG_AatlCC7277As_Ava_chr1A-269721_TSD	1.59	-0.00885480967557739	-0.000673337711196003
RLG_AatlCC7277As_Ava_chr1A-281801_TSD	1.327	-0.00949850901566433	-0.00726842794735548
RLG_AatlCC7277As_Ava_chr1A-302920_TSD	0.297	-0.00982089985364099	-0.0157361021857526
RLG_AatlCC7277As_Ava_chr1A-308260_TSD	2.157	-0.00477022546005708	0.0043853497425397
RLG_AatlCC7277As_Ava_chr1A-308917_TSD	0.827	-0.0094438111423237	-0.00743359078321868
RLG_AatlCC7277As_Ava_chr1A-318628_TSD	1.389	-0.00841690583852558	-0.00371241916650064
RLG_AatlCC7277As_Ava_chr1A-331857_TSD	1.351	-0.00796576599704495	0.00295935593954891
RLG_AatlCC7277As_Ava_chr1A-371461_TSD	1.443	-0.00562305807806677	0.00445015477247886
RLG_AatlCC7277As_Ava_chr1A-384391_TSD	0.389	-0.00969759277961512	-0.0137204877957153
RLG_AatlCC7277As_Ava_chr1A-398202_TSD	0.618	-0.00981971337336968	-0.0126420459484309
RLG_AatlCC7277As_Ava_chr1A-407907_TSD	1.291	-0.00809902749804485	0.00621395263362297
RLG_AatlCC7277As_Ava_chr1A-411466_TSD	0.302	-0.00987655998884524	-0.0153083915307283
RLG_AatlCC7277As_Ava_chr1A-429574_TSD	0.645	-0.00964644015993349	-0.0122795763260777
RLG_AatlCC7277As_Ava_chr1A-454185_TSD	0.812	-0.0093099849204474	-0.00335612129258028
RLG_AatlCC7277As_Ava_chr2A-021556_TSD	0.77	-0.00953108590059338	-0.0114153788633968
RLG_AatlCC7277As_Ava_chr2A-028489_TSD	0.914	-0.00949093260317467	-0.00924456518410757
RLG_AatlCC7277As_Ava_chr2A-061174_TSD	0.037	-0.00993011567628387	-0.0182923406508671
RLG_AatlCC7277As_Ava_chr2A-095623_TSD	0.773	-0.0095507340392333	-0.00968415522968811
RLG_AatlCC7277As_Ava_chr2A-105529_TSD	0.606	-0.00975250733292905	-0.0144079275280359
RLG_AatlCC7277As_Ava_chr2A-194511_TSD	1.369	-0.00964146138166551	-0.00666535677423676
RLG_AatlCC7277As_Ava_chr2A-195183_TSD	1.316	-0.00719990627287927	0.00602554267931235
RLG_AatlCC7277As_Ava_chr2A-196790_TSD	1.804	-0.00565338847662132	0.00466558970114228
RLG_AatlCC7277As_Ava_chr2A-199436_TSD	2.183	-0.00581880295936965	0.0033992259809794
RLG_AatlCC7277As_Ava_chr2A-199850_TSD	1.221	-0.00890105851122151	-0.00658933553155239
RLG_AatlCC7277As_Ava_chr2A-202169_TSD	2.191	-0.00555932304790545	0.0031488818498551
RLG_AatlCC7277As_Ava_chr2A-203266_TSD	0.371	-0.00968921320879621	-0.0180762802974741
RLG_AatlCC7277As_Ava_chr2A-203342_TSD	0.303	-0.00975631341535044	-0.017430510774415
RLG_AatlCC7277As_Ava_chr2A-203370_TSD	0.073	-0.00984166254168515	-0.0177807250097684
RLG_AatlCC7277As_Ava_chr2A-203582_TSD	0.809	-0.0095363123643908	-0.00722903777115746
RLG_AatlCC7277As_Ava_chr2A-203606_TSD	0.259	-0.00956646553540213	-0.0165571145478836
RLG_AatlCC7277As_Ava_chr2A-203817_TSD	0.542	-0.00975241763715943	-0.015019430801717
RLG_AatlCC7277As_Ava_chr2A-204346_TSD	0.475	-0.00949017121336648	-0.0124673849298669
RLG_AatlCC7277As_Ava_chr2A-205608_TSD	0.622	-0.0093491319690034	-0.0135917187553115
RLG_AatlCC7277As_Ava_chr2A-205890_TSD	0.302	-0.00924966455798231	-0.0150737180855864
RLG_AatlCC7277As_Ava_chr2A-205943_TSD	0.737	-0.0091788461070719	-0.00923969637208015
RLG_AatlCC7277As_Ava_chr2A-206006_TSD	0.223	-0.00918942235538695	-0.0153412828206487
RLG_AatlCC7277As_Ava_chr2A-206047_TSD	0.987	-0.00891491897639033	-0.00348580917994879
RLG_AatlCC7277As_Ava_chr2A-206100_TSD	0.755	-0.0100806795854802	-0.0107262218223994
RLG_AatlCC7277As_Ava_chr2A-206172_TSD	1.242	-0.009728801436317	-0.00868504691446747
RLG_AatlCC7277As_Ava_chr2A-206494_TSD	0.958	-0.00935918500575242	-0.00849429475087015
RLG_AatlCC7277As_Ava_chr2A-206530_TSD	1.524	-0.00924889947249658	-0.00535610536133429
RLG_AatlCC7277As_Ava_chr2A-206968_TSD	0.647	-0.00992112437928051	-0.0150208242588935
RLG_AatlCC7277As_Ava_chr2A-207091_TSD	0.519	-0.00957796545868268	-0.0114189218872704
RLG_AatlCC7277As_Ava_chr2A-207165_TSD	1.484	-0.0095024704084135	-0.00518297089447673
RLG_AatlCC7277As_Ava_chr2A-207425_TSD	0.772	-0.00948330650729945	-0.00854346209950831
RLG_AatlCC7277As_Ava_chr2A-208205_TSD	0.588	-0.0092963852685609	-0.0100858816071033
RLG_AatlCC7277As_Ava_chr2A-209025_TSD	1.455	-0.0088208741402501	-0.000320976448597364
RLG_AatlCC7277As_Ava_chr2A-209134_TSD	1.365	-0.0095711249052206	-0.00848570042617181
RLG_AatlCC7277As_Ava_chr2A-209206_TSD	1.023	-0.00961061182377214	-0.0114448286791407
RLG_AatlCC7277As_Ava_chr2A-209217_TSD	1.326	-0.00910113638736582	-0.0013849317931005
RLG_AatlCC7277As_Ava_chr2A-209485_TSD	1.322	-0.00907247110239061	-0.000458600215457101
RLG_AatlCC7277As_Ava_chr2A-210002_TSD	1.2	-0.00781782986641327	0.00555708935246671
RLG_AatlCC7277As_Ava_chr2A-211816_TSD	0.622	-0.0057286719811819	0.00443950376436353
RLG_AatlCC7277As_Ava_chr2A-217110_TSD	1.404	-0.00934328772779884	-0.00604360298101547
RLG_AatlCC7277As_Ava_chr2A-219457_TSD	1.524	-0.00836244699429246	0.00263884497219407
RLG_AatlCC7277As_Ava_chr2A-220031_TSD	1.019	-0.00971558739140673	-0.00450131908633111
RLG_AatlCC7277As_Ava_chr2A-244777_TSD	0.073	-0.00903701043386289	-0.0144643231662207
RLG_AatlCC7277As_Ava_chr2A-250748_TSD	0.825	-0.00844941537595129	-0.000415571849647195
RLG_AatlCC7277As_Ava_chr2A-271281_TSD	0.477	-0.00952396223584089	-0.0115435709866625
RLG_AatlCC7277As_Ava_chr2A-324110_TSD	0.288	-0.00982724129634142	-0.0129046220517871
RLG_AatlCC7277As_Ava_chr2A-327102_TSD	0.782	-0.00962570392658351	-0.00863781119702838
RLG_AatlCC7277As_Ava_chr2A-349746_TSD	0.408	-0.00935681344629211	-0.014270367838821
RLG_AatlCC7277As_Ava_chr2A-354173_TSD	0.286	-0.00924441552060979	-0.0110219034233716
RLG_AatlCC7277As_Ava_chr2A-357613_TSD	0.299	-0.00958091350541553	-0.0147676168925718
RLG_AatlCC7277As_Ava_chr2A-398768_TSD	0.661	-0.00942070010310148	-0.00833647902020795
RLG_AatlCC7277As_Ava_chr2A-421156_TSD	0.797	-0.00996125469854165	-0.0110945964752545
RLG_AatlCC7277As_Ava_chr3A-012543_TSD	0.298	-0.00937030908813799	-0.0148837668813024
RLG_AatlCC7277As_Ava_chr3A-026715_TSD	0.296	-0.00958538161299814	-0.0151185268723316
RLG_AatlCC7277As_Ava_chr3A-028064_TSD	1.064	-0.00820209997529179	0.00629153460824531
RLG_AatlCC7277As_Ava_chr3A-028851_TSD	0.372	-0.00925381262288775	-0.0137483876673926
RLG_AatlCC7277As_Ava_chr3A-035031_TSD	0.693	-0.00934846641405332	-0.011715410405391
RLG_AatlCC7277As_Ava_chr3A-047450_TSD	0.439	-0.00939843413544425	-0.00897230696363314
RLG_AatlCC7277As_Ava_chr3A-062742_TSD	0.968	-0.00860493725827361	0.000231516312197782
RLG_AatlCC7277As_Ava_chr3A-085840_TSD	0.864	-0.00968961825580323	-0.00471977100201457
RLG_AatlCC7277As_Ava_chr3A-107280_TSD	0.323	-0.00971033692891304	-0.0111196480785231
RLG_AatlCC7277As_Ava_chr3A-108053_TSD	0.586	-0.00922581388171296	-0.0089916496867854
RLG_AatlCC7277As_Ava_chr3A-158886_TSD	0.808	-0.00930028705628838	-0.0105315256514671
RLG_AatlCC7277As_Ava_chr3A-163623_TSD	1.591	-0.00761138530887396	0.00619802613816188
RLG_AatlCC7277As_Ava_chr3A-163739_TSD	2.11	-0.00804377528363674	0.00615875441593134
RLG_AatlCC7277As_Ava_chr3A-183231_TSD	0.749	-0.0100808021037924	-0.0107503536281135
RLG_AatlCC7277As_Ava_chr3A-192348_TSD	2.193	-0.00603748573938398	0.00287847439330584
RLG_AatlCC7277As_Ava_chr3A-213871_TSD	0.654	-0.00917723149829424	-0.0102179724639991
RLG_AatlCC7277As_Ava_chr3A-231581_TSD	0.652	-0.00940462810709171	-0.0105281579701892
RLG_AatlCC7277As_Ava_chr3A-253557_TSD	1.132	-0.00889355470794634	-0.00355090447862551
RLG_AatlCC7277As_Ava_chr3A-254839_TSD	0.844	-0.00917644644931706	-0.0121643908576266
RLG_AatlCC7277As_Ava_chr3A-255222_TSD	0.598	-0.00973851254426135	-0.0151691520981681
RLG_AatlCC7277As_Ava_chr3A-255936_TSD	1.301	-0.00847273333402973	0.000369249425452912
RLG_AatlCC7277As_Ava_chr3A-256036_TSD	1.442	-0.0087769709432082	0.000931034537010501
RLG_AatlCC7277As_Ava_chr3A-256082_TSD	0.913	-0.00895345726885599	-0.000567243130936704
RLG_AatlCC7277As_Ava_chr3A-256760_TSD	0.883	-0.00961844089613109	-0.0106552362203224
RLG_AatlCC7277As_Ava_chr3A-256872_TSD	0.909	-0.00964962541481939	-0.00881203614304065
RLG_AatlCC7277As_Ava_chr3A-256921_TSD	1.501	-0.0089964367108584	-0.0016960396403255
RLG_AatlCC7277As_Ava_chr3A-257496_TSD	1.276	-0.00891162057459555	0.000594603333489175
RLG_AatlCC7277As_Ava_chr3A-257789_TSD	1.186	-0.00864393437207114	-0.00633229686253709
RLG_AatlCC7277As_Ava_chr3A-258209_TSD	1.219	-0.0091430525163494	-0.00583204335730095
RLG_AatlCC7277As_Ava_chr3A-258680_TSD	1.537	-0.00893107808944048	-4.95575146019618e-05
RLG_AatlCC7277As_Ava_chr3A-259594_TSD	1.442	-0.00895343499739016	0.000402446384564739
RLG_AatlCC7277As_Ava_chr3A-260147_TSD	1.14	-0.00850374596350937	0.00328678415105363
RLG_AatlCC7277As_Ava_chr3A-260268_TSD	0.599	-0.00933984611747332	-0.0135012875955494
RLG_AatlCC7277As_Ava_chr3A-260699_TSD	1.264	-0.00884930691868929	-0.0016208591717474
RLG_AatlCC7277As_Ava_chr3A-260886_TSD	1.214	-0.00951575957451759	-0.0067729644510089
RLG_AatlCC7277As_Ava_chr3A-260959_TSD	0.037	-0.00964080815291327	-0.0163542321965537
RLG_AatlCC7277As_Ava_chr3A-261053_TSD	1.335	-0.0084033539578697	0.0054145215701154
RLG_AatlCC7277As_Ava_chr3A-261230_TSD	0.564	-0.00980827211747783	-0.0105687942865122
RLG_AatlCC7277As_Ava_chr3A-261237_TSD	0.535	-0.0100117488688615	-0.00945634808277921
RLG_AatlCC7277As_Ava_chr3A-261636_TSD	0.785	-0.00865367600655348	-0.000377140483848468
RLG_AatlCC7277As_Ava_chr3A-262146_TSD	0	-0.00961338645041641	-0.0161649345918238
RLG_AatlCC7277As_Ava_chr3A-262664_TSD	0.714	-0.00988817674442104	-0.0124932464230184
RLG_AatlCC7277As_Ava_chr3A-262717_TSD	0.815	-0.00979255278258949	-0.011981934272297
RLG_AatlCC7277As_Ava_chr3A-263562_TSD	1.383	-0.00739349188236219	0.00501825113172539
RLG_AatlCC7277As_Ava_chr3A-263869_TSD	0.834	-0.00948765104406886	-0.00958281457955665
RLG_AatlCC7277As_Ava_chr3A-264766_TSD	1.085	-0.0090918790534002	-0.00144993147292034
RLG_AatlCC7277As_Ava_chr3A-266256_TSD	1.002	-0.00906640801570468	-0.00997899433548284
RLG_AatlCC7277As_Ava_chr3A-272200_TSD	0.418	-0.00991312573596095	-0.0152779118060959
RLG_AatlCC7277As_Ava_chr3A-298420_TSD	1.168	-0.00949150690784818	-0.0101171795294394
RLG_AatlCC7277As_Ava_chr3A-298627_TSD	1.672	-0.0081381316930557	0.00240755552813073
RLG_AatlCC7277As_Ava_chr3A-316952_TSD	0.372	-0.00976536737612057	-0.0144802162012193
RLG_AatlCC7277As_Ava_chr3A-317153_TSD	1.112	-0.00824556105141649	0.00523955429351141
RLG_AatlCC7277As_Ava_chr3A-323658_TSD	1.301	-0.00915974656998211	-0.00361288142128659
RLG_AatlCC7277As_Ava_chr3A-372752_TSD	0.921	-0.00967413268028607	-0.0106118634732746
RLG_AatlCC7277As_Ava_chr3A-417458_TSD	0.319	-0.00957393190675341	-0.0123114330903198
RLG_AatlCC7277As_Ava_chr3A-469077_TSD	0.514	-0.00988761015892592	-0.0145005895142476
RLG_AatlCC7277As_Ava_chr3A-472941_TSD	0.579	-0.00919281638965285	-0.0105805576115443
RLG_AatlCC7277As_Ava_chr3A-489130_TSD	0.324	-0.00981910596569098	-0.0104787279800378
RLG_AatlCC7277As_Ava_chr3A-500105_TSD	0.148	-0.00905266455561952	-0.012301044439909
RLG_AatlCC7277As_Ava_chr4A-071642_TSD	1.183	-0.00809953478870923	0.00355642808321927
RLG_AatlCC7277As_Ava_chr4A-085813_TSD	1.325	-0.0088808632225444	-0.00135972555599739
RLG_AatlCC7277As_Ava_chr4A-101872_TSD	0.447	-0.00904435643719703	-0.0156986595968281
RLG_AatlCC7277As_Ava_chr4A-108697_TSD	0.477	-0.00989648748119114	-0.0108031787212683
RLG_AatlCC7277As_Ava_chr4A-162177_TSD	0.496	-0.00936526633667657	-0.0147348564930032
RLG_AatlCC7277As_Ava_chr4A-177155_TSD	0.286	-0.0093815604970964	-0.0109663974571185
RLG_AatlCC7277As_Ava_chr4A-197113_TSD	1.609	-0.00617813441993926	0.00377083164775224
RLG_AatlCC7277As_Ava_chr4A-198576_TSD	1.3	-0.00857571746514125	0.000875397958615035
RLG_AatlCC7277As_Ava_chr4A-198809_TSD	1.608	-0.00815500741892761	0.00706705543596114
RLG_AatlCC7277As_Ava_chr4A-200728_TSD	0.871	-0.00954776923547091	-0.00957894499775842
RLG_AatlCC7277As_Ava_chr4A-201584_TSD	0.686	-0.00968904608076071	-0.0109601300662638
RLG_AatlCC7277As_Ava_chr4A-201621_TSD	0.578	-0.0095134384211932	-0.0121590142602289
RLG_AatlCC7277As_Ava_chr4A-203408_TSD	1.989	-0.00591497837481629	0.00775629574873293
RLG_AatlCC7277As_Ava_chr4A-203550_TSD	1.67	-0.00762160546084465	0.001280492671667
RLG_AatlCC7277As_Ava_chr4A-203872_TSD	1.571	-0.00848155655527446	0.00187624807699712
RLG_AatlCC7277As_Ava_chr4A-220679_TSD	1.02	-0.00957193507887992	-0.0101259695021303
RLG_AatlCC7277As_Ava_chr4A-223211_TSD	1.528	-0.00834490488690663	0.00219280459959489
RLG_AatlCC7277As_Ava_chr4A-237566_TSD	1.223	-0.0094949731423111	-0.00505705557352835
RLG_AatlCC7277As_Ava_chr4A-245565_TSD	0.992	-0.00778096162496386	0.00556545881610101
RLG_AatlCC7277As_Ava_chr4A-264440_TSD	0.296	-0.00962150303314754	-0.0147391842158026
RLG_AatlCC7277As_Ava_chr4A-314352_TSD	1.354	-0.00841950820144932	0.00530450693995234
RLG_AatlCC7277As_Ava_chr4A-365483_TSD	0.222	-0.00936214882015055	-0.0140824637505803
RLG_AatlCC7277As_Ava_chr4A-433909_TSD	0.148	-0.0094498845872501	-0.0155762505088354
RLG_AatlCC7277As_Ava_chr4A-445728_TSD	0.371	-0.00917268226349151	-0.0145717016047635
RLG_AatlCC7277As_Ava_chr4A-510831_TSD	0.878	-0.00956665160231971	-0.00569139374493025
RLG_AatlCC7277As_Ava_chr5A-025174_TSD	0.187	-0.009686351606207	-0.0141954603382841
RLG_AatlCC7277As_Ava_chr5A-047723_TSD	0.609	-0.00980997136188277	-0.0130883515192818
RLG_AatlCC7277As_Ava_chr5A-057358_TSD	0.959	-0.00955661445096729	-0.00787944529179456
RLG_AatlCC7277As_Ava_chr5A-067260_TSD	0.15	-0.00916930226926101	-0.0134896108050496
RLG_AatlCC7277As_Ava_chr5A-076050_TSD	0.842	-0.00819888630644254	0.00510834989569038
RLG_AatlCC7277As_Ava_chr5A-080643_TSD	0.957	-0.00972039454404698	-0.0122024281460667
RLG_AatlCC7277As_Ava_chr5A-100710_TSD	0.485	-0.00919564514099039	-0.0137636275374313
RLG_AatlCC7277As_Ava_chr5A-121917_TSD	0.467	-0.00931806280563751	-0.00469094015034063
RLG_AatlCC7277As_Ava_chr5A-133213_TSD	1.231	-0.0100285860691991	-0.0107126426565615
RLG_AatlCC7277As_Ava_chr5A-164510_TSD	1.092	-0.00967247833794034	-0.0106803489687302
RLG_AatlCC7277As_Ava_chr5A-174206_TSD	0.56	-0.00997565214813144	-0.0149470833807631
RLG_AatlCC7277As_Ava_chr5A-188783_TSD	0.324	-0.00987918752734572	-0.0109493266064842
RLG_AatlCC7277As_Ava_chr5A-192589_TSD	1.177	-0.00903180540981378	-0.00128597440875589
RLG_AatlCC7277As_Ava_chr5A-193512_TSD	1.491	-0.00788509646655568	0.00345139781201096
RLG_AatlCC7277As_Ava_chr5A-202581_TSD	0.897	-0.00868872582936228	-0.0010025899567171
RLG_AatlCC7277As_Ava_chr5A-208715_TSD	1.001	-0.00923460977266302	-0.0100103072589704
RLG_AatlCC7277As_Ava_chr5A-216979_TSD	0.26	-0.0096154979355339	-0.0155439617395307
RLG_AatlCC7277As_Ava_chr5A-235888_TSD	1.076	-0.00919412405711002	-0.0128381761735021
RLG_AatlCC7277As_Ava_chr5A-243262_TSD	2.122	-0.00464601106617051	0.00430758730326933
RLG_AatlCC7277As_Ava_chr5A-255216_TSD	0.636	-0.0096897591087875	-0.0146197564166209
RLG_AatlCC7277As_Ava_chr5A-259597_TSD	1.265	-0.0086349802476557	5.09258407344251e-05
RLG_AatlCC7277As_Ava_chr5A-268861_TSD	0.645	-0.00934738703992744	-0.0116811857896953
RLG_AatlCC7277As_Ava_chr5A-270272_TSD	1.249	-0.0090275757392352	-0.00446589090872289
RLG_AatlCC7277As_Ava_chr5A-270374_TSD	1.3	-0.00916605684350001	-0.010144568639898
RLG_AatlCC7277As_Ava_chr5A-271090_TSD	0.729	-0.0096698063801901	-0.00507479353257453
RLG_AatlCC7277As_Ava_chr5A-273601_TSD	1.97	-0.00411345475707536	0.00538470586399248
RLG_AatlCC7277As_Ava_chr5A-274895_TSD	1.124	-0.00858678715835817	0.000333223106060955
RLG_AatlCC7277As_Ava_chr5A-275952_TSD	1.231	-0.00800246456987132	0.00666554510486983
RLG_AatlCC7277As_Ava_chr5A-276567_TSD	1.024	-0.00865597773243965	0.000468483102216649
RLG_AatlCC7277As_Ava_chr5A-278229_TSD	0.971	-0.00885776566692726	-0.000719353589667662
RLG_AatlCC7277As_Ava_chr5A-278408_TSD	0.739	-0.00929033015688301	-0.00994826413821062
RLG_AatlCC7277As_Ava_chr5A-278519_TSD	0.773	-0.00979275630193073	-0.00953795790747693
RLG_AatlCC7277As_Ava_chr5A-278775_TSD	1.19	-0.00885366044069788	-0.000696629880390113
RLG_AatlCC7277As_Ava_chr5A-278828_TSD	1.192	-0.00886113714355505	-0.00123433903042303
RLG_AatlCC7277As_Ava_chr5A-279188_TSD	1.096	-0.00882060454909089	0.00141692804751286
RLG_AatlCC7277As_Ava_chr5A-279206_TSD	0.073	-0.00959964336724211	-0.0144920271948739
RLG_AatlCC7277As_Ava_chr5A-279225_TSD	1.218	-0.0091695592034907	-0.00178427670371046
RLG_AatlCC7277As_Ava_chr5A-279338_TSD	0.853	-0.00909076420543528	-0.0145017545463217
RLG_AatlCC7277As_Ava_chr5A-279564_TSD	1.032	-0.00890590850643599	-0.00131782397802497
RLG_AatlCC7277As_Ava_chr5A-279600_TSD	1.157	-0.00809536837745748	0.00606810800105859
RLG_AatlCC7277As_Ava_chr5A-280172_TSD	1.237	-0.00867916694082013	0.000735915311108987
RLG_AatlCC7277As_Ava_chr5A-282842_TSD	0.986	-0.00924162977488215	-0.0122055237974244
RLG_AatlCC7277As_Ava_chr5A-283105_TSD	0.736	-0.00989824453060971	-0.0100328612217023
RLG_AatlCC7277As_Ava_chr5A-284157_TSD	1.395	-0.00933549230150569	-0.00359548850465082
RLG_AatlCC7277As_Ava_chr5A-285497_TSD	0.899	-0.00837680742898073	0.0065775052923406
RLG_AatlCC7277As_Ava_chr5A-294638_TSD	1.405	-0.00910701941075811	-0.00376339739266141
RLG_AatlCC7277As_Ava_chr5A-315896_TSD	0.074	-0.00929471215184643	-0.0151928745436239
RLG_AatlCC7277As_Ava_chr5A-319195_TSD	0.6	-0.00909972257821242	-0.012013205697249
RLG_AatlCC7277As_Ava_chr5A-362471_TSD	0.935	-0.00970310093774384	-0.00488759070029689
RLG_AatlCC7277As_Ava_chr5A-380865_TSD	0.783	-0.00919166049071398	-0.0154265481646245
RLG_AatlCC7277As_Ava_chr5A-430557_TSD	0.809	-0.00924357991071067	-0.0103123509833011
RLG_AatlCC7277As_Ava_chr6A-014008_TSD	1.076	-0.00917379443503623	-0.00156887192411849
RLG_AatlCC7277As_Ava_chr6A-043015_TSD	0.65	-0.00976237847036271	-0.0130499550759387
RLG_AatlCC7277As_Ava_chr6A-059641_TSD	1.443	-0.00854959245809894	-0.00288896326248906
RLG_AatlCC7277As_Ava_chr6A-065882_TSD	0.974	-0.00873503811586206	2.8499658428333e-05
RLG_AatlCC7277As_Ava_chr6A-071510_TSD	0.222	-0.00969863062478718	-0.0148920457350942
RLG_AatlCC7277As_Ava_chr6A-084794_TSD	1.131	-0.00931266356137221	-0.00317422524005461
RLG_AatlCC7277As_Ava_chr6A-085241_TSD	2.064	-0.00713801084138653	0.00636340049131787
RLG_AatlCC7277As_Ava_chr6A-085757_TSD	1.012	-0.00886742121444397	-0.00285990627911292
RLG_AatlCC7277As_Ava_chr6A-088638_TSD	0.297	-0.00924278117225553	-0.0137539943282742
RLG_AatlCC7277As_Ava_chr6A-093561_TSD	1.522	-0.00811314889150049	0.00652460607460428
RLG_AatlCC7277As_Ava_chr6A-093931_TSD	1.638	-0.00798808893587407	0.00630681130865524
RLG_AatlCC7277As_Ava_chr6A-096313_TSD	0.853	-0.00888960716742438	-0.0026462849577423
RLG_AatlCC7277As_Ava_chr6A-096615_TSD	1.57	-0.00877256988489387	0.000415485730999432
RLG_AatlCC7277As_Ava_chr6A-097369_TSD	1.21	-0.00920336150331667	-0.00446641214360139
RLG_AatlCC7277As_Ava_chr6A-102074_TSD	2.137	-0.00772682273360937	0.00593174320947435
RLG_AatlCC7277As_Ava_chr6A-102232_TSD	0.892	-0.00919734721872611	-0.00369514699761395
RLG_AatlCC7277As_Ava_chr6A-109331_TSD	1.103	-0.00881113351139554	0.000443344590391885
RLG_AatlCC7277As_Ava_chr6A-112428_TSD	2.001	-0.00808654784358477	0.00643748601192348
RLG_AatlCC7277As_Ava_chr6A-112550_TSD	1.216	-0.00799098081443051	0.00662772568740086
RLG_AatlCC7277As_Ava_chr6A-113156_TSD	0.522	-0.00975444909011819	-0.0142341149152028
RLG_AatlCC7277As_Ava_chr6A-113501_TSD	1.059	-0.0093319531821828	-0.00492685443836966
RLG_AatlCC7277As_Ava_chr6A-113623_TSD	0.917	-0.00863885679676383	-0.00135924260747629
RLG_AatlCC7277As_Ava_chr6A-113664_TSD	0.56	-0.00976977768597088	-0.0142264450744605
RLG_AatlCC7277As_Ava_chr6A-113923_TSD	1.414	-0.00910970752666171	-0.00858869820368161
RLG_AatlCC7277As_Ava_chr6A-114050_TSD	0.816	-0.00985442795711182	-0.00783399411272208
RLG_AatlCC7277As_Ava_chr6A-128154_TSD	0.374	-0.0100827819283406	-0.00812408895870886
RLG_AatlCC7277As_Ava_chr6A-128988_TSD	1.434	-0.00902863645484253	-0.00041264377238242
RLG_AatlCC7277As_Ava_chr6A-137111_TSD	1.747	-0.00705353977235505	0.00553439426097687
RLG_AatlCC7277As_Ava_chr6A-160037_TSD	0.987	-0.00949613060078764	-0.00347608996652684
RLG_AatlCC7277As_Ava_chr6A-162410_TSD	1.163	-0.00896521106317746	-0.00115649064790445
RLG_AatlCC7277As_Ava_chr6A-164378_TSD	0.569	-0.00928720391215342	-0.00951573498270808
RLG_AatlCC7277As_Ava_chr6A-193738_TSD	1.11	-0.00978429873455992	-0.0105531187347369
RLG_AatlCC7277As_Ava_chr6A-231071_TSD	0.389	-0.00962566736875728	-0.0146514586077724
RLG_AatlCC7277As_Ava_chr6A-234707_TSD	1.102	-0.0088801804766285	-0.00239111482340085
RLG_AatlCC7277As_Ava_chr6A-251385_TSD	1.008	-0.00975192742510533	-0.0109986817106448
RLG_AatlCC7277As_Ava_chr6A-276722_TSD	0.613	-0.00960253786827869	-0.0112143285145501
RLG_AatlCC7277As_Ava_chr6A-277971_TSD	0.111	-0.00913803655766237	-0.0155669757272668
RLG_AatlCC7277As_Ava_chr6A-285296_TSD	0.485	-0.00980298349865966	-0.0148700521173836
RLG_AatlCC7277As_Ava_chr6A-291980_TSD	0.522	-0.00945723146891424	-0.0100546323799898
RLG_AatlCC7277As_Ava_chr6A-306843_TSD	0.477	-0.00928560909463975	-0.0104326479839714
RLG_AatlCC7277As_Ava_chr6A-319277_TSD	0.297	-0.00949892875697364	-0.0138798554091652
RLG_AatlCC7277As_Ava_chr6A-327012_TSD	0.225	-0.00957061929527082	-0.0135327396273858
RLG_AatlCC7277As_Ava_chr6A-343969_TSD	0.61	-0.00905466363860418	-0.0135922227250618
RLG_AatlCC7277As_Ava_chr6A-355784_TSD	0.505	-0.00927130938412644	-0.0111234261805409
RLG_AatlCC7277As_Ava_chr6A-375740_TSD	0.634	-0.00953822194804357	-0.0118491695132814
RLG_AatlCC7277As_Ava_chr6A-403070_TSD	0.512	-0.00965484230733436	-0.0111897104332164
RLG_AatlCC7277As_Ava_chr6A-403634_TSD	0.037	-0.00899546628509297	-0.0140963923664273
RLG_AatlCC7277As_Ava_chr7A-132332_TSD	1.078	-0.00932857418886428	-0.00191231171725106
RLG_AatlCC7277As_Ava_chr7A-137695_TSD	0.41	-0.00953311585353898	-0.0151963314802825
RLG_AatlCC7277As_Ava_chr7A-158023_TSD	1.124	-0.00893756038811274	-0.00223647534524648
RLG_AatlCC7277As_Ava_chr7A-173162_TSD	1.245	-0.00937282836739045	-0.00856218765719274
RLG_AatlCC7277As_Ava_chr7A-181670_TSD	0.706	-0.00904118843829413	-0.00836963903321857
RLG_AatlCC7277As_Ava_chr7A-181677_TSD	0.671	-0.00936432607522808	-0.0100424464231372
RLG_AatlCC7277As_Ava_chr7A-219633_TSD	0.446	-0.00932058220132925	-0.0138325223273478
RLG_AatlCC7277As_Ava_chr7A-235981_TSD	0.072	-0.00949912138674034	-0.0151252922579247
RLG_AatlCC7277As_Ava_chr7A-269320_TSD	1.753	-0.00567216450731115	0.00304632596660746
RLG_AatlCC7277As_Ava_chr7A-276833_TSD	0.9	-0.00925936880883637	-0.00477840028969541
RLG_AatlCC7277As_Ava_chr7A-278141_TSD	0.558	-0.00987645249949716	-0.0102865546336026
RLG_AatlCC7277As_Ava_chr7A-287550_TSD	0.377	-0.00923049842619562	-0.0137815146536918
RLG_AatlCC7277As_Ava_chr7A-289988_TSD	1.584	-0.00628127549360718	0.00475899182138877
RLG_AatlCC7277As_Ava_chr7A-295994_TSD	0.296	-0.00991143236656448	-0.0127323915887945
RLG_AatlCC7277As_Ava_chr7A-298263_TSD	2.273	-0.00572179010399241	0.00308823001340142
RLG_AatlCC7277As_Ava_chr7A-298278_TSD	1.028	-0.00788637409635548	0.0055502338455898
RLG_AatlCC7277As_Ava_chr7A-300330_TSD	1.281	-0.00925014426039851	-0.002204522751684
RLG_AatlCC7277As_Ava_chr7A-300414_TSD	1.514	-0.00871562158329873	-0.000793920874033651
RLG_AatlCC7277As_Ava_chr7A-300612_TSD	1.565	-0.00987394754152554	-0.00521347768171125
RLG_AatlCC7277As_Ava_chr7A-301015_TSD	1.169	-0.00953397355758219	-0.00487969217723743
RLG_AatlCC7277As_Ava_chr7A-301053_TSD	1.018	-0.00944772336094613	-0.00909398031604681
RLG_AatlCC7277As_Ava_chr7A-301263_TSD	1.373	-0.00928832012752298	-0.00509942595362455
RLG_AatlCC7277As_Ava_chr7A-301292_TSD	0.584	-0.00946431141801411	-0.00986590133627427
RLG_AatlCC7277As_Ava_chr7A-301434_TSD	0.636	-0.0096842664195535	-0.00931782970817425
RLG_AatlCC7277As_Ava_chr7A-301609_TSD	0.854	-0.00974866555294808	-0.00880461553788065
RLG_AatlCC7277As_Ava_chr7A-301619_TSD	0.739	-0.0088705568185895	-0.00380213490296441
RLG_AatlCC7277As_Ava_chr7A-301677_TSD	0.844	-0.00919665638456983	-0.00780161713899869
RLG_AatlCC7277As_Ava_chr7A-301701_TSD	0.999	-0.00917163262432436	-0.00574379639407438
RLG_AatlCC7277As_Ava_chr7A-301716_TSD	0.772	-0.00930882143280306	-0.00583812726801286
RLG_AatlCC7277As_Ava_chr7A-301782_TSD	1.405	-0.00862495529206548	0.0016923216255672
RLG_AatlCC7277As_Ava_chr7A-301823_TSD	0.634	-0.00963727132376076	-0.00900499633011792
RLG_AatlCC7277As_Ava_chr7A-302270_TSD	0.833	-0.00967552017840027	-0.00948503142383306
RLG_AatlCC7277As_Ava_chr7A-302560_TSD	0.764	-0.00935026651613914	-0.011863327500523
RLG_AatlCC7277As_Ava_chr7A-302744_TSD	0.485	-0.00928898967783249	-0.0147447576996967
RLG_AatlCC7277As_Ava_chr7A-303042_TSD	0.488	-0.00904208965710968	-0.0100650640633364
RLG_AatlCC7277As_Ava_chr7A-303113_TSD	1.012	-0.0083099877264026	-0.00166682667107528
RLG_AatlCC7277As_Ava_chr7A-303944_TSD	0.979	-0.00913630010041061	-0.00201121585262276
RLG_AatlCC7277As_Ava_chr7A-304066_TSD	1.173	-0.00889391193616405	-0.00240723303437833
RLG_AatlCC7277As_Ava_chr7A-304224_TSD	0.837	-0.00923483245145655	-0.00899801281362362
RLG_AatlCC7277As_Ava_chr7A-304596_TSD	1.299	-0.00927792941377431	-0.00292028660504434
RLG_AatlCC7277As_Ava_chr7A-305928_TSD	1.133	-0.00932472156116217	-0.00329762353991292
RLG_AatlCC7277As_Ava_chr7A-305965_TSD	1.422	-0.00807259672798862	0.00319865965445525
RLG_AatlCC7277As_Ava_chr7A-307192_TSD	0.638	-0.00955563017504883	-0.0145808973643627
RLG_AatlCC7277As_Ava_chr7A-308742_TSD	1.204	-0.00922526323370637	-0.00874337879869585
RLG_AatlCC7277As_Ava_chr7A-344239_TSD	0.586	-0.00980032618906234	-0.00970167692827275
RLG_AatlCC7277As_Ava_chr7A-349362_TSD	0.758	-0.00963962358548113	-0.0101081741704468
RLG_AatlCC7277As_Ava_chr7A-352677_TSD	0.733	-0.00940684307713204	-0.00931516411307586
RLG_AatlCC7277As_Ava_chr7A-383106_TSD	1.09	-0.00962811841889769	-0.0047172368565126
RLG_AatlCC7277As_Ava_chr7A-431303_TSD	0.561	-0.00983166431516092	-0.0151186092695052
RLG_AatlCC7277As_Ava_chr7A-454091_TSD	1.688	-0.00635091853138892	0.00781087622030278
RLG_AatlCC7277As_Ava_chr7A-459030_TSD	0.923	-0.00964520104831315	-0.0118993881829381
RLG_AatlCC7277As_Ava_chr7A-485177_TSD	1.208	-0.00916253533777926	-0.00859039644938603
RLG_AatlCC7277As_Ava_chr7A-489156_TSD	0.623	-0.00945366276204753	-0.0104517019564781
RLG_AatlCC7277As_Ava_chr7A-507436_TSD	0.596	-0.00965498910719968	-0.00977963536624426
RLG_AatlCC7277As_Ava_chr7A-510139_TSD	0.587	-0.00963690867298068	-0.00882996362259506
RLG_AatlCC7277As_Ava_chr7A-520681_TSD	0.524	-0.00990066890714102	-0.0129316374957374
RLG_AatlCC7277As_Ava_chr7A-528569_TSD	1.1	-0.00793306540356122	0.00593188740897239
RLG_AatlCC7277As_Ava_chr7A-569822_TSD	0.904	-0.00935080656306868	-0.00164889960242525
RLG_AatlCC7277As_Ava_chr7A-572942_TSD	0.076	-0.00957884547188364	-0.0152574029411286
RLG_AinsBYU209_Ava_chr1C-031331_TSD	0.298	-0.00957581995066905	-0.0113690911779617
RLG_AinsBYU209_Ava_chr1D-038890_TSD	1.264	-0.00794133391450273	0.00439632769589266
RLG_AinsBYU209_Ava_chr1D-102650_TSD	1.16	-0.00920703206464749	0.000283561061247822
RLG_AinsBYU209_Ava_chr1D-119491_TSD	1.148	-0.00858976422207977	0.000809933474198061
RLG_AinsBYU209_Ava_chr1D-132366_TSD	1.332	-0.00906034217416418	-0.00139275949529265
RLG_AinsBYU209_Ava_chr1D-137175_TSD	0.883	-0.0100443699326528	-0.00836768058791687
RLG_AinsBYU209_Ava_chr1D-139149_TSD	2.087	-0.00753002987967303	0.00684871402237672
RLG_AinsBYU209_Ava_chr1D-139196_TSD	1.382	-0.00794883475288838	0.00660353810233723
RLG_AinsBYU209_Ava_chr1D-140702_TSD	0.548	-0.00991898718200218	-0.00745607617428152
RLG_AinsBYU209_Ava_chr1D-140863_TSD	0.809	-0.00994731637036291	-0.00804050691923824
RLG_AinsBYU209_Ava_chr1D-141617_TSD	0.917	-0.00891522971754637	-0.00126771852921873
RLG_AinsBYU209_Ava_chr1D-141987_TSD	1.024	-0.00919726950328474	-0.00320433615938061
RLG_AinsBYU209_Ava_chr1D-142344_TSD	0.549	-0.00935025079637288	-0.00695970230497786
RLG_AinsBYU209_Ava_chr1D-142377_TSD	0.448	-0.00954569015222337	-0.00963109965970001
RLG_AinsBYU209_Ava_chr1D-142634_TSD	0.865	-0.0091982066022502	-0.00407161232628415
RLG_AinsBYU209_Ava_chr1D-142663_TSD	0.44	-0.0098886177108729	-0.0106496933432085
RLG_AinsBYU209_Ava_chr1D-142748_TSD	0.523	-0.00982889271262549	-0.0114981737486798
RLG_AinsBYU209_Ava_chr1D-142800_TSD	0.361	-0.00960402917423816	-0.00958944367850712
RLG_AinsBYU209_Ava_chr1D-143258_TSD	0.919	-0.0087719358311184	0.00159266505155063
RLG_AinsBYU209_Ava_chr1D-143293_TSD	0.62	-0.0091338245667334	-0.00261972308165624
RLG_AinsBYU209_Ava_chr1D-143393_TSD	1.494	-0.00798083851298994	0.00592575587881362
RLG_AinsBYU209_Ava_chr1D-143514_TSD	1.375	-0.00856612749000034	0.00547515774489458
RLG_AinsBYU209_Ava_chr1D-143634_TSD	0.72	-0.009223982300869	0.00021481936357668
RLG_AinsBYU209_Ava_chr1D-143671_TSD	0.71	-0.00862581527069446	-0.000450867118439053
RLG_AinsBYU209_Ava_chr1D-143727_TSD	0.652	-0.00977924541254197	-0.00880008357482531
RLG_AinsBYU209_Ava_chr1D-143764_TSD	0.768	-0.00919010534550432	-0.00246928208716655
RLG_AinsBYU209_Ava_chr1D-143783_TSD	0.742	-0.00866212273530991	0.0019506259087138
RLG_AinsBYU209_Ava_chr1D-145382_TSD	1.822	-0.00725339158223305	0.00608518374280403
RLG_AinsBYU209_Ava_chr1D-148012_TSD	0.972	-0.00881934045913458	-0.00127529489690427
RLG_AinsBYU209_Ava_chr1D-149013_TSD	0.78	-0.00960073987370697	-0.00710301871938286
RLG_AinsBYU209_Ava_chr1D-157511_TSD	0.518	-0.00871716487579137	0.00189826942964632
RLG_AinsBYU209_Ava_chr1D-161303_TSD	0.48	-0.00914610000321303	-0.00375058915329683
RLG_AinsBYU209_Ava_chr1D-197267_TSD	0.622	-0.00869736094509979	-0.000761030368477406
RLG_AinsBYU209_Ava_chr1D-253567_TSD	0.574	-0.00933393831996865	-0.00400513302117538
RLG_AinsBYU209_Ava_chr1D-261887_TSD	0.698	-0.00849187183944237	0.000709994079319384
RLG_AinsBYU209_Ava_chr1D-263230_TSD	0.997	-0.00924000142880999	-0.00566858033277688
RLG_AinsBYU209_Ava_chr1D-282718_TSD	0.394	-0.0096020003898807	-0.00655861826708318
RLG_AinsBYU209_Ava_chr1D-295266_TSD	0.467	-0.00965879967397912	-0.00770651986330088
RLG_AinsBYU209_Ava_chr1D-300505_TSD	1.516	-0.00448782074465825	0.00525883757511305
RLG_AinsBYU209_Ava_chr1D-311678_TSD	0.858	-0.00872809958618083	-0.000139751131575658
RLG_AinsBYU209_Ava_chr1D-326414_TSD	0.445	-0.00923460539921503	-0.00940469038989926
RLG_AinsBYU209_Ava_chr1D-386008_TSD	0.991	-0.00872545745492093	0.000716897604636165
RLG_AinsBYU209_Ava_chr1D-388709_TSD	0.847	-0.008808682095723	-0.000362533470813651
RLG_AinsBYU209_Ava_chr1D-409362_TSD	0.86	-0.00931374180047084	-0.00474301550507721
RLG_AinsBYU209_Ava_chr1D-416249_TSD	0.696	-0.00972038837863141	-0.00907123918805435
RLG_AinsBYU209_Ava_chr1D-432648_TSD	0.298	-0.00981905118199842	-0.0105204535620024
RLG_AinsBYU209_Ava_chr1D-450172_TSD	1.137	-0.00788525882367649	0.00594067823418406
RLG_AinsBYU209_Ava_chr2D-022686_TSD	0.949	-0.00850058507199724	0.0025051281485937
RLG_AinsBYU209_Ava_chr2D-040373_TSD	0.474	-0.00916863003165256	-0.0100216532446618
RLG_AinsBYU209_Ava_chr2D-095386_TSD	0.475	-0.00914272791536947	-0.00506445562421728
RLG_AinsBYU209_Ava_chr2D-110614_TSD	1.018	-0.00896522448732802	-0.00534427479244156
RLG_AinsBYU209_Ava_chr2D-121629_TSD	0.663	-0.00986612486791445	-0.0111616611726188
RLG_AinsBYU209_Ava_chr2D-127183_TSD	1.412	-0.00904629910427882	-0.000639926967621709
RLG_AinsBYU209_Ava_chr2D-144392_TSD	1.034	-0.009370011498046	-0.00577878861079977
RLG_AinsBYU209_Ava_chr2D-166015_TSD	1.271	-0.00785746795029866	0.00619051859549926
RLG_AinsBYU209_Ava_chr2D-166624_TSD	0.291	-0.00917372263048434	-0.00678606688603437
RLG_AinsBYU209_Ava_chr2D-166931_TSD	0.977	-0.00938860268056087	-0.00947397451506122
RLG_AinsBYU209_Ava_chr2D-167039_TSD	0.895	-0.0091615111434444	-0.000508111618122529
RLG_AinsBYU209_Ava_chr2D-167620_TSD	1.984	-0.00575623223217262	0.00368030303371696
RLG_AinsBYU209_Ava_chr2D-172651_TSD	2.065	-0.00569270669646231	0.00341319656103253
RLG_AinsBYU209_Ava_chr2D-173735_TSD	0.757	-0.00931244584236009	-0.00478641926367932
RLG_AinsBYU209_Ava_chr2D-176055_TSD	0.494	-0.00964280680407961	-0.00803455201177011
RLG_AinsBYU209_Ava_chr2D-176384_TSD	1.267	-0.00768877762096885	0.00603898512460484
RLG_AinsBYU209_Ava_chr2D-176964_TSD	1.581	-0.00637149972983162	0.00332989812536452
RLG_AinsBYU209_Ava_chr2D-177107_TSD	0.701	-0.00842122457505135	-0.00223072721489618
RLG_AinsBYU209_Ava_chr2D-177669_TSD	0.892	-0.00975053147273919	-0.00694638261007979
RLG_AinsBYU209_Ava_chr2D-178164_TSD	0.526	-0.00966606538989127	-0.00708677999662448
RLG_AinsBYU209_Ava_chr2D-178365_TSD	0.912	-0.00904756696665431	-0.0043095738678844
RLG_AinsBYU209_Ava_chr2D-178442_TSD	0.96	-0.00917801513020362	-0.00516424406548334
RLG_AinsBYU209_Ava_chr2D-179201_TSD	0.612	-0.00898578724044567	-0.00554449411595346
RLG_AinsBYU209_Ava_chr2D-179651_TSD	0.674	-0.00973894345161053	-0.0072055423785373
RLG_AinsBYU209_Ava_chr2D-179980_TSD	0.739	-0.00975487604616067	-0.00468647839900005
RLG_AinsBYU209_Ava_chr2D-179991_TSD	1.488	-0.00795938403186057	0.00609380007631681
RLG_AinsBYU209_Ava_chr2D-181493_TSD	0.816	-0.00889286278998229	0.00221572863020451
RLG_AinsBYU209_Ava_chr2D-186021_TSD	1.106	-0.009017381828435	-0.00048656613942825
RLG_AinsBYU209_Ava_chr2D-189411_TSD	2.068	-0.0060849890543978	0.00692028760556372
RLG_AinsBYU209_Ava_chr2D-192643_TSD	1.15	-0.00912888365564051	-0.00706063776794675
RLG_AinsBYU209_Ava_chr2D-243519_TSD	2.141	-0.00585198559603004	0.00367297799956803
RLG_AinsBYU209_Ava_chr2D-246253_TSD	0.731	-0.0094163959624339	-0.00840850452343469
RLG_AinsBYU209_Ava_chr2D-247720_TSD	1.113	-0.00803688823563707	0.00331163229851273
RLG_AinsBYU209_Ava_chr2D-250916_TSD	0.597	-0.00904652963090853	-0.0064086386686522
RLG_AinsBYU209_Ava_chr2D-284466_TSD	0.395	-0.0099763059326029	-0.0138998850161937
RLG_AinsBYU209_Ava_chr2D-285145_TSD	0.482	-0.00960233273193046	-0.00425682360326518
RLG_AinsBYU209_Ava_chr2D-286502_TSD	0.883	-0.00942778781964572	-0.00712411747810365
RLG_AinsBYU209_Ava_chr2D-287942_TSD	1.02	-0.00871283920028323	0.00226411692057753
RLG_AinsBYU209_Ava_chr2D-300467_TSD	0.256	-0.00970683292914469	-0.00699548729518132
RLG_AinsBYU209_Ava_chr2D-304553_TSD	1.154	-0.00904816946412434	-0.00434486701388543
RLG_AinsBYU209_Ava_chr2D-315617_TSD	0.88	-0.00892557426560896	-0.00139560961112919
RLG_AinsBYU209_Ava_chr2D-340833_TSD	0.513	-0.00980524439250522	-0.0106967188080154
RLG_AinsBYU209_Ava_chr2D-345855_TSD	1.134	-0.00803136993959066	0.0051056235663788
RLG_AinsBYU209_Ava_chr2D-384312_TSD	0.839	-0.00812950513400782	0.000928310798729193
RLG_AinsBYU209_Ava_chr2D-386030_TSD	1.28	-0.00806808908579521	0.00353329334809121
RLG_AinsBYU209_Ava_chr2D-389700_TSD	1.288	-0.00586742441651661	0.00367630008023404
RLG_AinsBYU209_Ava_chr3D-028800_TSD	0.891	-0.00960497602909998	-0.00973934994350362
RLG_AinsBYU209_Ava_chr3D-139328_TSD	0.672	-0.00896944293582712	0.00130885665815175
RLG_AinsBYU209_Ava_chr3D-169957_TSD	0.971	-0.00902227485825239	-0.00514699158417016
RLG_AinsBYU209_Ava_chr3D-178834_TSD	0.94	-0.00856352387547564	0.000530435458514105
RLG_AinsBYU209_Ava_chr3D-187739_TSD	0.87	-0.00822608469577334	0.00249119444626277
RLG_AinsBYU209_Ava_chr3D-188333_TSD	1.123	-0.00795231970642032	0.00362336538579917
RLG_AinsBYU209_Ava_chr3D-193792_TSD	0.661	-0.00973779691427124	-0.00895825870582992
RLG_AinsBYU209_Ava_chr3D-197149_TSD	1.058	-0.00892086662028702	0.00124764809617021
RLG_AinsBYU209_Ava_chr3D-197211_TSD	2.173	-0.00547568779142274	0.00291373540071188
RLG_AinsBYU209_Ava_chr3D-197234_TSD	1.954	-0.0053649990151502	0.0027019962289998
RLG_AinsBYU209_Ava_chr3D-197682_TSD	1.668	-0.00566974969594186	0.00350139824097158
RLG_AinsBYU209_Ava_chr3D-199340_TSD	0.605	-0.00959193208957414	-0.00693057903269123
RLG_AinsBYU209_Ava_chr3D-199734_TSD	0.826	-0.00842328694303234	0.0033290738290291
RLG_AinsBYU209_Ava_chr3D-199895_TSD	1.025	-0.00895066935371728	-0.00368412340844607
RLG_AinsBYU209_Ava_chr3D-200229_TSD	0.426	-0.00970780613498107	-0.00890912294118414
RLG_AinsBYU209_Ava_chr3D-200409_TSD	0.706	-0.00964156982426227	-0.00757541028326684
RLG_AinsBYU209_Ava_chr3D-200591_TSD	0.999	-0.00974644392870259	-0.0106044235854012
RLG_AinsBYU209_Ava_chr3D-200695_TSD	0.825	-0.00903514253853669	-0.00275620281999585
RLG_AinsBYU209_Ava_chr3D-200844_TSD	0.661	-0.00883021482001312	0.000883066261682659
RLG_AinsBYU209_Ava_chr3D-200910_TSD	0.585	-0.0095526369341646	-0.0106880382708239
RLG_AinsBYU209_Ava_chr3D-200926_TSD	1.218	-0.00869306486835574	0.00220088256130263
RLG_AinsBYU209_Ava_chr3D-201434_TSD	1.16	-0.00804573731668735	0.00475094082763117
RLG_AinsBYU209_Ava_chr3D-201595_TSD	1.053	-0.00784419347828555	0.00325323003496643
RLG_AinsBYU209_Ava_chr3D-202095_TSD	0.476	-0.0100063009368004	-0.00940833075843484
RLG_AinsBYU209_Ava_chr3D-202173_TSD	0.328	-0.0100123941074928	-0.00942448167259175
RLG_AinsBYU209_Ava_chr3D-202243_TSD	0.624	-0.00986015136125878	-0.00891003748528317
RLG_AinsBYU209_Ava_chr3D-202391_TSD	1.087	-0.00956357738775344	-0.00622424937359613
RLG_AinsBYU209_Ava_chr3D-202677_TSD	0.933	-0.00943096004491895	-0.00547735891023849
RLG_AinsBYU209_Ava_chr3D-202786_TSD	0.34	-0.00970277355958576	-0.00894250707891397
RLG_AinsBYU209_Ava_chr3D-202959_TSD	0.59	-0.00867363892979267	0.000117802681990687
RLG_AinsBYU209_Ava_chr3D-203335_TSD	0.817	-0.00898738896279954	-0.00246780266127477
RLG_AinsBYU209_Ava_chr3D-203663_TSD	0.714	-0.00900207187721295	-0.00404186390860361
RLG_AinsBYU209_Ava_chr3D-203714_TSD	0.775	-0.00925421182993829	-0.00426199701121579
RLG_AinsBYU209_Ava_chr3D-203795_TSD	1.261	-0.00813845660901414	0.00558805760663016
RLG_AinsBYU209_Ava_chr3D-203833_TSD	1.242	-0.00888431925860427	-0.00280505259041158
RLG_AinsBYU209_Ava_chr3D-203885_TSD	0.808	-0.00973767565159579	-0.00995159380578377
RLG_AinsBYU209_Ava_chr3D-203955_TSD	0.847	-0.00892334818334877	0.00167462508991171
RLG_AinsBYU209_Ava_chr3D-205918_TSD	0.66	-0.00970138881776021	-0.00927993203798765
RLG_AinsBYU209_Ava_chr3D-206801_TSD	0.951	-0.00804814229924779	6.67043796767491e-05
RLG_AinsBYU209_Ava_chr3D-207705_TSD	1.551	-0.0086322874195137	0.000397188522112598
RLG_AinsBYU209_Ava_chr3D-209546_TSD	0.714	-0.00939717269258777	-0.00581024438189683
RLG_AinsBYU209_Ava_chr3D-216673_TSD	1.051	-0.00852923284809478	0.00459191206558858
RLG_AinsBYU209_Ava_chr3D-238173_TSD	1.157	-0.00844417616541168	0.00510092423357922
RLG_AinsBYU209_Ava_chr3D-280817_TSD	2.198	-0.00595177430400391	0.00406817200430148
RLG_AinsBYU209_Ava_chr3D-361017_TSD	0.548	-0.00982249089163284	-0.00727552554718579
RLG_AinsBYU209_Ava_chr4C-022716_TSD	1.235	-0.0079239171153765	0.00445585149071369
RLG_AinsBYU209_Ava_chr4C-069928_TSD	1.511	-0.00564909585384881	0.00496673299410883
RLG_AinsBYU209_Ava_chr4D-072390_TSD	1.042	-0.00947842897096585	-0.00462965023739039
RLG_AinsBYU209_Ava_chr4D-080565_TSD	1.081	-0.00900773473077741	-0.000863921527897677
RLG_AinsBYU209_Ava_chr4D-107879_TSD	2.228	-0.0044615944833386	0.00660132782356406
RLG_AinsBYU209_Ava_chr4D-135216_TSD	1.179	-0.00941784047338424	-0.00704416356877443
RLG_AinsBYU209_Ava_chr4D-142654_TSD	1.148	-0.00799637153052713	0.00520218850665992
RLG_AinsBYU209_Ava_chr4D-143579_TSD	0.796	-0.00967797317243904	-0.00912841784233341
RLG_AinsBYU209_Ava_chr4D-144840_TSD	1.108	-0.00953420783434309	-0.00892650797529413
RLG_AinsBYU209_Ava_chr4D-146905_TSD	1.497	-0.00636032335764885	0.00458187253654648
RLG_AinsBYU209_Ava_chr4D-148555_TSD	1.772	-0.00641820443881001	0.00383431605491388
RLG_AinsBYU209_Ava_chr4D-149076_TSD	1.802	-0.00590796244319495	0.00331152432863528
RLG_AinsBYU209_Ava_chr4D-149485_TSD	0.621	-0.00940912884638377	-0.00454081010346014
RLG_AinsBYU209_Ava_chr4D-149666_TSD	0.472	-0.0082175737892371	-0.00145806011323158
RLG_AinsBYU209_Ava_chr4D-150237_TSD	0.685	-0.00860120008765179	0.00169983179719046
RLG_AinsBYU209_Ava_chr4D-150336_TSD	1.612	-0.00809353209983954	0.00697984493006294
RLG_AinsBYU209_Ava_chr4D-154308_TSD	0.409	-0.0100368851587663	-0.00914432745448057
RLG_AinsBYU209_Ava_chr4D-157092_TSD	1.187	-0.00849092754745973	0.00234726900442495
RLG_AinsBYU209_Ava_chr4D-157127_TSD	0.8	-0.00952807822599658	-0.00328371690725261
RLG_AinsBYU209_Ava_chr4D-157159_TSD	0.78	-0.00946371970789279	-0.00841790109880486
RLG_AinsBYU209_Ava_chr4D-157394_TSD	0.723	-0.00934237047688807	-0.00967924028580259
RLG_AinsBYU209_Ava_chr4D-157803_TSD	0.934	-0.00852384277252146	0.00144400474674895
RLG_AinsBYU209_Ava_chr4D-157957_TSD	0.729	-0.00916858735646782	-0.00247038561024603
RLG_AinsBYU209_Ava_chr4D-158444_TSD	0.884	-0.00994504596945934	-0.00543639166217461
RLG_AinsBYU209_Ava_chr4D-158762_TSD	0.26	-0.00920113375648231	-0.00759195113849526
RLG_AinsBYU209_Ava_chr4D-159607_TSD	0.714	-0.00880573446793496	-0.000620344371105119
RLG_AinsBYU209_Ava_chr4D-159798_TSD	0.622	-0.0097785664047967	-0.00698599202192778
RLG_AinsBYU209_Ava_chr4D-160088_TSD	0.904	-0.00856383708790451	0.000683586144489488
RLG_AinsBYU209_Ava_chr4D-160226_TSD	0.582	-0.0095650253524984	-0.00576995828297472
RLG_AinsBYU209_Ava_chr4D-160293_TSD	0.654	-0.00965268183398602	-0.00398052184008331
RLG_AinsBYU209_Ava_chr4D-160337_TSD	1.102	-0.00866982469484408	0.00302705585089652
RLG_AinsBYU209_Ava_chr4D-160370_TSD	0.509	-0.00908646028481612	-0.00543275117652307
RLG_AinsBYU209_Ava_chr4D-161091_TSD	1.141	-0.00861087428097813	-0.00175189539875171
RLG_AinsBYU209_Ava_chr4D-162448_TSD	1.212	-0.00600383755437647	0.00277508263112687
RLG_AinsBYU209_Ava_chr4D-162575_TSD	0.945	-0.00908354626086221	0.000276025047476562
RLG_AinsBYU209_Ava_chr4D-163222_TSD	0.664	-0.00856787404128805	0.000891602413686808
RLG_AinsBYU209_Ava_chr4D-165348_TSD	0.758	-0.00962896632210455	-0.00945216655417683
RLG_AinsBYU209_Ava_chr4D-172610_TSD	1.98	-0.00617805421239244	0.00433483678373585
RLG_AinsBYU209_Ava_chr4D-173668_TSD	1.15	-0.00858810102031413	0.0024314073670972
RLG_AinsBYU209_Ava_chr4D-180823_TSD	0.796	-0.00856973157075538	-0.00106651547502321
RLG_AinsBYU209_Ava_chr4D-180974_TSD	0.809	-0.00868746313994678	0.00244313342549781
RLG_AinsBYU209_Ava_chr4D-197414_TSD	2.063	-0.00461750207533026	0.00474120836591577
RLG_AinsBYU209_Ava_chr4D-202377_TSD	2.013	-0.00516992265464063	0.00573326576874263
RLG_AinsBYU209_Ava_chr4D-207300_TSD	0.65	-0.0097360735359567	-0.00918754828548335
RLG_AinsBYU209_Ava_chr4D-216587_TSD	0.51	-0.00903464783605065	-0.00142501869315775
RLG_AinsBYU209_Ava_chr4D-218359_TSD	0.908	-0.00935611386717007	-0.00141119286441556
RLG_AinsBYU209_Ava_chr4D-228610_TSD	1.294	-0.0088267568265463	-0.00204425135572732
RLG_AinsBYU209_Ava_chr4D-289561_TSD	0.289	-0.00968068412303118	-0.00972422324635992
RLG_AinsBYU209_Ava_chr4D-339181_TSD	0.578	-0.00980381750700039	-0.0101225229845941
RLG_AinsBYU209_Ava_chr4D-371395_TSD	0.839	-0.00866856788849299	-0.000392978659934745
RLG_AinsBYU209_Ava_chr4D-376936_TSD	0.803	-0.00868758753341525	-0.000739755585659341
RLG_AinsBYU209_Ava_chr5D-034608_TSD	0.744	-0.00942346392892129	-0.00397521206892668
RLG_AinsBYU209_Ava_chr5D-062825_TSD	0.964	-0.00956645961259526	-0.00704258401489262
RLG_AinsBYU209_Ava_chr5D-067826_TSD	0.731	-0.0096338215051412	-0.0065487881906508
RLG_AinsBYU209_Ava_chr5D-084457_TSD	0.96	-0.00957568340548777	-0.00902230882051596
RLG_AinsBYU209_Ava_chr5D-100423_TSD	0.188	-0.00974117739473008	-0.0107449455052474
RLG_AinsBYU209_Ava_chr5D-104217_TSD	0.98	-0.00866731433169108	0.000531473691182678
RLG_AinsBYU209_Ava_chr5D-158636_TSD	2.141	-0.0047987682567489	0.00495126140831337
RLG_AinsBYU209_Ava_chr5D-163188_TSD	0.776	-0.00974646693398545	-0.00762322032903979
RLG_AinsBYU209_Ava_chr5D-167486_TSD	1.074	-0.00882459508202416	-0.000400208852506114
RLG_AinsBYU209_Ava_chr5D-168485_TSD	1.1	-0.00888121484586773	-0.000800210128156037
RLG_AinsBYU209_Ava_chr5D-168977_TSD	0.988	-0.00796704127001366	0.00635795701448537
RLG_AinsBYU209_Ava_chr5D-170100_TSD	1.412	-0.00785562954982512	0.00599991118261048
RLG_AinsBYU209_Ava_chr5D-171847_TSD	0.401	-0.0096206906093722	-0.00756348671070757
RLG_AinsBYU209_Ava_chr5D-177425_TSD	0.357	-0.00936475669282929	-0.00692146356808323
RLG_AinsBYU209_Ava_chr5D-179030_TSD	0.708	-0.00880318493827635	-0.00099744674645513
RLG_AinsBYU209_Ava_chr5D-179104_TSD	0.65	-0.00953186054429086	-0.00697692814497761
RLG_AinsBYU209_Ava_chr5D-179139_TSD	1.346	-0.00818193780255452	0.00598999859144923
RLG_AinsBYU209_Ava_chr5D-179188_TSD	0.879	-0.00849861631110287	0.000856163560734379
RLG_AinsBYU209_Ava_chr5D-179203_TSD	1.121	-0.00825274609311883	-0.00181903422634309
RLG_AinsBYU209_Ava_chr5D-179663_TSD	0.674	-0.00985428954244938	-0.00686417081053404
RLG_AinsBYU209_Ava_chr5D-179688_TSD	0.625	-0.00880637942676556	0.00196515827374828
RLG_AinsBYU209_Ava_chr5D-179854_TSD	0.359	-0.00951743666353373	-0.00786496624578897
RLG_AinsBYU209_Ava_chr5D-180126_TSD	0.409	-0.00980178291552189	-0.00938427183975323
RLG_AinsBYU209_Ava_chr5D-180197_TSD	0.274	-0.0100650934695359	-0.00777507574426683
RLG_AinsBYU209_Ava_chr5D-180331_TSD	0.687	-0.00968706370646681	-0.00730001194381797
RLG_AinsBYU209_Ava_chr5D-180408_TSD	0.883	-0.00934124703423904	-0.00466206610495162
RLG_AinsBYU209_Ava_chr5D-180507_TSD	0.483	-0.00935267074129316	-0.00936607650987471
RLG_AinsBYU209_Ava_chr5D-180598_TSD	0.675	-0.00863960552018914	-0.00167912972865697
RLG_AinsBYU209_Ava_chr5D-180829_TSD	1.163	-0.00793321159505356	0.00662791773854077
RLG_AinsBYU209_Ava_chr5D-180847_TSD	0.323	-0.00931786336772402	-0.00822992456446156
RLG_AinsBYU209_Ava_chr5D-180948_TSD	0.87	-0.00860732807287127	-0.000913040305552956
RLG_AinsBYU209_Ava_chr5D-181182_TSD	0.901	-0.0085741600509357	0.00102915864941723
RLG_AinsBYU209_Ava_chr5D-181322_TSD	0.818	-0.00973041055455973	-0.00829065478745187
RLG_AinsBYU209_Ava_chr5D-181383_TSD	0.982	-0.00982493033458122	-0.00729215423618038
RLG_AinsBYU209_Ava_chr5D-181426_TSD	0.713	-0.00985030140560407	-0.0115414393463675
RLG_AinsBYU209_Ava_chr5D-181602_TSD	0.947	-0.00894152253577366	-0.000522135224951266
RLG_AinsBYU209_Ava_chr5D-181623_TSD	1.182	-0.00776226806266234	0.00557907665219427
RLG_AinsBYU209_Ava_chr5D-181807_TSD	0.902	-0.00752671921446078	0.00579128748554398
RLG_AinsBYU209_Ava_chr5D-182356_TSD	0.749	-0.0098398537326127	-0.0091664154101566
RLG_AinsBYU209_Ava_chr5D-182496_TSD	0.579	-0.00952381786939252	-0.00553587633163212
RLG_AinsBYU209_Ava_chr5D-182549_TSD	0.804	-0.00857807313507369	0.0011844765204187
RLG_AinsBYU209_Ava_chr5D-184178_TSD	0.898	-0.00890398308855803	0.00199360470976715
RLG_AinsBYU209_Ava_chr5D-185918_TSD	0.622	-0.00982989019198202	-0.0113568048849508
RLG_AinsBYU209_Ava_chr5D-186067_TSD	0.961	-0.00862302318314314	-0.000665646909346408
RLG_AinsBYU209_Ava_chr5D-194791_TSD	1.217	-0.00841456353486135	0.000343733416096915
RLG_AinsBYU209_Ava_chr5D-194844_TSD	0.868	-0.00869002847316512	-0.0031420805030429
RLG_AinsBYU209_Ava_chr5D-198888_TSD	0.651	-0.00955728797674238	-0.00690661611095924
RLG_AinsBYU209_Ava_chr5D-205031_TSD	1.035	-0.00886407733477935	-0.00216192497442342
RLG_AinsBYU209_Ava_chr5D-205565_TSD	0.74	-0.00965801912590901	-0.0114126362367266
RLG_AinsBYU209_Ava_chr5D-236358_TSD	1.147	-0.00994374341830783	-0.00753252730716064
RLG_AinsBYU209_Ava_chr5D-250616_TSD	0.718	-0.00949283012200231	-0.00713811048248608
RLG_AinsBYU209_Ava_chr5D-251328_TSD	0.586	-0.00971591449236437	-0.00889561128903982
RLG_AinsBYU209_Ava_chr5D-269475_TSD	0.803	-0.00870637509197114	-0.00259016234816044
RLG_AinsBYU209_Ava_chr5D-313903_TSD	0.584	-0.00920332817705563	-0.004261788967725
RLG_AinsBYU209_Ava_chr5D-368539_TSD	0.551	-0.00938271930332945	-0.00519542726177446
RLG_AinsBYU209_Ava_chr5D-397787_TSD	0.722	-0.00862101430038636	-0.00321608957770748
RLG_AinsBYU209_Ava_chr6D-052788_TSD	1.966	-0.00643349121923549	0.00675793602423537
RLG_AinsBYU209_Ava_chr6D-074666_TSD	0.799	-0.00844633243056896	-0.0019289761511584
RLG_AinsBYU209_Ava_chr6D-112503_TSD	0.769	-0.00932826011168064	-0.0112210028672505
RLG_AinsBYU209_Ava_chr6D-113574_TSD	0.793	-0.00825044083096278	0.00667798176934193
RLG_AinsBYU209_Ava_chr6D-128408_TSD	0.883	-0.00924530970759962	-0.00587243460436526
RLG_AinsBYU209_Ava_chr6D-176832_TSD	0.468	-0.00950570923785457	-0.00686536987374051
RLG_AinsBYU209_Ava_chr6D-193624_TSD	1.493	-0.0086848621567775	0.000150149458454391
RLG_AinsBYU209_Ava_chr6D-206022_TSD	0.841	-0.00956868963486672	-0.00754251205612203
RLG_AinsBYU209_Ava_chr6D-207050_TSD	0.961	-0.00975294734670763	-0.00970653104115117
RLG_AinsBYU209_Ava_chr6D-207156_TSD	0.713	-0.0093660248033388	-0.0092581664090319
RLG_AinsBYU209_Ava_chr6D-210743_TSD	0.692	-0.00974973871013583	-0.00752217993489916
RLG_AinsBYU209_Ava_chr6D-212384_TSD	0.847	-0.00920941281985671	-0.00213096379279061
RLG_AinsBYU209_Ava_chr6D-213316_TSD	1.012	-0.00823710818033269	-0.000654655239110694
RLG_AinsBYU209_Ava_chr6D-214467_TSD	1.519	-0.00808789595031013	0.00620697991432551
RLG_AinsBYU209_Ava_chr6D-216501_TSD	0.371	-0.0097251722228047	-0.0112801946864351
RLG_AinsBYU209_Ava_chr6D-216690_TSD	0.789	-0.00929992454130888	-0.0062760365304427
RLG_AinsBYU209_Ava_chr6D-216958_TSD	0.809	-0.00983857885348657	-0.00720281609364082
RLG_AinsBYU209_Ava_chr6D-217072_TSD	1.269	-0.00918757987850029	-0.00496626901454245
RLG_AinsBYU209_Ava_chr6D-217206_TSD	0.564	-0.00932374361720952	-0.00417635256025555
RLG_AinsBYU209_Ava_chr6D-217318_TSD	0.515	-0.00956394046006653	-0.00685650492866737
RLG_AinsBYU209_Ava_chr6D-217328_TSD	0.75	-0.00961945454246396	-0.0068001782960706
RLG_AinsBYU209_Ava_chr6D-217353_TSD	0.791	-0.00965297311411046	-0.00496957810572684
RLG_AinsBYU209_Ava_chr6D-218029_TSD	0.704	-0.00997998594234665	-0.0122859448626964
RLG_AinsBYU209_Ava_chr6D-218230_TSD	0.572	-0.00965696344106943	-0.00786095261927828
RLG_AinsBYU209_Ava_chr6D-218306_TSD	0.512	-0.00981946121370769	-0.0113835275712306
RLG_AinsBYU209_Ava_chr6D-218346_TSD	0.585	-0.00964177780023197	-0.00751401885033896
RLG_AinsBYU209_Ava_chr6D-218380_TSD	0.632	-0.0100033025467132	-0.00805261523732705
RLG_AinsBYU209_Ava_chr6D-218773_TSD	0.634	-0.00926222474389221	-0.00333259901691138
RLG_AinsBYU209_Ava_chr6D-219376_TSD	1.095	-0.00953731565623422	-0.00548946058593823
RLG_AinsBYU209_Ava_chr6D-219927_TSD	1.338	-0.00938005385431779	-0.00693481030188558
RLG_AinsBYU209_Ava_chr6D-220070_TSD	0.921	-0.0090368238434192	-0.00635887513729183
RLG_AinsBYU209_Ava_chr6D-220328_TSD	0.696	-0.00967464561895487	-0.00494564748008922
RLG_AinsBYU209_Ava_chr6D-220402_TSD	0.711	-0.00917691049520204	-0.00561273753630113
RLG_AinsBYU209_Ava_chr6D-220456_TSD	0.957	-0.00976266458014176	-0.00851236314874034
RLG_AinsBYU209_Ava_chr6D-220611_TSD	0.714	-0.00950169412888006	-0.00640972126855616
RLG_AinsBYU209_Ava_chr6D-221193_TSD	0.941	-0.00938518019894371	-0.00513292981448849
RLG_AinsBYU209_Ava_chr6D-221552_TSD	0.81	-0.00941289587462746	-0.00415662582766272
RLG_AinsBYU209_Ava_chr6D-221776_TSD	1.254	-0.00805136801671159	0.00712494477040812
RLG_AinsBYU209_Ava_chr6D-222224_TSD	1.57	-0.00651647694901742	0.00384670852862309
RLG_AinsBYU209_Ava_chr6D-222389_TSD	0.808	-0.0093867758340694	-0.00430697687538248
RLG_AinsBYU209_Ava_chr6D-222449_TSD	0.809	-0.00897993720820209	-0.000273689505996129
RLG_AinsBYU209_Ava_chr6D-222719_TSD	1.292	-0.00902159284567097	0.000134433477001912
RLG_AinsBYU209_Ava_chr6D-222768_TSD	1.185	-0.00777456035901088	0.00502092330931549
RLG_AinsBYU209_Ava_chr6D-223711_TSD	1.365	-0.00788773136885112	0.00465794433618373
RLG_AinsBYU209_Ava_chr6D-224537_TSD	0.445	-0.00903473894207458	-0.00462103217807634
RLG_AinsBYU209_Ava_chr6D-228706_TSD	0.812	-0.00885747578668666	0.00235956550734943
RLG_AinsBYU209_Ava_chr6D-229356_TSD	1.22	-0.00856596655774139	-0.00217299541982344
RLG_AinsBYU209_Ava_chr6D-233907_TSD	0.509	-0.00953930754711186	-0.00703208597951449
RLG_AinsBYU209_Ava_chr6D-249726_TSD	0.933	-0.00624345877475055	0.00391885254523727
RLG_AinsBYU209_Ava_chr6D-308398_TSD	0.493	-0.00995113419258533	-0.00852031962892328
RLG_AinsBYU209_Ava_chr6D-318920_TSD	0.869	-0.00883782880123233	0.000793427882456771
RLG_AinsBYU209_Ava_chr6D-333016_TSD	0.62	-0.00929157956060683	-0.00946360129073844
RLG_AinsBYU209_Ava_chr6D-341827_TSD	1.862	-0.00538198769151369	0.00380456260215831
RLG_AinsBYU209_Ava_chr6D-347272_TSD	0.616	-0.0093969434707753	-0.00735808646153457
RLG_AinsBYU209_Ava_chr6D-350563_TSD	0.685	-0.00960476735766254	-0.00657576897514375
RLG_AinsBYU209_Ava_chr6D-373421_TSD	0.897	-0.00884135109390548	0.00263696821955896
RLG_AinsBYU209_Ava_chr6D-382162_TSD	0.891	-0.00856550790283037	-0.003172978263987
RLG_AinsBYU209_Ava_chr6D-388204_TSD	0.99	-0.00811526636464183	0.00631920112794545
RLG_AinsBYU209_Ava_chr6D-402057_TSD	0.251	-0.00909270193297889	-0.00505559380248941
RLG_AinsBYU209_Ava_chr7D-037109_TSD	0.622	-0.00976686206190944	-0.0111071128547796
RLG_AinsBYU209_Ava_chr7D-042813_TSD	0.661	-0.00981164751573315	-0.0111181763498527
RLG_AinsBYU209_Ava_chr7D-083840_TSD	0.811	-0.00956147287956078	-0.00803016736821831
RLG_AinsBYU209_Ava_chr7D-087972_TSD	1.959	-0.00563180942608403	0.00428129516510418
RLG_AinsBYU209_Ava_chr7D-110796_TSD	0.94	-0.00872916037357594	-0.00079767140199258
RLG_AinsBYU209_Ava_chr7D-116593_TSD	0.988	-0.00858666659350329	-0.00150285691190524
RLG_AinsBYU209_Ava_chr7D-118949_TSD	0.713	-0.00861594611458088	-3.79608664612804e-05
RLG_AinsBYU209_Ava_chr7D-123031_TSD	1.134	-0.00844725853039528	0.00288195096296363
RLG_AinsBYU209_Ava_chr7D-156592_TSD	0.946	-0.00944798113770987	-0.00657567316382843
RLG_AinsBYU209_Ava_chr7D-194090_TSD	0.929	-0.00847181512867722	-0.00246917038711173
RLG_AinsBYU209_Ava_chr7D-203806_TSD	1.035	-0.00891010142911133	-0.00450668143245222
RLG_AinsBYU209_Ava_chr7D-207566_TSD	0.617	-0.0094988953947866	-0.00633376789966677
RLG_AinsBYU209_Ava_chr7D-208475_TSD	0.628	-0.00935370120025643	-0.00420519434475351
RLG_AinsBYU209_Ava_chr7D-210146_TSD	1.289	-0.00546095117009554	0.00354466855176025
RLG_AinsBYU209_Ava_chr7D-219972_TSD	1.176	-0.00917129613191999	-0.00266019282391729
RLG_AinsBYU209_Ava_chr7D-229665_TSD	0.333	-0.00984463869873586	-0.00699366763890793
RLG_AinsBYU209_Ava_chr7D-232984_TSD	0.772	-0.00986015222777208	-0.00996966431198332
RLG_AinsBYU209_Ava_chr7D-239718_TSD	0.949	-0.0064906584582147	0.00450640746018402
RLG_AinsBYU209_Ava_chr7D-240791_TSD	2.157	-0.00559972772740466	0.00289601344061969
RLG_AinsBYU209_Ava_chr7D-241601_TSD	1.882	-0.00670517653439784	0.00521031926169627
RLG_AinsBYU209_Ava_chr7D-241944_TSD	0.606	-0.00926132865926938	-0.00905970032147677
RLG_AinsBYU209_Ava_chr7D-243117_TSD	0.66	-0.00940831070000209	-0.008771339386405
RLG_AinsBYU209_Ava_chr7D-248806_TSD	0.812	-0.00896550126121359	-0.00249655368346226
RLG_AinsBYU209_Ava_chr7D-248910_TSD	1.14	-0.0082317471869572	-0.00286340169183401
RLG_AinsBYU209_Ava_chr7D-249021_TSD	1.486	-0.00844777664632662	0.00555615310392294
RLG_AinsBYU209_Ava_chr7D-249511_TSD	0.827	-0.00897517963082178	0.000780466278487154
RLG_AinsBYU209_Ava_chr7D-249943_TSD	1.233	-0.00876152207121435	-0.000969221401424259
RLG_AinsBYU209_Ava_chr7D-250049_TSD	1.076	-0.00826742839978689	0.0033407314504157
RLG_AinsBYU209_Ava_chr7D-250159_TSD	0.902	-0.00880185832287388	0.000268622475652157
RLG_AinsBYU209_Ava_chr7D-250294_TSD	0.625	-0.00978162119967981	-0.00730449756467522
RLG_AinsBYU209_Ava_chr7D-250569_TSD	0.733	-0.00948895314453938	-0.00679566284498477
RLG_AinsBYU209_Ava_chr7D-250588_TSD	0.847	-0.00955888833321517	-0.00759085789022559
RLG_AinsBYU209_Ava_chr7D-250716_TSD	0.828	-0.00938166921185975	-0.0107458734281104
RLG_AinsBYU209_Ava_chr7D-250874_TSD	0.327	-0.00952245097792436	-0.0110681326877448
RLG_AinsBYU209_Ava_chr7D-251260_TSD	0.507	-0.00996780258982625	-0.00866581496129289
RLG_AinsBYU209_Ava_chr7D-251273_TSD	0.476	-0.00980336756648599	-0.0105488591499704
RLG_AinsBYU209_Ava_chr7D-251328_TSD	0.408	-0.00950903668832031	-0.0100729243922693
RLG_AinsBYU209_Ava_chr7D-251653_TSD	0.66	-0.00976275149219862	-0.0115832256260116
RLG_AinsBYU209_Ava_chr7D-252527_TSD	0.631	-0.0084912727550896	0.000327502249655848
RLG_AinsBYU209_Ava_chr7D-252971_TSD	0.392	-0.00962129773593401	-0.00756206934737638
RLG_AinsBYU209_Ava_chr7D-253280_TSD	0.823	-0.00969049612510269	-0.00786087583325781
RLG_AinsBYU209_Ava_chr7D-253446_TSD	0.862	-0.00982206679923338	-0.00844265055369701
RLG_AinsBYU209_Ava_chr7D-253705_TSD	0.548	-0.00957965228047534	-0.00957043916095817
RLG_AinsBYU209_Ava_chr7D-254051_TSD	1.006	-0.00861641269558503	0.00301558224248519
RLG_AinsBYU209_Ava_chr7D-256174_TSD	1.346	-0.00570353737376375	0.0052790260417519
RLG_AinsBYU209_Ava_chr7D-256182_TSD	1.09	-0.00582905097370136	0.004446013135753
RLG_AinsBYU209_Ava_chr7D-257399_TSD	0.587	-0.0098105980042352	-0.00669443554200133
RLG_AinsBYU209_Ava_chr7D-257526_TSD	1.722	-0.00643201015483377	0.00551235235863399
RLG_AinsBYU209_Ava_chr7D-257806_TSD	1.761	-0.00443418841247301	0.00490067654026414
RLG_AinsBYU209_Ava_chr7D-264152_TSD	0.625	-0.00945959369587632	-0.00743592558530824
RLG_AinsBYU209_Ava_chr7D-265670_TSD	0.699	-0.00952815755126502	-0.00709304221820194
RLG_AinsBYU209_Ava_chr7D-286180_TSD	0.918	-0.00906665192274341	-0.000653007613791497
RLG_AinsBYU209_Ava_chr7D-301709_TSD	1.756	-0.00589794343091083	0.00585864866137987
RLG_AinsBYU209_Ava_chr7D-306356_TSD	2.031	-0.00468385265936024	0.00380396358835478
RLG_AinsBYU209_Ava_chr7D-396861_TSD	0.664	-0.00902917211507913	0.000102273775088882
RLG_AinsBYU209_Ava_chr7D-399088_TSD	0.825	-0.00963244685912817	-0.00592509203275982
RLG_AinsBYU209_Ava_chr7D-443637_TSD	0.694	-0.00847027610995868	0.000217477576795179
RLG_AinsBYU209_Ava_chr7D-452473_TSD	0.676	-0.00840004936254764	-0.000163003205267035
RLG_AinsBYU209_Ava_chr7D-479593_TSD	0.487	-0.00986145596804095	-0.0134229429184042
RLG_AlonCN58138Al_Ava_chr1A-009284_TSD	0.65	-0.00976277915871892	-0.0151016765789765
RLG_AlonCN58138Al_Ava_chr1A-041924_TSD	0.739	-0.0100611765791716	-0.0125814847440291
RLG_AlonCN58138Al_Ava_chr1A-044164_TSD	1.608	-0.005664133074572	0.00438702604707896
RLG_AlonCN58138Al_Ava_chr1A-115090_TSD	1.351	-0.00947944511569765	-0.00430262581610958
RLG_AlonCN58138Al_Ava_chr1A-147475_TSD	0.899	-0.00990007995179856	-0.00724368210533435
RLG_AlonCN58138Al_Ava_chr1A-188928_TSD	1.032	-0.00973369014616302	-0.0103756430979023
RLG_AlonCN58138Al_Ava_chr1A-215655_TSD	1.391	-0.00932905890532051	-0.00197258860203922
RLG_AlonCN58138Al_Ava_chr1A-215842_TSD	0.846	-0.00959206117351497	-0.0134489994334672
RLG_AlonCN58138Al_Ava_chr1A-226088_TSD	0	-0.00998908371423908	-0.017663857441011
RLG_AlonCN58138Al_Ava_chr1A-227308_TSD	0.918	-0.0097505896722438	-0.0102831081477392
RLG_AlonCN58138Al_Ava_chr1A-234325_TSD	1.524	-0.00842608839221269	0.00388482603717938
RLG_AlonCN58138Al_Ava_chr1A-234842_TSD	0.501	-0.009009520766241	-0.0114438574679819
RLG_AlonCN58138Al_Ava_chr1A-234881_TSD	0.448	-0.00901430188351801	-0.00842067533985689
RLG_AlonCN58138Al_Ava_chr1A-234889_TSD	0.261	-0.00920379647055341	-0.0084604167502825
RLG_AlonCN58138Al_Ava_chr1A-234897_TSD	0.976	-0.00931668012057777	-0.00886332599139083
RLG_AlonCN58138Al_Ava_chr1A-234978_TSD	0.073	-0.00951048010637669	-0.0177047064605387
RLG_AlonCN58138Al_Ava_chr1A-235221_TSD	0.148	-0.00998891037641476	-0.0176360504656713
RLG_AlonCN58138Al_Ava_chr1A-235297_TSD	0.036	-0.00990860817949073	-0.0184176108878092
RLG_AlonCN58138Al_Ava_chr1A-235414_TSD	0.801	-0.00964454433014707	-0.0130058648919038
RLG_AlonCN58138Al_Ava_chr1A-235743_TSD	0	-0.0096234545691941	-0.0178342012118564
RLG_AlonCN58138Al_Ava_chr1A-235809_TSD	0.571	-0.0102606017060775	-0.017385635241716
RLG_AlonCN58138Al_Ava_chr1A-235828_TSD	0.222	-0.00949769880124675	-0.0155985969344558
RLG_AlonCN58138Al_Ava_chr1A-235927_TSD	0	-0.00944763119315949	-0.015747071891403
RLG_AlonCN58138Al_Ava_chr1A-236107_TSD	0.11	-0.00996502949601356	-0.0163034686891477
RLG_AlonCN58138Al_Ava_chr1A-236123_TSD	0.598	-0.00982406926928869	-0.015119674227122
RLG_AlonCN58138Al_Ava_chr1A-236513_TSD	0.694	-0.00946103360665538	-0.013422080717777
RLG_AlonCN58138Al_Ava_chr1A-236589_TSD	0.833	-0.00971976995002101	-0.0130049495205382
RLG_AlonCN58138Al_Ava_chr1A-236682_TSD	0.185	-0.0100163319830435	-0.0174721471224512
RLG_AlonCN58138Al_Ava_chr1A-236782_TSD	0.036	-0.0100259294441505	-0.0175135851437285
RLG_AlonCN58138Al_Ava_chr1A-236862_TSD	0.467	-0.00914424046143637	-0.0125024513309474
RLG_AlonCN58138Al_Ava_chr1A-236956_TSD	0.074	-0.010044406908377	-0.0175358736506148
RLG_AlonCN58138Al_Ava_chr1A-237067_TSD	0.037	-0.0100376503477782	-0.017038590975159
RLG_AlonCN58138Al_Ava_chr1A-237099_TSD	0.149	-0.00985735517731127	-0.0173028710446897
RLG_AlonCN58138Al_Ava_chr1A-237113_TSD	0.037	-0.0100857398658075	-0.0179065138514299
RLG_AlonCN58138Al_Ava_chr1A-237171_TSD	0.148	-0.00983053380410743	-0.0167508392884874
RLG_AlonCN58138Al_Ava_chr1A-237252_TSD	1.22	-0.00989741942089574	-0.0167683167469086
RLG_AlonCN58138Al_Ava_chr1A-237341_TSD	1.037	-0.00906091079270056	-0.0105244988458099
RLG_AlonCN58138Al_Ava_chr1A-237503_TSD	0.962	-0.0095559096153738	-0.00928002978211652
RLG_AlonCN58138Al_Ava_chr1A-237602_TSD	0.151	-0.00973727226249509	-0.0172056294252542
RLG_AlonCN58138Al_Ava_chr1A-237667_TSD	0.074	-0.00989444371383521	-0.0173608869440353
RLG_AlonCN58138Al_Ava_chr1A-237694_TSD	0.57	-0.00999560570023282	-0.0165942028375499
RLG_AlonCN58138Al_Ava_chr1A-237898_TSD	0.226	-0.0101454641917195	-0.0181989050565419
RLG_AlonCN58138Al_Ava_chr1A-237944_TSD	0.037	-0.00993113305199976	-0.0185192873463225
RLG_AlonCN58138Al_Ava_chr1A-237958_TSD	0.335	-0.009568935908491	-0.0166541176181364
RLG_AlonCN58138Al_Ava_chr1A-238116_TSD	0.073	-0.00986907796600967	-0.016048846131583
RLG_AlonCN58138Al_Ava_chr1A-238165_TSD	0.036	-0.00990429077481114	-0.0175925526884814
RLG_AlonCN58138Al_Ava_chr1A-238230_TSD	0.037	-0.00980238982510663	-0.0184607654937368
RLG_AlonCN58138Al_Ava_chr1A-238407_TSD	0.333	-0.0100787453857074	-0.0177170686042351
RLG_AlonCN58138Al_Ava_chr1A-238470_TSD	0.037	-0.00985936155407005	-0.0184612386751964
RLG_AlonCN58138Al_Ava_chr1A-238966_TSD	1.017	-0.00975861890717911	-0.0172358221222763
RLG_AlonCN58138Al_Ava_chr1A-239007_TSD	0.074	-0.00989866320046857	-0.0173867034791886
RLG_AlonCN58138Al_Ava_chr1A-239200_TSD	0.074	-0.00985757921650108	-0.0180003433679375
RLG_AlonCN58138Al_Ava_chr1A-239305_TSD	0.148	-0.00993012310727652	-0.0175667093782679
RLG_AlonCN58138Al_Ava_chr1A-239315_TSD	0.037	-0.0100084635144503	-0.0179092008859987
RLG_AlonCN58138Al_Ava_chr1A-239409_TSD	0.931	-0.00990172824521206	-0.00976506824908028
RLG_AlonCN58138Al_Ava_chr1A-239562_TSD	0.15	-0.0103975700958359	-0.015941244482515
RLG_AlonCN58138Al_Ava_chr1A-239580_TSD	0.111	-0.00978421078606283	-0.0184232468431447
RLG_AlonCN58138Al_Ava_chr1A-239726_TSD	0.252	-0.00915536105487398	-0.0132317735560259
RLG_AlonCN58138Al_Ava_chr1A-239733_TSD	0.108	-0.00892358182881775	-0.0138272394644392
RLG_AlonCN58138Al_Ava_chr1A-239750_TSD	0.443	-0.00941432758797342	-0.0138315079344694
RLG_AlonCN58138Al_Ava_chr1A-239841_TSD	0.825	-0.00967768246654453	-0.00895772025971792
RLG_AlonCN58138Al_Ava_chr1A-239935_TSD	0.222	-0.00994421887969911	-0.0160716032192826
RLG_AlonCN58138Al_Ava_chr1A-240032_TSD	0	-0.00979527794907181	-0.0185604071994927
RLG_AlonCN58138Al_Ava_chr1A-240084_TSD	0.372	-0.00957046989817507	-0.0181220239004499
RLG_AlonCN58138Al_Ava_chr1A-240091_TSD	0.372	-0.00997897603579714	-0.017591788052958
RLG_AlonCN58138Al_Ava_chr1A-240126_TSD	0.222	-0.00995535654900246	-0.0177483442413865
RLG_AlonCN58138Al_Ava_chr1A-240162_TSD	0.037	-0.00974554255004815	-0.0181551610951104
RLG_AlonCN58138Al_Ava_chr1A-240236_TSD	0	-0.00936214117225123	-0.015331253594412
RLG_AlonCN58138Al_Ava_chr1A-240316_TSD	0.339	-0.00941786351205618	-0.0161412839070268
RLG_AlonCN58138Al_Ava_chr1A-240384_TSD	0.037	-0.00993970764998829	-0.0174249318172334
RLG_AlonCN58138Al_Ava_chr1A-240447_TSD	0.076	-0.00954258799397922	-0.0179417931761981
RLG_AlonCN58138Al_Ava_chr1A-240562_TSD	0.148	-0.0098020338074199	-0.0178476432534987
RLG_AlonCN58138Al_Ava_chr1A-240596_TSD	0.074	-0.00981608319039283	-0.0182416457438069
RLG_AlonCN58138Al_Ava_chr1A-240711_TSD	0.436	-0.00964197144802549	-0.0128626355368314
RLG_AlonCN58138Al_Ava_chr1A-240757_TSD	0.297	-0.0100570327152062	-0.0180320443723331
RLG_AlonCN58138Al_Ava_chr1A-240808_TSD	0.803	-0.0100378696511325	-0.0166207811724403
RLG_AlonCN58138Al_Ava_chr1A-240976_TSD	0.372	-0.009757271113374	-0.0151120103078242
RLG_AlonCN58138Al_Ava_chr1A-241067_TSD	0.037	-0.00980412542134887	-0.017444223708036
RLG_AlonCN58138Al_Ava_chr1A-241104_TSD	0.287	-0.00963754169683355	-0.0129375084733894
RLG_AlonCN58138Al_Ava_chr1A-241309_TSD	0.399	-0.00960882443614364	-0.0136319129105441
RLG_AlonCN58138Al_Ava_chr1A-241397_TSD	0.185	-0.0100412819904856	-0.0173678264065042
RLG_AlonCN58138Al_Ava_chr1A-241506_TSD	0.904	-0.00991984884171534	-0.0112963352662948
RLG_AlonCN58138Al_Ava_chr1A-241736_TSD	0.223	-0.00943038347963367	-0.0169063467786072
RLG_AlonCN58138Al_Ava_chr1A-241895_TSD	0.303	-0.0101456071306923	-0.017550241407045
RLG_AlonCN58138Al_Ava_chr1A-241978_TSD	0.958	-0.00931094688786279	-0.0046212254026238
RLG_AlonCN58138Al_Ava_chr1A-242047_TSD	0.835	-0.0092865492015792	-0.00291069362936811
RLG_AlonCN58138Al_Ava_chr1A-242074_TSD	0.897	-0.00856765066651916	-0.00427691274819121
RLG_AlonCN58138Al_Ava_chr1A-242087_TSD	0.15	-0.00974996922356205	-0.0177942594822258
RLG_AlonCN58138Al_Ava_chr1A-242751_TSD	0.825	-0.0096996688735567	-0.0133001695273061
RLG_AlonCN58138Al_Ava_chr1A-243118_TSD	1.76	-0.006062386892827	0.00445494159125324
RLG_AlonCN58138Al_Ava_chr1A-243187_TSD	1.53	-0.00777809665318119	0.00648940344851906
RLG_AlonCN58138Al_Ava_chr1A-243520_TSD	0.555	-0.00938101645252371	-0.00692782562946182
RLG_AlonCN58138Al_Ava_chr1A-248212_TSD	0.548	-0.00970377651567673	-0.0138505211106681
RLG_AlonCN58138Al_Ava_chr1A-256908_TSD	0.223	-0.0102445394545396	-0.0177331265267307
RLG_AlonCN58138Al_Ava_chr1A-258430_TSD	1.045	-0.00858631495168299	-0.00039328846020222
RLG_AlonCN58138Al_Ava_chr1A-259573_TSD	0.914	-0.0101075393283726	-0.00769224822882466
RLG_AlonCN58138Al_Ava_chr1A-259580_TSD	0.836	-0.00990880781374501	-0.0069150126403422
RLG_AlonCN58138Al_Ava_chr1A-273436_TSD	0.512	-0.00986355744422613	-0.0100524699887307
RLG_AlonCN58138Al_Ava_chr1A-303337_TSD	0.074	-0.00994279795831327	-0.0177965013852847
RLG_AlonCN58138Al_Ava_chr1A-309172_TSD	1.016	-0.00763741346193063	0.00304803049398176
RLG_AlonCN58138Al_Ava_chr1A-321870_TSD	0.983	-0.00947871058970438	-0.0100313337630893
RLG_AlonCN58138Al_Ava_chr1A-335625_TSD	1.079	-0.00928523199365026	-0.00408517186923084
RLG_AlonCN58138Al_Ava_chr1A-337550_TSD	1.018	-0.00965831070306858	-0.00821622659463088
RLG_AlonCN58138Al_Ava_chr1A-355818_TSD	0.633	-0.00772142370302717	0.00172387590672058
RLG_AlonCN58138Al_Ava_chr1A-375083_TSD	1.245	-0.00943281526664592	-0.00519772301434279
RLG_AlonCN58138Al_Ava_chr1A-379553_TSD	0.185	-0.0094681969909947	-0.0166009562161255
RLG_AlonCN58138Al_Ava_chr1A-384087_TSD	0.558	-0.00987510560791714	-0.0150439859962956
RLG_AlonCN58138Al_Ava_chr1A-398958_TSD	0.721	-0.00968944698985471	-0.00920158946892941
RLG_AlonCN58138Al_Ava_chr1A-400760_TSD	0.222	-0.0101947135852719	-0.0175319744158108
RLG_AlonCN58138Al_Ava_chr1A-403891_TSD	0.58	-0.009980119165353	-0.0128211143220164
RLG_AlonCN58138Al_Ava_chr1A-449898_TSD	1.386	-0.0079809646862016	0.00538246449053156
RLG_AlonCN58138Al_Ava_chr1A-482733_TSD	0.11	-0.00979966017084233	-0.0152963071868317
RLG_AlonCN58138Al_Ava_chr1A-486433_TSD	0.073	-0.00976126167113509	-0.0170036455843406
RLG_AlonCN58138Al_Ava_chr2A-012673_TSD	0.41	-0.00996479445096105	-0.0169151197149607
RLG_AlonCN58138Al_Ava_chr2A-039487_TSD	1.206	-0.0098945094740297	-0.0102706535737033
RLG_AlonCN58138Al_Ava_chr2A-060438_TSD	1.975	-0.00665630517206682	0.00643836056858847
RLG_AlonCN58138Al_Ava_chr2A-063074_TSD	0.402	-0.00929975547023253	-0.0125623996241538
RLG_AlonCN58138Al_Ava_chr2A-085931_TSD	0.838	-0.00951777336962998	-0.00420329062726545
RLG_AlonCN58138Al_Ava_chr2A-088737_TSD	1.274	-0.00761684202968879	0.00598394702697911
RLG_AlonCN58138Al_Ava_chr2A-105123_TSD	0.544	-0.00997541354461408	-0.0151888844961149
RLG_AlonCN58138Al_Ava_chr2A-120842_TSD	0.622	-0.00900180666596678	-0.0115541271198876
RLG_AlonCN58138Al_Ava_chr2A-201292_TSD	1.131	-0.00847394415751728	-0.00289322611364849
RLG_AlonCN58138Al_Ava_chr2A-230841_TSD	0.8	-0.0093832676421202	-0.00925653002115683
RLG_AlonCN58138Al_Ava_chr2A-237331_TSD	0.797	-0.00973494343524161	-0.0100528879968032
RLG_AlonCN58138Al_Ava_chr2A-264125_TSD	0.074	-0.00952383354714492	-0.0171789284816717
RLG_AlonCN58138Al_Ava_chr2A-273694_TSD	0.112	-0.00992478189867873	-0.0171835872912438
RLG_AlonCN58138Al_Ava_chr2A-278401_TSD	1.311	-0.00788064669731695	0.00560837573749237
RLG_AlonCN58138Al_Ava_chr2A-283591_TSD	0.939	-0.00991738198272568	-0.0079566391385543
RLG_AlonCN58138Al_Ava_chr2A-283785_TSD	0.759	-0.00947831516026222	-0.00919519703737067
RLG_AlonCN58138Al_Ava_chr2A-283889_TSD	1.142	-0.00912221392108271	-0.00641853046421039
RLG_AlonCN58138Al_Ava_chr2A-284783_TSD	1.479	-0.00758921924447254	0.0057327672036888
RLG_AlonCN58138Al_Ava_chr2A-286611_TSD	0.037	-0.00994814664482362	-0.017802004367998
RLG_AlonCN58138Al_Ava_chr2A-286676_TSD	0	-0.00973255614015765	-0.0175950488541228
RLG_AlonCN58138Al_Ava_chr2A-290236_TSD	0.884	-0.00957245488509571	-0.0112008885218305
RLG_AlonCN58138Al_Ava_chr2A-292022_TSD	0.903	-0.00981192068046583	-0.0101010434800553
RLG_AlonCN58138Al_Ava_chr2A-294791_TSD	1.156	-0.00847385139891853	-0.00228657790802529
RLG_AlonCN58138Al_Ava_chr2A-295319_TSD	1.313	-0.00868937647756278	-0.00292180772226038
RLG_AlonCN58138Al_Ava_chr2A-295606_TSD	0.111	-0.00978399523047489	-0.0171866794367493
RLG_AlonCN58138Al_Ava_chr2A-295718_TSD	0.259	-0.00994922135944147	-0.0158307016329419
RLG_AlonCN58138Al_Ava_chr2A-295804_TSD	0.186	-0.00935102657545757	-0.016085588772946
RLG_AlonCN58138Al_Ava_chr2A-296261_TSD	0.447	-0.0100310843464748	-0.0136943975499567
RLG_AlonCN58138Al_Ava_chr2A-296329_TSD	0.185	-0.010188023300439	-0.0178569976931032
RLG_AlonCN58138Al_Ava_chr2A-296341_TSD	0.073	-0.00982416529616986	-0.0163859440255753
RLG_AlonCN58138Al_Ava_chr2A-296540_TSD	0.148	-0.010296062447229	-0.0174812048167542
RLG_AlonCN58138Al_Ava_chr2A-296575_TSD	0.185	-0.0102436910644016	-0.0178623332422268
RLG_AlonCN58138Al_Ava_chr2A-296620_TSD	0.185	-0.00982166869362212	-0.0170122145795803
RLG_AlonCN58138Al_Ava_chr2A-296646_TSD	0.762	-0.00972436003562031	-0.0102197589793243
RLG_AlonCN58138Al_Ava_chr2A-296719_TSD	0.191	-0.010140338735614	-0.0176838761423603
RLG_AlonCN58138Al_Ava_chr2A-296728_TSD	0.185	-0.00967072657934404	-0.0160655631211011
RLG_AlonCN58138Al_Ava_chr2A-296781_TSD	0.438	-0.00955809273780898	-0.0123927169816694
RLG_AlonCN58138Al_Ava_chr2A-296854_TSD	0.297	-0.0101790667692113	-0.0174994089467105
RLG_AlonCN58138Al_Ava_chr2A-296978_TSD	0.185	-0.0100107365513123	-0.0171859724913937
RLG_AlonCN58138Al_Ava_chr2A-296992_TSD	0	-0.00987204623766451	-0.0172224243599082
RLG_AlonCN58138Al_Ava_chr2A-297031_TSD	0.148	-0.00958786054476283	-0.0167544838998797
RLG_AlonCN58138Al_Ava_chr2A-297285_TSD	0.113	-0.0101033540566077	-0.0159692386153084
RLG_AlonCN58138Al_Ava_chr2A-297304_TSD	0.037	-0.00973979746360249	-0.0162485037790482
RLG_AlonCN58138Al_Ava_chr2A-297471_TSD	0.074	-0.00982842965985373	-0.0184527130471154
RLG_AlonCN58138Al_Ava_chr2A-297499_TSD	0.036	-0.00993965612597035	-0.0177888316980035
RLG_AlonCN58138Al_Ava_chr2A-297535_TSD	0.074	-0.00989970289158974	-0.0183598391814805
RLG_AlonCN58138Al_Ava_chr2A-297593_TSD	0.037	-0.00952611057410583	-0.0166726353631577
RLG_AlonCN58138Al_Ava_chr2A-297691_TSD	0.446	-0.0101919909627578	-0.0190761895319171
RLG_AlonCN58138Al_Ava_chr2A-297711_TSD	0.334	-0.0101645032455666	-0.0163423530473854
RLG_AlonCN58138Al_Ava_chr2A-297787_TSD	0.297	-0.0100833228942811	-0.016750366932519
RLG_AlonCN58138Al_Ava_chr2A-297802_TSD	0.148	-0.0103193576931864	-0.0182849684066189
RLG_AlonCN58138Al_Ava_chr2A-297838_TSD	0.297	-0.0100684230636043	-0.017058400982892
RLG_AlonCN58138Al_Ava_chr2A-297902_TSD	0	-0.00980049654531429	-0.0160239482169977
RLG_AlonCN58138Al_Ava_chr2A-297950_TSD	0.825	-0.00947582723860543	-0.0147169114167043
RLG_AlonCN58138Al_Ava_chr2A-298108_TSD	0	-0.00969388485524689	-0.0179236511704244
RLG_AlonCN58138Al_Ava_chr2A-298192_TSD	0.297	-0.00963595034018696	-0.0165359052024005
RLG_AlonCN58138Al_Ava_chr2A-298224_TSD	0.259	-0.010227744198608	-0.0173136182573988
RLG_AlonCN58138Al_Ava_chr2A-298243_TSD	0.296	-0.0101235387768416	-0.0178735038154099
RLG_AlonCN58138Al_Ava_chr2A-298263_TSD	0.11	-0.00968988729531983	-0.016118702448929
RLG_AlonCN58138Al_Ava_chr2A-298287_TSD	0.148	-0.00959258308726325	-0.0170773729979783
RLG_AlonCN58138Al_Ava_chr2A-298295_TSD	0.445	-0.0093899178372111	-0.0131998844692266
RLG_AlonCN58138Al_Ava_chr2A-298350_TSD	0.487	-0.00964651993574168	-0.0166190146931891
RLG_AlonCN58138Al_Ava_chr2A-298401_TSD	0.036	-0.00989211512146407	-0.0170373295108495
RLG_AlonCN58138Al_Ava_chr2A-298456_TSD	0.075	-0.00978690432339776	-0.0179718656141597
RLG_AlonCN58138Al_Ava_chr2A-298494_TSD	1.096	-0.0103023448207223	-0.0175286861767586
RLG_AlonCN58138Al_Ava_chr2A-298510_TSD	0	-0.00976359541629176	-0.0166564475205558
RLG_AlonCN58138Al_Ava_chr2A-298562_TSD	0.473	-0.00964933194580442	-0.0130937861586268
RLG_AlonCN58138Al_Ava_chr2A-298654_TSD	0.185	-0.0102433061374357	-0.0184468992628453
RLG_AlonCN58138Al_Ava_chr2A-298704_TSD	0.185	-0.00956191612353089	-0.0166753506245197
RLG_AlonCN58138Al_Ava_chr2A-298746_TSD	0.113	-0.00994090104571904	-0.0172020456884573
RLG_AlonCN58138Al_Ava_chr2A-298834_TSD	0.037	-0.00988525287618516	-0.0170834614209504
RLG_AlonCN58138Al_Ava_chr2A-298902_TSD	0.185	-0.0102829986200658	-0.0177264742271994
RLG_AlonCN58138Al_Ava_chr2A-298932_TSD	0.073	-0.00950206410315602	-0.0157043720583335
RLG_AlonCN58138Al_Ava_chr2A-298951_TSD	0.036	-0.0098050396293017	-0.0161965404651275
RLG_AlonCN58138Al_Ava_chr2A-298998_TSD	0.111	-0.00991880384970114	-0.0169161772802866
RLG_AlonCN58138Al_Ava_chr2A-299010_TSD	0.222	-0.0101372208499792	-0.0176420720166085
RLG_AlonCN58138Al_Ava_chr2A-299089_TSD	0.148	-0.009767933977486	-0.0165835554155181
RLG_AlonCN58138Al_Ava_chr2A-299103_TSD	0.148	-0.00996105592373381	-0.0172253258586376
RLG_AlonCN58138Al_Ava_chr2A-299202_TSD	0.111	-0.0101998126346429	-0.0176422314583285
RLG_AlonCN58138Al_Ava_chr2A-299210_TSD	1.248	-0.0102322075016384	-0.0175400522171597
RLG_AlonCN58138Al_Ava_chr2A-299228_TSD	0.074	-0.0100239665487537	-0.0178662928280972
RLG_AlonCN58138Al_Ava_chr2A-299248_TSD	0.222	-0.00993128365171195	-0.0168512274052193
RLG_AlonCN58138Al_Ava_chr2A-299371_TSD	1.132	-0.0097961561784089	-0.00942789892886978
RLG_AlonCN58138Al_Ava_chr2A-299713_TSD	0.148	-0.0102329520907498	-0.0182706483787122
RLG_AlonCN58138Al_Ava_chr2A-299806_TSD	0.074	-0.01004577339341	-0.0168082253020855
RLG_AlonCN58138Al_Ava_chr2A-299887_TSD	0.185	-0.00999298198011214	-0.0171803902417326
RLG_AlonCN58138Al_Ava_chr2A-299971_TSD	0.036	-0.0101748375847045	-0.0163940222655659
RLG_AlonCN58138Al_Ava_chr2A-299983_TSD	0.074	-0.0094127948186726	-0.0170278150562653
RLG_AlonCN58138Al_Ava_chr2A-299998_TSD	1.438	-0.00935559261926072	-0.0141304947106332
RLG_AlonCN58138Al_Ava_chr2A-300050_TSD	0.148	-0.00998691300857099	-0.0170221489374641
RLG_AlonCN58138Al_Ava_chr2A-300059_TSD	0.076	-0.0102109624817255	-0.0160617258077514
RLG_AlonCN58138Al_Ava_chr2A-300129_TSD	0.334	-0.00986909858565841	-0.0163554082242618
RLG_AlonCN58138Al_Ava_chr2A-300150_TSD	0.037	-0.00951020847757192	-0.0166584067395586
RLG_AlonCN58138Al_Ava_chr2A-300566_TSD	0.26	-0.0101110285610088	-0.0177509399678263
RLG_AlonCN58138Al_Ava_chr2A-300612_TSD	0.447	-0.0099416980542986	-0.0153530527910398
RLG_AlonCN58138Al_Ava_chr2A-300647_TSD	0.185	-0.010017784164727	-0.0180075270896262
RLG_AlonCN58138Al_Ava_chr2A-300670_TSD	0	-0.0096039520470325	-0.0178806333667192
RLG_AlonCN58138Al_Ava_chr2A-300691_TSD	1.231	-0.00908862115729115	-0.00103783812232835
RLG_AlonCN58138Al_Ava_chr2A-300862_TSD	1.111	-0.00979510743257224	-0.0090019565202519
RLG_AlonCN58138Al_Ava_chr2A-300939_TSD	1.04	-0.00923802351266342	-0.00564857132426659
RLG_AlonCN58138Al_Ava_chr2A-301213_TSD	0.074	-0.00955856566227151	-0.0166917788145094
RLG_AlonCN58138Al_Ava_chr2A-301338_TSD	1.417	-0.00995691865422715	-0.00725301112981148
RLG_AlonCN58138Al_Ava_chr2A-301357_TSD	0.372	-0.0101450740854028	-0.0176417437700524
RLG_AlonCN58138Al_Ava_chr2A-301479_TSD	0.148	-0.0100953108995336	-0.0154165772195091
RLG_AlonCN58138Al_Ava_chr2A-301575_TSD	0.783	-0.00898578589503703	-0.00180791664526087
RLG_AlonCN58138Al_Ava_chr2A-302347_TSD	1.472	-0.00912564747620541	-0.00101702170551671
RLG_AlonCN58138Al_Ava_chr2A-302366_TSD	0.26	-0.0100913062269685	-0.0169677898448719
RLG_AlonCN58138Al_Ava_chr2A-304896_TSD	0.819	-0.0092846928026804	-0.010653799564815
RLG_AlonCN58138Al_Ava_chr2A-305191_TSD	0.222	-0.0099289928403658	-0.0176455263947341
RLG_AlonCN58138Al_Ava_chr2A-307881_TSD	1.289	-0.00911026241218718	-0.00241692041352846
RLG_AlonCN58138Al_Ava_chr2A-315546_TSD	0.34	-0.0102976099061196	-0.0179729079063623
RLG_AlonCN58138Al_Ava_chr2A-315568_TSD	0.334	-0.0101968002274772	-0.0177920468188514
RLG_AlonCN58138Al_Ava_chr2A-325770_TSD	0.15	-0.0102098657880799	-0.0177394324308488
RLG_AlonCN58138Al_Ava_chr2A-329380_TSD	1.646	-0.00855661898328596	-0.00457868779840417
RLG_AlonCN58138Al_Ava_chr2A-329815_TSD	1.188	-0.00973004373913375	-0.00663578890372392
RLG_AlonCN58138Al_Ava_chr2A-330148_TSD	0.878	-0.00952051363401498	-0.0131174572055065
RLG_AlonCN58138Al_Ava_chr2A-330500_TSD	0.189	-0.00988392590473651	-0.0171906558069393
RLG_AlonCN58138Al_Ava_chr2A-372337_TSD	0.297	-0.00994274056428675	-0.0167217387513893
RLG_AlonCN58138Al_Ava_chr2A-384592_TSD	0.723	-0.00933006839938606	-0.008909628589191
RLG_AlonCN58138Al_Ava_chr2A-390023_TSD	1.288	-0.00940890181516921	-0.00832776622104458
RLG_AlonCN58138Al_Ava_chr2A-394953_TSD	0.957	-0.00961460680995437	-0.0082153305100044
RLG_AlonCN58138Al_Ava_chr2A-399781_TSD	0.844	-0.00879847839090649	-0.00037310787560123
RLG_AlonCN58138Al_Ava_chr2A-447674_TSD	0.734	-0.00968170341306336	-0.0117838220058357
RLG_AlonCN58138Al_Ava_chr2A-461615_TSD	0.111	-0.00994541528318108	-0.0176071292395444
RLG_AlonCN58138Al_Ava_chr2A-482641_TSD	0.147	-0.00977280158853162	-0.016594408376387
RLG_AlonCN58138Al_Ava_chr2A-483697_TSD	0.624	-0.00948464764614226	-0.00993564832532939
RLG_AlonCN58138Al_Ava_chr2A-502223_TSD	0.111	-0.00991558056604683	-0.0183604807346342
RLG_AlonCN58138Al_Ava_chr2A-550099_TSD	0.439	-0.00921896314667759	-0.00848505118966862
RLG_AlonCN58138Al_Ava_chr3A-034743_TSD	1.442	-0.00641166084084366	0.00405798357314279
RLG_AlonCN58138Al_Ava_chr3A-051088_TSD	0.628	-0.0093810917766407	-0.0109811380288637
RLG_AlonCN58138Al_Ava_chr3A-093239_TSD	0.655	-0.00983490653251205	-0.00638724901793208
RLG_AlonCN58138Al_Ava_chr3A-163279_TSD	0.369	-0.00952845335265989	-0.0136956085485537
RLG_AlonCN58138Al_Ava_chr3A-190596_TSD	0.192	-0.00998768871862588	-0.0175665107562414
RLG_AlonCN58138Al_Ava_chr3A-197998_TSD	1.368	-0.00788340991022295	0.00696436042245887
RLG_AlonCN58138Al_Ava_chr3A-210726_TSD	1.278	-0.00869546631553072	-0.000557986881879532
RLG_AlonCN58138Al_Ava_chr3A-220467_TSD	1.117	-0.0091076011284111	-4.2069326584558e-05
RLG_AlonCN58138Al_Ava_chr3A-243614_TSD	1.52	-0.00889217170562732	-0.0010585493799678
RLG_AlonCN58138Al_Ava_chr3A-256039_TSD	1.14	-0.00966021668097124	-0.00909367361738056
RLG_AlonCN58138Al_Ava_chr3A-258750_TSD	1.876	-0.00620642486635944	0.00301196313622122
RLG_AlonCN58138Al_Ava_chr3A-258913_TSD	1.538	-0.00777437491037002	0.00422151846802072
RLG_AlonCN58138Al_Ava_chr3A-260238_TSD	0.816	-0.00843355904013249	0.00185813230137369
RLG_AlonCN58138Al_Ava_chr3A-260349_TSD	1.712	-0.00844826956021487	0.000958302811620446
RLG_AlonCN58138Al_Ava_chr3A-260865_TSD	1.094	-0.00863740023154289	0.000694249497167792
RLG_AlonCN58138Al_Ava_chr3A-260878_TSD	0.488	-0.00940181419268734	-0.0141405953446475
RLG_AlonCN58138Al_Ava_chr3A-261029_TSD	0.496	-0.00947837586613667	-0.0139560055198958
RLG_AlonCN58138Al_Ava_chr3A-261088_TSD	0.968	-0.00953220894013031	-0.00923181413827583
RLG_AlonCN58138Al_Ava_chr3A-261323_TSD	1.38	-0.00887025132128674	-0.00300963599702689
RLG_AlonCN58138Al_Ava_chr3A-261712_TSD	0.037	-0.00999700015103545	-0.0179441439065318
RLG_AlonCN58138Al_Ava_chr3A-261937_TSD	0.563	-0.00962533376852148	-0.0131368129523821
RLG_AlonCN58138Al_Ava_chr3A-262016_TSD	0.564	-0.00934003852124284	-0.0132451363078898
RLG_AlonCN58138Al_Ava_chr3A-262304_TSD	0.111	-0.0100178040163857	-0.0178655485503201
RLG_AlonCN58138Al_Ava_chr3A-262409_TSD	0.185	-0.0100446267285503	-0.0177853615437982
RLG_AlonCN58138Al_Ava_chr3A-262475_TSD	0	-0.00982640137275828	-0.017075587794445
RLG_AlonCN58138Al_Ava_chr3A-262483_TSD	0	-0.00982863749426161	-0.0170705744221438
RLG_AlonCN58138Al_Ava_chr3A-262556_TSD	0.113	-0.00998975856472874	-0.015217320691096
RLG_AlonCN58138Al_Ava_chr3A-262682_TSD	0.568	-0.00977706689914601	-0.0135505078517205
RLG_AlonCN58138Al_Ava_chr3A-262766_TSD	0.656	-0.009511345115608	-0.0136920258007856
RLG_AlonCN58138Al_Ava_chr3A-262873_TSD	1	-0.0096215700522356	-0.0118694790213433
RLG_AlonCN58138Al_Ava_chr3A-262988_TSD	0.635	-0.00981334757430051	-0.00953441603261109
RLG_AlonCN58138Al_Ava_chr3A-263013_TSD	1.714	-0.00966315722222602	-0.0147768936834561
RLG_AlonCN58138Al_Ava_chr3A-263083_TSD	0.185	-0.00974622288170327	-0.0173936795024479
RLG_AlonCN58138Al_Ava_chr3A-263208_TSD	0.148	-0.0101412900723979	-0.0176498376271871
RLG_AlonCN58138Al_Ava_chr3A-263386_TSD	0.258	-0.0099937091718843	-0.0172317835818621
RLG_AlonCN58138Al_Ava_chr3A-263451_TSD	0.074	-0.00987265906931602	-0.0168292433445434
RLG_AlonCN58138Al_Ava_chr3A-263795_TSD	0.073	-0.0101464926666657	-0.0173728188769634
RLG_AlonCN58138Al_Ava_chr3A-264107_TSD	0.037	-0.0096041273755997	-0.0175588993108343
RLG_AlonCN58138Al_Ava_chr3A-264266_TSD	0.185	-0.00977173145443975	-0.0177576516157523
RLG_AlonCN58138Al_Ava_chr3A-264311_TSD	0.225	-0.0103212926523313	-0.0177055328602501
RLG_AlonCN58138Al_Ava_chr3A-264401_TSD	0.073	-0.0101372105527647	-0.0164565302421803
RLG_AlonCN58138Al_Ava_chr3A-264564_TSD	0.621	-0.00954294527807095	-0.0134044996892617
RLG_AlonCN58138Al_Ava_chr3A-264599_TSD	0.447	-0.0100382083046191	-0.0154014695524174
RLG_AlonCN58138Al_Ava_chr3A-264619_TSD	0.037	-0.00968675106806804	-0.0181201872408152
RLG_AlonCN58138Al_Ava_chr3A-264670_TSD	0.037	-0.00983260839424872	-0.0179832661014942
RLG_AlonCN58138Al_Ava_chr3A-264709_TSD	0.074	-0.010007163075765	-0.0179791131061725
RLG_AlonCN58138Al_Ava_chr3A-264750_TSD	0.673	-0.00953208812786695	-0.0133434296853634
RLG_AlonCN58138Al_Ava_chr3A-264766_TSD	1.313	-0.00973306245559172	-0.00696363891156104
RLG_AlonCN58138Al_Ava_chr3A-264784_TSD	0.447	-0.00945202708295347	-0.0167148791190235
RLG_AlonCN58138Al_Ava_chr3A-264800_TSD	0.115	-0.0101693249277395	-0.0175461211966794
RLG_AlonCN58138Al_Ava_chr3A-264833_TSD	0.074	-0.0098625575892178	-0.0177743663468371
RLG_AlonCN58138Al_Ava_chr3A-264913_TSD	0.674	-0.00950356903968779	-0.0138353004410738
RLG_AlonCN58138Al_Ava_chr3A-264922_TSD	0	-0.00989463131715865	-0.0183926193907719
RLG_AlonCN58138Al_Ava_chr3A-264961_TSD	0.633	-0.00948598375637449	-0.0136157929183748
RLG_AlonCN58138Al_Ava_chr3A-264985_TSD	0	-0.00989525071075225	-0.017093126619802
RLG_AlonCN58138Al_Ava_chr3A-265021_TSD	0.074	-0.00985532398861575	-0.0166269460239963
RLG_AlonCN58138Al_Ava_chr3A-265072_TSD	0	-0.00995415808197801	-0.017079852750021
RLG_AlonCN58138Al_Ava_chr3A-265088_TSD	0.111	-0.00954301475565817	-0.0146319979174627
RLG_AlonCN58138Al_Ava_chr3A-265186_TSD	0.516	-0.0095849853732313	-0.0124044381526144
RLG_AlonCN58138Al_Ava_chr3A-265225_TSD	0.074	-0.00994206225063961	-0.0169929687247696
RLG_AlonCN58138Al_Ava_chr3A-265236_TSD	0.345	-0.0103172879447424	-0.0175887383189125
RLG_AlonCN58138Al_Ava_chr3A-265316_TSD	0.037	-0.00977057185571956	-0.0180799261724065
RLG_AlonCN58138Al_Ava_chr3A-265360_TSD	0.306	-0.0100526957709059	-0.0158028296404529
RLG_AlonCN58138Al_Ava_chr3A-265414_TSD	0.715	-0.00942903248141651	-0.0132769270857061
RLG_AlonCN58138Al_Ava_chr3A-265425_TSD	0.475	-0.00965795558523844	-0.0133437610826409
RLG_AlonCN58138Al_Ava_chr3A-265520_TSD	0.148	-0.00987787313004518	-0.0183003715757959
RLG_AlonCN58138Al_Ava_chr3A-265581_TSD	0	-0.0100188755143115	-0.0176665391853887
RLG_AlonCN58138Al_Ava_chr3A-265595_TSD	0.111	-0.0101757372395552	-0.0172133037090734
RLG_AlonCN58138Al_Ava_chr3A-265675_TSD	0.502	-0.00956552252738174	-0.0143366578121592
RLG_AlonCN58138Al_Ava_chr3A-265729_TSD	0.297	-0.010228027925993	-0.0172707278198483
RLG_AlonCN58138Al_Ava_chr3A-265833_TSD	0.074	-0.0100342509849636	-0.0180356910088764
RLG_AlonCN58138Al_Ava_chr3A-265850_TSD	0.037	-0.0100537654549634	-0.0180121863710419
RLG_AlonCN58138Al_Ava_chr3A-265957_TSD	0.222	-0.0101701384450356	-0.017864639281515
RLG_AlonCN58138Al_Ava_chr3A-265979_TSD	0.036	-0.00975852773368321	-0.0174724127496183
RLG_AlonCN58138Al_Ava_chr3A-266260_TSD	0	-0.00978009659617251	-0.0183183600060832
RLG_AlonCN58138Al_Ava_chr3A-266366_TSD	0.113	-0.00966102288594512	-0.015527437079064
RLG_AlonCN58138Al_Ava_chr3A-266453_TSD	0.222	-0.0101752246669145	-0.0171149126244399
RLG_AlonCN58138Al_Ava_chr3A-266581_TSD	0.037	-0.00988192721480077	-0.0179279244590759
RLG_AlonCN58138Al_Ava_chr3A-266648_TSD	0.111	-0.00975148243081557	-0.015601733024583
RLG_AlonCN58138Al_Ava_chr3A-266715_TSD	0.222	-0.0102905520107442	-0.0177448522979382
RLG_AlonCN58138Al_Ava_chr3A-266930_TSD	1.25	-0.00933344469349464	-0.00869941009202118
RLG_AlonCN58138Al_Ava_chr3A-267184_TSD	0.447	-0.009826667190684	-0.0162952750955175
RLG_AlonCN58138Al_Ava_chr3A-267232_TSD	0.148	-0.00964291775528664	-0.0161791887795612
RLG_AlonCN58138Al_Ava_chr3A-267414_TSD	0.223	-0.00996812986387665	-0.0174271470261812
RLG_AlonCN58138Al_Ava_chr3A-267436_TSD	0.111	-0.00951929404288375	-0.0162109473503689
RLG_AlonCN58138Al_Ava_chr3A-267464_TSD	0.111	-0.00991119787100341	-0.0183501329913157
RLG_AlonCN58138Al_Ava_chr3A-267527_TSD	0.073	-0.00962830796936543	-0.015637921860647
RLG_AlonCN58138Al_Ava_chr3A-267547_TSD	0.075	-0.010019794256968	-0.0177671463398349
RLG_AlonCN58138Al_Ava_chr3A-267610_TSD	0.111	-0.00989528374508228	-0.0179981806107912
RLG_AlonCN58138Al_Ava_chr3A-267639_TSD	0.148	-0.00998832899209779	-0.0177885976785013
RLG_AlonCN58138Al_Ava_chr3A-267783_TSD	0.526	-0.00993597124343727	-0.014002463500454
RLG_AlonCN58138Al_Ava_chr3A-267844_TSD	0.222	-0.00966179717263728	-0.0179593380653353
RLG_AlonCN58138Al_Ava_chr3A-267907_TSD	1.854	-0.00967788086311802	-0.0167163748006126
RLG_AlonCN58138Al_Ava_chr3A-267959_TSD	0.036	-0.00981651799277471	-0.0164123346790569
RLG_AlonCN58138Al_Ava_chr3A-268046_TSD	0.268	-0.0100465363587142	-0.0178605590105578
RLG_AlonCN58138Al_Ava_chr3A-268076_TSD	0.605	-0.00963979886410492	-0.0124666506813622
RLG_AlonCN58138Al_Ava_chr3A-268126_TSD	0.111	-0.010314479933736	-0.017371543701472
RLG_AlonCN58138Al_Ava_chr3A-268356_TSD	0.185	-0.0100572451007705	-0.0168172241883984
RLG_AlonCN58138Al_Ava_chr3A-268457_TSD	0.269	-0.0100586424977238	-0.0151178119786108
RLG_AlonCN58138Al_Ava_chr3A-268527_TSD	0.074	-0.00990234701654473	-0.0178205833159972
RLG_AlonCN58138Al_Ava_chr3A-268662_TSD	0.889	-0.00958753439845293	-0.013077446367776
RLG_AlonCN58138Al_Ava_chr3A-268796_TSD	0.322	-0.00956485386826386	-0.013764104208053
RLG_AlonCN58138Al_Ava_chr3A-268883_TSD	1.143	-0.00943120346734787	-0.006430422969609
RLG_AlonCN58138Al_Ava_chr3A-268968_TSD	0.6	-0.00938892105524287	-0.0154438670626697
RLG_AlonCN58138Al_Ava_chr3A-269141_TSD	0.747	-0.00953607709200049	-0.0134507044088156
RLG_AlonCN58138Al_Ava_chr3A-269175_TSD	1.054	-0.0091607862113809	-0.0105215755306293
RLG_AlonCN58138Al_Ava_chr3A-269232_TSD	1.025	-0.00972050929936226	-0.00883651415805745
RLG_AlonCN58138Al_Ava_chr3A-269360_TSD	0.863	-0.00975033529973472	-0.0138791434462014
RLG_AlonCN58138Al_Ava_chr3A-269629_TSD	0.222	-0.00947266088553345	-0.0159588350535317
RLG_AlonCN58138Al_Ava_chr3A-269690_TSD	0.147	-0.00957088046664556	-0.0169220518795247
RLG_AlonCN58138Al_Ava_chr3A-269846_TSD	0.611	-0.00980100250128429	-0.0151918807805698
RLG_AlonCN58138Al_Ava_chr3A-270559_TSD	1.307	-0.00784701855120486	0.00631461461924243
RLG_AlonCN58138Al_Ava_chr3A-279514_TSD	1.07	-0.00954024500135375	-0.0106466067896745
RLG_AlonCN58138Al_Ava_chr3A-285026_TSD	0.26	-0.00996335235141134	-0.0168505195799842
RLG_AlonCN58138Al_Ava_chr3A-286309_TSD	0.621	-0.00964554662516437	-0.0126083493265868
RLG_AlonCN58138Al_Ava_chr3A-302380_TSD	0.542	-0.00948947580077571	-0.00897231027339521
RLG_AlonCN58138Al_Ava_chr3A-308077_TSD	1.686	-0.00810181394156881	0.00300549944355695
RLG_AlonCN58138Al_Ava_chr3A-326574_TSD	1.415	-0.00826967010043219	0.00621204110132743
RLG_AlonCN58138Al_Ava_chr3A-331256_TSD	0.222	-0.00992552334796406	-0.0171514557624965
RLG_AlonCN58138Al_Ava_chr3A-362845_TSD	0.817	-0.00996671296418592	-0.01526144965673
RLG_AlonCN58138Al_Ava_chr3A-368787_TSD	0.737	-0.00967021583598102	-0.00922204807027059
RLG_AlonCN58138Al_Ava_chr3A-430625_TSD	1.298	-0.00582554772014045	0.00365354649376842
RLG_AlonCN58138Al_Ava_chr3A-465591_TSD	0.723	-0.00962883182697398	-0.010362353932196
RLG_AlonCN58138Al_Ava_chr3A-471426_TSD	0.788	-0.00918158287438609	-0.00443291548390837
RLG_AlonCN58138Al_Ava_chr3A-484452_TSD	1.155	-0.00929946672045427	-0.00579801782444439
RLG_AlonCN58138Al_Ava_chr3A-511476_TSD	1.561	-0.0087097584514142	-0.00511443278114468
RLG_AlonCN58138Al_Ava_chr3A-519287_TSD	0.111	-0.00921569277962179	-0.01491938951805
RLG_AlonCN58138Al_Ava_chr3A-523708_TSD	0.073	-0.00980611590976696	-0.0175672638005207
RLG_AlonCN58138Al_Ava_chr3A-559960_TSD	1.133	-0.00913452169545741	-0.000847170708092554
RLG_AlonCN58138Al_Ava_chr4A-023989_TSD	1.053	-0.00955328516174093	-0.00464064743159406
RLG_AlonCN58138Al_Ava_chr4A-025260_TSD	1.682	-0.00748704629103676	0.00576060907508697
RLG_AlonCN58138Al_Ava_chr4A-027880_TSD	1.518	-0.00820602510431678	0.00666055349761765
RLG_AlonCN58138Al_Ava_chr4A-032169_TSD	1.131	-0.00813831468381676	0.0041350581446758
RLG_AlonCN58138Al_Ava_chr4A-046761_TSD	1.439	-0.00879724214844087	-0.000747895183780734
RLG_AlonCN58138Al_Ava_chr4A-052707_TSD	0.445	-0.0102505380695584	-0.0179968146464017
RLG_AlonCN58138Al_Ava_chr4A-120263_TSD	0.222	-0.00961246554393703	-0.0138730277940992
RLG_AlonCN58138Al_Ava_chr4A-126718_TSD	0.111	-0.00999834770846438	-0.018233506495017
RLG_AlonCN58138Al_Ava_chr4A-139077_TSD	0.882	-0.00965224958146879	-0.0142829235443373
RLG_AlonCN58138Al_Ava_chr4A-148643_TSD	1.974	-0.00604993929621944	0.00394786661738909
RLG_AlonCN58138Al_Ava_chr4A-151559_TSD	0.41	-0.00970073131782111	-0.0154524567030798
RLG_AlonCN58138Al_Ava_chr4A-155914_TSD	0.148	-0.0100716285137884	-0.017214458241502
RLG_AlonCN58138Al_Ava_chr4A-155940_TSD	0.15	-0.010032549455682	-0.0172762166202064
RLG_AlonCN58138Al_Ava_chr4A-156382_TSD	1.623	-0.0077542632677416	0.00511518461494229
RLG_AlonCN58138Al_Ava_chr4A-158668_TSD	1.37	-0.00958892112159605	-0.00522480901275879
RLG_AlonCN58138Al_Ava_chr4A-158931_TSD	1.298	-0.00946653830155098	-0.00394988386573419
RLG_AlonCN58138Al_Ava_chr4A-159038_TSD	0.929	-0.008823055968588	-0.000428630064676078
RLG_AlonCN58138Al_Ava_chr4A-159131_TSD	0.037	-0.0101710853216536	-0.0180132222700648
RLG_AlonCN58138Al_Ava_chr4A-159268_TSD	0.809	-0.00917897856217168	-0.00967981190038247
RLG_AlonCN58138Al_Ava_chr4A-159495_TSD	0.628	-0.0092884457893021	-0.00782848372130969
RLG_AlonCN58138Al_Ava_chr4A-159569_TSD	0.037	-0.00993985527583366	-0.0170081688897012
RLG_AlonCN58138Al_Ava_chr4A-159670_TSD	0.799	-0.00981721942084476	-0.0110825172377856
RLG_AlonCN58138Al_Ava_chr4A-159790_TSD	0.474	-0.00948093102709232	-0.0121244478472218
RLG_AlonCN58138Al_Ava_chr4A-159872_TSD	0.37	-0.00985814980710169	-0.0173175130451474
RLG_AlonCN58138Al_Ava_chr4A-160033_TSD	0.263	-0.0102240000398423	-0.0182164853713893
RLG_AlonCN58138Al_Ava_chr4A-160041_TSD	0.999	-0.00986028221242455	-0.0162633248172131
RLG_AlonCN58138Al_Ava_chr4A-160284_TSD	0.334	-0.0100799838428214	-0.0149280147153221
RLG_AlonCN58138Al_Ava_chr4A-160328_TSD	0.297	-0.00978665838040303	-0.0176808398887745
RLG_AlonCN58138Al_Ava_chr4A-160397_TSD	0.112	-0.00971031085058549	-0.0168542208547513
RLG_AlonCN58138Al_Ava_chr4A-160459_TSD	0	-0.00997135751862034	-0.0175396686310376
RLG_AlonCN58138Al_Ava_chr4A-160492_TSD	0.185	-0.00983182208654537	-0.0157165283095547
RLG_AlonCN58138Al_Ava_chr4A-160589_TSD	0.26	-0.0100450815269734	-0.0176015464514682
RLG_AlonCN58138Al_Ava_chr4A-160609_TSD	0.848	-0.00941300965909794	-0.0101865579152989
RLG_AlonCN58138Al_Ava_chr4A-160663_TSD	0.148	-0.0101759751074424	-0.0181727615380742
RLG_AlonCN58138Al_Ava_chr4A-160780_TSD	0.222	-0.0101945655362297	-0.0150927040227125
RLG_AlonCN58138Al_Ava_chr4A-160801_TSD	0.148	-0.0102284638810121	-0.0170139045431185
RLG_AlonCN58138Al_Ava_chr4A-161027_TSD	0.148	-0.00990350555917797	-0.0171471739406871
RLG_AlonCN58138Al_Ava_chr4A-161157_TSD	0.372	-0.0100923148646415	-0.0177184367526693
RLG_AlonCN58138Al_Ava_chr4A-161224_TSD	0.037	-0.00989904195153007	-0.0182452143436088
RLG_AlonCN58138Al_Ava_chr4A-161337_TSD	0.296	-0.0103559514491537	-0.0187847940602203
RLG_AlonCN58138Al_Ava_chr4A-161414_TSD	0.222	-0.00994909401912308	-0.017073029562881
RLG_AlonCN58138Al_Ava_chr4A-161468_TSD	0.113	-0.00994357814726081	-0.0171422971146301
RLG_AlonCN58138Al_Ava_chr4A-161788_TSD	0.075	-0.00986319589739922	-0.0175465840549787
RLG_AlonCN58138Al_Ava_chr4A-161815_TSD	1.07	-0.00835183135559473	0.00150811666455267
RLG_AlonCN58138Al_Ava_chr4A-161862_TSD	0.074	-0.00995603734289397	-0.0170246036544351
RLG_AlonCN58138Al_Ava_chr4A-161929_TSD	0.264	-0.0101161789531926	-0.0168319542512865
RLG_AlonCN58138Al_Ava_chr4A-162132_TSD	0.973	-0.00945330289836645	-0.00517783365919673
RLG_AlonCN58138Al_Ava_chr4A-162359_TSD	0.111	-0.0099544432799175	-0.0172941735179933
RLG_AlonCN58138Al_Ava_chr4A-162386_TSD	1.146	-0.00836065963812833	0.00152888926387018
RLG_AlonCN58138Al_Ava_chr4A-162414_TSD	0.296	-0.0101894711628382	-0.017356026417578
RLG_AlonCN58138Al_Ava_chr4A-162458_TSD	0.037	-0.00993147756156928	-0.0180411418532586
RLG_AlonCN58138Al_Ava_chr4A-162565_TSD	0.074	-0.0101732806633238	-0.0181152826483858
RLG_AlonCN58138Al_Ava_chr4A-162593_TSD	0.297	-0.0102024443065651	-0.0168984830002331
RLG_AlonCN58138Al_Ava_chr4A-162657_TSD	0.037	-0.0101770524130035	-0.0183859987793696
RLG_AlonCN58138Al_Ava_chr4A-162696_TSD	0.111	-0.010003806824328	-0.0174285411160869
RLG_AlonCN58138Al_Ava_chr4A-163207_TSD	0.188	-0.00975592667946311	-0.01700043126896
RLG_AlonCN58138Al_Ava_chr4A-163248_TSD	0.984	-0.00950051476659247	-0.00857148391996108
RLG_AlonCN58138Al_Ava_chr4A-163284_TSD	1.097	-0.0096913300809944	-0.00455909938050219
RLG_AlonCN58138Al_Ava_chr4A-163345_TSD	0.074	-0.00991128450233575	-0.0156574778997062
RLG_AlonCN58138Al_Ava_chr4A-163436_TSD	0.297	-0.0102959390189155	-0.0173712506440996
RLG_AlonCN58138Al_Ava_chr4A-163508_TSD	0.607	-0.00929808539649079	-0.0128217114562161
RLG_AlonCN58138Al_Ava_chr4A-163519_TSD	0.148	-0.00991732816308254	-0.0165091057374884
RLG_AlonCN58138Al_Ava_chr4A-163539_TSD	1.014	-0.00979485092977216	-0.00441421881723434
RLG_AlonCN58138Al_Ava_chr4A-163567_TSD	0.431	-0.00968397953579067	-0.0133319123431277
RLG_AlonCN58138Al_Ava_chr4A-163644_TSD	0.297	-0.00939850942012753	-0.0150073049558072
RLG_AlonCN58138Al_Ava_chr4A-163797_TSD	0.26	-0.0099732522818491	-0.0173192028632393
RLG_AlonCN58138Al_Ava_chr4A-163965_TSD	0.111	-0.00927490180237811	-0.0168891004640229
RLG_AlonCN58138Al_Ava_chr4A-163991_TSD	0.112	-0.0101325673802738	-0.0179170331234122
RLG_AlonCN58138Al_Ava_chr4A-164065_TSD	0.11	-0.010024832395256	-0.0178475490699174
RLG_AlonCN58138Al_Ava_chr4A-164206_TSD	0.11	-0.00995775806753157	-0.0170610144508555
RLG_AlonCN58138Al_Ava_chr4A-164343_TSD	0	-0.00988622548810444	-0.0184474412340901
RLG_AlonCN58138Al_Ava_chr4A-164359_TSD	0.185	-0.00992657959158159	-0.0177934387867134
RLG_AlonCN58138Al_Ava_chr4A-164483_TSD	0.669	-0.00962251380859099	-0.0102438399123041
RLG_AlonCN58138Al_Ava_chr4A-164499_TSD	0.222	-0.0100468678188874	-0.016689014163706
RLG_AlonCN58138Al_Ava_chr4A-164515_TSD	0.148	-0.00995495673784035	-0.0173761216619705
RLG_AlonCN58138Al_Ava_chr4A-164794_TSD	0.416	-0.00997090628885587	-0.0175497785423863
RLG_AlonCN58138Al_Ava_chr4A-164849_TSD	0.113	-0.00999663368137374	-0.0175507475936642
RLG_AlonCN58138Al_Ava_chr4A-165079_TSD	0.185	-0.0100278644544643	-0.0180829579314905
RLG_AlonCN58138Al_Ava_chr4A-165176_TSD	0.391	-0.0101778224254801	-0.0177011185779394
RLG_AlonCN58138Al_Ava_chr4A-165301_TSD	0.296	-0.0101494331682951	-0.0182327754826078
RLG_AlonCN58138Al_Ava_chr4A-165332_TSD	0.074	-0.00988347692855463	-0.0183588646305669
RLG_AlonCN58138Al_Ava_chr4A-165385_TSD	0.794	-0.00994841807340891	-0.0147287164160706
RLG_AlonCN58138Al_Ava_chr4A-165586_TSD	0	-0.00998917532576684	-0.0174020562894087
RLG_AlonCN58138Al_Ava_chr4A-165609_TSD	0.259	-0.0100083207912518	-0.0172680866569552
RLG_AlonCN58138Al_Ava_chr4A-165649_TSD	0.655	-0.00947216371547299	-0.0131875380265667
RLG_AlonCN58138Al_Ava_chr4A-165725_TSD	0.185	-0.010006593264593	-0.0175650347038309
RLG_AlonCN58138Al_Ava_chr4A-165982_TSD	0.863	-0.00999762217308833	-0.0181632306075345
RLG_AlonCN58138Al_Ava_chr4A-166012_TSD	0.148	-0.00989066976463864	-0.0180613868650871
RLG_AlonCN58138Al_Ava_chr4A-166086_TSD	0.149	-0.00987687607322029	-0.0158097836734786
RLG_AlonCN58138Al_Ava_chr4A-166120_TSD	0.036	-0.00994010156797108	-0.0181081357560248
RLG_AlonCN58138Al_Ava_chr4A-166246_TSD	1.017	-0.00986802921453434	-0.0176904009937718
RLG_AlonCN58138Al_Ava_chr4A-166452_TSD	0.152	-0.00996413644824292	-0.0174658046822314
RLG_AlonCN58138Al_Ava_chr4A-166485_TSD	0.335	-0.00989316321784068	-0.0166164211975403
RLG_AlonCN58138Al_Ava_chr4A-166532_TSD	0.037	-0.0099242947509641	-0.0181536738791166
RLG_AlonCN58138Al_Ava_chr4A-166789_TSD	0.073	-0.00990014521873338	-0.0158796031776754
RLG_AlonCN58138Al_Ava_chr4A-167042_TSD	0.184	-0.0100282406395931	-0.0152792519460493
RLG_AlonCN58138Al_Ava_chr4A-167175_TSD	0.636	-0.0100097344821718	-0.0145874231920428
RLG_AlonCN58138Al_Ava_chr4A-167218_TSD	0.148	-0.0100480637336363	-0.0182326431451116
RLG_AlonCN58138Al_Ava_chr4A-167292_TSD	0.148	-0.00996773867356511	-0.0179696828582517
RLG_AlonCN58138Al_Ava_chr4A-167404_TSD	0.687	-0.0101808994324541	-0.0154621290691581
RLG_AlonCN58138Al_Ava_chr4A-167509_TSD	0.916	-0.00962239211534264	-0.0115532915805822
RLG_AlonCN58138Al_Ava_chr4A-168323_TSD	0.524	-0.0101078812569333	-0.0174316658952538
RLG_AlonCN58138Al_Ava_chr4A-168544_TSD	0.193	-0.00971443374874818	-0.0171868555489671
RLG_AlonCN58138Al_Ava_chr4A-168600_TSD	0.264	-0.0101501818829996	-0.0192422418804088
RLG_AlonCN58138Al_Ava_chr4A-168809_TSD	0.793	-0.00942395498445417	-0.0118429565764234
RLG_AlonCN58138Al_Ava_chr4A-168854_TSD	0.222	-0.00990233784787497	-0.018156181613749
RLG_AlonCN58138Al_Ava_chr4A-168879_TSD	0.15	-0.00986754081161513	-0.0175972720309786
RLG_AlonCN58138Al_Ava_chr4A-169441_TSD	0.074	-0.0101719660663002	-0.0182684743745707
RLG_AlonCN58138Al_Ava_chr4A-170123_TSD	1.753	-0.00816466568794546	0.00234618636855406
RLG_AlonCN58138Al_Ava_chr4A-189084_TSD	1.679	-0.00832965859182462	0.00208992157881546
RLG_AlonCN58138Al_Ava_chr4A-195034_TSD	0.409	-0.00989847294509804	-0.0174422115576278
RLG_AlonCN58138Al_Ava_chr4A-201232_TSD	0.647	-0.00980013093674376	-0.0134361691978372
RLG_AlonCN58138Al_Ava_chr4A-225977_TSD	0.797	-0.00951023063530624	-0.0134979515421909
RLG_AlonCN58138Al_Ava_chr4A-241707_TSD	0.931	-0.00983630333179652	-0.0130416557008828
RLG_AlonCN58138Al_Ava_chr4A-258475_TSD	1.517	-0.0090618812240508	-0.00205816726235528
RLG_AlonCN58138Al_Ava_chr4A-358152_TSD	0.297	-0.0096324781781834	-0.0159307251020569
RLG_AlonCN58138Al_Ava_chr4A-422164_TSD	0.697	-0.00953695426649784	-0.0121205373446544
RLG_AlonCN58138Al_Ava_chr4A-433997_TSD	0.764	-0.00953235964562244	-0.0118996295524919
RLG_AlonCN58138Al_Ava_chr4A-448581_TSD	0.904	-0.00917192472379786	-0.00239872646585022
RLG_AlonCN58138Al_Ava_chr5A-004588_TSD	0.037	-0.0100003695218619	-0.0167110659957555
RLG_AlonCN58138Al_Ava_chr5A-022122_TSD	0.148	-0.0102089943749276	-0.0170218302343082
RLG_AlonCN58138Al_Ava_chr5A-032033_TSD	0.111	-0.0101338741767772	-0.0179811729538237
RLG_AlonCN58138Al_Ava_chr5A-061348_TSD	0.941	-0.00934815158223372	-0.00448888450482066
RLG_AlonCN58138Al_Ava_chr5A-080523_TSD	0.485	-0.0098464487484977	-0.0156738950583513
RLG_AlonCN58138Al_Ava_chr5A-098541_TSD	1.024	-0.00982896703211917	-0.0105190664598042
RLG_AlonCN58138Al_Ava_chr5A-122365_TSD	1.215	-0.00871509011816829	-0.00105465636174645
RLG_AlonCN58138Al_Ava_chr5A-127326_TSD	0.263	-0.0103038202382034	-0.018696742703411
RLG_AlonCN58138Al_Ava_chr5A-128536_TSD	1.264	-0.00808418822158763	-0.000597304766865874
RLG_AlonCN58138Al_Ava_chr5A-171029_TSD	0.365	-0.00925055921750392	-0.0106586181632276
RLG_AlonCN58138Al_Ava_chr5A-171036_TSD	0.403	-0.00966741418684506	-0.0109733188448445
RLG_AlonCN58138Al_Ava_chr5A-184516_TSD	0.222	-0.0100238501594528	-0.0177196977554082
RLG_AlonCN58138Al_Ava_chr5A-199885_TSD	1.085	-0.00918612004924637	-0.000795927874745221
RLG_AlonCN58138Al_Ava_chr5A-274156_TSD	0.914	-0.00943913139222334	-0.00984141772990352
RLG_AlonCN58138Al_Ava_chr5A-274605_TSD	0.259	-0.0103589367381556	-0.018298709020576
RLG_AlonCN58138Al_Ava_chr5A-280484_TSD	1.158	-0.00939991018716422	-0.00546666744158216
RLG_AlonCN58138Al_Ava_chr5A-280695_TSD	0.111	-0.00971424737269328	-0.0171389000876588
RLG_AlonCN58138Al_Ava_chr5A-282872_TSD	1.159	-0.00918313652111628	-0.00834482043214516
RLG_AlonCN58138Al_Ava_chr5A-285233_TSD	0.674	-0.00979715981843607	-0.0137158930327492
RLG_AlonCN58138Al_Ava_chr5A-285414_TSD	0.151	-0.00987722138596339	-0.018007478869617
RLG_AlonCN58138Al_Ava_chr5A-285808_TSD	0.221	-0.00979034497894759	-0.0172747886881562
RLG_AlonCN58138Al_Ava_chr5A-285986_TSD	0.111	-0.00979421190449927	-0.0181042676071154
RLG_AlonCN58138Al_Ava_chr5A-286065_TSD	0.189	-0.00996474814813158	-0.0164645713285673
RLG_AlonCN58138Al_Ava_chr5A-286214_TSD	0.185	-0.010334345766941	-0.0172965931209475
RLG_AlonCN58138Al_Ava_chr5A-286231_TSD	0.185	-0.0100636493478843	-0.01545193125398
RLG_AlonCN58138Al_Ava_chr5A-287141_TSD	0.185	-0.00987442709584639	-0.0170225099184221
RLG_AlonCN58138Al_Ava_chr5A-287189_TSD	0.297	-0.00984876038611334	-0.0175192432492792
RLG_AlonCN58138Al_Ava_chr5A-287562_TSD	0.148	-0.00983894014397081	-0.0172694871731689
RLG_AlonCN58138Al_Ava_chr5A-287628_TSD	0.372	-0.00984713171974343	-0.0179468502375047
RLG_AlonCN58138Al_Ava_chr5A-287721_TSD	0.037	-0.00983821884154325	-0.0180706210168991
RLG_AlonCN58138Al_Ava_chr5A-287737_TSD	1.379	-0.00961012080021197	-0.00954539985086797
RLG_AlonCN58138Al_Ava_chr5A-287948_TSD	0.647	-0.00999302609349021	-0.0150503372089789
RLG_AlonCN58138Al_Ava_chr5A-288088_TSD	0.148	-0.00999110913484418	-0.0176255658225017
RLG_AlonCN58138Al_Ava_chr5A-288206_TSD	0.222	-0.00992834487396439	-0.0169055362065852
RLG_AlonCN58138Al_Ava_chr5A-288388_TSD	0.074	-0.00988717879948117	-0.0181763632595906
RLG_AlonCN58138Al_Ava_chr5A-288502_TSD	1.08	-0.00930974035585487	-0.00580071459299692
RLG_AlonCN58138Al_Ava_chr5A-288728_TSD	0.222	-0.00985266773357084	-0.0181554857934214
RLG_AlonCN58138Al_Ava_chr5A-288751_TSD	0.711	-0.00965208931244124	-0.0106147972489829
RLG_AlonCN58138Al_Ava_chr5A-288796_TSD	0.263	-0.00978256935158548	-0.0175856741254532
RLG_AlonCN58138Al_Ava_chr5A-288860_TSD	0.111	-0.0098507060610874	-0.017190443742529
RLG_AlonCN58138Al_Ava_chr5A-289112_TSD	1.404	-0.00800621097832466	0.00734755034697388
RLG_AlonCN58138Al_Ava_chr5A-289132_TSD	0.185	-0.00987786279738654	-0.0174407499888611
RLG_AlonCN58138Al_Ava_chr5A-289611_TSD	1.183	-0.00854181160597253	0.000354429268052061
RLG_AlonCN58138Al_Ava_chr5A-289780_TSD	0.148	-0.00969026764136193	-0.0173014195371348
RLG_AlonCN58138Al_Ava_chr5A-290896_TSD	1.304	-0.0093955224855342	-0.00471035086887886
RLG_AlonCN58138Al_Ava_chr5A-291436_TSD	0.969	-0.00952196183557117	-0.0128873330517954
RLG_AlonCN58138Al_Ava_chr5A-309580_TSD	1.184	-0.00931699557885108	-0.0024881933128285
RLG_AlonCN58138Al_Ava_chr5A-331784_TSD	0.904	-0.00953480711575561	-0.0127773130361224
RLG_AlonCN58138Al_Ava_chr5A-354785_TSD	0.98	-0.00955408077309908	-0.0100793229986082
RLG_AlonCN58138Al_Ava_chr5A-369642_TSD	1.056	-0.00973719350999657	-0.00990987432612918
RLG_AlonCN58138Al_Ava_chr5A-388140_TSD	0.605	-0.00996182806327862	-0.0111257328193866
RLG_AlonCN58138Al_Ava_chr5A-437062_TSD	0.522	-0.00983017121366046	-0.0165911138490054
RLG_AlonCN58138Al_Ava_chr5A-440808_TSD	0.819	-0.00985770282551693	-0.0109626260061704
RLG_AlonCN58138Al_Ava_chr5A-445586_TSD	0.26	-0.00997992699983929	-0.0176361941182474
RLG_AlonCN58138Al_Ava_chr5A-456542_TSD	0.037	-0.00970421659549125	-0.0165456717707602
RLG_AlonCN58138Al_Ava_chr5A-479142_TSD	0.26	-0.00981674667199183	-0.0168011259742836
RLG_AlonCN58138Al_Ava_chr5A-485288_TSD	0.78	-0.00933997026407355	-0.00135660833127859
RLG_AlonCN58138Al_Ava_chr5A-491974_TSD	0.799	-0.0100923323625165	-0.00931752133062945
RLG_AlonCN58138Al_Ava_chr5A-494889_TSD	0.576	-0.00963677049762436	-0.0134442892197801
RLG_AlonCN58138Al_Ava_chr5A-527306_TSD	1.48	-0.00804547131713756	0.00574616005785389
RLG_AlonCN58138Al_Ava_chr5A-536947_TSD	0	-0.00968135903571845	-0.0166173352217276
RLG_AlonCN58138Al_Ava_chr5A-539362_TSD	1.018	-0.0100716439361209	-0.00958277080559409
RLG_AlonCN58138Al_Ava_chr5A-541556_TSD	0.111	-0.00986141371108159	-0.0162796700815787
RLG_AlonCN58138Al_Ava_chr5A-544160_TSD	0.634	-0.009514799641801	-0.0121622506236987
RLG_AlonCN58138Al_Ava_chr5A-557940_TSD	0.677	-0.00954413837687369	-0.00893949092954571
RLG_AlonCN58138Al_Ava_chr6A-032616_TSD	0.808	-0.00983791520509859	-0.0119046938944945
RLG_AlonCN58138Al_Ava_chr6A-042556_TSD	1.063	-0.00865347979866126	0.000700189154882116
RLG_AlonCN58138Al_Ava_chr6A-054660_TSD	1.959	-0.00808656870377859	0.00515208041387737
RLG_AlonCN58138Al_Ava_chr6A-060464_TSD	0.037	-0.00996199121203818	-0.0173730753130539
RLG_AlonCN58138Al_Ava_chr6A-088008_TSD	0.951	-0.00954761525593727	-0.00958852705003338
RLG_AlonCN58138Al_Ava_chr6A-129839_TSD	1.31	-0.00961171395509951	-0.00585780866804236
RLG_AlonCN58138Al_Ava_chr6A-142614_TSD	1.13	-0.00935572083232477	-0.00400437844230301
RLG_AlonCN58138Al_Ava_chr6A-154223_TSD	1.342	-0.00917579156972798	-0.00460967056552747
RLG_AlonCN58138Al_Ava_chr6A-177503_TSD	1.476	-0.00937355189418364	-0.0079758543205087
RLG_AlonCN58138Al_Ava_chr6A-178962_TSD	0.037	-0.00999847901405234	-0.0181909104380293
RLG_AlonCN58138Al_Ava_chr6A-188628_TSD	1.63	-0.00808047157601642	0.00632335476940779
RLG_AlonCN58138Al_Ava_chr6A-192754_TSD	1.419	-0.0079853947106387	0.00625092880747901
RLG_AlonCN58138Al_Ava_chr6A-193607_TSD	1.865	-0.00856124325335579	-0.000342796569685238
RLG_AlonCN58138Al_Ava_chr6A-195591_TSD	0.825	-0.00971992312781683	-0.0101543821367527
RLG_AlonCN58138Al_Ava_chr6A-198809_TSD	1.363	-0.00916506559768304	-0.00250847477851367
RLG_AlonCN58138Al_Ava_chr6A-198930_TSD	1.183	-0.00929568683605015	-0.00443851574614583
RLG_AlonCN58138Al_Ava_chr6A-199289_TSD	1.487	-0.00815017787231694	0.00603993403941137
RLG_AlonCN58138Al_Ava_chr6A-199413_TSD	1.292	-0.00801467606448698	0.00657581515290748
RLG_AlonCN58138Al_Ava_chr6A-199539_TSD	1.569	-0.00815980482544353	0.00708828475537938
RLG_AlonCN58138Al_Ava_chr6A-199787_TSD	1.461	-0.00743651361271181	0.00648742151724266
RLG_AlonCN58138Al_Ava_chr6A-200659_TSD	1.176	-0.00890661903302923	-0.00384561158055652
RLG_AlonCN58138Al_Ava_chr6A-200885_TSD	0.554	-0.00944042622647329	-0.01309586336929
RLG_AlonCN58138Al_Ava_chr6A-201330_TSD	0.823	-0.00971375859314273	-0.0124739977566964
RLG_AlonCN58138Al_Ava_chr6A-201339_TSD	0.969	-0.00967341461604275	-0.0117414035415996
RLG_AlonCN58138Al_Ava_chr6A-201368_TSD	0.223	-0.00999093554512598	-0.0180614476895244
RLG_AlonCN58138Al_Ava_chr6A-201416_TSD	0.474	-0.00989431800866702	-0.0132065010589993
RLG_AlonCN58138Al_Ava_chr6A-201578_TSD	0.187	-0.0100848052523568	-0.0178912920447637
RLG_AlonCN58138Al_Ava_chr6A-201688_TSD	0.445	-0.00941367402020401	-0.01213497240164
RLG_AlonCN58138Al_Ava_chr6A-201804_TSD	0.074	-0.00995922599824665	-0.0178158028292483
RLG_AlonCN58138Al_Ava_chr6A-201906_TSD	0.111	-0.0100638760482419	-0.0166165859149985
RLG_AlonCN58138Al_Ava_chr6A-202066_TSD	0.651	-0.00973178951217557	-0.0136616179828397
RLG_AlonCN58138Al_Ava_chr6A-202410_TSD	0.676	-0.00971118290172223	-0.0140792012996261
RLG_AlonCN58138Al_Ava_chr6A-202489_TSD	0.688	-0.00934267948184387	-0.00983297156404487
RLG_AlonCN58138Al_Ava_chr6A-202532_TSD	0.223	-0.00976810594137859	-0.0176276833169888
RLG_AlonCN58138Al_Ava_chr6A-202556_TSD	0.188	-0.00984827234186705	-0.0179551016383326
RLG_AlonCN58138Al_Ava_chr6A-202632_TSD	0.542	-0.0101282280418948	-0.0142633826704472
RLG_AlonCN58138Al_Ava_chr6A-202653_TSD	0.56	-0.00969311520533235	-0.0142018347789482
RLG_AlonCN58138Al_Ava_chr6A-202787_TSD	0.223	-0.00999454333383878	-0.0174674578812887
RLG_AlonCN58138Al_Ava_chr6A-202797_TSD	0.222	-0.0100240368638564	-0.0175896765166372
RLG_AlonCN58138Al_Ava_chr6A-202820_TSD	0.185	-0.010056910745699	-0.0180437833251297
RLG_AlonCN58138Al_Ava_chr6A-202977_TSD	0.37	-0.00915298899698707	-0.0119089303316896
RLG_AlonCN58138Al_Ava_chr6A-203169_TSD	0	-0.00997801853785261	-0.0180115001785573
RLG_AlonCN58138Al_Ava_chr6A-203372_TSD	0.449	-0.00967563738834686	-0.0146633704511014
RLG_AlonCN58138Al_Ava_chr6A-203489_TSD	0.301	-0.00993764729247112	-0.0171240823785084
RLG_AlonCN58138Al_Ava_chr6A-203547_TSD	0.297	-0.00989919991110687	-0.017446473967399
RLG_AlonCN58138Al_Ava_chr6A-203591_TSD	0.111	-0.0100247014398295	-0.0170771962705467
RLG_AlonCN58138Al_Ava_chr6A-203604_TSD	0.49	-0.00986512806524562	-0.0138119860234151
RLG_AlonCN58138Al_Ava_chr6A-203619_TSD	0.995	-0.0092768830834034	-0.00618903700609038
RLG_AlonCN58138Al_Ava_chr6A-203652_TSD	0.385	-0.0100291690458643	-0.0146852340027005
RLG_AlonCN58138Al_Ava_chr6A-203735_TSD	0.364	-0.00905556470490517	-0.0114001962322579
RLG_AlonCN58138Al_Ava_chr6A-203753_TSD	0.996	-0.00979013591081448	-0.0122589890469261
RLG_AlonCN58138Al_Ava_chr6A-203766_TSD	0.586	-0.00978665344273444	-0.0105382494544819
RLG_AlonCN58138Al_Ava_chr6A-203811_TSD	0.581	-0.00962988904337299	-0.0144996843343814
RLG_AlonCN58138Al_Ava_chr6A-204330_TSD	0.767	-0.00980977311096596	-0.0141144891439401
RLG_AlonCN58138Al_Ava_chr6A-204353_TSD	0.541	-0.00939870784903883	-0.0128762128926308
RLG_AlonCN58138Al_Ava_chr6A-204416_TSD	0.111	-0.00980778838506316	-0.0184160708867492
RLG_AlonCN58138Al_Ava_chr6A-204491_TSD	0.604	-0.00930396388463531	-0.0113424393814198
RLG_AlonCN58138Al_Ava_chr6A-204626_TSD	0.148	-0.00954976471400695	-0.0175578827056924
RLG_AlonCN58138Al_Ava_chr6A-204661_TSD	0.804	-0.00992685487948083	-0.012916125817809
RLG_AlonCN58138Al_Ava_chr6A-204721_TSD	0	-0.00954539673075824	-0.0177751655737606
RLG_AlonCN58138Al_Ava_chr6A-204760_TSD	0	-0.00998564941301166	-0.0179399432078909
RLG_AlonCN58138Al_Ava_chr6A-204811_TSD	0.549	-0.00950929120173835	-0.013253347292308
RLG_AlonCN58138Al_Ava_chr6A-204828_TSD	0.415	-0.0100153007458246	-0.0147923831048075
RLG_AlonCN58138Al_Ava_chr6A-204841_TSD	0.222	-0.00981016048840364	-0.0181170673568586
RLG_AlonCN58138Al_Ava_chr6A-204877_TSD	0.223	-0.00990862173201332	-0.017937966836468
RLG_AlonCN58138Al_Ava_chr6A-204953_TSD	0.614	-0.0095380982601387	-0.0104618889034537
RLG_AlonCN58138Al_Ava_chr6A-205023_TSD	0.445	-0.00903250925327655	-0.0128812977651499
RLG_AlonCN58138Al_Ava_chr6A-205130_TSD	0.111	-0.00973529094475113	-0.0176323506725068
RLG_AlonCN58138Al_Ava_chr6A-205242_TSD	1.065	-0.0100165292642391	-0.0149576074823264
RLG_AlonCN58138Al_Ava_chr6A-205389_TSD	0.117	-0.0103405753890673	-0.0192506914000878
RLG_AlonCN58138Al_Ava_chr6A-205416_TSD	0.111	-0.00951232509845125	-0.0178199093318067
RLG_AlonCN58138Al_Ava_chr6A-205440_TSD	0.111	-0.00998110205616978	-0.0180142757871041
RLG_AlonCN58138Al_Ava_chr6A-205456_TSD	0.037	-0.00999192896743867	-0.0179834529885948
RLG_AlonCN58138Al_Ava_chr6A-205467_TSD	0.112	-0.00984543506682089	-0.0161662984480364
RLG_AlonCN58138Al_Ava_chr6A-205540_TSD	0.111	-0.0100267513171205	-0.0176829352967913
RLG_AlonCN58138Al_Ava_chr6A-205613_TSD	0.222	-0.00980525632089455	-0.0167408335118613
RLG_AlonCN58138Al_Ava_chr6A-205624_TSD	1.139	-0.00882801974439153	-0.00428418052335339
RLG_AlonCN58138Al_Ava_chr6A-205906_TSD	0.76	-0.00991631092322807	-0.0146622574224435
RLG_AlonCN58138Al_Ava_chr6A-205924_TSD	0.69	-0.00976208179092442	-0.0136950456946453
RLG_AlonCN58138Al_Ava_chr6A-206041_TSD	0.63	-0.00952031975933255	-0.0121874609493771
RLG_AlonCN58138Al_Ava_chr6A-206051_TSD	1.034	-0.00897248217775901	-0.00481308885234827
RLG_AlonCN58138Al_Ava_chr6A-206111_TSD	1.42	-0.00955492417153947	-0.0125371839308762
RLG_AlonCN58138Al_Ava_chr6A-206264_TSD	0.297	-0.010046723154245	-0.0174245791146345
RLG_AlonCN58138Al_Ava_chr6A-206288_TSD	0.41	-0.0100068002121057	-0.0142565355039517
RLG_AlonCN58138Al_Ava_chr6A-206332_TSD	0.297	-0.00994632888521255	-0.0175625052042421
RLG_AlonCN58138Al_Ava_chr6A-206346_TSD	0.111	-0.0100694975397433	-0.0178201092908024
RLG_AlonCN58138Al_Ava_chr6A-206405_TSD	0.148	-0.00991433866054974	-0.017971793138772
RLG_AlonCN58138Al_Ava_chr6A-206447_TSD	0.561	-0.00947992870931372	-0.0138325726608872
RLG_AlonCN58138Al_Ava_chr6A-206565_TSD	0.846	-0.00988142560196643	-0.0132493224026638
RLG_AlonCN58138Al_Ava_chr6A-206727_TSD	0.402	-0.00957505449125476	-0.0130681479088477
RLG_AlonCN58138Al_Ava_chr6A-206882_TSD	0.187	-0.00972041837847345	-0.0175886233349244
RLG_AlonCN58138Al_Ava_chr6A-206974_TSD	0.756	-0.00962961635510078	-0.0114057958804496
RLG_AlonCN58138Al_Ava_chr6A-207376_TSD	0.148	-0.00971682709436831	-0.0166441573597732
RLG_AlonCN58138Al_Ava_chr6A-207411_TSD	0.111	-0.00975376437495634	-0.0172067570887864
RLG_AlonCN58138Al_Ava_chr6A-207495_TSD	0.148	-0.00980765502233339	-0.0175858148902612
RLG_AlonCN58138Al_Ava_chr6A-207559_TSD	0.815	-0.00949771930186046	-0.00573150264527222
RLG_AlonCN58138Al_Ava_chr6A-207608_TSD	1.016	-0.00935556256704418	-0.00614595599289801
RLG_AlonCN58138Al_Ava_chr6A-207769_TSD	0.401	-0.00966744890096097	-0.0130304209693384
RLG_AlonCN58138Al_Ava_chr6A-207778_TSD	0.037	-0.00967086398496173	-0.015978143176441
RLG_AlonCN58138Al_Ava_chr6A-208315_TSD	1.148	-0.00950373474699066	-0.00681241934906681
RLG_AlonCN58138Al_Ava_chr6A-212298_TSD	0.111	-0.00997981749435562	-0.017934594787097
RLG_AlonCN58138Al_Ava_chr6A-220221_TSD	0.735	-0.00959751276440502	-0.0124890124276788
RLG_AlonCN58138Al_Ava_chr6A-231703_TSD	0.908	-0.00949232119995599	-0.0109666432929012
RLG_AlonCN58138Al_Ava_chr6A-239624_TSD	1.489	-0.00929516795352857	-0.00117803202802232
RLG_AlonCN58138Al_Ava_chr6A-261143_TSD	1.146	-0.00986313350493674	-0.00773922466064274
RLG_AlonCN58138Al_Ava_chr6A-265091_TSD	1.294	-0.00910422986274621	-0.00358435749388698
RLG_AlonCN58138Al_Ava_chr6A-299252_TSD	0.484	-0.00927964803287163	-0.00581571372475342
RLG_AlonCN58138Al_Ava_chr6A-299299_TSD	1.31	-0.00977058569410624	-0.00661947780600221
RLG_AlonCN58138Al_Ava_chr6A-301346_TSD	1.983	-0.0043442125826989	0.00401807833514783
RLG_AlonCN58138Al_Ava_chr6A-316972_TSD	0.979	-0.00950356427656178	-0.0137089386377895
RLG_AlonCN58138Al_Ava_chr6A-327882_TSD	0.85	-0.0101192037791501	-0.0115471336414509
RLG_AlonCN58138Al_Ava_chr6A-397731_TSD	0.297	-0.00975804712444676	-0.0177095036485115
RLG_AlonCN58138Al_Ava_chr6A-412940_TSD	0.512	-0.0093696286123947	-0.0104716256741346
RLG_AlonCN58138Al_Ava_chr6A-415573_TSD	0.728	-0.00990449709259837	-0.00774846262517941
RLG_AlonCN58138Al_Ava_chr6A-423177_TSD	0.468	-0.00956117671336132	-0.0103497449107256
RLG_AlonCN58138Al_Ava_chr6A-432807_TSD	0.872	-0.00880066191943638	-0.000920678589340761
RLG_AlonCN58138Al_Ava_chr7A-025759_TSD	0.111	-0.0100974958772454	-0.0183653169522704
RLG_AlonCN58138Al_Ava_chr7A-032524_TSD	0.261	-0.0099746778656815	-0.0166817823356228
RLG_AlonCN58138Al_Ava_chr7A-037791_TSD	0.112	-0.00977812219555909	-0.0167180841991311
RLG_AlonCN58138Al_Ava_chr7A-057796_TSD	0.333	-0.0102339141859909	-0.0176274628423181
RLG_AlonCN58138Al_Ava_chr7A-097919_TSD	0.66	-0.009513274314067	-0.00948478379707421
RLG_AlonCN58138Al_Ava_chr7A-145403_TSD	0.148	-0.0101493571667307	-0.0178347467448652
RLG_AlonCN58138Al_Ava_chr7A-168032_TSD	0.782	-0.00900007010287014	-0.00175974388721461
RLG_AlonCN58138Al_Ava_chr7A-278342_TSD	1.31	-0.00945767614011016	-0.00982520739738288
RLG_AlonCN58138Al_Ava_chr7A-278349_TSD	1.316	-0.00933576353789683	-0.00743559536456837
RLG_AlonCN58138Al_Ava_chr7A-284649_TSD	0.11	-0.00968468683721465	-0.0172081949669062
RLG_AlonCN58138Al_Ava_chr7A-298998_TSD	0.602	-0.00943957877446994	-0.0119610808728263
RLG_AlonCN58138Al_Ava_chr7A-303386_TSD	1.192	-0.00620957659453039	0.00445443801845361
RLG_AlonCN58138Al_Ava_chr7A-311093_TSD	0.835	-0.00917425780633203	-0.00885472290280477
RLG_AlonCN58138Al_Ava_chr7A-314194_TSD	1.294	-0.00957808471480723	-0.00535859751966645
RLG_AlonCN58138Al_Ava_chr7A-315318_TSD	0.037	-0.00979931724650765	-0.0179003286773135
RLG_AlonCN58138Al_Ava_chr7A-315479_TSD	0.073	-0.00975359009528008	-0.017526684589008
RLG_AlonCN58138Al_Ava_chr7A-315560_TSD	1.421	-0.00881944476209903	-0.00219010565433339
RLG_AlonCN58138Al_Ava_chr7A-315641_TSD	0.564	-0.00903437869334419	0.00178856043331939
RLG_AlonCN58138Al_Ava_chr7A-315724_TSD	1.264	-0.00899942028022071	-0.00301379014669117
RLG_AlonCN58138Al_Ava_chr7A-315740_TSD	1.311	-0.0100457145531634	-0.00772641945807795
RLG_AlonCN58138Al_Ava_chr7A-315996_TSD	1.493	-0.00901048636609153	0.00024954441505637
RLG_AlonCN58138Al_Ava_chr7A-316036_TSD	1.193	-0.00873587514873873	-0.000815451337343816
RLG_AlonCN58138Al_Ava_chr7A-316048_TSD	0.297	-0.0101635606820391	-0.0173438645259824
RLG_AlonCN58138Al_Ava_chr7A-316276_TSD	0.626	-0.00986473653703587	-0.0125517135711731
RLG_AlonCN58138Al_Ava_chr7A-316570_TSD	0.111	-0.00966331794045577	-0.0179482700237274
RLG_AlonCN58138Al_Ava_chr7A-316623_TSD	0.934	-0.00898367894034865	-0.00173060258555904
RLG_AlonCN58138Al_Ava_chr7A-316737_TSD	1.191	-0.00886766034413438	0.000136897673080313
RLG_AlonCN58138Al_Ava_chr7A-316849_TSD	0.073	-0.00999300593837353	-0.0177645682082709
RLG_AlonCN58138Al_Ava_chr7A-317098_TSD	0.373	-0.0102955855727573	-0.0166677458104002
RLG_AlonCN58138Al_Ava_chr7A-317144_TSD	0.372	-0.00956617319839031	-0.0158584535575741
RLG_AlonCN58138Al_Ava_chr7A-317178_TSD	0.074	-0.00969075277746814	-0.0173921772998445
RLG_AlonCN58138Al_Ava_chr7A-317253_TSD	0.302	-0.0103267913038479	-0.018457173292835
RLG_AlonCN58138Al_Ava_chr7A-317291_TSD	0.074	-0.00964619628286985	-0.0170425859782024
RLG_AlonCN58138Al_Ava_chr7A-317356_TSD	0.259	-0.0100458196845607	-0.0172709685615828
RLG_AlonCN58138Al_Ava_chr7A-317595_TSD	0.185	-0.00980691576142877	-0.0164501823761084
RLG_AlonCN58138Al_Ava_chr7A-317648_TSD	0.222	-0.00993009101636785	-0.0179798631270486
RLG_AlonCN58138Al_Ava_chr7A-317808_TSD	0.111	-0.0104479863529807	-0.0185007834181623
RLG_AlonCN58138Al_Ava_chr7A-317896_TSD	0	-0.00948072473868615	-0.0168243527956786
RLG_AlonCN58138Al_Ava_chr7A-318046_TSD	0.148	-0.0104027880221628	-0.0185771117511345
RLG_AlonCN58138Al_Ava_chr7A-318130_TSD	0.294	-0.00948924923121007	-0.0135759489894027
RLG_AlonCN58138Al_Ava_chr7A-318216_TSD	0.259	-0.0100686977227737	-0.0165773880229425
RLG_AlonCN58138Al_Ava_chr7A-318381_TSD	0.259	-0.0101629580882875	-0.0172056792545892
RLG_AlonCN58138Al_Ava_chr7A-318417_TSD	0.074	-0.0099133878622372	-0.0185081530527358
RLG_AlonCN58138Al_Ava_chr7A-318559_TSD	0.929	-0.00989562765001472	-0.00852558792960558
RLG_AlonCN58138Al_Ava_chr7A-318582_TSD	0.226	-0.0101210613047579	-0.0173258300798546
RLG_AlonCN58138Al_Ava_chr7A-318682_TSD	0.112	-0.0101458615993799	-0.0191646460173424
RLG_AlonCN58138Al_Ava_chr7A-318726_TSD	0.148	-0.00953567697928344	-0.0162720691933802
RLG_AlonCN58138Al_Ava_chr7A-318948_TSD	0.388	-0.00990606930393705	-0.0138039304772899
RLG_AlonCN58138Al_Ava_chr7A-318965_TSD	0.222	-0.00965020853669776	-0.0165247228506819
RLG_AlonCN58138Al_Ava_chr7A-319263_TSD	1.071	-0.00989089714837314	-0.0153769515648315
RLG_AlonCN58138Al_Ava_chr7A-319274_TSD	0.687	-0.00975160260209035	-0.0139659800022911
RLG_AlonCN58138Al_Ava_chr7A-319284_TSD	0.185	-0.00995611569046231	-0.0173060513469793
RLG_AlonCN58138Al_Ava_chr7A-319384_TSD	0.504	-0.00966583257772515	-0.0122030687824363
RLG_AlonCN58138Al_Ava_chr7A-319454_TSD	0.148	-0.0102500028156809	-0.0173973633023934
RLG_AlonCN58138Al_Ava_chr7A-319472_TSD	0.358	-0.00954867215353731	-0.0133722334849226
RLG_AlonCN58138Al_Ava_chr7A-319528_TSD	0.259	-0.00971973530168308	-0.0175938580470288
RLG_AlonCN58138Al_Ava_chr7A-319572_TSD	0.187	-0.00987148878279917	-0.0171977345679994
RLG_AlonCN58138Al_Ava_chr7A-319697_TSD	0.111	-0.0102056633051831	-0.0157431926920699
RLG_AlonCN58138Al_Ava_chr7A-319756_TSD	1.376	-0.00972731494795178	-0.00669793940733708
RLG_AlonCN58138Al_Ava_chr7A-319811_TSD	0.073	-0.00971029634477962	-0.0173232256417033
RLG_AlonCN58138Al_Ava_chr7A-319852_TSD	1.352	-0.00970144900289564	-0.00904011243119997
RLG_AlonCN58138Al_Ava_chr7A-319876_TSD	1.225	-0.00958608628527922	-0.00516876068229288
RLG_AlonCN58138Al_Ava_chr7A-320572_TSD	0.185	-0.00969609354627203	-0.0180609261513052
RLG_AlonCN58138Al_Ava_chr7A-320586_TSD	0.365	-0.00962750962841204	-0.0127604479150611
RLG_AlonCN58138Al_Ava_chr7A-320639_TSD	0.716	-0.00971358265987197	-0.0107359102232761
RLG_AlonCN58138Al_Ava_chr7A-320648_TSD	0.333	-0.00975145986367958	-0.0170423461223793
RLG_AlonCN58138Al_Ava_chr7A-320699_TSD	0.113	-0.0103285925833865	-0.0163705008413821
RLG_AlonCN58138Al_Ava_chr7A-320914_TSD	0.185	-0.0100689048862225	-0.0171864238965151
RLG_AlonCN58138Al_Ava_chr7A-321003_TSD	0.074	-0.0097187163659083	-0.0182388073973856
RLG_AlonCN58138Al_Ava_chr7A-321039_TSD	1.373	-0.00973622918270136	-0.00761140988571093
RLG_AlonCN58138Al_Ava_chr7A-321053_TSD	1.158	-0.00941136922217389	-0.00413650558948179
RLG_AlonCN58138Al_Ava_chr7A-321125_TSD	0.49	-0.00952503340791812	-0.0140980083673434
RLG_AlonCN58138Al_Ava_chr7A-321184_TSD	0.408	-0.0101890372230815	-0.0172493672907558
RLG_AlonCN58138Al_Ava_chr7A-321227_TSD	0.415	-0.0098975997979848	-0.0145105807379356
RLG_AlonCN58138Al_Ava_chr7A-321254_TSD	0.11	-0.0101178435999259	-0.0181777480565376
RLG_AlonCN58138Al_Ava_chr7A-321269_TSD	0.401	-0.00921668811143863	-0.0111131237425433
RLG_AlonCN58138Al_Ava_chr7A-321319_TSD	0.185	-0.00964266514743979	-0.017175008487872
RLG_AlonCN58138Al_Ava_chr7A-321428_TSD	1.039	-0.00890820587377197	-0.00335299926746777
RLG_AlonCN58138Al_Ava_chr7A-321472_TSD	0.447	-0.00965872558983016	-0.0168669909687991
RLG_AlonCN58138Al_Ava_chr7A-321497_TSD	0.037	-0.00963841680435781	-0.0166213807384547
RLG_AlonCN58138Al_Ava_chr7A-321600_TSD	0.148	-0.00967384662420988	-0.0167768198840884
RLG_AlonCN58138Al_Ava_chr7A-321783_TSD	1.674	-0.0095734257218428	-0.00674130411763439
RLG_AlonCN58138Al_Ava_chr7A-322156_TSD	1.117	-0.00990426458034476	-0.0137345904418106
RLG_AlonCN58138Al_Ava_chr7A-322219_TSD	1.152	-0.00900902297802827	-0.00211501862832104
RLG_AlonCN58138Al_Ava_chr7A-322267_TSD	0.148	-0.00985813188762504	-0.0182977857506797
RLG_AlonCN58138Al_Ava_chr7A-322375_TSD	1.204	-0.00957820741517698	-0.00734888957712052
RLG_AlonCN58138Al_Ava_chr7A-322611_TSD	0.989	-0.00929096655859911	-0.00525113118726623
RLG_AlonCN58138Al_Ava_chr7A-322692_TSD	1.202	-0.00942303941286057	-0.0036307965241012
RLG_AlonCN58138Al_Ava_chr7A-323019_TSD	0.26	-0.0103724404410043	-0.0168215911855812
RLG_AlonCN58138Al_Ava_chr7A-323201_TSD	1.106	-0.00793329659051109	0.00603076310190629
RLG_AlonCN58138Al_Ava_chr7A-323572_TSD	1.025	-0.00928541201495535	-0.00390189427101861
RLG_AlonCN58138Al_Ava_chr7A-325914_TSD	1.054	-0.00957755623120719	-0.00825341680980477
RLG_AlonCN58138Al_Ava_chr7A-344962_TSD	0.568	-0.00990015438805909	-0.0157565189134098
RLG_AlonCN58138Al_Ava_chr7A-364906_TSD	1.43	-0.00932745576429428	-0.00889824870422988
RLG_AlonCN58138Al_Ava_chr7A-417030_TSD	1.199	-0.0095117374914797	-0.00521649621130966
RLG_AlonCN58138Al_Ava_chr7A-418239_TSD	1.36	-0.00949967125517817	-0.00990748536844145
RLG_AlonCN58138Al_Ava_chr7A-423645_TSD	1.497	-0.00850256470177469	-0.00021539121120908
RLG_AlonCN58138Al_Ava_chr7A-439041_TSD	0.26	-0.0101619741927417	-0.0178552561758724
RLG_AlonCN58138Al_Ava_chr7A-449461_TSD	0.786	-0.00973212869568932	-0.00922542923408764
RLG_AlonCN58138Al_Ava_chr7A-480373_TSD	2.016	-0.00601571248066503	0.00378926963406916
RLG_AlonCN58138Al_Ava_chr7A-513860_TSD	0.87	-0.00983001146368984	-0.00805956138739127
RLG_AlonCN58138Al_Ava_chr7A-514143_TSD	0.437	-0.00978948597822218	-0.013610692477603
RLG_AlonCN58138Al_Ava_chr7A-522462_TSD	0.438	-0.00950496733318613	-0.0121266811657475
RLG_AlonCN58138Al_Ava_chr7A-532692_TSD	0.037	-0.00961040072864885	-0.0176215097338702
RLG_AsatOT3098_Ava_chr1A-013895_TSD	0.304	-0.00994097097173786	-0.0151879689315604
RLG_AsatOT3098_Ava_chr1A-016214_TSD	0.215	-0.0102005206010732	-0.0110428828811761
RLG_AsatOT3098_Ava_chr1A-099075_TSD	0.54	-0.00992198328825608	-0.0113765791168268
RLG_AsatOT3098_Ava_chr1A-099083_TSD	0.432	-0.00987919946685666	-0.0114849826557277
RLG_AsatOT3098_Ava_chr1A-107590_TSD	1.074	-0.00980964059371635	-0.0102518075425749
RLG_AsatOT3098_Ava_chr1A-109586_TSD	0.441	-0.00996747725039705	-0.0113235278186931
RLG_AsatOT3098_Ava_chr1A-115038_TSD	0.291	-0.00981784525463966	-0.012383353714377
RLG_AsatOT3098_Ava_chr1A-130287_TSD	1.092	-0.00933252830875475	-0.00199687434056156
RLG_AsatOT3098_Ava_chr1A-141097_TSD	0.179	-0.00976454530138819	-0.0122168811341194
RLG_AsatOT3098_Ava_chr1A-144149_TSD	0.179	-0.00971804469851415	-0.0116549764627741
RLG_AsatOT3098_Ava_chr1A-147283_TSD	1.486	-0.00711560007314284	0.00723429427813772
RLG_AsatOT3098_Ava_chr1A-149391_TSD	1.053	-0.00993688101597605	-0.0106840540314272
RLG_AsatOT3098_Ava_chr1A-152511_TSD	0.181	-0.00996386757316776	-0.0120417515297146
RLG_AsatOT3098_Ava_chr1A-152547_TSD	0.324	-0.00934280602635639	-0.0137684614938281
RLG_AsatOT3098_Ava_chr1A-153023_TSD	0.179	-0.009926658847408	-0.0111252667492015
RLG_AsatOT3098_Ava_chr1A-153435_TSD	0.397	-0.0091738847530165	-0.0106052360757039
RLG_AsatOT3098_Ava_chr1A-153460_TSD	0.179	-0.00978584891894716	-0.0115404963479426
RLG_AsatOT3098_Ava_chr1A-153747_TSD	0.521	-0.00963742010618898	-0.00927319839041359
RLG_AsatOT3098_Ava_chr1A-153810_TSD	0.143	-0.00950030843282128	-0.0109601708124162
RLG_AsatOT3098_Ava_chr1A-153939_TSD	0.179	-0.0100153646609787	-0.0121507294855223
RLG_AsatOT3098_Ava_chr1A-153975_TSD	0.143	-0.00990650301245961	-0.0114740113368004
RLG_AsatOT3098_Ava_chr1A-154046_TSD	0.251	-0.00990382745825579	-0.0112720463087353
RLG_AsatOT3098_Ava_chr1A-154082_TSD	0.549	-0.0100093104143431	-0.00798080442617305
RLG_AsatOT3098_Ava_chr1A-154114_TSD	0.185	-0.0102491070362304	-0.0151734120801801
RLG_AsatOT3098_Ava_chr1A-154254_TSD	0.945	-0.00990832355873538	-0.0115136823052584
RLG_AsatOT3098_Ava_chr1A-154316_TSD	0.107	-0.00995865137902845	-0.0109544647694442
RLG_AsatOT3098_Ava_chr1A-154481_TSD	0.145	-0.00985223194753002	-0.0113907264892139
RLG_AsatOT3098_Ava_chr1A-154523_TSD	0.322	-0.0100585319933125	-0.0105366326587295
RLG_AsatOT3098_Ava_chr1A-154574_TSD	0.923	-0.00914729666246961	-0.000936728898994651
RLG_AsatOT3098_Ava_chr1A-154591_TSD	0.215	-0.0100086549921704	-0.012462212225391
RLG_AsatOT3098_Ava_chr1A-154611_TSD	0.358	-0.00985103562176945	-0.0115278617974214
RLG_AsatOT3098_Ava_chr1A-154661_TSD	0.25	-0.00990485570046076	-0.0109309699819446
RLG_AsatOT3098_Ava_chr1A-154730_TSD	0.035	-0.00979576391981307	-0.0120584967481059
RLG_AsatOT3098_Ava_chr1A-154749_TSD	0.109	-0.0100163049829818	-0.0118657712118311
RLG_AsatOT3098_Ava_chr1A-154796_TSD	0.215	-0.00943751356845264	-0.0107425046556141
RLG_AsatOT3098_Ava_chr1A-154811_TSD	0.287	-0.0098232475849849	-0.0119112508926464
RLG_AsatOT3098_Ava_chr1A-154841_TSD	0.178	-0.00992392379614839	-0.011416002644206
RLG_AsatOT3098_Ava_chr1A-154850_TSD	0.107	-0.00983100263725058	-0.0129581448202788
RLG_AsatOT3098_Ava_chr1A-154925_TSD	1.663	-0.00977429267602686	-0.0105510251743152
RLG_AsatOT3098_Ava_chr1A-154992_TSD	0.36	-0.00993404324106082	-0.0121132660747892
RLG_AsatOT3098_Ava_chr1A-155012_TSD	0.25	-0.00973101248579412	-0.0114913418002619
RLG_AsatOT3098_Ava_chr1A-155061_TSD	0.324	-0.00994239945677999	-0.0124744938946278
RLG_AsatOT3098_Ava_chr1A-155161_TSD	0.26	-0.00985710934451226	-0.0121105002362045
RLG_AsatOT3098_Ava_chr1A-155248_TSD	0.251	-0.0100857249234529	-0.0122151558893266
RLG_AsatOT3098_Ava_chr1A-155426_TSD	0.323	-0.00979668135279728	-0.0116840497483882
RLG_AsatOT3098_Ava_chr1A-155466_TSD	1.203	-0.009844522008741	-0.0108823259044409
RLG_AsatOT3098_Ava_chr1A-155520_TSD	0.214	-0.00955458217385633	-0.0113070038607682
RLG_AsatOT3098_Ava_chr1A-155557_TSD	0.107	-0.00990771291589335	-0.011404344884691
RLG_AsatOT3098_Ava_chr1A-155579_TSD	0.287	-0.00987385740563835	-0.0125084253951436
RLG_AsatOT3098_Ava_chr1A-155614_TSD	0.251	-0.00996060409280882	-0.0108576793362434
RLG_AsatOT3098_Ava_chr1A-155630_TSD	0.252	-0.0100739402506359	-0.0116591749525207
RLG_AsatOT3098_Ava_chr1A-155679_TSD	0.179	-0.00988890322631036	-0.012568576231577
RLG_AsatOT3098_Ava_chr1A-155688_TSD	0.143	-0.0100051881004923	-0.0114922136732954
RLG_AsatOT3098_Ava_chr1A-155745_TSD	0.247	-0.00992711905910301	-0.0146616135101295
RLG_AsatOT3098_Ava_chr1A-156161_TSD	0.214	-0.00979783416215975	-0.0110471668592919
RLG_AsatOT3098_Ava_chr1A-156233_TSD	0.107	-0.00975230543224199	-0.0113962538647566
RLG_AsatOT3098_Ava_chr1A-156273_TSD	0.035	-0.00916404291281704	-0.0126000354337495
RLG_AsatOT3098_Ava_chr1A-156280_TSD	0.215	-0.00977512597072986	-0.0120815472520269
RLG_AsatOT3098_Ava_chr1A-156361_TSD	0.215	-0.00955492917187284	-0.00909074403067142
RLG_AsatOT3098_Ava_chr1A-156376_TSD	0.214	-0.0101481101618028	-0.0115457841930378
RLG_AsatOT3098_Ava_chr1A-156441_TSD	0.25	-0.00957496938235792	-0.0106601841933108
RLG_AsatOT3098_Ava_chr1A-156456_TSD	0.54	-0.00979386397772066	-0.0113343596463445
RLG_AsatOT3098_Ava_chr1A-156512_TSD	0.25	-0.00989227840186464	-0.0113220741443552
RLG_AsatOT3098_Ava_chr1A-156555_TSD	0.549	-0.0100803466693846	-0.0106995053237189
RLG_AsatOT3098_Ava_chr1A-156566_TSD	0	-0.00995419576472332	-0.0125894158335746
RLG_AsatOT3098_Ava_chr1A-156664_TSD	0.179	-0.0101877563785749	-0.0117214310222953
RLG_AsatOT3098_Ava_chr1A-156708_TSD	0.179	-0.00998378996091058	-0.0108997340003089
RLG_AsatOT3098_Ava_chr1A-156718_TSD	0.467	-0.00978324465791482	-0.0119984318738112
RLG_AsatOT3098_Ava_chr1A-156791_TSD	0.83	-0.0094380172240576	-0.00886939328322976
RLG_AsatOT3098_Ava_chr1A-156814_TSD	0.735	-0.00951078617278153	-0.00791088480089675
RLG_AsatOT3098_Ava_chr1A-156860_TSD	0.435	-0.00991597244184395	-0.00817170274049656
RLG_AsatOT3098_Ava_chr1A-156916_TSD	0.289	-0.00993065798007153	-0.0110794202884493
RLG_AsatOT3098_Ava_chr1A-156971_TSD	0.318	-0.00958775525882151	-0.0136419159132586
RLG_AsatOT3098_Ava_chr1A-157078_TSD	0.254	-0.00999028424343694	-0.010990863773915
RLG_AsatOT3098_Ava_chr1A-157136_TSD	0.072	-0.00987203643273812	-0.0114329126574993
RLG_AsatOT3098_Ava_chr1A-157406_TSD	0.318	-0.00982464924853036	-0.0141182344121491
RLG_AsatOT3098_Ava_chr1A-157740_TSD	0.178	-0.00998536677102108	-0.011337907461234
RLG_AsatOT3098_Ava_chr1A-157980_TSD	0.389	-0.00987462448617304	-0.014582388277177
RLG_AsatOT3098_Ava_chr1A-158007_TSD	0.431	-0.00970464550352892	-0.0104830563288313
RLG_AsatOT3098_Ava_chr1A-158049_TSD	0.614	-0.00920163272384518	-0.00498795354387456
RLG_AsatOT3098_Ava_chr1A-158731_TSD	0.474	-0.00983240423118798	-0.0112884033622677
RLG_AsatOT3098_Ava_chr1A-158913_TSD	1.566	-0.00778979845119332	0.00677008933156646
RLG_AsatOT3098_Ava_chr1A-159372_TSD	0.143	-0.0100097808142256	-0.0116322461144945
RLG_AsatOT3098_Ava_chr1A-159940_TSD	0.398	-0.00960658130914326	-0.0121869682233085
RLG_AsatOT3098_Ava_chr1A-160196_TSD	0.432	-0.00974512684287892	-0.0113262725054222
RLG_AsatOT3098_Ava_chr1A-172957_TSD	1.006	-0.00872157553621089	-0.000652250753957798
RLG_AsatOT3098_Ava_chr1A-173393_TSD	1.392	-0.00891929748216167	-0.000900111708303045
RLG_AsatOT3098_Ava_chr1A-173890_TSD	0.94	-0.00963991878158983	-0.00685687709742855
RLG_AsatOT3098_Ava_chr1A-186992_TSD	0.222	-0.00993329221824677	-0.00908316308727157
RLG_AsatOT3098_Ava_chr1A-196383_TSD	0.214	-0.00991012856881719	-0.0103818673162322
RLG_AsatOT3098_Ava_chr1A-202692_TSD	0.287	-0.00982107066389464	-0.0103882739367926
RLG_AsatOT3098_Ava_chr1A-218856_TSD	1.713	-0.00510894754869671	0.00439310863607071
RLG_AsatOT3098_Ava_chr1A-227751_TSD	0.892	-0.00998082835263533	-0.00707636850792957
RLG_AsatOT3098_Ava_chr1A-247776_TSD	0.53	-0.00967327976550228	-0.0106913477389588
RLG_AsatOT3098_Ava_chr1A-256303_TSD	1.369	-0.00591661515344402	0.00401391006363019
RLG_AsatOT3098_Ava_chr1A-280799_TSD	0.438	-0.00963925752121313	-0.0115354838183235
RLG_AsatOT3098_Ava_chr1A-281624_TSD	0.254	-0.00975399047291352	-0.0109528398520916
RLG_AsatOT3098_Ava_chr1A-286630_TSD	0.181	-0.010211653635222	-0.0135922141090212
RLG_AsatOT3098_Ava_chr1A-317132_TSD	0.569	-0.00915584238430782	-0.00252251778305839
RLG_AsatOT3098_Ava_chr1A-322862_TSD	0.434	-0.00970002262083288	-0.0111489134252804
RLG_AsatOT3098_Ava_chr1A-322932_TSD	0.107	-0.00988032357290808	-0.0106765222093856
RLG_AsatOT3098_Ava_chr1A-323669_TSD	0.751	-0.00964447742068229	-0.0119414660572564
RLG_AsatOT3098_Ava_chr1A-343242_TSD	0.108	-0.00967350240266127	-0.0111947046530978
RLG_AsatOT3098_Ava_chr1A-346942_TSD	0.623	-0.00954731896568456	-0.0100362431336304
RLG_AsatOT3098_Ava_chr1A-366407_TSD	0.143	-0.00966319863476692	-0.0105891170222646
RLG_AsatOT3098_Ava_chr1A-368698_TSD	0.143	-0.00996874413134651	-0.011714308669536
RLG_AsatOT3098_Ava_chr1A-405535_TSD	0.673	-0.00968401015239467	-0.0122119099261088
RLG_AsatOT3098_Ava_chr1A-406822_TSD	0.181	-0.00968312130490563	-0.0101937819636429
RLG_AsatOT3098_Ava_chr1C-032882_TSD	0.551	-0.00975023569005374	-0.0109500491056361
RLG_AsatOT3098_Ava_chr1C-462100_TSD	0.035	-0.00960814950869769	-0.0118404124979375
RLG_AsatOT3098_Ava_chr1D-035018_TSD	0.837	-0.00796505355782035	0.00455440255965013
RLG_AsatOT3098_Ava_chr1D-101817_TSD	1.087	-0.00901476303542426	0.000177524944716265
RLG_AsatOT3098_Ava_chr1D-122719_TSD	1.016	-0.0086378436130047	0.000504211908257826
RLG_AsatOT3098_Ava_chr1D-126806_TSD	0.638	-0.0095945424626297	-0.0103384233069987
RLG_AsatOT3098_Ava_chr1D-135282_TSD	1.18	-0.00905313810588761	-0.00154508906001817
RLG_AsatOT3098_Ava_chr1D-139656_TSD	1.628	-0.00534511830885562	0.00430250141677621
RLG_AsatOT3098_Ava_chr1D-140583_TSD	0.671	-0.00987864119146798	-0.00895028496695383
RLG_AsatOT3098_Ava_chr1D-142243_TSD	2.165	-0.0074263328140033	0.0065270458309199
RLG_AsatOT3098_Ava_chr1D-143799_TSD	0.695	-0.0100244831507118	-0.00760656868360282
RLG_AsatOT3098_Ava_chr1D-143962_TSD	0.772	-0.00968119307714504	-0.00803648487673344
RLG_AsatOT3098_Ava_chr1D-144049_TSD	0.997	-0.010067047440119	-0.00743690331145641
RLG_AsatOT3098_Ava_chr1D-145027_TSD	1.058	-0.00850167563859606	0.000774845754528516
RLG_AsatOT3098_Ava_chr1D-145327_TSD	0.775	-0.0092978347151363	-0.00298288016371473
RLG_AsatOT3098_Ava_chr1D-145942_TSD	0.561	-0.00974130372187238	-0.0110514277066565
RLG_AsatOT3098_Ava_chr1D-146150_TSD	0.585	-0.0100261746765551	-0.0117014565013959
RLG_AsatOT3098_Ava_chr1D-146451_TSD	0.608	-0.0094439513746347	-0.00851245953394666
RLG_AsatOT3098_Ava_chr1D-146642_TSD	0.506	-0.00959645177891686	-0.00994812010975519
RLG_AsatOT3098_Ava_chr1D-146667_TSD	0.883	-0.00957136972583865	-0.0105997909016439
RLG_AsatOT3098_Ava_chr1D-146741_TSD	0.577	-0.00977579907628572	-0.00744078463097124
RLG_AsatOT3098_Ava_chr1D-146809_TSD	0.589	-0.0089606449032887	-0.00905106171575383
RLG_AsatOT3098_Ava_chr1D-146942_TSD	0.615	-0.00922064306123359	-0.00356124504053983
RLG_AsatOT3098_Ava_chr1D-147001_TSD	0.441	-0.00992359528977239	-0.0118042225552303
RLG_AsatOT3098_Ava_chr1D-147083_TSD	0.328	-0.00984016969025762	-0.0113239769189167
RLG_AsatOT3098_Ava_chr1D-147110_TSD	0.586	-0.0087030445108671	-0.00887098640343829
RLG_AsatOT3098_Ava_chr1D-147588_TSD	0.774	-0.00902084569020527	-0.00512846562475551
RLG_AsatOT3098_Ava_chr1D-147863_TSD	0.553	-0.00961396575747145	-0.00981842656538105
RLG_AsatOT3098_Ava_chr1D-147897_TSD	0.557	-0.00943952444271015	-0.00828114164684259
RLG_AsatOT3098_Ava_chr1D-147921_TSD	0.257	-0.00995168888069556	-0.0112722282512945
RLG_AsatOT3098_Ava_chr1D-148120_TSD	2.148	-0.00938211946851405	-0.00941362660974828
RLG_AsatOT3098_Ava_chr1D-148241_TSD	0.479	-0.00978867122909582	-0.0102267533550529
RLG_AsatOT3098_Ava_chr1D-148282_TSD	0.711	-0.00987159055261914	-0.0077739377790102
RLG_AsatOT3098_Ava_chr1D-148315_TSD	0.771	-0.00952644779764869	-0.00965659159054499
RLG_AsatOT3098_Ava_chr1D-148468_TSD	0.898	-0.00967641018480416	-0.00938265755431921
RLG_AsatOT3098_Ava_chr1D-148596_TSD	0.526	-0.00968908536582213	-0.0064323304538468
RLG_AsatOT3098_Ava_chr1D-148700_TSD	0.586	-0.00995465509642638	-0.0100285634285662
RLG_AsatOT3098_Ava_chr1D-149365_TSD	0.899	-0.00865279887008302	0.00182218436390021
RLG_AsatOT3098_Ava_chr1D-149407_TSD	0.654	-0.00910966356377074	-0.00273069309969825
RLG_AsatOT3098_Ava_chr1D-149648_TSD	1.387	-0.00829401553860127	0.00522306432456879
RLG_AsatOT3098_Ava_chr1D-149773_TSD	0.682	-0.00921362212460605	-7.17451935207674e-05
RLG_AsatOT3098_Ava_chr1D-149810_TSD	0.874	-0.00828150980952496	-0.000683342479746811
RLG_AsatOT3098_Ava_chr1D-149856_TSD	0.614	-0.00982497622675008	-0.00902917779818498
RLG_AsatOT3098_Ava_chr1D-149898_TSD	0.88	-0.00914281446159569	-0.00248184363420662
RLG_AsatOT3098_Ava_chr1D-149917_TSD	0.844	-0.00858896126033174	0.00186226891009478
RLG_AsatOT3098_Ava_chr1D-151569_TSD	2.031	-0.00706884189351495	0.0066803079374268
RLG_AsatOT3098_Ava_chr1D-153060_TSD	1.278	-0.00899099337630508	-0.00421827146157465
RLG_AsatOT3098_Ava_chr1D-154130_TSD	1.228	-0.00842474770532378	-0.000770031034021361
RLG_AsatOT3098_Ava_chr1D-155213_TSD	0.555	-0.00957613797549739	-0.00793915105035593
RLG_AsatOT3098_Ava_chr1D-163688_TSD	0.559	-0.00935402269443112	-0.00472346328047526
RLG_AsatOT3098_Ava_chr1D-167801_TSD	0.934	-0.00902897313483222	0.00162822255492761
RLG_AsatOT3098_Ava_chr1D-203967_TSD	0.363	-0.00871982568642346	-0.000667348546724271
RLG_AsatOT3098_Ava_chr1D-207873_TSD	0.489	-0.00960675232134888	-0.00802856162959498
RLG_AsatOT3098_Ava_chr1D-218686_TSD	0.801	-0.00909946788628595	-0.0037639276416673
RLG_AsatOT3098_Ava_chr1D-273452_TSD	0.512	-0.0086939834759188	0.000795812729072576
RLG_AsatOT3098_Ava_chr1D-274821_TSD	0.748	-0.00904455378758833	-0.00481701142202872
RLG_AsatOT3098_Ava_chr1D-277177_TSD	0.698	-0.00932500294670048	-0.00851437369293418
RLG_AsatOT3098_Ava_chr1D-280105_TSD	0.982	-0.00956384035177562	-0.00797045095984879
RLG_AsatOT3098_Ava_chr1D-298038_TSD	0.642	-0.00940971058846232	-0.00537666797552654
RLG_AsatOT3098_Ava_chr1D-310671_TSD	0.733	-0.00941397137640746	-0.0072079229079003
RLG_AsatOT3098_Ava_chr1D-327913_TSD	0.866	-0.00955024793714875	-0.00584037673596829
RLG_AsatOT3098_Ava_chr1D-341244_TSD	0.731	-0.00943046474031929	-0.00829354580575552
RLG_AsatOT3098_Ava_chr1D-406175_TSD	0.885	-0.00884410245554556	-0.00013133046862941
RLG_AsatOT3098_Ava_chr1D-428546_TSD	0.787	-0.00924605925794771	-0.00432337592588672
RLG_AsatOT3098_Ava_chr1D-435512_TSD	0.695	-0.00989979295388312	-0.00922270441711398
RLG_AsatOT3098_Ava_chr1D-436801_TSD	0.66	-0.00958386624803627	-0.0103439165687352
RLG_AsatOT3098_Ava_chr1D-455083_TSD	0.354	-0.00964210177147412	-0.0130985247251329
RLG_AsatOT3098_Ava_chr1D-469369_TSD	1.1	-0.00786739395559724	0.00590986324036244
RLG_AsatOT3098_Ava_chr2A-009007_TSD	0.221	-0.00924849118770325	-0.0114702019332938
RLG_AsatOT3098_Ava_chr2A-010948_TSD	0.999	-0.00882226326300488	-1.460649417567e-05
RLG_AsatOT3098_Ava_chr2A-013983_TSD	0.551	-0.00972898229676711	-0.0109412527430421
RLG_AsatOT3098_Ava_chr2A-066643_TSD	0.587	-0.00941290356247979	-0.00400852415197986
RLG_AsatOT3098_Ava_chr2A-070354_TSD	0.292	-0.0098336986060644	-0.0141925357953293
RLG_AsatOT3098_Ava_chr2A-070361_TSD	0.251	-0.00991767494415543	-0.0146766356977985
RLG_AsatOT3098_Ava_chr2A-099204_TSD	0.873	-0.00963737925794083	-0.0103587993167255
RLG_AsatOT3098_Ava_chr2A-101493_TSD	0.396	-0.00994426265821888	-0.0117403604802542
RLG_AsatOT3098_Ava_chr2A-113486_TSD	0.51	-0.00974993252908409	-0.00980502660691607
RLG_AsatOT3098_Ava_chr2A-120657_TSD	0.251	-0.00961883651634324	-0.0121069160838568
RLG_AsatOT3098_Ava_chr2A-120680_TSD	0.218	-0.00996652033439884	-0.0114343398352237
RLG_AsatOT3098_Ava_chr2A-121440_TSD	0.395	-0.00983790608431971	-0.0123413466634296
RLG_AsatOT3098_Ava_chr2A-131373_TSD	0.143	-0.00996420279666787	-0.0132283299231171
RLG_AsatOT3098_Ava_chr2A-133649_TSD	0.619	-0.00938381775862766	-0.0053842747544379
RLG_AsatOT3098_Ava_chr2A-133783_TSD	0.687	-0.0100029883213485	-0.00881293669018308
RLG_AsatOT3098_Ava_chr2A-133950_TSD	0.624	-0.00978327156119727	-0.00647609581112987
RLG_AsatOT3098_Ava_chr2A-140127_TSD	0.873	-0.00783412108931967	0.00523527536666482
RLG_AsatOT3098_Ava_chr2A-143547_TSD	1.768	-0.00612750205159123	0.00408717411865734
RLG_AsatOT3098_Ava_chr2A-147244_TSD	1.71	-0.00616598829820001	0.00423263471499126
RLG_AsatOT3098_Ava_chr2A-147535_TSD	0.878	-0.00981705596130204	-0.011509968264141
RLG_AsatOT3098_Ava_chr2A-150337_TSD	0.178	-0.00995681899434454	-0.0128286767977895
RLG_AsatOT3098_Ava_chr2A-152070_TSD	0.287	-0.01027150921893	-0.0130422095590568
RLG_AsatOT3098_Ava_chr2A-152187_TSD	1.086	-0.00842710662738806	-0.00196605117535032
RLG_AsatOT3098_Ava_chr2A-152496_TSD	0.647	-0.0097404766263174	-0.00731484210362716
RLG_AsatOT3098_Ava_chr2A-152624_TSD	1.297	-0.00888021616528749	-0.00261921739796832
RLG_AsatOT3098_Ava_chr2A-152704_TSD	1.161	-0.00869372701337343	-0.00282150301112445
RLG_AsatOT3098_Ava_chr2A-153076_TSD	0.215	-0.00997006033407012	-0.0123684216520967
RLG_AsatOT3098_Ava_chr2A-153140_TSD	0.432	-0.00994421143393025	-0.0128261253590849
RLG_AsatOT3098_Ava_chr2A-153224_TSD	0.107	-0.00994627755795273	-0.0124576050710826
RLG_AsatOT3098_Ava_chr2A-153369_TSD	0.66	-0.00949985854576987	-0.00880574836690669
RLG_AsatOT3098_Ava_chr2A-153758_TSD	0.397	-0.00986828113896786	-0.0103333448221941
RLG_AsatOT3098_Ava_chr2A-153868_TSD	0.179	-0.00993419599170269	-0.0137135565675327
RLG_AsatOT3098_Ava_chr2A-153881_TSD	0.179	-0.0101077993477905	-0.0114759111244299
RLG_AsatOT3098_Ava_chr2A-154007_TSD	0.949	-0.00920329323809759	-0.00702131680243235
RLG_AsatOT3098_Ava_chr2A-154024_TSD	0.143	-0.009912554310725	-0.0112827585089401
RLG_AsatOT3098_Ava_chr2A-154051_TSD	0.396	-0.00981204882236344	-0.0114153706357264
RLG_AsatOT3098_Ava_chr2A-154172_TSD	0.433	-0.0100017788811134	-0.012317731496322
RLG_AsatOT3098_Ava_chr2A-154228_TSD	0.318	-0.00994091028031659	-0.0147916890536543
RLG_AsatOT3098_Ava_chr2A-154271_TSD	0.107	-0.00997852538009867	-0.0113564227975843
RLG_AsatOT3098_Ava_chr2A-154329_TSD	0.822	-0.00923586138800885	-0.00892217900872832
RLG_AsatOT3098_Ava_chr2A-154455_TSD	1.466	-0.00991824991736481	-0.0125087657379966
RLG_AsatOT3098_Ava_chr2A-154595_TSD	0.509	-0.00938844278551787	-0.0106773139187168
RLG_AsatOT3098_Ava_chr2A-154633_TSD	0.341	-0.010099095794642	-0.0144890745196649
RLG_AsatOT3098_Ava_chr2A-154772_TSD	0.256	-0.00995816355273384	-0.0108313278457752
RLG_AsatOT3098_Ava_chr2A-154838_TSD	0.036	-0.0102147843414755	-0.0134565033072264
RLG_AsatOT3098_Ava_chr2A-154884_TSD	0.215	-0.0100602252357447	-0.0115146862826797
RLG_AsatOT3098_Ava_chr2A-154895_TSD	0.418	-0.010027254291006	-0.0147464168804849
RLG_AsatOT3098_Ava_chr2A-154941_TSD	0.365	-0.00990608644063852	-0.0115620633765504
RLG_AsatOT3098_Ava_chr2A-154997_TSD	0.398	-0.00984479839604494	-0.0141920916824822
RLG_AsatOT3098_Ava_chr2A-155061_TSD	0.396	-0.00995097217779492	-0.0119620150061228
RLG_AsatOT3098_Ava_chr2A-155180_TSD	0.214	-0.00981139936177362	-0.012400925239745
RLG_AsatOT3098_Ava_chr2A-155264_TSD	0.251	-0.0101799351302809	-0.0115714220650901
RLG_AsatOT3098_Ava_chr2A-155290_TSD	0.142	-0.00986636775121179	-0.0116147115157129
RLG_AsatOT3098_Ava_chr2A-155349_TSD	0.324	-0.0098997438569945	-0.0113219160055836
RLG_AsatOT3098_Ava_chr2A-155443_TSD	0.287	-0.00956864479550223	-0.0113053840864213
RLG_AsatOT3098_Ava_chr2A-155840_TSD	0.224	-0.00993915178545104	-0.0108961426697162
RLG_AsatOT3098_Ava_chr2A-155880_TSD	0.512	-0.00954027989349778	-0.00916708986663824
RLG_AsatOT3098_Ava_chr2A-155896_TSD	0.36	-0.00955445966067086	-0.0119080799742614
RLG_AsatOT3098_Ava_chr2A-155957_TSD	0.541	-0.00993025395792372	-0.0113779741449378
RLG_AsatOT3098_Ava_chr2A-155999_TSD	0.323	-0.00982643426974533	-0.0101337688044428
RLG_AsatOT3098_Ava_chr2A-156016_TSD	0.179	-0.00991195877167561	-0.0113687725722334
RLG_AsatOT3098_Ava_chr2A-156148_TSD	0.182	-0.0100638026633963	-0.0112642869325932
RLG_AsatOT3098_Ava_chr2A-156201_TSD	0.179	-0.00991034775307879	-0.0106829329431811
RLG_AsatOT3098_Ava_chr2A-156216_TSD	1.326	-0.00944097201259493	-0.00801682967530333
RLG_AsatOT3098_Ava_chr2A-156257_TSD	0.253	-0.00960563509006825	-0.0112854168556291
RLG_AsatOT3098_Ava_chr2A-156322_TSD	0.287	-0.00980059488044817	-0.0116295766165692
RLG_AsatOT3098_Ava_chr2A-156397_TSD	0.251	-0.00967289712662229	-0.0100779805060875
RLG_AsatOT3098_Ava_chr2A-156428_TSD	0.179	-0.00983866084880476	-0.0111202198322155
RLG_AsatOT3098_Ava_chr2A-156588_TSD	0.182	-0.00951416519652525	-0.0111483584340035
RLG_AsatOT3098_Ava_chr2A-156650_TSD	0.143	-0.0100763548161607	-0.0113540528487277
RLG_AsatOT3098_Ava_chr2A-156677_TSD	0.433	-0.00956099309623402	-0.0105098154463185
RLG_AsatOT3098_Ava_chr2A-156760_TSD	0.358	-0.00974927330084903	-0.0108661422741775
RLG_AsatOT3098_Ava_chr2A-157139_TSD	0.698	-0.00990813496394143	-0.00776330172235227
RLG_AsatOT3098_Ava_chr2A-157333_TSD	0.323	-0.00990693605536705	-0.0110758811561828
RLG_AsatOT3098_Ava_chr2A-157356_TSD	0.255	-0.00975754589221439	-0.0101807342603986
RLG_AsatOT3098_Ava_chr2A-157383_TSD	0.035	-0.00992412598602226	-0.010862312763646
RLG_AsatOT3098_Ava_chr2A-157497_TSD	0.143	-0.00984938079241848	-0.0113253774072757
RLG_AsatOT3098_Ava_chr2A-157542_TSD	0.447	-0.00996564810410006	-0.0134855314435348
RLG_AsatOT3098_Ava_chr2A-157571_TSD	0.035	-0.00981757512132747	-0.0111026017270344
RLG_AsatOT3098_Ava_chr2A-157616_TSD	0.324	-0.00961526086262004	-0.0113990136811783
RLG_AsatOT3098_Ava_chr2A-157641_TSD	0.251	-0.00982352630473171	-0.0105740231400661
RLG_AsatOT3098_Ava_chr2A-157719_TSD	0.107	-0.00992689532901916	-0.011709617356943
RLG_AsatOT3098_Ava_chr2A-157972_TSD	1.014	-0.00927032431723118	-0.00132166354510927
RLG_AsatOT3098_Ava_chr2A-158011_TSD	0.179	-0.00989573828068529	-0.0108336243959713
RLG_AsatOT3098_Ava_chr2A-158096_TSD	0.65	-0.00966775844703716	-0.00857291067328935
RLG_AsatOT3098_Ava_chr2A-158106_TSD	0.947	-0.00932032333189908	-0.00118746226183456
RLG_AsatOT3098_Ava_chr2A-158242_TSD	0.143	-0.00995747454533021	-0.0113979715945121
RLG_AsatOT3098_Ava_chr2A-158280_TSD	0.823	-0.00900862060717565	-0.00113024341993544
RLG_AsatOT3098_Ava_chr2A-158299_TSD	0.525	-0.0098834310978382	-0.0115429792863399
RLG_AsatOT3098_Ava_chr2A-158346_TSD	0.792	-0.00973653940192538	-0.00538717582410167
RLG_AsatOT3098_Ava_chr2A-158412_TSD	0.396	-0.00982284909226894	-0.0101908767525151
RLG_AsatOT3098_Ava_chr2A-158496_TSD	0.768	-0.0092925899013145	-0.00677362755196919
RLG_AsatOT3098_Ava_chr2A-158555_TSD	0.735	-0.0091497465505293	-0.00283311376806119
RLG_AsatOT3098_Ava_chr2A-158621_TSD	0.215	-0.00999422242911156	-0.0111514846089523
RLG_AsatOT3098_Ava_chr2A-158696_TSD	0.646	-0.00890897520773751	-8.88793390698997e-05
RLG_AsatOT3098_Ava_chr2A-158805_TSD	0.878	-0.00910689076617201	-0.00156245377744461
RLG_AsatOT3098_Ava_chr2A-158917_TSD	0.426	-0.00986993194621608	-0.0135289505781252
RLG_AsatOT3098_Ava_chr2A-159134_TSD	0.181	-0.010193244186873	-0.0114956953778622
RLG_AsatOT3098_Ava_chr2A-159186_TSD	0.253	-0.00841831858772721	-0.00226476207840356
RLG_AsatOT3098_Ava_chr2A-160370_TSD	0.956	-0.00941248338577327	-0.00328249407042365
RLG_AsatOT3098_Ava_chr2A-161312_TSD	1.529	-0.00550171985638768	0.00342662156047776
RLG_AsatOT3098_Ava_chr2A-162043_TSD	0.548	-0.0091484782346959	-0.00926087938108035
RLG_AsatOT3098_Ava_chr2A-165363_TSD	0.891	-0.00904915751343465	-0.00216952206923375
RLG_AsatOT3098_Ava_chr2A-166711_TSD	1.212	-0.00891784630437894	-0.000742591939547077
RLG_AsatOT3098_Ava_chr2A-172937_TSD	1.495	-0.00570856188470724	0.00671502341590085
RLG_AsatOT3098_Ava_chr2A-176159_TSD	0.396	-0.00979206468738865	-0.011534852546421
RLG_AsatOT3098_Ava_chr2A-183734_TSD	0.843	-0.00883975240949096	-8.09144924779562e-05
RLG_AsatOT3098_Ava_chr2A-187745_TSD	1.589	-0.00796037386962374	0.00462750193052342
RLG_AsatOT3098_Ava_chr2A-238210_TSD	1.368	-0.0077594320601937	0.00326606342712465
RLG_AsatOT3098_Ava_chr2A-242589_TSD	1.144	-0.00879610193878975	-0.000730904151566216
RLG_AsatOT3098_Ava_chr2A-245638_TSD	1.415	-0.00598394617147021	0.0028480605073753
RLG_AsatOT3098_Ava_chr2A-250288_TSD	0.585	-0.00999541361084616	-0.00998638634846369
RLG_AsatOT3098_Ava_chr2A-256695_TSD	0.426	-0.00977470437034095	-0.00679833842163113
RLG_AsatOT3098_Ava_chr2A-265769_TSD	0.474	-0.00910001309898245	-0.00958952271087151
RLG_AsatOT3098_Ava_chr2A-294499_TSD	0.861	-0.0096442462041668	-0.0052993818626899
RLG_AsatOT3098_Ava_chr2A-302533_TSD	0.396	-0.00918692134767871	-0.00826228036774963
RLG_AsatOT3098_Ava_chr2A-311645_TSD	1.596	-0.00788702201391038	0.00319092008306642
RLG_AsatOT3098_Ava_chr2A-322664_TSD	0.661	-0.00977333324747346	-0.00969718480499792
RLG_AsatOT3098_Ava_chr2A-356274_TSD	0.372	-0.00990431404557094	-0.0150432326509461
RLG_AsatOT3098_Ava_chr2A-360544_TSD	0.035	-0.00982567099001378	-0.0130954872347314
RLG_AsatOT3098_Ava_chr2A-375329_TSD	0.512	-0.00931365399713439	-0.0110699248203987
RLG_AsatOT3098_Ava_chr2A-402117_TSD	0.684	-0.00903459345790459	-0.000651669305361037
RLG_AsatOT3098_Ava_chr2A-422546_TSD	0.147	-0.00966131047281793	-0.01063897962448
RLG_AsatOT3098_Ava_chr2A-445168_TSD	0.64	-0.00835227583930041	-0.000203735900031719
RLG_AsatOT3098_Ava_chr2D-054365_TSD	1.428	-0.00642315276384185	0.00682769817777353
RLG_AsatOT3098_Ava_chr2D-078061_TSD	0.689	-0.0078929271172443	0.00616605089073259
RLG_AsatOT3098_Ava_chr2D-078500_TSD	1.022	-0.00832966777890956	-0.000195048755845651
RLG_AsatOT3098_Ava_chr2D-116133_TSD	0.881	-0.0090705044311758	-0.00949048649271195
RLG_AsatOT3098_Ava_chr2D-117203_TSD	0.91	-0.00829780284830032	0.0066178321491223
RLG_AsatOT3098_Ava_chr2D-128316_TSD	0.446	-0.00984807938294155	-0.0107614140003572
RLG_AsatOT3098_Ava_chr2D-132090_TSD	1.018	-0.00800193052040884	0.00473755974249222
RLG_AsatOT3098_Ava_chr2D-146502_TSD	0.585	-0.00976598814215767	-0.00735674627058598
RLG_AsatOT3098_Ava_chr2D-171681_TSD	0.988	-0.00816884063877745	0.00114056043315771
RLG_AsatOT3098_Ava_chr2D-177317_TSD	1.368	-0.00579921045033326	0.00419699465391238
RLG_AsatOT3098_Ava_chr2D-177410_TSD	0.438	-0.0100761592828497	-0.0119368431065384
RLG_AsatOT3098_Ava_chr2D-218976_TSD	0.859	-0.00842158798308015	0.00238487081253582
RLG_AsatOT3098_Ava_chr2D-284481_TSD	0.598	-0.0094055370961146	-0.00555009370297827
RLG_AsatOT3098_Ava_chr2D-295401_TSD	0.94	-0.0094975211442087	-0.00623057314284522
RLG_AsatOT3098_Ava_chr2D-312334_TSD	0.663	-0.0099999951539774	-0.0109624853498863
RLG_AsatOT3098_Ava_chr2D-315259_TSD	1.388	-0.00899458792350618	-0.000571467790490608
RLG_AsatOT3098_Ava_chr2D-317859_TSD	0.971	-0.0088549676339631	-0.000772241988840299
RLG_AsatOT3098_Ava_chr2D-335511_TSD	0.77	-0.0094212297597722	-0.00552368838263538
RLG_AsatOT3098_Ava_chr2D-355856_TSD	1.572	-0.00775534122685455	0.00592887332213589
RLG_AsatOT3098_Ava_chr2D-356490_TSD	0.661	-0.00903774566991721	-0.00666189438847272
RLG_AsatOT3098_Ava_chr2D-356782_TSD	1.02	-0.00920645108087467	-0.00968547494441632
RLG_AsatOT3098_Ava_chr2D-357490_TSD	1.75	-0.00574153649146932	0.00386707431102295
RLG_AsatOT3098_Ava_chr2D-363704_TSD	0.901	-0.00931533269529778	-0.00424256242324793
RLG_AsatOT3098_Ava_chr2D-366122_TSD	0.257	-0.00955035551461698	-0.00766980688333174
RLG_AsatOT3098_Ava_chr2D-366305_TSD	0.933	-0.00892756989243732	-0.0054734503814532
RLG_AsatOT3098_Ava_chr2D-366366_TSD	1.525	-0.00856852084433476	-0.00130536576483344
RLG_AsatOT3098_Ava_chr2D-366435_TSD	1.134	-0.00766632273343146	0.00586372920304269
RLG_AsatOT3098_Ava_chr2D-367059_TSD	1.694	-0.00616307466121683	0.00309570139129704
RLG_AsatOT3098_Ava_chr2D-367203_TSD	0.85	-0.00833934189154192	-0.00240717869509786
RLG_AsatOT3098_Ava_chr2D-367829_TSD	1.037	-0.00971335010951024	-0.00652619166954389
RLG_AsatOT3098_Ava_chr2D-368504_TSD	0.755	-0.0099077291951765	-0.00950185228971409
RLG_AsatOT3098_Ava_chr2D-369246_TSD	0.808	-0.00893792015611814	-0.00665180987238236
RLG_AsatOT3098_Ava_chr2D-369283_TSD	0.805	-0.00946170852424405	-0.00727340163874635
RLG_AsatOT3098_Ava_chr2D-369414_TSD	0.595	-0.0090045514256104	-0.00607556781160493
RLG_AsatOT3098_Ava_chr2D-369457_TSD	0.732	-0.00969105448466235	-0.00719216423847467
RLG_AsatOT3098_Ava_chr2D-369813_TSD	0.62	-0.00956777921844541	-0.00769813464030825
RLG_AsatOT3098_Ava_chr2D-369952_TSD	0.923	-0.00918096357756854	-0.00580290184671715
RLG_AsatOT3098_Ava_chr2D-372023_TSD	1.18	-0.00892591863095198	-0.00102095489696503
RLG_AsatOT3098_Ava_chr2D-372104_TSD	0.401	-0.00898462850902541	-0.00533919926442191
RLG_AsatOT3098_Ava_chr2D-372214_TSD	0.57	-0.00972161830663342	-0.00400513619788904
RLG_AsatOT3098_Ava_chr2D-372298_TSD	1.027	-0.00960951488717661	-0.00673795740879886
RLG_AsatOT3098_Ava_chr2D-372883_TSD	0.838	-0.00964501075815648	-0.00433306625966713
RLG_AsatOT3098_Ava_chr2D-372894_TSD	1.604	-0.00797657282247132	0.00580167163047739
RLG_AsatOT3098_Ava_chr2D-374475_TSD	0.693	-0.00872601694541862	0.000585922744200682
RLG_AsatOT3098_Ava_chr2D-378983_TSD	1.145	-0.00905403486733358	-0.000605700964256639
RLG_AsatOT3098_Ava_chr2D-383874_TSD	2.219	-0.00604422268156926	0.00657845146117871
RLG_AsatOT3098_Ava_chr2D-387104_TSD	1.075	-0.00865248684136487	-0.00579541324876236
RLG_AsatOT3098_Ava_chr2D-420163_TSD	1.37	-0.00825798260355978	0.00550167230404852
RLG_AsatOT3098_Ava_chr2D-443655_TSD	0.787	-0.0093636742826847	-0.00793983476634609
RLG_AsatOT3098_Ava_chr2D-446806_TSD	1.298	-0.00835839080189637	0.00227986357502519
RLG_AsatOT3098_Ava_chr2D-451115_TSD	2.145	-0.00551696663684816	0.00356981633336856
RLG_AsatOT3098_Ava_chr2D-461112_TSD	1.312	-0.00771458449768068	0.00549333000491778
RLG_AsatOT3098_Ava_chr2D-481675_TSD	0.46	-0.00985899060615735	-0.0132981240772595
RLG_AsatOT3098_Ava_chr2D-482348_TSD	0.221	-0.00980727820316248	-0.00554097755820784
RLG_AsatOT3098_Ava_chr2D-483710_TSD	1.143	-0.00950041068189104	-0.00714985167415702
RLG_AsatOT3098_Ava_chr2D-485178_TSD	1.19	-0.0088079919072667	0.0018569191448674
RLG_AsatOT3098_Ava_chr2D-502255_TSD	1.075	-0.00903499106205967	-0.00442601612867886
RLG_AsatOT3098_Ava_chr2D-512358_TSD	0.842	-0.00896758777146301	-0.00114513449359645
RLG_AsatOT3098_Ava_chr3A-009367_TSD	0.111	-0.0101564452500328	-0.017298249037101
RLG_AsatOT3098_Ava_chr3A-025639_TSD	0.578	-0.00863826373289388	-0.00362753314944664
RLG_AsatOT3098_Ava_chr3A-027930_TSD	0.223	-0.0095566140404631	-0.0151831496947319
RLG_AsatOT3098_Ava_chr3A-030025_TSD	1.283	-0.007978535224148	0.00608066157332638
RLG_AsatOT3098_Ava_chr3A-031795_TSD	0.935	-0.010007553636055	-0.00673917586840879
RLG_AsatOT3098_Ava_chr3A-054109_TSD	0.107	-0.0101854901913085	-0.0123477895891986
RLG_AsatOT3098_Ava_chr3A-065191_TSD	0.987	-0.00983290962298185	-0.00967828229937736
RLG_AsatOT3098_Ava_chr3A-102745_TSD	0.819	-0.00967381248226642	-0.00831748656932375
RLG_AsatOT3098_Ava_chr3A-102775_TSD	0.819	-0.00968314134364787	-0.00832211408556586
RLG_AsatOT3098_Ava_chr3A-112061_TSD	0.329	-0.00985163152857857	-0.0109153585894457
RLG_AsatOT3098_Ava_chr3A-151468_TSD	1.181	-0.00797924397660668	0.00628712091534797
RLG_AsatOT3098_Ava_chr3A-187073_TSD	1.008	-0.00872545194852739	-0.000632509132939737
RLG_AsatOT3098_Ava_chr3A-187149_TSD	0.181	-0.00984894362951178	-0.0116626698907394
RLG_AsatOT3098_Ava_chr3A-195994_TSD	0.729	-0.00909649221295755	-0.00109835936829195
RLG_AsatOT3098_Ava_chr3A-211109_TSD	0.609	-0.00946704243802819	-0.014572122122313
RLG_AsatOT3098_Ava_chr3A-218479_TSD	1.223	-0.00866505898065386	-0.000289318526438512
RLG_AsatOT3098_Ava_chr3A-233227_TSD	1.094	-0.00887428726584185	-0.000655744586406021
RLG_AsatOT3098_Ava_chr3A-233280_TSD	1.169	-0.00860991144657636	0.0042661884115586
RLG_AsatOT3098_Ava_chr3A-233340_TSD	0.829	-0.00884203422034406	-0.00148034185768764
RLG_AsatOT3098_Ava_chr3A-233418_TSD	0.871	-0.00863021484340243	0.00256790703070829
RLG_AsatOT3098_Ava_chr3A-233472_TSD	1.046	-0.00842424178041795	0.00306454009288127
RLG_AsatOT3098_Ava_chr3A-233767_TSD	1.203	-0.00759786987975464	0.00420997602415463
RLG_AsatOT3098_Ava_chr3A-233918_TSD	1.421	-0.00604364721738749	0.00334300620146826
RLG_AsatOT3098_Ava_chr3A-235294_TSD	0.886	-0.00887939124015424	0.000645866087333597
RLG_AsatOT3098_Ava_chr3A-235544_TSD	0.673	-0.00863091619914979	0.00132147461384117
RLG_AsatOT3098_Ava_chr3A-235603_TSD	0.179	-0.00939139993642373	-0.0113504563108369
RLG_AsatOT3098_Ava_chr3A-235694_TSD	1.092	-0.00806232533589584	0.000871322315412997
RLG_AsatOT3098_Ava_chr3A-235708_TSD	1.117	-0.00901454022725061	-0.000581517042378001
RLG_AsatOT3098_Ava_chr3A-235734_TSD	0.603	-0.00897205978407074	-0.00573623697306099
RLG_AsatOT3098_Ava_chr3A-235923_TSD	0.181	-0.0100083074101263	-0.0110155277043496
RLG_AsatOT3098_Ava_chr3A-235937_TSD	0.584	-0.00998950634543233	-0.010660833217593
RLG_AsatOT3098_Ava_chr3A-235996_TSD	0.437	-0.0100948121779635	-0.011765637767505
RLG_AsatOT3098_Ava_chr3A-236026_TSD	0.071	-0.0101343032160893	-0.0110258154387268
RLG_AsatOT3098_Ava_chr3A-236060_TSD	0.071	-0.00990990324994017	-0.0109407169482062
RLG_AsatOT3098_Ava_chr3A-236154_TSD	0.036	-0.0097435507940053	-0.0115947377836057
RLG_AsatOT3098_Ava_chr3A-236244_TSD	0.586	-0.00912993278297127	-0.00928403491793351
RLG_AsatOT3098_Ava_chr3A-236332_TSD	0.286	-0.00986176731512559	-0.0116299138264347
RLG_AsatOT3098_Ava_chr3A-236469_TSD	0	-0.0101064269980618	-0.011576727306922
RLG_AsatOT3098_Ava_chr3A-236496_TSD	0.107	-0.0101498215855078	-0.0119835867467604
RLG_AsatOT3098_Ava_chr3A-236522_TSD	0.25	-0.00997503403039734	-0.0106313253670833
RLG_AsatOT3098_Ava_chr3A-236597_TSD	0.143	-0.00991189464882699	-0.011348304532036
RLG_AsatOT3098_Ava_chr3A-236625_TSD	0.287	-0.00984009362441698	-0.0112919677626783
RLG_AsatOT3098_Ava_chr3A-236698_TSD	0.556	-0.00991778424735484	-0.0147138238229714
RLG_AsatOT3098_Ava_chr3A-236807_TSD	0.323	-0.0101797998673532	-0.0114258889689336
RLG_AsatOT3098_Ava_chr3A-236825_TSD	0.215	-0.0101134800653123	-0.0122027305757638
RLG_AsatOT3098_Ava_chr3A-237014_TSD	0.287	-0.00991605524757057	-0.0121004359200119
RLG_AsatOT3098_Ava_chr3A-237049_TSD	0.214	-0.00954096051513484	-0.0120288885760018
RLG_AsatOT3098_Ava_chr3A-237069_TSD	0.785	-0.00959908344213594	-0.00738591693555074
RLG_AsatOT3098_Ava_chr3A-237088_TSD	0.214	-0.00951139415594458	-0.0121800364639792
RLG_AsatOT3098_Ava_chr3A-237322_TSD	0.179	-0.00988027998903636	-0.0114751307522813
RLG_AsatOT3098_Ava_chr3A-237358_TSD	0.703	-0.00964300493411755	-0.00939719263477325
RLG_AsatOT3098_Ava_chr3A-237380_TSD	0.107	-0.00978359426208008	-0.011353354351829
RLG_AsatOT3098_Ava_chr3A-237541_TSD	0.766	-0.00957581833900236	-0.00644416153480927
RLG_AsatOT3098_Ava_chr3A-237558_TSD	0.146	-0.00982670369929887	-0.0113395782836626
RLG_AsatOT3098_Ava_chr3A-237572_TSD	0.874	-0.0094625251406116	-0.00771875067734808
RLG_AsatOT3098_Ava_chr3A-237659_TSD	0.286	-0.00994922497837385	-0.0107363837933543
RLG_AsatOT3098_Ava_chr3A-237672_TSD	0.142	-0.010102265384503	-0.0112688166399557
RLG_AsatOT3098_Ava_chr3A-237749_TSD	0.363	-0.00961328204111149	-0.0111358408403122
RLG_AsatOT3098_Ava_chr3A-237783_TSD	0.41	-0.00988929481279544	-0.0132341781716128
RLG_AsatOT3098_Ava_chr3A-237838_TSD	0.614	-0.00981864143691037	-0.011276172268275
RLG_AsatOT3098_Ava_chr3A-237953_TSD	1.432	-0.00982138247364419	-0.0105394372092016
RLG_AsatOT3098_Ava_chr3A-237992_TSD	0.511	-0.00997161480733375	-0.0101439841919915
RLG_AsatOT3098_Ava_chr3A-238004_TSD	0.872	-0.00955455293283263	-0.0106921032316015
RLG_AsatOT3098_Ava_chr3A-238126_TSD	0.252	-0.00997036330166701	-0.0118085916872405
RLG_AsatOT3098_Ava_chr3A-238398_TSD	0.143	-0.0101473816608656	-0.0112798171549706
RLG_AsatOT3098_Ava_chr3A-238495_TSD	0.108	-0.00944018347201702	-0.0111269998725996
RLG_AsatOT3098_Ava_chr3A-238570_TSD	0.389	-0.0099889312565958	-0.0147222034768504
RLG_AsatOT3098_Ava_chr3A-238728_TSD	1.89	-0.00973279501613799	-0.0110507649995692
RLG_AsatOT3098_Ava_chr3A-238772_TSD	0.366	-0.00999229365210587	-0.0101491703140394
RLG_AsatOT3098_Ava_chr3A-238793_TSD	0.256	-0.00950476250373989	-0.012580990543177
RLG_AsatOT3098_Ava_chr3A-238803_TSD	0.15	-0.00983046162990185	-0.0120921262225037
RLG_AsatOT3098_Ava_chr3A-238831_TSD	0.432	-0.010232655216648	-0.0119383277625015
RLG_AsatOT3098_Ava_chr3A-239032_TSD	0.553	-0.00948335042737126	-0.0107092878643237
RLG_AsatOT3098_Ava_chr3A-239040_TSD	0.035	-0.0101608155937447	-0.0112792921044627
RLG_AsatOT3098_Ava_chr3A-239109_TSD	0.215	-0.00965539511130468	-0.0112118935412226
RLG_AsatOT3098_Ava_chr3A-239159_TSD	0.323	-0.0101988865598526	-0.0115561233487817
RLG_AsatOT3098_Ava_chr3A-239294_TSD	0.968	-0.00971281861105466	-0.00950905679813778
RLG_AsatOT3098_Ava_chr3A-239334_TSD	0.215	-0.0100494864395618	-0.0130268286359391
RLG_AsatOT3098_Ava_chr3A-239352_TSD	0.179	-0.00990036009693307	-0.0112806715437703
RLG_AsatOT3098_Ava_chr3A-239429_TSD	0.251	-0.00999944625810094	-0.01131315882724
RLG_AsatOT3098_Ava_chr3A-239498_TSD	0.179	-0.00985250536646491	-0.0122581191891799
RLG_AsatOT3098_Ava_chr3A-239534_TSD	0.251	-0.010122939763831	-0.0112798293783065
RLG_AsatOT3098_Ava_chr3A-239591_TSD	0.179	-0.0102694906301833	-0.013766678842873
RLG_AsatOT3098_Ava_chr3A-239643_TSD	1.216	-0.0100817175990325	-0.0110451471865405
RLG_AsatOT3098_Ava_chr3A-239656_TSD	0.323	-0.0097918439611769	-0.010649876038318
RLG_AsatOT3098_Ava_chr3A-239717_TSD	0.179	-0.0103515538376169	-0.0115168901659998
RLG_AsatOT3098_Ava_chr3A-239866_TSD	0.107	-0.010205003650402	-0.0120539530304773
RLG_AsatOT3098_Ava_chr3A-239879_TSD	0.143	-0.0100471513533394	-0.0120343040111475
RLG_AsatOT3098_Ava_chr3A-239917_TSD	0.179	-0.0100749275190901	-0.0114961083355967
RLG_AsatOT3098_Ava_chr3A-240084_TSD	0.523	-0.0100474602259055	-0.0114458493916784
RLG_AsatOT3098_Ava_chr3A-240209_TSD	0.107	-0.00967924556400501	-0.00964224427069508
RLG_AsatOT3098_Ava_chr3A-240257_TSD	0.44	-0.00975131500869253	-0.0130302573937149
RLG_AsatOT3098_Ava_chr3A-240273_TSD	0.179	-0.00993335455446717	-0.011081161062062
RLG_AsatOT3098_Ava_chr3A-240310_TSD	0.143	-0.0101337816714631	-0.0124928149713625
RLG_AsatOT3098_Ava_chr3A-240343_TSD	0.071	-0.00969645715649393	-0.00971580215299966
RLG_AsatOT3098_Ava_chr3A-240401_TSD	0.44	-0.00985266548432996	-0.012859705411899
RLG_AsatOT3098_Ava_chr3A-240409_TSD	0.553	-0.00999654495051325	-0.0120016506602833
RLG_AsatOT3098_Ava_chr3A-240446_TSD	0.143	-0.0100238478670756	-0.012477392667526
RLG_AsatOT3098_Ava_chr3A-240492_TSD	0.323	-0.0101913235078304	-0.0116672915680605
RLG_AsatOT3098_Ava_chr3A-240596_TSD	0.143	-0.0097392580545766	-0.0112863206087995
RLG_AsatOT3098_Ava_chr3A-240643_TSD	1.211	-0.0101066118009694	-0.0121385922472179
RLG_AsatOT3098_Ava_chr3A-240656_TSD	0.184	-0.0100242591189457	-0.0102939665625136
RLG_AsatOT3098_Ava_chr3A-240756_TSD	0.358	-0.00995732071607183	-0.01179991660344
RLG_AsatOT3098_Ava_chr3A-240775_TSD	0.287	-0.00999132185377832	-0.0112522259706086
RLG_AsatOT3098_Ava_chr3A-240872_TSD	0.179	-0.0102391753564059	-0.0129571945328186
RLG_AsatOT3098_Ava_chr3A-241002_TSD	0.623	-0.00988674358504307	-0.0113306622745351
RLG_AsatOT3098_Ava_chr3A-241040_TSD	0.287	-0.0100146218306887	-0.0137270141591207
RLG_AsatOT3098_Ava_chr3A-241136_TSD	0.433	-0.00989135868641814	-0.0120924606515545
RLG_AsatOT3098_Ava_chr3A-241164_TSD	1.022	-0.00929980332895289	-0.00599837104618673
RLG_AsatOT3098_Ava_chr3A-241207_TSD	0.395	-0.00986397243923945	-0.0110049223385688
RLG_AsatOT3098_Ava_chr3A-241291_TSD	0.214	-0.0100590232729725	-0.011937513154307
RLG_AsatOT3098_Ava_chr3A-241373_TSD	0.834	-0.00994867183657342	-0.0119760791476331
RLG_AsatOT3098_Ava_chr3A-241418_TSD	0.727	-0.00967511889724833	-0.0109276235576029
RLG_AsatOT3098_Ava_chr3A-241520_TSD	0.223	-0.0101312574183321	-0.0118721927861049
RLG_AsatOT3098_Ava_chr3A-241556_TSD	0.578	-0.0100407071963038	-0.0117551595137782
RLG_AsatOT3098_Ava_chr3A-241579_TSD	0.325	-0.00994319990820284	-0.0119120202013253
RLG_AsatOT3098_Ava_chr3A-241637_TSD	0.446	-0.00983945367361042	-0.0143233127348306
RLG_AsatOT3098_Ava_chr3A-241649_TSD	0.663	-0.00955747965849977	-0.00783796296426921
RLG_AsatOT3098_Ava_chr3A-241706_TSD	0.287	-0.010006238019504	-0.0116901124225823
RLG_AsatOT3098_Ava_chr3A-241823_TSD	0.071	-0.00972528938778284	-0.0101454177018436
RLG_AsatOT3098_Ava_chr3A-241946_TSD	0.33	-0.0100519037288752	-0.0120484935306785
RLG_AsatOT3098_Ava_chr3A-241982_TSD	0.294	-0.0100724737144775	-0.0121210720018
RLG_AsatOT3098_Ava_chr3A-242005_TSD	0.287	-0.00987284222987183	-0.0123993862070689
RLG_AsatOT3098_Ava_chr3A-242043_TSD	0.035	-0.0102383852637911	-0.0130514243286471
RLG_AsatOT3098_Ava_chr3A-242262_TSD	0.986	-0.00966058707709117	-0.00664559396227691
RLG_AsatOT3098_Ava_chr3A-242449_TSD	0.726	-0.00990627572965885	-0.00996898543266692
RLG_AsatOT3098_Ava_chr3A-242496_TSD	0.752	-0.00921548647755433	-0.00334998925597092
RLG_AsatOT3098_Ava_chr3A-242534_TSD	0.506	-0.0100363939240546	-0.0157147659884006
RLG_AsatOT3098_Ava_chr3A-242805_TSD	0.614	-0.00962174275886466	-0.00947175143221016
RLG_AsatOT3098_Ava_chr3A-242995_TSD	0.251	-0.0097300898415547	-0.0114520151223771
RLG_AsatOT3098_Ava_chr3A-243166_TSD	0.107	-0.00989771816048841	-0.0114539862049194
RLG_AsatOT3098_Ava_chr3A-244058_TSD	1.056	-0.00794742834280509	0.00492168406543744
RLG_AsatOT3098_Ava_chr3A-252501_TSD	0.505	-0.00936135639391195	-0.00794535338725734
RLG_AsatOT3098_Ava_chr3A-256192_TSD	0.179	-0.00976848517090105	-0.0109328896001496
RLG_AsatOT3098_Ava_chr3A-260886_TSD	0.071	-0.0101618563060505	-0.0115654995736203
RLG_AsatOT3098_Ava_chr3A-294475_TSD	0.941	-0.00821520085449671	0.00466007408658402
RLG_AsatOT3098_Ava_chr3A-315522_TSD	0.179	-0.010000230609123	-0.0134650742347903
RLG_AsatOT3098_Ava_chr3A-323670_TSD	0.806	-0.0095040818719264	-0.00649576830018707
RLG_AsatOT3098_Ava_chr3A-374006_TSD	0.327	-0.00930611306635345	-0.00783526633962772
RLG_AsatOT3098_Ava_chr3A-380568_TSD	0.377	-0.0100622924047204	-0.0150067679786099
RLG_AsatOT3098_Ava_chr3A-389811_TSD	0.215	-0.00979010960903814	-0.0109176977247828
RLG_AsatOT3098_Ava_chr3D-029575_TSD	0.475	-0.00962581585614527	-0.00917338937412701
RLG_AsatOT3098_Ava_chr3D-045715_TSD	1.113	-0.00961399406366475	-0.00458794471066253
RLG_AsatOT3098_Ava_chr3D-045753_TSD	1.15	-0.00962878053358007	-0.00461938922965351
RLG_AsatOT3098_Ava_chr3D-046888_TSD	1.462	-0.00797098639102799	0.00543205291958502
RLG_AsatOT3098_Ava_chr3D-048265_TSD	0.907	-0.0084341337149357	0.00577775067968829
RLG_AsatOT3098_Ava_chr3D-051398_TSD	1.125	-0.00807255384871002	0.00416094760628818
RLG_AsatOT3098_Ava_chr3D-054416_TSD	0.071	-0.0100638336498243	-0.0106894959194526
RLG_AsatOT3098_Ava_chr3D-054491_TSD	0.183	-0.00968578956545407	-0.0109763702204442
RLG_AsatOT3098_Ava_chr3D-123331_TSD	1.376	-0.00825340325037352	0.00422864061728849
RLG_AsatOT3098_Ava_chr3D-142472_TSD	1.132	-0.00878839071672134	0.00194135772001107
RLG_AsatOT3098_Ava_chr3D-163656_TSD	1.006	-0.0089860827650539	-0.00479210155433279
RLG_AsatOT3098_Ava_chr3D-168215_TSD	0.884	-0.00835170805990073	-0.00214191106074616
RLG_AsatOT3098_Ava_chr3D-174955_TSD	1.645	-0.00816592886848633	0.00275016513977879
RLG_AsatOT3098_Ava_chr3D-181956_TSD	0.979	-0.00861944179097036	0.000355213849506415
RLG_AsatOT3098_Ava_chr3D-190428_TSD	0.601	-0.00835267493008743	0.00275187794010394
RLG_AsatOT3098_Ava_chr3D-190946_TSD	1.121	-0.00759988071741067	0.0034753348505514
RLG_AsatOT3098_Ava_chr3D-199438_TSD	1.831	-0.00564301200158187	0.00295544073739803
RLG_AsatOT3098_Ava_chr3D-199523_TSD	0.873	-0.00878214784291005	0.0016295254986528
RLG_AsatOT3098_Ava_chr3D-202143_TSD	0.716	-0.00950600086866745	-0.00702220525556432
RLG_AsatOT3098_Ava_chr3D-202464_TSD	1.076	-0.00954933231766018	-0.00555423923023005
RLG_AsatOT3098_Ava_chr3D-202503_TSD	0.694	-0.00964331328168186	-0.00581616668578368
RLG_AsatOT3098_Ava_chr3D-202687_TSD	0.607	-0.00961346089542632	-0.00659561418784717
RLG_AsatOT3098_Ava_chr3D-202819_TSD	0.532	-0.0089759440853956	-0.00282787281896595
RLG_AsatOT3098_Ava_chr3D-202899_TSD	0.619	-0.00953619624067001	-0.00514912692613117
RLG_AsatOT3098_Ava_chr3D-203019_TSD	0.708	-0.00923110278322531	-0.00574946716244203
RLG_AsatOT3098_Ava_chr3D-203042_TSD	0.396	-0.00982972767123827	-0.00959295065943058
RLG_AsatOT3098_Ava_chr3D-203063_TSD	0.781	-0.00966537842007257	-0.00850068896868145
RLG_AsatOT3098_Ava_chr3D-203565_TSD	0.521	-0.00981654480708277	-0.00903127667076078
RLG_AsatOT3098_Ava_chr3D-203629_TSD	0.376	-0.00987869276397913	-0.00900251796026819
RLG_AsatOT3098_Ava_chr3D-203865_TSD	0.587	-0.009859815207712	-0.00913110129969874
RLG_AsatOT3098_Ava_chr3D-204042_TSD	0.548	-0.00982033351720598	-0.00867229878291487
RLG_AsatOT3098_Ava_chr3D-204353_TSD	0.669	-0.00977930120280652	-0.00755243232333137
RLG_AsatOT3098_Ava_chr3D-204375_TSD	0.142	-0.00976808076610897	-0.00789569374700565
RLG_AsatOT3098_Ava_chr3D-204383_TSD	0.178	-0.00985511400704097	-0.00801270056035296
RLG_AsatOT3098_Ava_chr3D-204391_TSD	0.395	-0.00974618341384636	-0.00830011162865015
RLG_AsatOT3098_Ava_chr3D-204486_TSD	0.766	-0.00834206350001215	0.00404668064392025
RLG_AsatOT3098_Ava_chr3D-204677_TSD	0.785	-0.00936940137014288	-0.00274605235335198
RLG_AsatOT3098_Ava_chr3D-204794_TSD	1.064	-0.00827932608273717	0.00304179206761017
RLG_AsatOT3098_Ava_chr3D-205133_TSD	0.476	-0.0095065055927594	-0.00727914188803289
RLG_AsatOT3098_Ava_chr3D-205175_TSD	0.688	-0.0095898143622783	-0.00489201923484252
RLG_AsatOT3098_Ava_chr3D-205193_TSD	0.761	-0.00948274139014466	-0.00535402823534235
RLG_AsatOT3098_Ava_chr3D-205409_TSD	0.696	-0.00832186137085436	0.0004955654132843
RLG_AsatOT3098_Ava_chr3D-205833_TSD	0.824	-0.00909176853882175	-0.00333852014440217
RLG_AsatOT3098_Ava_chr3D-205981_TSD	0.683	-0.00858651518167924	0.00216793542524722
RLG_AsatOT3098_Ava_chr3D-206060_TSD	0.696	-0.00958875545315741	-0.0109209859086586
RLG_AsatOT3098_Ava_chr3D-206077_TSD	1.115	-0.00834734794443233	0.00206460344244885
RLG_AsatOT3098_Ava_chr3D-206088_TSD	0.732	-0.00951251689302061	-0.00644405241428954
RLG_AsatOT3098_Ava_chr3D-206275_TSD	0.491	-0.0099867104935312	-0.0105250295578474
RLG_AsatOT3098_Ava_chr3D-206757_TSD	1.606	-0.00946545056580679	-0.00654380588797156
RLG_AsatOT3098_Ava_chr3D-206986_TSD	0.365	-0.00981636626905454	-0.0087815084227498
RLG_AsatOT3098_Ava_chr3D-207204_TSD	1.045	-0.00837131029321618	0.00484552753209728
RLG_AsatOT3098_Ava_chr3D-207395_TSD	0.862	-0.00842361154067921	0.00315945933455325
RLG_AsatOT3098_Ava_chr3D-207824_TSD	0.451	-0.00988504851789835	-0.00851270530219387
RLG_AsatOT3098_Ava_chr3D-208001_TSD	0.922	-0.00864185806736703	0.00085815004481399
RLG_AsatOT3098_Ava_chr3D-208032_TSD	0.655	-0.00964503203694535	-0.00600617538902717
RLG_AsatOT3098_Ava_chr3D-208082_TSD	0.787	-0.00838140184838916	-0.00037500698438689
RLG_AsatOT3098_Ava_chr3D-208149_TSD	1.014	-0.00965464320239114	-0.00677084724017089
RLG_AsatOT3098_Ava_chr3D-208350_TSD	0.823	-0.009363802568043	-0.00379687862021061
RLG_AsatOT3098_Ava_chr3D-208384_TSD	0.654	-0.00916966305322532	-0.00307420410839261
RLG_AsatOT3098_Ava_chr3D-208469_TSD	0.661	-0.00976699140967789	-0.00939028934179897
RLG_AsatOT3098_Ava_chr3D-208844_TSD	0.617	-0.00863229822292895	0.000172897244223988
RLG_AsatOT3098_Ava_chr3D-208929_TSD	1.179	-0.00899006914869709	-0.00270610632554238
RLG_AsatOT3098_Ava_chr3D-209042_TSD	0.645	-0.00760077432551319	0.00449164433089979
RLG_AsatOT3098_Ava_chr3D-209067_TSD	0.883	-0.00895605607248261	0.00193792920732519
RLG_AsatOT3098_Ava_chr3D-209172_TSD	1.237	-0.00766538156371073	0.00387651700677377
RLG_AsatOT3098_Ava_chr3D-209235_TSD	0.58	-0.00871790825138606	0.00277810244943418
RLG_AsatOT3098_Ava_chr3D-211104_TSD	0.743	-0.00958328550001479	-0.00854048632398173
RLG_AsatOT3098_Ava_chr3D-212021_TSD	0.873	-0.00789056640974015	-1.90605795055711e-05
RLG_AsatOT3098_Ava_chr3D-213002_TSD	1.707	-0.00842882760144571	0.000727519599071836
RLG_AsatOT3098_Ava_chr3D-216424_TSD	0.824	-0.00922867487197696	-0.00498881615499584
RLG_AsatOT3098_Ava_chr3D-223893_TSD	0.719	-0.00859766569002758	0.00498179572918017
RLG_AsatOT3098_Ava_chr3D-246059_TSD	1.252	-0.00836564637931973	0.00541954678716116
RLG_AsatOT3098_Ava_chr3D-290243_TSD	2.116	-0.00580321050224175	0.00393114260586425
RLG_AsatOT3098_Ava_chr3D-333094_TSD	0.863	-0.00904564771987663	-0.00246121375732654
RLG_AsatOT3098_Ava_chr3D-337409_TSD	0.811	-0.00995842404842113	-0.00689150023430858
RLG_AsatOT3098_Ava_chr4A-036761_TSD	1.104	-0.00920280154436569	-0.00124269842404757
RLG_AsatOT3098_Ava_chr4A-049727_TSD	0.557	-0.00974698035199479	-0.00925293435681877
RLG_AsatOT3098_Ava_chr4A-068621_TSD	0.389	-0.0100707529832626	-0.0147207098633947
RLG_AsatOT3098_Ava_chr4A-072961_TSD	2.015	-0.00460125378128098	0.00463062189946606
RLG_AsatOT3098_Ava_chr4A-101308_TSD	0.667	-0.00973505263889429	-0.0115054921876387
RLG_AsatOT3098_Ava_chr4A-103440_TSD	0.985	-0.00966994128628943	-0.0102972991143541
RLG_AsatOT3098_Ava_chr4A-103898_TSD	0.468	-0.00997619651325922	-0.0116028345963333
RLG_AsatOT3098_Ava_chr4A-112261_TSD	0.233	-0.0096731976186431	-0.0159225417981173
RLG_AsatOT3098_Ava_chr4A-114026_TSD	1.704	-0.00652528820266779	0.00441393538410957
RLG_AsatOT3098_Ava_chr4A-114341_TSD	0.36	-0.0100493437264333	-0.0129963638294043
RLG_AsatOT3098_Ava_chr4A-116780_TSD	1.403	-0.00833153824333258	0.00227406691943979
RLG_AsatOT3098_Ava_chr4A-116978_TSD	1.042	-0.00882112518650337	0.00140743388035918
RLG_AsatOT3098_Ava_chr4A-117412_TSD	1.02	-0.00890572624860596	-0.000392386753971988
RLG_AsatOT3098_Ava_chr4A-117814_TSD	0.8	-0.0097351998581272	-0.00544128752333568
RLG_AsatOT3098_Ava_chr4A-117835_TSD	0.215	-0.0100332780193888	-0.0112788347835291
RLG_AsatOT3098_Ava_chr4A-118108_TSD	0.255	-0.00991006656697273	-0.0111675654940558
RLG_AsatOT3098_Ava_chr4A-118252_TSD	0.741	-0.00893292157667901	-0.000343648103973703
RLG_AsatOT3098_Ava_chr4A-118584_TSD	0.353	-0.00997873891138118	-0.0140084369410908
RLG_AsatOT3098_Ava_chr4A-118726_TSD	0.724	-0.00982185010289948	-0.0113715707176335
RLG_AsatOT3098_Ava_chr4A-118776_TSD	0.214	-0.0100839031962408	-0.0126202185719628
RLG_AsatOT3098_Ava_chr4A-118839_TSD	1.134	-0.00976887944318581	-0.00944829666163216
RLG_AsatOT3098_Ava_chr4A-119091_TSD	0.179	-0.00984321574944342	-0.0109911437214555
RLG_AsatOT3098_Ava_chr4A-119124_TSD	0.146	-0.00981625317308596	-0.0116593310993721
RLG_AsatOT3098_Ava_chr4A-119152_TSD	0.107	-0.0100173365215811	-0.0116273661977903
RLG_AsatOT3098_Ava_chr4A-119171_TSD	0.179	-0.0100323585328448	-0.0125717861769856
RLG_AsatOT3098_Ava_chr4A-119418_TSD	0.287	-0.00967955965439447	-0.0113320159283775
RLG_AsatOT3098_Ava_chr4A-119436_TSD	0.287	-0.00975256845878534	-0.0113169298586569
RLG_AsatOT3098_Ava_chr4A-119528_TSD	0.142	-0.00997439915996908	-0.0135457220501917
RLG_AsatOT3098_Ava_chr4A-119586_TSD	0.985	-0.00985179525393757	-0.0105499059002537
RLG_AsatOT3098_Ava_chr4A-119636_TSD	0.287	-0.0098902501390009	-0.0105081016158047
RLG_AsatOT3098_Ava_chr4A-119647_TSD	1.622	-0.00938217442731881	-0.0107720363769429
RLG_AsatOT3098_Ava_chr4A-119665_TSD	0.108	-0.00941233920753368	-0.0113598326201631
RLG_AsatOT3098_Ava_chr4A-119696_TSD	0.432	-0.00993010595658438	-0.0131385834680792
RLG_AsatOT3098_Ava_chr4A-119734_TSD	0.179	-0.010131461451454	-0.0134735552225313
RLG_AsatOT3098_Ava_chr4A-119782_TSD	0.468	-0.00906796696425277	-0.0100223903701933
RLG_AsatOT3098_Ava_chr4A-119997_TSD	0.251	-0.00998287945989644	-0.0127601726186835
RLG_AsatOT3098_Ava_chr4A-120008_TSD	0.221	-0.00965062250121111	-0.0131557580686706
RLG_AsatOT3098_Ava_chr4A-120058_TSD	0.179	-0.00971139560739706	-0.0113328119003411
RLG_AsatOT3098_Ava_chr4A-120102_TSD	0.358	-0.00957662941898545	-0.0111595222478582
RLG_AsatOT3098_Ava_chr4A-120119_TSD	0.323	-0.00976099030331579	-0.0126086078862527
RLG_AsatOT3098_Ava_chr4A-120193_TSD	0.359	-0.0099960319138967	-0.011959424488691
RLG_AsatOT3098_Ava_chr4A-120227_TSD	0.143	-0.0099400778348928	-0.0109907320346189
RLG_AsatOT3098_Ava_chr4A-120320_TSD	0.751	-0.00980058891209169	-0.010735221309846
RLG_AsatOT3098_Ava_chr4A-120373_TSD	0.179	-0.0101220110227923	-0.0130325513995439
RLG_AsatOT3098_Ava_chr4A-120394_TSD	0.324	-0.00974942255121526	-0.0115776893816575
RLG_AsatOT3098_Ava_chr4A-120487_TSD	0.289	-0.00994283868133099	-0.0113010793681986
RLG_AsatOT3098_Ava_chr4A-120498_TSD	0.107	-0.0102722420732653	-0.0127885421301749
RLG_AsatOT3098_Ava_chr4A-120638_TSD	1.022	-0.00990473072778797	-0.0112634107328129
RLG_AsatOT3098_Ava_chr4A-120690_TSD	0.179	-0.00985656896779859	-0.0117972119306851
RLG_AsatOT3098_Ava_chr4A-120714_TSD	0.543	-0.00994535328442491	-0.0103433814623359
RLG_AsatOT3098_Ava_chr4A-120807_TSD	0.107	-0.0101096658930704	-0.012894364356629
RLG_AsatOT3098_Ava_chr4A-120832_TSD	0.143	-0.00967738021499169	-0.0122805379971841
RLG_AsatOT3098_Ava_chr4A-120973_TSD	0.036	-0.0100623985462391	-0.0136289625830668
RLG_AsatOT3098_Ava_chr4A-121045_TSD	0.254	-0.0102828113485485	-0.0125741701358986
RLG_AsatOT3098_Ava_chr4A-121078_TSD	0.25	-0.0096644904697073	-0.0101030128512918
RLG_AsatOT3098_Ava_chr4A-121111_TSD	0.366	-0.00985753315979758	-0.0127496762822361
RLG_AsatOT3098_Ava_chr4A-121223_TSD	0.179	-0.0102019478289776	-0.0128809978210867
RLG_AsatOT3098_Ava_chr4A-121286_TSD	0.179	-0.0100645487466351	-0.0126121232931556
RLG_AsatOT3098_Ava_chr4A-121306_TSD	0.621	-0.009850009820041	-0.0106827901318314
RLG_AsatOT3098_Ava_chr4A-121388_TSD	0.65	-0.00975317914485154	-0.00826841095103305
RLG_AsatOT3098_Ava_chr4A-121397_TSD	0.143	-0.00979918373302768	-0.0115498716825374
RLG_AsatOT3098_Ava_chr4A-121608_TSD	0.107	-0.00964585573748658	-0.0117633172846154
RLG_AsatOT3098_Ava_chr4A-121644_TSD	0.254	-0.0097415858054084	-0.0117098274885845
RLG_AsatOT3098_Ava_chr4A-121671_TSD	0.179	-0.00978221573380379	-0.0110007601219214
RLG_AsatOT3098_Ava_chr4A-121721_TSD	0.372	-0.00984187200689788	-0.0160143234024529
RLG_AsatOT3098_Ava_chr4A-121843_TSD	0.071	-0.0100406211417307	-0.011158181830491
RLG_AsatOT3098_Ava_chr4A-121861_TSD	0.287	-0.00976039140703302	-0.0119117565490797
RLG_AsatOT3098_Ava_chr4A-121903_TSD	0.326	-0.00992817506661099	-0.0113059827336139
RLG_AsatOT3098_Ava_chr4A-121933_TSD	0.735	-0.00975383707507243	-0.0114556087986682
RLG_AsatOT3098_Ava_chr4A-121995_TSD	0.107	-0.00984088299228467	-0.0120036141931828
RLG_AsatOT3098_Ava_chr4A-122006_TSD	0.214	-0.00994606145319052	-0.0134204186310095
RLG_AsatOT3098_Ava_chr4A-122092_TSD	0.216	-0.00986965057069808	-0.011717158510132
RLG_AsatOT3098_Ava_chr4A-122135_TSD	0.143	-0.0101899855529402	-0.0127228871774856
RLG_AsatOT3098_Ava_chr4A-122165_TSD	0.214	-0.0100331418381653	-0.0130676871695565
RLG_AsatOT3098_Ava_chr4A-122196_TSD	0.179	-0.00956518274123058	-0.0100871146959022
RLG_AsatOT3098_Ava_chr4A-122223_TSD	0.108	-0.0098002917976956	-0.0119019233660095
RLG_AsatOT3098_Ava_chr4A-122268_TSD	0.359	-0.00980341848615227	-0.012764878248922
RLG_AsatOT3098_Ava_chr4A-122353_TSD	0.222	-0.0100766010394859	-0.0141823815345628
RLG_AsatOT3098_Ava_chr4A-122371_TSD	0.143	-0.00975192484277868	-0.0116691334708396
RLG_AsatOT3098_Ava_chr4A-122435_TSD	0.366	-0.00988024875583643	-0.0117463083693278
RLG_AsatOT3098_Ava_chr4A-122454_TSD	0.179	-0.0097662988204853	-0.0109803050605849
RLG_AsatOT3098_Ava_chr4A-122600_TSD	0.286	-0.00974477370531875	-0.0110238108118836
RLG_AsatOT3098_Ava_chr4A-122709_TSD	0.216	-0.00975004787689203	-0.0121686296504048
RLG_AsatOT3098_Ava_chr4A-122739_TSD	0.641	-0.00978223255743268	-0.010242788694745
RLG_AsatOT3098_Ava_chr4A-122875_TSD	0.035	-0.0098129443288665	-0.0111505972796513
RLG_AsatOT3098_Ava_chr4A-122901_TSD	0.814	-0.00966120204181172	-0.0103022678643051
RLG_AsatOT3098_Ava_chr4A-122921_TSD	0.293	-0.0100557280363509	-0.0112496979005124
RLG_AsatOT3098_Ava_chr4A-122990_TSD	0.147	-0.00972072102759128	-0.0112243393797444
RLG_AsatOT3098_Ava_chr4A-123040_TSD	0.073	-0.0101115570289702	-0.0137937296089464
RLG_AsatOT3098_Ava_chr4A-123053_TSD	0.179	-0.0101161970765237	-0.011971324491809
RLG_AsatOT3098_Ava_chr4A-123213_TSD	0.395	-0.010154971593124	-0.0126068065313121
RLG_AsatOT3098_Ava_chr4A-123314_TSD	0.179	-0.00980611007415652	-0.0122012775569125
RLG_AsatOT3098_Ava_chr4A-123434_TSD	0.504	-0.00988321644781838	-0.0127651906073939
RLG_AsatOT3098_Ava_chr4A-123442_TSD	0.359	-0.0101127090978584	-0.0126445575544394
RLG_AsatOT3098_Ava_chr4A-123530_TSD	0.179	-0.00961738476499648	-0.00996422570592416
RLG_AsatOT3098_Ava_chr4A-123574_TSD	0.577	-0.00948532138035641	-0.0112491773048302
RLG_AsatOT3098_Ava_chr4A-123613_TSD	0.38	-0.0100201899151198	-0.0157637529332472
RLG_AsatOT3098_Ava_chr4A-123647_TSD	0.287	-0.00975141619600061	-0.0113533521395805
RLG_AsatOT3098_Ava_chr4A-123669_TSD	0.183	-0.0097507132965211	-0.0114622517671768
RLG_AsatOT3098_Ava_chr4A-123801_TSD	0.952	-0.0088527026792535	0.00023786484238447
RLG_AsatOT3098_Ava_chr4A-123845_TSD	0.143	-0.00992428864985483	-0.0117421226855494
RLG_AsatOT3098_Ava_chr4A-123875_TSD	0.398	-0.0100473540726588	-0.014435546358245
RLG_AsatOT3098_Ava_chr4A-123908_TSD	0.251	-0.00992424218541998	-0.012117993738829
RLG_AsatOT3098_Ava_chr4A-123939_TSD	0.217	-0.00983664946731982	-0.0129028876863095
RLG_AsatOT3098_Ava_chr4A-124082_TSD	0.219	-0.00949324975280338	-0.00992328114652376
RLG_AsatOT3098_Ava_chr4A-124116_TSD	0.97	-0.00969069818584737	-0.00445673204341435
RLG_AsatOT3098_Ava_chr4A-124849_TSD	1.13	-0.00812560011314245	0.00650295854515266
RLG_AsatOT3098_Ava_chr4A-125169_TSD	1.145	-0.0081352054521098	0.00207884736736818
RLG_AsatOT3098_Ava_chr4A-125468_TSD	0.718	-0.00949429554954014	-0.00505103057555566
RLG_AsatOT3098_Ava_chr4A-125899_TSD	0.222	-0.0101111400678454	-0.0140786359088129
RLG_AsatOT3098_Ava_chr4A-126563_TSD	0.179	-0.00960558613671747	-0.0109034754747507
RLG_AsatOT3098_Ava_chr4A-127393_TSD	1.556	-0.00819976782627883	0.0047444876026257
RLG_AsatOT3098_Ava_chr4A-127422_TSD	1.752	-0.00848867757396726	0.00257308107970863
RLG_AsatOT3098_Ava_chr4A-127573_TSD	0.287	-0.00996883358586908	-0.0117429454742258
RLG_AsatOT3098_Ava_chr4A-128122_TSD	0.218	-0.0101144378252709	-0.0131336584589373
RLG_AsatOT3098_Ava_chr4A-129029_TSD	0.469	-0.00963791395708163	-0.0097529339593426
RLG_AsatOT3098_Ava_chr4A-129577_TSD	2.031	-0.00546755649290307	0.0037668087251038
RLG_AsatOT3098_Ava_chr4A-129999_TSD	1.165	-0.00845884503072137	0.00266568774472414
RLG_AsatOT3098_Ava_chr4A-135451_TSD	0.409	-0.00965122549975458	-0.0155400402332547
RLG_AsatOT3098_Ava_chr4A-145421_TSD	0.47	-0.00964505542331801	-0.0102948351614605
RLG_AsatOT3098_Ava_chr4A-147758_TSD	0.287	-0.00984908456343924	-0.0116273660380526
RLG_AsatOT3098_Ava_chr4A-161134_TSD	0.323	-0.00988893903291884	-0.0117290594914369
RLG_AsatOT3098_Ava_chr4A-170596_TSD	0.799	-0.00952318729704002	-0.008627991714793
RLG_AsatOT3098_Ava_chr4A-175435_TSD	0.469	-0.00987272237808802	-0.0104419472555812
RLG_AsatOT3098_Ava_chr4A-181352_TSD	0.25	-0.0098039000733674	-0.0108686986440834
RLG_AsatOT3098_Ava_chr4A-194360_TSD	0.752	-0.00948258929875135	-0.00558074675378483
RLG_AsatOT3098_Ava_chr4A-195806_TSD	0.395	-0.00949768321247873	-0.0107695574185844
RLG_AsatOT3098_Ava_chr4A-197070_TSD	0.346	-0.0100723845762528	-0.0148029572488517
RLG_AsatOT3098_Ava_chr4A-197097_TSD	1.118	-0.00919703878467512	-0.00170971394028653
RLG_AsatOT3098_Ava_chr4A-206601_TSD	0.632	-0.0097425865486606	-0.00879214987744585
RLG_AsatOT3098_Ava_chr4A-211253_TSD	0.902	-0.00908134607261863	-0.00312890544665414
RLG_AsatOT3098_Ava_chr4A-214901_TSD	0.179	-0.00972186693924687	-0.0107461198377996
RLG_AsatOT3098_Ava_chr4A-241291_TSD	0.662	-0.00980913237400177	-0.00721143935292397
RLG_AsatOT3098_Ava_chr4A-248168_TSD	0.107	-0.0100648823237436	-0.0116440603602031
RLG_AsatOT3098_Ava_chr4A-267915_TSD	0.41	-0.00982195472102045	-0.0144117385108466
RLG_AsatOT3098_Ava_chr4A-298213_TSD	1.294	-0.00801221623898704	0.00599949092623343
RLG_AsatOT3098_Ava_chr4A-404044_TSD	0.373	-0.0101142633613791	-0.0149739409461362
RLG_AsatOT3098_Ava_chr4A-404196_TSD	0.218	-0.00992878753565178	-0.0106898301371582
RLG_AsatOT3098_Ava_chr4A-406532_TSD	0.629	-0.00876105477656823	0.00225731740185631
RLG_AsatOT3098_Ava_chr4A-407892_TSD	0.215	-0.00995896716412386	-0.0120236849186739
RLG_AsatOT3098_Ava_chr4A-426733_TSD	0.65	-0.00970890296857845	-0.0103362869829719
RLG_AsatOT3098_Ava_chr4C-009754_TSD	0.726	-0.00939298241670949	-0.00972790241600739
RLG_AsatOT3098_Ava_chr4C-011287_TSD	0.937	-0.00971360470631911	-0.0104241745094172
RLG_AsatOT3098_Ava_chr4C-015612_TSD	0.107	-0.0097707536042853	-0.0113584369003321
RLG_AsatOT3098_Ava_chr4C-022804_TSD	0.346	-0.00953484135708939	-0.0108989013439228
RLG_AsatOT3098_Ava_chr4C-057570_TSD	1.542	-0.0055424135115948	0.00486162230523027
RLG_AsatOT3098_Ava_chr4D-037913_TSD	0.9	-0.00878320203046291	-0.00598894062074276
RLG_AsatOT3098_Ava_chr4D-069865_TSD	1.119	-0.00955654985139798	-0.00489915669827352
RLG_AsatOT3098_Ava_chr4D-077884_TSD	0.887	-0.00911494262118453	-0.000852042644146943
RLG_AsatOT3098_Ava_chr4D-102078_TSD	2.047	-0.00454241810202504	0.00594452247991547
RLG_AsatOT3098_Ava_chr4D-112237_TSD	1.482	-0.00951938758973882	-0.00748818501555612
RLG_AsatOT3098_Ava_chr4D-140518_TSD	1.34	-0.00788345098071694	0.00520125215799612
RLG_AsatOT3098_Ava_chr4D-141441_TSD	0.613	-0.00971886990563274	-0.00833795310946557
RLG_AsatOT3098_Ava_chr4D-142707_TSD	0.846	-0.00929451798780168	-0.00942562308891479
RLG_AsatOT3098_Ava_chr4D-143782_TSD	0.579	-0.010250620510215	-0.0074900641877712
RLG_AsatOT3098_Ava_chr4D-144673_TSD	1.342	-0.00627173822790108	0.00427818965375359
RLG_AsatOT3098_Ava_chr4D-146355_TSD	1.851	-0.00650698483734551	0.00409058402378765
RLG_AsatOT3098_Ava_chr4D-146853_TSD	2.191	-0.00562497721112548	0.00398248937130093
RLG_AsatOT3098_Ava_chr4D-147220_TSD	0.63	-0.00920924224833281	-0.0034742856624098
RLG_AsatOT3098_Ava_chr4D-147425_TSD	0.99	-0.0084008584944919	-0.000809017548177009
RLG_AsatOT3098_Ava_chr4D-147969_TSD	0.947	-0.00848811396342171	0.00281829369625881
RLG_AsatOT3098_Ava_chr4D-152123_TSD	0.555	-0.01007230823712	-0.00898967054895159
RLG_AsatOT3098_Ava_chr4D-154894_TSD	1.202	-0.00846328241814131	0.00216898629027202
RLG_AsatOT3098_Ava_chr4D-154929_TSD	0.583	-0.00950533943485569	-0.00326425613401966
RLG_AsatOT3098_Ava_chr4D-154960_TSD	0.716	-0.00968983804230082	-0.00994862186868206
RLG_AsatOT3098_Ava_chr4D-155209_TSD	0.759	-0.00949834560560541	-0.00887255767736428
RLG_AsatOT3098_Ava_chr4D-156343_TSD	1.036	-0.00835281503891802	0.00175747550217507
RLG_AsatOT3098_Ava_chr4D-156955_TSD	1.728	-0.00963387894943994	-0.00634922617507039
RLG_AsatOT3098_Ava_chr4D-158085_TSD	0.795	-0.00961096859354028	-0.00887812636487214
RLG_AsatOT3098_Ava_chr4D-158178_TSD	0.866	-0.00888807764715571	-0.000658098483839561
RLG_AsatOT3098_Ava_chr4D-158663_TSD	0.509	-0.00941920689935857	-0.00456038403417673
RLG_AsatOT3098_Ava_chr4D-158727_TSD	0.692	-0.0096382418849076	-0.00452406213926201
RLG_AsatOT3098_Ava_chr4D-158771_TSD	0.986	-0.00870302746320238	0.00315104184595658
RLG_AsatOT3098_Ava_chr4D-158788_TSD	1.166	-0.00801334780478159	0.00154211584875967
RLG_AsatOT3098_Ava_chr4D-158949_TSD	1.06	-0.00859346832369431	0.000575815312441811
RLG_AsatOT3098_Ava_chr4D-159082_TSD	0.939	-0.00977035946201778	-0.00700801459503454
RLG_AsatOT3098_Ava_chr4D-159307_TSD	1.19	-0.00844389147239487	0.00239229455092892
RLG_AsatOT3098_Ava_chr4D-160998_TSD	1.217	-0.00599658589784365	0.00298553459117515
RLG_AsatOT3098_Ava_chr4D-161125_TSD	1.501	-0.00906087874965365	-0.000491374982877566
RLG_AsatOT3098_Ava_chr4D-162488_TSD	1.054	-0.00849057212514526	0.00114442217977154
RLG_AsatOT3098_Ava_chr4D-163888_TSD	0.723	-0.00979926757265677	-0.00889789364339205
RLG_AsatOT3098_Ava_chr4D-171645_TSD	2.139	-0.00619704062469962	0.00417823357586286
RLG_AsatOT3098_Ava_chr4D-172761_TSD	1.078	-0.00853641903427419	0.00234971539547627
RLG_AsatOT3098_Ava_chr4D-179814_TSD	1.016	-0.00853080932888704	-0.000889763751376365
RLG_AsatOT3098_Ava_chr4D-179965_TSD	0.972	-0.00836632881859915	0.00230197517816991
RLG_AsatOT3098_Ava_chr4D-198122_TSD	2.1	-0.00457826028265466	0.00483095357274184
RLG_AsatOT3098_Ava_chr4D-207966_TSD	0.505	-0.00961492843351907	-0.00767953336329013
RLG_AsatOT3098_Ava_chr4D-218843_TSD	1.19	-0.00919456660967371	-0.0017295542399048
RLG_AsatOT3098_Ava_chr4D-229218_TSD	1.372	-0.00931848509513172	-0.00273817641500873
RLG_AsatOT3098_Ava_chr4D-266451_TSD	1.404	-0.00857103493019589	-0.000155245880640403
RLG_AsatOT3098_Ava_chr4D-279065_TSD	0.619	-0.008546035123048	-0.00137666036816663
RLG_AsatOT3098_Ava_chr4D-331379_TSD	0.696	-0.00937661632370146	-0.00605946159772417
RLG_AsatOT3098_Ava_chr4D-365932_TSD	0.84	-0.00871406058054802	-0.000531786299067986
RLG_AsatOT3098_Ava_chr4D-405329_TSD	0.969	-0.00929900828281171	-0.0036486698657221
RLG_AsatOT3098_Ava_chr5A-018636_TSD	0.251	-0.0096568100003332	-0.0101018151750117
RLG_AsatOT3098_Ava_chr5A-019193_TSD	0.614	-0.00976890351205737	-0.0106615884075783
RLG_AsatOT3098_Ava_chr5A-041378_TSD	0.214	-0.0095617201221522	-0.0107424014183953
RLG_AsatOT3098_Ava_chr5A-041766_TSD	0.179	-0.00991789965849457	-0.0102313695843197
RLG_AsatOT3098_Ava_chr5A-058334_TSD	0.107	-0.00979208348497236	-0.0115090633262731
RLG_AsatOT3098_Ava_chr5A-061050_TSD	0.966	-0.00978365077456374	-0.00867765614204229
RLG_AsatOT3098_Ava_chr5A-109107_TSD	0.573	-0.00982408787831274	-0.0142929191131976
RLG_AsatOT3098_Ava_chr5A-130509_TSD	0.329	-0.00976527859852096	-0.00834586366904252
RLG_AsatOT3098_Ava_chr5A-173653_TSD	0.664	-0.00976481002054033	-0.00979173600971562
RLG_AsatOT3098_Ava_chr5A-195756_TSD	0.559	-0.00977747389076429	-0.0132946851655497
RLG_AsatOT3098_Ava_chr5A-197535_TSD	1.173	-0.00861490149389083	-0.00015973398978854
RLG_AsatOT3098_Ava_chr5A-205544_TSD	0.22	-0.00960423923565048	-0.0112883167139858
RLG_AsatOT3098_Ava_chr5A-207698_TSD	0.998	-0.00948353107641697	-0.00441996393956797
RLG_AsatOT3098_Ava_chr5A-209325_TSD	0.96	-0.00982833260359827	-0.00456065411819139
RLG_AsatOT3098_Ava_chr5A-213978_TSD	0.982	-0.00986848765382596	-0.00850529901349788
RLG_AsatOT3098_Ava_chr5A-214039_TSD	0.96	-0.0094061845265702	-0.00972493513694
RLG_AsatOT3098_Ava_chr5A-214072_TSD	0.466	-0.00960008416295218	-0.0129914980860283
RLG_AsatOT3098_Ava_chr5A-214118_TSD	0.297	-0.00986084198903015	-0.013701178719063
RLG_AsatOT3098_Ava_chr5A-214152_TSD	0.564	-0.0100764311459879	-0.0148535839624387
RLG_AsatOT3098_Ava_chr5A-214203_TSD	0.259	-0.0100275586971816	-0.0138123577736745
RLG_AsatOT3098_Ava_chr5A-214417_TSD	0.622	-0.00965942481517138	-0.0102461578274798
RLG_AsatOT3098_Ava_chr5A-214446_TSD	0.573	-0.0100604725150662	-0.0157294314681146
RLG_AsatOT3098_Ava_chr5A-214529_TSD	0.441	-0.00979468169898984	-0.00877649747593024
RLG_AsatOT3098_Ava_chr5A-214649_TSD	0.567	-0.00979491752854568	-0.0130003493151692
RLG_AsatOT3098_Ava_chr5A-214678_TSD	0.145	-0.0096404396161429	-0.0108222643353003
RLG_AsatOT3098_Ava_chr5A-214736_TSD	0.598	-0.00982030938643601	-0.0131045618917218
RLG_AsatOT3098_Ava_chr5A-214818_TSD	0.666	-0.00907516388736054	-0.00988912479047504
RLG_AsatOT3098_Ava_chr5A-214853_TSD	0.361	-0.00982732388647701	-0.0106164044768055
RLG_AsatOT3098_Ava_chr5A-214989_TSD	0.189	-0.00991286166318119	-0.0148988909144298
RLG_AsatOT3098_Ava_chr5A-215339_TSD	0.178	-0.0100888735364033	-0.0107646726687231
RLG_AsatOT3098_Ava_chr5A-215404_TSD	0.147	-0.010142610473737	-0.010977968825805
RLG_AsatOT3098_Ava_chr5A-215571_TSD	0.179	-0.00980405155547815	-0.0106468044189637
RLG_AsatOT3098_Ava_chr5A-215587_TSD	0.447	-0.00959002953850543	-0.0147803333014668
RLG_AsatOT3098_Ava_chr5A-215604_TSD	0.251	-0.00984672240781263	-0.0110170089353807
RLG_AsatOT3098_Ava_chr5A-215617_TSD	0.882	-0.00899087572407389	-0.00334096784869771
RLG_AsatOT3098_Ava_chr5A-215660_TSD	0.186	-0.00986220746152248	-0.0102766969925769
RLG_AsatOT3098_Ava_chr5A-215681_TSD	0.882	-0.0090025218484231	-0.00386747013754632
RLG_AsatOT3098_Ava_chr5A-215745_TSD	0.338	-0.00994269656278696	-0.0149793024717472
RLG_AsatOT3098_Ava_chr5A-215758_TSD	0.373	-0.00989823682891945	-0.0137282631653688
RLG_AsatOT3098_Ava_chr5A-215860_TSD	0.523	-0.00982834256072212	-0.00946721051936648
RLG_AsatOT3098_Ava_chr5A-215894_TSD	1.451	-0.00941046309982008	-0.011787465105183
RLG_AsatOT3098_Ava_chr5A-215902_TSD	1.146	-0.009893342621068	-0.0103514525785075
RLG_AsatOT3098_Ava_chr5A-215968_TSD	0.724	-0.00958590270091198	-0.0110937937150106
RLG_AsatOT3098_Ava_chr5A-216002_TSD	0.395	-0.00991262228291317	-0.0113373160722404
RLG_AsatOT3098_Ava_chr5A-216044_TSD	0.659	-0.00961235459769619	-0.010398013645106
RLG_AsatOT3098_Ava_chr5A-216078_TSD	0.341	-0.00961177551196299	-0.0138927795970909
RLG_AsatOT3098_Ava_chr5A-216116_TSD	0.224	-0.00951065969969194	-0.0152676634924529
RLG_AsatOT3098_Ava_chr5A-216125_TSD	0.453	-0.00969038955755941	-0.0104369711399685
RLG_AsatOT3098_Ava_chr5A-216144_TSD	0.179	-0.00993079703633146	-0.0109514112142692
RLG_AsatOT3098_Ava_chr5A-216231_TSD	0.423	-0.00973562299244513	-0.0128808186593587
RLG_AsatOT3098_Ava_chr5A-216295_TSD	0.626	-0.00948751571825217	-0.00968265477708272
RLG_AsatOT3098_Ava_chr5A-216489_TSD	0.323	-0.00992999680253373	-0.0108322699782277
RLG_AsatOT3098_Ava_chr5A-216602_TSD	0.214	-0.010124312315316	-0.0114284897412242
RLG_AsatOT3098_Ava_chr5A-216637_TSD	0.214	-0.00938806158238205	-0.00930521993283047
RLG_AsatOT3098_Ava_chr5A-216699_TSD	0.251	-0.00999160815626088	-0.0108161660087952
RLG_AsatOT3098_Ava_chr5A-216741_TSD	0.262	-0.00986450961022975	-0.0148725489242169
RLG_AsatOT3098_Ava_chr5A-216762_TSD	0.297	-0.00993616076895086	-0.0138821426025384
RLG_AsatOT3098_Ava_chr5A-216836_TSD	0.297	-0.00996697712738653	-0.0146608495798784
RLG_AsatOT3098_Ava_chr5A-216846_TSD	0.483	-0.00955742652640265	-0.0136177229633147
RLG_AsatOT3098_Ava_chr5A-216873_TSD	0.218	-0.00992041833139489	-0.0105883506596797
RLG_AsatOT3098_Ava_chr5A-216984_TSD	0.302	-0.00996043361959886	-0.0146591235537624
RLG_AsatOT3098_Ava_chr5A-217007_TSD	0.394	-0.00990926329473931	-0.0112098385103038
RLG_AsatOT3098_Ava_chr5A-217030_TSD	0.215	-0.00978131653948961	-0.0106156007535625
RLG_AsatOT3098_Ava_chr5A-217111_TSD	0.651	-0.00970004079790118	-0.00944358667762157
RLG_AsatOT3098_Ava_chr5A-217261_TSD	0.263	-0.0101160994944365	-0.0154004847344199
RLG_AsatOT3098_Ava_chr5A-217417_TSD	0.215	-0.00984909782374027	-0.0109872690932448
RLG_AsatOT3098_Ava_chr5A-217424_TSD	0.071	-0.00984739285937028	-0.011521639666058
RLG_AsatOT3098_Ava_chr5A-217444_TSD	0.286	-0.0099163978758172	-0.0114739185842166
RLG_AsatOT3098_Ava_chr5A-217605_TSD	0.373	-0.010153015336638	-0.0156836484498456
RLG_AsatOT3098_Ava_chr5A-217736_TSD	0.358	-0.0100440122648132	-0.0109227801483908
RLG_AsatOT3098_Ava_chr5A-217975_TSD	0.251	-0.00956237045838668	-0.0118996225839803
RLG_AsatOT3098_Ava_chr5A-218054_TSD	1.02	-0.00962812214952931	-0.00756176998870787
RLG_AsatOT3098_Ava_chr5A-218072_TSD	0.947	-0.0101294816877723	-0.0110049733391424
RLG_AsatOT3098_Ava_chr5A-218105_TSD	0.179	-0.0100019646370241	-0.011855759831761
RLG_AsatOT3098_Ava_chr5A-218125_TSD	0.505	-0.0100328446167937	-0.0115033160423504
RLG_AsatOT3098_Ava_chr5A-218146_TSD	0.144	-0.0101001989440171	-0.0128827740333056
RLG_AsatOT3098_Ava_chr5A-218252_TSD	0.297	-0.0100827311528098	-0.0158057653162078
RLG_AsatOT3098_Ava_chr5A-218369_TSD	0.143	-0.00959760395767414	-0.0111704185336667
RLG_AsatOT3098_Ava_chr5A-218448_TSD	0.251	-0.00990770495559049	-0.0106770238110534
RLG_AsatOT3098_Ava_chr5A-218548_TSD	0.215	-0.00983332890822844	-0.0107881162312177
RLG_AsatOT3098_Ava_chr5A-218578_TSD	0.143	-0.0101377354297881	-0.0128801970506252
RLG_AsatOT3098_Ava_chr5A-218683_TSD	0.531	-0.00967211825413869	-0.013806570814283
RLG_AsatOT3098_Ava_chr5A-218740_TSD	0.426	-0.00964135486005496	-0.0122556344447533
RLG_AsatOT3098_Ava_chr5A-218783_TSD	0.215	-0.0098603489868755	-0.0112176795156833
RLG_AsatOT3098_Ava_chr5A-218805_TSD	0.392	-0.00956717445118612	-0.0125159151789588
RLG_AsatOT3098_Ava_chr5A-218908_TSD	0.107	-0.0100910811929789	-0.0110348660226775
RLG_AsatOT3098_Ava_chr5A-219043_TSD	1.632	-0.0100783161419607	-0.0117498841075186
RLG_AsatOT3098_Ava_chr5A-219096_TSD	0.723	-0.00955922017110384	-0.0108458362983773
RLG_AsatOT3098_Ava_chr5A-219104_TSD	0	-0.00976819388827318	-0.0109873547691308
RLG_AsatOT3098_Ava_chr5A-219112_TSD	0.215	-0.0101156583866074	-0.0110940925586611
RLG_AsatOT3098_Ava_chr5A-219173_TSD	0.254	-0.00976682658573082	-0.0113407919620791
RLG_AsatOT3098_Ava_chr5A-219198_TSD	0.251	-0.0101073317632099	-0.0115296040396866
RLG_AsatOT3098_Ava_chr5A-219258_TSD	0.25	-0.00971459534932835	-0.0105785262884508
RLG_AsatOT3098_Ava_chr5A-219315_TSD	0.073	-0.0100674135417945	-0.0132889324434973
RLG_AsatOT3098_Ava_chr5A-219411_TSD	0.574	-0.0100116300792185	-0.0150220580501702
RLG_AsatOT3098_Ava_chr5A-219434_TSD	0.264	-0.0100425003752657	-0.0149994678866728
RLG_AsatOT3098_Ava_chr5A-219489_TSD	0.372	-0.00999985758787091	-0.0151076973996608
RLG_AsatOT3098_Ava_chr5A-219540_TSD	0.297	-0.0101121338905476	-0.0143525371017123
RLG_AsatOT3098_Ava_chr5A-219590_TSD	0.107	-0.0101400867035182	-0.0111221073866269
RLG_AsatOT3098_Ava_chr5A-219612_TSD	0.286	-0.0096931874333158	-0.0103156110546039
RLG_AsatOT3098_Ava_chr5A-219719_TSD	0.215	-0.00987750328920891	-0.010719058462807
RLG_AsatOT3098_Ava_chr5A-219732_TSD	0.44	-0.0100510133507336	-0.0113431142972124
RLG_AsatOT3098_Ava_chr5A-219759_TSD	0.26	-0.0100480941907808	-0.0156691323782851
RLG_AsatOT3098_Ava_chr5A-219849_TSD	0.107	-0.00978487175823169	-0.0108453858099782
RLG_AsatOT3098_Ava_chr5A-219909_TSD	0.395	-0.010088075495523	-0.0127133338320689
RLG_AsatOT3098_Ava_chr5A-219942_TSD	0.41	-0.0100344154191788	-0.0154402503205487
RLG_AsatOT3098_Ava_chr5A-220022_TSD	0.215	-0.00965526408914999	-0.0108997485569031
RLG_AsatOT3098_Ava_chr5A-220042_TSD	0.729	-0.00927534543906685	-0.00324517363168379
RLG_AsatOT3098_Ava_chr5A-220112_TSD	0.36	-0.00977355556075046	-0.0117156465491183
RLG_AsatOT3098_Ava_chr5A-220318_TSD	0.339	-0.0101423234021854	-0.0157966270427016
RLG_AsatOT3098_Ava_chr5A-220425_TSD	0.182	-0.00993169681440575	-0.0109219746415062
RLG_AsatOT3098_Ava_chr5A-220628_TSD	0.255	-0.00987527479443538	-0.0105838568425823
RLG_AsatOT3098_Ava_chr5A-220756_TSD	0.226	-0.0101749339474391	-0.0148041085966287
RLG_AsatOT3098_Ava_chr5A-220854_TSD	0.25	-0.00984060459966119	-0.00985515100255063
RLG_AsatOT3098_Ava_chr5A-220985_TSD	0.179	-0.00997211689457484	-0.0108262760418109
RLG_AsatOT3098_Ava_chr5A-221039_TSD	0.577	-0.00983455470933775	-0.00983689375238371
RLG_AsatOT3098_Ava_chr5A-221073_TSD	0.107	-0.0101298350200376	-0.0106516040000935
RLG_AsatOT3098_Ava_chr5A-221186_TSD	0.288	-0.0102650874925165	-0.0131528757602332
RLG_AsatOT3098_Ava_chr5A-221460_TSD	0.486	-0.00995990931258481	-0.0133310905799134
RLG_AsatOT3098_Ava_chr5A-221528_TSD	0.143	-0.0098478859440665	-0.0123790789958061
RLG_AsatOT3098_Ava_chr5A-221611_TSD	0.106	-0.0100389597819722	-0.0108062417927242
RLG_AsatOT3098_Ava_chr5A-221638_TSD	0.317	-0.00969168551330514	-0.0127573725911125
RLG_AsatOT3098_Ava_chr5A-221695_TSD	0.287	-0.00995271429162577	-0.0116848000247107
RLG_AsatOT3098_Ava_chr5A-221715_TSD	0.432	-0.0101954644954178	-0.0115559228836479
RLG_AsatOT3098_Ava_chr5A-221870_TSD	0.336	-0.0101718782522021	-0.0151158025031469
RLG_AsatOT3098_Ava_chr5A-221971_TSD	0.486	-0.0102091570557989	-0.0156631250373859
RLG_AsatOT3098_Ava_chr5A-222195_TSD	0.455	-0.0100287791800406	-0.0152115269276613
RLG_AsatOT3098_Ava_chr5A-222322_TSD	0.251	-0.00968218320524382	-0.0102088767156783
RLG_AsatOT3098_Ava_chr5A-222364_TSD	0.3	-0.00991412972191838	-0.0153079408756298
RLG_AsatOT3098_Ava_chr5A-222985_TSD	0.41	-0.00993102294916522	-0.0130266420840779
RLG_AsatOT3098_Ava_chr5A-223215_TSD	0.985	-0.00939092839008634	-0.00655447387141968
RLG_AsatOT3098_Ava_chr5A-223397_TSD	0.995	-0.00970566062618254	-0.0109730320721465
RLG_AsatOT3098_Ava_chr5A-223583_TSD	0.814	-0.00892550479024706	-0.000249838546946401
RLG_AsatOT3098_Ava_chr5A-223791_TSD	0.955	-0.00835572134228426	0.00560816846854717
RLG_AsatOT3098_Ava_chr5A-225316_TSD	0.984	-0.00975946267695633	-0.00599817294054802
RLG_AsatOT3098_Ava_chr5A-228566_TSD	0.335	-0.0101965046633278	-0.0153246588306967
RLG_AsatOT3098_Ava_chr5A-230458_TSD	1.209	-0.00855431777491794	-9.54838280739616e-05
RLG_AsatOT3098_Ava_chr5A-234249_TSD	0.251	-0.00969566162987318	-0.0104701132582982
RLG_AsatOT3098_Ava_chr5A-327634_TSD	0.845	-0.00964027961013156	-0.00802703615337615
RLG_AsatOT3098_Ava_chr5A-331584_TSD	0.295	-0.00972198866349419	-0.0103386490763767
RLG_AsatOT3098_Ava_chr5A-336791_TSD	0.181	-0.0100874992708208	-0.0122245463582413
RLG_AsatOT3098_Ava_chr5A-365129_TSD	0.224	-0.0101263850919762	-0.0141806827266594
RLG_AsatOT3098_Ava_chr5A-397835_TSD	0.394	-0.00998836293335262	-0.0122326171526133
RLG_AsatOT3098_Ava_chr5A-410160_TSD	0.215	-0.00999505390207021	-0.0119930935952792
RLG_AsatOT3098_Ava_chr5A-413408_TSD	1.457	-0.00969848029935076	-0.0109484736632215
RLG_AsatOT3098_Ava_chr5A-413955_TSD	0.246	-0.0100634046380429	-0.0148026827257266
RLG_AsatOT3098_Ava_chr5A-413963_TSD	0.035	-0.00951663523895351	-0.0151923810142327
RLG_AsatOT3098_Ava_chr5A-420410_TSD	0.254	-0.00992576447176082	-0.011028817456161
RLG_AsatOT3098_Ava_chr5A-466009_TSD	0.818	-0.00932094360671465	-0.0100543316747846
RLG_AsatOT3098_Ava_chr5A-469846_TSD	0.252	-0.0100158107326433	-0.01244864282388
RLG_AsatOT3098_Ava_chr5D-016117_TSD	0.871	-0.0097676874014227	-0.00625232412943953
RLG_AsatOT3098_Ava_chr5D-036118_TSD	0.976	-0.00947402320080121	-0.00359145788279838
RLG_AsatOT3098_Ava_chr5D-064649_TSD	0.546	-0.00998838867179723	-0.00691108625411181
RLG_AsatOT3098_Ava_chr5D-069034_TSD	0.768	-0.00950402544187715	-0.00522206451042489
RLG_AsatOT3098_Ava_chr5D-106245_TSD	0.409	-0.0097141818951351	-0.0110759269245054
RLG_AsatOT3098_Ava_chr5D-170610_TSD	0.776	-0.00973688439677276	-0.00759977872476443
RLG_AsatOT3098_Ava_chr5D-173903_TSD	1.044	-0.00966842758594864	-0.00678790407235595
RLG_AsatOT3098_Ava_chr5D-174955_TSD	1.291	-0.00887650000805312	-0.000363395028800306
RLG_AsatOT3098_Ava_chr5D-175844_TSD	1.139	-0.00872878849999309	-0.00122167753150077
RLG_AsatOT3098_Ava_chr5D-176358_TSD	1.175	-0.00729406171915553	0.00678552894731724
RLG_AsatOT3098_Ava_chr5D-177460_TSD	1.179	-0.00767764653232058	0.00627370026669198
RLG_AsatOT3098_Ava_chr5D-180613_TSD	0.672	-0.00980343488861222	-0.00808293151484475
RLG_AsatOT3098_Ava_chr5D-187929_TSD	0.65	-0.00964023257549076	-0.00624674956520048
RLG_AsatOT3098_Ava_chr5D-187964_TSD	1.61	-0.00809295615902723	0.00617793953469449
RLG_AsatOT3098_Ava_chr5D-188012_TSD	0.917	-0.0084844587720174	0.00103132150038904
RLG_AsatOT3098_Ava_chr5D-188470_TSD	0.549	-0.00956720012639309	-0.00622078113486442
RLG_AsatOT3098_Ava_chr5D-188512_TSD	0.69	-0.00978062465745949	-0.00651735418363208
RLG_AsatOT3098_Ava_chr5D-188537_TSD	0.737	-0.00878619438847235	0.00192459724781128
RLG_AsatOT3098_Ava_chr5D-188695_TSD	0.685	-0.00951345778637604	-0.00768005761617176
RLG_AsatOT3098_Ava_chr5D-188927_TSD	0.569	-0.00955163910426865	-0.00678901462719167
RLG_AsatOT3098_Ava_chr5D-188971_TSD	0.328	-0.00976124322936183	-0.00991256290695668
RLG_AsatOT3098_Ava_chr5D-189038_TSD	0.353	-0.0101398846223856	-0.00718300933921652
RLG_AsatOT3098_Ava_chr5D-189277_TSD	0.959	-0.00915002008395131	-0.00407160761674527
RLG_AsatOT3098_Ava_chr5D-189354_TSD	0.519	-0.00988190655098358	-0.0115650671824387
RLG_AsatOT3098_Ava_chr5D-189611_TSD	0.787	-0.00967870692224015	-0.00648111274303748
RLG_AsatOT3098_Ava_chr5D-189698_TSD	0.809	-0.00977863759073538	-0.00838393523537586
RLG_AsatOT3098_Ava_chr5D-189788_TSD	0.884	-0.00883890025820956	-0.000825533777750805
RLG_AsatOT3098_Ava_chr5D-189803_TSD	0.372	-0.00940740578524564	-0.00977129247018488
RLG_AsatOT3098_Ava_chr5D-190245_TSD	0.181	-0.00975123278525313	-0.0118276820688427
RLG_AsatOT3098_Ava_chr5D-190477_TSD	0.438	-0.00975077037056844	-0.0110420118789733
RLG_AsatOT3098_Ava_chr5D-190501_TSD	0.774	-0.00974772344755146	-0.0111038740613389
RLG_AsatOT3098_Ava_chr5D-190795_TSD	0.573	-0.00896536949729903	0.000252391129936441
RLG_AsatOT3098_Ava_chr5D-190837_TSD	0.996	-0.00989677881884311	-0.0109772890886892
RLG_AsatOT3098_Ava_chr5D-190870_TSD	0.512	-0.00955473375395901	-0.0104120412239365
RLG_AsatOT3098_Ava_chr5D-190954_TSD	0.622	-0.0098481852313963	-0.00740165960973926
RLG_AsatOT3098_Ava_chr5D-191018_TSD	0.587	-0.00954527302721606	-0.0105737177878463
RLG_AsatOT3098_Ava_chr5D-191070_TSD	0.522	-0.00901506911273606	-0.00950564179080737
RLG_AsatOT3098_Ava_chr5D-191215_TSD	0.632	-0.00989664693868988	-0.0104214521115047
RLG_AsatOT3098_Ava_chr5D-191300_TSD	0.84	-0.00915364831209101	-0.00165592206748523
RLG_AsatOT3098_Ava_chr5D-191700_TSD	0.788	-0.0100727543678023	-0.0100879807149494
RLG_AsatOT3098_Ava_chr5D-191857_TSD	0.811	-0.00991047974452443	-0.00897886559336074
RLG_AsatOT3098_Ava_chr5D-191958_TSD	0.65	-0.00978721291813353	-0.00651144106546983
RLG_AsatOT3098_Ava_chr5D-192171_TSD	1.028	-0.00962162211011042	-0.00628590531648674
RLG_AsatOT3098_Ava_chr5D-192367_TSD	0.57	-0.00970756765853018	-0.00619381567813233
RLG_AsatOT3098_Ava_chr5D-192738_TSD	0.96	-0.00853435719024452	0.000944477272580824
RLG_AsatOT3098_Ava_chr5D-192871_TSD	1.083	-0.00974917915568915	-0.00837871239162584
RLG_AsatOT3098_Ava_chr5D-192923_TSD	0.946	-0.00978614796137873	-0.00682929505062621
RLG_AsatOT3098_Ava_chr5D-192990_TSD	0.863	-0.00981451471604952	-0.0112673436083665
RLG_AsatOT3098_Ava_chr5D-193129_TSD	0.85	-0.00980819804790566	-0.0110258042344149
RLG_AsatOT3098_Ava_chr5D-193169_TSD	0.946	-0.00903239081736588	-0.000667426898902908
RLG_AsatOT3098_Ava_chr5D-193190_TSD	1.267	-0.007705991109831	0.00538243919073824
RLG_AsatOT3098_Ava_chr5D-193361_TSD	0.974	-0.00844707492947274	0.00606817462992702
RLG_AsatOT3098_Ava_chr5D-193922_TSD	0.787	-0.00976551518532272	-0.00917521998946663
RLG_AsatOT3098_Ava_chr5D-194069_TSD	0.462	-0.00938820755104644	-0.00603175056489537
RLG_AsatOT3098_Ava_chr5D-194122_TSD	1.235	-0.00855402316375586	0.00122674516968514
RLG_AsatOT3098_Ava_chr5D-195756_TSD	0.935	-0.00895233103324104	0.00172713854080826
RLG_AsatOT3098_Ava_chr5D-197493_TSD	0.479	-0.00988088715469948	-0.0112763526682973
RLG_AsatOT3098_Ava_chr5D-197641_TSD	0.999	-0.00868626608286264	-0.000556470286208828
RLG_AsatOT3098_Ava_chr5D-202944_TSD	0.664	-0.00968066371220809	-0.00685435628538613
RLG_AsatOT3098_Ava_chr5D-206464_TSD	1.452	-0.00833004855059201	-0.000355161203738379
RLG_AsatOT3098_Ava_chr5D-206524_TSD	0.793	-0.0085961655523467	-0.00251086485524772
RLG_AsatOT3098_Ava_chr5D-210592_TSD	0.699	-0.00973533443757828	-0.00710864335569092
RLG_AsatOT3098_Ava_chr5D-216682_TSD	1.11	-0.00892254588497884	-0.00175797877217196
RLG_AsatOT3098_Ava_chr5D-245317_TSD	0.736	-0.00987371898043384	-0.0089486168303729
RLG_AsatOT3098_Ava_chr5D-246762_TSD	1.053	-0.00998259116239482	-0.00780594486308583
RLG_AsatOT3098_Ava_chr5D-262047_TSD	0.794	-0.00936943745434189	-0.00753110577856476
RLG_AsatOT3098_Ava_chr5D-280296_TSD	0.73	-0.00878060069125883	-0.00217296712555713
RLG_AsatOT3098_Ava_chr5D-323388_TSD	0.547	-0.00914057547896321	-0.00423174112260681
RLG_AsatOT3098_Ava_chr6A-030945_TSD	0.772	-0.00966026614673397	-0.0106793811830716
RLG_AsatOT3098_Ava_chr6A-063124_TSD	0.107	-0.00988403711317861	-0.0111544168269802
RLG_AsatOT3098_Ava_chr6A-080805_TSD	1.081	-0.00906891381659562	-0.00197033094550001
RLG_AsatOT3098_Ava_chr6A-091116_TSD	0.107	-0.0101275181880447	-0.0129620227111176
RLG_AsatOT3098_Ava_chr6A-091736_TSD	0.882	-0.00922277663364131	-0.00325659536632746
RLG_AsatOT3098_Ava_chr6A-116016_TSD	0.433	-0.00994811690541044	-0.0117534942350326
RLG_AsatOT3098_Ava_chr6A-122568_TSD	1.042	-0.00951606733583873	-0.00450741626043471
RLG_AsatOT3098_Ava_chr6A-123525_TSD	0.966	-0.00896979884629318	-0.00250923498460031
RLG_AsatOT3098_Ava_chr6A-130851_TSD	0.145	-0.00957474846712891	-0.0114550526499015
RLG_AsatOT3098_Ava_chr6A-131133_TSD	1.342	-0.00822134572883544	0.00585596293256979
RLG_AsatOT3098_Ava_chr6A-131715_TSD	1.182	-0.00816840111420335	0.00576114225227822
RLG_AsatOT3098_Ava_chr6A-133624_TSD	0.853	-0.00898105787856977	-0.00154947844888556
RLG_AsatOT3098_Ava_chr6A-133946_TSD	0.323	-0.00992347969644094	-0.0113880792227488
RLG_AsatOT3098_Ava_chr6A-134203_TSD	1.033	-0.00864347489402555	0.00392716579714261
RLG_AsatOT3098_Ava_chr6A-134269_TSD	0.718	-0.00936688566968441	-0.00411607236893928
RLG_AsatOT3098_Ava_chr6A-134304_TSD	0.359	-0.0098252925233553	-0.0116332802491603
RLG_AsatOT3098_Ava_chr6A-134382_TSD	1.179	-0.00998567123172269	-0.00738098574931026
RLG_AsatOT3098_Ava_chr6A-134615_TSD	0.323	-0.00985299044208685	-0.0113282682064791
RLG_AsatOT3098_Ava_chr6A-134906_TSD	0.214	-0.00983118301342577	-0.0117782333505167
RLG_AsatOT3098_Ava_chr6A-134935_TSD	0.799	-0.00972632848706242	-0.00688936881715986
RLG_AsatOT3098_Ava_chr6A-135017_TSD	0.143	-0.0100606815591338	-0.0130091600119005
RLG_AsatOT3098_Ava_chr6A-135028_TSD	0.218	-0.00986305759615895	-0.0120645006978579
RLG_AsatOT3098_Ava_chr6A-135048_TSD	0.107	-0.00972771265163896	-0.0108389984001492
RLG_AsatOT3098_Ava_chr6A-135097_TSD	0.107	-0.00982169312058474	-0.0121390251492161
RLG_AsatOT3098_Ava_chr6A-135117_TSD	0.287	-0.00977663031734551	-0.0114070849142399
RLG_AsatOT3098_Ava_chr6A-135164_TSD	0.743	-0.00933570330187946	-0.0045433199701739
RLG_AsatOT3098_Ava_chr6A-135246_TSD	0.373	-0.0100470889955253	-0.0147714480189714
RLG_AsatOT3098_Ava_chr6A-135470_TSD	0.26	-0.0100254861527771	-0.0154670966636744
RLG_AsatOT3098_Ava_chr6A-135490_TSD	0.396	-0.00993404335262143	-0.0118576760542029
RLG_AsatOT3098_Ava_chr6A-135547_TSD	0.214	-0.00991743139118128	-0.0108612398100873
RLG_AsatOT3098_Ava_chr6A-135612_TSD	0.109	-0.00973399666154115	-0.0107452822540215
RLG_AsatOT3098_Ava_chr6A-135671_TSD	1.248	-0.00933884141205245	-0.00229304202427901
RLG_AsatOT3098_Ava_chr6A-135736_TSD	0.179	-0.00981063933530674	-0.0112883725838658
RLG_AsatOT3098_Ava_chr6A-135754_TSD	0.254	-0.00975231624906185	-0.0106132199031098
RLG_AsatOT3098_Ava_chr6A-135785_TSD	0.142	-0.00986823506784355	-0.0112121346538183
RLG_AsatOT3098_Ava_chr6A-135828_TSD	0.11	-0.0102342240110451	-0.0115049054071627
RLG_AsatOT3098_Ava_chr6A-135917_TSD	0.072	-0.00996563195190038	-0.0123025673724779
RLG_AsatOT3098_Ava_chr6A-135963_TSD	0.287	-0.00985740828199204	-0.0111034404691896
RLG_AsatOT3098_Ava_chr6A-135988_TSD	0.144	-0.00991909459912001	-0.0115554514225361
RLG_AsatOT3098_Ava_chr6A-136042_TSD	0.672	-0.00978721836347984	-0.0108475358848335
RLG_AsatOT3098_Ava_chr6A-136076_TSD	0.143	-0.0100101750080242	-0.0114644741443998
RLG_AsatOT3098_Ava_chr6A-136107_TSD	0.772	-0.0100254398205047	-0.0120945299715104
RLG_AsatOT3098_Ava_chr6A-136169_TSD	0.359	-0.00961515113327122	-0.0117129420382674
RLG_AsatOT3098_Ava_chr6A-136192_TSD	0	-0.00983835144588878	-0.0103882840145241
RLG_AsatOT3098_Ava_chr6A-136331_TSD	0.182	-0.00981415958229583	-0.0114708260811926
RLG_AsatOT3098_Ava_chr6A-136352_TSD	0.247	-0.00966441740772795	-0.0129729967869547
RLG_AsatOT3098_Ava_chr6A-136512_TSD	0.41	-0.00945306788259804	-0.0107135922972049
RLG_AsatOT3098_Ava_chr6A-136561_TSD	0.214	-0.00973481186625853	-0.0116935301596085
RLG_AsatOT3098_Ava_chr6A-136588_TSD	0.142	-0.00977630760706688	-0.0114665151995918
RLG_AsatOT3098_Ava_chr6A-136662_TSD	0.763	-0.00934599218283631	-0.00565943403786708
RLG_AsatOT3098_Ava_chr6A-136743_TSD	0.179	-0.00971153203644855	-0.0114167141404575
RLG_AsatOT3098_Ava_chr6A-136798_TSD	0.625	-0.00998573024626585	-0.011655854401541
RLG_AsatOT3098_Ava_chr6A-136827_TSD	0.291	-0.010150378149544	-0.0120441825558364
RLG_AsatOT3098_Ava_chr6A-136852_TSD	0.218	-0.00980694975982781	-0.0121930044633239
RLG_AsatOT3098_Ava_chr6A-136872_TSD	0.541	-0.0102290930293956	-0.0116010096856896
RLG_AsatOT3098_Ava_chr6A-136931_TSD	0.179	-0.00981709600516298	-0.0109868436838828
RLG_AsatOT3098_Ava_chr6A-136995_TSD	0.194	-0.00993720113679302	-0.0149166289890011
RLG_AsatOT3098_Ava_chr6A-137012_TSD	0.179	-0.0102069093599902	-0.0113955193678746
RLG_AsatOT3098_Ava_chr6A-137216_TSD	0.143	-0.00950169187529909	-0.0109172459321981
RLG_AsatOT3098_Ava_chr6A-137237_TSD	0.183	-0.00987916082750083	-0.0119106636042566
RLG_AsatOT3098_Ava_chr6A-137311_TSD	0.107	-0.00966839730323273	-0.011718786079213
RLG_AsatOT3098_Ava_chr6A-137422_TSD	0.214	-0.00952645056027569	-0.0112917211851863
RLG_AsatOT3098_Ava_chr6A-137453_TSD	0.18	-0.0101213843498926	-0.0118162757013195
RLG_AsatOT3098_Ava_chr6A-137501_TSD	0.396	-0.010083950637596	-0.0115841205294319
RLG_AsatOT3098_Ava_chr6A-137524_TSD	0.485	-0.00995663136192241	-0.0130248419701286
RLG_AsatOT3098_Ava_chr6A-137559_TSD	0.179	-0.00991000186239183	-0.011339338834383
RLG_AsatOT3098_Ava_chr6A-137635_TSD	0.144	-0.0101150160613847	-0.0111400223820621
RLG_AsatOT3098_Ava_chr6A-137716_TSD	0.143	-0.00994794448502924	-0.0114739269659013
RLG_AsatOT3098_Ava_chr6A-137856_TSD	0.251	-0.00985278863493456	-0.0118216587793366
RLG_AsatOT3098_Ava_chr6A-137958_TSD	0.215	-0.0101373103849356	-0.0117887506554529
RLG_AsatOT3098_Ava_chr6A-138048_TSD	0.179	-0.00969518700290847	-0.0114775450775875
RLG_AsatOT3098_Ava_chr6A-138126_TSD	0.109	-0.00980751738404212	-0.0115100939749004
RLG_AsatOT3098_Ava_chr6A-138202_TSD	0.218	-0.00949965471374182	-0.00972417879155058
RLG_AsatOT3098_Ava_chr6A-138229_TSD	0.071	-0.00989113966970371	-0.011409083070988
RLG_AsatOT3098_Ava_chr6A-138270_TSD	0.143	-0.0100747036702239	-0.011875764133002
RLG_AsatOT3098_Ava_chr6A-138281_TSD	0.145	-0.00973452606221583	-0.0107403410094017
RLG_AsatOT3098_Ava_chr6A-138301_TSD	1.151	-0.0101533196422565	-0.0127986618932002
RLG_AsatOT3098_Ava_chr6A-138330_TSD	0.26	-0.0100768433348041	-0.0117483239544018
RLG_AsatOT3098_Ava_chr6A-138357_TSD	0.072	-0.00987371758445495	-0.0118410454349246
RLG_AsatOT3098_Ava_chr6A-138490_TSD	0.179	-0.00988978337742362	-0.0110981935169804
RLG_AsatOT3098_Ava_chr6A-138520_TSD	0.178	-0.00973114089371456	-0.0119825474434389
RLG_AsatOT3098_Ava_chr6A-138547_TSD	0.214	-0.00976707183432174	-0.0109449210397975
RLG_AsatOT3098_Ava_chr6A-138570_TSD	0.226	-0.0101003491615777	-0.0155502592230589
RLG_AsatOT3098_Ava_chr6A-138598_TSD	0.222	-0.0101277973280795	-0.0160332065858614
RLG_AsatOT3098_Ava_chr6A-138895_TSD	0.735	-0.00957140918229179	-0.00834813259095809
RLG_AsatOT3098_Ava_chr6A-138914_TSD	0.179	-0.0101789086232508	-0.0119885398300357
RLG_AsatOT3098_Ava_chr6A-139125_TSD	0.143	-0.00988616842046227	-0.0126465887519344
RLG_AsatOT3098_Ava_chr6A-139188_TSD	0.743	-0.0100912019648826	-0.00733123715779532
RLG_AsatOT3098_Ava_chr6A-139220_TSD	0.256	-0.0102189160110164	-0.0126359204123893
RLG_AsatOT3098_Ava_chr6A-139271_TSD	0.437	-0.00980401874733593	-0.0114018627399391
RLG_AsatOT3098_Ava_chr6A-139465_TSD	0.181	-0.0100233485840438	-0.0119841126982911
RLG_AsatOT3098_Ava_chr6A-139500_TSD	0.214	-0.00983937791526267	-0.011636093773167
RLG_AsatOT3098_Ava_chr6A-139665_TSD	0.218	-0.0101058024935936	-0.0118191580932703
RLG_AsatOT3098_Ava_chr6A-139762_TSD	0.182	-0.00986904014539631	-0.0107082014381174
RLG_AsatOT3098_Ava_chr6A-139894_TSD	0.395	-0.00996287176333739	-0.00988944846114456
RLG_AsatOT3098_Ava_chr6A-139969_TSD	0.322	-0.00954984635001065	-0.0115408036800906
RLG_AsatOT3098_Ava_chr6A-139996_TSD	0.035	-0.0101857128101673	-0.011904924559174
RLG_AsatOT3098_Ava_chr6A-140075_TSD	0.218	-0.0100808927627137	-0.0108720770312938
RLG_AsatOT3098_Ava_chr6A-140128_TSD	0.179	-0.00975683861050942	-0.0121931141680614
RLG_AsatOT3098_Ava_chr6A-140265_TSD	0.214	-0.0100232159806264	-0.0120532336566981
RLG_AsatOT3098_Ava_chr6A-140294_TSD	0.323	-0.00971387632377843	-0.0114626493350283
RLG_AsatOT3098_Ava_chr6A-140321_TSD	0.287	-0.0100070563601693	-0.0115251810205717
RLG_AsatOT3098_Ava_chr6A-140355_TSD	0.286	-0.00980660013700267	-0.01169103441844
RLG_AsatOT3098_Ava_chr6A-140366_TSD	0.107	-0.00983492915819381	-0.0106916281334424
RLG_AsatOT3098_Ava_chr6A-140385_TSD	0.395	-0.00986812320691262	-0.0112618155401827
RLG_AsatOT3098_Ava_chr6A-140420_TSD	0.323	-0.0100791606127809	-0.011769132786728
RLG_AsatOT3098_Ava_chr6A-140442_TSD	0.397	-0.00981594969950669	-0.0107964680283367
RLG_AsatOT3098_Ava_chr6A-140473_TSD	0.287	-0.00995921678014562	-0.0120484773483146
RLG_AsatOT3098_Ava_chr6A-140498_TSD	0.251	-0.00994246171647113	-0.0110930838977722
RLG_AsatOT3098_Ava_chr6A-140539_TSD	0.107	-0.00994137930731856	-0.0111718746284036
RLG_AsatOT3098_Ava_chr6A-140653_TSD	0.359	-0.0100639707453164	-0.0118902709611733
RLG_AsatOT3098_Ava_chr6A-140681_TSD	0.25	-0.00976626509545921	-0.0112254578323699
RLG_AsatOT3098_Ava_chr6A-140838_TSD	0.251	-0.0096593630156643	-0.0115241252030338
RLG_AsatOT3098_Ava_chr6A-141041_TSD	0.144	-0.0100544150976068	-0.0109583225987188
RLG_AsatOT3098_Ava_chr6A-141157_TSD	0.359	-0.00998304233790876	-0.0119913672075174
RLG_AsatOT3098_Ava_chr6A-141202_TSD	1.283	-0.00864125081010089	0.00173536237262805
RLG_AsatOT3098_Ava_chr6A-141357_TSD	0.107	-0.0101529266375328	-0.0116860924199305
RLG_AsatOT3098_Ava_chr6A-141372_TSD	0.882	-0.00867179712423411	-0.000143434425824229
RLG_AsatOT3098_Ava_chr6A-141558_TSD	0.286	-0.00971190446826066	-0.0110224793970077
RLG_AsatOT3098_Ava_chr6A-141701_TSD	0.26	-0.0102721790244041	-0.01520128471754
RLG_AsatOT3098_Ava_chr6A-142668_TSD	0.967	-0.00786832661707103	0.00685353378248264
RLG_AsatOT3098_Ava_chr6A-142765_TSD	1.445	-0.00818167575044066	0.00606469721816462
RLG_AsatOT3098_Ava_chr6A-145082_TSD	0.214	-0.00987137860310264	-0.0112933449224349
RLG_AsatOT3098_Ava_chr6A-145509_TSD	0.359	-0.00981179359267695	-0.0113771055235428
RLG_AsatOT3098_Ava_chr6A-145629_TSD	1.065	-0.00917586737855284	-0.000568591678752672
RLG_AsatOT3098_Ava_chr6A-146781_TSD	0.681	-0.00940415159864997	-0.00470317880274808
RLG_AsatOT3098_Ava_chr6A-150330_TSD	0.144	-0.0101597011989442	-0.0116034103434267
RLG_AsatOT3098_Ava_chr6A-152032_TSD	0.716	-0.00897014828351137	-0.00201107300886781
RLG_AsatOT3098_Ava_chr6A-152476_TSD	0.948	-0.00915858863131653	-0.00461006081422925
RLG_AsatOT3098_Ava_chr6A-169362_TSD	0.628	-0.00955341357146717	-0.00726731016434975
RLG_AsatOT3098_Ava_chr6A-170206_TSD	1.193	-0.00923543377225797	-0.000160963825301317
RLG_AsatOT3098_Ava_chr6A-184590_TSD	0.577	-0.00979616947131768	-0.01101866906674
RLG_AsatOT3098_Ava_chr6A-197319_TSD	1.609	-0.00575938940517201	0.00428337742087689
RLG_AsatOT3098_Ava_chr6A-201711_TSD	0.846	-0.00977902499386226	-0.00678695027325057
RLG_AsatOT3098_Ava_chr6A-238907_TSD	0.325	-0.00966087658424048	-0.0105298458842249
RLG_AsatOT3098_Ava_chr6A-254974_TSD	0.143	-0.0100337143552343	-0.0111109920745467
RLG_AsatOT3098_Ava_chr6A-264272_TSD	0.645	-0.0093377932296173	-0.00462160913766208
RLG_AsatOT3098_Ava_chr6A-319683_TSD	0.323	-0.00965746267130484	-0.0107863194982548
RLG_AsatOT3098_Ava_chr6A-330100_TSD	0.109	-0.00982206949192386	-0.0112596893341718
RLG_AsatOT3098_Ava_chr6A-344792_TSD	0.071	-0.00984112532729614	-0.01148891673422
RLG_AsatOT3098_Ava_chr6A-352132_TSD	1.522	-0.00614093152670651	0.00424597766137847
RLG_AsatOT3098_Ava_chr6A-365321_TSD	0.282	-0.00987012170688204	-0.015459849321409
RLG_AsatOT3098_Ava_chr6A-373859_TSD	0.54	-0.010060991596531	-0.00912876123106063
RLG_AsatOT3098_Ava_chr6A-373869_TSD	0.833	-0.0100067769987909	-0.00916395115151911
RLG_AsatOT3098_Ava_chr6A-388347_TSD	1.593	-0.00596469977201014	0.00252051539683648
RLG_AsatOT3098_Ava_chr6A-395754_TSD	0.882	-0.00790773750020984	0.00537056209696049
RLG_AsatOT3098_Ava_chr6A-418684_TSD	0.364	-0.00993115838787488	-0.0110477581334546
RLG_AsatOT3098_Ava_chr6A-426672_TSD	0.328	-0.00954928771593483	-0.0119902274963124
RLG_AsatOT3098_Ava_chr6A-429690_TSD	0.433	-0.00946470273931048	-0.00855638583745616
RLG_AsatOT3098_Ava_chr6D-007063_TSD	0.763	-0.00941488522422711	-0.00482585068036166
RLG_AsatOT3098_Ava_chr6D-086599_TSD	0.822	-0.00955238861041614	-0.00795096088819601
RLG_AsatOT3098_Ava_chr6D-087637_TSD	0.713	-0.0096195593965725	-0.0104352602563656
RLG_AsatOT3098_Ava_chr6D-087738_TSD	0.698	-0.00983922636248267	-0.0103790122428131
RLG_AsatOT3098_Ava_chr6D-092924_TSD	0.845	-0.00915217054725523	-0.00237678926034274
RLG_AsatOT3098_Ava_chr6D-093835_TSD	0.745	-0.00824173865191387	-0.00109190065614808
RLG_AsatOT3098_Ava_chr6D-096984_TSD	0.329	-0.0095560639628801	-0.0102820146865904
RLG_AsatOT3098_Ava_chr6D-097163_TSD	0.826	-0.00939616360183281	-0.00535246832655412
RLG_AsatOT3098_Ava_chr6D-097260_TSD	0.717	-0.0094423722686461	-0.00658069631626747
RLG_AsatOT3098_Ava_chr6D-097577_TSD	0.808	-0.00985571494152445	-0.00816497529598087
RLG_AsatOT3098_Ava_chr6D-097686_TSD	1.427	-0.00931589035098165	-0.00547673040436812
RLG_AsatOT3098_Ava_chr6D-097823_TSD	0.718	-0.00924526793541228	-0.00412446882706148
RLG_AsatOT3098_Ava_chr6D-097935_TSD	0.589	-0.00967016196893591	-0.00733676948436882
RLG_AsatOT3098_Ava_chr6D-097945_TSD	0.588	-0.00911600364555093	-0.00789872482550498
RLG_AsatOT3098_Ava_chr6D-097964_TSD	0.682	-0.00953741993418119	-0.00470114398149207
RLG_AsatOT3098_Ava_chr6D-098331_TSD	0.723	-0.00929642899735465	-0.0108200241954954
RLG_AsatOT3098_Ava_chr6D-098366_TSD	0.29	-0.00956849903704866	-0.0106456177608072
RLG_AsatOT3098_Ava_chr6D-098475_TSD	0.505	-0.00961700855999695	-0.00768460529694886
RLG_AsatOT3098_Ava_chr6D-098500_TSD	0.649	-0.00968456968874674	-0.0081884827151136
RLG_AsatOT3098_Ava_chr6D-098571_TSD	0.522	-0.0092229898933148	-0.00553171067516075
RLG_AsatOT3098_Ava_chr6D-098590_TSD	0.513	-0.00964809300227452	-0.0090424011432932
RLG_AsatOT3098_Ava_chr6D-098926_TSD	0.443	-0.00976607396425449	-0.0106205939799161
RLG_AsatOT3098_Ava_chr6D-098977_TSD	0.147	-0.00985888796391076	-0.0113696097500995
RLG_AsatOT3098_Ava_chr6D-099154_TSD	0.291	-0.0100028212267972	-0.0114923496626076
RLG_AsatOT3098_Ava_chr6D-099390_TSD	0.438	-0.00992480347780161	-0.0118042769832572
RLG_AsatOT3098_Ava_chr6D-099644_TSD	0.585	-0.0100838972355027	-0.0119028965272483
RLG_AsatOT3098_Ava_chr6D-099895_TSD	0.401	-0.00985643342055439	-0.0112388898686856
RLG_AsatOT3098_Ava_chr6D-099936_TSD	0.651	-0.00978415842609785	-0.00807859269723524
RLG_AsatOT3098_Ava_chr6D-100480_TSD	0.475	-0.00988701893232598	-0.0110200930331403
RLG_AsatOT3098_Ava_chr6D-100841_TSD	0.435	-0.0085309980727925	-0.00257333920014762
RLG_AsatOT3098_Ava_chr6D-101402_TSD	0.798	-0.00845721733559299	-0.00343775730883041
RLG_AsatOT3098_Ava_chr6D-101677_TSD	0.632	-0.0094240983070219	-0.00552481966931794
RLG_AsatOT3098_Ava_chr6D-101802_TSD	1.093	-0.00878151649763858	0.00143237584351756
RLG_AsatOT3098_Ava_chr6D-101957_TSD	0.556	-0.00919890598007541	-0.00411366649055347
RLG_AsatOT3098_Ava_chr6D-102082_TSD	0.864	-0.00876820025545304	0.00200581041958016
RLG_AsatOT3098_Ava_chr6D-102327_TSD	0.772	-0.00953932736009014	-0.00544895774662325
RLG_AsatOT3098_Ava_chr6D-102404_TSD	0.94	-0.00928555776442251	-0.00609177021100763
RLG_AsatOT3098_Ava_chr6D-102476_TSD	0.745	-0.00949876607623443	-0.00917766171166701
RLG_AsatOT3098_Ava_chr6D-103490_TSD	0.996	-0.00829477080246279	0.00651624645697968
RLG_AsatOT3098_Ava_chr6D-103592_TSD	0.819	-0.00940532281173013	-0.0040473962579555
RLG_AsatOT3098_Ava_chr6D-103805_TSD	1.329	-0.00815736938708309	0.00713562791248501
RLG_AsatOT3098_Ava_chr6D-104224_TSD	1.416	-0.00649498063067059	0.00383850259043932
RLG_AsatOT3098_Ava_chr6D-104436_TSD	0.699	-0.00878291807297603	0.00103514966019877
RLG_AsatOT3098_Ava_chr6D-104731_TSD	0.944	-0.00847577229011992	0.000236264673490885
RLG_AsatOT3098_Ava_chr6D-104779_TSD	0.885	-0.00777888170819649	0.00513432625978873
RLG_AsatOT3098_Ava_chr6D-105708_TSD	1.22	-0.00789383348308582	0.00485304827505517
RLG_AsatOT3098_Ava_chr6D-106551_TSD	0.539	-0.00895263024184796	-0.00508698795326629
RLG_AsatOT3098_Ava_chr6D-110634_TSD	0.576	-0.00888015907402177	0.00251665232405731
RLG_AsatOT3098_Ava_chr6D-111295_TSD	0.991	-0.0085674696286961	-0.00254514568557674
RLG_AsatOT3098_Ava_chr6D-115891_TSD	0.643	-0.00944225032316546	-0.00648258680819389
RLG_AsatOT3098_Ava_chr6D-131731_TSD	0.749	-0.00645905587173317	0.00382624151167069
RLG_AsatOT3098_Ava_chr6D-190063_TSD	0.655	-0.00990240971016861	-0.00851710080444603
RLG_AsatOT3098_Ava_chr6D-200675_TSD	0.921	-0.00909266513464068	-0.000489171110000315
RLG_AsatOT3098_Ava_chr6D-215119_TSD	0.546	-0.00938282537953286	-0.00886171009312146
RLG_AsatOT3098_Ava_chr6D-233915_TSD	1.053	-0.00961659107336265	-0.0066898982624654
RLG_AsatOT3098_Ava_chr6D-259196_TSD	0.498	-0.00946945506472252	-0.00622230084886297
RLG_AsatOT3098_Ava_chr6D-290175_TSD	0.883	-0.00892114063074687	-0.00393353665598642
RLG_AsatOT3098_Ava_chr7A-004957_TSD	0.578	-0.00791083453784052	0.00493856234452362
RLG_AsatOT3098_Ava_chr7A-024911_TSD	0.143	-0.00975876385130261	-0.0106725745208019
RLG_AsatOT3098_Ava_chr7A-037215_TSD	0.637	-0.00957401482225288	-0.0149767248405218
RLG_AsatOT3098_Ava_chr7A-069492_TSD	0.895	-0.00921106523362427	-0.00128698223312327
RLG_AsatOT3098_Ava_chr7A-094477_TSD	0.409	-0.00938632952604327	-0.0146301946600874
RLG_AsatOT3098_Ava_chr7A-096976_TSD	0.145	-0.00990520497922892	-0.0117849354265819
RLG_AsatOT3098_Ava_chr7A-124117_TSD	0.179	-0.0101097152667498	-0.0118814481528331
RLG_AsatOT3098_Ava_chr7A-158578_TSD	0.614	-0.00972020528827588	-0.008638958443166
RLG_AsatOT3098_Ava_chr7A-271859_TSD	1.888	-0.00548192245150091	0.00331372426703053
RLG_AsatOT3098_Ava_chr7A-272723_TSD	0.254	-0.00993596827594233	-0.0119485937606453
RLG_AsatOT3098_Ava_chr7A-293054_TSD	0.761	-0.00879040091903861	-0.00388204618300428
RLG_AsatOT3098_Ava_chr7A-295495_TSD	0.218	-0.00990374344593113	-0.011989723949396
RLG_AsatOT3098_Ava_chr7A-301072_TSD	1.215	-0.00936547323874638	-0.00342184859556451
RLG_AsatOT3098_Ava_chr7A-306654_TSD	0.596	-0.00979941772390731	-0.00956723329350665
RLG_AsatOT3098_Ava_chr7A-307574_TSD	0.523	-0.00986667078799004	-0.0137961185645455
RLG_AsatOT3098_Ava_chr7A-309962_TSD	1.118	-0.00636234168102235	0.00474351970468077
RLG_AsatOT3098_Ava_chr7A-316749_TSD	1.219	-0.00807427645337783	0.00665929603104394
RLG_AsatOT3098_Ava_chr7A-317483_TSD	0.77	-0.00934642410261132	-0.00649294189021141
RLG_AsatOT3098_Ava_chr7A-318854_TSD	1.554	-0.00658411508549672	0.00510056316250391
RLG_AsatOT3098_Ava_chr7A-319760_TSD	1.406	-0.00796651677470177	0.00607706536390394
RLG_AsatOT3098_Ava_chr7A-319800_TSD	0.401	-0.00984034455801882	-0.00951015850421855
RLG_AsatOT3098_Ava_chr7A-319823_TSD	1.063	-0.0092611316247504	-0.0037855535185088
RLG_AsatOT3098_Ava_chr7A-320861_TSD	0.537	-0.0100618705505966	-0.0147235693824349
RLG_AsatOT3098_Ava_chr7A-321308_TSD	0.482	-0.0097677524835084	-0.0109723838415203
RLG_AsatOT3098_Ava_chr7A-321612_TSD	1.158	-0.00890642510389492	-0.00357905210745052
RLG_AsatOT3098_Ava_chr7A-321657_TSD	0.906	-0.00879901193876918	0.00135095976858431
RLG_AsatOT3098_Ava_chr7A-321689_TSD	0.731	-0.00887419405753106	-0.00340827166155604
RLG_AsatOT3098_Ava_chr7A-321813_TSD	0.548	-0.00951563186783182	-0.0113846996839961
RLG_AsatOT3098_Ava_chr7A-321964_TSD	1.118	-0.00917649474777003	-0.00249339201695137
RLG_AsatOT3098_Ava_chr7A-322060_TSD	0.53	-0.00893152645828128	-0.000867729194455542
RLG_AsatOT3098_Ava_chr7A-322152_TSD	1.089	-0.00904517112862774	-0.00583666708041167
RLG_AsatOT3098_Ava_chr7A-322205_TSD	1.251	-0.00929331476152499	-0.00279536112480488
RLG_AsatOT3098_Ava_chr7A-322304_TSD	1.036	-0.00833008737836162	-2.5993589270224e-05
RLG_AsatOT3098_Ava_chr7A-322397_TSD	0.454	-0.0097732174569394	-0.0156417391626116
RLG_AsatOT3098_Ava_chr7A-322444_TSD	0.181	-0.00961290974264725	-0.0113214033600553
RLG_AsatOT3098_Ava_chr7A-322521_TSD	0.359	-0.010109533208208	-0.0114743656518096
RLG_AsatOT3098_Ava_chr7A-322599_TSD	0.697	-0.0101956520725901	-0.00890313176491365
RLG_AsatOT3098_Ava_chr7A-322739_TSD	0.364	-0.00940685824192016	-0.0108768906692513
RLG_AsatOT3098_Ava_chr7A-322924_TSD	0.883	-0.00897904076086228	0.000152989682357045
RLG_AsatOT3098_Ava_chr7A-322961_TSD	0.506	-0.00984992401094762	-0.0111480570334825
RLG_AsatOT3098_Ava_chr7A-323086_TSD	0.359	-0.00970129503429024	-0.0102521565087713
RLG_AsatOT3098_Ava_chr7A-323119_TSD	0.432	-0.00998942772095432	-0.0118775038398527
RLG_AsatOT3098_Ava_chr7A-323144_TSD	0.929	-0.00947565128472908	-0.00787463647375862
RLG_AsatOT3098_Ava_chr7A-323277_TSD	0.287	-0.00954516658493759	-0.00964778277643299
RLG_AsatOT3098_Ava_chr7A-323288_TSD	0.736	-0.00917522031553587	-0.00345417663730266
RLG_AsatOT3098_Ava_chr7A-323355_TSD	0.282	-0.00980390093929872	-0.0141457856850586
RLG_AsatOT3098_Ava_chr7A-323366_TSD	0.286	-0.00985623076171195	-0.0112054826764246
RLG_AsatOT3098_Ava_chr7A-323515_TSD	0.41	-0.00998371722097269	-0.0151085851882245
RLG_AsatOT3098_Ava_chr7A-323576_TSD	0.179	-0.00967145191892562	-0.010182179452797
RLG_AsatOT3098_Ava_chr7A-323627_TSD	0.848	-0.0089552265459316	-0.000828030516760574
RLG_AsatOT3098_Ava_chr7A-323665_TSD	0.761	-0.00899247258678189	-0.0046376697593162
RLG_AsatOT3098_Ava_chr7A-323969_TSD	0.035	-0.0101212084316962	-0.0116173261161385
RLG_AsatOT3098_Ava_chr7A-323997_TSD	0.283	-0.00981294002861704	-0.01403142843121
RLG_AsatOT3098_Ava_chr7A-324045_TSD	0.215	-0.00983036877026158	-0.0102525012120718
RLG_AsatOT3098_Ava_chr7A-324290_TSD	0.179	-0.00987111077580756	-0.0102005863505547
RLG_AsatOT3098_Ava_chr7A-324746_TSD	0.178	-0.00983046086673312	-0.0103755041350408
RLG_AsatOT3098_Ava_chr7A-324757_TSD	0.107	-0.0100552348919991	-0.0119979500524682
RLG_AsatOT3098_Ava_chr7A-324911_TSD	0.468	-0.00987976478617872	-0.0113206575446054
RLG_AsatOT3098_Ava_chr7A-324934_TSD	0.265	-0.00981345364387877	-0.0137167945578423
RLG_AsatOT3098_Ava_chr7A-325087_TSD	0.405	-0.00982180714002343	-0.0109311339276277
RLG_AsatOT3098_Ava_chr7A-325115_TSD	0.836	-0.0100393922234489	-0.0113529606366533
RLG_AsatOT3098_Ava_chr7A-325212_TSD	0.107	-0.00990440280877555	-0.0101709610991581
RLG_AsatOT3098_Ava_chr7A-325384_TSD	0.323	-0.00991267407054582	-0.0113949462576478
RLG_AsatOT3098_Ava_chr7A-325486_TSD	0.107	-0.00997745886004059	-0.011805807877812
RLG_AsatOT3098_Ava_chr7A-325573_TSD	0.183	-0.00992778516727289	-0.0115851466796303
RLG_AsatOT3098_Ava_chr7A-325632_TSD	0.107	-0.00993269119706038	-0.0121586595101408
RLG_AsatOT3098_Ava_chr7A-325736_TSD	0.287	-0.0100068608413635	-0.0114154426798177
RLG_AsatOT3098_Ava_chr7A-325790_TSD	0.25	-0.00998082302673701	-0.0115624279541684
RLG_AsatOT3098_Ava_chr7A-325989_TSD	0.144	-0.010142365223687	-0.0116249052441028
RLG_AsatOT3098_Ava_chr7A-326014_TSD	0.073	-0.00978557730531089	-0.0115034409952546
RLG_AsatOT3098_Ava_chr7A-326134_TSD	0.62	-0.00802736827395762	-0.00370531719671054
RLG_AsatOT3098_Ava_chr7A-326213_TSD	0.323	-0.00980936719661054	-0.0107275287581799
RLG_AsatOT3098_Ava_chr7A-326223_TSD	0.58	-0.00996364652338663	-0.0106555520049262
RLG_AsatOT3098_Ava_chr7A-326290_TSD	0.543	-0.0100940723961945	-0.0080715554889811
RLG_AsatOT3098_Ava_chr7A-326300_TSD	0.36	-0.00988303747312956	-0.0108633499710483
RLG_AsatOT3098_Ava_chr7A-326444_TSD	0.36	-0.0100291668552905	-0.0115912429946431
RLG_AsatOT3098_Ava_chr7A-326465_TSD	0.143	-0.00987637542059091	-0.0115557895721115
RLG_AsatOT3098_Ava_chr7A-326521_TSD	0.071	-0.010010130408443	-0.0115393484304738
RLG_AsatOT3098_Ava_chr7A-326543_TSD	0.254	-0.00996258665865737	-0.0116403813752242
RLG_AsatOT3098_Ava_chr7A-326675_TSD	0.215	-0.0100344508443707	-0.0121649989213107
RLG_AsatOT3098_Ava_chr7A-326713_TSD	0.286	-0.00993002411234695	-0.0117880562074707
RLG_AsatOT3098_Ava_chr7A-326727_TSD	0.145	-0.00971649723837739	-0.0110786643864336
RLG_AsatOT3098_Ava_chr7A-326790_TSD	1.123	-0.0089781967297462	-0.00269096330831263
RLG_AsatOT3098_Ava_chr7A-326902_TSD	0.071	-0.0102360363771359	-0.0118962592353603
RLG_AsatOT3098_Ava_chr7A-326963_TSD	0.457	-0.0100801845422322	-0.0147011016548308
RLG_AsatOT3098_Ava_chr7A-326989_TSD	0.178	-0.00992506012528289	-0.0116310737448194
RLG_AsatOT3098_Ava_chr7A-327053_TSD	0.251	-0.0099006509088188	-0.0108235628115882
RLG_AsatOT3098_Ava_chr7A-327069_TSD	0.25	-0.0100946089675209	-0.0110865656493535
RLG_AsatOT3098_Ava_chr7A-327126_TSD	0.226	-0.0100232182533916	-0.0157812379299313
RLG_AsatOT3098_Ava_chr7A-327136_TSD	0.287	-0.00993848657296247	-0.0141789316862907
RLG_AsatOT3098_Ava_chr7A-327151_TSD	0.747	-0.00939577908069387	-0.00915349840933618
RLG_AsatOT3098_Ava_chr7A-327175_TSD	0.363	-0.00982189658067575	-0.0113938789198311
RLG_AsatOT3098_Ava_chr7A-327227_TSD	1.093	-0.00987548466183722	-0.0101429340478463
RLG_AsatOT3098_Ava_chr7A-327314_TSD	0.359	-0.00988531665836708	-0.0117173892898916
RLG_AsatOT3098_Ava_chr7A-327326_TSD	0.107	-0.00990154822397548	-0.0116500727785102
RLG_AsatOT3098_Ava_chr7A-327351_TSD	0.254	-0.0100842268471238	-0.0112470917363616
RLG_AsatOT3098_Ava_chr7A-327361_TSD	0.777	-0.00982650231055739	-0.0106828400231228
RLG_AsatOT3098_Ava_chr7A-327391_TSD	0.404	-0.00991985383104069	-0.0122332932118439
RLG_AsatOT3098_Ava_chr7A-327461_TSD	0.218	-0.00985325570495052	-0.0121243395275861
RLG_AsatOT3098_Ava_chr7A-327478_TSD	0.247	-0.00988823705255312	-0.0142463917646976
RLG_AsatOT3098_Ava_chr7A-327515_TSD	0.698	-0.00966212635417674	-0.010400708894588
RLG_AsatOT3098_Ava_chr7A-327538_TSD	0.323	-0.00972860660281016	-0.0107292928151499
RLG_AsatOT3098_Ava_chr7A-327555_TSD	0.179	-0.0101230192533586	-0.0117863329292609
RLG_AsatOT3098_Ava_chr7A-327934_TSD	0.294	-0.00970245207127243	-0.013393032969856
RLG_AsatOT3098_Ava_chr7A-327994_TSD	0.251	-0.0100502262368536	-0.0118732704461172
RLG_AsatOT3098_Ava_chr7A-328032_TSD	0.251	-0.00984244684391704	-0.0138604267337789
RLG_AsatOT3098_Ava_chr7A-328058_TSD	0.148	-0.00976570310511982	-0.011315958316528
RLG_AsatOT3098_Ava_chr7A-328107_TSD	0.326	-0.00970818903532025	-0.00926089073723809
RLG_AsatOT3098_Ava_chr7A-328186_TSD	0.217	-0.0095054783218395	-0.00531967135386175
RLG_AsatOT3098_Ava_chr7A-328268_TSD	0.645	-0.00960063435314927	-0.00443954357770119
RLG_AsatOT3098_Ava_chr7A-328328_TSD	0.143	-0.0100652697933382	-0.0117814831367589
RLG_AsatOT3098_Ava_chr7A-328363_TSD	0.287	-0.0100385303927703	-0.0117258274745564
RLG_AsatOT3098_Ava_chr7A-328406_TSD	0.218	-0.00973907697480505	-0.0109834067745896
RLG_AsatOT3098_Ava_chr7A-328598_TSD	0.304	-0.0097027321097095	-0.014649772991886
RLG_AsatOT3098_Ava_chr7A-328949_TSD	0.148	-0.0098180430090929	-0.0146602057125084
RLG_AsatOT3098_Ava_chr7A-329019_TSD	0.896	-0.00908218956390318	-0.00349855612651934
RLG_AsatOT3098_Ava_chr7A-329234_TSD	0.785	-0.00988297786071349	-0.0140589623763924
RLG_AsatOT3098_Ava_chr7A-329283_TSD	0.974	-0.00965930303528928	-0.00762136663700235
RLG_AsatOT3098_Ava_chr7A-329310_TSD	0.558	-0.00923877717098955	-0.0050704327644077
RLG_AsatOT3098_Ava_chr7A-329368_TSD	0.287	-0.0101509188727581	-0.0104857468497606
RLG_AsatOT3098_Ava_chr7A-329504_TSD	1.215	-0.00942101804771802	-0.0041489749274518
RLG_AsatOT3098_Ava_chr7A-329528_TSD	0.949	-0.00942551900631303	-0.00469917865065878
RLG_AsatOT3098_Ava_chr7A-329586_TSD	0.611	-0.00950086599880672	-0.00493971837687011
RLG_AsatOT3098_Ava_chr7A-329751_TSD	0.179	-0.0100123124633018	-0.0118373169893038
RLG_AsatOT3098_Ava_chr7A-330007_TSD	0.638	-0.0100189692990199	-0.0143522600722281
RLG_AsatOT3098_Ava_chr7A-330045_TSD	0.651	-0.0100088292337441	-0.0113468910195767
RLG_AsatOT3098_Ava_chr7A-330089_TSD	0.824	-0.00984411864553447	-0.00767554293571713
RLG_AsatOT3098_Ava_chr7A-330481_TSD	0.764	-0.00877202331995488	-0.00408772337077499
RLG_AsatOT3098_Ava_chr7A-330745_TSD	1.089	-0.00865414738254919	-0.00262148431159823
RLG_AsatOT3098_Ava_chr7A-330828_TSD	1.086	-0.00812995998915756	0.00371803413868662
RLG_AsatOT3098_Ava_chr7A-330961_TSD	1.741	-0.00456911645047742	0.00387902863603201
RLG_AsatOT3098_Ava_chr7A-332949_TSD	1.067	-0.0099304551432251	-0.00826108133228436
RLG_AsatOT3098_Ava_chr7A-336491_TSD	0.178	-0.00992420762503273	-0.0111943695666071
RLG_AsatOT3098_Ava_chr7A-347077_TSD	0.771	-0.00927575178901013	-0.0101630948939345
RLG_AsatOT3098_Ava_chr7A-359179_TSD	0.598	-0.0100087624642425	-0.0105147502665195
RLG_AsatOT3098_Ava_chr7A-360790_TSD	1.142	-0.00886077677648063	-0.000664408480072621
RLG_AsatOT3098_Ava_chr7A-378614_TSD	1.785	-0.00462669175121485	0.00457718243744638
RLG_AsatOT3098_Ava_chr7A-399782_TSD	0.739	-0.00980155338757439	-0.00853895535751393
RLG_AsatOT3098_Ava_chr7A-402626_TSD	1.208	-0.00941411432341145	-0.00389243860896598
RLG_AsatOT3098_Ava_chr7A-431549_TSD	0.863	-0.00797458201345124	0.00640378033552852
RLG_AsatOT3098_Ava_chr7A-437077_TSD	0.214	-0.0099310652323903	-0.011678526147929
RLG_AsatOT3098_Ava_chr7A-444543_TSD	0.786	-0.00938475440174555	-0.00900261934519768
RLG_AsatOT3098_Ava_chr7A-454032_TSD	0.325	-0.0100061482416101	-0.0109805020032519
RLG_AsatOT3098_Ava_chr7C-305283_TSD	0.587	-0.00959876176438544	-0.0102411125722066
RLG_AsatOT3098_Ava_chr7D-008468_TSD	0.549	-0.00979796768445605	-0.0109203723436265
RLG_AsatOT3098_Ava_chr7D-041377_TSD	0.504	-0.00826383763622395	-0.000175088557090747
RLG_AsatOT3098_Ava_chr7D-057156_TSD	0.869	-0.00987096300195995	-0.00764961031321507
RLG_AsatOT3098_Ava_chr7D-061342_TSD	1.908	-0.00551679916006405	0.00415359545785872
RLG_AsatOT3098_Ava_chr7D-092471_TSD	0.75	-0.00860647200391946	-0.000187977867639564
RLG_AsatOT3098_Ava_chr7D-096572_TSD	0.974	-0.00847302948972829	0.00238401032243623
RLG_AsatOT3098_Ava_chr7D-129292_TSD	1.105	-0.00908627749986876	-0.00714034273727926
RLG_AsatOT3098_Ava_chr7D-166686_TSD	1.115	-0.00833285348254965	-0.00165129438021664
RLG_AsatOT3098_Ava_chr7D-176343_TSD	1.261	-0.00884451718221029	-0.00362017121202482
RLG_AsatOT3098_Ava_chr7D-181994_TSD	1.325	-0.00487730223771938	0.00369174429899348
RLG_AsatOT3098_Ava_chr7D-192490_TSD	1.173	-0.00906579411947419	-0.00246028732401267
RLG_AsatOT3098_Ava_chr7D-202354_TSD	0.786	-0.00962273549033358	-0.0075710366441201
RLG_AsatOT3098_Ava_chr7D-205697_TSD	0.885	-0.00963589145503387	-0.00987567659633012
RLG_AsatOT3098_Ava_chr7D-212938_TSD	0.987	-0.006057581270458	0.00437986376837276
RLG_AsatOT3098_Ava_chr7D-214000_TSD	1.749	-0.00574888716041039	0.00352821202892253
RLG_AsatOT3098_Ava_chr7D-214876_TSD	2.088	-0.00676682442521422	0.00515755395087039
RLG_AsatOT3098_Ava_chr7D-215244_TSD	0.623	-0.00950210773862834	-0.0101216557833849
RLG_AsatOT3098_Ava_chr7D-216092_TSD	0.662	-0.00996825365787526	-0.00714302095747936
RLG_AsatOT3098_Ava_chr7D-216465_TSD	0.586	-0.00981474430255623	-0.0107245952931555
RLG_AsatOT3098_Ava_chr7D-222094_TSD	0.989	-0.00821193943464712	-0.00276669581443965
RLG_AsatOT3098_Ava_chr7D-222309_TSD	1.449	-0.00823362886955529	0.00635115989932341
RLG_AsatOT3098_Ava_chr7D-222770_TSD	0.755	-0.00907662666104165	0.000533553137803761
RLG_AsatOT3098_Ava_chr7D-223325_TSD	1.456	-0.00797011092361483	0.00586086385109205
RLG_AsatOT3098_Ava_chr7D-223372_TSD	1.57	-0.0085292494553963	0.00314082225875989
RLG_AsatOT3098_Ava_chr7D-223503_TSD	0.924	-0.00889852201683851	-9.6387569963497e-05
RLG_AsatOT3098_Ava_chr7D-223757_TSD	1.022	-0.00898379732901544	-0.000193439053474584
RLG_AsatOT3098_Ava_chr7D-223969_TSD	0.813	-0.00887524349421718	0.000719625082874378
RLG_AsatOT3098_Ava_chr7D-224165_TSD	0.662	-0.00980626124582467	-0.00710478182479142
RLG_AsatOT3098_Ava_chr7D-224536_TSD	0.648	-0.00978918953827718	-0.00841977549496558
RLG_AsatOT3098_Ava_chr7D-224546_TSD	0.548	-0.00885004034360069	-0.000950918830074319
RLG_AsatOT3098_Ava_chr7D-224569_TSD	0.475	-0.00967556435661128	-0.00602385655340411
RLG_AsatOT3098_Ava_chr7D-224944_TSD	0.561	-0.00930250757031285	-0.00393123957461697
RLG_AsatOT3098_Ava_chr7D-225103_TSD	0.598	-0.0095118674619974	-0.00677452355185105
RLG_AsatOT3098_Ava_chr7D-225128_TSD	0.937	-0.00980819037510614	-0.00897171307745036
RLG_AsatOT3098_Ava_chr7D-225141_TSD	0.549	-0.00939087276673277	-0.00965056404187653
RLG_AsatOT3098_Ava_chr7D-225268_TSD	0.474	-0.00981002151114497	-0.0112593751598768
RLG_AsatOT3098_Ava_chr7D-225388_TSD	0.585	-0.00966429901821908	-0.00710538941891122
RLG_AsatOT3098_Ava_chr7D-225449_TSD	0.548	-0.00948069353438645	-0.00823333437146997
RLG_AsatOT3098_Ava_chr7D-225470_TSD	0.438	-0.00979437943885119	-0.00842085626807146
RLG_AsatOT3098_Ava_chr7D-225559_TSD	1.163	-0.0083216911376287	0.00114569718796953
RLG_AsatOT3098_Ava_chr7D-225804_TSD	1.086	-0.00841763130061352	0.000382166487432761
RLG_AsatOT3098_Ava_chr7D-225894_TSD	0.633	-0.00987559129375452	-0.0076579547751947
RLG_AsatOT3098_Ava_chr7D-225915_TSD	0.659	-0.00938667847473215	-0.00872724352887258
RLG_AsatOT3098_Ava_chr7D-225976_TSD	0.505	-0.00984743487214226	-0.00842933900174209
RLG_AsatOT3098_Ava_chr7D-226096_TSD	0.511	-0.00982782095612151	-0.0105756354000823
RLG_AsatOT3098_Ava_chr7D-226170_TSD	0.885	-0.00979659965879108	-0.00894433892316662
RLG_AsatOT3098_Ava_chr7D-226190_TSD	0.637	-0.00911647619861504	-0.00654138799185583
RLG_AsatOT3098_Ava_chr7D-226797_TSD	1.044	-0.00936763361027483	-0.0101286198412071
RLG_AsatOT3098_Ava_chr7D-227279_TSD	0.545	-0.00973703954974364	-0.00786211663961857
RLG_AsatOT3098_Ava_chr7D-227352_TSD	0.338	-0.00932200265082939	-0.00876863137848278
RLG_AsatOT3098_Ava_chr7D-227610_TSD	1.008	-0.00934630344307568	-0.00385462378750609
RLG_AsatOT3098_Ava_chr7D-227656_TSD	0.476	-0.00984918458950342	-0.0120325064670054
RLG_AsatOT3098_Ava_chr7D-228161_TSD	0.364	-0.00987650894895971	-0.0110578174336584
RLG_AsatOT3098_Ava_chr7D-228384_TSD	0.74	-0.00982178197904008	-0.00799890675971828
RLG_AsatOT3098_Ava_chr7D-228516_TSD	0.993	-0.00792766004277421	0.00601497635499907
RLG_AsatOT3098_Ava_chr7D-228931_TSD	0.673	-0.00985356943331886	-0.00880980568663166
RLG_AsatOT3098_Ava_chr7D-228951_TSD	0.935	-0.00955916907381052	-0.00709582281929168
RLG_AsatOT3098_Ava_chr7D-228986_TSD	0.493	-0.00921764632117516	-0.0111683925442424
RLG_AsatOT3098_Ava_chr7D-229313_TSD	0.512	-0.00853055467025856	0.00039666216503895
RLG_AsatOT3098_Ava_chr7D-229523_TSD	0.349	-0.0100594043137174	-0.0086818694173663
RLG_AsatOT3098_Ava_chr7D-230071_TSD	0.746	-0.00972575104948835	-0.00787553274850957
RLG_AsatOT3098_Ava_chr7D-230268_TSD	0.557	-0.0097390069312082	-0.0088743484280353
RLG_AsatOT3098_Ava_chr7D-230420_TSD	0.47	-0.00990215725380778	-0.00832262849018605
RLG_AsatOT3098_Ava_chr7D-230839_TSD	0.781	-0.00979729303115035	-0.0086977636592377
RLG_AsatOT3098_Ava_chr7D-230891_TSD	0.623	-0.00984405734459794	-0.0111588994182929
RLG_AsatOT3098_Ava_chr7D-231220_TSD	1.191	-0.00852710405709878	0.0028762124232925
RLG_AsatOT3098_Ava_chr7D-231320_TSD	1.133	-0.00890132228236047	-0.0021585583588763
RLG_AsatOT3098_Ava_chr7D-231473_TSD	0.883	-0.00985361566007742	-0.00723617963109793
RLG_AsatOT3098_Ava_chr7D-231693_TSD	1.576	-0.00600499288295673	0.00376276176174241
RLG_AsatOT3098_Ava_chr7D-231856_TSD	1.72	-0.00626244029149282	0.00557992076179828
RLG_AsatOT3098_Ava_chr7D-231992_TSD	0.586	-0.00956156459035823	-0.00727188358221933
RLG_AsatOT3098_Ava_chr7D-233170_TSD	1.282	-0.00596514911333307	0.00359511299728177
RLG_AsatOT3098_Ava_chr7D-235641_TSD	1.725	-0.00409477386445089	0.00475177906642264
RLG_AsatOT3098_Ava_chr7D-242110_TSD	0.803	-0.00929972435757758	-0.00767128869359524
RLG_AsatOT3098_Ava_chr7D-243639_TSD	0.926	-0.0094644744028848	-0.00619808440768234
RLG_AsatOT3098_Ava_chr7D-264452_TSD	0.919	-0.00910605063304632	-0.000520239658275813
RLG_AsatOT3098_Ava_chr7D-284995_TSD	1.99	-0.00474473425321479	0.0041560239341181
RLG_AsatOT3098_Ava_chr7D-331580_TSD	0.468	-0.00966299327272637	-0.00931743129013154
RLG_AsatOT3098_Ava_chr7D-360506_TSD	0.886	-0.00926340654730365	-0.000934938592024828
RLG_AsatOT3098_Ava_chr7D-377818_TSD	0.929	-0.00899202642258657	-0.000584928457149429
RLG_AsatOT3098_Ava_chr7D-380017_TSD	0.711	-0.00974696919892857	-0.00666098621462381
RLG_AsatOT3098_Ava_chr7D-380820_TSD	0.769	-0.0095545070405589	-0.00734433891822626
RLG_AsatOT3098_Ava_chr7D-437486_TSD	1.126	-0.00782039355574364	-0.000121282711121529
RLG_AsatOT3098_Ava_chr7D-485040_TSD	0.874	-0.00893797031485439	-0.00177411682316387
