RLG_AeriBYU132Cp_Ava_chr1C-006342_TSD	2.026	0.0192015212826324	-0.000455154912770386
RLG_AeriBYU132Cp_Ava_chr1C-013557_TSD	1.647	0.0197990824714596	-0.000588662929291992
RLG_AeriBYU132Cp_Ava_chr1C-044126_TSD	2.196	0.0189300540529708	-0.000361110800237397
RLG_AeriBYU132Cp_Ava_chr1C-083618_TSD	2.127	0.0196695205632899	-0.000607299590604458
RLG_AeriBYU132Cp_Ava_chr1C-149834_TSD	1.678	0.0194171387671279	-0.000674175796653835
RLG_AeriBYU132Cp_Ava_chr1C-154531_TSD	3.895	0.0177033301613955	-6.13762494338745e-05
RLG_AeriBYU132Cp_Ava_chr1C-165854_TSD	2.789	0.0161924423459746	-0.00165957053360649
RLG_AeriBYU132Cp_Ava_chr1C-167356_TSD	1.854	0.0193351506016551	-0.00111252848097494
RLG_AeriBYU132Cp_Ava_chr1C-167512_TSD	1.764	0.0209247608800131	-0.0024662601438401
RLG_AeriBYU132Cp_Ava_chr1C-167773_TSD	2.334	0.0199444691417028	-0.00129713620149725
RLG_AeriBYU132Cp_Ava_chr1C-167901_TSD	1.69	0.0204656500558036	-0.00293600327228354
RLG_AeriBYU132Cp_Ava_chr1C-169274_TSD	3.423	0.0164164654558242	-0.00217911234359827
RLG_AeriBYU132Cp_Ava_chr1C-170305_TSD	1.612	0.0204945393735226	-0.00241201263252627
RLG_AeriBYU132Cp_Ava_chr1C-171069_TSD	2.133	0.0201818991233553	-0.00162470415703488
RLG_AeriBYU132Cp_Ava_chr1C-171384_TSD	1.524	0.0200791049178496	-0.00163294102615419
RLG_AeriBYU132Cp_Ava_chr1C-171629_TSD	1.551	0.0199703494049101	-0.0016082329974529
RLG_AeriBYU132Cp_Ava_chr1C-171680_TSD	2.082	0.0202898004803996	-0.00161511735157749
RLG_AeriBYU132Cp_Ava_chr1C-171925_TSD	2.41	0.01940612656927	-0.000771847799357529
RLG_AeriBYU132Cp_Ava_chr1C-172001_TSD	1.579	0.0205308496508157	-0.00229376473624483
RLG_AeriBYU132Cp_Ava_chr1C-172036_TSD	2.586	0.0187962641138845	-0.00118937597107641
RLG_AeriBYU132Cp_Ava_chr1C-172101_TSD	1.399	0.0206663165800206	-0.00282884897666454
RLG_AeriBYU132Cp_Ava_chr1C-172214_TSD	3.975	0.0201065227055588	-0.00251452608051217
RLG_AeriBYU132Cp_Ava_chr1C-172251_TSD	3.928	0.0200831654081126	-0.00254491352991942
RLG_AeriBYU132Cp_Ava_chr1C-172738_TSD	1.788	0.0207471343410719	-0.00235033708272919
RLG_AeriBYU132Cp_Ava_chr1C-172814_TSD	2.506	0.0205315912235794	-0.00219360803252488
RLG_AeriBYU132Cp_Ava_chr1C-172946_TSD	1.721	0.0192849153694311	-0.00236871380317082
RLG_AeriBYU132Cp_Ava_chr1C-173032_TSD	1.415	0.0195009694954328	-0.00151224716766584
RLG_AeriBYU132Cp_Ava_chr1C-173883_TSD	1.639	0.0206994128156077	-0.00183166687737794
RLG_AeriBYU132Cp_Ava_chr1C-173993_TSD	1.802	0.0200460319815664	-0.000776960425403069
RLG_AeriBYU132Cp_Ava_chr1C-174112_TSD	1.265	0.0208429116790808	-0.00191780531017123
RLG_AeriBYU132Cp_Ava_chr1C-174130_TSD	1.599	0.0202321773607016	-0.00246757666644458
RLG_AeriBYU132Cp_Ava_chr1C-174254_TSD	0.896	0.020356260805705	-0.00220224797471363
RLG_AeriBYU132Cp_Ava_chr1C-174293_TSD	2.031	0.0200422282083384	-0.0014295583544164
RLG_AeriBYU132Cp_Ava_chr1C-174527_TSD	1.516	0.0204641140778195	-0.00239964807586193
RLG_AeriBYU132Cp_Ava_chr1C-174627_TSD	1.565	0.0207911417043615	-0.0025171571950478
RLG_AeriBYU132Cp_Ava_chr1C-174683_TSD	1.32	0.0203925706084921	-0.00189816184903372
RLG_AeriBYU132Cp_Ava_chr1C-174741_TSD	1.714	0.019274036018522	-0.001605706193059
RLG_AeriBYU132Cp_Ava_chr1C-174852_TSD	1.985	0.020803407826139	-0.0023997176845111
RLG_AeriBYU132Cp_Ava_chr1C-175424_TSD	1.327	0.0193788095116696	-0.000369491374950086
RLG_AeriBYU132Cp_Ava_chr1C-175474_TSD	2.236	0.0165971635999347	-0.00279706758723516
RLG_AeriBYU132Cp_Ava_chr1C-175778_TSD	2.184	0.0193985530888505	-0.00101273805666356
RLG_AeriBYU132Cp_Ava_chr1C-175975_TSD	2.026	0.0201279781795678	-0.0018216300727184
RLG_AeriBYU132Cp_Ava_chr1C-176065_TSD	1.828	0.0207464147272309	-0.00234753874252256
RLG_AeriBYU132Cp_Ava_chr1C-176109_TSD	1.852	0.0198235421387171	-0.0015225863365695
RLG_AeriBYU132Cp_Ava_chr1C-177023_TSD	1.554	0.020484200128162	-0.00186678131168885
RLG_AeriBYU132Cp_Ava_chr1C-177936_TSD	1.773	0.020390782646683	-0.00185854710901628
RLG_AeriBYU132Cp_Ava_chr1C-177954_TSD	2.129	0.0201685384408612	-0.0023074517735924
RLG_AeriBYU132Cp_Ava_chr1C-178024_TSD	1.016	0.0208268623849898	-0.00234740580572777
RLG_AeriBYU132Cp_Ava_chr1C-178615_TSD	1.713	0.0197141825673955	-0.00144339894134664
RLG_AeriBYU132Cp_Ava_chr1C-179222_TSD	1.7	0.0165218734339354	-0.00263650765323337
RLG_AeriBYU132Cp_Ava_chr1C-179240_TSD	2.542	0.0195433395805905	0.000593713074488256
RLG_AeriBYU132Cp_Ava_chr1C-179278_TSD	2.701	0.0192108345116444	-0.000395108781160095
RLG_AeriBYU132Cp_Ava_chr1C-182911_TSD	2.289	0.0198989214368396	-0.00201037351883601
RLG_AeriBYU132Cp_Ava_chr1C-185343_TSD	2.446	0.0189374390185854	-0.0005458029717766
RLG_AeriBYU132Cp_Ava_chr1C-187196_TSD	2.022	0.0203696106143815	-0.00209129253083887
RLG_AeriBYU132Cp_Ava_chr1C-218467_TSD	4.006	0.0181502860691063	-0.000441813034695672
RLG_AeriBYU132Cp_Ava_chr1C-219238_TSD	1.08	0.0204405856484517	-0.0021466146559843
RLG_AeriBYU132Cp_Ava_chr1C-228165_TSD	2.251	0.0187116754232401	0.000307991909467582
RLG_AeriBYU132Cp_Ava_chr1C-256652_TSD	3.588	0.0180471726914691	-0.000732675187391021
RLG_AeriBYU132Cp_Ava_chr1C-273131_TSD	2.935	0.0187390467248612	-1.31010026951604e-05
RLG_AeriBYU132Cp_Ava_chr1C-274974_TSD	0.896	0.020953275521617	-0.00259707357108583
RLG_AeriBYU132Cp_Ava_chr1C-281457_TSD	1.401	0.0209732838946832	-0.00205232170705923
RLG_AeriBYU132Cp_Ava_chr1C-287196_TSD	1.323	0.0206895450660929	-0.00223920033028787
RLG_AeriBYU132Cp_Ava_chr1C-295381_TSD	1.525	0.0168751735611073	-0.00241405289536576
RLG_AeriBYU132Cp_Ava_chr1C-405299_TSD	2.364	0.018691559237299	-0.000402048137486608
RLG_AeriBYU132Cp_Ava_chr1C-437486_TSD	1.339	0.0207332209545305	-0.00230065263163715
RLG_AeriBYU132Cp_Ava_chr1C-448870_TSD	1.432	0.0203939782070456	-0.00217044944194192
RLG_AeriBYU132Cp_Ava_chr1C-450447_TSD	1.126	0.0205730775947572	-0.00261605348766754
RLG_AeriBYU132Cp_Ava_chr1C-474952_TSD	1.755	0.0202496723963264	-0.00185787391780812
RLG_AeriBYU132Cp_Ava_chr1C-487647_TSD	0.991	0.0206660688528459	-0.00221339370396649
RLG_AeriBYU132Cp_Ava_chr1C-491060_TSD	1.245	0.0203310804003252	-0.00226068778944614
RLG_AeriBYU132Cp_Ava_chr1C-503338_TSD	2.295	0.0191373536753965	-0.00140095392058744
RLG_AeriBYU132Cp_Ava_chr1C-507075_TSD	1.127	0.0204056979123188	-0.00228009852703338
RLG_AeriBYU132Cp_Ava_chr1C-508283_TSD	0.487	0.0207767432844346	-0.00240182001066681
RLG_AeriBYU132Cp_Ava_chr2C-074273_TSD	2.281	0.0201506862236255	-0.00145717774689652
RLG_AeriBYU132Cp_Ava_chr2C-082943_TSD	1.582	0.0196483545797842	-0.000514625534799805
RLG_AeriBYU132Cp_Ava_chr2C-095754_TSD	0.768	0.0206905378091857	-0.00165901885470123
RLG_AeriBYU132Cp_Ava_chr2C-107356_TSD	1.507	0.020459618231452	-0.0023318742170509
RLG_AeriBYU132Cp_Ava_chr2C-112618_TSD	1.164	0.0205118782778041	-0.00220003619843012
RLG_AeriBYU132Cp_Ava_chr2C-162286_TSD	2.374	0.0197170751142533	0.000267623807689424
RLG_AeriBYU132Cp_Ava_chr2C-167172_TSD	1.088	0.0207890131336919	-0.00263775881685494
RLG_AeriBYU132Cp_Ava_chr2C-175101_TSD	1.598	0.0196235212944166	0.00016319841872986
RLG_AeriBYU132Cp_Ava_chr2C-188657_TSD	1.413	0.0206439361689152	-0.00210517354151455
RLG_AeriBYU132Cp_Ava_chr2C-205728_TSD	1.878	0.01957726781259	-0.000449057255217065
RLG_AeriBYU132Cp_Ava_chr2C-206154_TSD	1.435	0.0207825972917811	-0.00251902324251582
RLG_AeriBYU132Cp_Ava_chr2C-244521_TSD	3.541	0.0184202324917749	0.000224630193653232
RLG_AeriBYU132Cp_Ava_chr2C-244619_TSD	1.85	0.0194345284076353	-0.000409519673258084
RLG_AeriBYU132Cp_Ava_chr2C-244887_TSD	1.737	0.0204094142759222	-0.00192395130569148
RLG_AeriBYU132Cp_Ava_chr2C-245589_TSD	2.624	0.0204910908804908	-0.00165557505731123
RLG_AeriBYU132Cp_Ava_chr2C-252852_TSD	2.218	0.0165065266280807	-0.0022658629953421
RLG_AeriBYU132Cp_Ava_chr2C-253498_TSD	2.468	0.0194274930943484	2.26390829620662e-06
RLG_AeriBYU132Cp_Ava_chr2C-254663_TSD	1.798	0.0191992290843237	-0.00104258440820858
RLG_AeriBYU132Cp_Ava_chr2C-265526_TSD	1.483	0.0195931271384394	-0.000813039393237484
RLG_AeriBYU132Cp_Ava_chr2C-267974_TSD	1.371	0.0205086777182677	-0.00176936721414656
RLG_AeriBYU132Cp_Ava_chr2C-268418_TSD	2.376	0.0200282819025319	-0.00254860363981395
RLG_AeriBYU132Cp_Ava_chr2C-268720_TSD	1.481	0.0195280361494947	-0.000618601575651099
RLG_AeriBYU132Cp_Ava_chr2C-268745_TSD	2.46	0.0205149110723687	-0.00213534653821242
RLG_AeriBYU132Cp_Ava_chr2C-269865_TSD	1.329	0.0195710266810349	-0.00128762496379001
RLG_AeriBYU132Cp_Ava_chr2C-270210_TSD	1.736	0.0205552089804189	-0.00257770403932265
RLG_AeriBYU132Cp_Ava_chr2C-270333_TSD	1.668	0.0201248716856383	-0.00191530552776886
RLG_AeriBYU132Cp_Ava_chr2C-270522_TSD	1.752	0.0195140621261634	-0.000916353660455498
RLG_AeriBYU132Cp_Ava_chr2C-270554_TSD	2.034	0.0202590746057986	-0.00175709804075184
RLG_AeriBYU132Cp_Ava_chr2C-270991_TSD	1.909	0.0201963512812022	-0.00121588816789071
RLG_AeriBYU132Cp_Ava_chr2C-271049_TSD	2.065	0.0208428556515741	-0.00198730696738558
RLG_AeriBYU132Cp_Ava_chr2C-271200_TSD	0.892	0.0200161071353367	-0.00045969789372855
RLG_AeriBYU132Cp_Ava_chr2C-271251_TSD	1.564	0.0205017877381881	-0.00286869174168192
RLG_AeriBYU132Cp_Ava_chr2C-271348_TSD	1.569	0.0194606526194782	-0.000438288467905101
RLG_AeriBYU132Cp_Ava_chr2C-271467_TSD	1.728	0.0206421905405104	-0.0023333650005551
RLG_AeriBYU132Cp_Ava_chr2C-271678_TSD	1.617	0.0207327782151478	-0.0019469475972238
RLG_AeriBYU132Cp_Ava_chr2C-272004_TSD	1.435	0.0202987736371546	-0.0026379643947082
RLG_AeriBYU132Cp_Ava_chr2C-272030_TSD	1.492	0.0204236547901344	-0.00203313413847257
RLG_AeriBYU132Cp_Ava_chr2C-272076_TSD	1.493	0.0206851841245877	-0.00204775291986956
RLG_AeriBYU132Cp_Ava_chr2C-272219_TSD	1.328	0.0200870968154889	-0.00264689982938621
RLG_AeriBYU132Cp_Ava_chr2C-272245_TSD	1.691	0.0204759060275688	-0.00202813581395833
RLG_AeriBYU132Cp_Ava_chr2C-272377_TSD	1.744	0.0208173263055637	-0.00197576768149723
RLG_AeriBYU132Cp_Ava_chr2C-272527_TSD	1.389	0.0203890333626979	-0.00239469204986423
RLG_AeriBYU132Cp_Ava_chr2C-272625_TSD	2.05	0.0201353729231544	-0.00180318196236878
RLG_AeriBYU132Cp_Ava_chr2C-273523_TSD	1.545	0.0202169561032831	-0.00196409709289602
RLG_AeriBYU132Cp_Ava_chr2C-273853_TSD	1.594	0.0203949075122591	-0.00224372950458019
RLG_AeriBYU132Cp_Ava_chr2C-274199_TSD	1.34	0.0204975196124299	-0.00250106674853822
RLG_AeriBYU132Cp_Ava_chr2C-274238_TSD	1.453	0.0198693894260093	-0.000198863216393746
RLG_AeriBYU132Cp_Ava_chr2C-274461_TSD	1.834	0.0194101429174624	-0.000470780830683656
RLG_AeriBYU132Cp_Ava_chr2C-274631_TSD	1.997	0.0199400288615065	-0.00127119583849307
RLG_AeriBYU132Cp_Ava_chr2C-275034_TSD	1.582	0.0202142631918453	-0.00208229501710418
RLG_AeriBYU132Cp_Ava_chr2C-275089_TSD	2.005	0.0192580775100849	4.82453171461873e-05
RLG_AeriBYU132Cp_Ava_chr2C-275161_TSD	2.397	0.0198292311129112	-0.00109000001530086
RLG_AeriBYU132Cp_Ava_chr2C-275235_TSD	0.147	0.0203710341419699	-0.00252939328729531
RLG_AeriBYU132Cp_Ava_chr2C-275243_TSD	0.073	0.0203751288232065	-0.00244363512843139
RLG_AeriBYU132Cp_Ava_chr2C-275397_TSD	3.051	0.0196024093102468	-0.000618824986018635
RLG_AeriBYU132Cp_Ava_chr2C-275417_TSD	3.431	0.0186887451168038	-0.000142764588860789
RLG_AeriBYU132Cp_Ava_chr2C-275495_TSD	1.35	0.0203961805944009	-0.0019726393438742
RLG_AeriBYU132Cp_Ava_chr2C-275937_TSD	1.683	0.0184240218491152	-0.000690839883287078
RLG_AeriBYU132Cp_Ava_chr2C-275994_TSD	3.469	0.0206341776410207	-0.00194569612022749
RLG_AeriBYU132Cp_Ava_chr2C-276126_TSD	1.371	0.0197675125437474	-0.000295780595496447
RLG_AeriBYU132Cp_Ava_chr2C-276309_TSD	2.194	0.0196301358165125	-0.000849787483815501
RLG_AeriBYU132Cp_Ava_chr2C-276542_TSD	1.312	0.0196688312972594	-0.000168028722442388
RLG_AeriBYU132Cp_Ava_chr2C-276621_TSD	1.366	0.0202550853474761	-0.00210807687267781
RLG_AeriBYU132Cp_Ava_chr2C-276894_TSD	1.467	0.0206156320443245	-0.002357299510195
RLG_AeriBYU132Cp_Ava_chr2C-277256_TSD	1.695	0.0194697691209545	-0.000480692293047216
RLG_AeriBYU132Cp_Ava_chr2C-277269_TSD	1.619	0.0192438267566132	-0.000474465510319328
RLG_AeriBYU132Cp_Ava_chr2C-277300_TSD	1.761	0.0202083891079656	-0.00177336587460605
RLG_AeriBYU132Cp_Ava_chr2C-277386_TSD	1.407	0.0204579315519236	-0.00193640678237899
RLG_AeriBYU132Cp_Ava_chr2C-277487_TSD	2.284	0.0200602077227669	-0.00248664960095858
RLG_AeriBYU132Cp_Ava_chr2C-277702_TSD	2.371	0.0194770418393179	-0.000645071046957688
RLG_AeriBYU132Cp_Ava_chr2C-277890_TSD	2.938	0.0191972906478225	-0.00039351001433023
RLG_AeriBYU132Cp_Ava_chr2C-278002_TSD	2.521	0.0161199849162079	-0.00267366270922538
RLG_AeriBYU132Cp_Ava_chr2C-278327_TSD	2.967	0.0191782391526943	-0.000226764310791369
RLG_AeriBYU132Cp_Ava_chr2C-280691_TSD	2.566	0.0194853447591933	-0.000322678926536021
RLG_AeriBYU132Cp_Ava_chr2C-282976_TSD	2.553	0.0189422594402242	0.000456051369287244
RLG_AeriBYU132Cp_Ava_chr2C-286142_TSD	1.76	0.0204155320941658	-0.00182815629742082
RLG_AeriBYU132Cp_Ava_chr2C-291937_TSD	3.113	0.0182799799946662	0.000703037611369665
RLG_AeriBYU132Cp_Ava_chr2C-295296_TSD	3.919	0.0186948452988339	-0.000811244083935914
RLG_AeriBYU132Cp_Ava_chr2C-295411_TSD	2.589	0.0187736718935131	-0.000598958064197899
RLG_AeriBYU132Cp_Ava_chr2C-295452_TSD	2.914	0.018328337998841	-0.000133213677833319
RLG_AeriBYU132Cp_Ava_chr2C-295540_TSD	4.082	0.018281197462929	0.000106894975669451
RLG_AeriBYU132Cp_Ava_chr2C-295873_TSD	3.197	0.016261698524888	-0.00219314607498749
RLG_AeriBYU132Cp_Ava_chr2C-296378_TSD	3.568	0.0180927371747838	0.00146441569536351
RLG_AeriBYU132Cp_Ava_chr2C-315561_TSD	1.388	0.0204881581399104	-0.00218645067012216
RLG_AeriBYU132Cp_Ava_chr2C-322419_TSD	2.385	0.0173627624525017	0.00109380063766196
RLG_AeriBYU132Cp_Ava_chr2C-322654_TSD	1.344	0.0205830243405298	-0.00224606894746547
RLG_AeriBYU132Cp_Ava_chr2C-323137_TSD	4.258	0.0172192752756371	0.000641755469452109
RLG_AeriBYU132Cp_Ava_chr2C-333361_TSD	2.916	0.0189424694146644	-0.00133691877155534
RLG_AeriBYU132Cp_Ava_chr2C-335898_TSD	1.913	0.0194696904781003	-0.00126858124026003
RLG_AeriBYU132Cp_Ava_chr2C-338045_TSD	1.633	0.0199391435804363	-0.000503280177451205
RLG_AeriBYU132Cp_Ava_chr2C-386231_TSD	1.435	0.0204928475958721	-0.00203312809327438
RLG_AeriBYU132Cp_Ava_chr2C-403890_TSD	1.708	0.0158471757063218	-0.00321140375018767
RLG_AeriBYU132Cp_Ava_chr2C-408936_TSD	2.416	0.0195010298419654	-0.000570313349821349
RLG_AeriBYU132Cp_Ava_chr2C-435299_TSD	1.486	0.0192446401243554	-0.00101942792704317
RLG_AeriBYU132Cp_Ava_chr2C-454103_TSD	1.331	0.0206015525458717	-0.00242013770490536
RLG_AeriBYU132Cp_Ava_chr2C-462968_TSD	1.881	0.0189597138544832	-0.000364897205250904
RLG_AeriBYU132Cp_Ava_chr2C-464699_TSD	1.372	0.0208228624657387	-0.00243999165238714
RLG_AeriBYU132Cp_Ava_chr2C-465790_TSD	1.509	0.0205989331261156	-0.00225786460249284
RLG_AeriBYU132Cp_Ava_chr3C-016339_TSD	1.5	0.0202591781479202	-0.00148461985214075
RLG_AeriBYU132Cp_Ava_chr3C-017695_TSD	1.47	0.0195663741047849	-0.00112585581781277
RLG_AeriBYU132Cp_Ava_chr3C-020609_TSD	1.365	0.0202983050362194	-0.00165092135583761
RLG_AeriBYU132Cp_Ava_chr3C-023129_TSD	1.132	0.0195294706374503	-0.000319216135657734
RLG_AeriBYU132Cp_Ava_chr3C-035770_TSD	2.161	0.0207686767181243	-0.00255423782289765
RLG_AeriBYU132Cp_Ava_chr3C-042181_TSD	2.642	0.0190781559152548	-0.000418996603207423
RLG_AeriBYU132Cp_Ava_chr3C-050457_TSD	1.38	0.0206384950350773	-0.00182015069237291
RLG_AeriBYU132Cp_Ava_chr3C-078543_TSD	1.517	0.0200535904205079	-0.000565349091842995
RLG_AeriBYU132Cp_Ava_chr3C-080171_TSD	2.266	0.0164141134755038	-0.00188829241646146
RLG_AeriBYU132Cp_Ava_chr3C-096387_TSD	1.749	0.020441896904839	-0.00166509230980579
RLG_AeriBYU132Cp_Ava_chr3C-120240_TSD	1.865	0.0208133762605974	-0.00193294455347431
RLG_AeriBYU132Cp_Ava_chr3C-122173_TSD	1.242	0.0204745927896396	-0.0017859036973852
RLG_AeriBYU132Cp_Ava_chr3C-125532_TSD	1.272	0.0197703169101965	-0.000670649309527831
RLG_AeriBYU132Cp_Ava_chr3C-127238_TSD	0.877	0.020906232720042	-0.00209821844740035
RLG_AeriBYU132Cp_Ava_chr3C-132250_TSD	1.206	0.0196360898792854	-0.000403129813805084
RLG_AeriBYU132Cp_Ava_chr3C-138531_TSD	1.584	0.0202606352425463	-0.00206384298481759
RLG_AeriBYU132Cp_Ava_chr3C-143782_TSD	1.132	0.0202600807709768	-0.00145435934315482
RLG_AeriBYU132Cp_Ava_chr3C-148479_TSD	1.878	0.0195633993227796	-0.000708836850428936
RLG_AeriBYU132Cp_Ava_chr3C-203433_TSD	1.306	0.0208192513393159	-0.00220042011147157
RLG_AeriBYU132Cp_Ava_chr3C-207388_TSD	1.346	0.0195861414562753	-0.000750477807517909
RLG_AeriBYU132Cp_Ava_chr3C-209643_TSD	1.769	0.019748353358875	-0.000383779146530423
RLG_AeriBYU132Cp_Ava_chr3C-212823_TSD	1.542	0.0197923661728495	-0.000417561033774273
RLG_AeriBYU132Cp_Ava_chr3C-214603_TSD	3.117	0.0188228723455946	0.000841637600596013
RLG_AeriBYU132Cp_Ava_chr3C-225626_TSD	2.79	0.019451685107351	-0.000596478517894286
RLG_AeriBYU132Cp_Ava_chr3C-246687_TSD	1.604	0.0193889065393958	-0.000331639246021085
RLG_AeriBYU132Cp_Ava_chr3C-250066_TSD	2.12	0.0201315224950909	-0.000457241248573457
RLG_AeriBYU132Cp_Ava_chr3C-303264_TSD	2.119	0.0205684146709313	-0.00218680057533404
RLG_AeriBYU132Cp_Ava_chr3C-307927_TSD	2.222	0.0192768527716433	-0.000123028192428629
RLG_AeriBYU132Cp_Ava_chr3C-342849_TSD	1.479	0.0196961416576771	-0.000608840453790507
RLG_AeriBYU132Cp_Ava_chr3C-371941_TSD	2.954	0.019255264702373	-0.000454642780434174
RLG_AeriBYU132Cp_Ava_chr3C-372235_TSD	1.588	0.0201525441800798	-0.00146816296156872
RLG_AeriBYU132Cp_Ava_chr3C-372321_TSD	1.118	0.020109444068423	-0.0026931497849451
RLG_AeriBYU132Cp_Ava_chr3C-372460_TSD	2.374	0.0202545981300989	-0.00184969081248684
RLG_AeriBYU132Cp_Ava_chr3C-372480_TSD	2.085	0.0200370446606796	-0.00113358179827821
RLG_AeriBYU132Cp_Ava_chr3C-372573_TSD	1.743	0.020054254515009	-0.00277264897433649
RLG_AeriBYU132Cp_Ava_chr3C-372853_TSD	1.184	0.0198758818968934	-0.0019823863947201
RLG_AeriBYU132Cp_Ava_chr3C-373131_TSD	2.653	0.0184252575053167	-0.000135347145591651
RLG_AeriBYU132Cp_Ava_chr3C-373420_TSD	2.426	0.0194632925648151	-0.000340953778963496
RLG_AeriBYU132Cp_Ava_chr3C-373786_TSD	0.839	0.0204920478253969	-0.00206562060267507
RLG_AeriBYU132Cp_Ava_chr3C-374028_TSD	0.919	0.0208403142783843	-0.00207657740234492
RLG_AeriBYU132Cp_Ava_chr3C-374466_TSD	2.342	0.0199328012378583	-0.00211124135938157
RLG_AeriBYU132Cp_Ava_chr3C-374537_TSD	1.72	0.0205075967281032	-0.00208635840668977
RLG_AeriBYU132Cp_Ava_chr3C-374960_TSD	1.452	0.0205884536679245	-0.00172185434563664
RLG_AeriBYU132Cp_Ava_chr3C-375020_TSD	1.555	0.0205817858054774	-0.0026736396843983
RLG_AeriBYU132Cp_Ava_chr3C-375537_TSD	1.405	0.0205767258356784	-0.00213933883696854
RLG_AeriBYU132Cp_Ava_chr3C-376074_TSD	1.496	0.0206044976891623	-0.00214121088193041
RLG_AeriBYU132Cp_Ava_chr3C-376507_TSD	1.399	0.0191160883683368	0.000221467629675925
RLG_AeriBYU132Cp_Ava_chr3C-376591_TSD	1.212	0.0203967584055237	-0.00214143318413317
RLG_AeriBYU132Cp_Ava_chr3C-376890_TSD	0.652	0.0203632622256819	-0.00219388681846216
RLG_AeriBYU132Cp_Ava_chr3C-377396_TSD	1.839	0.0203044969482694	-0.0022596270532652
RLG_AeriBYU132Cp_Ava_chr3C-378296_TSD	3.319	0.0168173786307525	0.000971094871110442
RLG_AeriBYU132Cp_Ava_chr3C-378336_TSD	1.44	0.0205985671824403	-0.00229871219062722
RLG_AeriBYU132Cp_Ava_chr3C-379330_TSD	1.523	0.0208005473486016	-0.00219893806472102
RLG_AeriBYU132Cp_Ava_chr3C-380889_TSD	0.989	0.0205582542638606	-0.00229703628390214
RLG_AeriBYU132Cp_Ava_chr3C-382066_TSD	3.542	0.0182613317504728	-0.00128818754809768
RLG_AeriBYU132Cp_Ava_chr3C-382243_TSD	1.283	0.0205605401876283	-0.00192720722865519
RLG_AeriBYU132Cp_Ava_chr3C-382819_TSD	1.841	0.0205394278600729	-0.0015905463074589
RLG_AeriBYU132Cp_Ava_chr3C-384120_TSD	3.825	0.018850247975181	-0.000745554219275154
RLG_AeriBYU132Cp_Ava_chr3C-384570_TSD	3.301	0.0176801879427164	0.000617443668441918
RLG_AeriBYU132Cp_Ava_chr3C-385137_TSD	1.342	0.0209268310864972	-0.00205930623826683
RLG_AeriBYU132Cp_Ava_chr3C-385660_TSD	1.672	0.0205332175726216	-0.0024660482844338
RLG_AeriBYU132Cp_Ava_chr3C-385767_TSD	2.205	0.0200583499129027	-0.00184201282131619
RLG_AeriBYU132Cp_Ava_chr3C-385904_TSD	4.305	0.017132723075133	0.000913199880281628
RLG_AeriBYU132Cp_Ava_chr3C-386462_TSD	2.027	0.0205567172712609	-0.00191601115733326
RLG_AeriBYU132Cp_Ava_chr3C-387107_TSD	1.943	0.0203665379307471	-0.002167614286977
RLG_AeriBYU132Cp_Ava_chr3C-387722_TSD	1.714	0.0208192860548445	-0.00181133592698889
RLG_AeriBYU132Cp_Ava_chr3C-392383_TSD	2.118	0.0192658529467288	-0.000830836950937967
RLG_AeriBYU132Cp_Ava_chr3C-392642_TSD	2.119	0.019791046585993	8.27181860456544e-05
RLG_AeriBYU132Cp_Ava_chr3C-393209_TSD	2.962	0.0197746264026776	-0.000362950667317963
RLG_AeriBYU132Cp_Ava_chr3C-393363_TSD	2.248	0.0188304909123842	0.000202085973345497
RLG_AeriBYU132Cp_Ava_chr3C-393389_TSD	1.965	0.0192681541222666	-0.000704647954182932
RLG_AeriBYU132Cp_Ava_chr3C-393826_TSD	3.121	0.0184729932211508	-0.000622201987950291
RLG_AeriBYU132Cp_Ava_chr3C-393952_TSD	2.3	0.0193685688348426	0.00020669461341581
RLG_AeriBYU132Cp_Ava_chr3C-394275_TSD	3.127	0.0185721161059419	-0.000390142659301323
RLG_AeriBYU132Cp_Ava_chr3C-394596_TSD	4.205	0.0186194322712741	0.000770657765435549
RLG_AeriBYU132Cp_Ava_chr3C-395066_TSD	2.764	0.0185798361584301	-0.000175162549658995
RLG_AeriBYU132Cp_Ava_chr3C-395296_TSD	2.316	0.0192947800172005	-0.00055561026166691
RLG_AeriBYU132Cp_Ava_chr3C-405211_TSD	3.89	0.0152918389040603	-0.00299659958068345
RLG_AeriBYU132Cp_Ava_chr3C-406957_TSD	2.764	0.0191321954759111	-0.00127424167363499
RLG_AeriBYU132Cp_Ava_chr3C-416988_TSD	1.964	0.0203420739050878	-0.00144987096403832
RLG_AeriBYU132Cp_Ava_chr3C-420654_TSD	1.254	0.0209367666093405	-0.00217075941034328
RLG_AeriBYU132Cp_Ava_chr3C-459611_TSD	2.936	0.0183982415079172	-0.0010185651641656
RLG_AeriBYU132Cp_Ava_chr3C-460815_TSD	3.32	0.0190285958558741	-4.96051311175636e-05
RLG_AeriBYU132Cp_Ava_chr3C-464328_TSD	1.544	0.0194147476432864	-0.000326659992611692
RLG_AeriBYU132Cp_Ava_chr3C-471231_TSD	3.387	0.0181325757900599	-0.00106251557191949
RLG_AeriBYU132Cp_Ava_chr3C-491470_TSD	1.494	0.0204941365217431	-0.00150138748337136
RLG_AeriBYU132Cp_Ava_chr3C-501697_TSD	1.949	0.0201695668696659	-0.00223079597375257
RLG_AeriBYU132Cp_Ava_chr3C-543106_TSD	1.752	0.0166418475156473	-0.00293917363094576
RLG_AeriBYU132Cp_Ava_chr3C-544866_TSD	1.499	0.0209395051636629	-0.00202754320864907
RLG_AeriBYU132Cp_Ava_chr4C-027587_TSD	2.161	0.0160580285405748	-0.002118233460308
RLG_AeriBYU132Cp_Ava_chr4C-057455_TSD	2.325	0.0195905505479279	-0.000393522495801431
RLG_AeriBYU132Cp_Ava_chr4C-078967_TSD	1.714	0.0193755059024843	-0.000635067030002078
RLG_AeriBYU132Cp_Ava_chr4C-104600_TSD	2.03	0.0202313365277849	-0.00169636210579207
RLG_AeriBYU132Cp_Ava_chr4C-189995_TSD	1.093	0.0201616897355205	-0.00227569709990997
RLG_AeriBYU132Cp_Ava_chr4C-203336_TSD	1.6	0.0206136180676694	-0.00232560701263568
RLG_AeriBYU132Cp_Ava_chr4C-225547_TSD	1.2	0.0206616360551095	-0.00247044063730623
RLG_AeriBYU132Cp_Ava_chr4C-306627_TSD	1.25	0.0196123125444322	-0.00107078028762799
RLG_AeriBYU132Cp_Ava_chr4C-307309_TSD	1.563	0.0195187386047196	-0.000923198931041704
RLG_AeriBYU132Cp_Ava_chr4C-321465_TSD	1.484	0.0197550169074832	-0.000105947461405407
RLG_AeriBYU132Cp_Ava_chr4C-322276_TSD	1.929	0.0197568146406931	-0.000997883443386963
RLG_AeriBYU132Cp_Ava_chr4C-346139_TSD	2.721	0.0195753069450613	-0.000405424815859055
RLG_AeriBYU132Cp_Ava_chr4C-346166_TSD	3.572	0.019045985403962	-0.00113888688860788
RLG_AeriBYU132Cp_Ava_chr4C-346255_TSD	2.782	0.0189132184261202	-0.000571601887963206
RLG_AeriBYU132Cp_Ava_chr4C-355757_TSD	2.956	0.0182409678714946	0.00071959959117339
RLG_AeriBYU132Cp_Ava_chr4C-375915_TSD	3.536	0.019625950319405	-0.00105337108721481
RLG_AeriBYU132Cp_Ava_chr4C-379183_TSD	2.249	0.0201502598824224	-0.0022587213042788
RLG_AeriBYU132Cp_Ava_chr4C-379907_TSD	3.252	0.0183584880728148	0.000431391347392723
RLG_AeriBYU132Cp_Ava_chr4C-380341_TSD	3.806	0.018942734370332	-0.00102327160869764
RLG_AeriBYU132Cp_Ava_chr4C-383433_TSD	2.558	0.0191831987811217	-0.000536509781735937
RLG_AeriBYU132Cp_Ava_chr4C-383491_TSD	1.394	0.0203784657817572	-0.00161423286221283
RLG_AeriBYU132Cp_Ava_chr4C-383502_TSD	3.08	0.0188432826137961	-0.000624198309646345
RLG_AeriBYU132Cp_Ava_chr4C-383546_TSD	2.287	0.0203755524335895	-0.00187537368661295
RLG_AeriBYU132Cp_Ava_chr4C-384031_TSD	3.105	0.0193213473977524	-0.000601490763022708
RLG_AeriBYU132Cp_Ava_chr4C-384469_TSD	2.63	0.0191650979879806	-0.000573490176579064
RLG_AeriBYU132Cp_Ava_chr4C-384539_TSD	2.193	0.0163330716341429	-0.00250916663008926
RLG_AeriBYU132Cp_Ava_chr4C-384991_TSD	1.383	0.0207273859020452	-0.00180930217182408
RLG_AeriBYU132Cp_Ava_chr4C-385449_TSD	1.496	0.0200383000016337	-0.00149072955389565
RLG_AeriBYU132Cp_Ava_chr4C-385478_TSD	1.337	0.0194196909485672	-0.000416701671637112
RLG_AeriBYU132Cp_Ava_chr4C-385524_TSD	2.133	0.0200642684358027	-0.00168893780574038
RLG_AeriBYU132Cp_Ava_chr4C-385899_TSD	1.673	0.0206460753788852	-0.00160177432176212
RLG_AeriBYU132Cp_Ava_chr4C-385992_TSD	1.556	0.0201850504552047	-0.00142115699670071
RLG_AeriBYU132Cp_Ava_chr4C-386067_TSD	1.351	0.0204648940393273	-0.00166565468408256
RLG_AeriBYU132Cp_Ava_chr4C-386154_TSD	1.585	0.0205880292380155	-0.00179808060257279
RLG_AeriBYU132Cp_Ava_chr4C-386549_TSD	1.159	0.0202286267710533	-0.00208639123038471
RLG_AeriBYU132Cp_Ava_chr4C-386586_TSD	1.502	0.0202965311843465	-0.00252754584633143
RLG_AeriBYU132Cp_Ava_chr4C-386650_TSD	1.551	0.0199885011951058	-0.00145363809981036
RLG_AeriBYU132Cp_Ava_chr4C-386688_TSD	1.96	0.020414104005221	-0.00158193532785953
RLG_AeriBYU132Cp_Ava_chr4C-386812_TSD	2.809	0.0188049345444818	8.51202970170941e-05
RLG_AeriBYU132Cp_Ava_chr4C-387181_TSD	2.642	0.0195540895081207	-0.00118357292731483
RLG_AeriBYU132Cp_Ava_chr4C-387278_TSD	1.833	0.0197727775531998	-0.00112985524405946
RLG_AeriBYU132Cp_Ava_chr4C-387961_TSD	1.551	0.0204229985802161	-0.00201130431857074
RLG_AeriBYU132Cp_Ava_chr4C-388236_TSD	1.173	0.0203288025996779	-0.00198349401794789
RLG_AeriBYU132Cp_Ava_chr4C-388298_TSD	1.413	0.0192569153714652	-0.000477773370679271
RLG_AeriBYU132Cp_Ava_chr4C-388413_TSD	1.743	0.0205816249480098	-0.00267308183627226
RLG_AeriBYU132Cp_Ava_chr4C-388987_TSD	1.559	0.0195877777383855	-0.00100917636474556
RLG_AeriBYU132Cp_Ava_chr4C-389506_TSD	1.271	0.0203084406213183	-0.00192093337676267
RLG_AeriBYU132Cp_Ava_chr4C-389635_TSD	0.998	0.0205435036461113	-0.00279741658097406
RLG_AeriBYU132Cp_Ava_chr4C-389661_TSD	1.819	0.0204615969568258	-0.0024710401465948
RLG_AeriBYU132Cp_Ava_chr4C-389794_TSD	1.176	0.0204663246623165	-0.00159643773748125
RLG_AeriBYU132Cp_Ava_chr4C-390483_TSD	2.386	0.0197224804891191	-0.000651424107807573
RLG_AeriBYU132Cp_Ava_chr4C-390589_TSD	1.648	0.0197239326074347	-0.00242288782620406
RLG_AeriBYU132Cp_Ava_chr4C-390612_TSD	1.783	0.019630227196834	-0.00104803130564172
RLG_AeriBYU132Cp_Ava_chr4C-390656_TSD	1.294	0.0203916544239376	-0.0014148025744517
RLG_AeriBYU132Cp_Ava_chr4C-390814_TSD	1.903	0.020242007422461	-0.0019690092708013
RLG_AeriBYU132Cp_Ava_chr4C-391026_TSD	1.888	0.0199582999276971	-0.00178574789585813
RLG_AeriBYU132Cp_Ava_chr4C-391969_TSD	1.764	0.020535769167731	-0.00155585541774204
RLG_AeriBYU132Cp_Ava_chr4C-392065_TSD	1.73	0.0202885623447547	-0.00164210628773123
RLG_AeriBYU132Cp_Ava_chr4C-392089_TSD	2.261	0.0194899690472783	-0.000666859509043915
RLG_AeriBYU132Cp_Ava_chr4C-392157_TSD	1.98	0.0160359314469975	-0.0029037868277649
RLG_AeriBYU132Cp_Ava_chr4C-392647_TSD	1.798	0.0201524717162692	-0.00150497808202718
RLG_AeriBYU132Cp_Ava_chr4C-392783_TSD	1.827	0.0185392269368392	7.31078130664994e-05
RLG_AeriBYU132Cp_Ava_chr4C-392954_TSD	2.524	0.0197751000379236	-0.000171824849520048
RLG_AeriBYU132Cp_Ava_chr4C-393153_TSD	1.991	0.0191439681266142	-0.000879002863461458
RLG_AeriBYU132Cp_Ava_chr4C-393252_TSD	1.248	0.0195526370834492	-4.75616099956312e-05
RLG_AeriBYU132Cp_Ava_chr4C-393315_TSD	1.776	0.0200463436796625	-0.00159945222657672
RLG_AeriBYU132Cp_Ava_chr4C-393690_TSD	2.182	0.0201132764299176	-0.00183420702781989
RLG_AeriBYU132Cp_Ava_chr4C-393845_TSD	2.614	0.0195022987474732	0.000297875366992066
RLG_AeriBYU132Cp_Ava_chr4C-393891_TSD	1.503	0.0196180464048461	-0.000347544404686354
RLG_AeriBYU132Cp_Ava_chr4C-394093_TSD	3.483	0.0188242163865946	-0.000520273088615161
RLG_AeriBYU132Cp_Ava_chr4C-394713_TSD	1.27	0.0195633692553767	-0.00083229468561667
RLG_AeriBYU132Cp_Ava_chr4C-395017_TSD	1.917	0.0184464463495092	-0.0012074054313591
RLG_AeriBYU132Cp_Ava_chr4C-395049_TSD	2.137	0.0200404670421492	-0.000605665359394536
RLG_AeriBYU132Cp_Ava_chr4C-395124_TSD	2.577	0.0196618635798921	-0.000626018146567343
RLG_AeriBYU132Cp_Ava_chr4C-395232_TSD	1.578	0.0198832454710806	-0.00124608023214102
RLG_AeriBYU132Cp_Ava_chr4C-395441_TSD	1.281	0.0199284883860505	-0.00109468412980056
RLG_AeriBYU132Cp_Ava_chr4C-395555_TSD	2.821	0.0160878791585726	-0.00293329863187802
RLG_AeriBYU132Cp_Ava_chr4C-395582_TSD	1.291	0.0206307983740478	-0.0021746714523723
RLG_AeriBYU132Cp_Ava_chr4C-395752_TSD	1.709	0.0202943177760542	-0.000951947833758288
RLG_AeriBYU132Cp_Ava_chr4C-396245_TSD	2.022	0.0165921044040296	-0.00193217113654075
RLG_AeriBYU132Cp_Ava_chr4C-401359_TSD	1.983	0.0201805922424715	-0.00182242247510954
RLG_AeriBYU132Cp_Ava_chr4C-403532_TSD	3.68	0.0192814156577865	-0.00104549423550071
RLG_AeriBYU132Cp_Ava_chr4C-410254_TSD	1.836	0.02059113330326	-0.00210711998232932
RLG_AeriBYU132Cp_Ava_chr4C-416422_TSD	2.705	0.0193907058890432	-0.00109021987206414
RLG_AeriBYU132Cp_Ava_chr4C-416814_TSD	3.764	0.0188643103871155	-0.000560431545730355
RLG_AeriBYU132Cp_Ava_chr4C-417494_TSD	0.968	0.0193248187603558	-0.00166291842420393
RLG_AeriBYU132Cp_Ava_chr4C-432954_TSD	1.685	0.0208178050242194	-0.00235795793127793
RLG_AeriBYU132Cp_Ava_chr4C-480069_TSD	1.419	0.0203154002632219	-0.00178976137312391
RLG_AeriBYU132Cp_Ava_chr4C-523564_TSD	1.729	0.0201876720388202	-0.00133563591773975
RLG_AeriBYU132Cp_Ava_chr4C-547753_TSD	1.316	0.0206757598699881	-0.0019188053012885
RLG_AeriBYU132Cp_Ava_chr4C-554246_TSD	2.115	0.0197736345948877	-0.00157708910769313
RLG_AeriBYU132Cp_Ava_chr4C-562033_TSD	2.094	0.0198418353129879	-0.000858347799319595
RLG_AeriBYU132Cp_Ava_chr4C-570905_TSD	1.687	0.0195326188356277	-0.000665115014287023
RLG_AeriBYU132Cp_Ava_chr4C-583371_TSD	1.521	0.0199847533156971	-0.000886728665191237
RLG_AeriBYU132Cp_Ava_chr5C-007304_TSD	1.186	0.0206918135129851	-0.00221650496051422
RLG_AeriBYU132Cp_Ava_chr5C-028515_TSD	1.76	0.0203335323083981	-0.00274948844949648
RLG_AeriBYU132Cp_Ava_chr5C-041078_TSD	3.559	0.014711559886186	-0.000752196191865212
RLG_AeriBYU132Cp_Ava_chr5C-067617_TSD	1.555	0.0196974079568875	-0.00067405237447289
RLG_AeriBYU132Cp_Ava_chr5C-075084_TSD	1.099	0.0208794218339976	-0.00264419171575785
RLG_AeriBYU132Cp_Ava_chr5C-128512_TSD	1.228	0.0206738317922388	-0.00200931298527885
RLG_AeriBYU132Cp_Ava_chr5C-141806_TSD	1.433	0.0205313979146325	-0.00198316812913088
RLG_AeriBYU132Cp_Ava_chr5C-208065_TSD	1.172	0.020837656385152	-0.0027005365162519
RLG_AeriBYU132Cp_Ava_chr5C-215646_TSD	1.403	0.0206145218319475	-0.00234392192915814
RLG_AeriBYU132Cp_Ava_chr5C-217387_TSD	1.175	0.0207253324758306	-0.00207365613372791
RLG_AeriBYU132Cp_Ava_chr5C-237686_TSD	1.784	0.0167704108657036	-0.00223677479381861
RLG_AeriBYU132Cp_Ava_chr5C-250061_TSD	1.09	0.0206180354107953	-0.00243878091389522
RLG_AeriBYU132Cp_Ava_chr5C-260810_TSD	1.772	0.0198358060687022	-0.0001777035202879
RLG_AeriBYU132Cp_Ava_chr5C-267403_TSD	2.011	0.0199434660712128	-0.000956416442429167
RLG_AeriBYU132Cp_Ava_chr5C-273267_TSD	1.315	0.0205828500409896	-0.00198249923322029
RLG_AeriBYU132Cp_Ava_chr5C-281172_TSD	2.661	0.0183983568595255	-0.000357953619877525
RLG_AeriBYU132Cp_Ava_chr5C-293190_TSD	2.178	0.0193433300148554	-0.000108420271089508
RLG_AeriBYU132Cp_Ava_chr5C-296404_TSD	2.498	0.0199049252931973	-0.00131130764805261
RLG_AeriBYU132Cp_Ava_chr5C-310626_TSD	2.848	0.0192977311757187	-8.9954844725235e-05
RLG_AeriBYU132Cp_Ava_chr5C-314111_TSD	1.72	0.01954914657225	-0.00113255401204843
RLG_AeriBYU132Cp_Ava_chr5C-326259_TSD	1.601	0.0207698845793121	-0.00152858539945809
RLG_AeriBYU132Cp_Ava_chr5C-334927_TSD	2.493	0.0192742865565243	0.000639306317094081
RLG_AeriBYU132Cp_Ava_chr5C-336359_TSD	3.07	0.0162596780896464	-0.00331078823985672
RLG_AeriBYU132Cp_Ava_chr5C-346849_TSD	1.588	0.0197891151842938	-0.000568241146345662
RLG_AeriBYU132Cp_Ava_chr5C-348599_TSD	2.654	0.0192801298570728	-4.83914212331757e-05
RLG_AeriBYU132Cp_Ava_chr5C-353528_TSD	3.862	0.018858605457617	-0.000462394733611823
RLG_AeriBYU132Cp_Ava_chr5C-354108_TSD	3.369	0.019650029711033	-0.00051009069891032
RLG_AeriBYU132Cp_Ava_chr5C-354860_TSD	2.953	0.0192593383713398	-0.000577475819515739
RLG_AeriBYU132Cp_Ava_chr5C-355195_TSD	1.826	0.0202166289867101	-0.00171103883013209
RLG_AeriBYU132Cp_Ava_chr5C-355340_TSD	1.097	0.020464937125619	-0.00154467696806076
RLG_AeriBYU132Cp_Ava_chr5C-355712_TSD	2.09	0.020486991618175	-0.00121015063402956
RLG_AeriBYU132Cp_Ava_chr5C-355923_TSD	1.885	0.0203697030914989	-0.00203704180471286
RLG_AeriBYU132Cp_Ava_chr5C-356545_TSD	2.637	0.0197027479471609	-0.000116743013923957
RLG_AeriBYU132Cp_Ava_chr5C-356658_TSD	1.797	0.0194857504980498	-0.000397665646944147
RLG_AeriBYU132Cp_Ava_chr5C-356695_TSD	2.694	0.0164795549309479	-0.00286375704757695
RLG_AeriBYU132Cp_Ava_chr5C-356822_TSD	2.483	0.0200785381503271	-0.00155714662860087
RLG_AeriBYU132Cp_Ava_chr5C-356857_TSD	2.093	0.0200732461569141	-0.00156361714949634
RLG_AeriBYU132Cp_Ava_chr5C-356870_TSD	3.42	0.0187536358379805	-0.000859640904814163
RLG_AeriBYU132Cp_Ava_chr5C-356908_TSD	1.986	0.0199964787640055	-0.00143016838124454
RLG_AeriBYU132Cp_Ava_chr5C-356932_TSD	2.688	0.0179949630484654	-0.000101796883008385
RLG_AeriBYU132Cp_Ava_chr5C-357220_TSD	0.502	0.0197513408172873	-0.00179762129857687
RLG_AeriBYU132Cp_Ava_chr5C-357242_TSD	1.575	0.0202446390714981	-0.00109803687384432
RLG_AeriBYU132Cp_Ava_chr5C-357264_TSD	1.62	0.0204988810169051	-0.00250615440836891
RLG_AeriBYU132Cp_Ava_chr5C-358014_TSD	1.162	0.0208199664682329	-0.00222164585032626
RLG_AeriBYU132Cp_Ava_chr5C-358320_TSD	1.375	0.0202199277091181	-0.00149471756637192
RLG_AeriBYU132Cp_Ava_chr5C-359152_TSD	1.922	0.0205413182768742	-0.00189254073967338
RLG_AeriBYU132Cp_Ava_chr5C-359284_TSD	1.723	0.0197452465695556	-0.00245129623864585
RLG_AeriBYU132Cp_Ava_chr5C-359543_TSD	2.25	0.0190839584248827	-0.0013919584978947
RLG_AeriBYU132Cp_Ava_chr5C-359559_TSD	2.152	0.0199810549549733	-0.000287679956191626
RLG_AeriBYU132Cp_Ava_chr5C-359676_TSD	2.319	0.0197271469419484	-0.000945907914450029
RLG_AeriBYU132Cp_Ava_chr5C-359711_TSD	1.824	0.01928767066093	-0.000687262414498456
RLG_AeriBYU132Cp_Ava_chr5C-360027_TSD	2.567	0.0193583426367265	-0.000144897912418017
RLG_AeriBYU132Cp_Ava_chr5C-360038_TSD	2.385	0.0194825742836895	-0.000791616735314689
RLG_AeriBYU132Cp_Ava_chr5C-360438_TSD	3.073	0.0194800824557018	-0.000658012075852573
RLG_AeriBYU132Cp_Ava_chr5C-360524_TSD	2.277	0.0186602058489518	-0.000975844482010869
RLG_AeriBYU132Cp_Ava_chr5C-360676_TSD	2.32	0.0195167718709449	-0.000851235727209645
RLG_AeriBYU132Cp_Ava_chr5C-360781_TSD	3.383	0.0189543405552726	-0.000921171234145436
RLG_AeriBYU132Cp_Ava_chr5C-360797_TSD	3.417	0.0184825432358311	0.000122391321075377
RLG_AeriBYU132Cp_Ava_chr5C-360875_TSD	2.82	0.0195133255479379	-6.84881760819856e-05
RLG_AeriBYU132Cp_Ava_chr5C-361194_TSD	1.99	0.0197766263212096	-0.000586310535942873
RLG_AeriBYU132Cp_Ava_chr5C-361444_TSD	3.617	0.0205447609764021	-0.00184889687633232
RLG_AeriBYU132Cp_Ava_chr5C-361561_TSD	2.144	0.0192874108990338	-0.000472851215382443
RLG_AeriBYU132Cp_Ava_chr5C-361578_TSD	2.372	0.0198501593329898	-0.00157397663198112
RLG_AeriBYU132Cp_Ava_chr5C-361840_TSD	1.792	0.0206729835422725	-0.00196131071196038
RLG_AeriBYU132Cp_Ava_chr5C-361957_TSD	1.439	0.0202493806747794	-0.00223183438565705
RLG_AeriBYU132Cp_Ava_chr5C-362284_TSD	1.651	0.0204010346478241	-0.00157470731997789
RLG_AeriBYU132Cp_Ava_chr5C-362951_TSD	1.647	0.0192408886587877	-0.000624912902442139
RLG_AeriBYU132Cp_Ava_chr5C-363198_TSD	1.293	0.0202195154894394	-0.0014577871424485
RLG_AeriBYU132Cp_Ava_chr5C-363584_TSD	1.5	0.0206639596008544	-0.0021242138185748
RLG_AeriBYU132Cp_Ava_chr5C-363627_TSD	0.863	0.0203610622311297	-0.00238327580358641
RLG_AeriBYU132Cp_Ava_chr5C-364000_TSD	1.956	0.0202354995624984	-0.00225868550649636
RLG_AeriBYU132Cp_Ava_chr5C-364151_TSD	1.366	0.0205288300424105	-0.00225854496093324
RLG_AeriBYU132Cp_Ava_chr5C-364665_TSD	3.052	0.0193464121649382	-0.000840565483596532
RLG_AeriBYU132Cp_Ava_chr5C-365049_TSD	1.291	0.020190314596871	-0.00163520701814434
RLG_AeriBYU132Cp_Ava_chr5C-365241_TSD	2.205	0.0200083956668402	-0.00229049299786721
RLG_AeriBYU132Cp_Ava_chr5C-365612_TSD	1.98	0.020287267882291	-0.00243135833016422
RLG_AeriBYU132Cp_Ava_chr5C-365641_TSD	1.53	0.0206007873739086	-0.00235207333822467
RLG_AeriBYU132Cp_Ava_chr5C-365878_TSD	2.627	0.0202020001678967	-0.00153636838833452
RLG_AeriBYU132Cp_Ava_chr5C-366570_TSD	3.479	0.0203027816638642	-0.00170834261487659
RLG_AeriBYU132Cp_Ava_chr5C-366916_TSD	1.83	0.0193184668479598	-0.000708962047185586
RLG_AeriBYU132Cp_Ava_chr5C-367086_TSD	1.986	0.0195345734088463	-0.00100983211879057
RLG_AeriBYU132Cp_Ava_chr5C-367157_TSD	1.955	0.0196636003387161	-2.52940717591695e-05
RLG_AeriBYU132Cp_Ava_chr5C-367308_TSD	1.957	0.0195887146035481	-0.000940947006428986
RLG_AeriBYU132Cp_Ava_chr5C-367576_TSD	1.711	0.0205962270825789	-0.00172199519170788
RLG_AeriBYU132Cp_Ava_chr5C-367742_TSD	1.995	0.0206087137151386	-0.00221056733487979
RLG_AeriBYU132Cp_Ava_chr5C-367769_TSD	1.655	0.0207041228763443	-0.00245276162506915
RLG_AeriBYU132Cp_Ava_chr5C-367956_TSD	1.319	0.0200429958754002	-0.00124691876674519
RLG_AeriBYU132Cp_Ava_chr5C-368030_TSD	1.297	0.0206028667166059	-0.0026371644864536
RLG_AeriBYU132Cp_Ava_chr5C-368160_TSD	2.265	0.0205744234789415	-0.00265338220361037
RLG_AeriBYU132Cp_Ava_chr5C-368244_TSD	3.083	0.0181666710133859	0.00044816754593043
RLG_AeriBYU132Cp_Ava_chr5C-368760_TSD	3.269	0.0206874648337923	-0.00193255199230067
RLG_AeriBYU132Cp_Ava_chr5C-368822_TSD	2.066	0.0205665906964387	-0.00209364311224722
RLG_AeriBYU132Cp_Ava_chr5C-368939_TSD	1.979	0.0206938863728555	-0.00194794372502663
RLG_AeriBYU132Cp_Ava_chr5C-368958_TSD	3.519	0.018196667406052	-0.0009241010088981
RLG_AeriBYU132Cp_Ava_chr5C-369077_TSD	1.795	0.0201965947018093	-0.00204933814515449
RLG_AeriBYU132Cp_Ava_chr5C-369347_TSD	2.346	0.0193424705353112	-3.02643379395633e-05
RLG_AeriBYU132Cp_Ava_chr5C-369465_TSD	2.081	0.0204713489194097	-0.00191710423067881
RLG_AeriBYU132Cp_Ava_chr5C-369637_TSD	2.472	0.0197665061028597	-0.00113984092015925
RLG_AeriBYU132Cp_Ava_chr5C-372628_TSD	1.564	0.0205504577424877	-0.00233159014193802
RLG_AeriBYU132Cp_Ava_chr5C-401982_TSD	3.831	0.0190382689147998	-0.000471492108637744
RLG_AeriBYU132Cp_Ava_chr5C-402149_TSD	2.819	0.0193902002435801	-0.000849925166778643
RLG_AeriBYU132Cp_Ava_chr5C-420579_TSD	1.804	0.0196417009515999	-0.00105243492544582
RLG_AeriBYU132Cp_Ava_chr5C-452704_TSD	1.439	0.0209069215799934	-0.0025568973650359
RLG_AeriBYU132Cp_Ava_chr6C-002098_TSD	1.549	0.0190983805591514	-0.00119466186577259
RLG_AeriBYU132Cp_Ava_chr6C-011701_TSD	2.087	0.0197186318482649	-0.000890546323449419
RLG_AeriBYU132Cp_Ava_chr6C-021379_TSD	0.757	0.0195281923926227	-0.000603143359418793
RLG_AeriBYU132Cp_Ava_chr6C-028133_TSD	3.506	0.0162601498067046	0.000512698905289092
RLG_AeriBYU132Cp_Ava_chr6C-041977_TSD	1.818	0.0206091562590689	-0.0027518593660778
RLG_AeriBYU132Cp_Ava_chr6C-042264_TSD	0.956	0.0206780898729068	-0.00260592595575873
RLG_AeriBYU132Cp_Ava_chr6C-054337_TSD	1.322	0.0206562907204851	-0.00224361068317442
RLG_AeriBYU132Cp_Ava_chr6C-069197_TSD	3.217	0.0164760208421866	-0.002209279182803
RLG_AeriBYU132Cp_Ava_chr6C-096173_TSD	1.643	0.0200806261923912	-0.000410395622752418
RLG_AeriBYU132Cp_Ava_chr6C-106279_TSD	1.919	0.0190901671795657	7.31720051475918e-05
RLG_AeriBYU132Cp_Ava_chr6C-110025_TSD	2.061	0.0203627725826712	-0.00213466999747825
RLG_AeriBYU132Cp_Ava_chr6C-121337_TSD	1.831	0.0207235252174799	-0.00261434534080304
RLG_AeriBYU132Cp_Ava_chr6C-134369_TSD	2.534	0.01953930466867	0.000170530598665328
RLG_AeriBYU132Cp_Ava_chr6C-135966_TSD	2.611	0.0187609026597156	-0.000478267529086536
RLG_AeriBYU132Cp_Ava_chr6C-163511_TSD	3.807	0.0166569663820614	0.000680820897387337
RLG_AeriBYU132Cp_Ava_chr6C-164282_TSD	2.969	0.0163629115124175	-0.00200571156671887
RLG_AeriBYU132Cp_Ava_chr6C-164728_TSD	1.999	0.0187631220806506	-0.00100043001250205
RLG_AeriBYU132Cp_Ava_chr6C-165574_TSD	2.13	0.0195188512117486	-0.0011400320805859
RLG_AeriBYU132Cp_Ava_chr6C-165596_TSD	2.508	0.0200209312865812	-0.00298867057387801
RLG_AeriBYU132Cp_Ava_chr6C-167004_TSD	1.518	0.0203868302605093	-0.00175762420803655
RLG_AeriBYU132Cp_Ava_chr6C-168486_TSD	1.346	0.0202505203959447	-0.00167124815606209
RLG_AeriBYU132Cp_Ava_chr6C-173333_TSD	3.869	0.0164997501070086	0.00151666338528497
RLG_AeriBYU132Cp_Ava_chr6C-173364_TSD	2.033	0.0198316705050504	-0.000479377243752952
RLG_AeriBYU132Cp_Ava_chr6C-173857_TSD	1.205	0.019607985916075	-0.000890114732527646
RLG_AeriBYU132Cp_Ava_chr6C-173956_TSD	2.069	0.0199427440301435	-0.0022255470172748
RLG_AeriBYU132Cp_Ava_chr6C-174066_TSD	1.487	0.0206977930534825	-0.00205117252514152
RLG_AeriBYU132Cp_Ava_chr6C-174231_TSD	1.182	0.0193216784694636	-0.000574386194960783
RLG_AeriBYU132Cp_Ava_chr6C-174315_TSD	1.198	0.020470561203941	-0.00195073303179171
RLG_AeriBYU132Cp_Ava_chr6C-174737_TSD	2.646	0.0193597640395519	-0.000555459896610867
RLG_AeriBYU132Cp_Ava_chr6C-174822_TSD	1.303	0.020744909960852	-0.00200150358348896
RLG_AeriBYU132Cp_Ava_chr6C-175021_TSD	1.722	0.0205274717823991	-0.00206865785767957
RLG_AeriBYU132Cp_Ava_chr6C-175891_TSD	1.915	0.019887748486568	-0.000747881705835323
RLG_AeriBYU132Cp_Ava_chr6C-176405_TSD	2.988	0.0193155209672768	-0.000146134597020132
RLG_AeriBYU132Cp_Ava_chr6C-176414_TSD	0.526	0.0206068342382902	-0.00184590540776591
RLG_AeriBYU132Cp_Ava_chr6C-176422_TSD	1.21	0.020590439177328	-0.0018976675761906
RLG_AeriBYU132Cp_Ava_chr6C-176911_TSD	1.986	0.0185425467448325	-0.00192138077584493
RLG_AeriBYU132Cp_Ava_chr6C-176927_TSD	1.472	0.0206544434337538	-0.00208268843011668
RLG_AeriBYU132Cp_Ava_chr6C-177081_TSD	1.743	0.0196191519327342	-0.0017782288313635
RLG_AeriBYU132Cp_Ava_chr6C-177345_TSD	1.957	0.0205256895945577	-0.00171195228618751
RLG_AeriBYU132Cp_Ava_chr6C-178069_TSD	2.035	0.0205835646143621	-0.00189756321645482
RLG_AeriBYU132Cp_Ava_chr6C-178712_TSD	3.749	0.0204191634149819	-0.00139627973784923
RLG_AeriBYU132Cp_Ava_chr6C-178778_TSD	1.695	0.0208910332495382	-0.00224068109486677
RLG_AeriBYU132Cp_Ava_chr6C-178876_TSD	1.383	0.0203831118583627	-0.00196381661199158
RLG_AeriBYU132Cp_Ava_chr6C-178983_TSD	2.107	0.0196115313404831	-0.000930191037516958
RLG_AeriBYU132Cp_Ava_chr6C-179008_TSD	2.655	0.0163374387120058	-0.00215629852777924
RLG_AeriBYU132Cp_Ava_chr6C-179020_TSD	2.225	0.0193843818384009	-0.000726825106109823
RLG_AeriBYU132Cp_Ava_chr6C-179271_TSD	2.45	0.0151318838236089	-0.00203597966428117
RLG_AeriBYU132Cp_Ava_chr6C-179336_TSD	2.303	0.0201753459815973	-0.00187968080233482
RLG_AeriBYU132Cp_Ava_chr6C-180904_TSD	2.247	0.019747608312812	-0.000251128376873991
RLG_AeriBYU132Cp_Ava_chr6C-181419_TSD	3.101	0.019190322740298	-0.000920850877453955
RLG_AeriBYU132Cp_Ava_chr6C-181498_TSD	2.122	0.0194380685104298	-0.00126131758389923
RLG_AeriBYU132Cp_Ava_chr6C-181551_TSD	2.535	0.019789762548569	-0.000633272645486396
RLG_AeriBYU132Cp_Ava_chr6C-181652_TSD	2.025	0.0192914677131299	-0.000336986991556724
RLG_AeriBYU132Cp_Ava_chr6C-181686_TSD	2.196	0.0189442005248193	-0.000294131878238776
RLG_AeriBYU132Cp_Ava_chr6C-181789_TSD	2.818	0.0190641826267296	-0.000805128658011546
RLG_AeriBYU132Cp_Ava_chr6C-182123_TSD	2.338	0.0197532362715233	-0.000554676598340546
RLG_AeriBYU132Cp_Ava_chr6C-184176_TSD	3.456	0.0188886877332966	-0.000392310522624957
RLG_AeriBYU132Cp_Ava_chr6C-186461_TSD	3.345	0.019461589677018	-0.00057201833480886
RLG_AeriBYU132Cp_Ava_chr6C-186471_TSD	2.97	0.0191110143959814	-0.000992610688571815
RLG_AeriBYU132Cp_Ava_chr6C-186764_TSD	3.43	0.0158771307919908	-0.00232293532786307
RLG_AeriBYU132Cp_Ava_chr6C-187999_TSD	3.671	0.0184348650031354	-0.000597984071525279
RLG_AeriBYU132Cp_Ava_chr6C-196000_TSD	0.616	0.0166761193965066	-4.2905478525993e-05
RLG_AeriBYU132Cp_Ava_chr6C-205244_TSD	1.07	0.0157955161467885	-0.00267854132898685
RLG_AeriBYU132Cp_Ava_chr6C-206826_TSD	3.46	0.0185622773740882	0.000608443741938951
RLG_AeriBYU132Cp_Ava_chr6C-216772_TSD	1.629	0.0204805965122231	-0.00181011809851265
RLG_AeriBYU132Cp_Ava_chr6C-231241_TSD	2.164	0.0191814494670247	0.000166383359581551
RLG_AeriBYU132Cp_Ava_chr6C-231951_TSD	2.225	0.0165200930000346	-0.00307387268973047
RLG_AeriBYU132Cp_Ava_chr6C-242851_TSD	2.502	0.01930866290687	-0.00030298841998834
RLG_AeriBYU132Cp_Ava_chr6C-249326_TSD	1.282	0.0207802073988566	-0.00233864300537354
RLG_AeriBYU132Cp_Ava_chr6C-250283_TSD	2.053	0.0162692042705449	-0.00250055392580685
RLG_AeriBYU132Cp_Ava_chr6C-301526_TSD	2.041	0.0195466114892247	-0.000885354544488306
RLG_AeriBYU132Cp_Ava_chr6C-331190_TSD	2.828	0.0195136737044676	-0.000550768714067854
RLG_AeriBYU132Cp_Ava_chr6C-345124_TSD	1.587	0.0205515187895188	-0.00207744669523735
RLG_AeriBYU132Cp_Ava_chr6C-353772_TSD	1.5	0.0204869236636987	-0.00101928773629945
RLG_AeriBYU132Cp_Ava_chr6C-360815_TSD	1.349	0.0164476229908088	-0.00218085939466117
RLG_AeriBYU132Cp_Ava_chr6C-361119_TSD	1.865	0.0193641586384519	-0.000329942592586256
RLG_AeriBYU132Cp_Ava_chr6C-361864_TSD	2.57	0.0205565062986888	-0.00133570980915618
RLG_AeriBYU132Cp_Ava_chr6C-385905_TSD	1.672	0.0198678132675432	-0.000708429630703276
RLG_AeriBYU132Cp_Ava_chr6C-406402_TSD	1.035	0.020642811874424	-0.00214106859815775
RLG_AeriBYU132Cp_Ava_chr6C-421569_TSD	1.582	0.0202525031147203	-0.00196711089888582
RLG_AeriBYU132Cp_Ava_chr6C-474938_TSD	1.759	0.0193885428879231	-0.00110839124020462
RLG_AeriBYU132Cp_Ava_chr6C-486867_TSD	1.054	0.0195657567896919	-0.00090737926355394
RLG_AeriBYU132Cp_Ava_chr6C-492809_TSD	1.378	0.0208510524587201	-0.00241584356539952
RLG_AeriBYU132Cp_Ava_chr7C-024605_TSD	2.291	0.0204064632079065	-0.00167835241908291
RLG_AeriBYU132Cp_Ava_chr7C-047904_TSD	1.971	0.0206303692326088	-0.00169359190657025
RLG_AeriBYU132Cp_Ava_chr7C-051235_TSD	1.673	0.0208143568780806	-0.00235201941520777
RLG_AeriBYU132Cp_Ava_chr7C-052591_TSD	1.758	0.0168038641898476	-0.00234380846639691
RLG_AeriBYU132Cp_Ava_chr7C-053208_TSD	2.37	0.0204112366022479	-0.00245929123757196
RLG_AeriBYU132Cp_Ava_chr7C-053245_TSD	2.124	0.0200634143066186	-0.00127894506270502
RLG_AeriBYU132Cp_Ava_chr7C-053269_TSD	2.11	0.0208471784114299	-0.00189927859081147
RLG_AeriBYU132Cp_Ava_chr7C-053579_TSD	1.523	0.0206323825534573	-0.0014498095585168
RLG_AeriBYU132Cp_Ava_chr7C-054271_TSD	2.002	0.0199494710998432	-0.00178257424532039
RLG_AeriBYU132Cp_Ava_chr7C-054299_TSD	2.357	0.0202449079721831	-0.000966981180818898
RLG_AeriBYU132Cp_Ava_chr7C-054520_TSD	2.135	0.0203397360331839	-0.00195988318571441
RLG_AeriBYU132Cp_Ava_chr7C-054673_TSD	2.242	0.020748621384996	-0.00161414555826335
RLG_AeriBYU132Cp_Ava_chr7C-054689_TSD	2.834	0.0196562800251671	-0.000932240150127122
RLG_AeriBYU132Cp_Ava_chr7C-055224_TSD	2.095	0.0207105448527685	-0.0023216398993384
RLG_AeriBYU132Cp_Ava_chr7C-055407_TSD	1.906	0.0205025309145128	-0.00267018275122997
RLG_AeriBYU132Cp_Ava_chr7C-055656_TSD	1.382	0.0208503601677917	-0.00286152876320589
RLG_AeriBYU132Cp_Ava_chr7C-055926_TSD	1.93	0.0200817427793037	-0.000669924642541633
RLG_AeriBYU132Cp_Ava_chr7C-056122_TSD	2.224	0.0200698334374902	-0.00230653514936917
RLG_AeriBYU132Cp_Ava_chr7C-056145_TSD	1.805	0.0204715125116489	-0.00222915397056501
RLG_AeriBYU132Cp_Ava_chr7C-056166_TSD	1.886	0.0206252898382142	-0.00189106261462126
RLG_AeriBYU132Cp_Ava_chr7C-056265_TSD	2.203	0.0202400396049723	-0.00171278826917196
RLG_AeriBYU132Cp_Ava_chr7C-056465_TSD	2.228	0.0204735250305979	-0.00291770287109846
RLG_AeriBYU132Cp_Ava_chr7C-056560_TSD	3.337	0.0200580736628063	-0.00180684041142813
RLG_AeriBYU132Cp_Ava_chr7C-057023_TSD	2.287	0.0193529726561638	2.60655173220494e-05
RLG_AeriBYU132Cp_Ava_chr7C-057190_TSD	1.115	0.0192247295264331	-0.000454209015946915
RLG_AeriBYU132Cp_Ava_chr7C-057506_TSD	2.208	0.0198042804337526	-0.000805388072289767
RLG_AeriBYU132Cp_Ava_chr7C-058062_TSD	2.04	0.0197087075225918	-0.00146069088691795
RLG_AeriBYU132Cp_Ava_chr7C-058407_TSD	1.797	0.019763971057952	-0.000356220717073338
RLG_AeriBYU132Cp_Ava_chr7C-059503_TSD	1.916	0.0207066377310717	-0.00209672063019555
RLG_AeriBYU132Cp_Ava_chr7C-059744_TSD	2.262	0.0201808071788792	-0.00172394011518871
RLG_AeriBYU132Cp_Ava_chr7C-059887_TSD	1.482	0.0205719994998215	-0.00237556680152734
RLG_AeriBYU132Cp_Ava_chr7C-059966_TSD	1.921	0.0192177149463949	-0.00251154026501206
RLG_AeriBYU132Cp_Ava_chr7C-060168_TSD	2.234	0.0192973495094069	-0.000732378601827965
RLG_AeriBYU132Cp_Ava_chr7C-060220_TSD	1.956	0.0204801611642688	-0.00256022686578516
RLG_AeriBYU132Cp_Ava_chr7C-060483_TSD	2.278	0.0182820728997729	-0.00106416125550479
RLG_AeriBYU132Cp_Ava_chr7C-060965_TSD	1.548	0.0204004236684529	-0.00155160168259289
RLG_AeriBYU132Cp_Ava_chr7C-066085_TSD	2.366	0.0196929181971942	0.000117147295518591
RLG_AeriBYU132Cp_Ava_chr7C-066287_TSD	1.922	0.0195452850512706	-0.000428294898686599
RLG_AeriBYU132Cp_Ava_chr7C-066365_TSD	2.547	0.0162180354884273	-0.0026300794770176
RLG_AeriBYU132Cp_Ava_chr7C-066442_TSD	3.269	0.0194626405369591	-1.24790219841993e-05
RLG_AeriBYU132Cp_Ava_chr7C-066784_TSD	1.361	0.0202864287803571	-0.00244872453316329
RLG_AeriBYU132Cp_Ava_chr7C-066918_TSD	2.271	0.0198055909615234	-0.000970283069684882
RLG_AeriBYU132Cp_Ava_chr7C-067118_TSD	2.279	0.016514447434814	-0.00315406419306929
RLG_AeriBYU132Cp_Ava_chr7C-067249_TSD	2.172	0.0193659641212284	-0.000368308107174775
RLG_AeriBYU132Cp_Ava_chr7C-067266_TSD	2.341	0.0196114048541651	6.40148870294183e-05
RLG_AeriBYU132Cp_Ava_chr7C-067294_TSD	2.272	0.0197121151003499	-0.000958978420262828
RLG_AeriBYU132Cp_Ava_chr7C-067356_TSD	2.275	0.0163920693736001	-0.0020938558757294
RLG_AeriBYU132Cp_Ava_chr7C-067465_TSD	2.323	0.0193717189303703	-0.000774225937039265
RLG_AeriBYU132Cp_Ava_chr7C-067504_TSD	2.17	0.0187987806762139	-0.000213231763019217
RLG_AeriBYU132Cp_Ava_chr7C-067549_TSD	0.701	0.0204996596269404	-0.0020417934817927
RLG_AeriBYU132Cp_Ava_chr7C-067889_TSD	2.775	0.0197280006893267	-0.000741857002449418
RLG_AeriBYU132Cp_Ava_chr7C-068037_TSD	2.618	0.0194460970468973	-0.000557091773366512
RLG_AeriBYU132Cp_Ava_chr7C-068074_TSD	3.232	0.0188389682231052	-0.000248152781368703
RLG_AeriBYU132Cp_Ava_chr7C-068465_TSD	2.317	0.015754250742238	-0.00277363211384856
RLG_AeriBYU132Cp_Ava_chr7C-068480_TSD	3.761	0.0196616750290911	-0.000423760339910887
RLG_AeriBYU132Cp_Ava_chr7C-068828_TSD	2.605	0.0195369748291828	-0.000725617683768158
RLG_AeriBYU132Cp_Ava_chr7C-068866_TSD	1.607	0.0198002670600423	-4.55046527476459e-05
RLG_AeriBYU132Cp_Ava_chr7C-068923_TSD	2.563	0.0197222577646527	-0.000590219614974629
RLG_AeriBYU132Cp_Ava_chr7C-069154_TSD	2.608	0.0196327342876135	-0.000487995559014513
RLG_AeriBYU132Cp_Ava_chr7C-069275_TSD	1.837	0.0198071654772664	-0.00092779338681
RLG_AeriBYU132Cp_Ava_chr7C-069332_TSD	1.705	0.0193858198055876	-0.000316569485811777
RLG_AeriBYU132Cp_Ava_chr7C-069340_TSD	3.923	0.0192657970127343	8.96717600459088e-05
RLG_AeriBYU132Cp_Ava_chr7C-069625_TSD	1.686	0.020574461589091	-0.00160440104212424
RLG_AeriBYU132Cp_Ava_chr7C-069648_TSD	1.805	0.0200680163389696	-0.000327671339925946
RLG_AeriBYU132Cp_Ava_chr7C-069679_TSD	1.633	0.0203026147814863	-0.00243889092862949
RLG_AeriBYU132Cp_Ava_chr7C-070252_TSD	2.417	0.0196547661726573	-0.000669570947766941
RLG_AeriBYU132Cp_Ava_chr7C-070266_TSD	1.239	0.0203008625944209	-0.00277227917810658
RLG_AeriBYU132Cp_Ava_chr7C-070370_TSD	0.756	0.0202930404067087	-0.0024428617813145
RLG_AeriBYU132Cp_Ava_chr7C-070493_TSD	1.663	0.0203358682792087	-0.0019267595812585
RLG_AeriBYU132Cp_Ava_chr7C-070545_TSD	1.607	0.020661725434492	-0.00224376886962637
RLG_AeriBYU132Cp_Ava_chr7C-070585_TSD	2.095	0.0188179276269712	-0.000707843395129074
RLG_AeriBYU132Cp_Ava_chr7C-070617_TSD	2.469	0.019514519925156	-0.00154021495341015
RLG_AeriBYU132Cp_Ava_chr7C-071100_TSD	1.797	0.0206042701154354	-0.00207939069215426
RLG_AeriBYU132Cp_Ava_chr7C-072196_TSD	1.408	0.0196403011558797	-0.000520688913806755
RLG_AeriBYU132Cp_Ava_chr7C-072870_TSD	2.399	0.0159004295373678	-0.00299762315674868
RLG_AeriBYU132Cp_Ava_chr7C-079251_TSD	2.452	0.0192674866447003	-0.000502803682003069
RLG_AeriBYU132Cp_Ava_chr7C-081255_TSD	2.211	0.0196969373249884	-0.00060521295270042
RLG_AeriBYU132Cp_Ava_chr7C-089400_TSD	2.351	0.0204692538191257	-0.0010937256488336
RLG_AeriBYU132Cp_Ava_chr7C-110309_TSD	2.506	0.0195816455474098	-0.000874261246062255
RLG_AeriBYU132Cp_Ava_chr7C-124129_TSD	2.812	0.0192877101982462	-0.000168814438961257
RLG_AeriBYU132Cp_Ava_chr7C-131441_TSD	1.811	0.0160879197915094	-0.00322037535891832
RLG_AeriBYU132Cp_Ava_chr7C-140789_TSD	2.025	0.0190140567337851	-0.000554117068366282
RLG_AeriBYU132Cp_Ava_chr7C-150055_TSD	1.761	0.0205824903547297	-0.00205047650338486
RLG_AeriBYU132Cp_Ava_chr7C-232669_TSD	2.079	0.0194324506384765	-7.0972783779605e-05
RLG_AeriBYU132Cp_Ava_chr7C-233907_TSD	1.895	0.0190777842343501	-0.000262521585976685
RLG_AeriBYU132Cp_Ava_chr7C-238446_TSD	1.637	0.0204945809204406	-0.00214308899803608
RLG_AeriBYU132Cp_Ava_chr7C-252434_TSD	0.974	0.0204798979804678	-0.00223292793355886
RLG_AeriBYU132Cp_Ava_chr7C-258694_TSD	1.28	0.0206910947195511	-0.00215657539526591
RLG_AeriBYU132Cp_Ava_chr7C-276190_TSD	1.26	0.020688155344482	-0.00225966754992825
RLG_AeriBYU132Cp_Ava_chr7C-289767_TSD	1.773	0.0202991399496971	-0.00187075919402105
RLG_AeriBYU132Cp_Ava_chr7C-290772_TSD	3.074	0.0184543048081137	0.000725919995788962
RLG_AeriBYU132Cp_Ava_chr7C-297706_TSD	3.662	0.0146398950885364	0.00234880118731949
RLG_AeriBYU132Cp_Ava_chr7C-298684_TSD	1.44	0.018604058092394	-5.05542266724208e-05
RLG_AeriBYU132Cp_Ava_chr7C-299677_TSD	0.919	0.0207086153492739	-0.00164757979860259
RLG_AeriBYU132Cp_Ava_chr7C-322904_TSD	1.277	0.0205443973946673	-0.00248230206019312
RLG_AeriBYU132Cp_Ava_chr7C-338266_TSD	1.822	0.0205485762904104	-0.00204813625085829
RLG_AeriBYU132Cp_Ava_chr7C-345178_TSD	0.628	0.0203942811082473	-0.00120478140440725
RLG_AeriBYU132Cp_Ava_chr7C-345774_TSD	1.663	0.0200363680872989	-0.000948529695242908
RLG_AeriBYU132Cp_Ava_chr7C-351060_TSD	1.938	0.0196936315335107	-0.000758670492883449
RLG_AeriBYU132Cp_Ava_chr7C-362308_TSD	1.231	0.0205062279994106	-0.00219357287311124
RLG_AeriBYU132Cp_Ava_chr7C-369834_TSD	1.115	0.0204500072341219	-0.00162901859134269
RLG_AeriBYU132Cp_Ava_chr7C-372372_TSD	0.415	0.019697517239256	-0.000717019075593138
RLG_AeriBYU132Cp_Ava_chr7C-422949_TSD	1.748	0.0204401743619215	-0.00288047837019222
RLG_AeriBYU132Cp_Ava_chr7C-430284_TSD	1.769	0.0197300209438535	-0.000604430028525765
RLG_AeriBYU132Cp_Ava_chr7C-443797_TSD	2.175	0.0186623496443204	0.000241814286738204
RLG_AinsBYU209_Ava_chr1C-150827_TSD	3.545	0.018967266989387	0.000658554369974261
RLG_AinsBYU209_Ava_chr1C-172635_TSD	3.087	0.0185456675733233	0.00017500629275516
RLG_AinsBYU209_Ava_chr1C-173077_TSD	2.502	0.0194309998541092	-0.000279144295409136
RLG_AinsBYU209_Ava_chr1C-173236_TSD	3.48	0.0181606093441917	-6.3047715596903e-05
RLG_AinsBYU209_Ava_chr1C-174053_TSD	2.571	0.0189295915363622	-8.86193764254916e-05
RLG_AinsBYU209_Ava_chr1C-174571_TSD	2.084	0.0190214946491351	0.000274584205567771
RLG_AinsBYU209_Ava_chr1C-176789_TSD	1.957	0.019605475252033	4.85444216841452e-05
RLG_AinsBYU209_Ava_chr1C-176960_TSD	1.714	0.0199319154135298	-0.000109509139382384
RLG_AinsBYU209_Ava_chr1C-177446_TSD	2.421	0.0195787785162026	-0.000248242924059565
RLG_AinsBYU209_Ava_chr1C-177482_TSD	1.74	0.0198566007459747	-0.000385165859164194
RLG_AinsBYU209_Ava_chr1C-177652_TSD	1.656	0.0165760826265134	-0.00217751845345875
RLG_AinsBYU209_Ava_chr1C-177778_TSD	1.742	0.0199845291683659	8.53377638688976e-05
RLG_AinsBYU209_Ava_chr1C-179554_TSD	2.311	0.0158951766093173	-0.00292062005654756
RLG_AinsBYU209_Ava_chr1C-179982_TSD	2.854	0.0160664582193255	-0.00363738011459654
RLG_AinsBYU209_Ava_chr1C-180061_TSD	2.333	0.018787380047726	-0.000844705488499636
RLG_AinsBYU209_Ava_chr1C-180163_TSD	2.608	0.0197080652093026	-0.000640901035690763
RLG_AinsBYU209_Ava_chr1C-180574_TSD	2.159	0.0202190041191619	-0.00228402866389821
RLG_AinsBYU209_Ava_chr1C-180619_TSD	2.632	0.0188100034026294	-0.000957773329403596
RLG_AinsBYU209_Ava_chr1C-180799_TSD	2.701	0.0194555600998235	0.000226433904198848
RLG_AinsBYU209_Ava_chr1C-180919_TSD	2.535	0.0165704564867309	-0.00244317069860147
RLG_AinsBYU209_Ava_chr1C-181140_TSD	3.406	0.0167869932597289	0.00124720590187234
RLG_AinsBYU209_Ava_chr1C-181379_TSD	1.999	0.0194053891824925	-0.000568379079527107
RLG_AinsBYU209_Ava_chr1C-181679_TSD	1.952	0.0193611412151095	-0.000413256240232098
RLG_AinsBYU209_Ava_chr1C-182096_TSD	2.379	0.0195365026687357	-0.000427426393252602
RLG_AinsBYU209_Ava_chr1C-182692_TSD	2.304	0.019502997607627	-0.00071675347850147
RLG_AinsBYU209_Ava_chr1C-182802_TSD	2.09	0.0202505316138153	-0.00203635167823556
RLG_AinsBYU209_Ava_chr1C-183669_TSD	2.08	0.0190081940566849	-0.000194811848875652
RLG_AinsBYU209_Ava_chr1C-183708_TSD	2.061	0.019029937643045	-0.000293099810046683
RLG_AinsBYU209_Ava_chr1C-183776_TSD	2.167	0.0194515327297866	-0.000503336431324182
RLG_AinsBYU209_Ava_chr1C-183814_TSD	1.686	0.0195687274722778	-0.00100947777767704
RLG_AinsBYU209_Ava_chr1C-183825_TSD	2.25	0.0194571589763433	-0.000545992828894672
RLG_AinsBYU209_Ava_chr1C-184123_TSD	3.117	0.0184192000933759	-0.000988190486791123
RLG_AinsBYU209_Ava_chr1C-184330_TSD	3.298	0.0184890340380279	-0.000538227966480642
RLG_AinsBYU209_Ava_chr1C-184492_TSD	2.56	0.0192430025219302	-0.000320078877491056
RLG_AinsBYU209_Ava_chr1C-184692_TSD	2.051	0.0194579336139928	-0.000237518677783947
RLG_AinsBYU209_Ava_chr1C-184867_TSD	2.239	0.0187458823722221	-0.000668490650841706
RLG_AinsBYU209_Ava_chr1C-184881_TSD	2.842	0.0189997926301504	-0.000893573147142097
RLG_AinsBYU209_Ava_chr1C-185084_TSD	2.039	0.0191225807492581	0.000525078815991127
RLG_AinsBYU209_Ava_chr1C-185186_TSD	3.057	0.0195993190292086	2.4291644261993e-05
RLG_AinsBYU209_Ava_chr1C-185814_TSD	2.735	0.0197895320049924	-0.000205747074075833
RLG_AinsBYU209_Ava_chr1C-188675_TSD	2.695	0.0192396041424831	2.02447845550303e-05
RLG_AinsBYU209_Ava_chr1C-189061_TSD	2.687	0.0184363671187969	-0.000812168432076105
RLG_AinsBYU209_Ava_chr1C-189260_TSD	1.314	0.0206454372207941	-0.00240044402247348
RLG_AinsBYU209_Ava_chr1C-190024_TSD	2.576	0.019897213361767	-0.000578820361801214
RLG_AinsBYU209_Ava_chr1C-200520_TSD	2.86	0.0191499838107929	1.19762677774401e-05
RLG_AinsBYU209_Ava_chr1C-202883_TSD	1.556	0.0206057537668307	-0.00226999073162506
RLG_AinsBYU209_Ava_chr1C-204409_TSD	1.085	0.0208189298975563	-0.00206704675098947
RLG_AinsBYU209_Ava_chr1C-205696_TSD	2.067	0.0208146055244238	-0.00232203686230792
RLG_AinsBYU209_Ava_chr1C-206889_TSD	1.66	0.0208418416283213	-0.00218586811863432
RLG_AinsBYU209_Ava_chr1C-207162_TSD	1.462	0.0207705044884835	-0.00247433942924958
RLG_AinsBYU209_Ava_chr1C-208080_TSD	1.513	0.0203712563408421	-0.00258298478700089
RLG_AinsBYU209_Ava_chr1C-208555_TSD	1.447	0.0204479096452158	-0.00301809637647749
RLG_AinsBYU209_Ava_chr1C-209272_TSD	1.545	0.0205140413256684	-0.00300697684991493
RLG_AinsBYU209_Ava_chr1C-209695_TSD	1.652	0.0203152497481272	-0.00274877762711481
RLG_AinsBYU209_Ava_chr1C-209719_TSD	1.738	0.0202425917734941	-0.00222788696475341
RLG_AinsBYU209_Ava_chr1C-209844_TSD	1.606	0.0196176521790624	-0.000904914314476547
RLG_AinsBYU209_Ava_chr1C-210169_TSD	2.473	0.0203176600771201	-0.00205204812373403
RLG_AinsBYU209_Ava_chr1C-210214_TSD	3.06	0.0172257528687053	0.000507225317517993
RLG_AinsBYU209_Ava_chr1C-210294_TSD	1.871	0.0205563734943448	-0.00261796188849467
RLG_AinsBYU209_Ava_chr1C-210347_TSD	1.595	0.0209383718447075	-0.00261738898900769
RLG_AinsBYU209_Ava_chr1C-210420_TSD	2.369	0.0152859224103466	-0.00225695467547638
RLG_AinsBYU209_Ava_chr1C-210607_TSD	1.894	0.0163265211803045	-0.00293244884875078
RLG_AinsBYU209_Ava_chr1C-210752_TSD	2.493	0.0171092158554219	0.00102404995139878
RLG_AinsBYU209_Ava_chr1C-211012_TSD	1.348	0.0207515381121855	-0.00252254895211881
RLG_AinsBYU209_Ava_chr1C-211087_TSD	1.996	0.019409762287922	-0.00011970430460623
RLG_AinsBYU209_Ava_chr1C-211230_TSD	0.898	0.0205976050129489	-0.00231352910047396
RLG_AinsBYU209_Ava_chr1C-211690_TSD	1.289	0.0205946806727438	-0.00270631068888952
RLG_AinsBYU209_Ava_chr1C-211794_TSD	1.299	0.0207006039383195	-0.00276405355274545
RLG_AinsBYU209_Ava_chr1C-212253_TSD	1.553	0.0207325146920998	-0.00246690035744228
RLG_AinsBYU209_Ava_chr1C-212887_TSD	1.546	0.0204830562216931	-0.00260351191070957
RLG_AinsBYU209_Ava_chr1C-213047_TSD	2.775	0.0182495044034268	-0.000697212688090189
RLG_AinsBYU209_Ava_chr1C-213066_TSD	1.646	0.0208477459107669	-0.00293317162894137
RLG_AinsBYU209_Ava_chr1C-213174_TSD	1.597	0.0205464781606574	-0.00240360057929593
RLG_AinsBYU209_Ava_chr1C-213216_TSD	1.541	0.0209322101663564	-0.00246111774624517
RLG_AinsBYU209_Ava_chr1C-213472_TSD	1.362	0.0207093040786382	-0.00268393938145142
RLG_AinsBYU209_Ava_chr1C-213828_TSD	1.604	0.0206925049760753	-0.00198628819984226
RLG_AinsBYU209_Ava_chr1C-213974_TSD	1.34	0.0208070612695599	-0.00239554145904313
RLG_AinsBYU209_Ava_chr1C-214375_TSD	2.546	0.0191334403617484	-1.07528157184364e-05
RLG_AinsBYU209_Ava_chr1C-214868_TSD	1.463	0.020684534753927	-0.00253036957599427
RLG_AinsBYU209_Ava_chr1C-215141_TSD	3.073	0.0187871746589555	-0.000948060186379486
RLG_AinsBYU209_Ava_chr1C-217041_TSD	1.31	0.0205660603967634	-0.00235717028123963
RLG_AinsBYU209_Ava_chr1C-217573_TSD	1.744	0.0206104615857913	-0.00241873389327204
RLG_AinsBYU209_Ava_chr1C-217997_TSD	1.368	0.020700244573197	-0.00248749133983671
RLG_AinsBYU209_Ava_chr1C-218679_TSD	1.686	0.020715447786173	-0.00219465950425115
RLG_AinsBYU209_Ava_chr1C-224848_TSD	1.66	0.020627621738266	-0.00225098997367422
RLG_AinsBYU209_Ava_chr1C-225140_TSD	1.731	0.0207940164699847	-0.00276172226644831
RLG_AinsBYU209_Ava_chr1C-226235_TSD	2.627	0.0204009529245109	-0.00245794752207802
RLG_AinsBYU209_Ava_chr1C-226367_TSD	1.954	0.0202059641092687	-0.00311167948800927
RLG_AinsBYU209_Ava_chr1C-228654_TSD	1.385	0.0203682168291528	-0.0024450450742756
RLG_AinsBYU209_Ava_chr1C-228733_TSD	1.634	0.0200376377762376	-0.00242834233761182
RLG_AinsBYU209_Ava_chr1C-231699_TSD	1.49	0.0203315953950079	-0.00220990040412773
RLG_AinsBYU209_Ava_chr1C-238200_TSD	1.523	0.0203316354356779	-0.00253890370634619
RLG_AinsBYU209_Ava_chr1C-273463_TSD	2.533	0.0194729375392299	-0.000527903588602786
RLG_AinsBYU209_Ava_chr1C-283541_TSD	1.883	0.0198050453237728	-0.000343120735790029
RLG_AinsBYU209_Ava_chr1C-288217_TSD	1.259	0.0209309072319108	-0.0027410730768192
RLG_AinsBYU209_Ava_chr1C-340533_TSD	0.833	0.0209614685891514	-0.00269795417709798
RLG_AinsBYU209_Ava_chr1C-357062_TSD	1.194	0.0204180437754254	-0.00266306577310404
RLG_AinsBYU209_Ava_chr1C-363464_TSD	3.453	0.0146646624887967	0.00239037307063471
RLG_AinsBYU209_Ava_chr1C-417822_TSD	2.497	0.0185799417012202	-0.000448408235391945
RLG_AinsBYU209_Ava_chr1C-417856_TSD	2.497	0.0185812926629537	-0.000449294434021907
RLG_AinsBYU209_Ava_chr1C-421901_TSD	1.599	0.0197582170436949	-0.001087737228364
RLG_AinsBYU209_Ava_chr1C-430485_TSD	2.448	0.0199119183802795	-0.000715903314051302
RLG_AinsBYU209_Ava_chr1C-466453_TSD	2.216	0.019911534350047	-0.000769974101088314
RLG_AinsBYU209_Ava_chr2C-096154_TSD	2.175	0.0197766425042453	-7.80113192650115e-05
RLG_AinsBYU209_Ava_chr2C-102354_TSD	1.87	0.0200195100999057	-0.000399401288902557
RLG_AinsBYU209_Ava_chr2C-111151_TSD	1.755	0.0198878422823232	-0.000607986990365354
RLG_AinsBYU209_Ava_chr2C-126440_TSD	2.14	0.0205271745438062	-0.00241349189305341
RLG_AinsBYU209_Ava_chr2C-130136_TSD	1.501	0.0204228038944495	-0.0024175924761638
RLG_AinsBYU209_Ava_chr2C-155891_TSD	3.16	0.0181075597617568	0.000743966525868135
RLG_AinsBYU209_Ava_chr2C-155899_TSD	3.093	0.0186883380374082	0.000439041881334474
RLG_AinsBYU209_Ava_chr2C-156350_TSD	2.446	0.0189051526445053	-0.000553028558328103
RLG_AinsBYU209_Ava_chr2C-157100_TSD	3.227	0.0183462586010803	9.9862867200628e-06
RLG_AinsBYU209_Ava_chr2C-157747_TSD	2.109	0.0183546725095795	0.00103555989621418
RLG_AinsBYU209_Ava_chr2C-157849_TSD	2.452	0.0185522289705187	0.000104857853128019
RLG_AinsBYU209_Ava_chr2C-158627_TSD	3.738	0.0176726506978596	0.000796065848049211
RLG_AinsBYU209_Ava_chr2C-159213_TSD	3.391	0.0170124453899293	-0.000375499573254002
RLG_AinsBYU209_Ava_chr2C-162422_TSD	3.364	0.0175351330358817	0.00146393003918098
RLG_AinsBYU209_Ava_chr2C-163908_TSD	1.292	0.0196407443678453	-0.000432553506446291
RLG_AinsBYU209_Ava_chr2C-166553_TSD	3.105	0.0176254587308685	0.000623914779135967
RLG_AinsBYU209_Ava_chr2C-188418_TSD	3.139	0.0180963461582828	0.000629384773279136
RLG_AinsBYU209_Ava_chr2C-190005_TSD	2.742	0.0182372065708944	0.000393895480602791
RLG_AinsBYU209_Ava_chr2C-192757_TSD	3.326	0.0187851031641617	-0.000788561005198393
RLG_AinsBYU209_Ava_chr2C-193654_TSD	2.861	0.0183279886650865	0.000640423459523191
RLG_AinsBYU209_Ava_chr2C-194511_TSD	3.699	0.018471547377211	-0.00013383847347434
RLG_AinsBYU209_Ava_chr2C-196573_TSD	2.773	0.0184440261844901	0.00131044229522635
RLG_AinsBYU209_Ava_chr2C-199417_TSD	3.227	0.0184910945781025	4.56155107361403e-05
RLG_AinsBYU209_Ava_chr2C-199458_TSD	2.336	0.0198165546130106	-6.98318298106765e-05
RLG_AinsBYU209_Ava_chr2C-199882_TSD	2.479	0.0195566379217908	-3.10785091616464e-05
RLG_AinsBYU209_Ava_chr2C-199957_TSD	1.742	0.0205006166171624	-0.00217292340160855
RLG_AinsBYU209_Ava_chr2C-200007_TSD	2.381	0.0193944881619313	-0.00110120335450485
RLG_AinsBYU209_Ava_chr2C-200093_TSD	2.002	0.019963095448209	9.09785875202888e-07
RLG_AinsBYU209_Ava_chr2C-200326_TSD	2.735	0.0196569364419447	-0.000148204899553941
RLG_AinsBYU209_Ava_chr2C-201248_TSD	2.646	0.0189121749173057	0.000128480554745257
RLG_AinsBYU209_Ava_chr2C-201271_TSD	2.285	0.0201846695300694	-0.00196271027297072
RLG_AinsBYU209_Ava_chr2C-201365_TSD	1.211	0.0172866744684225	-0.00222916970849243
RLG_AinsBYU209_Ava_chr2C-201690_TSD	2.036	0.0198265657946316	-8.52112423375337e-05
RLG_AinsBYU209_Ava_chr2C-201721_TSD	1.752	0.0189338944479304	-0.00065355786566128
RLG_AinsBYU209_Ava_chr2C-201767_TSD	2.119	0.0194779506919432	-0.00102329470681539
RLG_AinsBYU209_Ava_chr2C-202158_TSD	2.114	0.0195594322479535	-0.000351415472844233
RLG_AinsBYU209_Ava_chr2C-202408_TSD	2.872	0.0195073402793751	-0.000563650434598786
RLG_AinsBYU209_Ava_chr2C-202504_TSD	2.162	0.0194329907553877	-0.00111151964095227
RLG_AinsBYU209_Ava_chr2C-202910_TSD	2.899	0.0197530923302011	-0.00040708587716107
RLG_AinsBYU209_Ava_chr2C-203090_TSD	2.346	0.0192715270641378	-0.000623788013702569
RLG_AinsBYU209_Ava_chr2C-203233_TSD	2.335	0.0194197505783523	-0.000900343620058226
RLG_AinsBYU209_Ava_chr2C-203300_TSD	2.386	0.0196847637373364	-0.000499909446549304
RLG_AinsBYU209_Ava_chr2C-203344_TSD	2.01	0.0196343772740899	-0.00114025943320345
RLG_AinsBYU209_Ava_chr2C-203532_TSD	2.541	0.0196653125209796	-0.000830276512797007
RLG_AinsBYU209_Ava_chr2C-203575_TSD	1.923	0.0197760598392165	-0.00115241421413074
RLG_AinsBYU209_Ava_chr2C-203897_TSD	2.427	0.0199656649096963	-0.00127273177802729
RLG_AinsBYU209_Ava_chr2C-204570_TSD	1.238	0.0201303007792428	-0.000259266068654978
RLG_AinsBYU209_Ava_chr2C-204732_TSD	2.533	0.0190116930155043	-0.00061921973364019
RLG_AinsBYU209_Ava_chr2C-204810_TSD	2.119	0.0199313160959052	-0.001331193398089
RLG_AinsBYU209_Ava_chr2C-205140_TSD	2.638	0.0199763648703552	-0.000766449685833917
RLG_AinsBYU209_Ava_chr2C-205151_TSD	2.374	0.0193160497162794	-0.000675037216013427
RLG_AinsBYU209_Ava_chr2C-205294_TSD	1.836	0.0196874425032214	-0.00038309391308396
RLG_AinsBYU209_Ava_chr2C-205903_TSD	2.371	0.0194739839832823	-0.000772977106792571
RLG_AinsBYU209_Ava_chr2C-206567_TSD	2.219	0.0199188155171798	-0.000916004865355836
RLG_AinsBYU209_Ava_chr2C-207197_TSD	1.497	0.0205474182470144	-0.00243657109918346
RLG_AinsBYU209_Ava_chr2C-210746_TSD	1.072	0.0208661343424889	-0.00275857830438562
RLG_AinsBYU209_Ava_chr2C-212040_TSD	1.62	0.0210297754117947	-0.0027382502641243
RLG_AinsBYU209_Ava_chr2C-212382_TSD	1.141	0.0208072651112	-0.00238281608604964
RLG_AinsBYU209_Ava_chr2C-214063_TSD	1.609	0.0205042195995464	-0.00222101827551309
RLG_AinsBYU209_Ava_chr2C-214373_TSD	3.363	0.0166059223067453	1.2154401380207e-05
RLG_AinsBYU209_Ava_chr2C-215716_TSD	1.464	0.0203577938928887	-0.0029006919871344
RLG_AinsBYU209_Ava_chr2C-216111_TSD	0.828	0.0207220373424546	-0.00298799006901982
RLG_AinsBYU209_Ava_chr2C-219600_TSD	1.89	0.0195384134112255	-0.00116266845815005
RLG_AinsBYU209_Ava_chr2C-219671_TSD	2.361	0.0163891231533431	-0.00285206591836171
RLG_AinsBYU209_Ava_chr2C-220546_TSD	2.171	0.019466676761317	-0.00037321692114379
RLG_AinsBYU209_Ava_chr2C-222038_TSD	1.676	0.0207614417937281	-0.00193567624181482
RLG_AinsBYU209_Ava_chr2C-222785_TSD	2.563	0.0188067853555852	3.99012364384319e-05
RLG_AinsBYU209_Ava_chr2C-223908_TSD	1.855	0.020221115215505	-0.00162910906256767
RLG_AinsBYU209_Ava_chr2C-232269_TSD	2.951	0.0193860633588934	-2.59861097750898e-05
RLG_AinsBYU209_Ava_chr2C-239165_TSD	3.595	0.0169791579721852	0.000440835322685815
RLG_AinsBYU209_Ava_chr2C-279109_TSD	3.379	0.0191521215620607	-0.000859183435739036
RLG_AinsBYU209_Ava_chr2C-356825_TSD	1.646	0.0200929896106609	-0.00100891994136325
RLG_AinsBYU209_Ava_chr2C-379942_TSD	2.003	0.0193850141110931	-0.000695560715086323
RLG_AinsBYU209_Ava_chr2C-379950_TSD	1.805	0.0193137644853709	-0.000451979112563609
RLG_AinsBYU209_Ava_chr2C-428485_TSD	1.729	0.0199315846135121	-0.000700212501496426
RLG_AinsBYU209_Ava_chr3C-004692_TSD	1.604	0.0189768218502411	-0.000285695902704639
RLG_AinsBYU209_Ava_chr3C-010063_TSD	2.05	0.0191410219737547	-0.000783506508986286
RLG_AinsBYU209_Ava_chr3C-019631_TSD	1.136	0.0192700536356263	-0.000508835277728919
RLG_AinsBYU209_Ava_chr3C-030809_TSD	1.057	0.0207117872086287	-0.00230559474173945
RLG_AinsBYU209_Ava_chr3C-090612_TSD	0.905	0.0201044774755755	-0.000461754053129922
RLG_AinsBYU209_Ava_chr3C-126121_TSD	3.271	0.0159468925317393	-0.002390096831776
RLG_AinsBYU209_Ava_chr3C-184978_TSD	3.671	0.0179455694460134	0.000752268825910552
RLG_AinsBYU209_Ava_chr3C-186167_TSD	3.476	0.018365602792846	-0.000827620748252256
RLG_AinsBYU209_Ava_chr3C-186310_TSD	2.806	0.0177627329367704	0.000587793361659328
RLG_AinsBYU209_Ava_chr3C-188895_TSD	3.615	0.0183292106431812	0.00044427750543584
RLG_AinsBYU209_Ava_chr3C-189736_TSD	3.387	0.0178340633823558	8.67234901014177e-05
RLG_AinsBYU209_Ava_chr3C-189799_TSD	3.255	0.0178598498986838	0.000105592048102413
RLG_AinsBYU209_Ava_chr3C-217215_TSD	2.604	0.0183100729053893	0.000227442589477278
RLG_AinsBYU209_Ava_chr3C-219905_TSD	2.543	0.0194200839940391	-0.000809775918741626
RLG_AinsBYU209_Ava_chr3C-225185_TSD	2.534	0.0167448999795118	0.000500543626039927
RLG_AinsBYU209_Ava_chr3C-236222_TSD	3.143	0.0182798581401839	-0.000193883857335337
RLG_AinsBYU209_Ava_chr3C-238715_TSD	2.35	0.0192995027704585	-0.000239853203748676
RLG_AinsBYU209_Ava_chr3C-243873_TSD	2.837	0.0183650181425173	0.000516142473836529
RLG_AinsBYU209_Ava_chr3C-246708_TSD	2.532	0.0192178881742829	-0.000294763655443091
RLG_AinsBYU209_Ava_chr3C-247044_TSD	3.304	0.0181211244389004	0.000459436060605239
RLG_AinsBYU209_Ava_chr3C-272863_TSD	1.056	0.0208670762391765	-0.00279521366632079
RLG_AinsBYU209_Ava_chr3C-277541_TSD	1.109	0.0193639988341444	-0.000356648464638326
RLG_AinsBYU209_Ava_chr3C-277549_TSD	2.435	0.0193644956184649	0.000114632998406881
RLG_AinsBYU209_Ava_chr3C-278669_TSD	3.294	0.0183094646238594	0.000219641144259926
RLG_AinsBYU209_Ava_chr3C-279199_TSD	1.341	0.0209295709054998	-0.00259907581605824
RLG_AinsBYU209_Ava_chr3C-279549_TSD	1.362	0.0198701081596709	-0.000617957192100234
RLG_AinsBYU209_Ava_chr3C-279616_TSD	1.261	0.020068588687806	-0.000265585198859506
RLG_AinsBYU209_Ava_chr3C-279690_TSD	2.283	0.0182030454821877	0.000238124615539071
RLG_AinsBYU209_Ava_chr3C-279776_TSD	1.135	0.0206040114259468	-0.0028307281590053
RLG_AinsBYU209_Ava_chr3C-280194_TSD	2.51	0.0193051153608397	-0.000694454487191886
RLG_AinsBYU209_Ava_chr3C-280324_TSD	1.528	0.0207381459723966	-0.00284507615377162
RLG_AinsBYU209_Ava_chr3C-281708_TSD	1.784	0.0164016032017741	-0.00267685876821502
RLG_AinsBYU209_Ava_chr3C-281966_TSD	2.093	0.0196230423999347	-7.44595650182192e-05
RLG_AinsBYU209_Ava_chr3C-282091_TSD	3.023	0.0181810239305508	-0.000151506357583344
RLG_AinsBYU209_Ava_chr3C-282314_TSD	2.419	0.0191266077132503	-7.3840179899175e-05
RLG_AinsBYU209_Ava_chr3C-282411_TSD	2.032	0.0201332183079808	-0.00205497594094193
RLG_AinsBYU209_Ava_chr3C-282518_TSD	2.321	0.0197969792345887	-0.000782246348072992
RLG_AinsBYU209_Ava_chr3C-282566_TSD	1.682	0.0190858903926781	-5.57895043870231e-05
RLG_AinsBYU209_Ava_chr3C-282656_TSD	1.807	0.0198099218005204	3.60975179485106e-05
RLG_AinsBYU209_Ava_chr3C-282667_TSD	1.406	0.0202888692944724	-0.00183055405217138
RLG_AinsBYU209_Ava_chr3C-282810_TSD	1.383	0.0207450278377611	-0.00276796929299775
RLG_AinsBYU209_Ava_chr3C-282864_TSD	1.55	0.0198494045074554	-0.000295379686189492
RLG_AinsBYU209_Ava_chr3C-283114_TSD	1.609	0.020499496419435	-0.00203905244715516
RLG_AinsBYU209_Ava_chr3C-283798_TSD	1.815	0.0190266424504792	-2.55569336070548e-05
RLG_AinsBYU209_Ava_chr3C-284011_TSD	2.219	0.0197223276993225	-0.00076107715031144
RLG_AinsBYU209_Ava_chr3C-284155_TSD	2.435	0.0193074087637964	-0.000735153451377108
RLG_AinsBYU209_Ava_chr3C-284238_TSD	2.448	0.0194863556299029	-0.000434217667968685
RLG_AinsBYU209_Ava_chr3C-284315_TSD	2.296	0.0196430647302848	-0.000569134628692246
RLG_AinsBYU209_Ava_chr3C-284343_TSD	1.933	0.0196890705872613	-0.000129001442828209
RLG_AinsBYU209_Ava_chr3C-284823_TSD	1.956	0.0199199875772423	0.000493073507486498
RLG_AinsBYU209_Ava_chr3C-285232_TSD	2.04	0.0193592568349064	-0.000462838484078156
RLG_AinsBYU209_Ava_chr3C-285301_TSD	2.796	0.0165347666861832	-0.00241508262809128
RLG_AinsBYU209_Ava_chr3C-295717_TSD	1.612	0.0208012730477331	-0.0021445226140284
RLG_AinsBYU209_Ava_chr3C-299165_TSD	2.805	0.0187721118347761	0.000405374024113491
RLG_AinsBYU209_Ava_chr3C-372611_TSD	1.832	0.0194480494335713	-0.00045369670577146
RLG_AinsBYU209_Ava_chr3C-375279_TSD	3.68	0.0186265211059515	-0.000378611406292966
RLG_AinsBYU209_Ava_chr3C-376836_TSD	3.028	0.0179762613255246	0.000796783380066703
RLG_AinsBYU209_Ava_chr3C-379368_TSD	0.904	0.0197675944962932	-0.000788564349873173
RLG_AinsBYU209_Ava_chr3C-380973_TSD	2.85	0.0181170189214123	0.000859893846398498
RLG_AinsBYU209_Ava_chr3C-397466_TSD	1.602	0.0199384006247762	-0.000652194649407819
RLG_AinsBYU209_Ava_chr3C-425973_TSD	1.211	0.0199698035877934	-0.000625913190387915
RLG_AinsBYU209_Ava_chr3C-428752_TSD	1.553	0.0206871815679155	-0.00221811545897375
RLG_AinsBYU209_Ava_chr3C-479762_TSD	1.874	0.0190140162362857	-2.25684534461868e-06
RLG_AinsBYU209_Ava_chr3C-517389_TSD	1.969	0.0200063970692843	-0.000497023419290017
RLG_AinsBYU209_Ava_chr3D-403737_TSD	1.663	0.0204093759128483	-0.00287121588290966
RLG_AinsBYU209_Ava_chr3D-414697_TSD	2.035	0.0195665809965797	-0.000585583598930428
RLG_AinsBYU209_Ava_chr3D-455034_TSD	1.412	0.012990640334295	0.000747475025367617
RLG_AinsBYU209_Ava_chr4C-118731_TSD	2.156	0.0166170038262498	-0.00280773343514452
RLG_AinsBYU209_Ava_chr4C-319230_TSD	2.855	0.0195473470457794	-0.000428734694399084
RLG_AinsBYU209_Ava_chr4C-326134_TSD	2.396	0.0193213460828698	0.00025289966238989
RLG_AinsBYU209_Ava_chr4C-328248_TSD	2.759	0.0193563337938075	-0.000369166811310581
RLG_AinsBYU209_Ava_chr4C-330252_TSD	2.778	0.019544520887765	0.000454274603302871
RLG_AinsBYU209_Ava_chr4C-331723_TSD	2.377	0.0194589597180509	-0.000734629777277351
RLG_AinsBYU209_Ava_chr4C-333048_TSD	2.283	0.0194542931815797	-0.000483117930738059
RLG_AinsBYU209_Ava_chr4C-333756_TSD	1.806	0.0193158976307836	-1.40934252133972e-05
RLG_AinsBYU209_Ava_chr4C-334485_TSD	2.129	0.0189804855155866	0.000514886053033976
RLG_AinsBYU209_Ava_chr4C-334652_TSD	2.312	0.0192804500304903	-8.90804187830108e-06
RLG_AinsBYU209_Ava_chr4C-335547_TSD	2.256	0.0183768283561797	0.000319678550041115
RLG_AinsBYU209_Ava_chr4C-336284_TSD	2.045	0.0198000640543224	-0.00013565990699386
RLG_AinsBYU209_Ava_chr4C-337046_TSD	1.523	0.0207424234070577	-0.00222462772233649
RLG_AinsBYU209_Ava_chr4C-337215_TSD	2.441	0.0197047201961917	-0.000768010101677469
RLG_AinsBYU209_Ava_chr4C-337345_TSD	1.859	0.019710151015405	-0.000511933813517245
RLG_AinsBYU209_Ava_chr4C-337443_TSD	2.081	0.019810766892999	-0.000459702074708366
RLG_AinsBYU209_Ava_chr4C-337929_TSD	2.927	0.0191773755152471	-0.000116196396738353
RLG_AinsBYU209_Ava_chr4C-337975_TSD	1.462	0.0207027503348256	-0.00232237218408489
RLG_AinsBYU209_Ava_chr4C-338260_TSD	1.394	0.0205554839620248	-0.00251887055187378
RLG_AinsBYU209_Ava_chr4C-339026_TSD	2.782	0.0162959408293	-0.00323516794260125
RLG_AinsBYU209_Ava_chr4C-339105_TSD	1.84	0.0194300705354783	-1.75153477130543e-05
RLG_AinsBYU209_Ava_chr4C-339225_TSD	1.221	0.0140830757231458	-0.00137329637757541
RLG_AinsBYU209_Ava_chr4C-339997_TSD	1.36	0.0206991602577096	-0.00260383449542186
RLG_AinsBYU209_Ava_chr4C-340024_TSD	1.421	0.0205896290958894	-0.00226124800797247
RLG_AinsBYU209_Ava_chr4C-340285_TSD	2.262	0.0191641336387875	-0.000796238441642822
RLG_AinsBYU209_Ava_chr4C-340320_TSD	1.5	0.020261895459187	-0.00148806974287839
RLG_AinsBYU209_Ava_chr4C-340503_TSD	1.122	0.0208384364745003	-0.00237878310251115
RLG_AinsBYU209_Ava_chr4C-340695_TSD	2.363	0.0162961790404285	-0.00340476786130452
RLG_AinsBYU209_Ava_chr4C-340718_TSD	2.56	0.0195567336572638	-0.000193963440369533
RLG_AinsBYU209_Ava_chr4C-340956_TSD	1.926	0.0208430626631234	-0.0023544316658035
RLG_AinsBYU209_Ava_chr4C-341091_TSD	1.586	0.0209625367859756	-0.00259520987638345
RLG_AinsBYU209_Ava_chr4C-341166_TSD	1.484	0.0204210251523083	-0.00229329167154749
RLG_AinsBYU209_Ava_chr4C-341249_TSD	1.821	0.0205468353187841	-0.00236791244387343
RLG_AinsBYU209_Ava_chr4C-341390_TSD	1.511	0.0196177189667411	-0.00219831636137197
RLG_AinsBYU209_Ava_chr4C-341641_TSD	2.035	0.0203951024312062	-0.00256342837466486
RLG_AinsBYU209_Ava_chr4C-341907_TSD	2.787	0.0165689154339744	-0.00219524736590311
RLG_AinsBYU209_Ava_chr4C-345402_TSD	1.271	0.0204294669531374	-0.0021996962446917
RLG_AinsBYU209_Ava_chr4C-347783_TSD	1.305	0.0206198330021895	-0.00256184321403437
RLG_AinsBYU209_Ava_chr4C-350313_TSD	2.628	0.0195399832993579	-0.000626542863871928
RLG_AinsBYU209_Ava_chr4C-350698_TSD	1.49	0.0208183957726279	-0.00265200215282257
RLG_AinsBYU209_Ava_chr4C-350769_TSD	1.949	0.0163236959865645	-0.00334840003598787
RLG_AinsBYU209_Ava_chr4C-351966_TSD	1.712	0.0210429456848763	-0.00196464842558771
RLG_AinsBYU209_Ava_chr4C-391435_TSD	2.451	0.0193565262122822	8.07312166202584e-05
RLG_AinsBYU209_Ava_chr4C-410731_TSD	2.904	0.0189385145094579	0.000621976686012072
RLG_AinsBYU209_Ava_chr4C-423234_TSD	2.921	0.0171139016135628	-0.000302269207126699
RLG_AinsBYU209_Ava_chr4C-515524_TSD	1.814	0.0202898716054188	-0.00120030257988824
RLG_AinsBYU209_Ava_chr4C-566770_TSD	3.667	0.0194679634331619	8.03097305391674e-05
RLG_AinsBYU209_Ava_chr4D-416837_TSD	1.391	0.0209535878929007	-0.00284720922052777
RLG_AinsBYU209_Ava_chr4D-450678_TSD	1.672	0.0194508474938964	-0.000755694205138248
RLG_AinsBYU209_Ava_chr4D-458180_TSD	1.898	0.0193882683024681	2.31643961356655e-05
RLG_AinsBYU209_Ava_chr5C-006909_TSD	2.565	0.0171838570522141	0.000477903277239895
RLG_AinsBYU209_Ava_chr5C-043760_TSD	3.016	0.0167463510271374	-0.000440210128675183
RLG_AinsBYU209_Ava_chr5C-101258_TSD	1.28	0.0198121415547856	-0.000699561127564513
RLG_AinsBYU209_Ava_chr5C-107133_TSD	3.33	0.0140608962217988	0.00244273847720307
RLG_AinsBYU209_Ava_chr5C-186045_TSD	2.891	0.0189607103458911	-8.07919560204323e-05
RLG_AinsBYU209_Ava_chr5C-188451_TSD	2.204	0.0196112516389844	-0.000838230951907331
RLG_AinsBYU209_Ava_chr5C-200444_TSD	2.939	0.0190415387422352	-0.000240648585036308
RLG_AinsBYU209_Ava_chr5C-207106_TSD	3.491	0.0180579989035275	0.000435168309316777
RLG_AinsBYU209_Ava_chr5C-213628_TSD	2.804	0.0190856896098922	-0.000215199449148069
RLG_AinsBYU209_Ava_chr5C-213964_TSD	2.503	0.0202540469282641	-0.00228131629666727
RLG_AinsBYU209_Ava_chr5C-214143_TSD	2.829	0.0203989296907666	-0.00147641357368534
RLG_AinsBYU209_Ava_chr5C-214154_TSD	2.742	0.0156117270992176	-0.0031500962507047
RLG_AinsBYU209_Ava_chr5C-214182_TSD	3.27	0.0199933262157058	-0.00183631933320811
RLG_AinsBYU209_Ava_chr5C-214317_TSD	2.316	0.0196132221009439	-0.000282160672005677
RLG_AinsBYU209_Ava_chr5C-214716_TSD	3.214	0.0196321650093731	1.78455483535188e-05
RLG_AinsBYU209_Ava_chr5C-214788_TSD	2.075	0.019998476300462	-0.00142473047097824
RLG_AinsBYU209_Ava_chr5C-214900_TSD	2.544	0.0190931087485121	0.000446493833911234
RLG_AinsBYU209_Ava_chr5C-214934_TSD	3.078	0.0193332985698782	-0.000220660922818398
RLG_AinsBYU209_Ava_chr5C-216429_TSD	1.876	0.0198388828161736	-3.48550365134186e-05
RLG_AinsBYU209_Ava_chr5C-216439_TSD	2.295	0.019943707031169	-0.00167281585196847
RLG_AinsBYU209_Ava_chr5C-216530_TSD	1.427	0.019994378539879	-0.000703238848530037
RLG_AinsBYU209_Ava_chr5C-216751_TSD	2.369	0.0199857105872709	-0.00208114733042448
RLG_AinsBYU209_Ava_chr5C-217037_TSD	2.1	0.0198205288218725	-0.000950783133831228
RLG_AinsBYU209_Ava_chr5C-217159_TSD	1.744	0.0167889040040438	-0.00248716429663768
RLG_AinsBYU209_Ava_chr5C-217284_TSD	2.719	0.0203192153756963	-0.00213624038234337
RLG_AinsBYU209_Ava_chr5C-217537_TSD	1.916	0.0199634579814401	-0.00195393030013524
RLG_AinsBYU209_Ava_chr5C-217785_TSD	1.397	0.0201220739518327	-0.000880724197519955
RLG_AinsBYU209_Ava_chr5C-217878_TSD	1.905	0.0190760341645395	-0.00056930940235451
RLG_AinsBYU209_Ava_chr5C-217908_TSD	2.569	0.0195713214690265	7.03684771283304e-05
RLG_AinsBYU209_Ava_chr5C-218323_TSD	2.59	0.0190147040932177	1.72833444820665e-05
RLG_AinsBYU209_Ava_chr5C-218338_TSD	2.682	0.0183522872548887	-0.000767874399982224
RLG_AinsBYU209_Ava_chr5C-218430_TSD	2.469	0.0165099042499727	-0.00334188072360285
RLG_AinsBYU209_Ava_chr5C-218578_TSD	2.451	0.0191876076177037	-0.000128495621806892
RLG_AinsBYU209_Ava_chr5C-218738_TSD	2.77	0.0175150906189286	-0.000884729174176901
RLG_AinsBYU209_Ava_chr5C-219458_TSD	3.42	0.017438315346744	0.000647709667485779
RLG_AinsBYU209_Ava_chr5C-219799_TSD	3.521	0.0164834965529372	-0.00240792180330482
RLG_AinsBYU209_Ava_chr5C-219874_TSD	2.305	0.0196746004551285	-0.00112889583218399
RLG_AinsBYU209_Ava_chr5C-219950_TSD	2.13	0.0194392184989359	-0.000596465617058141
RLG_AinsBYU209_Ava_chr5C-220176_TSD	2.485	0.0188872629021544	-0.000464858146264564
RLG_AinsBYU209_Ava_chr5C-220250_TSD	2.581	0.0165431749871105	-2.96997348996075e-05
RLG_AinsBYU209_Ava_chr5C-220346_TSD	1.835	0.0195623936301548	-0.000212618703400944
RLG_AinsBYU209_Ava_chr5C-220523_TSD	2.693	0.0193129791147807	-0.000708279893984888
RLG_AinsBYU209_Ava_chr5C-220621_TSD	3.488	0.0156461211171587	-0.00313519394883201
RLG_AinsBYU209_Ava_chr5C-220861_TSD	2.741	0.0197816389076818	-0.00047214275668401
RLG_AinsBYU209_Ava_chr5C-220911_TSD	2.565	0.0195363822977442	-0.00117114173424592
RLG_AinsBYU209_Ava_chr5C-221007_TSD	2.12	0.0194903255824497	-0.000530656168092449
RLG_AinsBYU209_Ava_chr5C-221276_TSD	2.225	0.0192001270453507	-0.000910292587931291
RLG_AinsBYU209_Ava_chr5C-223656_TSD	2.111	0.0194603221304428	-0.000914795342573352
RLG_AinsBYU209_Ava_chr5C-223832_TSD	2.342	0.0191359667698055	-0.000805120338273182
RLG_AinsBYU209_Ava_chr5C-224012_TSD	2.357	0.0163349182414218	-0.00220738959428865
RLG_AinsBYU209_Ava_chr5C-224695_TSD	2.06	0.0168494256864477	-0.002616901491585
RLG_AinsBYU209_Ava_chr5C-225531_TSD	2.662	0.0201457288785209	-0.00132877508506552
RLG_AinsBYU209_Ava_chr5C-226123_TSD	2.481	0.0197330790112299	-0.000919730754185487
RLG_AinsBYU209_Ava_chr5C-226396_TSD	2.028	0.019198488790524	-0.000683226439894698
RLG_AinsBYU209_Ava_chr5C-226404_TSD	3.465	0.0187817044415481	-0.00052860277346009
RLG_AinsBYU209_Ava_chr5C-226682_TSD	1.702	0.020615946426551	-0.0026789345881212
RLG_AinsBYU209_Ava_chr5C-227026_TSD	1.958	0.0208564420007669	-0.00233196226097874
RLG_AinsBYU209_Ava_chr5C-227090_TSD	2.316	0.0190304819611481	0.000254558026483064
RLG_AinsBYU209_Ava_chr5C-227146_TSD	2.11	0.0193615956750817	-0.00253945613497268
RLG_AinsBYU209_Ava_chr5C-227203_TSD	2.536	0.0187695956377905	-0.000547218366035212
RLG_AinsBYU209_Ava_chr5C-227251_TSD	1.952	0.0199791476956301	-0.00138105663639882
RLG_AinsBYU209_Ava_chr5C-227422_TSD	2.082	0.019401280424443	-0.000140031100297274
RLG_AinsBYU209_Ava_chr5C-227785_TSD	3.095	0.0196556563705714	-2.14344014715186e-05
RLG_AinsBYU209_Ava_chr5C-227828_TSD	2.677	0.0199775750063357	-0.00228878785756135
RLG_AinsBYU209_Ava_chr5C-228334_TSD	2.369	0.0182793639305396	-0.000238869378741653
RLG_AinsBYU209_Ava_chr5C-228531_TSD	2.24	0.0196060722389715	-0.000464085861898784
RLG_AinsBYU209_Ava_chr5C-228706_TSD	2.214	0.0187459454012906	-5.56497534891092e-05
RLG_AinsBYU209_Ava_chr5C-228736_TSD	2.324	0.0194933847673576	-0.000710269894481054
RLG_AinsBYU209_Ava_chr5C-228941_TSD	2.812	0.0196633225481981	-0.000662703976459982
RLG_AinsBYU209_Ava_chr5C-229441_TSD	2.248	0.0198303901320114	-5.30035219637217e-05
RLG_AinsBYU209_Ava_chr5C-245267_TSD	1.409	0.0208437041278293	-0.0022825955280042
RLG_AinsBYU209_Ava_chr5C-245982_TSD	0.847	0.0204973177854708	-0.00257877305139845
RLG_AinsBYU209_Ava_chr5C-246054_TSD	1.262	0.0206452038731122	-0.00241946863412062
RLG_AinsBYU209_Ava_chr5C-246087_TSD	2.341	0.0205743610222484	-0.00239928342568542
RLG_AinsBYU209_Ava_chr5C-246203_TSD	1.034	0.0207921478005735	-0.00233313950602211
RLG_AinsBYU209_Ava_chr5C-246446_TSD	0.94	0.0207140442248742	-0.00258381833866989
RLG_AinsBYU209_Ava_chr5C-246693_TSD	1.497	0.0208971949007787	-0.00208963222839799
RLG_AinsBYU209_Ava_chr5C-247397_TSD	1.341	0.0208445604379499	-0.00256013178243704
RLG_AinsBYU209_Ava_chr5C-248303_TSD	1.745	0.0208192591372318	-0.00260405344905349
RLG_AinsBYU209_Ava_chr5C-255626_TSD	2.212	0.0194642969715982	0.00050163812290792
RLG_AinsBYU209_Ava_chr5C-257853_TSD	2.509	0.0191916890676969	-0.000122220591446997
RLG_AinsBYU209_Ava_chr5C-258212_TSD	2.075	0.019706657036315	-0.000921002029170689
RLG_AinsBYU209_Ava_chr5C-258689_TSD	3.278	0.0191873631890152	-0.000704248289862354
RLG_AinsBYU209_Ava_chr5C-262302_TSD	3.391	0.019139387690353	1.63040658445567e-05
RLG_AinsBYU209_Ava_chr5C-266734_TSD	3.366	0.018421169574628	-0.000240892257801036
RLG_AinsBYU209_Ava_chr5C-266965_TSD	2.129	0.0187448587608768	0.000493227637581625
RLG_AinsBYU209_Ava_chr5C-269897_TSD	3.336	0.0190977469293785	-0.00103742742423988
RLG_AinsBYU209_Ava_chr5C-271768_TSD	2.233	0.0202878241491504	-0.00186261183244143
RLG_AinsBYU209_Ava_chr5C-272305_TSD	3.241	0.0192838667800924	-0.000878513613447764
RLG_AinsBYU209_Ava_chr5C-272327_TSD	3.488	0.0186851849239114	-0.00045335104874761
RLG_AinsBYU209_Ava_chr5C-272612_TSD	2.079	0.0202800325610047	-0.000458201452923706
RLG_AinsBYU209_Ava_chr5C-273045_TSD	3.148	0.0191143049162046	-0.000551659568080353
RLG_AinsBYU209_Ava_chr5C-274369_TSD	3.112	0.0190293390271115	-0.00107988305571574
RLG_AinsBYU209_Ava_chr5C-275145_TSD	3.629	0.0183486100867345	-0.000286629805745943
RLG_AinsBYU209_Ava_chr5C-276297_TSD	3.777	0.0185903749979018	-0.000956889759505419
RLG_AinsBYU209_Ava_chr5C-276316_TSD	3.643	0.0178899757119241	0.000556487895415725
RLG_AinsBYU209_Ava_chr5C-280548_TSD	1.568	0.0199607414660636	-8.10881940678003e-05
RLG_AinsBYU209_Ava_chr5C-443913_TSD	1.145	0.0206545498394655	-0.00176595066146221
RLG_AinsBYU209_Ava_chr5C-446732_TSD	1.814	0.01987490313987	0.000301344779854772
RLG_AinsBYU209_Ava_chr5C-478670_TSD	2.39	0.0199015009224522	-0.00135090229254176
RLG_AinsBYU209_Ava_chr5C-484898_TSD	1.581	0.0206647279389088	-0.00260578515572209
RLG_AinsBYU209_Ava_chr5C-503482_TSD	1.59	0.0206945150064536	-0.00272171945710669
RLG_AinsBYU209_Ava_chr5C-511030_TSD	1.312	0.0203683722822161	-0.0021876340134435
RLG_AinsBYU209_Ava_chr5C-534900_TSD	2.828	0.0197270823115751	-0.000798505581873018
RLG_AinsBYU209_Ava_chr5C-545814_TSD	0.958	0.0206969227870842	-0.00219388479947016
RLG_AinsBYU209_Ava_chr6C-007662_TSD	1.29	0.0210936387592403	-0.00266892348062892
RLG_AinsBYU209_Ava_chr6C-029916_TSD	1.192	0.0207854086649305	-0.00265965521166217
RLG_AinsBYU209_Ava_chr6C-041554_TSD	1.443	0.0198731377501287	-0.000402987297066393
RLG_AinsBYU209_Ava_chr6C-043505_TSD	1.391	0.0205929237763587	-0.00291725290713572
RLG_AinsBYU209_Ava_chr6C-110343_TSD	1.266	0.0205288236172375	-0.00247153736008641
RLG_AinsBYU209_Ava_chr6C-128439_TSD	2.986	0.018914805613773	-0.000131926078003689
RLG_AinsBYU209_Ava_chr6C-139990_TSD	2.465	0.0192548291761731	0.000220007642880103
RLG_AinsBYU209_Ava_chr6C-140549_TSD	1.338	0.0208300901006744	-0.00238179555562944
RLG_AinsBYU209_Ava_chr6C-222635_TSD	1.608	0.0198842701905216	-0.00102790096592418
RLG_AinsBYU209_Ava_chr6C-247102_TSD	1.829	0.0205396368566751	-0.00256928039329588
RLG_AinsBYU209_Ava_chr6C-255477_TSD	2.289	0.019310032466167	-0.000443891590631788
RLG_AinsBYU209_Ava_chr6C-289022_TSD	2.061	0.0191619931100473	-9.94846047451379e-06
RLG_AinsBYU209_Ava_chr6C-294246_TSD	3.471	0.0156336300965967	0.00166695367723959
RLG_AinsBYU209_Ava_chr6C-323982_TSD	1.934	0.0195429337188526	-0.000166019758565584
RLG_AinsBYU209_Ava_chr6C-325407_TSD	3.353	0.0198872176389921	-0.0019471744199551
RLG_AinsBYU209_Ava_chr6C-325650_TSD	1.965	0.019873970986059	-0.000431939092954454
RLG_AinsBYU209_Ava_chr6C-325910_TSD	2.501	0.0165807416925769	-0.00354954790349568
RLG_AinsBYU209_Ava_chr6C-326115_TSD	2.184	0.0189027628125868	-0.000430273472347307
RLG_AinsBYU209_Ava_chr6C-326167_TSD	2.607	0.0187792065506541	0.000575878201446668
RLG_AinsBYU209_Ava_chr6C-326416_TSD	2.714	0.0201355873676045	-0.00228469264980833
RLG_AinsBYU209_Ava_chr6C-326664_TSD	2.171	0.0199148540237257	-0.000735409719058431
RLG_AinsBYU209_Ava_chr6C-326857_TSD	2.116	0.0198828080931475	9.5749670276772e-05
RLG_AinsBYU209_Ava_chr6C-327427_TSD	1.963	0.0199086491318026	-2.04547634772189e-05
RLG_AinsBYU209_Ava_chr6C-327704_TSD	3.232	0.0192490874547923	0.000446374193358811
RLG_AinsBYU209_Ava_chr6C-327927_TSD	2.802	0.020327491518129	-0.00204004768608074
RLG_AinsBYU209_Ava_chr6C-328092_TSD	2.489	0.0195141074495348	-0.000311080736776118
RLG_AinsBYU209_Ava_chr6C-328201_TSD	3.17	0.0185452779750056	-0.000330515383081532
RLG_AinsBYU209_Ava_chr6C-328226_TSD	2.629	0.0195601869897496	-0.000113674116425106
RLG_AinsBYU209_Ava_chr6C-328543_TSD	3.132	0.0190338124867475	-0.000276407519010865
RLG_AinsBYU209_Ava_chr6C-330892_TSD	1.805	0.0198470045695559	-0.000478695098837153
RLG_AinsBYU209_Ava_chr6C-335306_TSD	2.792	0.019361022443407	-0.000680844696546152
RLG_AinsBYU209_Ava_chr6C-339347_TSD	2.402	0.0162732642264296	-0.00289426101421407
RLG_AinsBYU209_Ava_chr6C-339990_TSD	2.956	0.018828915824914	-0.000253081579401893
RLG_AinsBYU209_Ava_chr6C-341754_TSD	1.445	0.0201543522936915	-0.00225273989506538
RLG_AinsBYU209_Ava_chr6C-342054_TSD	1.453	0.0198908458184127	-0.00252556557270597
RLG_AinsBYU209_Ava_chr6C-342276_TSD	1.62	0.0208791460836918	-0.00289739567953212
RLG_AinsBYU209_Ava_chr6C-344192_TSD	1.258	0.0201844687567211	-0.000444419304770399
RLG_AinsBYU209_Ava_chr6C-344499_TSD	2.243	0.0162398487655908	-0.00314810150273649
RLG_AinsBYU209_Ava_chr6C-344538_TSD	1.098	0.0195198000469224	-0.00108930101903357
RLG_AinsBYU209_Ava_chr6C-344904_TSD	1.221	0.0210899279623895	-0.00265327756286237
RLG_AinsBYU209_Ava_chr6C-344994_TSD	1.41	0.0203288329074999	-0.00198307037259573
RLG_AinsBYU209_Ava_chr6C-345294_TSD	1.412	0.0197515807600332	-0.000855074211827338
RLG_AinsBYU209_Ava_chr6C-346060_TSD	1.659	0.0197000194242453	-0.000680072397807897
RLG_AinsBYU209_Ava_chr6C-346075_TSD	2.575	0.0196127963634443	-0.000467775204778089
RLG_AinsBYU209_Ava_chr6C-346709_TSD	2.094	0.0192537604349344	-0.00041446160825464
RLG_AinsBYU209_Ava_chr6C-348140_TSD	1.702	0.0205266489960167	-0.00220985490186599
RLG_AinsBYU209_Ava_chr6C-348208_TSD	1.915	0.0194333232274221	-0.000744651388890876
RLG_AinsBYU209_Ava_chr6C-348668_TSD	2.089	0.018542230664092	0.00013400396773812
RLG_AinsBYU209_Ava_chr6C-348766_TSD	1.059	0.0199242593130943	-0.000282016502465838
RLG_AinsBYU209_Ava_chr6C-349291_TSD	1.733	0.0194495622800526	-0.000667385636562731
RLG_AinsBYU209_Ava_chr6C-349320_TSD	2.238	0.0193132100555563	-0.000327901842100518
RLG_AinsBYU209_Ava_chr6C-350819_TSD	2.563	0.0191731809370685	-0.000489798217497262
RLG_AinsBYU209_Ava_chr6C-350900_TSD	2.225	0.0191889897808352	-0.000691322222569548
RLG_AinsBYU209_Ava_chr6C-351165_TSD	1.813	0.0193001279191009	-0.000356984717214346
RLG_AinsBYU209_Ava_chr6C-352247_TSD	2.125	0.019557851403485	-0.000890828901248891
RLG_AinsBYU209_Ava_chr6C-352428_TSD	2.013	0.0166216897647641	-0.00208060839132227
RLG_AinsBYU209_Ava_chr6C-353954_TSD	2.003	0.0189129152414244	0.000475592017015615
RLG_AinsBYU209_Ava_chr6C-353966_TSD	2.365	0.0191393727604433	0.000427992275711515
RLG_AinsBYU209_Ava_chr6C-354306_TSD	2.924	0.0190640779539012	-0.000362556566943898
RLG_AinsBYU209_Ava_chr6C-355656_TSD	2.571	0.0194264724773596	0.000259769710267234
RLG_AinsBYU209_Ava_chr6C-356263_TSD	3.246	0.0178050922679684	0.000482175115420133
RLG_AinsBYU209_Ava_chr6C-358439_TSD	1.765	0.0199989712349487	-0.00136121611785556
RLG_AinsBYU209_Ava_chr6C-363964_TSD	2.314	0.0195473391644426	-0.000575047404021114
RLG_AinsBYU209_Ava_chr6C-365162_TSD	2.161	0.019790194892822	-0.000193616916232492
RLG_AinsBYU209_Ava_chr6C-365429_TSD	1.079	0.0207495034133717	-0.00189641787728929
RLG_AinsBYU209_Ava_chr6C-376802_TSD	1.334	0.0206739824556535	-0.00238263356686948
RLG_AinsBYU209_Ava_chr6C-376925_TSD	2.355	0.0190752336792762	0.000195517371190395
RLG_AinsBYU209_Ava_chr6C-384170_TSD	1.755	0.0206267796958311	-0.00230013876282928
RLG_AinsBYU209_Ava_chr6C-423973_TSD	1.252	0.0204045496213882	-0.00259375172004543
RLG_AinsBYU209_Ava_chr6C-483236_TSD	1.553	0.0197552456116022	-0.00182326994338694
RLG_AinsBYU209_Ava_chr6C-483922_TSD	1.652	0.0207994815134895	-0.00277974123954811
RLG_AinsBYU209_Ava_chr6C-506220_TSD	1.768	0.0198279266489743	-0.000261924029584143
RLG_AinsBYU209_Ava_chr6D-008721_TSD	1.929	0.0195468876146279	-0.00101860806391193
RLG_AinsBYU209_Ava_chr7C-108367_TSD	2.755	0.016813663044775	0.000252337015699451
RLG_AinsBYU209_Ava_chr7C-143237_TSD	1.382	0.0164834378532807	-0.00263370006673374
RLG_AinsBYU209_Ava_chr7C-159768_TSD	1.528	0.020756377293509	-0.00185245150487433
RLG_AinsBYU209_Ava_chr7C-252031_TSD	3.234	0.0187795482885296	0.000118169369987757
RLG_AinsBYU209_Ava_chr7C-277417_TSD	2.626	0.0186625305894047	-0.000536391164536878
RLG_AinsBYU209_Ava_chr7C-277562_TSD	1.669	0.019732130282845	-0.000664779761867536
RLG_AinsBYU209_Ava_chr7C-277592_TSD	2.628	0.019655585161951	-0.000970680004130599
RLG_AinsBYU209_Ava_chr7C-280239_TSD	1.63	0.0204730516831483	-0.00187225664768103
RLG_AinsBYU209_Ava_chr7C-281623_TSD	2.74	0.0189916386854676	7.90887767767473e-05
RLG_AinsBYU209_Ava_chr7C-287177_TSD	3.03	0.01824377377441	0.000246558950120709
RLG_AinsBYU209_Ava_chr7C-287342_TSD	2.28	0.0195324823143651	-0.000282729617893242
RLG_AinsBYU209_Ava_chr7C-287458_TSD	2.679	0.0192000172813935	-0.00018823645218236
RLG_AinsBYU209_Ava_chr7C-287647_TSD	1.836	0.0163774023376735	-0.00316432442810665
RLG_AinsBYU209_Ava_chr7C-288802_TSD	1.991	0.0193535832737119	-0.000726050684721082
RLG_AinsBYU209_Ava_chr7C-288945_TSD	1.659	0.0205352735182532	-0.00222287552774089
RLG_AinsBYU209_Ava_chr7C-288967_TSD	2.358	0.0186208880328539	0.000251950997242208
RLG_AinsBYU209_Ava_chr7C-289353_TSD	2.385	0.0189923768244971	-0.000597697746908595
RLG_AinsBYU209_Ava_chr7C-289644_TSD	2.811	0.0191317546439724	-0.000544098068654334
RLG_AinsBYU209_Ava_chr7C-290176_TSD	2.107	0.0162613919711703	-0.00361242131513376
RLG_AinsBYU209_Ava_chr7C-290400_TSD	1.806	0.018800806580815	-0.00115632043092584
RLG_AinsBYU209_Ava_chr7C-290413_TSD	2.406	0.0196369718381194	-0.00116107968340357
RLG_AinsBYU209_Ava_chr7C-290516_TSD	2.236	0.0195918972133843	-0.00101384852530385
RLG_AinsBYU209_Ava_chr7C-292615_TSD	1.691	0.0207161445305356	-0.00208532520528907
RLG_AinsBYU209_Ava_chr7C-292749_TSD	2.125	0.020870196829772	-0.00209792411175057
RLG_AinsBYU209_Ava_chr7C-292787_TSD	1.52	0.0208405294161618	-0.00266980364263936
RLG_AinsBYU209_Ava_chr7C-294536_TSD	3.502	0.018158403460647	-0.000452366818030779
RLG_AinsBYU209_Ava_chr7C-297635_TSD	1.945	0.0207214953334976	-0.00245538676696637
RLG_AinsBYU209_Ava_chr7C-298630_TSD	1.578	0.0200242733872949	-0.00248601748227772
RLG_AinsBYU209_Ava_chr7C-298681_TSD	2.011	0.0205628515915325	-0.00302512114116439
RLG_AinsBYU209_Ava_chr7C-298874_TSD	1.68	0.0205764538191117	-0.00240397285429761
RLG_AinsBYU209_Ava_chr7C-299249_TSD	1.765	0.0204810611872236	-0.00247379197630418
RLG_AinsBYU209_Ava_chr7C-299562_TSD	1.732	0.0202318658680088	-0.00240666073193547
RLG_AinsBYU209_Ava_chr7C-301098_TSD	2.528	0.0189982515471489	-0.000903562654527039
RLG_AinsBYU209_Ava_chr7C-301245_TSD	2.162	0.0206972639863113	-0.00220626557689957
RLG_AinsBYU209_Ava_chr7C-301701_TSD	2.164	0.0196752833990682	-7.82303726109561e-05
RLG_AinsBYU209_Ava_chr7C-302099_TSD	1.933	0.0192791723590721	-0.000754201713395789
RLG_AinsBYU209_Ava_chr7C-302317_TSD	1.542	0.0206757531293093	-0.00260754710360395
RLG_AinsBYU209_Ava_chr7C-303313_TSD	1.451	0.0208157243922429	-0.00258155366310617
RLG_AinsBYU209_Ava_chr7C-303577_TSD	1.075	0.0207400674727824	-0.00294987001945679
RLG_AinsBYU209_Ava_chr7C-303723_TSD	1.646	0.0207960750818282	-0.0029146848209487
RLG_AinsBYU209_Ava_chr7C-303771_TSD	2.911	0.0191377539848474	-0.000420135108269166
RLG_AinsBYU209_Ava_chr7C-303813_TSD	2.246	0.0195693091168266	-0.00119181755182259
RLG_AinsBYU209_Ava_chr7C-303976_TSD	1.984	0.0193158605460071	-0.000191677350661941
RLG_AinsBYU209_Ava_chr7C-304249_TSD	1.362	0.0207022648855434	-0.00206843499310189
RLG_AinsBYU209_Ava_chr7C-304422_TSD	2.186	0.0193648594441635	-0.000669467864008169
RLG_AinsBYU209_Ava_chr7C-304555_TSD	2.43	0.0189320042585691	-0.000895129094323645
RLG_AinsBYU209_Ava_chr7C-304649_TSD	1.796	0.0195455350303203	-0.00114647402439638
RLG_AinsBYU209_Ava_chr7C-304881_TSD	2.245	0.0195883510546872	-0.00020876960257012
RLG_AinsBYU209_Ava_chr7C-305088_TSD	1.849	0.0196596339773017	-0.000977199987038753
RLG_AinsBYU209_Ava_chr7C-305472_TSD	1.41	0.0207734690795442	-0.00244397529509901
RLG_AinsBYU209_Ava_chr7C-305767_TSD	2.069	0.0204291809781463	-0.001490459237315
RLG_AinsBYU209_Ava_chr7C-305796_TSD	2.002	0.0196944406852692	-0.000714918906175755
RLG_AinsBYU209_Ava_chr7C-306100_TSD	2.569	0.019412168279316	0.000157270598126968
RLG_AinsBYU209_Ava_chr7C-306247_TSD	2.256	0.0189502703868769	-0.000769492016844379
RLG_AinsBYU209_Ava_chr7C-306406_TSD	1.602	0.0192167056946209	-0.000165847499996589
RLG_AinsBYU209_Ava_chr7C-306476_TSD	2.421	0.0196827642465859	-0.000656608913006195
RLG_AinsBYU209_Ava_chr7C-306505_TSD	1.754	0.0195208574518185	-0.00022973831983476
RLG_AinsBYU209_Ava_chr7C-306638_TSD	1.762	0.0198025069277256	-0.000602617319664845
RLG_AinsBYU209_Ava_chr7C-306903_TSD	2.621	0.0162896848984576	-0.00298324084537106
RLG_AinsBYU209_Ava_chr7C-307331_TSD	2.187	0.0196889899523575	-0.000567741374717483
RLG_AinsBYU209_Ava_chr7C-307812_TSD	1.862	0.0192811377410179	-0.000127479394834002
RLG_AinsBYU209_Ava_chr7C-307978_TSD	2.036	0.0198423462553772	-0.00024552195949853
RLG_AinsBYU209_Ava_chr7C-308348_TSD	2.488	0.0169457200966401	-0.00373359573679369
RLG_AinsBYU209_Ava_chr7C-325989_TSD	1.282	0.0209425406751593	-0.002467581288949
RLG_AinsBYU209_Ava_chr7C-329601_TSD	2.378	0.0191707181681207	-0.000658039400519132
RLG_AinsBYU209_Ava_chr7C-370959_TSD	3.371	0.0185275746457509	-0.00045504730812493
RLG_AinsBYU209_Ava_chr7C-380074_TSD	1.541	0.0208241535317706	-0.002378082769752
RLG_AinsBYU209_Ava_chr7C-399113_TSD	1.921	0.0197017993301067	-0.000366169787220359
RLG_AinsBYU209_Ava_chr7C-433639_TSD	2.028	0.0197363136610021	-0.000633166019088221
RLG_AinsBYU209_Ava_chr7C-458849_TSD	1.315	0.0209671084123307	-0.00262045940175482
RLG_AinsBYU209_Ava_chr7C-471716_TSD	2.073	0.0205456732938233	-0.00286588992360766
RLG_AsatOT3098_Ava_chr1A-475739_TSD	1.797	0.0197228720621207	-0.000543405639335394
RLG_AsatOT3098_Ava_chr1A-533169_TSD	1.184	0.0206976580014647	-0.00262499357806243
RLG_AsatOT3098_Ava_chr1C-164745_TSD	3.706	0.0189918673513551	0.00057245191340901
RLG_AsatOT3098_Ava_chr1C-217141_TSD	2.324	0.0186365645098407	5.5241468735558e-05
RLG_AsatOT3098_Ava_chr1C-223127_TSD	3.261	0.0186112631272649	-0.000135970559245703
RLG_AsatOT3098_Ava_chr1C-223634_TSD	2.599	0.0203382584015707	-0.00224260530874519
RLG_AsatOT3098_Ava_chr1C-223688_TSD	2.877	0.0194835672515284	-8.13650905015703e-05
RLG_AsatOT3098_Ava_chr1C-223834_TSD	3.185	0.0182547931497769	2.27345460184467e-05
RLG_AsatOT3098_Ava_chr1C-224112_TSD	2.725	0.019756596032594	-0.000330719382314396
RLG_AsatOT3098_Ava_chr1C-225014_TSD	2.574	0.0188362522864468	-0.000225279204149512
RLG_AsatOT3098_Ava_chr1C-225536_TSD	2.234	0.0188681967137208	0.000343331348112624
RLG_AsatOT3098_Ava_chr1C-228744_TSD	2.074	0.0195112482973079	0.000513170550209274
RLG_AsatOT3098_Ava_chr1C-228911_TSD	1.592	0.0199427974739295	-9.64418436053458e-05
RLG_AsatOT3098_Ava_chr1C-229162_TSD	2.327	0.0195892867364108	-0.000190697526222458
RLG_AsatOT3098_Ava_chr1C-229533_TSD	2.883	0.0194842399283966	0.000138093789902715
RLG_AsatOT3098_Ava_chr1C-229849_TSD	2.039	0.0199036606467955	4.57638636494074e-05
RLG_AsatOT3098_Ava_chr1C-231773_TSD	2.544	0.0155474786876813	-0.00343201416799818
RLG_AsatOT3098_Ava_chr1C-231857_TSD	3.658	0.0197074524421988	-0.000320620388580686
RLG_AsatOT3098_Ava_chr1C-232161_TSD	1.919	0.0196994751645255	-0.000701422161395097
RLG_AsatOT3098_Ava_chr1C-232190_TSD	2.902	0.0163296902465522	-0.00338823670508705
RLG_AsatOT3098_Ava_chr1C-232272_TSD	2.21	0.0186866811473302	-0.00113229293781355
RLG_AsatOT3098_Ava_chr1C-232365_TSD	3.067	0.0195341223571456	-0.000617210198968857
RLG_AsatOT3098_Ava_chr1C-232542_TSD	3.016	0.0191131132097521	0.000130465448494688
RLG_AsatOT3098_Ava_chr1C-233363_TSD	3.629	0.018507907019588	-0.000675465181165888
RLG_AsatOT3098_Ava_chr1C-233735_TSD	2.313	0.0201734262739854	-0.00201115246486108
RLG_AsatOT3098_Ava_chr1C-233782_TSD	2.846	0.0186986229597619	-0.000220925705454204
RLG_AsatOT3098_Ava_chr1C-233948_TSD	2.451	0.0194628275492718	0.000158772847232674
RLG_AsatOT3098_Ava_chr1C-234319_TSD	3.709	0.0168412764884128	0.00128308738123168
RLG_AsatOT3098_Ava_chr1C-234826_TSD	2.43	0.0194107471369665	-0.00013996176386243
RLG_AsatOT3098_Ava_chr1C-235244_TSD	2.252	0.0195607648463528	-0.000420675560402082
RLG_AsatOT3098_Ava_chr1C-235432_TSD	3.751	0.0191785406957617	-0.000349594449843946
RLG_AsatOT3098_Ava_chr1C-235925_TSD	2.089	0.0203332813452008	-0.00202500347661127
RLG_AsatOT3098_Ava_chr1C-236078_TSD	3.436	0.018432857548645	0.000813751052657704
RLG_AsatOT3098_Ava_chr1C-236768_TSD	1.569	0.0206279244892134	-0.00258235069467061
RLG_AsatOT3098_Ava_chr1C-237340_TSD	2.247	0.0189481602704034	-0.000424858679708084
RLG_AsatOT3098_Ava_chr1C-237378_TSD	2.187	0.0190713678104784	-0.000191975205596729
RLG_AsatOT3098_Ava_chr1C-237824_TSD	2.984	0.0183903206276394	-0.000884989501632222
RLG_AsatOT3098_Ava_chr1C-238037_TSD	2.773	0.0186113113870111	-0.000344531794491692
RLG_AsatOT3098_Ava_chr1C-238208_TSD	2.329	0.0193223519860737	-5.98693876510169e-05
RLG_AsatOT3098_Ava_chr1C-238711_TSD	3.092	0.0194570663602789	1.67879155952181e-05
RLG_AsatOT3098_Ava_chr1C-238813_TSD	1.999	0.0195617188445277	0.000455496336570325
RLG_AsatOT3098_Ava_chr1C-238998_TSD	2.041	0.0198356801315482	-0.00111299779654122
RLG_AsatOT3098_Ava_chr1C-239027_TSD	2.174	0.0196502780271986	-0.000443012200630815
RLG_AsatOT3098_Ava_chr1C-239040_TSD	2.978	0.0189645452090539	-0.000930883982353658
RLG_AsatOT3098_Ava_chr1C-239054_TSD	2.32	0.0189722653810515	-0.00065694825086129
RLG_AsatOT3098_Ava_chr1C-239258_TSD	1.92	0.0195847293483554	-0.000459675280313329
RLG_AsatOT3098_Ava_chr1C-240006_TSD	2.914	0.019839467585323	-0.000290615880835359
RLG_AsatOT3098_Ava_chr1C-240301_TSD	1.531	0.0206522738976256	-0.00223339486262705
RLG_AsatOT3098_Ava_chr1C-240494_TSD	2.867	0.0184900250416489	-0.000733190221925166
RLG_AsatOT3098_Ava_chr1C-241128_TSD	2.435	0.0192299935553224	7.8989224437099e-05
RLG_AsatOT3098_Ava_chr1C-244524_TSD	2.484	0.0199478523468035	-0.000521418020261525
RLG_AsatOT3098_Ava_chr1C-258676_TSD	2.695	0.0191258876430833	6.69499477087856e-05
RLG_AsatOT3098_Ava_chr1C-261848_TSD	1.742	0.0202618206181707	-0.00271694860850238
RLG_AsatOT3098_Ava_chr1C-262067_TSD	2.642	0.0192288959220121	-0.000332439817625234
RLG_AsatOT3098_Ava_chr1C-262087_TSD	1.953	0.020346347521035	-0.00243156096467562
RLG_AsatOT3098_Ava_chr1C-262452_TSD	1.248	0.0205455730176589	-0.00250045074881505
RLG_AsatOT3098_Ava_chr1C-263128_TSD	1.489	0.0205227339219841	-0.00275118135132633
RLG_AsatOT3098_Ava_chr1C-264426_TSD	1.379	0.0207068693061981	-0.00238797908717891
RLG_AsatOT3098_Ava_chr1C-264715_TSD	1.786	0.020883611394716	-0.00252817085511937
RLG_AsatOT3098_Ava_chr1C-265956_TSD	1.913	0.0206085710949834	-0.00263570679626348
RLG_AsatOT3098_Ava_chr1C-267188_TSD	1.091	0.0206630349746856	-0.00217008289439961
RLG_AsatOT3098_Ava_chr1C-269748_TSD	1.725	0.0206664325766432	-0.00223282072295961
RLG_AsatOT3098_Ava_chr1C-270699_TSD	2.327	0.0184040505582801	0.000227053494829621
RLG_AsatOT3098_Ava_chr1C-270787_TSD	1.269	0.0202368086579521	-0.00258386453616325
RLG_AsatOT3098_Ava_chr1C-270918_TSD	1.606	0.0195867492184666	-0.00108417761139018
RLG_AsatOT3098_Ava_chr1C-271311_TSD	2.171	0.0198342381850354	-0.000707360517864056
RLG_AsatOT3098_Ava_chr1C-271401_TSD	1.954	0.0193832730338212	-4.35340620952741e-05
RLG_AsatOT3098_Ava_chr1C-271460_TSD	1.377	0.0207016698571093	-0.00245359439903644
RLG_AsatOT3098_Ava_chr1C-271738_TSD	2.605	0.0170953022381009	0.000908348048572789
RLG_AsatOT3098_Ava_chr1C-271863_TSD	1.653	0.016398021647004	-0.00310650003474287
RLG_AsatOT3098_Ava_chr1C-272057_TSD	3.09	0.0153583377156376	-0.00205328517755357
RLG_AsatOT3098_Ava_chr1C-272130_TSD	1.594	0.0210909174657008	-0.00275318176193985
RLG_AsatOT3098_Ava_chr1C-272204_TSD	1.909	0.0204863469223145	-0.0025833016016178
RLG_AsatOT3098_Ava_chr1C-272316_TSD	1.909	0.0204931036086859	-0.0020287984987845
RLG_AsatOT3098_Ava_chr1C-272331_TSD	2.623	0.0202633546979903	-0.00208885145309907
RLG_AsatOT3098_Ava_chr1C-272789_TSD	2.506	0.0192487418795645	-0.000142598672168833
RLG_AsatOT3098_Ava_chr1C-272949_TSD	1.266	0.0208265383626576	-0.0024821715064046
RLG_AsatOT3098_Ava_chr1C-273318_TSD	1.421	0.0206962253672734	-0.00245398434515389
RLG_AsatOT3098_Ava_chr1C-273771_TSD	1.594	0.0207462706293367	-0.00225043328452345
RLG_AsatOT3098_Ava_chr1C-273937_TSD	1.781	0.0207228204512478	-0.00181901662283153
RLG_AsatOT3098_Ava_chr1C-274014_TSD	1.758	0.020999713805007	-0.00281667812067556
RLG_AsatOT3098_Ava_chr1C-274321_TSD	1.459	0.0207397493566986	-0.00303158888935451
RLG_AsatOT3098_Ava_chr1C-274388_TSD	1.661	0.0206262648253313	-0.00241693964151771
RLG_AsatOT3098_Ava_chr1C-274538_TSD	1.418	0.0210274517828494	-0.00226718791564571
RLG_AsatOT3098_Ava_chr1C-274581_TSD	1.639	0.0205387965722611	-0.00233807577768228
RLG_AsatOT3098_Ava_chr1C-274688_TSD	1.604	0.0207921212739605	-0.00279413257039656
RLG_AsatOT3098_Ava_chr1C-274708_TSD	2.771	0.0182721082070844	-0.000695634309546173
RLG_AsatOT3098_Ava_chr1C-275821_TSD	1.341	0.0207184823223791	-0.00261471726853888
RLG_AsatOT3098_Ava_chr1C-275917_TSD	1.34	0.0205176394210702	-0.00276302555386327
RLG_AsatOT3098_Ava_chr1C-276433_TSD	1.216	0.0207079612444524	-0.00259703953433153
RLG_AsatOT3098_Ava_chr1C-276528_TSD	1.34	0.0205153321642897	-0.00278488804372331
RLG_AsatOT3098_Ava_chr1C-277065_TSD	1.03	0.02069427590026	-0.00237026680537975
RLG_AsatOT3098_Ava_chr1C-277577_TSD	1.646	0.0204757099644022	-0.00223217215882269
RLG_AsatOT3098_Ava_chr1C-278095_TSD	1.254	0.0207500323328734	-0.00239837686204868
RLG_AsatOT3098_Ava_chr1C-278402_TSD	1.096	0.020684812799267	-0.00235352918242959
RLG_AsatOT3098_Ava_chr1C-278766_TSD	1.868	0.0206905825745426	-0.00219754070497498
RLG_AsatOT3098_Ava_chr1C-289457_TSD	1.215	0.020719085874338	-0.00261672792378658
RLG_AsatOT3098_Ava_chr1C-289970_TSD	1.699	0.0205941071079326	-0.00241764580725806
RLG_AsatOT3098_Ava_chr1C-290383_TSD	1.503	0.0204507089121732	-0.00247344387480243
RLG_AsatOT3098_Ava_chr1C-292185_TSD	1.996	0.0201798090421104	-0.0029637961966284
RLG_AsatOT3098_Ava_chr1C-292296_TSD	2.707	0.0204103308483146	-0.0028565776567223
RLG_AsatOT3098_Ava_chr1C-293738_TSD	1.631	0.0207097636210324	-0.00298117547922489
RLG_AsatOT3098_Ava_chr1C-294525_TSD	1.825	0.020586466688458	-0.00295878907394836
RLG_AsatOT3098_Ava_chr1C-296255_TSD	1.256	0.0207082665391486	-0.00263274041701513
RLG_AsatOT3098_Ava_chr1C-296632_TSD	1.552	0.020469682437513	-0.00271191511801128
RLG_AsatOT3098_Ava_chr1C-301108_TSD	1.737	0.020284864659938	-0.00211639990222122
RLG_AsatOT3098_Ava_chr1C-308928_TSD	1.524	0.0205982098942526	-0.00278806560382451
RLG_AsatOT3098_Ava_chr1C-326562_TSD	1.493	0.0204542115169817	-0.00228377787252546
RLG_AsatOT3098_Ava_chr1C-347530_TSD	2.665	0.0194011104804109	-0.000471684667107233
RLG_AsatOT3098_Ava_chr1C-369833_TSD	1.117	0.0209518530214685	-0.00261031122959612
RLG_AsatOT3098_Ava_chr1C-375182_TSD	2.09	0.0197596797714923	-0.000353994678786023
RLG_AsatOT3098_Ava_chr1C-423626_TSD	0.671	0.0209897598261429	-0.00283678120357061
RLG_AsatOT3098_Ava_chr1C-426485_TSD	2.42	0.0194411586761566	-0.000494713821556867
RLG_AsatOT3098_Ava_chr1C-441671_TSD	1.363	0.0205639098411195	-0.00265073230426292
RLG_AsatOT3098_Ava_chr1C-449036_TSD	3.631	0.0146661851310472	0.00239411565441241
RLG_AsatOT3098_Ava_chr2C-117435_TSD	1.948	0.0200835535324859	-0.000443028181052128
RLG_AsatOT3098_Ava_chr2C-146311_TSD	2.14	0.0206743121945738	-0.00245324120196292
RLG_AsatOT3098_Ava_chr2C-149583_TSD	1.624	0.0205553844758891	-0.00246899205395813
RLG_AsatOT3098_Ava_chr2C-189446_TSD	3.101	0.0180957451307667	0.000613799133858071
RLG_AsatOT3098_Ava_chr2C-189987_TSD	3.755	0.018679241270474	-0.00205295090984502
RLG_AsatOT3098_Ava_chr2C-204018_TSD	3.064	0.0175566167873018	0.000632578669252473
RLG_AsatOT3098_Ava_chr2C-206647_TSD	2.868	0.0183758746490915	0.000965536914995545
RLG_AsatOT3098_Ava_chr2C-206655_TSD	3.028	0.01858075310465	0.000413141603220132
RLG_AsatOT3098_Ava_chr2C-207075_TSD	3.304	0.0181303134647586	0.000627909439315242
RLG_AsatOT3098_Ava_chr2C-207130_TSD	2.438	0.0194068798022381	-0.000227788851538591
RLG_AsatOT3098_Ava_chr2C-207345_TSD	2.965	0.0188078032781875	-0.000657878250969022
RLG_AsatOT3098_Ava_chr2C-208323_TSD	2.797	0.0155861868012789	-0.00128931632873482
RLG_AsatOT3098_Ava_chr2C-208415_TSD	3	0.0183851711260907	0.000180911892457056
RLG_AsatOT3098_Ava_chr2C-209067_TSD	1.911	0.0184112500982521	0.00106922352332957
RLG_AsatOT3098_Ava_chr2C-209169_TSD	2.41	0.0184746971075218	0.000115872768105483
RLG_AsatOT3098_Ava_chr2C-209908_TSD	3.388	0.0175392393145655	0.00100101344363789
RLG_AsatOT3098_Ava_chr2C-210491_TSD	3.437	0.0169254998902886	-0.000210156621412009
RLG_AsatOT3098_Ava_chr2C-213031_TSD	3.09	0.0184038077889258	0.00014749693279068
RLG_AsatOT3098_Ava_chr2C-214110_TSD	3.628	0.0173583282476625	0.00136241743883188
RLG_AsatOT3098_Ava_chr2C-215801_TSD	1.383	0.0196828204926142	-0.000219118611602616
RLG_AsatOT3098_Ava_chr2C-222196_TSD	2.954	0.0184207191735544	0.000789542351294962
RLG_AsatOT3098_Ava_chr2C-222366_TSD	2.462	0.0193224491204689	-0.000834271794852964
RLG_AsatOT3098_Ava_chr2C-223225_TSD	2.44	0.018447197927857	0.00162893817015495
RLG_AsatOT3098_Ava_chr2C-226054_TSD	3.188	0.0184437675945124	8.35637134418153e-05
RLG_AsatOT3098_Ava_chr2C-226094_TSD	2.394	0.0197187520767581	0.000575851254998004
RLG_AsatOT3098_Ava_chr2C-226813_TSD	1.992	0.0194899140563758	2.28320166618436e-05
RLG_AsatOT3098_Ava_chr2C-226903_TSD	1.993	0.0203931168880176	-0.00220826559203286
RLG_AsatOT3098_Ava_chr2C-226961_TSD	2.152	0.0194040546456393	-0.00109473417958593
RLG_AsatOT3098_Ava_chr2C-227047_TSD	1.395	0.0199727225335197	-0.000203595897674755
RLG_AsatOT3098_Ava_chr2C-227279_TSD	2.646	0.0196087362956899	-0.000103573252995181
RLG_AsatOT3098_Ava_chr2C-228253_TSD	2.684	0.0189308069252723	9.09840488552755e-05
RLG_AsatOT3098_Ava_chr2C-228346_TSD	1.523	0.0171377291684514	-0.00227173225690258
RLG_AsatOT3098_Ava_chr2C-228734_TSD	2.863	0.0197218889665148	-0.000609102535032453
RLG_AsatOT3098_Ava_chr2C-228749_TSD	2.643	0.0197136426274778	-0.000798719080744099
RLG_AsatOT3098_Ava_chr2C-228975_TSD	2.169	0.0198572755400908	-0.000480260144017005
RLG_AsatOT3098_Ava_chr2C-229066_TSD	2.976	0.0198983571144395	-7.79436191964231e-05
RLG_AsatOT3098_Ava_chr2C-229155_TSD	3.138	0.0188927346244192	-0.000460349079591882
RLG_AsatOT3098_Ava_chr2C-229528_TSD	1.91	0.0188849509380317	-0.000673220553348876
RLG_AsatOT3098_Ava_chr2C-229546_TSD	2.429	0.0190827977597251	-0.000315393691534245
RLG_AsatOT3098_Ava_chr2C-229732_TSD	2.324	0.0197480834784491	-5.48288765951153e-06
RLG_AsatOT3098_Ava_chr2C-229762_TSD	1.921	0.0190512577463063	-0.000725506231910616
RLG_AsatOT3098_Ava_chr2C-229809_TSD	2.194	0.0193497285725297	-0.00103496221313695
RLG_AsatOT3098_Ava_chr2C-230438_TSD	2.2	0.0193912983544245	-0.00115638738344892
RLG_AsatOT3098_Ava_chr2C-230940_TSD	2.237	0.0194068708528451	-0.00035063942992139
RLG_AsatOT3098_Ava_chr2C-231149_TSD	2.508	0.0163097920082654	-0.002443034960552
RLG_AsatOT3098_Ava_chr2C-231159_TSD	2.001	0.0195858100119902	-0.000136426645036199
RLG_AsatOT3098_Ava_chr2C-231196_TSD	1.916	0.020412000884356	-0.00236953245274439
RLG_AsatOT3098_Ava_chr2C-231644_TSD	2.53	0.0161129836683582	0.000758474890533654
RLG_AsatOT3098_Ava_chr2C-232347_TSD	3.056	0.0191172978956392	0.000682560377772
RLG_AsatOT3098_Ava_chr2C-232381_TSD	2.606	0.0197164531194357	-0.00034353518712682
RLG_AsatOT3098_Ava_chr2C-232615_TSD	2.172	0.0189675092261514	-0.000772357313900381
RLG_AsatOT3098_Ava_chr2C-232884_TSD	2.223	0.0193449614655846	-0.000411914265670416
RLG_AsatOT3098_Ava_chr2C-233028_TSD	2.329	0.0194273110725279	-0.00100657886110834
RLG_AsatOT3098_Ava_chr2C-233086_TSD	2.467	0.0198175071189136	-0.000585142552291044
RLG_AsatOT3098_Ava_chr2C-233130_TSD	2.056	0.0194904090850995	-0.00120558558523165
RLG_AsatOT3098_Ava_chr2C-233311_TSD	2.459	0.0197567824374079	-0.000665300165513931
RLG_AsatOT3098_Ava_chr2C-233353_TSD	1.93	0.019713958027456	-0.0012366027766102
RLG_AsatOT3098_Ava_chr2C-233449_TSD	1.908	0.0163520724895386	-0.00200078404864212
RLG_AsatOT3098_Ava_chr2C-233590_TSD	1.975	0.0158414979114468	-0.00254672419708707
RLG_AsatOT3098_Ava_chr2C-233674_TSD	2.25	0.0199142223015767	-0.00104425359251929
RLG_AsatOT3098_Ava_chr2C-234168_TSD	1.279	0.020069621924501	-0.000296511732559101
RLG_AsatOT3098_Ava_chr2C-234302_TSD	2.865	0.019071668662423	-0.000609205559074554
RLG_AsatOT3098_Ava_chr2C-234380_TSD	2.489	0.0198353489230628	-0.00130187813205277
RLG_AsatOT3098_Ava_chr2C-234714_TSD	3.081	0.01987973086753	-0.000716378223584996
RLG_AsatOT3098_Ava_chr2C-234725_TSD	2.289	0.0192277072215839	-0.000695614638034901
RLG_AsatOT3098_Ava_chr2C-234851_TSD	1.674	0.019751454890172	-0.000451285614132396
RLG_AsatOT3098_Ava_chr2C-235436_TSD	2.242	0.019432749286705	-0.000657463976906767
RLG_AsatOT3098_Ava_chr2C-235696_TSD	2.012	0.0197025540464343	-0.000733223596634528
RLG_AsatOT3098_Ava_chr2C-236495_TSD	1.999	0.0197963623370297	-0.000810797933914512
RLG_AsatOT3098_Ava_chr2C-237112_TSD	1.621	0.0205196465401562	-0.00225606811514582
RLG_AsatOT3098_Ava_chr2C-238773_TSD	2.824	0.0185680704262059	-0.00108935198059396
RLG_AsatOT3098_Ava_chr2C-241141_TSD	1.073	0.0208592510036408	-0.00266518644805196
RLG_AsatOT3098_Ava_chr2C-242657_TSD	1.182	0.0208248663327293	-0.00232866139985031
RLG_AsatOT3098_Ava_chr2C-245017_TSD	1.794	0.0204284825297966	-0.00236937223321866
RLG_AsatOT3098_Ava_chr2C-245291_TSD	3.442	0.0165283282217671	9.80353857019913e-05
RLG_AsatOT3098_Ava_chr2C-246658_TSD	1.817	0.0205284583865935	-0.00240553082831571
RLG_AsatOT3098_Ava_chr2C-247521_TSD	0.948	0.0206697648262143	-0.00302316745225754
RLG_AsatOT3098_Ava_chr2C-248609_TSD	2.651	0.0197097695924226	-0.000615428083808718
RLG_AsatOT3098_Ava_chr2C-248707_TSD	1.198	0.0207442269382673	-0.00288466047109711
RLG_AsatOT3098_Ava_chr2C-249301_TSD	2.402	0.0197862782624431	-0.000810486023497675
RLG_AsatOT3098_Ava_chr2C-249391_TSD	1.331	0.0207549637124912	-0.00278737028053522
RLG_AsatOT3098_Ava_chr2C-250019_TSD	1.797	0.0206124201578628	-0.0017235001338719
RLG_AsatOT3098_Ava_chr2C-253095_TSD	1.89	0.019391108941247	-0.00110792352282716
RLG_AsatOT3098_Ava_chr2C-253179_TSD	2.322	0.0162684882455256	-0.00308146234057296
RLG_AsatOT3098_Ava_chr2C-254100_TSD	0.87	0.0192635046306825	9.79648844670017e-05
RLG_AsatOT3098_Ava_chr2C-254139_TSD	2.125	0.0203542007030321	-0.00178003019692104
RLG_AsatOT3098_Ava_chr2C-255197_TSD	1.572	0.0205102676049103	-0.00239244481944473
RLG_AsatOT3098_Ava_chr2C-255921_TSD	1.592	0.0207422499965929	-0.00196939307495618
RLG_AsatOT3098_Ava_chr2C-256283_TSD	2.281	0.0206612040860733	-0.00198562062758449
RLG_AsatOT3098_Ava_chr2C-257816_TSD	1.988	0.0201673375494356	-0.00202655156615802
RLG_AsatOT3098_Ava_chr2C-258045_TSD	2.199	0.0198380330298085	-0.000396331799141698
RLG_AsatOT3098_Ava_chr2C-258868_TSD	1.306	0.0200036287018563	-0.00179960940480549
RLG_AsatOT3098_Ava_chr2C-260198_TSD	2.344	0.0198500312702564	-0.000614791978919345
RLG_AsatOT3098_Ava_chr2C-260383_TSD	2.622	0.0195543697994102	-0.000635391968857075
RLG_AsatOT3098_Ava_chr2C-324561_TSD	3.206	0.0192355556685628	-0.000905128520520305
RLG_AsatOT3098_Ava_chr2C-403780_TSD	1.924	0.0200351332713849	-0.000950307747880377
RLG_AsatOT3098_Ava_chr2C-429588_TSD	2.006	0.0192613111548194	-0.000741460352091454
RLG_AsatOT3098_Ava_chr2C-429595_TSD	2.13	0.0192885070657483	1.58521230910139e-05
RLG_AsatOT3098_Ava_chr2C-489581_TSD	1.845	0.0196897929345755	-0.00059832702762486
RLG_AsatOT3098_Ava_chr2C-569720_TSD	1.904	0.0206383542561519	-0.0018133879112438
RLG_AsatOT3098_Ava_chr2D-010138_TSD	1.895	0.0196971456939617	-0.000972248407403832
RLG_AsatOT3098_Ava_chr3C-001033_TSD	1.393	0.0189265926553574	-0.0004087662000991
RLG_AsatOT3098_Ava_chr3C-001486_TSD	2.287	0.0198015934642554	-6.48588267048616e-05
RLG_AsatOT3098_Ava_chr3C-015352_TSD	1.45	0.0192542085107603	-0.000127235266200086
RLG_AsatOT3098_Ava_chr3C-029695_TSD	1.173	0.0207256479575828	-0.00201028634030434
RLG_AsatOT3098_Ava_chr3C-031142_TSD	2.591	0.019371162051289	0.000373262546229843
RLG_AsatOT3098_Ava_chr3C-103964_TSD	1.639	0.0198893411072994	-0.000609602441747875
RLG_AsatOT3098_Ava_chr3C-122448_TSD	2.991	0.0180382501692158	0.000775893185616391
RLG_AsatOT3098_Ava_chr3C-124100_TSD	0.932	0.0197251162799808	-0.000818392291061199
RLG_AsatOT3098_Ava_chr3C-126825_TSD	3.183	0.018085382308506	0.000577806155805722
RLG_AsatOT3098_Ava_chr3C-131527_TSD	1.833	0.0194539712280829	-0.000236852436043554
RLG_AsatOT3098_Ava_chr3C-219165_TSD	1.36	0.020690528328004	-0.00229204068594998
RLG_AsatOT3098_Ava_chr3C-219235_TSD	1.403	0.0208361678460671	-0.00244214270016147
RLG_AsatOT3098_Ava_chr3C-223549_TSD	2.845	0.018852308977777	0.000314855444094098
RLG_AsatOT3098_Ava_chr3C-230641_TSD	2.233	0.0184074361788616	-5.51075525618335e-05
RLG_AsatOT3098_Ava_chr3C-236491_TSD	2.322	0.0194256081743356	-0.000117069871381018
RLG_AsatOT3098_Ava_chr3C-237602_TSD	3.252	0.0183933515227784	0.000199272378205162
RLG_AsatOT3098_Ava_chr3C-238154_TSD	1.465	0.0209167854683855	-0.00247433535573081
RLG_AsatOT3098_Ava_chr3C-238777_TSD	2.923	0.0183783719911564	0.000600780242473294
RLG_AsatOT3098_Ava_chr3C-239144_TSD	2.923	0.0183576546236535	0.000606999288192214
RLG_AsatOT3098_Ava_chr3C-239714_TSD	1.401	0.0208410044811406	-0.00266675363005695
RLG_AsatOT3098_Ava_chr3C-239844_TSD	2.459	0.0192357841556038	-0.000759433038401208
RLG_AsatOT3098_Ava_chr3C-240182_TSD	1.115	0.0206315308999618	-0.0027162186569255
RLG_AsatOT3098_Ava_chr3C-240271_TSD	2.572	0.0182462826241208	0.000150774034698656
RLG_AsatOT3098_Ava_chr3C-240345_TSD	1.587	0.0200051337621528	-0.000483394214317902
RLG_AsatOT3098_Ava_chr3C-240411_TSD	1.373	0.0198759862518599	-0.000540673827404424
RLG_AsatOT3098_Ava_chr3C-242336_TSD	1.669	0.0163616285073889	-0.00263813706475388
RLG_AsatOT3098_Ava_chr3C-242573_TSD	2.578	0.0197440522576518	-0.000188576288655686
RLG_AsatOT3098_Ava_chr3C-242703_TSD	3.277	0.018183434040384	3.55297564894454e-05
RLG_AsatOT3098_Ava_chr3C-242926_TSD	2.113	0.0193121684438552	-0.000368228009730258
RLG_AsatOT3098_Ava_chr3C-243023_TSD	2.079	0.0202345824530256	-0.00199478974606332
RLG_AsatOT3098_Ava_chr3C-243063_TSD	3.688	0.0195578875056349	0.00017445054507798
RLG_AsatOT3098_Ava_chr3C-243132_TSD	2.565	0.0197799263305782	-0.000828034342682338
RLG_AsatOT3098_Ava_chr3C-244114_TSD	1.86	0.0190225145582876	-0.000128871329738391
RLG_AsatOT3098_Ava_chr3C-244327_TSD	2.053	0.0197066998297341	-0.000537726425473039
RLG_AsatOT3098_Ava_chr3C-244476_TSD	2.477	0.0194334628254335	-0.000889687020381065
RLG_AsatOT3098_Ava_chr3C-244567_TSD	2.767	0.0195839514746038	-0.000470861995766975
RLG_AsatOT3098_Ava_chr3C-244644_TSD	2.303	0.01951636538754	-0.000531024945068427
RLG_AsatOT3098_Ava_chr3C-244672_TSD	1.933	0.0196912811578541	-0.000152606388862999
RLG_AsatOT3098_Ava_chr3C-245067_TSD	2.797	0.0165330815675722	-0.00254996564740274
RLG_AsatOT3098_Ava_chr3C-245531_TSD	1.954	0.0199291045032473	0.000184704102662333
RLG_AsatOT3098_Ava_chr3C-245944_TSD	2.876	0.0192672518597567	0.000132501013217153
RLG_AsatOT3098_Ava_chr3C-248489_TSD	2.213	0.0163131702628368	-0.00191170506262488
RLG_AsatOT3098_Ava_chr3C-248505_TSD	3.548	0.0194205645598774	-0.000450713838685549
RLG_AsatOT3098_Ava_chr3C-296038_TSD	3.513	0.0180826287648853	0.000554143202648677
RLG_AsatOT3098_Ava_chr3C-297443_TSD	2.744	0.0184103513965753	0.000498747961351486
RLG_AsatOT3098_Ava_chr3C-300316_TSD	3.753	0.0178820899937066	0.000376078685242686
RLG_AsatOT3098_Ava_chr3C-303535_TSD	3.049	0.018316154326709	-0.000147951522593951
RLG_AsatOT3098_Ava_chr3C-306076_TSD	2.402	0.0191557969033277	6.93180911128185e-05
RLG_AsatOT3098_Ava_chr3C-319844_TSD	2.58	0.0167053460706882	0.00050782147844002
RLG_AsatOT3098_Ava_chr3C-322716_TSD	3.056	0.0181206108095744	0.000451974715696009
RLG_AsatOT3098_Ava_chr3C-322974_TSD	1.906	0.019985478774916	-0.000742218818144103
RLG_AsatOT3098_Ava_chr3C-335429_TSD	2.732	0.0182821447531158	5.9244396978733e-05
RLG_AsatOT3098_Ava_chr3C-338199_TSD	2.413	0.0195008510073443	-0.000646402963995125
RLG_AsatOT3098_Ava_chr3C-348862_TSD	2.152	0.0186722132561283	2.65171795524469e-05
RLG_AsatOT3098_Ava_chr3C-349877_TSD	3.759	0.0179606450546744	0.000774475438767364
RLG_AsatOT3098_Ava_chr3C-350444_TSD	3.796	0.0184572998950194	-0.00093256116313926
RLG_AsatOT3098_Ava_chr3C-350572_TSD	3.011	0.0177223989121667	0.000532055229649041
RLG_AsatOT3098_Ava_chr3C-354324_TSD	3.613	0.0181929698552129	0.000384086935098995
RLG_AsatOT3098_Ava_chr3C-355210_TSD	3.338	0.017837905619017	0.000122254445197333
RLG_AsatOT3098_Ava_chr3C-446027_TSD	3.304	0.0159324683944271	-0.00234187810232316
RLG_AsatOT3098_Ava_chr3C-486936_TSD	1.022	0.020031139979087	-0.0001942327933416
RLG_AsatOT3098_Ava_chr3C-511132_TSD	1.225	0.0199074733543194	-0.000376972417628178
RLG_AsatOT3098_Ava_chr3C-514024_TSD	1.318	0.0208558297404257	-0.00238801105190265
RLG_AsatOT3098_Ava_chr3C-594445_TSD	2.924	0.0166203940162681	-0.000236705501347264
RLG_AsatOT3098_Ava_chr3C-632587_TSD	2.817	0.0171858348154105	0.000116320047987888
RLG_AsatOT3098_Ava_chr3D-430162_TSD	2.041	0.0198008080083347	-0.000456570600290113
RLG_AsatOT3098_Ava_chr4C-351294_TSD	2.478	0.0193231994146052	0.00021598035352358
RLG_AsatOT3098_Ava_chr4C-353900_TSD	2.973	0.0193278209480437	-0.0002379651548013
RLG_AsatOT3098_Ava_chr4C-355833_TSD	2.657	0.0194150624135656	0.000581955584206329
RLG_AsatOT3098_Ava_chr4C-358930_TSD	2.069	0.0194423800304807	-0.000471904415007709
RLG_AsatOT3098_Ava_chr4C-360560_TSD	1.969	0.0192970273787109	0.000273917733476148
RLG_AsatOT3098_Ava_chr4C-362188_TSD	1.883	0.0195031807091023	-0.000632347899777622
RLG_AsatOT3098_Ava_chr4C-362374_TSD	2.171	0.0190068957192655	0.000447259076955422
RLG_AsatOT3098_Ava_chr4C-362547_TSD	2.383	0.0194445352502576	-0.000234161236292198
RLG_AsatOT3098_Ava_chr4C-363234_TSD	2.823	0.0193399030011656	-0.000423998935833445
RLG_AsatOT3098_Ava_chr4C-363393_TSD	1.979	0.0160553545303006	-0.00360986886243016
RLG_AsatOT3098_Ava_chr4C-363439_TSD	2.116	0.018533708903708	0.000290473551843476
RLG_AsatOT3098_Ava_chr4C-363495_TSD	1.355	0.0197334614916824	-0.000525797421953541
RLG_AsatOT3098_Ava_chr4C-363678_TSD	2.393	0.0206602601846147	-0.00235609347514247
RLG_AsatOT3098_Ava_chr4C-364292_TSD	2.294	0.019503284010941	-0.000650721018898319
RLG_AsatOT3098_Ava_chr4C-364347_TSD	2.214	0.0201248170946971	-0.00145128673242015
RLG_AsatOT3098_Ava_chr4C-364835_TSD	2.261	0.0199221521200773	-0.000452447256032052
RLG_AsatOT3098_Ava_chr4C-365390_TSD	1.781	0.0200783176624257	-0.00179005432795998
RLG_AsatOT3098_Ava_chr4C-365696_TSD	1.457	0.0203961282574494	-0.00261546703836027
RLG_AsatOT3098_Ava_chr4C-365710_TSD	2.737	0.0200006285173111	-0.000339733137543666
RLG_AsatOT3098_Ava_chr4C-365827_TSD	1.194	0.0204832522931072	-0.00277296376984199
RLG_AsatOT3098_Ava_chr4C-365841_TSD	2.58	0.0197951189353014	-0.000477017931971114
RLG_AsatOT3098_Ava_chr4C-366073_TSD	1.521	0.0206800414362392	-0.0022620255525737
RLG_AsatOT3098_Ava_chr4C-366222_TSD	2.398	0.0195802653271272	-0.000694471165603332
RLG_AsatOT3098_Ava_chr4C-366278_TSD	2.091	0.0197408743814467	-0.000180063916842742
RLG_AsatOT3098_Ava_chr4C-366367_TSD	1.706	0.0194330975687675	-0.000707577465413808
RLG_AsatOT3098_Ava_chr4C-366512_TSD	2.051	0.0198680993590794	-0.000567597874454673
RLG_AsatOT3098_Ava_chr4C-366711_TSD	1.848	0.0197689846638173	-0.000110142985975279
RLG_AsatOT3098_Ava_chr4C-367276_TSD	2.759	0.0191999868294155	-0.000652672451208228
RLG_AsatOT3098_Ava_chr4C-367322_TSD	1.712	0.020639894127251	-0.00233398986467762
RLG_AsatOT3098_Ava_chr4C-367552_TSD	1.117	0.020570683274674	-0.00260192928089739
RLG_AsatOT3098_Ava_chr4C-368370_TSD	2.645	0.0163804279292888	-0.00336016620158324
RLG_AsatOT3098_Ava_chr4C-368450_TSD	1.79	0.0195685282381765	-0.000142846172286909
RLG_AsatOT3098_Ava_chr4C-368569_TSD	1.303	0.0140984743311494	-0.00146237458523875
RLG_AsatOT3098_Ava_chr4C-368950_TSD	1.535	0.020720634078546	-0.00235796040874442
RLG_AsatOT3098_Ava_chr4C-369218_TSD	1.408	0.0193010452792812	-0.000515741408890598
RLG_AsatOT3098_Ava_chr4C-369530_TSD	1.305	0.0205891445101213	-0.00240217807328925
RLG_AsatOT3098_Ava_chr4C-369556_TSD	1.294	0.0206079664243257	-0.00240485948311343
RLG_AsatOT3098_Ava_chr4C-369814_TSD	2.35	0.0190169613231462	-0.000538469715889841
RLG_AsatOT3098_Ava_chr4C-369843_TSD	1.665	0.0203356391071443	-0.00161211541880725
RLG_AsatOT3098_Ava_chr4C-370018_TSD	1.216	0.0206816201218347	-0.00215829667853877
RLG_AsatOT3098_Ava_chr4C-370349_TSD	1.659	0.0208035349947076	-0.00238695301703543
RLG_AsatOT3098_Ava_chr4C-370477_TSD	1.684	0.0205384258405547	-0.00231643767437921
RLG_AsatOT3098_Ava_chr4C-370569_TSD	1.729	0.0205209110675214	-0.00176155837358476
RLG_AsatOT3098_Ava_chr4C-370703_TSD	1.669	0.0197457977060465	-0.00231678765069257
RLG_AsatOT3098_Ava_chr4C-370965_TSD	1.898	0.0203690859938721	-0.00233376713800228
RLG_AsatOT3098_Ava_chr4C-371010_TSD	1.016	0.0208470098789671	-0.00247720904996151
RLG_AsatOT3098_Ava_chr4C-371468_TSD	2.871	0.01656049512476	-0.00223521776977622
RLG_AsatOT3098_Ava_chr4C-372472_TSD	2.643	0.0194165557220456	-0.00060352115555537
RLG_AsatOT3098_Ava_chr4C-372551_TSD	1.381	0.0206544407816094	-0.00248354490935077
RLG_AsatOT3098_Ava_chr4C-372908_TSD	1.611	0.02077527785571	-0.00246582252882137
RLG_AsatOT3098_Ava_chr4C-372988_TSD	2.029	0.0163202440663074	-0.00309654669163153
RLG_AsatOT3098_Ava_chr4C-374199_TSD	1.418	0.0207864125120538	-0.00163067264348449
RLG_AsatOT3098_Ava_chr4C-376428_TSD	1.336	0.0204615704818534	-0.0024436593184486
RLG_AsatOT3098_Ava_chr4C-378844_TSD	1.063	0.0206096494839263	-0.00265937509909716
RLG_AsatOT3098_Ava_chr4C-385545_TSD	2.132	0.0193437848452698	6.58926977211045e-05
RLG_AsatOT3098_Ava_chr4C-458872_TSD	2.758	0.0189600653202907	0.000233226314192853
RLG_AsatOT3098_Ava_chr4C-473875_TSD	2.921	0.0183718054800403	-0.000254980771137189
RLG_AsatOT3098_Ava_chr4C-579640_TSD	1.89	0.0202249744502183	-0.00114587364001815
RLG_AsatOT3098_Ava_chr4C-660887_TSD	3.494	0.0195426661881095	-8.79840916479381e-05
RLG_AsatOT3098_Ava_chr4D-413198_TSD	1.631	0.0208042667178112	-0.00294572727148266
RLG_AsatOT3098_Ava_chr4D-446805_TSD	1.233	0.019567684371959	-0.000751028691860816
RLG_AsatOT3098_Ava_chr4D-450282_TSD	2.188	0.0195304274000496	-0.000107296213771819
RLG_AsatOT3098_Ava_chr5C-010885_TSD	2.049	0.019760567040124	-1.90514348713534e-06
RLG_AsatOT3098_Ava_chr5C-057001_TSD	1.961	0.0192977293361634	0.00027141386623637
RLG_AsatOT3098_Ava_chr5C-098436_TSD	1.317	0.0199035449805697	-0.000469793691778125
RLG_AsatOT3098_Ava_chr5C-105444_TSD	3.294	0.0141629341487929	0.00250849922003813
RLG_AsatOT3098_Ava_chr5C-193517_TSD	3.161	0.0187946404315593	-0.00035602985447246
RLG_AsatOT3098_Ava_chr5C-195876_TSD	2.245	0.0195616625563103	-0.00107019884936352
RLG_AsatOT3098_Ava_chr5C-206711_TSD	2.814	0.0189452627088547	-0.000377630641969857
RLG_AsatOT3098_Ava_chr5C-214160_TSD	3.402	0.0181060435367403	0.000433600761241199
RLG_AsatOT3098_Ava_chr5C-222033_TSD	2.373	0.0202434293947603	-0.00218868191636863
RLG_AsatOT3098_Ava_chr5C-222212_TSD	2.908	0.0202082705552402	-0.00150093748615257
RLG_AsatOT3098_Ava_chr5C-222252_TSD	3.046	0.0202943931851092	-0.001702747436347
RLG_AsatOT3098_Ava_chr5C-222393_TSD	2.434	0.019363374664388	-1.90088630622744e-05
RLG_AsatOT3098_Ava_chr5C-222759_TSD	2.998	0.0197146053869728	4.97754185175851e-05
RLG_AsatOT3098_Ava_chr5C-222833_TSD	1.994	0.0200863111564397	-0.00162789638511061
RLG_AsatOT3098_Ava_chr5C-222952_TSD	2.685	0.0197818418335796	-0.000700965378265133
RLG_AsatOT3098_Ava_chr5C-222986_TSD	3.083	0.0191836266931144	-0.000102582108333768
RLG_AsatOT3098_Ava_chr5C-223120_TSD	3.027	0.0196713077549393	-0.000205580395079814
RLG_AsatOT3098_Ava_chr5C-224430_TSD	1.995	0.0198862505675608	-0.00026107035599306
RLG_AsatOT3098_Ava_chr5C-224440_TSD	2.251	0.0199310374404679	-0.00194436760721425
RLG_AsatOT3098_Ava_chr5C-224519_TSD	1.28	0.019800647214274	-0.000590684974299325
RLG_AsatOT3098_Ava_chr5C-224717_TSD	2.371	0.0199828035444898	-0.00222690379370642
RLG_AsatOT3098_Ava_chr5C-224831_TSD	1.561	0.0197602733195111	0.000162254099779956
RLG_AsatOT3098_Ava_chr5C-224968_TSD	2.313	0.0197859146902563	-0.00108739494129335
RLG_AsatOT3098_Ava_chr5C-225203_TSD	2.549	0.0204529157572655	-0.00254503333895295
RLG_AsatOT3098_Ava_chr5C-225299_TSD	1.963	0.0194053506766005	-0.000883199902951943
RLG_AsatOT3098_Ava_chr5C-225579_TSD	2.048	0.016484765638581	-0.00315024453190796
RLG_AsatOT3098_Ava_chr5C-225590_TSD	1.562	0.019908387953844	-0.000547240196650378
RLG_AsatOT3098_Ava_chr5C-225682_TSD	1.754	0.0200198052421739	-0.00110142883603492
RLG_AsatOT3098_Ava_chr5C-225778_TSD	2.509	0.0190681961780584	-0.000110869244775526
RLG_AsatOT3098_Ava_chr5C-225807_TSD	2.649	0.0193333915370574	-0.000452665678572182
RLG_AsatOT3098_Ava_chr5C-226233_TSD	2.756	0.0186790018517928	-0.000572281394980853
RLG_AsatOT3098_Ava_chr5C-226312_TSD	2.668	0.0163360768950135	-0.00281203879640953
RLG_AsatOT3098_Ava_chr5C-226469_TSD	2.58	0.019178895053311	-5.4941338685517e-05
RLG_AsatOT3098_Ava_chr5C-226679_TSD	2.714	0.0176234849541904	-0.000937821474009959
RLG_AsatOT3098_Ava_chr5C-227470_TSD	3.334	0.0174011119882067	0.000706754236918316
RLG_AsatOT3098_Ava_chr5C-227802_TSD	3.173	0.0161410134588232	-0.00233908135960995
RLG_AsatOT3098_Ava_chr5C-227814_TSD	1.674	0.0164219177515595	-0.0022638000962419
RLG_AsatOT3098_Ava_chr5C-227889_TSD	2.531	0.0197019949476141	-0.00105368807032801
RLG_AsatOT3098_Ava_chr5C-227967_TSD	2.209	0.019334127648091	-0.00049505382976532
RLG_AsatOT3098_Ava_chr5C-228058_TSD	1.939	0.0197792711332644	-0.000497306115802714
RLG_AsatOT3098_Ava_chr5C-228142_TSD	2.107	0.0191352897689396	-0.000666448023671862
RLG_AsatOT3098_Ava_chr5C-228334_TSD	1.542	0.0199584783969089	-0.000211986249596845
RLG_AsatOT3098_Ava_chr5C-228377_TSD	2.301	0.0164379543991313	-0.000187089233148805
RLG_AsatOT3098_Ava_chr5C-228669_TSD	2.652	0.0192209817040009	-0.000640695191293658
RLG_AsatOT3098_Ava_chr5C-228762_TSD	3.396	0.015707394574501	-0.00245053418921672
RLG_AsatOT3098_Ava_chr5C-229052_TSD	2.92	0.0199963812974021	-0.000175335826745556
RLG_AsatOT3098_Ava_chr5C-229315_TSD	2.502	0.0192264084332363	-0.000430920248057769
RLG_AsatOT3098_Ava_chr5C-229363_TSD	3.145	0.0192125458430597	-0.000227617136536896
RLG_AsatOT3098_Ava_chr5C-229471_TSD	2.254	0.019184161021495	-0.000736987072610877
RLG_AsatOT3098_Ava_chr5C-229868_TSD	2.398	0.0193411147341067	-0.000445769891009997
RLG_AsatOT3098_Ava_chr5C-230444_TSD	2.206	0.0193144391528555	-0.000777317077131653
RLG_AsatOT3098_Ava_chr5C-231862_TSD	2.358	0.0194431810467259	-0.000762054577913172
RLG_AsatOT3098_Ava_chr5C-232031_TSD	1.945	0.019103691665853	-0.000859530764651114
RLG_AsatOT3098_Ava_chr5C-232296_TSD	1.791	0.0164908003086396	-0.00247608206017255
RLG_AsatOT3098_Ava_chr5C-232996_TSD	1.982	0.0166543617213233	-0.00249863752905973
RLG_AsatOT3098_Ava_chr5C-233939_TSD	2.401	0.0198597061763424	-0.00160239260024964
RLG_AsatOT3098_Ava_chr5C-234602_TSD	2.42	0.0200079789604664	-0.000808602742286701
RLG_AsatOT3098_Ava_chr5C-234819_TSD	2.364	0.0190779187933835	-0.000779330316547316
RLG_AsatOT3098_Ava_chr5C-234898_TSD	2.129	0.0191521763241612	-0.000590977381408826
RLG_AsatOT3098_Ava_chr5C-234905_TSD	3.406	0.018822880124445	-0.000560474181784446
RLG_AsatOT3098_Ava_chr5C-235206_TSD	1.912	0.0205703199667681	-0.00254414352508036
RLG_AsatOT3098_Ava_chr5C-235559_TSD	1.783	0.0207017814257321	-0.00213035918435377
RLG_AsatOT3098_Ava_chr5C-235624_TSD	2.452	0.0188569334931325	0.000164394147957533
RLG_AsatOT3098_Ava_chr5C-235704_TSD	2.46	0.0195977063992709	-0.000652168004536818
RLG_AsatOT3098_Ava_chr5C-235957_TSD	2.007	0.0194206938778651	-0.000341311989534353
RLG_AsatOT3098_Ava_chr5C-236137_TSD	3.229	0.0189794156891013	-0.00105228524237514
RLG_AsatOT3098_Ava_chr5C-236256_TSD	2.336	0.0192598198482805	-0.00122583374303914
RLG_AsatOT3098_Ava_chr5C-236367_TSD	3.391	0.0196505233023611	-6.93277890053454e-06
RLG_AsatOT3098_Ava_chr5C-236409_TSD	2.223	0.0197622170657484	-0.0020069415621481
RLG_AsatOT3098_Ava_chr5C-236875_TSD	2.66	0.0182187535802683	-0.000248295816366141
RLG_AsatOT3098_Ava_chr5C-237085_TSD	2.656	0.0195626202281548	-0.000298768421041109
RLG_AsatOT3098_Ava_chr5C-237245_TSD	2.098	0.018837326079807	1.48592034148313e-05
RLG_AsatOT3098_Ava_chr5C-237276_TSD	2.33	0.019424264501741	-0.000883401031817135
RLG_AsatOT3098_Ava_chr5C-237482_TSD	2.992	0.0194807937556341	-0.00074289179711996
RLG_AsatOT3098_Ava_chr5C-238000_TSD	2.168	0.01980492311352	-0.000168665979063976
RLG_AsatOT3098_Ava_chr5C-256950_TSD	1.575	0.0204677706769082	-0.00211337715066561
RLG_AsatOT3098_Ava_chr5C-257171_TSD	1.825	0.0208862271564081	-0.00246059004100056
RLG_AsatOT3098_Ava_chr5C-257938_TSD	1.294	0.0201662762605644	-0.00171460738366235
RLG_AsatOT3098_Ava_chr5C-258371_TSD	1.071	0.0206876664230289	-0.00246810577971264
RLG_AsatOT3098_Ava_chr5C-258611_TSD	1.039	0.0208184822153809	-0.00237364077069852
RLG_AsatOT3098_Ava_chr5C-258727_TSD	2.276	0.0207543908218332	-0.00249246401344386
RLG_AsatOT3098_Ava_chr5C-258761_TSD	1.383	0.0207317704816963	-0.00269881757364328
RLG_AsatOT3098_Ava_chr5C-258832_TSD	0.928	0.0204343948126994	-0.00245096847940892
RLG_AsatOT3098_Ava_chr5C-259007_TSD	1.324	0.0208158027579024	-0.00232457709504254
RLG_AsatOT3098_Ava_chr5C-259618_TSD	0.935	0.0205424010524037	-0.0026213677825819
RLG_AsatOT3098_Ava_chr5C-260211_TSD	1.736	0.0205339662827026	-0.00235708762995033
RLG_AsatOT3098_Ava_chr5C-260563_TSD	1.4	0.0209621881877397	-0.0026581287791265
RLG_AsatOT3098_Ava_chr5C-262053_TSD	1.59	0.0206253525836257	-0.00276402457794302
RLG_AsatOT3098_Ava_chr5C-264611_TSD	3.315	0.0183950101792974	0.000165437629774751
RLG_AsatOT3098_Ava_chr5C-267110_TSD	3.116	0.0184423195089038	-0.000418217286645998
RLG_AsatOT3098_Ava_chr5C-268626_TSD	2.174	0.0193829927386717	0.000588224581923938
RLG_AsatOT3098_Ava_chr5C-271828_TSD	2.195	0.0191829138201515	0.000203317547933924
RLG_AsatOT3098_Ava_chr5C-272220_TSD	2.011	0.0196758841699016	-0.000923567140293275
RLG_AsatOT3098_Ava_chr5C-272724_TSD	3.146	0.0191515968362411	-0.000776892228461998
RLG_AsatOT3098_Ava_chr5C-273604_TSD	3.329	0.0181245469145694	-0.000868583582356244
RLG_AsatOT3098_Ava_chr5C-276607_TSD	3.559	0.0191492043373233	3.05757999031987e-05
RLG_AsatOT3098_Ava_chr5C-282799_TSD	3.495	0.0184413126373127	-0.000198280479195045
RLG_AsatOT3098_Ava_chr5C-283063_TSD	2.177	0.0187542777415316	0.000580014071956846
RLG_AsatOT3098_Ava_chr5C-283494_TSD	3.305	0.0186868115868539	0.000799614030674032
RLG_AsatOT3098_Ava_chr5C-287693_TSD	3.333	0.0191135756220618	-0.00106448769187442
RLG_AsatOT3098_Ava_chr5C-289844_TSD	2.477	0.0203568272556598	-0.00170360283883579
RLG_AsatOT3098_Ava_chr5C-290647_TSD	3.371	0.0192535719256795	-0.000858489271405614
RLG_AsatOT3098_Ava_chr5C-290669_TSD	3.39	0.0188024009427296	-0.000492703484977854
RLG_AsatOT3098_Ava_chr5C-291363_TSD	2.905	0.0189992873329964	-0.000744808778663526
RLG_AsatOT3098_Ava_chr5C-292836_TSD	3.449	0.0189856768698679	-0.000904611007653429
RLG_AsatOT3098_Ava_chr5C-293880_TSD	2.78	0.0183399913373442	0.000452823832760215
RLG_AsatOT3098_Ava_chr5C-294665_TSD	3.526	0.0189105830557022	-0.000453353373022339
RLG_AsatOT3098_Ava_chr5C-296488_TSD	3.6	0.0178925627600405	0.000346712198994482
RLG_AsatOT3098_Ava_chr5C-296554_TSD	3.299	0.018555642118832	0.000910172318953274
RLG_AsatOT3098_Ava_chr5C-304950_TSD	1.439	0.0200343503483021	-0.000191816270392064
RLG_AsatOT3098_Ava_chr5C-334521_TSD	3.375	0.0189214848908728	-0.000410517400417707
RLG_AsatOT3098_Ava_chr5C-488733_TSD	0.964	0.0205594852585916	-0.00188291360815343
RLG_AsatOT3098_Ava_chr5C-491493_TSD	1.855	0.0198535045095415	-0.000147490976907435
RLG_AsatOT3098_Ava_chr5C-492251_TSD	1.646	0.0198330455536883	-0.000309950690252879
RLG_AsatOT3098_Ava_chr5C-514872_TSD	1.133	0.0210472570535215	-0.00234818242294053
RLG_AsatOT3098_Ava_chr5C-525845_TSD	2.235	0.0199846541984743	-0.00143655509891498
RLG_AsatOT3098_Ava_chr5C-531992_TSD	1.911	0.0206020804418006	-0.00249649121363256
RLG_AsatOT3098_Ava_chr5C-597115_TSD	1.206	0.020647493889421	-0.00228404797501058
RLG_AsatOT3098_Ava_chr6C-007320_TSD	1.639	0.0211377194460575	-0.00252151360294022
RLG_AsatOT3098_Ava_chr6C-030415_TSD	1.007	0.0207486731218195	-0.00277233442662172
RLG_AsatOT3098_Ava_chr6C-042860_TSD	1.206	0.0199231230979409	-0.000383202676877497
RLG_AsatOT3098_Ava_chr6C-117699_TSD	1.266	0.0204910253040158	-0.00243113006889191
RLG_AsatOT3098_Ava_chr6C-134923_TSD	3.076	0.018855992368789	-0.000117602541311807
RLG_AsatOT3098_Ava_chr6C-158120_TSD	2.939	0.0190796000003099	-0.00017482594714398
RLG_AsatOT3098_Ava_chr6C-238969_TSD	1.809	0.0198203184389439	-0.000944979511476898
RLG_AsatOT3098_Ava_chr6C-267677_TSD	1.447	0.0209142863505496	-0.00243697072329067
RLG_AsatOT3098_Ava_chr6C-269491_TSD	2.035	0.0204955147388983	-0.00255250264292627
RLG_AsatOT3098_Ava_chr6C-324396_TSD	2.432	0.0190521631758645	0.000156782424851937
RLG_AsatOT3098_Ava_chr6C-333955_TSD	3.603	0.0155703988513233	0.00153442348307173
RLG_AsatOT3098_Ava_chr6C-373540_TSD	1.934	0.0193438177941836	-0.000498642926828959
RLG_AsatOT3098_Ava_chr6C-374542_TSD	2.169	0.0190333440551742	-1.27160904818018e-05
RLG_AsatOT3098_Ava_chr6C-374552_TSD	2.931	0.0187241001605927	-0.000436284254035085
RLG_AsatOT3098_Ava_chr6C-374731_TSD	2.046	0.0199426570320998	-0.000205642364669593
RLG_AsatOT3098_Ava_chr6C-375014_TSD	2.96	0.0164933903443503	-0.00342904400827323
RLG_AsatOT3098_Ava_chr6C-375092_TSD	2.248	0.0196003150809367	-0.000880220916247047
RLG_AsatOT3098_Ava_chr6C-375213_TSD	1.964	0.0188692943556166	-0.000104129512430802
RLG_AsatOT3098_Ava_chr6C-375277_TSD	2.424	0.0181814791904362	0.000360030395013409
RLG_AsatOT3098_Ava_chr6C-375617_TSD	2.842	0.0200956375288763	-0.00255094060515437
RLG_AsatOT3098_Ava_chr6C-375702_TSD	2.555	0.0189948100394936	-0.000163102381158592
RLG_AsatOT3098_Ava_chr6C-375780_TSD	2.103	0.0197762038520272	-0.000188433093753464
RLG_AsatOT3098_Ava_chr6C-376511_TSD	1.808	0.0197561205153307	0.000130267825225175
RLG_AsatOT3098_Ava_chr6C-376802_TSD	2.895	0.0191364599443843	0.000887642121895089
RLG_AsatOT3098_Ava_chr6C-377206_TSD	2.57	0.0202438549020421	-0.00221476463248837
RLG_AsatOT3098_Ava_chr6C-377371_TSD	2.525	0.0193751245518641	-0.000431251378779721
RLG_AsatOT3098_Ava_chr6C-377489_TSD	2.995	0.0184063477774292	-0.000566803512394052
RLG_AsatOT3098_Ava_chr6C-377513_TSD	2.741	0.0196898969221958	-5.39342334683312e-06
RLG_AsatOT3098_Ava_chr6C-377814_TSD	2.515	0.0189207147983423	0.000129065040652706
RLG_AsatOT3098_Ava_chr6C-377877_TSD	3.18	0.018983814170489	-0.000256263504571408
RLG_AsatOT3098_Ava_chr6C-378204_TSD	2.953	0.0200293514760347	-0.00221508432794794
RLG_AsatOT3098_Ava_chr6C-380221_TSD	1.646	0.0197749362817263	-0.000709437224849927
RLG_AsatOT3098_Ava_chr6C-385944_TSD	2.791	0.0193400201089636	-0.000799260527037163
RLG_AsatOT3098_Ava_chr6C-389119_TSD	2.151	0.0161670790292889	-0.00306889721597537
RLG_AsatOT3098_Ava_chr6C-391697_TSD	1.277	0.0202722332009534	-0.00212292675325417
RLG_AsatOT3098_Ava_chr6C-392000_TSD	1.618	0.0209118932979096	-0.00267687315052495
RLG_AsatOT3098_Ava_chr6C-393900_TSD	1.498	0.0199552685661763	-8.78399209341395e-05
RLG_AsatOT3098_Ava_chr6C-394435_TSD	1.309	0.0205208293353144	-0.00238080436525456
RLG_AsatOT3098_Ava_chr6C-394919_TSD	1.723	0.0197662851529083	-0.000610736639590793
RLG_AsatOT3098_Ava_chr6C-395059_TSD	1.969	0.0194977919808121	-0.000517776266130417
RLG_AsatOT3098_Ava_chr6C-395192_TSD	2.088	0.0187353866471359	0.000142192720426127
RLG_AsatOT3098_Ava_chr6C-395712_TSD	1.789	0.0194115553540939	-0.000224117729700408
RLG_AsatOT3098_Ava_chr6C-395774_TSD	1.497	0.0206011960684861	-0.00220979924559093
RLG_AsatOT3098_Ava_chr6C-395977_TSD	1.593	0.0196858686114905	-7.97089197980893e-05
RLG_AsatOT3098_Ava_chr6C-397328_TSD	2.054	0.0191188893389584	-0.000548012700189868
RLG_AsatOT3098_Ava_chr6C-398487_TSD	2.026	0.0193204140381553	-0.000756321464239019
RLG_AsatOT3098_Ava_chr6C-398516_TSD	2.2	0.0194564737256518	-0.000570301798716956
RLG_AsatOT3098_Ava_chr6C-400174_TSD	2.273	0.0192491916793839	-0.000466616210447475
RLG_AsatOT3098_Ava_chr6C-400259_TSD	2.353	0.0192874276128816	-0.000442196034453325
RLG_AsatOT3098_Ava_chr6C-400535_TSD	1.905	0.0192998350963378	-0.000288059671937857
RLG_AsatOT3098_Ava_chr6C-402227_TSD	1.96	0.0195718021359329	-0.000943246980786611
RLG_AsatOT3098_Ava_chr6C-402392_TSD	2.02	0.0165889670450564	-0.00255299388194052
RLG_AsatOT3098_Ava_chr6C-403933_TSD	2.368	0.0188845494789477	0.000644792622250105
RLG_AsatOT3098_Ava_chr6C-403955_TSD	2.407	0.0193400887677156	7.53199009340137e-05
RLG_AsatOT3098_Ava_chr6C-404248_TSD	2.752	0.0191792615893173	-0.000278902880737796
RLG_AsatOT3098_Ava_chr6C-405424_TSD	2.651	0.0193743906879007	0.000347309939165525
RLG_AsatOT3098_Ava_chr6C-407575_TSD	1.806	0.0200109478534564	-0.0012851716303678
RLG_AsatOT3098_Ava_chr6C-414221_TSD	2.191	0.0196168804415831	-0.000343167204981586
RLG_AsatOT3098_Ava_chr6C-415717_TSD	1.373	0.020710608870237	-0.00189855166490617
RLG_AsatOT3098_Ava_chr6C-418599_TSD	2.167	0.0201775571306086	-0.00183824509063703
RLG_AsatOT3098_Ava_chr6C-418640_TSD	3.392	0.0201234147531446	-0.00184658201909667
RLG_AsatOT3098_Ava_chr6C-436777_TSD	1.881	0.0205655542284068	-0.00195188285950717
RLG_AsatOT3098_Ava_chr6C-444693_TSD	2.516	0.0189425037712628	0.000267340458081523
RLG_AsatOT3098_Ava_chr6C-444874_TSD	1.474	0.0206788131317061	-0.00212714258446118
RLG_AsatOT3098_Ava_chr6C-482330_TSD	1.453	0.0203159613248355	-0.00248788142282232
RLG_AsatOT3098_Ava_chr6C-546013_TSD	1.543	0.0199556402335377	-0.00258595931977961
RLG_AsatOT3098_Ava_chr6C-546812_TSD	1.402	0.0207000804120486	-0.0028535605167647
RLG_AsatOT3098_Ava_chr6C-575970_TSD	1.617	0.0198728757447875	-0.000597360547713066
RLG_AsatOT3098_Ava_chr7C-004397_TSD	1.762	0.0200426268549996	-0.000390584070494936
RLG_AsatOT3098_Ava_chr7C-090484_TSD	2.327	0.0190350387457444	-0.00110058459891725
RLG_AsatOT3098_Ava_chr7C-094072_TSD	3.09	0.0146418317133819	0.00162927479831592
RLG_AsatOT3098_Ava_chr7C-116175_TSD	2.798	0.0168260963153799	8.34310498627284e-05
RLG_AsatOT3098_Ava_chr7C-155639_TSD	1.54	0.0163735910002463	-0.00277500547437299
RLG_AsatOT3098_Ava_chr7C-174098_TSD	1.28	0.0206034944469848	-0.00199541006897128
RLG_AsatOT3098_Ava_chr7C-262106_TSD	1.804	0.0205320108632937	-0.00211624557881807
RLG_AsatOT3098_Ava_chr7C-270660_TSD	3.821	0.01641159019267	0.0005715398728543
RLG_AsatOT3098_Ava_chr7C-281433_TSD	3.234	0.018837858013684	0.00013960662344567
RLG_AsatOT3098_Ava_chr7C-316801_TSD	2.497	0.0186212905554795	-0.000411042656910155
RLG_AsatOT3098_Ava_chr7C-316946_TSD	1.916	0.0198023922239008	-0.000621281203279582
RLG_AsatOT3098_Ava_chr7C-316971_TSD	2.672	0.0196289211515949	-0.0009210590196941
RLG_AsatOT3098_Ava_chr7C-317173_TSD	2.183	0.0194602895886073	-0.000511299238506734
RLG_AsatOT3098_Ava_chr7C-322649_TSD	2.788	0.0188893793866336	0.000213985696313761
RLG_AsatOT3098_Ava_chr7C-327166_TSD	3.223	0.0182544445316996	0.000372995854370058
RLG_AsatOT3098_Ava_chr7C-327321_TSD	2.408	0.0193506022256612	-0.000255785756494359
RLG_AsatOT3098_Ava_chr7C-327480_TSD	2.717	0.0192071691168966	-4.35753586115714e-05
RLG_AsatOT3098_Ava_chr7C-327671_TSD	2.077	0.0163984538825154	-0.00307595132937874
RLG_AsatOT3098_Ava_chr7C-328839_TSD	1.858	0.019446142648268	-0.00032092910840664
RLG_AsatOT3098_Ava_chr7C-328847_TSD	1.737	0.0192375040365695	-0.000625975908138216
RLG_AsatOT3098_Ava_chr7C-328988_TSD	1.743	0.020559494063221	-0.00227802295005485
RLG_AsatOT3098_Ava_chr7C-329010_TSD	2.315	0.0186445788405561	0.00031489281163262
RLG_AsatOT3098_Ava_chr7C-329389_TSD	2.131	0.0190780079531726	-0.000502776998032841
RLG_AsatOT3098_Ava_chr7C-329688_TSD	3.025	0.019036492894238	-0.000509542397965942
RLG_AsatOT3098_Ava_chr7C-329825_TSD	2.234	0.0187236918025773	-0.000179344123424187
RLG_AsatOT3098_Ava_chr7C-329851_TSD	2.663	0.0195104514872286	-0.000529288387093417
RLG_AsatOT3098_Ava_chr7C-329901_TSD	2.336	0.0193993215667563	-0.000680457527824417
RLG_AsatOT3098_Ava_chr7C-330164_TSD	2.402	0.019544492565714	-0.0011929516712206
RLG_AsatOT3098_Ava_chr7C-330177_TSD	1.968	0.0187776244002745	-0.00119981524681802
RLG_AsatOT3098_Ava_chr7C-330408_TSD	2.234	0.0164717301124848	-0.00318121137863672
RLG_AsatOT3098_Ava_chr7C-334189_TSD	1.823	0.0207142351765405	-0.00229741161721206
RLG_AsatOT3098_Ava_chr7C-334316_TSD	2.225	0.0208851988187119	-0.00238088665241531
RLG_AsatOT3098_Ava_chr7C-334355_TSD	1.73	0.0207932152015853	-0.00258370108161464
RLG_AsatOT3098_Ava_chr7C-334810_TSD	2.177	0.0209439910298494	-0.00256824345389514
RLG_AsatOT3098_Ava_chr7C-336159_TSD	3.683	0.0182654905299581	-0.000408399155891191
RLG_AsatOT3098_Ava_chr7C-338664_TSD	2.03	0.0207404216125256	-0.00249437816153245
RLG_AsatOT3098_Ava_chr7C-340524_TSD	1.623	0.0207912082265617	-0.00278045575394274
RLG_AsatOT3098_Ava_chr7C-342755_TSD	1.357	0.0205933749005579	-0.00235254111816369
RLG_AsatOT3098_Ava_chr7C-343366_TSD	2	0.0204858291415633	-0.00275181012905281
RLG_AsatOT3098_Ava_chr7C-343554_TSD	1.851	0.0206048243595321	-0.0022549067145262
RLG_AsatOT3098_Ava_chr7C-343951_TSD	1.809	0.0203342908665028	-0.00249477575055384
RLG_AsatOT3098_Ava_chr7C-344341_TSD	1.901	0.0205054405375355	-0.00242062732898439
RLG_AsatOT3098_Ava_chr7C-345940_TSD	2.356	0.0193311208571771	-0.000801593240208129
RLG_AsatOT3098_Ava_chr7C-346079_TSD	1.997	0.0206159432539251	-0.00215763254718188
RLG_AsatOT3098_Ava_chr7C-346541_TSD	2.129	0.0197332286410512	-0.00051269656852898
RLG_AsatOT3098_Ava_chr7C-346772_TSD	2.489	0.0191612684379779	-0.00116680227699357
RLG_AsatOT3098_Ava_chr7C-346831_TSD	2.039	0.0189214029008354	-0.000326931964145315
RLG_AsatOT3098_Ava_chr7C-346932_TSD	1.935	0.0192408083753684	-0.000748254879520495
RLG_AsatOT3098_Ava_chr7C-347161_TSD	1.707	0.0206989813180548	-0.00274188402823291
RLG_AsatOT3098_Ava_chr7C-348452_TSD	0.912	0.0206534833051727	-0.00299250503489561
RLG_AsatOT3098_Ava_chr7C-348585_TSD	1.732	0.0207842397627515	-0.00290766650586455
RLG_AsatOT3098_Ava_chr7C-348633_TSD	2.903	0.019853492505678	-0.000508701634802391
RLG_AsatOT3098_Ava_chr7C-348675_TSD	2.275	0.0194329774501914	-0.0011357647380636
RLG_AsatOT3098_Ava_chr7C-348834_TSD	2.142	0.0192029377730138	0.000100773386474237
RLG_AsatOT3098_Ava_chr7C-349099_TSD	1.581	0.0207001030090932	-0.00229970907334174
RLG_AsatOT3098_Ava_chr7C-349391_TSD	2.679	0.0189416218312413	-0.000914020192074837
RLG_AsatOT3098_Ava_chr7C-349486_TSD	1.755	0.0196084726706524	-0.00131765958140453
RLG_AsatOT3098_Ava_chr7C-349718_TSD	2.242	0.0195698987226652	-0.000427866582552774
RLG_AsatOT3098_Ava_chr7C-350265_TSD	1.569	0.020712781237346	-0.00236882965368673
RLG_AsatOT3098_Ava_chr7C-350550_TSD	1.983	0.0204019911681956	-0.00153417666391581
RLG_AsatOT3098_Ava_chr7C-350579_TSD	2.163	0.0196782948253866	-0.000941002700335975
RLG_AsatOT3098_Ava_chr7C-350899_TSD	2.74	0.0192687818587738	0.00028969723840109
RLG_AsatOT3098_Ava_chr7C-351060_TSD	2.38	0.019641341821194	-0.000834042605370635
RLG_AsatOT3098_Ava_chr7C-351215_TSD	1.689	0.0192092419370977	-0.000177085745816324
RLG_AsatOT3098_Ava_chr7C-351290_TSD	2.297	0.0197010426571972	-0.000688520746430638
RLG_AsatOT3098_Ava_chr7C-351386_TSD	2.501	0.0163158346460396	-0.003003470230319
RLG_AsatOT3098_Ava_chr7C-351631_TSD	1.921	0.0198116479856553	-0.000589193642941354
RLG_AsatOT3098_Ava_chr7C-351758_TSD	1.838	0.0194831390486706	-0.000215847003920664
RLG_AsatOT3098_Ava_chr7C-352253_TSD	2.317	0.0197156071819513	-0.000739753407027192
RLG_AsatOT3098_Ava_chr7C-353022_TSD	1.916	0.0197182558421296	-0.00016194046019791
RLG_AsatOT3098_Ava_chr7C-353395_TSD	2.46	0.0197050344538375	-0.000616515696256078
RLG_AsatOT3098_Ava_chr7C-353841_TSD	2.529	0.0169046329704403	-0.00359913998595092
RLG_AsatOT3098_Ava_chr7C-383380_TSD	2.43	0.0192667724870785	-0.00066798178660329
RLG_AsatOT3098_Ava_chr7C-431858_TSD	3.277	0.0185784607014541	-0.000556127815210036
RLG_AsatOT3098_Ava_chr7C-442056_TSD	1.013	0.0208278406428223	-0.00216990354569976
RLG_AsatOT3098_Ava_chr7C-507787_TSD	1.903	0.0196999968748101	-0.000497022356167372
RLG_AsatOT3098_Ava_chr7C-548655_TSD	2.031	0.0205532187708714	-0.00274970035682666
